vel_EC
7919	0
0.000000	0.000000000e+00
0.005000	9.468245952e-06
0.010001	8.944041504e-06
0.015001	8.065902129e-06
0.020001	7.161551235e-06
0.025001	6.626397048e-06
0.030002	6.557921141e-06
0.035002	6.694805388e-06
0.040002	6.680101280e-06
0.045003	6.431282554e-06
0.050003	6.211012323e-06
0.055003	6.242609139e-06
0.060003	6.384267596e-06
0.065004	6.331433925e-06
0.070004	6.042886363e-06
0.075004	5.836264553e-06
0.080004	6.089081880e-06
0.085005	6.864624575e-06
0.090005	7.802078204e-06
0.095005	8.413128361e-06
0.100006	8.481032090e-06
0.105006	8.083126389e-06
0.110006	7.309888234e-06
0.115006	6.184390362e-06
0.120007	4.851315538e-06
0.125007	3.639296484e-06
0.130007	2.873427059e-06
0.135008	2.668759946e-06
0.140008	2.849391604e-06
0.145008	3.041574017e-06
0.150008	2.948296302e-06
0.155009	2.598231187e-06
0.160009	2.312437490e-06
0.165009	2.398121589e-06
0.170009	2.836836199e-06
0.175010	3.277406556e-06
0.180010	3.368016809e-06
0.185010	3.096658894e-06
0.190011	2.813647039e-06
0.195011	2.930448697e-06
0.200011	3.574076963e-06
0.205011	4.521168020e-06
0.210012	5.422124079e-06
0.215012	5.982253206e-06
0.220012	5.977178442e-06
0.225013	5.351450719e-06
0.230013	4.364355596e-06
0.235013	3.419323123e-06
0.240013	2.705917211e-06
0.245014	2.158292127e-06
0.250014	1.703456569e-06
0.255014	1.422289360e-06
0.260015	1.539039331e-06
0.265015	2.235090027e-06
0.270015	3.352616098e-06
0.275015	4.397557171e-06
0.280016	4.956768669e-06
0.285016	5.017053541e-06
0.290016	4.865469257e-06
0.295016	4.770824365e-06
0.300017	4.766744939e-06
0.305017	4.752519795e-06
0.310017	4.778954953e-06
0.315018	5.067962582e-06
0.320018	5.684012805e-06
0.325018	6.340413236e-06
0.330018	6.634590733e-06
0.335019	6.445893344e-06
0.340019	6.086177938e-06
0.345019	6.044512646e-06
0.350020	6.545937798e-06
0.355020	7.369789403e-06
0.360020	8.125301193e-06
0.365020	8.650700936e-06
0.370021	9.060347783e-06
0.375021	9.448662289e-06
0.380021	9.705792957e-06
0.385021	9.669392071e-06
0.390022	9.326459636e-06
0.395022	8.767920487e-06
0.400022	8.017186975e-06
0.405023	7.023378151e-06
0.410023	5.845890660e-06
0.415023	4.792525037e-06
0.420023	4.285173770e-06
0.425024	4.499001200e-06
0.430024	5.138154538e-06
0.435024	5.611676966e-06
0.440025	5.447648118e-06
0.445025	4.615805695e-06
0.450025	3.534785232e-06
0.455025	2.752939022e-06
0.460026	2.590458101e-06
0.465026	3.046605143e-06
0.470026	3.931487240e-06
0.475027	5.002274998e-06
0.480027	6.005967863e-06
0.485027	6.688551079e-06
0.490027	6.898382215e-06
0.495028	6.748583470e-06
0.500028	6.584298271e-06
0.505028	6.684916959e-06
0.510028	7.033895322e-06
0.515029	7.475337097e-06
0.520029	8.030098257e-06
0.525029	8.841390602e-06
0.530030	9.803405515e-06
0.535030	1.051282502e-05
0.540030	1.071150565e-05
0.545030	1.059713573e-05
0.550031	1.054905172e-05
0.555031	1.065692420e-05
0.560031	1.066852571e-05
0.565032	1.036074579e-05
0.570032	9.814297363e-06
0.575032	9.272786225e-06
0.580032	8.840845825e-06
0.585033	8.428472520e-06
0.590033	7.947916886e-06
0.595033	7.467227823e-06
0.600033	7.161229309e-06
0.605034	7.113638434e-06
0.610034	7.157774378e-06
0.615034	7.020699286e-06
0.620035	6.653585704e-06
0.625035	6.240546341e-06
0.630035	5.912083360e-06
0.635035	5.664890614e-06
0.640036	5.477213312e-06
0.645036	5.353229689e-06
0.650036	5.337034207e-06
0.655037	5.453428387e-06
0.660037	5.547728147e-06
0.665037	5.333770397e-06
0.670037	4.697642711e-06
0.675038	3.850207065e-06
0.680038	3.126733474e-06
0.685038	2.659591131e-06
0.690039	2.280684811e-06
0.695039	1.767169858e-06
0.700039	1.123226102e-06
0.705039	5.689007334e-07
0.710040	3.128273474e-07
0.715040	4.041307432e-07
0.720040	7.946808124e-07
0.725040	1.481024759e-06
0.730041	2.505955090e-06
0.735041	3.781863735e-06
0.740041	4.984851975e-06
0.745042	5.732262543e-06
0.750042	5.857870209e-06
0.755042	5.484692997e-06
0.760042	4.896629750e-06
0.765043	4.352381563e-06
0.770043	3.946862486e-06
0.775043	3.610571151e-06
0.780044	3.212796774e-06
0.785044	2.652163375e-06
0.790044	1.906332069e-06
0.795044	1.040081131e-06
0.800045	1.466778645e-07
0.805045	-7.190903370e-07
0.810045	-1.505779668e-06
0.815045	-2.099754666e-06
0.820046	-2.408320054e-06
0.825046	-2.496710102e-06
0.830046	-2.571325020e-06
0.835047	-2.852757268e-06
0.840047	-3.407899714e-06
0.845047	-3.996067166e-06
0.850047	-4.205263902e-06
0.855048	-3.870210460e-06
0.860048	-3.201082705e-06
0.865048	-2.482884592e-06
0.870049	-1.943248120e-06
0.875049	-1.896807170e-06
0.880049	-2.596341013e-06
0.885049	-3.844561773e-06
0.890050	-5.081684582e-06
0.895050	-5.938349769e-06
0.900050	-6.435900972e-06
0.905051	-6.659296564e-06
0.910051	-6.623623966e-06
0.915051	-6.517796897e-06
0.920051	-6.670047653e-06
0.925052	-7.148416352e-06
0.930052	-7.676052891e-06
0.935052	-7.962048954e-06
0.940052	-7.882356006e-06
0.945053	-7.393363283e-06
0.950053	-6.519808342e-06
0.955053	-5.454022845e-06
0.960054	-4.541493866e-06
0.965054	-4.098673792e-06
0.970054	-4.176397968e-06
0.975054	-4.466108908e-06
0.980055	-4.513145694e-06
0.985055	-4.075905896e-06
0.990055	-3.286429373e-06
0.995056	-2.525571340e-06
1.000056	-2.165820819e-06
1.005056	-2.326498610e-06
1.010056	-2.765543592e-06
1.015057	-3.053726077e-06
1.020057	-2.953780970e-06
1.025057	-2.590169188e-06
1.030057	-2.215142085e-06
1.035058	-1.945830327e-06
1.040058	-1.821456718e-06
1.045058	-1.964180188e-06
1.050059	-2.479105401e-06
1.055059	-3.222969216e-06
1.060059	-3.850985549e-06
1.065059	-4.172261393e-06
1.070060	-4.370077525e-06
1.075060	-4.732044008e-06
1.080060	-5.193327127e-06
1.085061	-5.353758087e-06
1.090061	-5.022703191e-06
1.095061	-4.567874962e-06
1.100061	-4.570889406e-06
1.105062	-5.208851719e-06
1.110062	-6.082720290e-06
1.115062	-6.612567002e-06
1.120063	-6.513159813e-06
1.125063	-5.924088324e-06
1.130063	-5.210066199e-06
1.135063	-4.669615532e-06
1.140064	-4.395128743e-06
1.145064	-4.367618725e-06
1.150064	-4.550085289e-06
1.155064	-4.819068522e-06
1.160065	-4.938213780e-06
1.165065	-4.690457080e-06
1.170065	-4.033612493e-06
1.175066	-3.186744430e-06
1.180066	-2.572166986e-06
1.185066	-2.544062790e-06
1.190066	-3.113954855e-06
1.195067	-3.963359405e-06
1.200067	-4.668056043e-06
1.205067	-4.948280518e-06
1.210068	-4.904192015e-06
1.215068	-5.025264260e-06
1.220068	-5.759002678e-06
1.225068	-7.010754934e-06
1.230069	-8.200775768e-06
1.235069	-8.797129410e-06
1.240069	-8.632751160e-06
1.245069	-7.773994675e-06
1.250070	-6.357402646e-06
1.255070	-4.604928554e-06
1.260070	-2.806644566e-06
1.265071	-1.244602831e-06
1.270071	-1.904147983e-07
1.275071	1.846090975e-07
1.280071	5.657880618e-08
1.285072	-4.146909763e-08
1.290072	3.364669850e-07
1.295072	1.083477293e-06
1.300073	1.631156899e-06
1.305073	1.602331554e-06
1.310073	1.288454130e-06
1.315073	1.295199786e-06
1.320074	1.830378422e-06
1.325074	2.646097609e-06
1.330074	3.563056781e-06
1.335075	4.652998880e-06
1.340075	5.902916084e-06
1.345075	7.021655545e-06
1.350075	7.710684719e-06
1.355076	7.994223045e-06
1.360076	8.156537153e-06
1.365076	8.398170230e-06
1.370076	8.661128886e-06
1.375077	8.806729774e-06
1.380077	8.871494244e-06
1.385077	9.039447451e-06
1.390078	9.380953508e-06
1.395078	9.715815483e-06
1.400078	9.735673691e-06
1.405078	9.235800341e-06
1.410079	8.255468667e-06
1.415079	7.011617012e-06
1.420079	5.751971026e-06
1.425080	4.691456574e-06
1.430080	3.909209947e-06
1.435080	3.214003699e-06
1.440080	2.356933158e-06
1.445081	1.462969333e-06
1.450081	9.388049172e-07
1.455081	9.025531931e-07
1.460081	1.048312003e-06
1.465082	1.113100692e-06
1.470082	1.168839354e-06
1.475082	1.366123240e-06
1.480083	1.581683689e-06
1.485083	1.477764953e-06
1.490083	9.110070868e-07
1.495083	1.687592682e-07
1.500084	-2.977346417e-07
1.505084	-3.488657666e-07
1.510084	-2.823638031e-07
1.515085	-4.745002447e-07
1.520085	-9.643209565e-07
1.525085	-1.418711046e-06
1.530085	-1.461752245e-06
1.535086	-1.015249166e-06
1.540086	-3.269826294e-07
1.545086	2.812065633e-07
1.550087	6.202629613e-07
1.555087	6.397583889e-07
1.560087	3.520715947e-07
1.565087	-1.941232123e-07
1.570088	-8.706353210e-07
1.575088	-1.452169816e-06
1.580088	-1.724310379e-06
1.585088	-1.640453520e-06
1.590089	-1.337517873e-06
1.595089	-9.891019131e-07
1.600089	-6.898898541e-07
1.605090	-4.839298058e-07
1.610090	-4.394467654e-07
1.615090	-6.397415577e-07
1.620090	-1.069722589e-06
1.625091	-1.541486474e-06
1.630091	-1.821649748e-06
1.635091	-1.854189486e-06
1.640092	-1.813921365e-06
1.645092	-1.951768418e-06
1.650092	-2.381810729e-06
1.655092	-2.924671976e-06
1.660093	-3.187042171e-06
1.665093	-2.956846269e-06
1.670093	-2.497137126e-06
1.675093	-2.308784661e-06
1.680094	-2.633868862e-06
1.685094	-3.274514186e-06
1.690094	-3.858983547e-06
1.695095	-4.216445506e-06
1.700095	-4.453899754e-06
1.705095	-4.680333000e-06
1.710095	-4.762232857e-06
1.715096	-4.431815575e-06
1.720096	-3.602447811e-06
1.725096	-2.525088989e-06
1.730097	-1.611511822e-06
1.735097	-1.106418171e-06
1.740097	-9.461916514e-07
1.745097	-8.995061584e-07
1.750098	-7.783373464e-07
1.755098	-5.172227039e-07
1.760098	-1.470037904e-07
1.765099	2.671995435e-07
1.770099	7.398775542e-07
1.775099	1.373035643e-06
1.780099	2.153324398e-06
1.785100	2.920996492e-06
1.790100	3.692009327e-06
1.795100	4.761404434e-06
1.800100	6.276917863e-06
1.805101	7.908457012e-06
1.810101	9.143861324e-06
1.815101	9.802802175e-06
1.820102	1.010182947e-05
1.825102	1.025671889e-05
1.830102	1.017077654e-05
1.835102	9.586392095e-06
1.840103	8.495762335e-06
1.845103	7.301842046e-06
1.850103	6.486724250e-06
1.855104	6.136671087e-06
1.860104	5.927396698e-06
1.865104	5.614913191e-06
1.870104	5.363801904e-06
1.875105	5.513075347e-06
1.880105	6.195493670e-06
1.885105	7.250282493e-06
1.890105	8.353346672e-06
1.895106	9.195652099e-06
1.900106	9.701498953e-06
1.905106	1.016738711e-05
1.910107	1.101374046e-05
1.915107	1.224834172e-05
1.920107	1.335765816e-05
1.925107	1.384176793e-05
1.930108	1.363099455e-05
1.935108	1.295102009e-05
1.940108	1.208832732e-05
1.945109	1.135159447e-05
1.950109	1.099106048e-05
1.955109	1.099905335e-05
1.960109	1.108276202e-05
1.965110	1.092285640e-05
1.970110	1.039260158e-05
1.975110	9.506243603e-06
1.980111	8.340512194e-06
1.985111	7.123297495e-06
1.990111	6.262468032e-06
1.995111	6.128573320e-06
2.000112	6.785206017e-06
2.005112	7.916611851e-06
2.010112	8.965693482e-06
2.015112	9.424564826e-06
2.020113	9.169450534e-06
2.025113	8.549233610e-06
2.030113	8.063765139e-06
2.035114	7.902413493e-06
2.040114	7.827532841e-06
2.045114	7.563006367e-06
2.050114	7.208216341e-06
2.055115	7.113445053e-06
2.060115	7.412361608e-06
2.065115	7.885312362e-06
2.070116	8.283301832e-06
2.075116	8.602143199e-06
2.080116	8.977248334e-06
2.085116	9.417099940e-06
2.090117	9.755655321e-06
2.095117	9.882009101e-06
2.100117	9.906974657e-06
2.105117	1.002432679e-05
2.110118	1.028270821e-05
2.115118	1.055060731e-05
2.120118	1.065305430e-05
2.125119	1.053336925e-05
2.130119	1.032520587e-05
2.135119	1.025390913e-05
2.140119	1.044355809e-05
2.145120	1.084766341e-05
2.150120	1.137145182e-05
2.155120	1.200415584e-05
2.160121	1.280938150e-05
2.165121	1.384883495e-05
2.170121	1.516762570e-05
2.175121	1.680554964e-05
2.180122	1.871412926e-05
2.185122	2.062046652e-05
2.190122	2.207773482e-05
2.195123	2.277532165e-05
2.200123	2.277779549e-05
2.205123	2.243752194e-05
2.210123	2.216195278e-05
2.215124	2.222265612e-05
2.220124	2.259966846e-05
2.225124	2.296160064e-05
2.230124	2.290856394e-05
2.235125	2.228804929e-05
2.240125	2.120668608e-05
2.245125	1.975434677e-05
2.250126	1.792435824e-05
2.255126	1.591504932e-05
2.260126	1.431830897e-05
2.265126	1.372899463e-05
2.270127	1.415124145e-05
2.275127	1.501136859e-05
2.280127	1.576021435e-05
2.285128	1.623559898e-05
2.290128	1.647898872e-05
2.295128	1.647017104e-05
2.300128	1.609134585e-05
2.305129	1.524965945e-05
2.310129	1.402411438e-05
2.315129	1.265966708e-05
2.320129	1.137564879e-05
2.325130	1.024905706e-05
2.330130	9.264620173e-06
2.335130	8.373652183e-06
2.340131	7.593523956e-06
2.345131	7.118061460e-06
2.350131	7.129953053e-06
2.355131	7.448340688e-06
2.360132	7.638808242e-06
2.365132	7.579109985e-06
2.370132	7.667254847e-06
2.375133	8.305065424e-06
2.380133	9.340401723e-06
2.385133	1.021290391e-05
2.390133	1.056029857e-05
2.395134	1.049119212e-05
2.400134	1.030882936e-05
2.405134	1.019207052e-05
2.410135	1.020404671e-05
2.415135	1.038919200e-05
2.420135	1.071812710e-05
2.425135	1.107483501e-05
2.430136	1.135794155e-05
2.435136	1.150845787e-05
2.440136	1.151978172e-05
2.445136	1.151631233e-05
2.450137	1.172051861e-05
2.455137	1.226675376e-05
2.460137	1.306482267e-05
2.465138	1.385236146e-05
2.470138	1.441490059e-05
2.475138	1.476516957e-05
2.480138	1.505120083e-05
2.485139	1.533987138e-05
2.490139	1.562870791e-05
2.495139	1.602329682e-05
2.500140	1.673105596e-05
2.505140	1.784065318e-05
2.510140	1.912852674e-05
2.515140	2.010667189e-05
2.520141	2.038741935e-05
2.525141	2.006640035e-05
2.530141	1.962242838e-05
2.535141	1.938387637e-05
2.540142	1.926587585e-05
2.545142	1.911922386e-05
2.550142	1.908137560e-05
2.555143	1.935152906e-05
2.560143	1.976982777e-05
2.565143	1.985900358e-05
2.570143	1.928300949e-05
2.575144	1.816693740e-05
2.580144	1.697718908e-05
2.585144	1.616263183e-05
2.590145	1.590419643e-05
2.595145	1.609603946e-05
2.600145	1.648475570e-05
2.605145	1.685607479e-05
2.610146	1.711854408e-05
2.615146	1.721278944e-05
2.620146	1.703959694e-05
2.625147	1.661798643e-05
2.630147	1.626769872e-05
2.635147	1.639884054e-05
2.640147	1.700372750e-05
2.645148	1.752035045e-05
2.650148	1.738768295e-05
2.655148	1.664895655e-05
2.660148	1.581033638e-05
2.665149	1.521088290e-05
2.670149	1.480901530e-05
2.675149	1.453650607e-05
2.680150	1.454253894e-05
2.685150	1.496739478e-05
2.690150	1.563273518e-05
2.695150	1.614004171e-05
2.700151	1.629597716e-05
2.705151	1.629849206e-05
2.710151	1.642819328e-05
2.715152	1.671346349e-05
2.720152	1.702265818e-05
2.725152	1.731843353e-05
2.730152	1.765684499e-05
2.735153	1.803073778e-05
2.740153	1.830900226e-05
2.745153	1.828456429e-05
2.750153	1.782520679e-05
2.755154	1.710467569e-05
2.760154	1.662557212e-05
2.765154	1.684589747e-05
2.770155	1.776880061e-05
2.775155	1.896702088e-05
2.780155	2.002639797e-05
2.785155	2.090796798e-05
2.790156	2.177367838e-05
2.795156	2.254529993e-05
2.800156	2.293540111e-05
2.805157	2.297242904e-05
2.810157	2.315279152e-05
2.815157	2.384481405e-05
2.820157	2.476571993e-05
2.825158	2.530085055e-05
2.830158	2.519465835e-05
2.835158	2.467223969e-05
2.840158	2.400660133e-05
2.845159	2.331091006e-05
2.850159	2.273381594e-05
2.855159	2.252723146e-05
2.860160	2.283112494e-05
2.865160	2.351843593e-05
2.870160	2.425281000e-05
2.875160	2.466537877e-05
2.880161	2.459264576e-05
2.885161	2.424721360e-05
2.890161	2.409929944e-05
2.895162	2.449353640e-05
2.900162	2.534326565e-05
2.905162	2.619230568e-05
2.910162	2.658923707e-05
2.915163	2.647214164e-05
2.920163	2.626285400e-05
2.925163	2.651487980e-05
2.930164	2.735165976e-05
2.935164	2.832235560e-05
2.940164	2.890053432e-05
2.945164	2.899697075e-05
2.950165	2.888694041e-05
2.955165	2.880299973e-05
2.960165	2.876702014e-05
2.965165	2.871944100e-05
2.970166	2.864451089e-05
2.975166	2.862268886e-05
2.980166	2.887762653e-05
2.985167	2.966560567e-05
2.990167	3.097332242e-05
2.995167	3.241897339e-05
3.000167	3.355768598e-05
3.005168	3.420029746e-05
3.010168	3.439980201e-05
3.015168	3.425748616e-05
3.020169	3.385909238e-05
3.025169	3.337101250e-05
3.030169	3.303066246e-05
3.035169	3.290705743e-05
3.040170	3.275556312e-05
3.045170	3.226723889e-05
3.050170	3.141050273e-05
3.055170	3.043001203e-05
3.060171	2.961009716e-05
3.065171	2.911226084e-05
3.070171	2.897391455e-05
3.075172	2.919773048e-05
3.080172	2.976286780e-05
3.085172	3.051644051e-05
3.090172	3.115782393e-05
3.095173	3.141192004e-05
3.100173	3.119847016e-05
3.105173	3.064160089e-05
3.110174	2.995549117e-05
3.115174	2.931109733e-05
3.120174	2.879751914e-05
3.125174	2.848767884e-05
3.130175	2.847081680e-05
3.135175	2.878805262e-05
3.140175	2.938775247e-05
3.145176	3.016352606e-05
3.150176	3.095960927e-05
3.155176	3.154310340e-05
3.160176	3.171168494e-05
3.165177	3.148429533e-05
3.170177	3.114739002e-05
3.175177	3.114345338e-05
3.180177	3.187751307e-05
3.185178	3.343774052e-05
3.190178	3.544230294e-05
3.195178	3.725626221e-05
3.200179	3.837859951e-05
3.205179	3.869142631e-05
3.210179	3.847423332e-05
3.215179	3.816360691e-05
3.220180	3.805959782e-05
3.225180	3.825465883e-05
3.230180	3.869576326e-05
3.235181	3.918824152e-05
3.240181	3.945463340e-05
3.245181	3.937367971e-05
3.250181	3.916781477e-05
3.255182	3.924390096e-05
3.260182	3.981171101e-05
3.265182	4.067877677e-05
3.270182	4.141189369e-05
3.275183	4.169684894e-05
3.280183	4.156615681e-05
3.285183	4.132121418e-05
3.290184	4.126334833e-05
3.295184	4.145649822e-05
3.300184	4.169019181e-05
3.305184	4.170879964e-05
3.310185	4.149730118e-05
3.315185	4.124640766e-05
3.320185	4.107187801e-05
3.325186	4.097904180e-05
3.330186	4.109356449e-05
3.335186	4.165334060e-05
3.340186	4.267491867e-05
3.345187	4.378955486e-05
3.350187	4.447411701e-05
3.355187	4.441342175e-05
3.360188	4.373930081e-05
3.365188	4.296867961e-05
3.370188	4.258979970e-05
3.375188	4.264472111e-05
3.380189	4.273159700e-05
3.385189	4.242618736e-05
3.390189	4.174706437e-05
3.395189	4.117407360e-05
3.400190	4.107891781e-05
3.405190	4.123299501e-05
3.410190	4.111749974e-05
3.415191	4.060405068e-05
3.420191	4.003778105e-05
3.425191	3.973896325e-05
3.430191	3.969990964e-05
3.435192	3.976066371e-05
3.440192	3.986426602e-05
3.445192	4.003072171e-05
3.450193	4.019165500e-05
3.455193	4.021014060e-05
3.460193	4.000206922e-05
3.465193	3.951193831e-05
3.470194	3.871743939e-05
3.475194	3.781046221e-05
3.480194	3.718755917e-05
3.485194	3.711764674e-05
3.490195	3.757214806e-05
3.495195	3.839700596e-05
3.500195	3.941089695e-05
3.505196	4.030978752e-05
3.510196	4.074828369e-05
3.515196	4.065810307e-05
3.520196	4.038425414e-05
3.525197	4.044489846e-05
3.530197	4.114458526e-05
3.535197	4.228791350e-05
3.540198	4.322637316e-05
3.545198	4.335358963e-05
3.550198	4.261375089e-05
3.555198	4.145464427e-05
3.560199	4.036851288e-05
3.565199	3.959428689e-05
3.570199	3.916023965e-05
3.575200	3.905204941e-05
3.580200	3.931541267e-05
3.585200	4.000210551e-05
3.590200	4.101837285e-05
3.595201	4.207316139e-05
3.600201	4.277794965e-05
3.605201	4.283142585e-05
3.610201	4.226417314e-05
3.615202	4.151422904e-05
3.620202	4.108656265e-05
3.625202	4.114095450e-05
3.630203	4.151926996e-05
3.635203	4.204347537e-05
3.640203	4.260477450e-05
3.645203	4.306033615e-05
3.650204	4.327225253e-05
3.655204	4.327719636e-05
3.660204	4.326835936e-05
3.665205	4.335658628e-05
3.670205	4.344360612e-05
3.675205	4.334984078e-05
3.680205	4.295659656e-05
3.685206	4.222950539e-05
3.690206	4.123987707e-05
3.695206	4.015166613e-05
3.700206	3.911080788e-05
3.705207	3.819472131e-05
3.710207	3.743368406e-05
3.715207	3.677340130e-05
3.720208	3.610065906e-05
3.725208	3.540216080e-05
3.730208	3.479731860e-05
3.735208	3.438801595e-05
3.740209	3.423782806e-05
3.745209	3.448981039e-05
3.750209	3.524639462e-05
3.755210	3.625805990e-05
3.760210	3.697152920e-05
3.765210	3.704931374e-05
3.770210	3.672640318e-05
3.775211	3.651320348e-05
3.780211	3.660265642e-05
3.785211	3.671612775e-05
3.790212	3.651366008e-05
3.795212	3.596803082e-05
3.800212	3.530464210e-05
3.805212	3.475984350e-05
3.810213	3.445788536e-05
3.815213	3.438906363e-05
3.820213	3.447912960e-05
3.825213	3.478558842e-05
3.830214	3.554641591e-05
3.835214	3.683723602e-05
3.840214	3.825828749e-05
3.845215	3.919792173e-05
3.850215	3.942761058e-05
3.855215	3.928860070e-05
3.860215	3.925947554e-05
3.865216	3.951439687e-05
3.870216	3.996435304e-05
3.875216	4.044880000e-05
3.880217	4.072735061e-05
3.885217	4.055814294e-05
3.890217	3.996488372e-05
3.895217	3.924384141e-05
3.900218	3.866384915e-05
3.905218	3.834309398e-05
3.910218	3.837924279e-05
3.915218	3.887750228e-05
3.920219	3.975913165e-05
3.925219	4.061712657e-05
3.930219	4.094832082e-05
3.935220	4.061954444e-05
3.940220	3.997152966e-05
3.945220	3.942360664e-05
3.950220	3.914853843e-05
3.955221	3.912861804e-05
3.960221	3.928321229e-05
3.965221	3.950258542e-05
3.970222	3.973909459e-05
3.975222	4.002962929e-05
3.980222	4.027845982e-05
3.985222	4.018044291e-05
3.990223	3.962039124e-05
3.995223	3.901491855e-05
4.000223	3.897559826e-05
4.005224	3.971595846e-05
4.010224	4.093090004e-05
4.015224	4.207364078e-05
4.020224	4.264901448e-05
4.025225	4.248227692e-05
4.030225	4.188163407e-05
4.035225	4.139797224e-05
4.040225	4.129452980e-05
4.045226	4.132914985e-05
4.050226	4.107461359e-05
4.055226	4.034616321e-05
4.060227	3.930808711e-05
4.065227	3.824972642e-05
4.070227	3.732147883e-05
4.075227	3.653373460e-05
4.080228	3.594847249e-05
4.085228	3.567390702e-05
4.090228	3.564770629e-05
4.095229	3.562158621e-05
4.100229	3.537512345e-05
4.105229	3.478180137e-05
4.110229	3.373731739e-05
4.115230	3.228421372e-05
4.120230	3.081920137e-05
4.125230	2.989649667e-05
4.130230	2.968673265e-05
4.135231	2.983772023e-05
4.140231	2.998471616e-05
4.145231	3.010780454e-05
4.150232	3.021146641e-05
4.155232	3.000345722e-05
4.160232	2.922372292e-05
4.165232	2.813749491e-05
4.170233	2.743464218e-05
4.175233	2.760035673e-05
4.180233	2.844184415e-05
4.185234	2.926071326e-05
4.190234	2.946075821e-05
4.195234	2.897367302e-05
4.200234	2.824842767e-05
4.205235	2.797527341e-05
4.210235	2.860621826e-05
4.215235	2.986042590e-05
4.220236	3.088598070e-05
4.225236	3.115915510e-05
4.230236	3.095020443e-05
4.235236	3.069427920e-05
4.240237	3.036340862e-05
4.245237	2.981320537e-05
4.250237	2.927760251e-05
4.255237	2.901644768e-05
4.260238	2.875682596e-05
4.265238	2.797886938e-05
4.270238	2.669584287e-05
4.275239	2.556170985e-05
4.280239	2.514078825e-05
4.285239	2.537477360e-05
4.290239	2.585310080e-05
4.295240	2.629121065e-05
4.300240	2.654951919e-05
4.305240	2.642336545e-05
4.310241	2.573946523e-05
4.315241	2.464521129e-05
4.320241	2.358092556e-05
4.325241	2.294186896e-05
4.330242	2.289836209e-05
4.335242	2.345445585e-05
4.340242	2.443300418e-05
4.345242	2.543002824e-05
4.350243	2.604896810e-05
4.355243	2.626747572e-05
4.360243	2.640943756e-05
4.365244	2.667435644e-05
4.370244	2.687703152e-05
4.375244	2.678101438e-05
4.380244	2.650532083e-05
4.385245	2.638033612e-05
4.390245	2.648119773e-05
4.395245	2.656447779e-05
4.400246	2.648731997e-05
4.405246	2.641532855e-05
4.410246	2.649231794e-05
4.415246	2.651481931e-05
4.420247	2.613500170e-05
4.425247	2.531894073e-05
4.430247	2.444749165e-05
4.435248	2.394129924e-05
4.440248	2.384304350e-05
4.445248	2.380390091e-05
4.450248	2.345780497e-05
4.455249	2.276844621e-05
4.460249	2.205148599e-05
4.465249	2.169683628e-05
4.470249	2.181209095e-05
4.475250	2.211185150e-05
4.480250	2.218403716e-05
4.485250	2.185083578e-05
4.490251	2.123941135e-05
4.495251	2.050821607e-05
4.500251	1.961215176e-05
4.505251	1.849241261e-05
4.510252	1.742979444e-05
4.515252	1.689613281e-05
4.520252	1.696407699e-05
4.525253	1.720258672e-05
4.530253	1.731307728e-05
4.535253	1.749000198e-05
4.540253	1.799283089e-05
4.545254	1.876050160e-05
4.550254	1.957187467e-05
4.555254	2.023636786e-05
4.560254	2.057082907e-05
4.565255	2.045510022e-05
4.570255	1.994366296e-05
4.575255	1.922630836e-05
4.580256	1.852792747e-05
4.585256	1.807284763e-05
4.590256	1.802573599e-05
4.595256	1.833557876e-05
4.600257	1.866449649e-05
4.605257	1.863761571e-05
4.610257	1.824586652e-05
4.615258	1.790275803e-05
4.620258	1.803293123e-05
4.625258	1.866528965e-05
4.630258	1.944391891e-05
4.635259	1.996438140e-05
4.640259	2.003494765e-05
4.645259	1.964101243e-05
4.650260	1.886308749e-05
4.655260	1.795603129e-05
4.660260	1.730943245e-05
4.665260	1.716408414e-05
4.670261	1.743694724e-05
4.675261	1.781749136e-05
4.680261	1.798907675e-05
4.685261	1.790020311e-05
4.690262	1.789778208e-05
4.695262	1.841302740e-05
4.700262	1.940477305e-05
4.705263	2.029401406e-05
4.710263	2.058242301e-05
4.715263	2.033892397e-05
4.720263	1.994202655e-05
4.725264	1.958266547e-05
4.730264	1.920011662e-05
4.735264	1.873077970e-05
4.740265	1.821077299e-05
4.745265	1.764832439e-05
4.750265	1.692232770e-05
4.755265	1.585349540e-05
4.760266	1.436913454e-05
4.765266	1.264678393e-05
4.770266	1.109973292e-05
4.775266	1.014405810e-05
4.780267	9.923215272e-06
4.785267	1.020826698e-05
4.790267	1.054822491e-05
4.795268	1.060459991e-05
4.800268	1.041990033e-05
4.805268	1.032097341e-05
4.810268	1.053144423e-05
4.815269	1.095784494e-05
4.820269	1.135056448e-05
4.825269	1.155091633e-05
4.830270	1.159063538e-05
4.835270	1.164620449e-05
4.840270	1.183885676e-05
4.845270	1.202641297e-05
4.850271	1.192375751e-05
4.855271	1.144510497e-05
4.860271	1.074286054e-05
4.865272	9.937976244e-06
4.870272	9.032918817e-06
4.875272	8.080149721e-06
4.880272	7.285448454e-06
4.885273	6.940589688e-06
4.890273	7.230397472e-06
4.895273	7.977713727e-06
4.900273	8.610907498e-06
4.905274	8.545355032e-06
4.910274	7.649289628e-06
4.915274	6.329510355e-06
4.920275	5.189269466e-06
4.925275	4.600219269e-06
4.930275	4.537493637e-06
4.935275	4.709775152e-06
4.940276	4.740517469e-06
4.945276	4.277131172e-06
4.950276	3.152419626e-06
4.955277	1.551774206e-06
4.960277	-5.131875284e-08
4.965277	-1.137167962e-06
4.970277	-1.366091126e-06
4.975278	-8.049548886e-07
4.980278	-2.950208645e-08
4.985278	2.362934062e-07
4.990278	-2.300827392e-07
4.995279	-9.608589980e-07
5.000279	-1.334273837e-06
5.005279	-1.214192002e-06
5.010280	-1.013337710e-06
5.015280	-1.177928395e-06
5.020280	-1.747231454e-06
5.025280	-2.487687117e-06
5.030281	-3.245344607e-06
5.035281	-3.986173947e-06
5.040281	-4.628945626e-06
5.045282	-4.944504893e-06
5.050282	-4.613265316e-06
5.055282	-3.526128679e-06
5.060282	-2.064970009e-06
5.065283	-8.686964793e-07
5.070283	-3.011265906e-07
5.075283	-2.935612384e-07
5.080284	-5.500089561e-07
5.085284	-6.766680431e-07
5.090284	-2.935751406e-07
5.095284	6.703542423e-07
5.100285	1.818777476e-06
5.105285	2.617363494e-06
5.110285	2.894562790e-06
5.115285	2.896168562e-06
5.120286	2.875566958e-06
5.125286	2.809167057e-06
5.130286	2.510663427e-06
5.135287	1.820558645e-06
5.140287	6.692274373e-07
5.145287	-8.269993535e-07
5.150287	-2.273717485e-06
5.155288	-3.173943590e-06
5.160288	-3.277709062e-06
5.165288	-2.723176206e-06
5.170289	-1.916411096e-06
5.175289	-1.353822186e-06
5.180289	-1.369785781e-06
5.185289	-1.863731669e-06
5.190290	-2.369967311e-06
5.195290	-2.452886161e-06
5.200290	-1.974237713e-06
5.205290	-1.109197406e-06
5.210291	-2.293831017e-07
5.215291	3.653525111e-07
5.220291	7.077866143e-07
5.225292	1.090711550e-06
5.230292	1.700605131e-06
5.235292	2.361830453e-06
5.240292	2.685787443e-06
5.245293	2.494517278e-06
5.250293	2.025003971e-06
5.255293	1.663756973e-06
5.260294	1.594446345e-06
5.265294	1.762493346e-06
5.270294	2.055512243e-06
5.275294	2.412525940e-06
5.280295	2.759476856e-06
5.285295	2.944514115e-06
5.290295	2.907082200e-06
5.295296	2.880487967e-06
5.300296	3.191577541e-06
5.305296	3.866990112e-06
5.310296	4.658864527e-06
5.315297	5.354106908e-06
5.320297	5.795905979e-06
5.325297	5.780001983e-06
5.330297	5.256528289e-06
5.335298	4.512988481e-06
5.340298	3.917451221e-06
5.345298	3.588703989e-06
5.350299	3.463285001e-06
5.355299	3.578074647e-06
5.360299	4.087070031e-06
5.365299	4.885940737e-06
5.370300	5.394260487e-06
5.375300	5.059758145e-06
5.380300	4.048445513e-06
5.385301	3.098145901e-06
5.390301	2.710721641e-06
5.395301	2.770940065e-06
5.400301	2.887653744e-06
5.405302	2.826528203e-06
5.410302	2.636703754e-06
5.415302	2.545775717e-06
5.420302	2.733702042e-06
5.425303	3.128786876e-06
5.430303	3.449490596e-06
5.435303	3.533243476e-06
5.440304	3.598582454e-06
5.445304	4.009604002e-06
5.450304	4.729860345e-06
5.455304	5.224833535e-06
5.460305	5.063191866e-06
5.465305	4.448202428e-06
5.470305	3.962475635e-06
5.475306	3.909349318e-06
5.480306	4.108795123e-06
5.485306	4.269705462e-06
5.490306	4.341440245e-06
5.495307	4.449197564e-06
5.500307	4.635801640e-06
5.505307	4.835043997e-06
5.510308	5.084798527e-06
5.515308	5.561672788e-06
5.520308	6.302580902e-06
5.525308	7.043404013e-06
5.530309	7.459734872e-06
5.535309	7.430620454e-06
5.540309	6.935368373e-06
5.545309	5.930400244e-06
5.550310	4.600982362e-06
5.555310	3.509406056e-06
5.560310	3.105361239e-06
5.565311	3.159051479e-06
5.570311	3.003625731e-06
5.575311	2.302220430e-06
5.580311	1.272884763e-06
5.585312	2.279618825e-07
5.590312	-7.247894013e-07
5.595312	-1.513326949e-06
5.600313	-1.965420456e-06
5.605313	-1.961211863e-06
5.610313	-1.635857986e-06
5.615313	-1.343454158e-06
5.620314	-1.346335343e-06
5.625314	-1.583046117e-06
5.630314	-1.795075355e-06
5.635314	-1.768188146e-06
5.640315	-1.438791315e-06
5.645315	-9.305143635e-07
5.650315	-4.668864408e-07
5.655316	-1.074411872e-07
5.660316	3.594959936e-07
5.665316	1.131375088e-06
5.670316	2.064849274e-06
5.675317	2.764870743e-06
5.680317	2.992665217e-06
5.685317	2.897686179e-06
5.690318	2.840743082e-06
5.695318	3.061171917e-06
5.700318	3.550515845e-06
5.705318	4.207422805e-06
5.710319	5.020743227e-06
5.715319	6.004498374e-06
5.720319	6.957280097e-06
5.725320	7.439872888e-06
5.730320	7.142693983e-06
5.735320	6.261848412e-06
5.740320	5.406899928e-06
5.745321	5.078098214e-06
5.750321	5.234202916e-06
5.755321	5.397267100e-06
5.760321	5.170730471e-06
5.765322	4.601847256e-06
5.770322	4.082226784e-06
5.775322	4.015652300e-06
5.780323	4.530302788e-06
5.785323	5.394212249e-06
5.790323	6.262673056e-06
5.795323	6.997140681e-06
5.800324	7.608716309e-06
5.805324	8.004531426e-06
5.810324	8.031341635e-06
5.815325	7.727736519e-06
5.820325	7.372520205e-06
5.825325	7.261671688e-06
5.830325	7.440884636e-06
5.835326	7.661290575e-06
5.840326	7.630084671e-06
5.845326	7.265430982e-06
5.850326	6.686559743e-06
5.855327	6.069152435e-06
5.860327	5.570252330e-06
5.865327	5.283794185e-06
5.870328	5.189231649e-06
5.875328	5.168831073e-06
5.880328	5.099222876e-06
5.885328	4.979143390e-06
5.890329	4.981694531e-06
5.895329	5.255962128e-06
5.900329	5.635934540e-06
5.905330	5.693196148e-06
5.910330	5.138873099e-06
5.915330	4.074151528e-06
5.920330	2.848736301e-06
5.925331	1.791554500e-06
5.930331	1.045420371e-06
5.935331	5.164951977e-07
5.940332	-4.013931470e-09
5.945332	-5.731019923e-07
5.950332	-1.041000159e-06
5.955332	-1.382499304e-06
5.960333	-1.909109419e-06
5.965333	-2.906366132e-06
5.970333	-4.163212570e-06
5.975333	-5.116692252e-06
5.980334	-5.410172745e-06
5.985334	-5.112839039e-06
5.990334	-4.472539163e-06
5.995335	-3.643774737e-06
6.000335	-2.672014152e-06
6.005335	-1.688092550e-06
6.010335	-9.967133533e-07
6.015336	-8.071080591e-07
6.020336	-9.339485019e-07
6.025336	-9.373299804e-07
6.030337	-5.086901265e-07
6.035337	3.639230244e-07
6.040337	1.473899669e-06
6.045337	2.532358381e-06
6.050338	3.302064496e-06
6.055338	3.666879652e-06
6.060338	3.637165140e-06
6.065338	3.411600424e-06
6.070339	3.419732957e-06
6.075339	4.094069643e-06
6.080339	5.475643563e-06
6.085340	7.098524693e-06
6.090340	8.320237684e-06
6.095340	8.807711292e-06
6.100340	8.739280888e-06
6.105341	8.503390189e-06
6.110341	8.224059167e-06
6.115341	7.745816844e-06
6.120342	7.122125018e-06
6.125342	6.849895059e-06
6.130342	7.352845290e-06
6.135342	8.302190624e-06
6.140343	8.777921962e-06
6.145343	8.281051289e-06
6.150343	7.356827940e-06
6.155344	6.960916513e-06
6.160344	7.373299697e-06
6.165344	8.013132055e-06
6.170344	8.222519883e-06
6.175345	7.929350420e-06
6.180345	7.515693881e-06
6.185345	7.278785161e-06
6.190345	7.136045253e-06
6.195346	6.757486171e-06
6.200346	5.915962631e-06
6.205346	4.756766933e-06
6.210347	3.724276664e-06
6.215347	3.123014595e-06
6.220347	2.774198282e-06
6.225347	2.298066140e-06
6.230348	1.744886555e-06
6.235348	1.646544838e-06
6.240348	2.272326837e-06
6.245349	3.069117708e-06
6.250349	3.154204009e-06
6.255349	2.355522538e-06
6.260349	1.438566686e-06
6.265350	1.116080642e-06
6.270350	1.125105455e-06
6.275350	6.140764747e-07
6.280350	-7.519501966e-07
6.285351	-2.440379680e-06
6.290351	-3.700640515e-06
6.295351	-4.249312200e-06
6.300352	-4.361796843e-06
6.305352	-4.496872678e-06
6.310352	-4.812314702e-06
6.315352	-5.004453804e-06
6.320353	-4.719018812e-06
6.325353	-4.110969833e-06
6.330353	-3.802490347e-06
6.335354	-4.178129634e-06
6.340354	-4.875954986e-06
6.345354	-5.187627203e-06
6.350354	-4.885072116e-06
6.355355	-4.380147363e-06
6.360355	-4.108192909e-06
6.365355	-4.056596225e-06
6.370356	-3.918356150e-06
6.375356	-3.528355190e-06
6.380356	-3.111436316e-06
6.385356	-3.074885152e-06
6.390357	-3.527752312e-06
6.395357	-4.113544615e-06
6.400357	-4.353153345e-06
6.405357	-4.008930378e-06
6.410358	-3.099048202e-06
6.415358	-1.755955850e-06
6.420358	-1.648020039e-07
6.425359	1.428897601e-06
6.430359	2.710621120e-06
6.435359	3.427899200e-06
6.440359	3.694081774e-06
6.445360	4.049635273e-06
6.450360	4.974083130e-06
6.455360	6.390963593e-06
6.460361	7.849440372e-06
6.465361	9.063869511e-06
6.470361	1.001803027e-05
6.475361	1.067730513e-05
6.480362	1.094941579e-05
6.485362	1.093149559e-05
6.490362	1.092170671e-05
6.495362	1.110328606e-05
6.500363	1.135232900e-05
6.505363	1.142438751e-05
6.510363	1.125579709e-05
6.515364	1.101088169e-05
6.520364	1.090851242e-05
6.525364	1.111951628e-05
6.530364	1.173425926e-05
6.535365	1.260307286e-05
6.540365	1.321717740e-05
6.545365	1.300795786e-05
6.550366	1.188122875e-05
6.555366	1.027902900e-05
6.560366	8.645008654e-06
6.565366	7.080442079e-06
6.570367	5.637242201e-06
6.575367	4.603655337e-06
6.580367	4.174384379e-06
6.585368	4.010123581e-06
6.590368	3.452379523e-06
6.595368	2.185816340e-06
6.600368	5.396171742e-07
6.605369	-8.939781900e-07
6.610369	-1.838059361e-06
6.615369	-2.440206032e-06
6.620369	-2.913757482e-06
6.625370	-3.239360924e-06
6.630370	-3.186287693e-06
6.635370	-2.569553626e-06
6.640371	-1.582565248e-06
6.645371	-8.950263133e-07
6.650371	-1.235770850e-06
6.655371	-2.735969101e-06
6.660372	-4.749925370e-06
6.665372	-6.369125353e-06
6.670372	-7.070082863e-06
6.675373	-6.963297711e-06
6.680373	-6.561838063e-06
6.685373	-6.313917546e-06
6.690373	-6.337499232e-06
6.695374	-6.575230379e-06
6.700374	-7.061854174e-06
6.705374	-7.915719812e-06
6.710374	-9.119771770e-06
6.715375	-1.043968082e-05
6.720375	-1.159183959e-05
6.725375	-1.239012693e-05
6.730376	-1.269786052e-05
6.735376	-1.240260338e-05
6.740376	-1.153681333e-05
6.745376	-1.036782162e-05
6.750377	-9.325038924e-06
6.755377	-8.770861249e-06
6.760377	-8.762704842e-06
6.765378	-9.078267315e-06
6.770378	-9.522644326e-06
6.775378	-1.011359846e-05
6.780378	-1.089413309e-05
6.785379	-1.165831254e-05
6.790379	-1.197927189e-05
6.795379	-1.159695685e-05
6.800380	-1.080653774e-05
6.805380	-1.032082865e-05
6.810380	-1.061246904e-05
6.815380	-1.145413879e-05
6.820381	-1.219478192e-05
6.825381	-1.243947280e-05
6.830381	-1.239057168e-05
6.835381	-1.255812766e-05
6.840382	-1.320030197e-05
6.845382	-1.405565503e-05
6.850382	-1.461194345e-05
6.855383	-1.462902834e-05
6.860383	-1.437492597e-05
6.865383	-1.435754510e-05
6.870383	-1.490864568e-05
6.875384	-1.606859690e-05
6.880384	-1.772214134e-05
6.885384	-1.961353631e-05
6.890385	-2.125493689e-05
6.895385	-2.212914038e-05
6.900385	-2.211144180e-05
6.905385	-2.151808882e-05
6.910386	-2.072438785e-05
6.915386	-1.995110819e-05
6.920386	-1.938353951e-05
6.925386	-1.916170598e-05
6.930387	-1.919398955e-05
6.935387	-1.923675611e-05
6.940387	-1.918411367e-05
6.945388	-1.912830747e-05
6.950388	-1.917299037e-05
6.955388	-1.929073193e-05
6.960388	-1.937271652e-05
6.965389	-1.937643249e-05
6.970389	-1.932934273e-05
6.975389	-1.915946737e-05
6.980390	-1.870136376e-05
6.985390	-1.799683776e-05
6.990390	-1.742664828e-05
6.995390	-1.737999396e-05
7.000391	-1.787386825e-05
7.005391	-1.860678488e-05
7.010391	-1.932401285e-05
7.015392	-2.003362438e-05
7.020392	-2.089439524e-05
7.025392	-2.194929586e-05
7.030392	-2.296947456e-05
7.035393	-2.357357588e-05
7.040393	-2.351387220e-05
7.045393	-2.283322312e-05
7.050393	-2.177480211e-05
7.055394	-2.063611113e-05
7.060394	-1.975479407e-05
7.065394	-1.948261082e-05
7.070395	-1.994627723e-05
7.075395	-2.082938855e-05
7.080395	-2.157295531e-05
7.085395	-2.186278386e-05
7.090396	-2.182481019e-05
7.095396	-2.171370889e-05
7.100396	-2.153521142e-05
7.105397	-2.107467950e-05
7.110397	-2.026527036e-05
7.115397	-1.938736362e-05
7.120397	-1.876313503e-05
7.125398	-1.832759614e-05
7.130398	-1.773701669e-05
7.135398	-1.692562888e-05
7.140398	-1.631777100e-05
7.145399	-1.637515621e-05
7.150399	-1.705768351e-05
7.155399	-1.776906881e-05
7.160400	-1.776215065e-05
7.165400	-1.670181639e-05
7.170400	-1.500855683e-05
7.175400	-1.364365031e-05
7.180401	-1.341334178e-05
7.185401	-1.436285006e-05
7.190401	-1.581064385e-05
7.195402	-1.694869055e-05
7.200402	-1.740182934e-05
7.205402	-1.730826272e-05
7.210402	-1.701360565e-05
7.215403	-1.676068770e-05
7.220403	-1.660502727e-05
7.225403	-1.645634478e-05
7.230404	-1.612961929e-05
7.235404	-1.549859684e-05
7.240404	-1.472021039e-05
7.245404	-1.419662528e-05
7.250405	-1.418222151e-05
7.255405	-1.450053809e-05
7.260405	-1.474916214e-05
7.265405	-1.469791967e-05
7.270406	-1.438444443e-05
7.275406	-1.391317377e-05
7.280406	-1.329195026e-05
7.285407	-1.247235610e-05
7.290407	-1.150650647e-05
7.295407	-1.061026549e-05
7.300407	-1.004322848e-05
7.305408	-9.894021497e-06
7.310408	-9.924810916e-06
7.315408	-9.761548912e-06
7.320409	-9.409722724e-06
7.325409	-9.362144847e-06
7.330409	-9.936804659e-06
7.335409	-1.070186278e-05
7.340410	-1.083945790e-05
7.345410	-1.003233003e-05
7.350410	-8.804945911e-06
7.355410	-7.964710742e-06
7.360411	-7.850989828e-06
7.365411	-8.211415443e-06
7.370411	-8.666891340e-06
7.375412	-9.099827410e-06
7.380412	-9.581299908e-06
7.385412	-1.008889533e-05
7.390412	-1.045900554e-05
7.395413	-1.063130571e-05
7.400413	-1.085835581e-05
7.405413	-1.157040676e-05
7.410414	-1.292554298e-05
7.415414	-1.452454026e-05
7.420414	-1.567765688e-05
7.425414	-1.590049559e-05
7.430415	-1.514644161e-05
7.435415	-1.376314587e-05
7.440415	-1.229401350e-05
7.445416	-1.118039135e-05
7.450416	-1.056553288e-05
7.455416	-1.034081531e-05
7.460416	-1.029126839e-05
7.465417	-1.020248484e-05
7.470417	-9.988694987e-06
7.475417	-9.799168297e-06
7.480417	-9.911396603e-06
7.485418	-1.044119766e-05
7.490418	-1.113874662e-05
7.495418	-1.152101140e-05
7.500419	-1.130182339e-05
7.505419	-1.062975720e-05
7.510419	-9.805402398e-06
7.515419	-8.946257509e-06
7.520420	-8.090467888e-06
7.525420	-7.412389392e-06
7.530420	-7.121922193e-06
7.535421	-7.248621339e-06
7.540421	-7.600211949e-06
7.545421	-7.848698176e-06
7.550421	-7.736368906e-06
7.555422	-7.374695383e-06
7.560422	-7.179035019e-06
7.565422	-7.254593385e-06
7.570422	-7.087200967e-06
7.575423	-6.213030184e-06
7.580423	-4.999783236e-06
7.585423	-4.339186535e-06
7.590424	-4.617450182e-06
7.595424	-5.313704324e-06
7.600424	-5.636977445e-06
7.605424	-5.343806976e-06
7.610425	-4.843042892e-06
7.615425	-4.632790708e-06
7.620425	-4.805257262e-06
7.625426	-5.072040857e-06
7.630426	-5.097974498e-06
7.635426	-4.769174520e-06
7.640426	-4.263995184e-06
7.645427	-3.918926124e-06
7.650427	-3.930371087e-06
7.655427	-4.152997584e-06
7.660428	-4.268856678e-06
7.665428	-4.126871009e-06
7.670428	-3.812626734e-06
7.675428	-3.448428956e-06
7.680429	-3.056840489e-06
7.685429	-2.606563300e-06
7.690429	-2.126605814e-06
7.695429	-1.739308121e-06
7.700430	-1.524900021e-06
7.705430	-1.365538013e-06
7.710430	-1.032471230e-06
7.715431	-4.509515218e-07
7.720431	1.979178127e-07
7.725431	6.249363887e-07
7.730431	5.977294647e-07
7.735432	-1.633415328e-08
7.740432	-1.217351214e-06
7.745432	-2.757999812e-06
7.750433	-4.136968616e-06
7.755433	-4.910087474e-06
7.760433	-5.050855113e-06
7.765433	-4.890917360e-06
7.770434	-4.748722342e-06
7.775434	-4.758447896e-06
7.780434	-4.972906630e-06
7.785434	-5.416934844e-06
7.790435	-6.004767538e-06
7.795435	-6.518294465e-06
7.800435	-6.748358652e-06
7.805436	-6.656663281e-06
7.810436	-6.371271489e-06
7.815436	-6.041205797e-06
7.820436	-5.736998944e-06
7.825437	-5.473282863e-06
7.830437	-5.252669956e-06
7.835437	-5.067033358e-06
7.840438	-4.933552469e-06
7.845438	-4.969528602e-06
7.850438	-5.321593882e-06
7.855438	-5.923981590e-06
7.860439	-6.417258981e-06
7.865439	-6.410373684e-06
7.870439	-5.778677274e-06
7.875440	-4.695543647e-06
7.880440	-3.472481234e-06
7.885440	-2.345835210e-06
7.890440	-1.301122181e-06
7.895441	-1.472176847e-07
7.900441	1.180878717e-06
7.905441	2.487359019e-06
7.910441	3.477272304e-06
7.915442	3.957072652e-06
7.920442	3.938984256e-06
7.925442	3.645425850e-06
7.930443	3.382465590e-06
7.935443	3.367360274e-06
7.940443	3.642226024e-06
7.945443	4.054447482e-06
7.950444	4.308202060e-06
7.955444	4.167340211e-06
7.960444	3.663584484e-06
7.965445	3.086205595e-06
7.970445	2.794411092e-06
7.975445	2.995792094e-06
7.980445	3.640430267e-06
7.985446	4.569395794e-06
7.990446	5.710417687e-06
7.995446	6.969563351e-06
8.000446	7.990861364e-06
8.005447	8.288214870e-06
8.010447	7.715208086e-06
8.015447	6.627172166e-06
8.020448	5.489314300e-06
8.025448	4.489978860e-06
8.030448	3.594587277e-06
8.035448	2.790667643e-06
8.040449	2.190827909e-06
8.045449	2.014126307e-06
8.050449	2.458412440e-06
8.055450	3.415271810e-06
8.060450	4.379182930e-06
8.065450	4.889499858e-06
8.070450	5.048809853e-06
8.075451	5.405751963e-06
8.080451	6.275009855e-06
8.085451	7.312660663e-06
8.090452	7.905630463e-06
8.095452	7.904125744e-06
8.100452	7.757611274e-06
8.105452	7.906781634e-06
8.110453	8.258491809e-06
8.115453	8.418380583e-06
8.120453	8.304372826e-06
8.125453	8.239269868e-06
8.130454	8.395399328e-06
8.135454	8.449934075e-06
8.140454	7.990406897e-06
8.145455	7.077507842e-06
8.150455	6.218164217e-06
8.155455	5.896721515e-06
8.160455	6.227709238e-06
8.165456	6.915618748e-06
8.170456	7.440574764e-06
8.175456	7.409702626e-06
8.180457	6.865585920e-06
8.185457	6.207847567e-06
8.190457	5.760383269e-06
8.195457	5.497438379e-06
8.200458	5.300814888e-06
8.205458	5.391825951e-06
8.210458	6.155007239e-06
8.215458	7.449648298e-06
8.220459	8.553011284e-06
8.225459	8.984048558e-06
8.230459	8.969887945e-06
8.235460	8.939505693e-06
8.240460	8.968494290e-06
8.245460	8.905564103e-06
8.250460	8.684980220e-06
8.255461	8.261970005e-06
8.260461	7.516940990e-06
8.265461	6.529611436e-06
8.270462	5.747949934e-06
8.275462	5.605343795e-06
8.280462	6.096092956e-06
8.285462	6.882572619e-06
8.290463	7.674457782e-06
8.295463	8.338132692e-06
8.300463	8.740755061e-06
8.305464	8.731308047e-06
8.310464	8.320714333e-06
8.315464	7.714838877e-06
8.320464	7.083492624e-06
8.325465	6.418966014e-06
8.330465	5.734836356e-06
8.335465	5.237623757e-06
8.340465	5.066839573e-06
8.345466	4.986146290e-06
8.350466	4.621375455e-06
8.355466	3.977048019e-06
8.360467	3.483352756e-06
8.365467	3.522133146e-06
8.370467	4.060330600e-06
8.375467	4.724082478e-06
8.380468	5.103254102e-06
8.385468	5.047395194e-06
8.390468	4.803134902e-06
8.395469	4.794137831e-06
8.400469	5.154694663e-06
8.405469	5.596789800e-06
8.410469	5.842810619e-06
8.415470	5.988971991e-06
8.420470	6.240810888e-06
8.425470	6.441262436e-06
8.430470	6.133388084e-06
8.435471	5.137369844e-06
8.440471	3.896461208e-06
8.445471	3.115217270e-06
8.450472	3.122349954e-06
8.455472	3.675554803e-06
8.460472	4.270666616e-06
8.465472	4.534860832e-06
8.470473	4.442582244e-06
8.475473	4.242704455e-06
8.480473	4.102698566e-06
8.485474	3.854504990e-06
8.490474	3.248725902e-06
8.495474	2.420649392e-06
8.500474	1.842186961e-06
8.505475	1.744866645e-06
8.510475	1.838015565e-06
8.515475	1.723308447e-06
8.520475	1.395141376e-06
8.525476	1.167226360e-06
8.530476	1.245573247e-06
8.535476	1.589557024e-06
8.540477	2.125740858e-06
8.545477	2.872634856e-06
8.550477	3.795076669e-06
8.555477	4.632876731e-06
8.560478	5.004036316e-06
8.565478	4.761543539e-06
8.570478	4.193166308e-06
8.575479	3.770889254e-06
8.580479	3.727176086e-06
8.585479	3.959521490e-06
8.590479	4.345023077e-06
8.595480	5.003940778e-06
8.600480	6.104984200e-06
8.605480	7.485285819e-06
8.610481	8.663786827e-06
8.615481	9.258418434e-06
8.620481	9.284768272e-06
8.625481	9.073153230e-06
8.630482	9.009285724e-06
8.635482	9.274015674e-06
8.640482	9.672682606e-06
8.645482	9.795026280e-06
8.650483	9.473012430e-06
8.655483	8.977035301e-06
8.660483	8.659615036e-06
8.665484	8.565847505e-06
8.670484	8.562642758e-06
8.675484	8.732776053e-06
8.680484	9.378852024e-06
8.685485	1.056499005e-05
8.690485	1.185694708e-05
8.695485	1.269632293e-05
8.700486	1.294249122e-05
8.705486	1.291406645e-05
8.710486	1.297576202e-05
8.715486	1.317868766e-05
8.720487	1.324903621e-05
8.725487	1.291005211e-05
8.730487	1.224714611e-05
8.735487	1.164980342e-05
8.740488	1.134607952e-05
8.745488	1.119793104e-05
8.750488	1.100893860e-05
8.755489	1.076046209e-05
8.760489	1.046041973e-05
8.765489	1.001249562e-05
8.770489	9.372551546e-06
8.775490	8.708503870e-06
8.780490	8.241806399e-06
8.785490	7.968960313e-06
8.790491	7.761169964e-06
8.795491	7.706024279e-06
8.800491	8.005978936e-06
8.805491	8.502815427e-06
8.810492	8.668197719e-06
8.815492	8.181982915e-06
8.820492	7.234881309e-06
8.825493	6.169442134e-06
8.830493	5.141034501e-06
8.835493	4.282739695e-06
8.840493	3.871382522e-06
8.845494	4.044440421e-06
8.850494	4.521754076e-06
8.855494	4.848542891e-06
8.860494	4.874672913e-06
8.865495	4.867883386e-06
8.870495	5.157141489e-06
8.875495	5.768498341e-06
8.880496	6.458327848e-06
8.885496	7.018651572e-06
8.890496	7.472836058e-06
8.895496	8.005782786e-06
8.900497	8.769274968e-06
8.905497	9.747442811e-06
8.910497	1.070817570e-05
8.915498	1.124994445e-05
8.920498	1.108894622e-05
8.925498	1.046984228e-05
8.930498	1.011849459e-05
8.935499	1.054872207e-05
8.940499	1.150893411e-05
8.945499	1.228375127e-05
8.950499	1.242451645e-05
8.955500	1.203860053e-05
8.960500	1.149261487e-05
8.965500	1.103390939e-05
8.970501	1.072442600e-05
8.975501	1.058945013e-05
8.980501	1.068350199e-05
8.985501	1.103974678e-05
8.990502	1.161671533e-05
8.995502	1.223137664e-05
9.000502	1.255186554e-05
9.005503	1.237420703e-05
9.010503	1.201961621e-05
9.015503	1.220062314e-05
9.020503	1.326526457e-05
9.025504	1.478440591e-05
9.030504	1.611812957e-05
9.035504	1.715676288e-05
9.040505	1.820505410e-05
9.045505	1.932505453e-05
9.050505	2.017957963e-05
9.055505	2.054877938e-05
9.060506	2.074245270e-05
9.065506	2.135489327e-05
9.070506	2.264431708e-05
9.075506	2.419180318e-05
9.080507	2.516563457e-05
9.085507	2.497128382e-05
9.090507	2.375547944e-05
9.095508	2.228572085e-05
9.100508	2.124749204e-05
9.105508	2.068132341e-05
9.110508	2.016590053e-05
9.115509	1.945590874e-05
9.120509	1.882098532e-05
9.125509	1.871687904e-05
9.130510	1.915681933e-05
9.135510	1.958495367e-05
9.140510	1.953470167e-05
9.145510	1.928093282e-05
9.150511	1.952385997e-05
9.155511	2.041667906e-05
9.160511	2.124891825e-05
9.165511	2.118922118e-05
9.170512	2.011153460e-05
9.175512	1.863473727e-05
9.180512	1.750225189e-05
9.185513	1.701449690e-05
9.190513	1.702335264e-05
9.195513	1.730719133e-05
9.200513	1.779040217e-05
9.205514	1.842897224e-05
9.210514	1.902871639e-05
9.215514	1.926516276e-05
9.220515	1.893660836e-05
9.225515	1.823859916e-05
9.230515	1.770137577e-05
9.235515	1.772080896e-05
9.240516	1.822122700e-05
9.245516	1.892617864e-05
9.250516	1.978191348e-05
9.255517	2.082694792e-05
9.260517	2.180207082e-05
9.265517	2.222511672e-05
9.270517	2.182684115e-05
9.275518	2.078035191e-05
9.280518	1.958797525e-05
9.285518	1.878669633e-05
9.290518	1.859943674e-05
9.295519	1.876920848e-05
9.300519	1.881070746e-05
9.305519	1.846953456e-05
9.310520	1.789002376e-05
9.315520	1.735794681e-05
9.320520	1.698675807e-05
9.325520	1.671973759e-05
9.330521	1.657493518e-05
9.335521	1.672722930e-05
9.340521	1.724953095e-05
9.345522	1.787338944e-05
9.350522	1.817503726e-05
9.355522	1.796544125e-05
9.360522	1.738045782e-05
9.365523	1.666971443e-05
9.370523	1.602316238e-05
9.375523	1.553536517e-05
9.380523	1.520992249e-05
9.385524	1.499546946e-05
9.390524	1.486751551e-05
9.395524	1.487682961e-05
9.400525	1.512885540e-05
9.405525	1.576075772e-05
9.410525	1.692028439e-05
9.415525	1.865714390e-05
9.420526	2.076837261e-05
9.425526	2.279645219e-05
9.430526	2.425420542e-05
9.435527	2.494463346e-05
9.440527	2.513967976e-05
9.445527	2.537915184e-05
9.450527	2.596244176e-05
9.455528	2.664593202e-05
9.460528	2.693615700e-05
9.465528	2.664545244e-05
9.470529	2.600407360e-05
9.475529	2.525686141e-05
9.480529	2.444922255e-05
9.485529	2.369843663e-05
9.490530	2.332769193e-05
9.495530	2.353467924e-05
9.500530	2.411032466e-05
9.505530	2.454479400e-05
9.510531	2.433234758e-05
9.515531	2.328394027e-05
9.520531	2.168910417e-05
9.525532	2.018613608e-05
9.530532	1.945016873e-05
9.535532	1.989233849e-05
9.540532	2.144416262e-05
9.545533	2.353840102e-05
9.550533	2.535076872e-05
9.555533	2.615943037e-05
9.560534	2.567719493e-05
9.565534	2.426659783e-05
9.570534	2.283821861e-05
9.575534	2.228454381e-05
9.580535	2.278149738e-05
9.585535	2.367212332e-05
9.590535	2.412735878e-05
9.595535	2.384818800e-05
9.600536	2.309309882e-05
9.605536	2.221158246e-05
9.610536	2.135006130e-05
9.615537	2.057339707e-05
9.620537	2.003692006e-05
9.625537	1.993537990e-05
9.630537	2.037113907e-05
9.635538	2.124137443e-05
9.640538	2.218336809e-05
9.645538	2.276146860e-05
9.650539	2.282650557e-05
9.655539	2.260757140e-05
9.660539	2.241869881e-05
9.665539	2.244566346e-05
9.670540	2.281686629e-05
9.675540	2.358019101e-05
9.680540	2.450584080e-05
9.685541	2.511209012e-05
9.690541	2.499740824e-05
9.695541	2.414125179e-05
9.700541	2.290295292e-05
9.705542	2.171399650e-05
9.710542	2.075626356e-05
9.715542	1.999237831e-05
9.720542	1.945527775e-05
9.725543	1.929304425e-05
9.730543	1.945485015e-05
9.735543	1.956535626e-05
9.740544	1.932485597e-05
9.745544	1.892775709e-05
9.750544	1.891628740e-05
9.755544	1.967101029e-05
9.760545	2.108869917e-05
9.765545	2.263594336e-05
9.770545	2.367736093e-05
9.775546	2.390858228e-05
9.780546	2.355972438e-05
9.785546	2.308507299e-05
9.790546	2.269923782e-05
9.795547	2.242541369e-05
9.800547	2.244281241e-05
9.805547	2.293810027e-05
9.810547	2.361261959e-05
9.815548	2.376009256e-05
9.820548	2.297661345e-05
9.825548	2.160046714e-05
9.830549	2.040676271e-05
9.835549	1.998404567e-05
9.840549	2.037469234e-05
9.845549	2.120322768e-05
9.850550	2.210689441e-05
9.855550	2.298754715e-05
9.860550	2.386598859e-05
9.865551	2.469442785e-05
9.870551	2.537452817e-05
9.875551	2.578440810e-05
9.880551	2.579469769e-05
9.885552	2.541680474e-05
9.890552	2.486981159e-05
9.895552	2.436276018e-05
9.900553	2.388052933e-05
9.905553	2.329210299e-05
9.910553	2.259852574e-05
9.915553	2.195897631e-05
9.920554	2.152504757e-05
9.925554	2.135454690e-05
9.930554	2.141956148e-05
9.935554	2.159619197e-05
9.940555	2.172230437e-05
9.945555	2.174973388e-05
9.950555	2.179467397e-05
9.955556	2.199578778e-05
9.960556	2.232443993e-05
9.965556	2.258195320e-05
9.970556	2.265143713e-05
9.975557	2.267845006e-05
9.980557	2.289243542e-05
9.985557	2.332055793e-05
9.990558	2.376616216e-05
9.995558	2.402094458e-05
10.000558	2.401749710e-05
10.005558	2.378711908e-05
10.010559	2.341359903e-05
10.015559	2.309753188e-05
10.020559	2.310165173e-05
10.025559	2.352201452e-05
10.030560	2.421974047e-05
10.035560	2.501539297e-05
10.040560	2.584443983e-05
10.045561	2.670518095e-05
10.050561	2.755053211e-05
10.055561	2.829104354e-05
10.060561	2.887779184e-05
10.065562	2.935518484e-05
10.070562	2.983402117e-05
10.075562	3.037413087e-05
10.080563	3.086270684e-05
10.085563	3.104434918e-05
10.090563	3.073503283e-05
10.095563	3.002082239e-05
10.100564	2.917766465e-05
10.105564	2.840196309e-05
10.110564	2.773175432e-05
10.115565	2.722926601e-05
10.120565	2.709324247e-05
10.125565	2.747658107e-05
10.130565	2.820902730e-05
10.135566	2.879754290e-05
10.140566	2.879201613e-05
10.145566	2.819943387e-05
10.150566	2.752491647e-05
10.155567	2.733072766e-05
10.160567	2.767430445e-05
10.165567	2.800263643e-05
10.170568	2.770616553e-05
10.175568	2.675069337e-05
10.180568	2.564847364e-05
10.185568	2.492032146e-05
10.190569	2.478972062e-05
10.195569	2.525650282e-05
10.200569	2.615882188e-05
10.205570	2.718982559e-05
10.210570	2.804300336e-05
10.215570	2.851259953e-05
10.220570	2.844528129e-05
10.225571	2.782909639e-05
10.230571	2.701550544e-05
10.235571	2.658875687e-05
10.240571	2.681265536e-05
10.245572	2.728859185e-05
10.250572	2.730386484e-05
10.255572	2.651979623e-05
10.260573	2.520205854e-05
10.265573	2.381076394e-05
10.270573	2.262428409e-05
10.275573	2.179885865e-05
10.280574	2.144144960e-05
10.285574	2.144635899e-05
10.290574	2.151766138e-05
10.295575	2.149590146e-05
10.300575	2.144052357e-05
10.305575	2.131286535e-05
10.310575	2.088256528e-05
10.315576	2.013165435e-05
10.320576	1.949447155e-05
10.325576	1.948016526e-05
10.330577	2.020835140e-05
10.335577	2.137686811e-05
10.340577	2.251100891e-05
10.345577	2.325786051e-05
10.350578	2.357249104e-05
10.355578	2.361497207e-05
10.360578	2.350059406e-05
10.365578	2.320754213e-05
10.370579	2.266031331e-05
10.375579	2.189940259e-05
10.380579	2.119538807e-05
10.385580	2.086422380e-05
10.390580	2.091578462e-05
10.395580	2.105856734e-05
10.400580	2.112996287e-05
10.405581	2.131612157e-05
10.410581	2.181974710e-05
10.415581	2.251838501e-05
10.420582	2.311223346e-05
10.425582	2.346560353e-05
10.430582	2.366336254e-05
10.435582	2.381739435e-05
10.440583	2.395631536e-05
10.445583	2.409655256e-05
10.450583	2.432628399e-05
10.455583	2.479726422e-05
10.460584	2.563669190e-05
10.465584	2.680914947e-05
10.470584	2.806070991e-05
10.475585	2.906924398e-05
10.480585	2.969083424e-05
10.485585	3.008473923e-05
10.490585	3.057193967e-05
10.495586	3.130856767e-05
10.500586	3.216235038e-05
10.505586	3.296946649e-05
10.510587	3.374347095e-05
10.515587	3.446396091e-05
10.520587	3.481489302e-05
10.525587	3.444992943e-05
10.530588	3.354025307e-05
10.535588	3.273113837e-05
10.540588	3.240375525e-05
10.545589	3.227036900e-05
10.550589	3.189443595e-05
10.555589	3.130505293e-05
10.560589	3.082675882e-05
10.565590	3.057019027e-05
10.570590	3.040419704e-05
10.575590	3.027250689e-05
10.580590	3.028229821e-05
10.585591	3.050819785e-05
10.590591	3.082371433e-05
10.595591	3.095534817e-05
10.600592	3.069584850e-05
10.605592	3.007302934e-05
10.610592	2.935548293e-05
10.615592	2.891696043e-05
10.620593	2.898847733e-05
10.625593	2.939617971e-05
10.630593	2.958970657e-05
10.635594	2.907172686e-05
10.640594	2.775237894e-05
10.645594	2.584749531e-05
10.650594	2.372882070e-05
10.655595	2.206798716e-05
10.660595	2.172381440e-05
10.665595	2.302838785e-05
10.670595	2.528635014e-05
10.675596	2.725144274e-05
10.680596	2.807260992e-05
10.685596	2.771949741e-05
10.690597	2.669023515e-05
10.695597	2.555116481e-05
10.700597	2.473528178e-05
10.705597	2.449950492e-05
10.710598	2.482217976e-05
10.715598	2.533631655e-05
10.720598	2.550691742e-05
10.725599	2.498779563e-05
10.730599	2.383818777e-05
10.735599	2.242784186e-05
10.740599	2.120633705e-05
10.745600	2.049712262e-05
10.750600	2.032547940e-05
10.755600	2.041901975e-05
10.760601	2.046563624e-05
10.765601	2.036963546e-05
10.770601	2.023028510e-05
10.775601	2.012059801e-05
10.780602	1.998064743e-05
10.785602	1.976949561e-05
10.790602	1.962105519e-05
10.795602	1.971836957e-05
10.800603	2.006140537e-05
10.805603	2.049771693e-05
10.810603	2.097433109e-05
10.815604	2.163237803e-05
10.820604	2.258550875e-05
10.825604	2.364327344e-05
10.830604	2.435203422e-05
10.835605	2.440492774e-05
10.840605	2.400191347e-05
10.845605	2.371800097e-05
10.850606	2.398343332e-05
10.855606	2.468691034e-05
10.860606	2.528378729e-05
10.865606	2.532508444e-05
10.870607	2.490727925e-05
10.875607	2.462191846e-05
10.880607	2.506870029e-05
10.885607	2.637114152e-05
10.890608	2.806917472e-05
10.895608	2.940463105e-05
10.900608	2.977016636e-05
10.905609	2.899654909e-05
10.910609	2.728252289e-05
10.915609	2.500740332e-05
10.920609	2.273487745e-05
10.925610	2.117277886e-05
10.930610	2.074618644e-05
10.935610	2.114844348e-05
10.940611	2.150274255e-05
10.945611	2.104677440e-05
10.950611	1.968271467e-05
10.955611	1.797419081e-05
10.960612	1.669586870e-05
10.965612	1.634732111e-05
10.970612	1.697750905e-05
10.975613	1.831244631e-05
10.980613	1.990771810e-05
10.985613	2.121345237e-05
10.990613	2.174627105e-05
10.995614	2.138886351e-05
11.000614	2.048591115e-05
11.005614	1.960731942e-05
11.010614	1.924213126e-05
11.015615	1.956848279e-05
11.020615	2.028490856e-05
11.025615	2.074403285e-05
11.030616	2.049821160e-05
11.035616	1.971355139e-05
11.040616	1.896291021e-05
11.045616	1.869647736e-05
11.050617	1.896613762e-05
11.055617	1.955931663e-05
11.060617	2.024978430e-05
11.065618	2.084959887e-05
11.070618	2.115687411e-05
11.075618	2.106516598e-05
11.080618	2.071718980e-05
11.085619	2.040182607e-05
11.090619	2.027196742e-05
11.095619	2.023220590e-05
11.100619	2.008121599e-05
11.105620	1.966700171e-05
11.110620	1.890007370e-05
11.115620	1.774184218e-05
11.120621	1.630474829e-05
11.125621	1.494799065e-05
11.130621	1.413231229e-05
11.135621	1.406838554e-05
11.140622	1.452551252e-05
11.145622	1.506105536e-05
11.150622	1.544195062e-05
11.155623	1.576072653e-05
11.160623	1.613206083e-05
11.165623	1.648103981e-05
11.170623	1.676339837e-05
11.175624	1.712915083e-05
11.180624	1.764402465e-05
11.185624	1.809883089e-05
11.190625	1.829495066e-05
11.195625	1.828428419e-05
11.200625	1.819669272e-05
11.205625	1.807188953e-05
11.210626	1.795280412e-05
11.215626	1.794010764e-05
11.220626	1.806986208e-05
11.225626	1.822553202e-05
11.230627	1.823415254e-05
11.235627	1.801874473e-05
11.240627	1.755757240e-05
11.245628	1.675789743e-05
11.250628	1.560863139e-05
11.255628	1.442756791e-05
11.260628	1.366000526e-05
11.265629	1.342628430e-05
11.270629	1.350396610e-05
11.275629	1.369074862e-05
11.280630	1.394183774e-05
11.285630	1.420995995e-05
11.290630	1.441275868e-05
11.295630	1.460741431e-05
11.300631	1.498535070e-05
11.305631	1.557444285e-05
11.310631	1.613843547e-05
11.315631	1.654595283e-05
11.320632	1.703556462e-05
11.325632	1.786245076e-05
11.330632	1.884240808e-05
11.335633	1.952602096e-05
11.340633	1.972920855e-05
11.345633	1.965718967e-05
11.350633	1.955600726e-05
11.355634	1.941873967e-05
11.360634	1.910386069e-05
11.365634	1.868189891e-05
11.370635	1.846359285e-05
11.375635	1.857964516e-05
11.380635	1.869367107e-05
11.385635	1.826639486e-05
11.390636	1.705641533e-05
11.395636	1.539669982e-05
11.400636	1.409691491e-05
11.405637	1.392410807e-05
11.410637	1.488707010e-05
11.415637	1.605071029e-05
11.420637	1.629204907e-05
11.425638	1.528393265e-05
11.430638	1.362358346e-05
11.435638	1.207940319e-05
11.440638	1.094670683e-05
11.445639	1.011449372e-05
11.450639	9.460819569e-06
11.455639	9.014947291e-06
11.460640	8.846851594e-06
11.465640	8.966269688e-06
11.470640	9.344777918e-06
11.475640	9.947203705e-06
11.480641	1.074001327e-05
11.485641	1.173077857e-05
11.490641	1.294741468e-05
11.495642	1.428788208e-05
11.500642	1.542197996e-05
11.505642	1.596144821e-05
11.510642	1.581483990e-05
11.515643	1.535136497e-05
11.520643	1.512817784e-05
11.525643	1.539535688e-05
11.530643	1.586643686e-05
11.535644	1.601451868e-05
11.540644	1.557847526e-05
11.545644	1.473781327e-05
11.550645	1.388011848e-05
11.555645	1.332576281e-05
11.560645	1.324596309e-05
11.565645	1.366883001e-05
11.570646	1.440853305e-05
11.575646	1.503240804e-05
11.580646	1.509877566e-05
11.585647	1.450374643e-05
11.590647	1.351818533e-05
11.595647	1.249845038e-05
11.600647	1.162535032e-05
11.605648	1.088231111e-05
11.610648	1.021257870e-05
11.615648	9.624768597e-06
11.620649	9.092594448e-06
11.625649	8.481697717e-06
11.630649	7.763696018e-06
11.635649	7.179859960e-06
11.640650	6.947900632e-06
11.645650	6.928082678e-06
11.650650	6.823305987e-06
11.655650	6.597443145e-06
11.660651	6.511275609e-06
11.665651	6.835026501e-06
11.670651	7.591152951e-06
11.675652	8.460470972e-06
11.680652	8.954999661e-06
11.685652	8.859013568e-06
11.690652	8.514021779e-06
11.695653	8.522112907e-06
11.700653	9.126436251e-06
11.705653	9.986023079e-06
11.710654	1.061277429e-05
11.715654	1.089924663e-05
11.720654	1.108182930e-05
11.725654	1.130259635e-05
11.730655	1.141685973e-05
11.735655	1.126696937e-05
11.740655	1.105362651e-05
11.745655	1.129712778e-05
11.750656	1.232140081e-05
11.755656	1.383994873e-05
11.760656	1.517589185e-05
11.765657	1.583890496e-05
11.770657	1.580958625e-05
11.775657	1.540243019e-05
11.780657	1.499898622e-05
11.785658	1.482647742e-05
11.790658	1.487198623e-05
11.795658	1.502496249e-05
11.800659	1.528969263e-05
11.805659	1.575090842e-05
11.810659	1.632348391e-05
11.815659	1.665926918e-05
11.820660	1.638117876e-05
11.825660	1.538908087e-05
11.830660	1.390257261e-05
11.835661	1.226426206e-05
11.840661	1.079682189e-05
11.845661	9.792402079e-06
11.850661	9.430405614e-06
11.855662	9.598207059e-06
11.860662	9.923618078e-06
11.865662	1.009515234e-05
11.870662	1.008732996e-05
11.875663	1.009795216e-05
11.880663	1.038703620e-05
11.885663	1.112067277e-05
11.890664	1.223884622e-05
11.895664	1.348506941e-05
11.900664	1.462701179e-05
11.905664	1.564840169e-05
11.910665	1.669054601e-05
11.915665	1.779720060e-05
11.920665	1.881902582e-05
11.925666	1.965863738e-05
11.930666	2.041891671e-05
11.935666	2.108100284e-05
11.940666	2.125821700e-05
11.945667	2.065687275e-05
11.950667	1.969794024e-05
11.955667	1.930109733e-05
11.960667	1.995104089e-05
11.965668	2.117215112e-05
11.970668	2.203509687e-05
11.975668	2.204133478e-05
11.980669	2.138292068e-05
11.985669	2.047582102e-05
11.990669	1.946755745e-05
11.995669	1.825225760e-05
12.000670	1.684637740e-05
12.005670	1.561165885e-05
12.010670	1.504932151e-05
12.015671	1.532471761e-05
12.020671	1.595082503e-05
12.025671	1.603093732e-05
12.030671	1.496330094e-05
12.035672	1.296943180e-05
12.040672	1.092985753e-05
12.045672	9.648971041e-06
12.050673	9.229205932e-06
12.055673	9.186974262e-06
12.060673	9.120327555e-06
12.065673	9.065660042e-06
12.070674	9.162681612e-06
12.075674	9.248796371e-06
12.080674	9.044151399e-06
12.085674	8.626724287e-06
12.090675	8.453611557e-06
12.095675	8.849611077e-06
12.100675	9.578544528e-06
12.105676	9.973625019e-06
12.110676	9.433696177e-06
12.115676	7.825852616e-06
12.120676	5.684716105e-06
12.125677	4.139274090e-06
12.130677	4.275737452e-06
12.135677	6.232874779e-06
12.140678	8.987855734e-06
12.145678	1.112400113e-05
12.150678	1.178391830e-05
12.155678	1.099627986e-05
12.160679	9.363485014e-06
12.165679	7.637459771e-06
12.170679	6.501711272e-06
12.175679	6.383295430e-06
12.180680	7.167431719e-06
12.185680	8.165594505e-06
12.190680	8.594106606e-06
12.195681	8.154206562e-06
12.200681	7.158652171e-06
12.205681	6.194622408e-06
12.210681	5.728916175e-06
12.215682	5.942860555e-06
12.220682	6.729038694e-06
12.225682	7.715913989e-06
12.230683	8.406364909e-06
12.235683	8.494188273e-06
12.240683	8.153447946e-06
12.245683	8.000295778e-06
12.250684	8.620058901e-06
12.255684	1.000321745e-05
12.260684	1.151269714e-05
12.265685	1.247764083e-05
12.270685	1.273767478e-05
12.275685	1.262064363e-05
12.280685	1.259654683e-05
12.285686	1.298355938e-05
12.290686	1.375105978e-05
12.295686	1.453576288e-05
12.300686	1.502137909e-05
12.305687	1.532755638e-05
12.310687	1.585806150e-05
12.315687	1.672271211e-05
12.320688	1.750208904e-05
12.325688	1.771417777e-05
12.330688	1.734990326e-05
12.335688	1.679570620e-05
12.340689	1.636766819e-05
12.345689	1.608581771e-05
12.350689	1.583356208e-05
12.355690	1.556686892e-05
12.360690	1.530234798e-05
12.365690	1.500600295e-05
12.370690	1.466472453e-05
12.375691	1.444528359e-05
12.380691	1.456916577e-05
12.385691	1.502267236e-05
12.390691	1.563203416e-05
12.395692	1.639368011e-05
12.400692	1.740434928e-05
12.405692	1.848564734e-05
12.410693	1.923816320e-05
12.415693	1.949886932e-05
12.420693	1.945702510e-05
12.425693	1.932177364e-05
12.430694	1.918199054e-05
12.435694	1.920083125e-05
12.440694	1.957074306e-05
12.445695	2.013942275e-05
12.450695	2.038108296e-05
12.455695	1.993525270e-05
12.460695	1.902612788e-05
12.465696	1.820490226e-05
12.470696	1.774710037e-05
12.475696	1.741906020e-05
12.480697	1.680901294e-05
12.485697	1.577021253e-05
12.490697	1.451587523e-05
12.495697	1.336725043e-05
12.500698	1.249304579e-05
12.505698	1.192832979e-05
12.510698	1.179093083e-05
12.515698	1.227893046e-05
12.520699	1.330177697e-05
12.525699	1.427377817e-05
12.530699	1.451056355e-05
12.535700	1.379268600e-05
12.540700	1.248362658e-05
12.545700	1.126911592e-05
12.550700	1.080792785e-05
12.555701	1.135453241e-05
12.560701	1.255528088e-05
12.565701	1.369298428e-05
12.570702	1.420537113e-05
12.575702	1.397781825e-05
12.580702	1.319432081e-05
12.585702	1.209031574e-05
12.590703	1.098649072e-05
12.595703	1.036407387e-05
12.600703	1.057793440e-05
12.605703	1.146526902e-05
12.610704	1.238736805e-05
12.615704	1.269129338e-05
12.620704	1.214590798e-05
12.625705	1.102560004e-05
12.630705	9.838645442e-06
12.635705	8.984765056e-06
12.640705	8.622150436e-06
12.645706	8.705609654e-06
12.650706	9.042665058e-06
12.655706	9.379610936e-06
12.660707	9.523057974e-06
12.665707	9.425230352e-06
12.670707	9.241008240e-06
12.675707	9.318765409e-06
12.680708	9.968004249e-06
12.685708	1.109503111e-05
12.690708	1.216030838e-05
12.695709	1.265993796e-05
12.700709	1.263747740e-05
12.705709	1.261343258e-05
12.710709	1.302604796e-05
12.715710	1.384411213e-05
12.720710	1.471677405e-05
12.725710	1.537413470e-05
12.730710	1.582363177e-05
12.735711	1.620651642e-05
12.740711	1.654024817e-05
12.745711	1.666702075e-05
12.750712	1.644318853e-05
12.755712	1.591714900e-05
12.760712	1.533358516e-05
12.765712	1.499326372e-05
12.770713	1.504777769e-05
12.775713	1.536077950e-05
12.780713	1.557887843e-05
12.785714	1.540224110e-05
12.790714	1.481854750e-05
12.795714	1.401684600e-05
12.800714	1.310524239e-05
12.805715	1.210311850e-05
12.810715	1.115312349e-05
12.815715	1.040986318e-05
12.820715	9.744471566e-06
12.825716	8.912151557e-06
12.830716	7.991128185e-06
12.835716	7.327543260e-06
12.840717	7.041875585e-06
12.845717	6.863393692e-06
12.850717	6.500056198e-06
12.855717	5.956292528e-06
12.860718	5.404482295e-06
12.865718	4.943923007e-06
12.870718	4.630254952e-06
12.875719	4.587260366e-06
12.880719	4.920765418e-06
12.885719	5.594426811e-06
12.890719	6.490281287e-06
12.895720	7.527792658e-06
12.900720	8.644621913e-06
12.905720	9.695890470e-06
12.910721	1.044075509e-05
12.915721	1.068553341e-05
12.920721	1.048200231e-05
12.925721	1.012017840e-05
12.930722	9.848513547e-06
12.935722	9.719346514e-06
12.940722	9.811005177e-06
12.945722	1.035402500e-05
12.950723	1.137297391e-05
12.955723	1.241800701e-05
12.960723	1.299086697e-05
12.965724	1.311996819e-05
12.970724	1.325343892e-05
12.975724	1.370260474e-05
12.980724	1.439927316e-05
12.985725	1.509344195e-05
12.990725	1.559084806e-05
12.995725	1.580599080e-05
13.000726	1.573492414e-05
13.005726	1.547804029e-05
13.010726	1.525441688e-05
13.015726	1.527945291e-05
13.020727	1.554609470e-05
13.025727	1.576299877e-05
13.030727	1.559043070e-05
13.035727	1.489658920e-05
13.040728	1.375561247e-05
13.045728	1.236856288e-05
13.050728	1.109034017e-05
13.055729	1.035134350e-05
13.060729	1.036670924e-05
13.065729	1.095820051e-05
13.070729	1.172981704e-05
13.075730	1.236715668e-05
13.080730	1.276041717e-05
13.085730	1.296744807e-05
13.090731	1.316761418e-05
13.095731	1.363252453e-05
13.100731	1.460015841e-05
13.105731	1.601885089e-05
13.110732	1.742554902e-05
13.115732	1.821399399e-05
13.120732	1.806494015e-05
13.125733	1.709433157e-05
13.130733	1.566460135e-05
13.135733	1.414993134e-05
13.140733	1.285103924e-05
13.145734	1.200458704e-05
13.150734	1.172467311e-05
13.155734	1.187193806e-05
13.160734	1.205278715e-05
13.165735	1.182395333e-05
13.170735	1.095878531e-05
13.175735	9.648390497e-06
13.180736	8.440335607e-06
13.185736	7.740311024e-06
13.190736	7.325934803e-06
13.195736	6.589163122e-06
13.200737	5.268632346e-06
13.205737	3.713320181e-06
13.210737	2.451612870e-06
13.215738	1.730336263e-06
13.220738	1.488415379e-06
13.225738	1.600995403e-06
13.230738	2.026924145e-06
13.235739	2.691360702e-06
13.240739	3.315242796e-06
13.245739	3.549629367e-06
13.250739	3.325188489e-06
13.255740	2.924014346e-06
13.260740	2.608707745e-06
13.265740	2.274683479e-06
13.270741	1.665993007e-06
13.275741	8.652966468e-07
13.280741	2.146991252e-07
13.285741	-2.254441240e-07
13.290742	-7.075121698e-07
13.295742	-1.249879905e-06
13.300742	-1.441429658e-06
13.305743	-8.898119139e-07
13.310743	3.329489109e-07
13.315743	1.687038549e-06
13.320743	2.504777958e-06
13.325744	2.453733019e-06
13.330744	1.791179309e-06
13.335744	1.130186372e-06
13.340745	9.171379987e-07
13.345745	1.120022666e-06
13.350745	1.404597191e-06
13.355745	1.576304960e-06
13.360746	1.739373107e-06
13.365746	2.012034536e-06
13.370746	2.292484677e-06
13.375746	2.422071502e-06
13.380747	2.436497914e-06
13.385747	2.534411479e-06
13.390747	2.860171651e-06
13.395748	3.377473687e-06
13.400748	3.929281137e-06
13.405748	4.388385309e-06
13.410748	4.674425205e-06
13.415749	4.600052152e-06
13.420749	3.892726517e-06
13.425749	2.531065538e-06
13.430750	9.499282969e-07
13.435750	-2.271816318e-07
13.440750	-6.066212116e-07
13.445750	-1.485347673e-07
13.450751	9.595705411e-07
13.455751	2.421804661e-06
13.460751	3.890199673e-06
13.465751	5.045480823e-06
13.470752	5.741849348e-06
13.475752	6.086998544e-06
13.480752	6.307218293e-06
13.485753	6.546554636e-06
13.490753	6.868694211e-06
13.495753	7.356066564e-06
13.500753	8.006541410e-06
13.505754	8.571100628e-06
13.510754	8.732616529e-06
13.515754	8.478887705e-06
13.520755	8.149473293e-06
13.525755	8.133043498e-06
13.530755	8.584005000e-06
13.535755	9.314333362e-06
13.540756	9.870534621e-06
13.545756	9.814758733e-06
13.550756	9.082736338e-06
13.555757	8.107976312e-06
13.560757	7.497069750e-06
13.565757	7.507300823e-06
13.570757	7.869029518e-06
13.575758	8.127221953e-06
13.580758	8.098780715e-06
13.585758	7.940478248e-06
13.590758	7.798170829e-06
13.595759	7.559667268e-06
13.600759	7.120378233e-06
13.605759	6.765505698e-06
13.610760	6.938300727e-06
13.615760	7.566628085e-06
13.620760	7.960133661e-06
13.625760	7.548220673e-06
13.630761	6.489524839e-06
13.635761	5.440838166e-06
13.640761	4.975996619e-06
13.645762	5.332774590e-06
13.650762	6.406912135e-06
13.655762	7.752681537e-06
13.660762	8.783659297e-06
13.665763	9.217772331e-06
13.670763	9.268723900e-06
13.675763	9.288003054e-06
13.680763	9.359487557e-06
13.685764	9.422851685e-06
13.690764	9.634877260e-06
13.695764	1.029089719e-05
13.700765	1.137183964e-05
13.705765	1.244020081e-05
13.710765	1.312764657e-05
13.715765	1.353986436e-05
13.720766	1.400055609e-05
13.725766	1.457010302e-05
13.730766	1.502691202e-05
13.735767	1.518055465e-05
13.740767	1.502086270e-05
13.745767	1.465017220e-05
13.750767	1.418485565e-05
13.755768	1.369636024e-05
13.760768	1.320554575e-05
13.765768	1.272704745e-05
13.770769	1.230549897e-05
13.775769	1.196249691e-05
13.780769	1.158977188e-05
13.785769	1.095841268e-05
13.790770	9.915349274e-06
13.795770	8.617956428e-06
13.800770	7.507008830e-06
13.805770	6.865835024e-06
13.810771	6.434957686e-06
13.815771	5.713541914e-06
13.820771	4.604243651e-06
13.825772	3.511211756e-06
13.830772	2.851783014e-06
13.835772	2.655541638e-06
13.840772	2.623344331e-06
13.845773	2.499433002e-06
13.850773	2.337620363e-06
13.855773	2.335367419e-06
13.860774	2.489674610e-06
13.865774	2.617965382e-06
13.870774	2.668195107e-06
13.875774	2.794071727e-06
13.880775	3.122316268e-06
13.885775	3.556757814e-06
13.890775	3.836524652e-06
13.895775	3.781036068e-06
13.900776	3.460328957e-06
13.905776	3.112009260e-06
13.910776	2.936162813e-06
13.915777	2.987146518e-06
13.920777	3.187202010e-06
13.925777	3.384620181e-06
13.930777	3.432562612e-06
13.935778	3.295339885e-06
13.940778	3.118738578e-06
13.945778	3.163680941e-06
13.950779	3.632598411e-06
13.955779	4.504966158e-06
13.960779	5.482074537e-06
13.965779	6.141165576e-06
13.970780	6.243179543e-06
13.975780	5.948890176e-06
13.980780	5.773206050e-06
13.985781	6.256950248e-06
13.990781	7.505291521e-06
13.995781	9.008280406e-06
14.000781	1.002598342e-05
14.005782	1.016948619e-05
14.010782	9.594588146e-06
14.015782	8.774813341e-06
14.020782	8.209749148e-06
14.025783	8.268937142e-06
14.030783	9.108373725e-06
14.035783	1.058730864e-05
14.040784	1.233318012e-05
14.045784	1.399682199e-05
14.050784	1.538244183e-05
14.055784	1.634978607e-05
14.060785	1.681764709e-05
14.065785	1.694108551e-05
14.070785	1.707188979e-05
14.075786	1.740613279e-05
14.080786	1.779589060e-05
14.085786	1.796399591e-05
14.090786	1.778356513e-05
14.095787	1.735226421e-05
14.100787	1.690875119e-05
14.105787	1.672206673e-05
14.110787	1.711462402e-05
14.115788	1.868705443e-05
14.120788	2.286576711e-05
14.125788	3.345324003e-05
14.130789	5.953587381e-05
14.135789	1.175238747e-04
14.140789	2.281219379e-04
14.145789	4.077672077e-04
14.150790	6.615366130e-04
14.155790	9.854995925e-04
14.160790	1.376868710e-03
14.165791	1.840080965e-03
14.170791	2.379897880e-03
14.175791	2.988318466e-03
14.180791	3.641427537e-03
14.185792	4.313123897e-03
14.190792	4.996143393e-03
14.195792	5.711439420e-03
14.200792	6.491791186e-03
14.205793	7.345851590e-03
14.210793	8.230935791e-03
14.215793	9.062567132e-03
14.220794	9.759665424e-03
14.225794	1.029128963e-02
14.230794	1.068768472e-02
14.235794	1.101076524e-02
14.240795	1.131511407e-02
14.245795	1.163295597e-02
14.250795	1.198572703e-02
14.255796	1.239751874e-02
14.260796	1.288963233e-02
14.265796	1.346055648e-02
14.270796	1.407336135e-02
14.275797	1.466765766e-02
14.280797	1.519262619e-02
14.285797	1.563854530e-02
14.290798	1.604076142e-02
14.295798	1.644899123e-02
14.300798	1.688609311e-02
14.305798	1.733237261e-02
14.310799	1.774746896e-02
14.315799	1.810698643e-02
14.320799	1.842028778e-02
14.325799	1.871626984e-02
14.330800	1.901344209e-02
14.335800	1.930225932e-02
14.340800	1.955525558e-02
14.345801	1.975745448e-02
14.350801	1.993133922e-02
14.355801	2.013250578e-02
14.360801	2.041751978e-02
14.365802	2.081028609e-02
14.370802	2.129229910e-02
14.375802	2.182159723e-02
14.380803	2.236386820e-02
14.385803	2.291001252e-02
14.390803	2.346953886e-02
14.395803	2.405473310e-02
14.400804	2.467215857e-02
14.405804	2.532043403e-02
14.410804	2.598766322e-02
14.415804	2.664932877e-02
14.420805	2.727136362e-02
14.425805	2.781850251e-02
14.430805	2.826247779e-02
14.435806	2.858733134e-02
14.440806	2.879365429e-02
14.445806	2.890018550e-02
14.450806	2.893848652e-02
14.455807	2.894174267e-02
14.460807	2.893279648e-02
14.465807	2.891595259e-02
14.470808	2.887688415e-02
14.475808	2.879083652e-02
14.480808	2.863258354e-02
14.485808	2.838337050e-02
14.490809	2.803601081e-02
14.495809	2.759883152e-02
14.500809	2.709692529e-02
14.505810	2.657053627e-02
14.510810	2.607166671e-02
14.515810	2.565879920e-02
14.520810	2.538748732e-02
14.525811	2.529631855e-02
14.530811	2.539625471e-02
14.535811	2.567488928e-02
14.540811	2.611271725e-02
14.545812	2.669190794e-02
14.550812	2.738736965e-02
14.555812	2.815538101e-02
14.560813	2.893864452e-02
14.565813	2.968285448e-02
14.570813	3.034459730e-02
14.575813	3.088498879e-02
14.580814	3.126414657e-02
14.585814	3.144851859e-02
14.590814	3.142439896e-02
14.595815	3.120374047e-02
14.600815	3.081739002e-02
14.605815	3.030159714e-02
14.610815	2.968677271e-02
14.615816	2.899332508e-02
14.620816	2.823335091e-02
14.625816	2.741439200e-02
14.630816	2.654215644e-02
14.635817	2.562177761e-02
14.640817	2.466045680e-02
14.645817	2.367347955e-02
14.650818	2.269104097e-02
14.655818	2.176058384e-02
14.660818	2.094012984e-02
14.665818	2.028281078e-02
14.670819	1.982074994e-02
14.675819	1.955939248e-02
14.680819	1.948487330e-02
14.685820	1.957644843e-02
14.690820	1.981560901e-02
14.695820	2.018982554e-02
14.700820	2.069254166e-02
14.705821	2.131965819e-02
14.710821	2.206103145e-02
14.715821	2.288991890e-02
14.720822	2.376012365e-02
14.725822	2.461723819e-02
14.730822	2.541741918e-02
14.735822	2.614113799e-02
14.740823	2.679694726e-02
14.745823	2.741934085e-02
14.750823	2.806297797e-02
14.755823	2.878715307e-02
14.760824	2.962812019e-02
14.765824	3.057467296e-02
14.770824	3.156675053e-02
14.775825	3.251777062e-02
14.780825	3.334485966e-02
14.785825	3.399277849e-02
14.790825	3.444562549e-02
14.795826	3.472428554e-02
14.800826	3.486987304e-02
14.805826	3.492188564e-02
14.810827	3.490903284e-02
14.815827	3.485936050e-02
14.820827	3.480884986e-02
14.825827	3.478746157e-02
14.830828	3.479521452e-02
14.835828	3.479803948e-02
14.840828	3.475320871e-02
14.845828	3.464634465e-02
14.850829	3.450989478e-02
14.855829	3.440339634e-02
14.860829	3.436636068e-02
14.865830	3.438140978e-02
14.870830	3.437742196e-02
14.875830	3.426374130e-02
14.880830	3.396152005e-02
14.885831	3.341399822e-02
14.890831	3.258599198e-02
14.895831	3.146948899e-02
14.900832	3.009812001e-02
14.905832	2.855545560e-02
14.910832	2.695856276e-02
14.915832	2.541774298e-02
14.920833	2.399540041e-02
14.925833	2.268672836e-02
14.930833	2.142902073e-02
14.935834	2.013116989e-02
14.940834	1.870448266e-02
14.945834	1.707753994e-02
14.950834	1.519633804e-02
14.955835	1.302952060e-02
14.960835	1.059021777e-02
14.965835	7.953621448e-03
14.970835	5.237004745e-03
14.975836	2.542783513e-03
14.980836	-9.094722158e-05
14.985836	-2.687784503e-03
14.990837	-5.281800773e-03
14.995837	-7.867205795e-03
15.000837	-1.039374839e-02
15.005837	-1.280640752e-02
15.010838	-1.508933393e-02
15.015838	-1.727624377e-02
15.020838	-1.942657678e-02
15.025839	-2.160147850e-02
15.030839	-2.386367501e-02
15.035839	-2.628170130e-02
15.040839	-2.890524174e-02
15.045840	-3.171348556e-02
15.050840	-3.457613256e-02
15.055840	-3.726965435e-02
15.060840	-3.955552734e-02
15.065841	-4.127807458e-02
15.070841	-4.242282214e-02
15.075841	-4.310586321e-02
15.080842	-4.350971758e-02
15.085842	-4.381000497e-02
15.090842	-4.413532460e-02
15.095842	-4.457097783e-02
15.100843	-4.518217934e-02
15.105843	-4.602526823e-02
15.110843	-4.713566883e-02
15.115844	-4.850742222e-02
15.120844	-5.009054362e-02
15.125844	-5.181677294e-02
15.130844	-5.363512009e-02
15.135845	-5.552967594e-02
15.140845	-5.751459885e-02
15.145845	-5.962373751e-02
15.150846	-6.190095312e-02
15.155846	-6.437514774e-02
15.160846	-6.702061201e-02
15.165846	-6.973838172e-02
15.170847	-7.238682704e-02
15.175847	-7.484793782e-02
15.180847	-7.709125233e-02
15.185847	-7.919564069e-02
15.190848	-8.130096542e-02
15.195848	-8.350450302e-02
15.200848	-8.578491862e-02
15.205849	-8.804819874e-02
15.210849	-9.026533001e-02
15.215849	-9.253359160e-02
15.220849	-9.496755417e-02
15.225850	-9.754110546e-02
15.230850	-1.000611716e-01
15.235850	-1.022955485e-01
15.240851	-1.041213848e-01
15.245851	-1.055674620e-01
15.250851	-1.067369791e-01
15.255851	-1.076944708e-01
15.260852	-1.084190818e-01
15.265852	-1.088610747e-01
15.270852	-1.090380981e-01
15.275852	-1.090645041e-01
15.280853	-1.090703290e-01
15.285853	-1.090779313e-01
15.290853	-1.089524615e-01
15.295854	-1.084771230e-01
15.300854	-1.074853102e-01
15.305854	-1.059300451e-01
15.310854	-1.038399376e-01
15.315855	-1.012173349e-01
15.320855	-9.797557232e-02
15.325855	-9.397077173e-02
15.330856	-8.910501746e-02
15.335856	-8.343311471e-02
15.340856	-7.721656771e-02
15.345856	-7.088784812e-02
15.350857	-6.491536662e-02
15.355857	-5.963545524e-02
15.360857	-5.517483152e-02
15.365858	-5.151011469e-02
15.370858	-4.856805734e-02
15.375858	-4.625566279e-02
15.380858	-4.442855278e-02
15.385859	-4.288118665e-02
15.390859	-4.140134881e-02
15.395859	-3.985612380e-02
15.400859	-3.824856750e-02
15.405860	-3.670859755e-02
15.410860	-3.542327955e-02
15.415860	-3.454385764e-02
15.420861	-3.411754003e-02
15.425861	-3.407848030e-02
15.430861	-3.429839661e-02
15.435861	-3.465775265e-02
15.440862	-3.508760653e-02
15.445862	-3.556746192e-02
15.450862	-3.610641720e-02
15.455863	-3.673591318e-02
15.460863	-3.751347644e-02
15.465863	-3.851773503e-02
15.470863	-3.982093247e-02
15.475864	-4.145478037e-02
15.480864	-4.340757849e-02
15.485864	-4.565803193e-02
15.490864	-4.820526567e-02
15.495865	-5.107188725e-02
15.500865	-5.429451686e-02
15.505865	-5.790816321e-02
15.510866	-6.191713710e-02
15.515866	-6.626684406e-02
15.520866	-7.084988475e-02
15.525866	-7.555146780e-02
15.530867	-8.029799916e-02
15.535867	-8.508193387e-02
15.540867	-8.996126203e-02
15.545868	-9.502317366e-02
15.550868	-1.003134612e-01
15.555868	-1.057860639e-01
15.560868	-1.113248555e-01
15.565869	-1.168067120e-01
15.570869	-1.221293125e-01
15.575869	-1.271855193e-01
15.580870	-1.318389875e-01
15.585870	-1.359513278e-01
15.590870	-1.394523203e-01
15.595870	-1.423988513e-01
15.600871	-1.449682493e-01
15.605871	-1.473723915e-01
15.610871	-1.497401759e-01
15.615871	-1.520561884e-01
15.620872	-1.542080280e-01
15.625872	-1.561008019e-01
15.630872	-1.577413631e-01
15.635873	-1.592260606e-01
15.640873	-1.606451709e-01
15.645873	-1.619862758e-01
15.650873	-1.631311119e-01
15.655874	-1.639779671e-01
15.660874	-1.646100987e-01
15.665874	-1.653489027e-01
15.670875	-1.665961984e-01
15.675875	-1.685741390e-01
15.680875	-1.711817584e-01
15.685875	-1.740525555e-01
15.690876	-1.767176682e-01
15.695876	-1.787824507e-01
15.700876	-1.800938901e-01
15.705876	-1.808291489e-01
15.710877	-1.813904421e-01
15.715877	-1.821321367e-01
15.720877	-1.831432535e-01
15.725878	-1.842733961e-01
15.730878	-1.853332603e-01
15.735878	-1.862436590e-01
15.740878	-1.870106728e-01
15.745879	-1.875945680e-01
15.750879	-1.878072430e-01
15.755879	-1.873056715e-01
15.760880	-1.856636248e-01
15.765880	-1.824836493e-01
15.770880	-1.775328838e-01
15.775880	-1.708430484e-01
15.780881	-1.626320961e-01
15.785881	-1.530482187e-01
15.790881	-1.420245683e-01
15.795882	-1.294210619e-01
15.800882	-1.152465552e-01
15.805882	-9.978551343e-02
15.810882	-8.368063455e-02
15.815883	-6.788363640e-02
15.820883	-5.330148458e-02
15.825883	-4.034544623e-02
15.830883	-2.882140286e-02
15.835884	-1.822436412e-02
15.840884	-8.082971387e-03
15.845884	1.898657884e-03
15.850885	1.183847872e-02
15.855885	2.170400578e-02
15.860885	3.136805773e-02
15.865885	4.067114224e-02
15.870886	4.944753460e-02
15.875886	5.757564988e-02
15.880886	6.511165791e-02
15.885887	7.238541336e-02
15.890887	7.989097163e-02
15.895887	8.800876800e-02
15.900887	9.676962980e-02
15.905888	1.058206385e-01
15.910888	1.146077841e-01
15.915888	1.226972417e-01
15.920888	1.300838161e-01
15.925889	1.372555204e-01
15.930889	1.448704312e-01
15.935889	1.532465236e-01
15.940890	1.621065023e-01
15.945890	1.707835545e-01
15.950890	1.786502709e-01
15.955890	1.854161110e-01
15.960891	1.911646727e-01
15.965891	1.962024210e-01
15.970891	2.008341338e-01
15.975892	2.051849844e-01
15.980892	2.091696595e-01
15.985892	2.126116446e-01
15.990892	2.154100833e-01
15.995893	2.176348872e-01
16.000893	2.194974623e-01
16.005893	2.212351550e-01
16.010894	2.230029300e-01
16.015894	2.248376795e-01
16.020894	2.266747598e-01
16.025894	2.283612883e-01
16.030895	2.296642284e-01
16.035895	2.303150448e-01
16.040895	2.301012447e-01
16.045895	2.289613060e-01
16.050896	2.270240953e-01
16.055896	2.245562206e-01
16.060896	2.218174796e-01
16.065897	2.188791798e-01
16.070897	2.155231867e-01
16.075897	2.113333546e-01
16.080897	2.059694918e-01
16.085898	1.994637100e-01
16.090898	1.923233854e-01
16.095898	1.853192991e-01
16.100899	1.790570863e-01
16.105899	1.736219440e-01
16.110899	1.685477229e-01
16.115899	1.631074633e-01
16.120900	1.566960552e-01
16.125900	1.490579024e-01
16.130900	1.402761490e-01
16.135900	1.306122232e-01
16.140901	1.203271449e-01
16.145901	1.095779713e-01
16.150901	9.844090267e-02
16.155902	8.701611151e-02
16.160902	7.547082108e-02
16.165902	6.395753957e-02
16.170902	5.251378877e-02
16.175903	4.104151919e-02
16.180903	2.934465964e-02
16.185903	1.720887274e-02
16.190904	4.543567178e-03
16.195904	-8.512449634e-03
16.200904	-2.167490531e-02
16.205904	-3.471408039e-02
16.210905	-4.753137653e-02
16.215905	-6.008286653e-02
16.220905	-7.235222512e-02
16.225906	-8.442960372e-02
16.230906	-9.650524568e-02
16.235906	-1.086987834e-01
16.240906	-1.209358147e-01
16.245907	-1.330447252e-01
16.250907	-1.449557091e-01
16.255907	-1.567954903e-01
16.260907	-1.688004314e-01
16.265908	-1.810847513e-01
16.270908	-1.934141939e-01
16.275908	-2.052029648e-01
16.280909	-2.157696882e-01
16.285909	-2.246317119e-01
16.290909	-2.316628963e-01
16.295909	-2.371171609e-01
16.300910	-2.414537856e-01
16.305910	-2.448792220e-01
16.310910	-2.468847469e-01
16.315911	-2.462530186e-01
16.320911	-2.416233050e-01
16.325911	-2.323270572e-01
16.330911	-2.190335851e-01
16.335912	-2.035900050e-01
16.340912	-1.879068687e-01
16.345912	-1.727531018e-01
16.350912	-1.575101652e-01
16.355913	-1.410359937e-01
16.360913	-1.229215319e-01
16.365913	-1.042368941e-01
16.370914	-8.723564139e-02
16.375914	-7.413752328e-02
16.380914	-6.575681464e-02
16.385914	-6.094915591e-02
16.390915	-5.730925566e-02
16.395915	-5.263221406e-02
16.400915	-4.612384674e-02
16.405916	-3.857534424e-02
16.410916	-3.147997813e-02
16.415916	-2.583600688e-02
16.420916	-2.156045811e-02
16.425917	-1.786797207e-02
16.430917	-1.417924566e-02
16.435917	-1.075608837e-02
16.440918	-8.526232327e-03
16.445918	-8.261706077e-03
16.450918	-9.849018704e-03
16.455918	-1.228250201e-02
16.460919	-1.434640309e-02
16.465919	-1.540446045e-02
16.470919	-1.570401894e-02
16.475919	-1.601540925e-02
16.480920	-1.693261128e-02
16.485920	-1.840744290e-02
16.490920	-1.988810746e-02
16.495921	-2.093084625e-02
16.500921	-2.174958433e-02
16.505921	-2.319785403e-02
16.510921	-2.614838973e-02
16.515922	-3.079024251e-02
16.520922	-3.646101609e-02
16.525922	-4.211747603e-02
16.530923	-4.699072220e-02
16.535923	-5.093025337e-02
16.540923	-5.427443084e-02
16.545923	-5.741611556e-02
16.550924	-6.040141392e-02
16.555924	-6.281913137e-02
16.560924	-6.396981307e-02
16.565924	-6.311926921e-02
16.570925	-5.967923241e-02
16.575925	-5.329866517e-02
16.580925	-4.392944402e-02
16.585926	-3.189532262e-02
16.590926	-1.791345492e-02
16.595926	-2.993748088e-03
16.600926	1.178910614e-02
16.605927	2.556724283e-02
16.610927	3.789562483e-02
16.615927	4.882860541e-02
16.620928	5.875819575e-02
16.625928	6.798881176e-02
16.630928	7.630156378e-02
16.635928	8.295827829e-02
16.640929	8.727514418e-02
16.645929	8.928664568e-02
16.650929	8.987981567e-02
16.655930	9.028941811e-02
16.660930	9.139415631e-02
16.665930	9.332686459e-02
16.670930	9.558864201e-02
16.675931	9.749111805e-02
16.680931	9.859173329e-02
16.685931	9.888610510e-02
16.690931	9.873359115e-02
16.695932	9.862962955e-02
16.700932	9.898618708e-02
16.705932	1.000885860e-01
16.710933	1.022822469e-01
16.715933	1.061820353e-01
16.720933	1.125681863e-01
16.725933	1.219069590e-01
16.730934	1.338784380e-01
16.735934	1.473726631e-01
16.740934	1.609802636e-01
16.745935	1.735432689e-01
16.750935	1.843777859e-01
16.755935	1.931927274e-01
16.760935	1.999631393e-01
16.765936	2.049061234e-01
16.770936	2.085093797e-01
16.775936	2.114946085e-01
16.780936	2.146533361e-01
16.785937	2.185781769e-01
16.790937	2.234057052e-01
16.795937	2.287504086e-01
16.800938	2.339145096e-01
16.805938	2.382458988e-01
16.810938	2.414260831e-01
16.815938	2.435491614e-01
16.820939	2.449628522e-01
16.825939	2.459697728e-01
16.830939	2.466159895e-01
16.835940	2.467485660e-01
16.840940	2.462656877e-01
16.845940	2.452971528e-01
16.850940	2.441681170e-01
16.855941	2.432271626e-01
16.860941	2.426778294e-01
16.865941	2.424863058e-01
16.870942	2.424045133e-01
16.875942	2.421123317e-01
16.880942	2.413959327e-01
16.885942	2.402395000e-01
16.890943	2.387799773e-01
16.895943	2.371728998e-01
16.900943	2.354591001e-01
16.905943	2.335214958e-01
16.910944	2.311716567e-01
16.915944	2.282973581e-01
16.920944	2.249503163e-01
16.925945	2.213296439e-01
16.930945	2.177022886e-01
16.935945	2.143163021e-01
16.940945	2.113518531e-01
16.945946	2.089243507e-01
16.950946	2.071043187e-01
16.955946	2.059192788e-01
16.960947	2.053538869e-01
16.965947	2.053698622e-01
16.970947	2.059247548e-01
16.975947	2.069669079e-01
16.980948	2.084186646e-01
16.985948	2.101704630e-01
16.990948	2.120966054e-01
16.995948	2.140857172e-01
17.000949	2.160612235e-01
17.005949	2.179755492e-01
17.010949	2.197926734e-01
17.015950	2.214792686e-01
17.020950	2.230005717e-01
17.025950	2.243117621e-01
17.030950	2.253525608e-01
17.035951	2.260484309e-01
17.040951	2.263032867e-01
17.045951	2.259872205e-01
17.050952	2.249628011e-01
17.055952	2.231701203e-01
17.060952	2.207054508e-01
17.065952	2.178084467e-01
17.070953	2.147567445e-01
17.075953	2.117345172e-01
17.080953	2.087410965e-01
17.085954	2.055967186e-01
17.090954	2.020716999e-01
17.095954	1.980665869e-01
17.100954	1.936907812e-01
17.105955	1.891521582e-01
17.110955	1.845423361e-01
17.115955	1.797150665e-01
17.120955	1.743977527e-01
17.125956	1.684763804e-01
17.130956	1.622141025e-01
17.135956	1.561919811e-01
17.140957	1.509948631e-01
17.145957	1.468835320e-01
17.150957	1.437007981e-01
17.155957	1.410650701e-01
17.160958	1.386841535e-01
17.165958	1.365527126e-01
17.170958	1.349040159e-01
17.175959	1.339625054e-01
17.180959	1.336825960e-01
17.185959	1.336777134e-01
17.190959	1.334029849e-01
17.195960	1.324544912e-01
17.200960	1.307615548e-01
17.205960	1.285413513e-01
17.210960	1.260723566e-01
17.215961	1.234764522e-01
17.220961	1.206674219e-01
17.225961	1.174645469e-01
17.230962	1.137499622e-01
17.235962	1.095535870e-01
17.240962	1.050213411e-01
17.245962	1.003033469e-01
17.250963	9.545918576e-02
17.255963	9.045613706e-02
17.260963	8.523634614e-02
17.265964	7.976784238e-02
17.270964	7.403662661e-02
17.275964	6.801098445e-02
17.280964	6.163716242e-02
17.285965	5.488871011e-02
17.290965	4.781933440e-02
17.295965	4.055243322e-02
17.300966	3.321771474e-02
17.305966	2.590665188e-02
17.310966	1.868081509e-02
17.315966	1.160736838e-02
17.320967	4.797409469e-03
17.325967	-1.558379833e-03
17.330967	-7.182870653e-03
17.335967	-1.177567668e-02
17.340968	-1.513981813e-02
17.345968	-1.729053315e-02
17.350968	-1.846085854e-02
17.355969	-1.901428015e-02
17.360969	-1.935268894e-02
17.365969	-1.986564899e-02
17.370969	-2.089035218e-02
17.375970	-2.265816056e-02
17.380970	-2.525640901e-02
17.385970	-2.864441064e-02
17.390971	-3.272293591e-02
17.395971	-3.741305567e-02
17.400971	-4.269031215e-02
17.405971	-4.855228981e-02
17.410972	-5.495728806e-02
17.415972	-6.180894616e-02
17.420972	-6.900807191e-02
17.425972	-7.648922782e-02
17.430973	-8.417420508e-02
17.435973	-9.192456485e-02
17.440973	-9.959998290e-02
17.445974	-1.071340091e-01
17.450974	-1.144595311e-01
17.455974	-1.213304634e-01
17.460974	-1.272615351e-01
17.465975	-1.316841654e-01
17.470975	-1.341823403e-01
17.475975	-1.345944586e-01
17.480976	-1.328975936e-01
17.485976	-1.290269383e-01
17.490976	-1.228730947e-01
17.495976	-1.144862637e-01
17.500977	-1.042876273e-01
17.505977	-9.312171438e-02
17.510977	-8.211089257e-02
17.515978	-7.235611670e-02
17.520978	-6.462376480e-02
17.525978	-5.919485255e-02
17.530978	-5.594456441e-02
17.535979	-5.454817733e-02
17.540979	-5.463068860e-02
17.545979	-5.578213696e-02
17.550979	-5.752858566e-02
17.555980	-5.937507827e-02
17.560980	-6.093426740e-02
17.565980	-6.207016021e-02
17.570981	-6.295340871e-02
17.575981	-6.394704260e-02
17.580981	-6.535725578e-02
17.585981	-6.720401118e-02
17.590982	-6.915596605e-02
17.595982	-7.064459122e-02
17.600982	-7.103110366e-02
17.605983	-6.969518312e-02
17.610983	-6.608912216e-02
17.615983	-5.988717650e-02
17.620983	-5.119004754e-02
17.625984	-4.062259740e-02
17.630984	-2.925452208e-02
17.635984	-1.834951903e-02
17.640984	-8.984273500e-03
17.645985	-1.701141822e-03
17.650985	3.585846453e-03
17.655985	7.379504405e-03
17.660986	1.026053709e-02
17.665986	1.265564912e-02
17.670986	1.480483014e-02
17.675986	1.684230348e-02
17.680987	1.886148082e-02
17.685987	2.091875365e-02
17.690987	2.299966981e-02
17.695988	2.498088381e-02
17.700988	2.663397547e-02
17.705988	2.769578531e-02
17.710988	2.794483512e-02
17.715989	2.721697481e-02
17.720989	2.541182407e-02
17.725989	2.258107347e-02
17.730990	1.906383534e-02
17.735990	1.552646313e-02
17.740990	1.280667793e-02
17.745990	1.160031831e-02
17.750991	1.215897959e-02
17.755991	1.419221884e-02
17.760991	1.705131101e-02
17.765991	2.008762345e-02
17.770992	2.294979527e-02
17.775992	2.561626272e-02
17.780992	2.816725525e-02
17.785993	3.051561674e-02
17.790993	3.232422789e-02
17.795993	3.314088684e-02
17.800993	3.262313687e-02
17.805994	3.074773912e-02
17.810994	2.793120663e-02
17.815994	2.494114936e-02
17.820995	2.256071417e-02
17.825995	2.119703800e-02
17.830995	2.070305499e-02
17.835995	2.051632230e-02
17.840996	2.000120689e-02
17.845996	1.876379382e-02
17.850996	1.675527323e-02
17.855996	1.415222925e-02
17.860997	1.114339641e-02
17.865997	7.779866420e-03
17.870997	3.981702637e-03
17.875998	-3.342772673e-04
17.880998	-5.136911391e-03
17.885998	-1.026358168e-02
17.890998	-1.548066961e-02
17.895999	-2.055717524e-02
17.900999	-2.531002483e-02
17.905999	-2.959402843e-02
17.911000	-3.325109373e-02
17.916000	-3.609001615e-02
17.921000	-3.793927672e-02
17.926000	-3.873622868e-02
17.931001	-3.858919957e-02
17.936001	-3.776691834e-02
17.941001	-3.660829036e-02
17.946002	-3.540642851e-02
17.951002	-3.434737632e-02
17.956002	-3.353116694e-02
17.961002	-3.303084620e-02
17.966003	-3.292389601e-02
17.971003	-3.326504906e-02
17.976003	-3.403467215e-02
17.981003	-3.512885696e-02
17.986004	-3.641444452e-02
17.991004	-3.781832705e-02
17.996004	-3.940492204e-02
18.001005	-4.138586457e-02
18.006005	-4.402008043e-02
18.011005	-4.745002895e-02
18.016005	-5.160147095e-02
18.021006	-5.623114879e-02
18.026006	-6.107699055e-02
18.031006	-6.598438937e-02
18.036007	-7.092321632e-02
18.041007	-7.592714520e-02
18.046007	-8.105091995e-02
18.051007	-8.638099467e-02
18.056008	-9.203928282e-02
18.061008	-9.812077098e-02
18.066008	-1.045985290e-01
18.071008	-1.112994992e-01
18.076009	-1.180130438e-01
18.081009	-1.246533877e-01
18.086009	-1.313027148e-01
18.091010	-1.380595170e-01
18.096010	-1.448279262e-01
18.101010	-1.512683776e-01
18.106010	-1.569730815e-01
18.111011	-1.616929551e-01
18.116011	-1.653997506e-01
18.121011	-1.681576508e-01
18.126012	-1.699629771e-01
18.131012	-1.707036049e-01
18.136012	-1.702548568e-01
18.141012	-1.686294910e-01
18.146013	-1.660840780e-01
18.151013	-1.631044459e-01
18.156013	-1.602531186e-01
18.161014	-1.579646585e-01
18.166014	-1.564257564e-01
18.171014	-1.556006099e-01
18.176014	-1.553314001e-01
18.181015	-1.554094651e-01
18.186015	-1.556001809e-01
18.191015	-1.556723921e-01
18.196015	-1.554534019e-01
18.201016	-1.548796019e-01
18.206016	-1.540034915e-01
18.211016	-1.529436397e-01
18.216017	-1.518104363e-01
18.221017	-1.506666186e-01
18.226017	-1.495452367e-01
18.231017	-1.484902305e-01
18.236018	-1.475775405e-01
18.241018	-1.469019971e-01
18.246018	-1.465298010e-01
18.251019	-1.464403216e-01
18.256019	-1.465230435e-01
18.261019	-1.466725330e-01
18.266019	-1.469134336e-01
18.271020	-1.474284052e-01
18.276020	-1.484508035e-01
18.281020	-1.501116862e-01
18.286020	-1.523508867e-01
18.291021	-1.549297995e-01
18.296021	-1.575262463e-01
18.301021	-1.598740435e-01
18.306022	-1.618909578e-01
18.311022	-1.637259247e-01
18.316022	-1.656883207e-01
18.321022	-1.680978767e-01
18.326023	-1.711537217e-01
18.331023	-1.748923889e-01
18.336023	-1.792158884e-01
18.341024	-1.839432354e-01
18.346024	-1.888830368e-01
18.351024	-1.939200360e-01
18.356024	-1.990507104e-01
18.361025	-2.043222561e-01
18.366025	-2.097317595e-01
18.371025	-2.151925040e-01
18.376026	-2.206062317e-01
18.381026	-2.259609366e-01
18.386026	-2.313316827e-01
18.391026	-2.367708637e-01
18.396027	-2.422185378e-01
18.401027	-2.475419947e-01
18.406027	-2.526557082e-01
18.411027	-2.576013698e-01
18.416028	-2.625396658e-01
18.421028	-2.676856937e-01
18.426028	-2.732264269e-01
18.431029	-2.792298816e-01
18.436029	-2.855676400e-01
18.441029	-2.919187672e-01
18.446029	-2.978992224e-01
18.451030	-3.032394326e-01
18.456030	-3.078557673e-01
18.461030	-3.117589256e-01
18.466031	-3.149132570e-01
18.471031	-3.171869016e-01
18.476031	-3.184053687e-01
18.481031	-3.184299900e-01
18.486032	-3.171942927e-01
18.491032	-3.146640565e-01
18.496032	-3.107328661e-01
18.501032	-3.051530419e-01
18.506033	-2.976319526e-01
18.511033	-2.881112141e-01
18.516033	-2.770733305e-01
18.521034	-2.655969611e-01
18.526034	-2.549606454e-01
18.531034	-2.459919319e-01
18.536034	-2.386972822e-01
18.541035	-2.324679007e-01
18.546035	-2.266077764e-01
18.551035	-2.207515857e-01
18.556036	-2.149725886e-01
18.561036	-2.096051731e-01
18.566036	-2.048933124e-01
18.571036	-2.006398473e-01
18.576037	-1.960786770e-01
18.581037	-1.901349886e-01
18.586037	-1.820035236e-01
18.591038	-1.716644089e-01
18.596038	-1.599062012e-01
18.601038	-1.478001725e-01
18.606038	-1.360410524e-01
18.611039	-1.246455445e-01
18.616039	-1.131249401e-01
18.621039	-1.008780763e-01
18.626039	-8.752814692e-02
18.631040	-7.309662215e-02
18.636040	-5.801607199e-02
18.641040	-4.302041015e-02
18.646041	-2.895963479e-02
18.651041	-1.657571667e-02
18.656041	-6.288038007e-03
18.661041	1.951063159e-03
18.666042	8.676639381e-03
18.671042	1.474151623e-02
18.676042	2.095198215e-02
18.681043	2.768839495e-02
18.686043	3.475976205e-02
18.691043	4.156158427e-02
18.696043	4.741019663e-02
18.701044	5.187694239e-02
18.706044	5.495918694e-02
18.711044	5.699535372e-02
18.716044	5.838837838e-02
18.721045	5.932356010e-02
18.726045	5.966360736e-02
18.731045	5.909708769e-02
18.736046	5.743126597e-02
18.741046	5.478943198e-02
18.746046	5.156475345e-02
18.751046	4.819425923e-02
18.756047	4.491446294e-02
18.761047	4.163274359e-02
18.766047	3.798506556e-02
18.771048	3.354790819e-02
18.776048	2.806927217e-02
18.781048	2.157840315e-02
18.786048	1.433900240e-02
18.791049	6.738355769e-03
18.796049	-7.722806925e-04
18.801049	-7.678476955e-03
18.806050	-1.343345555e-02
18.811050	-1.757534020e-02
18.816050	-1.987790388e-02
18.821050	-2.042381177e-02
18.826051	-1.953585585e-02
18.831051	-1.760751894e-02
18.836051	-1.496132171e-02
18.841051	-1.184226060e-02
18.846052	-8.518809020e-03
18.851052	-5.362196525e-03
18.856052	-2.805468362e-03
18.861053	-1.192665919e-03
18.866053	-6.310962387e-04
18.871053	-9.807111514e-04
18.876053	-2.022243551e-03
18.881054	-3.696606565e-03
18.886054	-6.203091263e-03
18.891054	-9.818824328e-03
18.896055	-1.457304869e-02
18.901055	-2.009567798e-02
18.906055	-2.580717701e-02
18.911055	-3.128759487e-02
18.916056	-3.651433241e-02
18.921056	-4.181142187e-02
18.926056	-4.759974571e-02
18.931056	-5.414005399e-02
18.936057	-6.141800939e-02
18.941057	-6.921898342e-02
18.946057	-7.730238043e-02
18.951058	-8.550272337e-02
18.956058	-9.367166642e-02
18.961058	-1.015606878e-01
18.966058	-1.088234414e-01
18.971059	-1.151781506e-01
18.976059	-1.205490900e-01
18.981059	-1.249763025e-01
18.986060	-1.283225847e-01
18.991060	-1.300572447e-01
18.996060	-1.293520967e-01
19.001060	-1.254372102e-01
19.006061	-1.179799467e-01
19.011061	-1.073177883e-01
19.016061	-9.448647140e-02
19.021062	-8.099062699e-02
19.026062	-6.830875436e-02
19.031062	-5.733290460e-02
19.036062	-4.811257738e-02
19.041063	-4.011172771e-02
19.046063	-3.278080210e-02
19.051063	-2.599835367e-02
19.056063	-2.007333438e-02
19.061064	-1.535892293e-02
19.066064	-1.181436761e-02
19.071064	-8.869392928e-03
19.076065	-5.696354637e-03
19.081065	-1.674970062e-03
19.086065	3.300600784e-03
19.091065	8.881450925e-03
19.096066	1.462584397e-02
19.101066	2.040070449e-02
19.106066	2.654295444e-02
19.111067	3.365919787e-02
19.116067	4.220037102e-02
19.121067	5.214123243e-02
19.126067	6.301705140e-02
19.131068	7.423760105e-02
19.136068	8.535955606e-02
19.141068	9.611370763e-02
19.146068	1.062678163e-01
19.151069	1.155327087e-01
19.156069	1.236296304e-01
19.161069	1.304703404e-01
19.166070	1.362852421e-01
19.171070	1.415573602e-01
19.176070	1.467829884e-01
19.181070	1.522259614e-01
19.186071	1.578180356e-01
19.191071	1.632390315e-01
19.196071	1.681111022e-01
19.201072	1.721988054e-01
19.206072	1.755108233e-01
19.211072	1.782435475e-01
19.216072	1.806042536e-01
19.221073	1.826667494e-01
19.226073	1.843958708e-01
19.231073	1.857901662e-01
19.236074	1.869620469e-01
19.241074	1.880685516e-01
19.246074	1.891808745e-01
19.251074	1.902376645e-01
19.256075	1.911467573e-01
19.261075	1.919594749e-01
19.266075	1.929510348e-01
19.271075	1.945177876e-01
19.276076	1.969901549e-01
19.281076	2.005163030e-01
19.286076	2.050328752e-01
19.291077	2.102558117e-01
19.296077	2.157140195e-01
19.301077	2.208946798e-01
19.306077	2.254502833e-01
19.311078	2.293123412e-01
19.316078	2.326283857e-01
19.321078	2.356027606e-01
19.326079	2.383800306e-01
19.331079	2.410238648e-01
19.336079	2.435494856e-01
19.341079	2.459515180e-01
19.346080	2.482004920e-01
19.351080	2.502151412e-01
19.356080	2.518386528e-01
19.361080	2.528486939e-01
19.366081	2.530173690e-01
19.371081	2.522169336e-01
19.376081	2.505271542e-01
19.381082	2.482552922e-01
19.386082	2.458130839e-01
19.391082	2.435230294e-01
19.396082	2.415080747e-01
19.401083	2.397423280e-01
19.406083	2.381927357e-01
19.411083	2.369267565e-01
19.416084	2.361270609e-01
19.421084	2.360271009e-01
19.426084	2.367996102e-01
19.431084	2.384577730e-01
19.436085	2.408619694e-01
19.441085	2.438523840e-01
19.446085	2.473820860e-01
19.451086	2.514922298e-01
19.456086	2.561157069e-01
19.461086	2.608822956e-01
19.466086	2.651403389e-01
19.471087	2.682355800e-01
19.476087	2.698364717e-01
19.481087	2.700313543e-01
19.486087	2.691450415e-01
19.491088	2.674935534e-01
19.496088	2.653019675e-01
19.501088	2.627713529e-01
19.506089	2.601257021e-01
19.511089	2.575559805e-01
19.516089	2.551122402e-01
19.521089	2.526246597e-01
19.526090	2.497236105e-01
19.531090	2.459961933e-01
19.536090	2.412131543e-01
19.541091	2.354634633e-01
19.546091	2.290810873e-01
19.551091	2.224147215e-01
19.556091	2.156098550e-01
19.561092	2.085601916e-01
19.566092	2.010735207e-01
19.571092	1.931316053e-01
19.576092	1.850223802e-01
19.581093	1.772216953e-01
19.586093	1.701262579e-01
19.591093	1.638563800e-01
19.596094	1.582625476e-01
19.601094	1.531015207e-01
19.606094	1.482387045e-01
19.611094	1.437364257e-01
19.616095	1.397836857e-01
19.621095	1.365360497e-01
19.626095	1.339844926e-01
19.631096	1.319441659e-01
19.636096	1.301594837e-01
19.641096	1.284076261e-01
19.646096	1.264878879e-01
19.651097	1.241502624e-01
19.656097	1.211281182e-01
19.661097	1.173208185e-01
19.666097	1.129636486e-01
19.671098	1.085755002e-01
19.676098	1.046488748e-01
19.681098	1.012859968e-01
19.686099	9.806733148e-02
19.691099	9.427335087e-02
19.696099	8.930234213e-02
19.701099	8.297369746e-02
19.706100	7.551442470e-02
19.711100	6.730506422e-02
19.716100	5.864090253e-02
19.721101	4.968847271e-02
19.726101	4.061710174e-02
19.731101	3.174257894e-02
19.736101	2.348320363e-02
19.741102	1.605892550e-02
19.746102	9.165826619e-03
19.751102	2.024235927e-03
19.756103	-6.095573807e-03
19.761103	-1.528759891e-02
19.766103	-2.491630884e-02
19.771103	-3.412637091e-02
19.776104	-4.250503953e-02
19.781104	-5.030153973e-02
19.786104	-5.801746105e-02
19.791104	-6.577538479e-02
19.796105	-7.307745421e-02
19.801105	-7.918497650e-02
19.806105	-8.376212263e-02
19.811106	-8.718383524e-02
19.816106	-9.022243751e-02
19.821106	-9.339039852e-02
19.826106	-9.650860430e-02
19.831107	-9.885999467e-02
19.836107	-9.979441699e-02
19.841107	-9.928822747e-02
19.846108	-9.801665120e-02
19.851108	-9.690906201e-02
19.856108	-9.656911339e-02
19.861108	-9.701415264e-02
19.866109	-9.788522042e-02
19.871109	-9.887510380e-02
19.876109	-9.997163309e-02
19.881109	-1.013421589e-01
19.886110	-1.030578799e-01
19.891110	-1.049798890e-01
19.896110	-1.068870138e-01
19.901111	-1.086528838e-01
19.906111	-1.102894095e-01
19.911111	-1.118519828e-01
19.916111	-1.133083081e-01
19.921112	-1.144763026e-01
19.926112	-1.150875795e-01
19.931112	-1.149427575e-01
19.936113	-1.140462810e-01
19.941113	-1.126177949e-01
19.946113	-1.109621303e-01
19.951113	-1.092798503e-01
19.956114	-1.075654092e-01
19.961114	-1.056903459e-01
19.966114	-1.035966098e-01
19.971115	-1.014071849e-01
19.976115	-9.934513074e-02
19.981115	-9.754309966e-02
19.986115	-9.592101904e-02
19.991116	-9.423387782e-02
19.996116	-9.224584608e-02
20.001116	-8.990305289e-02
20.006116	-8.738957162e-02
20.011117	-8.502910840e-02
20.016117	-8.309325073e-02
20.021117	-8.164171647e-02
20.026118	-8.050467003e-02
20.031118	-7.941781517e-02
20.036118	-7.820773030e-02
20.041118	-7.689576412e-02
20.046119	-7.566346016e-02
20.051119	-7.472620930e-02
20.056119	-7.421301427e-02
20.061120	-7.412313968e-02
20.066120	-7.435779211e-02
20.071120	-7.477501155e-02
20.076120	-7.523110177e-02
20.081121	-7.561483315e-02
20.086121	-7.588442114e-02
20.091121	-7.608616310e-02
20.096121	-7.633361467e-02
20.101122	-7.676690083e-02
20.106122	-7.752232337e-02
20.111122	-7.870690001e-02
20.116123	-8.036482919e-02
20.121123	-8.245564564e-02
20.126123	-8.486319315e-02
20.131123	-8.741319465e-02
20.136124	-8.987282338e-02
20.141124	-9.195344810e-02
20.146124	-9.335659050e-02
20.151125	-9.386004913e-02
20.156125	-9.339756964e-02
20.161125	-9.208013036e-02
20.166125	-9.013719064e-02
20.171126	-8.781449790e-02
20.176126	-8.529546733e-02
20.181126	-8.267733768e-02
20.186127	-7.999097349e-02
20.191127	-7.724564707e-02
20.196127	-7.447956353e-02
20.201127	-7.179556246e-02
20.206128	-6.936531499e-02
20.211128	-6.739215117e-02
20.216128	-6.604195739e-02
20.221128	-6.537303079e-02
20.226129	-6.529806017e-02
20.231129	-6.560261273e-02
20.236129	-6.602640087e-02
20.241130	-6.637447877e-02
20.246130	-6.659185442e-02
20.251130	-6.674983345e-02
20.256130	-6.695349321e-02
20.261131	-6.723821650e-02
20.266131	-6.753036742e-02
20.271131	-6.769643066e-02
20.276132	-6.763591414e-02
20.281132	-6.734415061e-02
20.286132	-6.690261962e-02
20.291132	-6.640961986e-02
20.296133	-6.590708270e-02
20.301133	-6.536636974e-02
20.306133	-6.474583383e-02
20.311133	-6.406548453e-02
20.316134	-6.343296697e-02
20.321134	-6.300460723e-02
20.326134	-6.291571398e-02
20.331135	-6.322646044e-02
20.336135	-6.391695277e-02
20.341135	-6.493799704e-02
20.346135	-6.627386960e-02
20.351136	-6.794612653e-02
20.356136	-6.994219809e-02
20.361136	-7.213550307e-02
20.366137	-7.427727020e-02
20.371137	-7.607852070e-02
20.376137	-7.732603368e-02
20.381137	-7.795201362e-02
20.386138	-7.801872395e-02
20.391138	-7.763718915e-02
20.396138	-7.687887540e-02
20.401139	-7.575281390e-02
20.406139	-7.426970789e-02
20.411139	-7.252104245e-02
20.416139	-7.068072747e-02
20.421140	-6.891679278e-02
20.426140	-6.728512623e-02
20.431140	-6.570097832e-02
20.436140	-6.403046333e-02
20.441141	-6.223376232e-02
20.446141	-6.043227167e-02
20.451141	-5.884143824e-02
20.456142	-5.762909858e-02
20.461142	-5.681056346e-02
20.466142	-5.625479762e-02
20.471142	-5.578843850e-02
20.476143	-5.531193414e-02
20.481143	-5.484419141e-02
20.486143	-5.447308993e-02
20.491144	-5.425728233e-02
20.496144	-5.416426827e-02
20.501144	-5.409827866e-02
20.506144	-5.398189549e-02
20.511145	-5.380610877e-02
20.516145	-5.360430326e-02
20.521145	-5.338134832e-02
20.526145	-5.306814470e-02
20.531146	-5.254602914e-02
20.536146	-5.172128656e-02
20.541146	-5.058858828e-02
20.546147	-4.923491200e-02
20.551147	-4.778520900e-02
20.556147	-4.633778865e-02
20.561147	-4.494046854e-02
20.566148	-4.361577014e-02
20.571148	-4.239897169e-02
20.576148	-4.134714686e-02
20.581149	-4.050983283e-02
20.586149	-3.988740495e-02
20.591149	-3.941187441e-02
20.596149	-3.896931302e-02
20.601150	-3.845375731e-02
20.606150	-3.781180350e-02
20.611150	-3.703989357e-02
20.616151	-3.614030428e-02
20.621151	-3.507766588e-02
20.626151	-3.377047983e-02
20.631151	-3.211920199e-02
20.636152	-3.005084470e-02
20.641152	-2.756310674e-02
20.646152	-2.475337338e-02
20.651152	-2.180760658e-02
20.656153	-1.893536951e-02
20.661153	-1.628542608e-02
20.666153	-1.390555845e-02
20.671154	-1.176958344e-02
20.676154	-9.833314324e-03
20.681154	-8.072928520e-03
20.686154	-6.491870217e-03
20.691155	-5.107700511e-03
20.696155	-3.933251702e-03
20.701155	-2.960280088e-03
20.706156	-2.155242769e-03
20.711156	-1.477184191e-03
20.716156	-9.104078735e-04
20.721156	-4.844478740e-04
20.726157	-2.579393126e-04
20.731157	-2.753565534e-04
20.736157	-5.338219492e-04
20.741157	-9.842573577e-04
20.746158	-1.555732997e-03
20.751158	-2.178447789e-03
20.756158	-2.792088909e-03
20.761159	-3.342895210e-03
20.766159	-3.781365259e-03
20.771159	-4.062860456e-03
20.776159	-4.140522085e-03
20.781160	-3.953735234e-03
20.786160	-3.436521841e-03
20.791160	-2.554690531e-03
20.796161	-1.344605478e-03
20.801161	7.949400497e-05
20.806161	1.555402209e-03
20.811161	2.921638380e-03
20.816162	4.062535980e-03
20.821162	4.934252948e-03
20.826162	5.564780353e-03
20.831163	6.028638056e-03
20.836163	6.406584710e-03
20.841163	6.750669077e-03
20.846163	7.071067307e-03
20.851164	7.344714171e-03
20.856164	7.537636960e-03
20.861164	7.633697751e-03
20.866164	7.657371350e-03
20.871165	7.673219420e-03
20.876165	7.755991361e-03
20.881165	7.950171465e-03
20.886166	8.252726786e-03
20.891166	8.634435631e-03
20.896166	9.075197648e-03
20.901166	9.573246157e-03
20.906167	1.011834266e-02
20.911167	1.065882430e-02
20.916167	1.109756835e-02
20.921168	1.132316155e-02
20.926168	1.125466108e-02
20.931168	1.087556655e-02
20.936168	1.024154683e-02
20.941169	9.445870216e-03
20.946169	8.538804088e-03
20.951169	7.444794604e-03
20.956169	5.951223622e-03
20.961170	3.799454918e-03
20.966170	8.286892337e-04
20.971170	-2.922397347e-03
20.976171	-7.223919880e-03
20.981171	-1.175613815e-02
20.986171	-1.622014009e-02
20.991171	-2.038503801e-02
20.996172	-2.406844921e-02
21.001172	-2.710694864e-02
21.006172	-2.936775034e-02
21.011173	-3.079566874e-02
21.016173	-3.144430662e-02
21.021173	-3.144251221e-02
21.026173	-3.089996264e-02
21.031174	-2.983104520e-02
21.036174	-2.818330857e-02
21.041174	-2.595736842e-02
21.046175	-2.330773566e-02
21.051175	-2.052748237e-02
21.056175	-1.792287467e-02
21.061175	-1.567831630e-02
21.066176	-1.381714211e-02
21.071176	-1.227773196e-02
21.076176	-1.102452253e-02
21.081176	-1.009242163e-02
21.086177	-9.538737925e-03
21.091177	-9.366282293e-03
21.096177	-9.494488193e-03
21.101178	-9.799193168e-03
21.106178	-1.018448491e-02
21.111178	-1.062820438e-02
21.116178	-1.116093790e-02
21.121179	-1.178947950e-02
21.126179	-1.242521193e-02
21.131179	-1.287972625e-02
21.136180	-1.293645567e-02
21.141180	-1.244485324e-02
21.146180	-1.136332802e-02
21.151180	-9.716495224e-03
21.156181	-7.514792834e-03
21.161181	-4.733300426e-03
21.166181	-1.383099740e-03
21.171181	2.406048105e-03
21.176182	6.386292958e-03
21.181182	1.026858857e-02
21.186182	1.380062052e-02
21.191183	1.680277807e-02
21.196183	1.916822548e-02
21.201183	2.084785114e-02
21.206183	2.184338460e-02
21.211184	2.221865209e-02
21.216184	2.210659275e-02
21.221184	2.168092986e-02
21.226185	2.109486892e-02
21.231185	2.042146259e-02
21.236185	1.962837241e-02
21.241185	1.860215683e-02
21.246186	1.721827114e-02
21.251186	1.542256221e-02
21.256186	1.327066288e-02
21.261187	1.090201870e-02
21.266187	8.479899678e-03
21.271187	6.146794746e-03
21.276187	4.015931576e-03
21.281188	2.182805146e-03
21.286188	7.288149582e-04
21.291188	-2.920790907e-04
21.296188	-8.622095006e-04
21.301189	-9.801317987e-04
21.306189	-6.279477343e-04
21.311189	2.288257222e-04
21.316190	1.595732419e-03
21.321190	3.396642453e-03
21.326190	5.463491122e-03
21.331190	7.580914932e-03
21.336191	9.552214903e-03
21.341191	1.124764617e-02
21.346191	1.262058433e-02
21.351192	1.369289891e-02
21.356192	1.452166238e-02
21.361192	1.516937566e-02
21.366192	1.569289054e-02
21.371193	1.614664498e-02
21.376193	1.658318410e-02
21.381193	1.703993877e-02
21.386193	1.752338523e-02
21.391194	1.801413248e-02
21.396194	1.849577393e-02
21.401194	1.898034659e-02
21.406195	1.950508743e-02
21.411195	2.010413225e-02
21.416195	2.077903526e-02
21.421195	2.148798880e-02
21.426196	2.215694643e-02
21.431196	2.270242106e-02
21.436196	2.305303244e-02
21.441197	2.316346619e-02
21.446197	2.302151721e-02
21.451197	2.264886829e-02
21.456197	2.209327428e-02
21.461198	2.141209693e-02
21.466198	2.065207134e-02
21.471198	1.983049865e-02
21.476199	1.892349960e-02
21.481199	1.787192319e-02
21.486199	1.661238612e-02
21.491199	1.512235050e-02
21.496200	1.345208777e-02
21.501200	1.172333979e-02
21.506200	1.009740771e-02
21.511200	8.730905276e-03
21.516201	7.737244842e-03
21.521201	7.163990935e-03
21.526201	6.990507438e-03
21.531202	7.147800970e-03
21.536202	7.551147487e-03
21.541202	8.121263093e-03
21.546202	8.778518639e-03
21.551203	9.422743426e-03
21.556203	9.925399306e-03
21.561203	1.014853169e-02
21.566204	9.977065754e-03
21.571204	9.336174785e-03
21.576204	8.186837552e-03
21.581204	6.522699508e-03
21.586205	4.384709733e-03
21.591205	1.877683075e-03
21.596205	-8.385346232e-04
21.601205	-3.586862187e-03
21.606206	-6.211265151e-03
21.611206	-8.584836726e-03
21.616206	-1.059322340e-02
21.621207	-1.212776321e-02
21.626207	-1.310599004e-02
21.631207	-1.350451204e-02
21.636207	-1.337558280e-02
21.641208	-1.282473767e-02
21.646208	-1.195727398e-02
21.651208	-1.083647516e-02
21.656209	-9.488341139e-03
21.661209	-7.944810404e-03
21.666209	-6.287248163e-03
21.671209	-4.650329887e-03
21.676210	-3.176090083e-03
21.681210	-1.953450615e-03
21.686210	-9.940844094e-04
21.691211	-2.609136608e-04
21.696211	2.828293162e-04
21.701211	6.472057930e-04
21.706211	8.237628278e-04
21.711212	8.076609385e-04
21.716212	6.071036436e-04
21.721212	2.301777034e-04
21.726212	-3.357077258e-04
21.731213	-1.126584704e-03
21.736213	-2.181353867e-03
21.741213	-3.518287689e-03
21.746214	-5.127382631e-03
21.751214	-6.975248417e-03
21.756214	-9.008709753e-03
21.761214	-1.115067074e-02
21.766215	-1.329480558e-02
21.771215	-1.531619897e-02
21.776215	-1.710946143e-02
21.781216	-1.863775598e-02
21.786216	-1.995292494e-02
21.791216	-2.116304180e-02
21.796216	-2.236968579e-02
21.801217	-2.362360230e-02
21.806217	-2.492536074e-02
21.811217	-2.625419969e-02
21.816217	-2.759015611e-02
21.821218	-2.891403846e-02
21.826218	-3.019949729e-02
21.831218	-3.141976543e-02
21.836219	-3.257251501e-02
21.841219	-3.370013424e-02
21.846219	-3.487848780e-02
21.851219	-3.617728781e-02
21.856220	-3.762908312e-02
21.861220	-3.923377148e-02
21.866220	-4.098258437e-02
21.871221	-4.286881855e-02
21.876221	-4.487463215e-02
21.881221	-4.694826865e-02
21.886221	-4.899429996e-02
21.891222	-5.088891317e-02
21.896222	-5.250952100e-02
21.901222	-5.375566164e-02
21.906223	-5.455138207e-02
21.911223	-5.484392315e-02
21.916223	-5.461993851e-02
21.921223	-5.393695196e-02
21.926224	-5.293980710e-02
21.931224	-5.183115816e-02
21.936224	-5.079156775e-02
21.941224	-4.988089896e-02
21.946225	-4.898065040e-02
21.951225	-4.783214186e-02
21.956225	-4.617180758e-02
21.961226	-4.388955077e-02
21.966226	-4.110365321e-02
21.971226	-3.809519710e-02
21.976226	-3.514353026e-02
21.981227	-3.237127497e-02
21.986227	-2.969544649e-02
21.991227	-2.691098111e-02
21.996228	-2.384520400e-02
22.001228	-2.047476567e-02
22.006228	-1.693904168e-02
22.011228	-1.346415939e-02
22.016229	-1.024759983e-02
22.021229	-7.355407023e-03
22.026229	-4.685382311e-03
22.031229	-2.025627861e-03
22.036230	8.222187844e-04
22.041230	3.932493853e-03
22.046230	7.224703972e-03
22.051231	1.052278899e-02
22.056231	1.365928597e-02
22.061231	1.656197960e-02
22.066231	1.927816100e-02
22.071232	2.191943523e-02
22.076232	2.454839205e-02
22.081232	2.708152313e-02
22.086233	2.929763064e-02
22.091233	3.096365282e-02
22.096233	3.198162752e-02
22.101233	3.244353209e-02
22.106234	3.256935177e-02
22.111234	3.259345004e-02
22.116234	3.267774051e-02
22.121235	3.288633393e-02
22.126235	3.321044012e-02
22.131235	3.361348583e-02
22.136235	3.407205299e-02
22.141236	3.460336045e-02
22.146236	3.528064369e-02
22.151236	3.623652195e-02
22.156236	3.764282382e-02
22.161237	3.965054622e-02
22.166237	4.230238726e-02
22.171237	4.547831244e-02
22.176238	4.893264892e-02
22.181238	5.240344639e-02
22.186238	5.570513590e-02
22.191238	5.874300025e-02
22.196239	6.147568050e-02
22.201239	6.389042326e-02
22.206239	6.601469710e-02
22.211240	6.793071737e-02
22.216240	6.974956510e-02
22.221240	7.154749953e-02
22.226240	7.331684943e-02
22.231241	7.497753048e-02
22.236241	7.644078744e-02
22.241241	7.767275828e-02
22.246241	7.870976874e-02
22.251242	7.962142578e-02
22.256242	8.045847600e-02
22.261242	8.122631487e-02
22.266243	8.190238382e-02
22.271243	8.248405885e-02
22.276243	8.302151443e-02
22.281243	8.359462856e-02
22.286244	8.425131925e-02
22.291244	8.497192360e-02
22.296244	8.569943577e-02
22.301245	8.640874578e-02
22.306245	8.715077651e-02
22.311245	8.803212433e-02
22.316245	8.914927934e-02
22.321246	9.052914628e-02
22.326246	9.211007700e-02
22.331246	9.376553827e-02
22.336247	9.535445441e-02
22.341247	9.677149383e-02
22.346247	9.797189213e-02
22.351247	9.896476145e-02
22.356248	9.978541670e-02
22.361248	1.004617196e-01
22.366248	1.009923580e-01
22.371248	1.013498679e-01
22.376249	1.015012392e-01
22.381249	1.014252822e-01
22.386249	1.011152134e-01
22.391250	1.005727958e-01
22.396250	9.980643291e-02
22.401250	9.883806267e-02
22.406250	9.771210525e-02
22.411251	9.649272267e-02
22.416251	9.524171716e-02
22.421251	9.398773099e-02
22.426252	9.271019799e-02
22.431252	9.135418034e-02
22.436252	8.986856123e-02
22.441252	8.823839518e-02
22.446253	8.648530389e-02
22.451253	8.463713227e-02
22.456253	8.269246075e-02
22.461253	8.061042203e-02
22.466254	7.834049172e-02
22.471254	7.587298707e-02
22.476254	7.326493955e-02
22.481255	7.061374199e-02
22.486255	6.800172493e-02
22.491255	6.546167785e-02
22.496255	6.298612917e-02
22.501256	6.055906326e-02
22.506256	5.817831698e-02
22.511256	5.585837517e-02
22.516257	5.362154935e-02
22.521257	5.148833348e-02
22.526257	4.947522474e-02
22.531257	4.760078775e-02
22.536258	4.588783047e-02
22.541258	4.435105509e-02
22.546258	4.298242467e-02
22.551259	4.175616797e-02
22.556259	4.065097734e-02
22.561259	3.966426513e-02
22.566259	3.880352463e-02
22.571260	3.806392233e-02
22.576260	3.741270315e-02
22.581260	3.679479172e-02
22.586260	3.615560497e-02
22.591261	3.546155404e-02
22.596261	3.470177068e-02
22.601261	3.387267603e-02
22.606262	3.296220706e-02
22.611262	3.195004524e-02
22.616262	3.082466055e-02
22.621262	2.960069036e-02
22.626263	2.832090292e-02
22.631263	2.705067622e-02
22.636263	2.588697159e-02
22.641264	2.497884590e-02
22.646264	2.453356295e-02
22.651264	2.480637507e-02
22.656264	2.608820260e-02
22.661265	2.866791867e-02
22.666265	3.273472710e-02
22.671265	3.825750214e-02
22.676265	4.494453024e-02
22.681266	5.234422335e-02
22.686266	6.001926098e-02
22.691266	6.765773250e-02
22.696267	7.506284861e-02
22.701267	8.208093641e-02
22.706267	8.855902920e-02
22.711267	9.439592660e-02
22.716268	9.967102427e-02
22.721268	1.046980620e-01
22.726268	1.098583215e-01
22.731269	1.153093652e-01
22.736269	1.208387149e-01
22.741269	1.260017149e-01
22.746269	1.304108136e-01
22.751270	1.339253326e-01
22.756270	1.366251388e-01
22.761270	1.386674502e-01
22.766271	1.401916127e-01
22.771271	1.413237492e-01
22.776271	1.422113527e-01
22.781271	1.430138690e-01
22.786272	1.438471081e-01
22.791272	1.447304995e-01
22.796272	1.455846128e-01
22.801272	1.462903562e-01
22.806273	1.467740790e-01
22.811273	1.470540643e-01
22.816273	1.472086611e-01
22.821274	1.472946804e-01
22.826274	1.472905802e-01
22.831274	1.471146291e-01
22.836274	1.466960143e-01
22.841275	1.460280010e-01
22.846275	1.451566178e-01
22.851275	1.441253979e-01
22.856276	1.429354299e-01
22.861276	1.415571776e-01
22.866276	1.399748410e-01
22.871276	1.382182636e-01
22.876277	1.363631749e-01
22.881277	1.345094368e-01
22.886277	1.327464332e-01
22.891277	1.311136848e-01
22.896278	1.295791702e-01
22.901278	1.280570376e-01
22.906278	1.264573721e-01
22.911279	1.247339202e-01
22.916279	1.228987608e-01
22.921279	1.210022804e-01
22.926279	1.191031473e-01
22.931280	1.172489648e-01
22.936280	1.154647528e-01
22.941280	1.137393087e-01
22.946281	1.120182923e-01
22.951281	1.102248625e-01
22.956281	1.083057621e-01
22.961281	1.062678377e-01
22.966282	1.041718170e-01
22.971282	1.020856683e-01
22.976282	1.000317230e-01
22.981283	9.796413435e-02
22.986283	9.578519287e-02
22.991283	9.337770737e-02
22.996283	9.062974123e-02
23.001284	8.744688205e-02
23.006284	8.375802456e-02
23.011284	7.952466255e-02
23.016284	7.475563547e-02
23.021285	6.951016999e-02
23.026285	6.387883222e-02
23.031285	5.795961347e-02
23.036286	5.184245735e-02
23.041286	4.558672613e-02
23.046286	3.918420308e-02
23.051286	3.254905842e-02
23.056287	2.557970291e-02
23.061287	1.825203819e-02
23.066287	1.063970802e-02
23.071288	2.837746225e-03
23.076288	-5.093066839e-03
23.081288	-1.305690208e-02
23.086288	-2.080221439e-02
23.091289	-2.791267913e-02
23.096289	-3.394153860e-02
23.101289	-3.856570780e-02
23.106289	-4.165302240e-02
23.111290	-4.322814802e-02
23.116290	-4.334571014e-02
23.121290	-4.193647802e-02
23.126291	-3.881623053e-02
23.131291	-3.395451534e-02
23.136291	-2.776234922e-02
23.141291	-2.105657994e-02
23.146292	-1.470498338e-02
23.151292	-9.288966985e-03
23.156292	-5.039523031e-03
23.161293	-1.996821168e-03
23.166293	-1.765021869e-04
23.171293	4.173334581e-04
23.176293	-7.450807457e-05
23.181294	-1.227085472e-03
23.186294	-2.337221732e-03
23.191294	-2.629385559e-03
23.196295	-1.574068659e-03
23.201295	8.806710189e-04
23.206295	4.328705110e-03
23.211295	8.151977678e-03
23.216296	1.180679381e-02
23.221296	1.497674534e-02
23.226296	1.755806119e-02
23.231296	1.956357948e-02
23.236297	2.105483422e-02
23.241297	2.215131814e-02
23.246297	2.307597719e-02
23.251298	2.414802592e-02
23.256298	2.567274014e-02
23.261298	2.777494456e-02
23.266298	3.029662992e-02
23.271299	3.285374941e-02
23.276299	3.502957184e-02
23.281299	3.657286111e-02
23.286300	3.746384984e-02
23.291300	3.781565375e-02
23.296300	3.770890122e-02
23.301300	3.709764185e-02
23.306301	3.584422588e-02
23.311301	3.382624210e-02
23.316301	3.100799820e-02
23.321301	2.741250370e-02
23.326302	2.302822009e-02
23.331302	1.775206381e-02
23.336302	1.143670252e-02
23.341303	4.008342094e-03
23.346303	-4.435707710e-03
23.351303	-1.360313541e-02
23.356303	-2.305390524e-02
23.361304	-3.230598945e-02
23.366304	-4.096901634e-02
23.371304	-4.882176591e-02
23.376305	-5.576828092e-02
23.381305	-6.173401313e-02
23.386305	-6.663039025e-02
23.391305	-7.041765358e-02
23.396306	-7.317441398e-02
23.401306	-7.508489852e-02
23.406306	-7.634245673e-02
23.411307	-7.705497622e-02
23.416307	-7.725323606e-02
23.421307	-7.700189848e-02
23.426307	-7.649351953e-02
23.431308	-7.601646451e-02
23.436308	-7.581493140e-02
23.441308	-7.595912974e-02
23.446308	-7.632399532e-02
23.451309	-7.668059752e-02
23.456309	-7.682616891e-02
23.461309	-7.666098449e-02
23.466310	-7.616991185e-02
23.471310	-7.534500418e-02
23.476310	-7.412057753e-02
23.481310	-7.236293505e-02
23.486311	-6.991262436e-02
23.491311	-6.665145303e-02
23.496311	-6.254857096e-02
23.501312	-5.765038681e-02
23.506312	-5.204641246e-02
23.511312	-4.588080687e-02
23.516312	-3.940001012e-02
23.521313	-3.294561735e-02
23.526313	-2.686031643e-02
23.531313	-2.138329677e-02
23.536313	-1.660872268e-02
23.541314	-1.249776401e-02
23.546314	-8.908024434e-03
23.551314	-5.644107709e-03
23.556315	-2.542543979e-03
23.561315	4.391546192e-04
23.566315	3.188356068e-03
23.571315	5.488993599e-03
23.576316	7.128352068e-03
23.581316	7.987179471e-03
23.586316	8.060933104e-03
23.591317	7.421519472e-03
23.596317	6.160681290e-03
23.601317	4.340623172e-03
23.606317	1.970346062e-03
23.611318	-9.790648663e-04
23.616318	-4.548491589e-03
23.621318	-8.797130371e-03
23.626319	-1.382118082e-02
23.631319	-1.972214389e-02
23.636319	-2.652018371e-02
23.641319	-3.407743492e-02
23.646320	-4.208326380e-02
23.651320	-5.010123372e-02
23.656320	-5.764910905e-02
23.661320	-6.428218236e-02
23.666321	-6.966131321e-02
23.671321	-7.359640346e-02
23.676321	-7.605322999e-02
23.681322	-7.711046818e-02
23.686322	-7.689167324e-02
23.691322	-7.554388079e-02
23.696322	-7.329244790e-02
23.701323	-7.050010022e-02
23.706323	-6.763818124e-02
23.711323	-6.516069631e-02
23.716324	-6.335948134e-02
23.721324	-6.229564950e-02
23.726324	-6.184264707e-02
23.731324	-6.179984175e-02
23.736325	-6.200056126e-02
23.741325	-6.235576782e-02
23.746325	-6.283037511e-02
23.751325	-6.340065230e-02
23.756326	-6.404287907e-02
23.761326	-6.476950390e-02
23.766326	-6.569087889e-02
23.771327	-6.703961637e-02
23.776327	-6.909334233e-02
23.781327	-7.201929267e-02
23.786327	-7.575509360e-02
23.791328	-8.001398047e-02
23.796328	-8.439292771e-02
23.801328	-8.849104224e-02
23.806329	-9.197260922e-02
23.811329	-9.458346947e-02
23.816329	-9.615480826e-02
23.821329	-9.659365873e-02
23.826330	-9.585349683e-02
23.831330	-9.392309856e-02
23.836330	-9.086181310e-02
23.841331	-8.683349365e-02
23.846331	-8.208941594e-02
23.851331	-7.693548013e-02
23.856331	-7.173941525e-02
23.861332	-6.695121050e-02
23.866332	-6.305655393e-02
23.871332	-6.044141154e-02
23.876332	-5.924367945e-02
23.881333	-5.929556279e-02
23.886333	-6.019549748e-02
23.891333	-6.146330346e-02
23.896334	-6.269925505e-02
23.901334	-6.368343058e-02
23.906334	-6.438753491e-02
23.911334	-6.491432538e-02
23.916335	-6.541247535e-02
23.921335	-6.602049697e-02
23.926335	-6.685925745e-02
23.931336	-6.804159368e-02
23.936336	-6.965948954e-02
23.941336	-7.174801569e-02
23.946336	-7.425429929e-02
23.951337	-7.703700635e-02
23.956337	-7.991068210e-02
23.961337	-8.272702382e-02
23.966337	-8.543659210e-02
23.971338	-8.807650903e-02
23.976338	-9.072981975e-02
23.981338	-9.352808063e-02
23.986339	-9.663986446e-02
23.991339	-1.001571045e-01
23.996339	-1.039549643e-01
24.001339	-1.076851695e-01
24.006340	-1.109356632e-01
24.011340	-1.134380377e-01
24.016340	-1.151815806e-01
24.021341	-1.163692535e-01
24.026341	-1.172558796e-01
24.031341	-1.179866371e-01
24.036341	-1.185442117e-01
24.041342	-1.188206979e-01
24.046342	-1.187396078e-01
24.051342	-1.183303491e-01
24.056343	-1.177036376e-01
24.061343	-1.169546522e-01
24.066343	-1.160828196e-01
24.071343	-1.150071100e-01
24.076344	-1.136609378e-01
24.081344	-1.120643939e-01
24.086344	-1.103003091e-01
24.091344	-1.084286912e-01
24.096345	-1.064256237e-01
24.101345	-1.041870010e-01
24.106345	-1.015826777e-01
24.111346	-9.853214417e-02
24.116346	-9.506691981e-02
24.121346	-9.134682392e-02
24.126346	-8.762633436e-02
24.131347	-8.419712744e-02
24.136347	-8.133444371e-02
24.141347	-7.925573852e-02
24.146348	-7.808808365e-02
24.151348	-7.784719735e-02
24.156348	-7.843359632e-02
24.161348	-7.964849458e-02
24.166349	-8.124302897e-02
24.171349	-8.300584414e-02
24.176349	-8.484186764e-02
24.181349	-8.676817873e-02
24.186350	-8.880885890e-02
24.191350	-9.086329446e-02
24.196350	-9.265968958e-02
24.201351	-9.384342148e-02
24.206351	-9.414455353e-02
24.211351	-9.351389757e-02
24.216351	-9.213996248e-02
24.221352	-9.033892027e-02
24.226352	-8.839952610e-02
24.231352	-8.648869564e-02
24.236353	-8.466039386e-02
24.241353	-8.292628964e-02
24.246353	-8.131200198e-02
24.251353	-7.985256241e-02
24.256354	-7.853948061e-02
24.261354	-7.727678002e-02
24.266354	-7.589931894e-02
24.271355	-7.424801879e-02
24.276355	-7.224321414e-02
24.281355	-6.990598575e-02
24.286355	-6.732702114e-02
24.291356	-6.461945603e-02
24.296356	-6.188921701e-02
24.301356	-5.922583782e-02
24.306356	-5.669417491e-02
24.311357	-5.431753706e-02
24.316357	-5.207096221e-02
24.321357	-4.990600299e-02
24.326358	-4.779565903e-02
24.331358	-4.576618504e-02
24.336358	-4.389593755e-02
24.341358	-4.228203265e-02
24.346359	-4.098825622e-02
24.351359	-4.000319324e-02
24.356359	-3.924233615e-02
24.361360	-3.859977725e-02
24.366360	-3.801572460e-02
24.371360	-3.751488072e-02
24.376360	-3.719457620e-02
24.381361	-3.718083729e-02
24.386361	-3.759183268e-02
24.391361	-3.853103068e-02
24.396361	-4.010238439e-02
24.401362	-4.242048732e-02
24.406362	-4.558098010e-02
24.411362	-4.958892655e-02
24.416363	-5.430575456e-02
24.421363	-5.947748603e-02
24.426363	-6.482542623e-02
24.431363	-7.011647473e-02
24.436364	-7.516262579e-02
24.441364	-7.978434875e-02
24.446364	-8.380634103e-02
24.451365	-8.710514072e-02
24.456365	-8.966294638e-02
24.461365	-9.156596222e-02
24.466365	-9.292884877e-02
24.471366	-9.379528986e-02
24.476366	-9.408998979e-02
24.481366	-9.365346762e-02
24.486367	-9.233914000e-02
24.491367	-9.012459044e-02
24.496367	-8.716566345e-02
24.501367	-8.373843158e-02
24.506368	-8.010032529e-02
24.511368	-7.638402809e-02
24.516368	-7.261631738e-02
24.521368	-6.883342917e-02
24.526369	-6.516950948e-02
24.531369	-6.182475916e-02
24.536369	-5.893491227e-02
24.541370	-5.645139878e-02
24.546370	-5.412976890e-02
24.551370	-5.163292224e-02
24.556370	-4.867440913e-02
24.561371	-4.511686906e-02
24.566371	-4.098397868e-02
24.571371	-3.640041928e-02
24.576372	-3.151641649e-02
24.581372	-2.647332659e-02
24.586372	-2.142220539e-02
24.591372	-1.655659011e-02
24.596373	-1.210232508e-02
24.601373	-8.243644318e-03
24.606373	-5.040135192e-03
24.611373	-2.422401944e-03
24.616374	-2.850482699e-04
24.621374	1.408031373e-03
24.626374	2.605329971e-03
24.631375	3.246137440e-03
24.636375	3.356295397e-03
24.641375	3.071785545e-03
24.646375	2.560979854e-03
24.651376	1.902643212e-03
24.656376	1.022726122e-03
24.661376	-2.525939505e-04
24.666377	-2.066253305e-03
24.671377	-4.421340755e-03
24.676377	-7.173046275e-03
24.681377	-1.011159081e-02
24.686378	-1.305008817e-02
24.691378	-1.584682277e-02
24.696378	-1.837014231e-02
24.701379	-2.046877943e-02
24.706379	-2.199515885e-02
24.711379	-2.286721561e-02
24.716379	-2.310654168e-02
24.721380	-2.280823994e-02
24.726380	-2.207025296e-02
24.731380	-2.095289738e-02
24.736380	-1.949978555e-02
24.741381	-1.778253960e-02
24.746381	-1.591078735e-02
24.751381	-1.399221604e-02
24.756382	-1.208335383e-02
24.761382	-1.017971146e-02
24.766382	-8.255757847e-03
24.771382	-6.320409896e-03
24.776383	-4.436171348e-03
24.781383	-2.681969105e-03
24.786383	-1.094481782e-03
24.791384	3.612506932e-04
24.796384	1.773636528e-03
24.801384	3.236707343e-03
24.806384	4.804441931e-03
24.811385	6.474932546e-03
24.816385	8.213282080e-03
24.821385	9.994121121e-03
24.826385	1.183029679e-02
24.831386	1.377318667e-02
24.836386	1.590129763e-02
24.841386	1.830639793e-02
24.846387	2.105804632e-02
24.851387	2.416654403e-02
24.856387	2.761149529e-02
24.861387	3.140843235e-02
24.866388	3.558688644e-02
24.871388	4.007439861e-02
24.876388	4.464620026e-02
24.881389	4.902379029e-02
24.886389	5.300354785e-02
24.891389	5.647147783e-02
24.896389	5.932175810e-02
24.901390	6.140715512e-02
24.906390	6.259535703e-02
24.911390	6.288322068e-02
24.916391	6.246068498e-02
24.921391	6.165993583e-02
24.926391	6.081766292e-02
24.931391	6.013564612e-02
24.936392	5.961755353e-02
24.941392	5.911313044e-02
24.946392	5.844190282e-02
24.951392	5.751533262e-02
24.956393	5.637198963e-02
24.961393	5.511458668e-02
24.966393	5.382861265e-02
24.971394	5.256630405e-02
24.976394	5.139324700e-02
24.981394	5.042368861e-02
24.986394	4.978942684e-02
24.991395	4.956271698e-02
24.996395	4.970445575e-02
25.001395	5.008750770e-02
25.006396	5.057712390e-02
25.011396	5.110720049e-02
25.016396	5.170521462e-02
25.021396	5.245662048e-02
25.026397	5.342793494e-02
25.031397	5.459023426e-02
25.036397	5.579772675e-02
25.041397	5.684705510e-02
25.046398	5.757318054e-02
25.051398	5.789976358e-02
25.056398	5.781217007e-02
25.061399	5.730459150e-02
25.066399	5.636891953e-02
25.071399	5.503305773e-02
25.076399	5.339836693e-02
25.081400	5.162524883e-02
25.086400	4.986276441e-02
25.091400	4.816649533e-02
25.096401	4.645942137e-02
25.101401	4.456362943e-02
25.106401	4.228848426e-02
25.111401	3.952296541e-02
25.116402	3.627317978e-02
25.121402	3.262977826e-02
25.126402	2.870969244e-02
25.131403	2.462764981e-02
25.136403	2.050743572e-02
25.141403	1.649990086e-02
25.146403	1.277749831e-02
25.151404	9.507582036e-03
25.156404	6.826618945e-03
25.161404	4.824816784e-03
25.166404	3.536702238e-03
25.171405	2.947601312e-03
25.176405	3.024290292e-03
25.181405	3.738840928e-03
25.186406	5.053150555e-03
25.191406	6.885558870e-03
25.196406	9.106421092e-03
25.201406	1.157478593e-02
25.206407	1.418202408e-02
25.211407	1.685885823e-02
25.216407	1.953899941e-02
25.221408	2.211656188e-02
25.226408	2.443985325e-02
25.231408	2.635184099e-02
25.236408	2.775035264e-02
25.241409	2.862551709e-02
25.246409	2.904720700e-02
25.251409	2.911018708e-02
25.256409	2.887487580e-02
25.261410	2.834706887e-02
25.266410	2.751066056e-02
25.271410	2.637778633e-02
25.276411	2.500394653e-02
25.281411	2.345759732e-02
25.286411	2.177969600e-02
25.291411	1.996969300e-02
25.296412	1.800771503e-02
25.301412	1.589431175e-02
25.306412	1.367531791e-02
25.311413	1.143666222e-02
25.316413	9.285265318e-03
25.321413	7.340279037e-03
25.326413	5.741459662e-03
25.331414	4.659402860e-03
25.336414	4.280039010e-03
25.341414	4.748540209e-03
25.346414	6.095842729e-03
25.351415	8.204773704e-03
25.356415	1.086383705e-02
25.361415	1.388542568e-02
25.366416	1.718676840e-02
25.371416	2.075557540e-02
25.376416	2.454501366e-02
25.381416	2.841331771e-02
25.386417	3.215836059e-02
25.391417	3.559778475e-02
25.396417	3.862760194e-02
25.401418	4.123519614e-02
25.406418	4.347321738e-02
25.411418	4.541338967e-02
25.416418	4.711178948e-02
25.421419	4.860913087e-02
25.426419	4.995402469e-02
25.431419	5.121392257e-02
25.436420	5.245454106e-02
25.441420	5.370434164e-02
25.446420	5.494053335e-02
25.451420	5.611670896e-02
25.456421	5.721080469e-02
25.461421	5.824620965e-02
25.466421	5.926075524e-02
25.471421	6.025160247e-02
25.476422	6.115276689e-02
25.481422	6.187129465e-02
25.486422	6.235273147e-02
25.491423	6.262671607e-02
25.496423	6.280677425e-02
25.501423	6.305096935e-02
25.506423	6.350788946e-02
25.511424	6.427233517e-02
25.516424	6.536876059e-02
25.521424	6.677235537e-02
25.526425	6.845478476e-02
25.531425	7.041268866e-02
25.536425	7.264492709e-02
25.541425	7.510071913e-02
25.546426	7.766358164e-02
25.551426	8.020695146e-02
25.556426	8.268310014e-02
25.561426	8.516351237e-02
25.566427	8.778417226e-02
25.571427	9.063828211e-02
25.576427	9.371142415e-02
25.581428	9.690641528e-02
25.586428	1.001110955e-01
25.591428	1.032328626e-01
25.596428	1.061812836e-01
25.601429	1.088445537e-01
25.606429	1.111055209e-01
25.611429	1.128883839e-01
25.616430	1.141944940e-01
25.621430	1.151105468e-01
25.626430	1.157915977e-01
25.631430	1.164097045e-01
25.636431	1.170788816e-01
25.641431	1.178095604e-01
25.646431	1.185311513e-01
25.651432	1.191545905e-01
25.656432	1.196116632e-01
25.661432	1.198483105e-01
25.666432	1.198114694e-01
25.671433	1.194572531e-01
25.676433	1.187443662e-01
25.681433	1.176074092e-01
25.686433	1.160116503e-01
25.691434	1.141298265e-01
25.696434	1.124402994e-01
25.701434	1.115032574e-01
25.706435	1.115044575e-01
25.711435	1.119789877e-01
25.716435	1.120111379e-01
25.721435	1.107582445e-01
25.726436	1.078730483e-01
25.731436	1.035828950e-01
25.736436	9.852496169e-02
25.741437	9.350015571e-02
25.746437	8.918267102e-02
25.751437	8.584178841e-02
25.756437	8.322833118e-02
25.761438	8.072071836e-02
25.766438	7.765638792e-02
25.771438	7.363173663e-02
25.776438	6.856471097e-02
25.781439	6.255234548e-02
25.786439	5.577666918e-02
25.791439	4.857556259e-02
25.796440	4.148125656e-02
25.801440	3.503887397e-02
25.806440	2.952443515e-02
25.811440	2.480729641e-02
25.816441	2.044080862e-02
25.821441	1.590596911e-02
25.826441	1.088533502e-02
25.831442	5.411548204e-03
25.836442	-2.448729808e-04
25.841442	-5.889166961e-03
25.846442	-1.163611395e-02
25.851443	-1.782612416e-02
25.856443	-2.467987701e-02
25.861443	-3.200656783e-02
25.866444	-3.926254179e-02
25.871444	-4.593898839e-02
25.876444	-5.192989496e-02
25.881444	-5.755125842e-02
25.886445	-6.323209608e-02
25.891445	-6.919603484e-02
25.896445	-7.539475244e-02
25.901445	-8.165458716e-02
25.906446	-8.782698271e-02
25.911446	-9.383745255e-02
25.916446	-9.968940210e-02
25.921447	-1.054779634e-01
25.926447	-1.113697575e-01
25.931447	-1.175108149e-01
25.936447	-1.239448107e-01
25.941448	-1.306436479e-01
25.946448	-1.375940093e-01
25.951448	-1.448007321e-01
25.956449	-1.522360651e-01
25.961449	-1.598744807e-01
25.966449	-1.677566919e-01
25.971449	-1.758976452e-01
25.976450	-1.840920695e-01
25.981450	-1.918927072e-01
25.986450	-1.988479305e-01
25.991450	-2.047466464e-01
25.996451	-2.096144508e-01
26.001451	-2.135137046e-01
26.006451	-2.163876111e-01
26.011452	-2.180770295e-01
26.016452	-2.184473198e-01
26.021452	-2.174920846e-01
26.026452	-2.153356882e-01
26.031453	-2.121627938e-01
26.036453	-2.081558123e-01
26.041453	-2.034740393e-01
26.046454	-1.982573164e-01
26.051454	-1.926381520e-01
26.056454	-1.867440561e-01
26.061454	-1.806738865e-01
26.066455	-1.744758117e-01
26.071455	-1.681814606e-01
26.076455	-1.618946283e-01
26.081456	-1.558437658e-01
26.086456	-1.503095004e-01
26.091456	-1.454550141e-01
26.096456	-1.411917441e-01
26.101457	-1.371980353e-01
26.106457	-1.330848015e-01
26.111457	-1.285703211e-01
26.116457	-1.235268030e-01
26.121458	-1.179120214e-01
26.126458	-1.117148353e-01
26.131458	-1.049830281e-01
26.136459	-9.787084376e-02
26.141459	-9.061833882e-02
26.146459	-8.345434450e-02
26.151459	-7.648790422e-02
26.156460	-6.967675657e-02
26.161460	-6.291257768e-02
26.166460	-5.615139788e-02
26.171461	-4.947444629e-02
26.176461	-4.304106720e-02
26.181461	-3.698324099e-02
26.186461	-3.132974896e-02
26.191462	-2.603475529e-02
26.196462	-2.109697682e-02
26.201462	-1.664346794e-02
26.206462	-1.285794337e-02
26.211463	-9.789701898e-03
26.216463	-7.221031480e-03
26.221463	-4.735208274e-03
26.226464	-1.946824994e-03
26.231464	1.291141472e-03
26.236464	4.866335356e-03
26.241464	8.565723287e-03
26.246465	1.225393282e-02
26.251465	1.592109813e-02
26.256465	1.960088764e-02
26.261466	2.328403287e-02
26.266466	2.692644505e-02
26.271466	3.051869192e-02
26.276466	3.410815068e-02
26.281467	3.773483046e-02
26.286467	4.135688112e-02
26.291467	4.486069551e-02
26.296468	4.816218839e-02
26.301468	5.130343332e-02
26.306468	5.443724052e-02
26.311468	5.770139087e-02
26.316469	6.110737283e-02
26.321469	6.455731388e-02
26.326469	6.795765491e-02
26.331469	7.129311306e-02
26.336470	7.458515617e-02
26.341470	7.779462160e-02
26.346470	8.078063264e-02
26.351471	8.336685118e-02
26.356471	8.545904970e-02
26.361471	8.709527047e-02
26.366471	8.836895726e-02
26.371472	8.931100461e-02
26.376472	8.987173849e-02
26.381472	9.001719045e-02
26.386473	8.980819585e-02
26.391473	8.935589061e-02
26.396473	8.869853286e-02
26.401473	8.773467083e-02
26.406474	8.628774700e-02
26.411474	8.425108889e-02
26.416474	8.169693161e-02
26.421474	7.886457684e-02
26.426475	7.602860343e-02
26.431475	7.333333718e-02
26.436475	7.070975485e-02
26.441476	6.793341538e-02
26.446476	6.478093619e-02
26.451476	6.118238389e-02
26.456476	5.728028111e-02
26.461477	5.337006290e-02
26.466477	4.976375464e-02
26.471477	4.664719783e-02
26.476478	4.399991805e-02
26.481478	4.162592087e-02
26.486478	3.928513564e-02
26.491478	3.684365468e-02
26.496479	3.433466608e-02
26.501479	3.186972669e-02
26.506479	2.945444254e-02
26.511480	2.687558127e-02
26.516480	2.380707341e-02
26.521480	2.008715553e-02
26.526480	1.593125400e-02
26.531481	1.188066544e-02
26.536481	8.502925481e-03
26.541481	6.046375994e-03
26.546481	4.283169205e-03
26.551482	2.649427719e-03
26.556482	5.886343365e-04
26.561482	-2.135678277e-03
26.566483	-5.361145022e-03
26.571483	-8.706155939e-03
26.576483	-1.184497720e-02
26.581483	-1.466623349e-02
26.586484	-1.722463403e-02
26.591484	-1.957467186e-02
26.596484	-2.165670123e-02
26.601485	-2.333690299e-02
26.606485	-2.455484874e-02
26.611485	-2.543345920e-02
26.616485	-2.624228959e-02
26.621486	-2.723996701e-02
26.626486	-2.852857751e-02
26.631486	-3.003797909e-02
26.636486	-3.163628344e-02
26.641487	-3.325029036e-02
26.646487	-3.489193762e-02
26.651487	-3.659581895e-02
26.656488	-3.834528810e-02
26.661488	-4.005124316e-02
26.666488	-4.160229396e-02
26.671488	-4.295866903e-02
26.676489	-4.422035911e-02
26.681489	-4.560085867e-02
26.686489	-4.730345553e-02
26.691490	-4.937966656e-02
26.696490	-5.167639152e-02
26.701490	-5.391690949e-02
26.706490	-5.585588948e-02
26.711491	-5.739510163e-02
26.716491	-5.858628256e-02
26.721491	-5.953481374e-02
26.726492	-6.028504824e-02
26.731492	-6.077458435e-02
26.736492	-6.088930605e-02
26.741492	-6.057089353e-02
26.746493	-5.988496915e-02
26.751493	-5.899297518e-02
26.756493	-5.805421502e-02
26.761493	-5.713852512e-02
26.766494	-5.621392177e-02
26.771494	-5.521200056e-02
26.776494	-5.411483766e-02
26.781495	-5.299082650e-02
26.786495	-5.195303497e-02
26.791495	-5.108503243e-02
26.796495	-5.040081917e-02
26.801496	-4.986143773e-02
26.806496	-4.941911033e-02
26.811496	-4.904799878e-02
26.816497	-4.874386672e-02
26.821497	-4.850463194e-02
26.826497	-4.831767705e-02
26.831497	-4.816828200e-02
26.836498	-4.805828524e-02
26.841498	-4.801088528e-02
26.846498	-4.804841261e-02
26.851498	-4.815504318e-02
26.856499	-4.825517523e-02
26.861499	-4.823260475e-02
26.866499	-4.798387262e-02
26.871500	-4.746528757e-02
26.876500	-4.669545528e-02
26.881500	-4.571681572e-02
26.886500	-4.455360642e-02
26.891501	-4.319831338e-02
26.896501	-4.163232021e-02
26.901501	-3.986320373e-02
26.906502	-3.795052121e-02
26.911502	-3.600240792e-02
26.916502	-3.414834968e-02
26.921502	-3.250313209e-02
26.926503	-3.113507496e-02
26.931503	-3.005650276e-02
26.936503	-2.924818588e-02
26.941504	-2.869974583e-02
26.946504	-2.843023274e-02
26.951504	-2.847227528e-02
26.956504	-2.883788954e-02
26.961505	-2.949862749e-02
26.966505	-3.039600955e-02
26.971505	-3.147345895e-02
26.976505	-3.271113233e-02
26.981506	-3.414267670e-02
26.986506	-3.583413216e-02
26.991506	-3.783230846e-02
26.996507	-4.012718661e-02
27.001507	-4.265833318e-02
27.006507	-4.533926640e-02
27.011507	-4.806256338e-02
27.016508	-5.069524979e-02
27.021508	-5.310010919e-02
27.026508	-5.518775211e-02
27.031509	-5.696203383e-02
27.036509	-5.851487897e-02
27.041509	-5.996252349e-02
27.046509	-6.136548427e-02
27.051510	-6.269220009e-02
27.056510	-6.385249871e-02
27.061510	-6.477056677e-02
27.066510	-6.543458623e-02
27.071511	-6.588411768e-02
27.076511	-6.615781416e-02
27.081511	-6.626003337e-02
27.086512	-6.618014135e-02
27.091512	-6.594239300e-02
27.096512	-6.563365385e-02
27.101512	-6.537745755e-02
27.106513	-6.527283825e-02
27.111513	-6.534997935e-02
27.116513	-6.558295281e-02
27.121514	-6.595083193e-02
27.126514	-6.649122420e-02
27.131514	-6.728780920e-02
27.136514	-6.839239777e-02
27.141515	-6.975598639e-02
27.146515	-7.124678791e-02
27.151515	-7.274768875e-02
27.156516	-7.423888020e-02
27.161516	-7.578282923e-02
27.166516	-7.743047936e-02
27.171516	-7.914705879e-02
27.176517	-8.083009199e-02
27.181517	-8.239542078e-02
27.186517	-8.383615809e-02
27.191517	-8.519224889e-02
27.196518	-8.649130968e-02
27.201518	-8.776975657e-02
27.206518	-8.914755920e-02
27.211519	-9.082015452e-02
27.216519	-9.294492686e-02
27.221519	-9.554502868e-02
27.226519	-9.851031210e-02
27.231520	-1.016529388e-01
27.236520	-1.047597594e-01
27.241520	-1.076466494e-01
27.246521	-1.102206286e-01
27.251521	-1.124963968e-01
27.256521	-1.145285441e-01
27.261521	-1.163190768e-01
27.266522	-1.177947075e-01
27.271522	-1.188617205e-01
27.276522	-1.194589645e-01
27.281522	-1.195529009e-01
27.286523	-1.191063776e-01
27.291523	-1.180793740e-01
27.296523	-1.164588804e-01
27.301524	-1.142735083e-01
27.306524	-1.115859038e-01
27.311524	-1.084895532e-01
27.316524	-1.051098993e-01
27.321525	-1.015832853e-01
27.326525	-9.800903515e-02
27.331525	-9.440699805e-02
27.336526	-9.071588602e-02
27.341526	-8.683945518e-02
27.346526	-8.272015213e-02
27.351526	-7.839980574e-02
27.356527	-7.402575726e-02
27.361527	-6.979614554e-02
27.366527	-6.587844613e-02
27.371528	-6.234429929e-02
27.376528	-5.915173626e-02
27.381528	-5.618425958e-02
27.386528	-5.332217636e-02
27.391529	-5.049934019e-02
27.396529	-4.771590702e-02
27.401529	-4.501614159e-02
27.406529	-4.245849471e-02
27.411530	-4.009310077e-02
27.416530	-3.794546082e-02
27.421530	-3.600584412e-02
27.426531	-3.423310645e-02
27.431531	-3.258041137e-02
27.436531	-3.103357114e-02
27.441531	-2.963400353e-02
27.446532	-2.846226599e-02
27.451532	-2.759037716e-02
27.456532	-2.703779201e-02
27.461533	-2.675421401e-02
27.466533	-2.662594415e-02
27.471533	-2.649934252e-02
27.476533	-2.621861800e-02
27.481534	-2.566250884e-02
27.486534	-2.475887266e-02
27.491534	-2.347255487e-02
27.496534	-2.178148729e-02
27.501535	-1.966648753e-02
27.506535	-1.713371994e-02
27.511535	-1.425992689e-02
27.516536	-1.122229981e-02
27.521536	-8.277761974e-03
27.526536	-5.691591937e-03
27.531536	-3.654079175e-03
27.536537	-2.232613261e-03
27.541537	-1.379906580e-03
27.546537	-9.851393989e-04
27.551538	-9.372755757e-04
27.556538	-1.164112794e-03
27.561538	-1.619570218e-03
27.566538	-2.232488595e-03
27.571539	-2.868545475e-03
27.576539	-3.337784530e-03
27.581539	-3.436075414e-03
27.586540	-2.995882954e-03
27.591540	-1.918011685e-03
27.596540	-1.513435450e-04
27.601540	2.368979418e-03
27.606541	5.748749731e-03
27.611541	1.006910133e-02
27.616541	1.526971914e-02
27.621541	2.107655609e-02
27.626542	2.702567872e-02
27.631542	3.256647421e-02
27.636542	3.719824765e-02
27.641543	4.060163037e-02
27.646543	4.273539993e-02
27.651543	4.385471841e-02
27.656543	4.440808465e-02
27.661544	4.484152981e-02
27.666544	4.542495062e-02
27.671544	4.620514451e-02
27.676545	4.708251627e-02
27.681545	4.791937247e-02
27.686545	4.859629847e-02
27.691545	4.901159279e-02
27.696546	4.908575357e-02
27.701546	4.881503063e-02
27.706546	4.833092600e-02
27.711546	4.788482910e-02
27.716547	4.774713898e-02
27.721547	4.809758722e-02
27.726547	4.898622756e-02
27.731548	5.037426158e-02
27.736548	5.220249132e-02
27.741548	5.442763333e-02
27.746548	5.700144602e-02
27.751549	5.982000320e-02
27.756549	6.270444815e-02
27.761549	6.545499523e-02
27.766550	6.794988574e-02
27.771550	7.019939101e-02
27.776550	7.229289844e-02
27.781550	7.428135401e-02
27.786551	7.609865858e-02
27.791551	7.758531918e-02
27.796551	7.859396900e-02
27.801552	7.909959317e-02
27.806552	7.923510591e-02
27.811552	7.922294619e-02
27.816552	7.924852595e-02
27.821553	7.936804665e-02
27.826553	7.951114779e-02
27.831553	7.955453399e-02
27.836553	7.939896422e-02
27.841554	7.900831537e-02
27.846554	7.840753576e-02
27.851554	7.765235833e-02
27.856555	7.679402802e-02
27.861555	7.586460781e-02
27.866555	7.488346603e-02
27.871555	7.385974828e-02
27.876556	7.278143232e-02
27.881556	7.161349288e-02
27.886556	7.031910422e-02
27.891557	6.887933789e-02
27.896557	6.728164665e-02
27.901557	6.548735193e-02
27.906557	6.341276634e-02
27.911558	6.094024556e-02
27.916558	5.795908082e-02
27.921558	5.442725399e-02
27.926558	5.040665329e-02
27.931559	4.602542555e-02
27.936559	4.142126782e-02
27.941559	3.675892437e-02
27.946560	3.229616536e-02
27.951560	2.838834029e-02
27.956560	2.539749956e-02
27.961560	2.357482511e-02
27.966561	2.300174520e-02
27.971561	2.363372708e-02
27.976561	2.541726309e-02
27.981562	2.837477900e-02
27.986562	3.257174892e-02
27.991562	3.799042579e-02
27.996562	4.440950380e-02
28.001563	5.139479640e-02
28.006563	5.844134081e-02
28.011563	6.516538157e-02
28.016564	7.138206198e-02
28.021564	7.703343671e-02
28.026564	8.207564068e-02
28.031564	8.643045719e-02
28.036565	9.002186587e-02
28.041565	9.285434476e-02
28.046565	9.506693344e-02
28.051565	9.690856642e-02
28.056566	9.863085617e-02
28.061566	1.003643504e-01
28.066566	1.020640445e-01
28.071567	1.035578511e-01
28.076567	1.046614747e-01
28.081567	1.052762991e-01
28.086567	1.054017752e-01
28.091568	1.050821289e-01
28.096568	1.043695048e-01
28.101568	1.033385106e-01
28.106569	1.021107956e-01
28.111569	1.008465880e-01
28.116569	9.970462357e-02
28.121569	9.879273268e-02
28.126570	9.812959723e-02
28.131570	9.763837022e-02
28.136570	9.718389561e-02
28.141570	9.663571808e-02
28.146571	9.591402934e-02
28.151571	9.498913585e-02
28.156571	9.385090527e-02
28.161572	9.249277209e-02
28.166572	9.093294653e-02
28.171572	8.925371046e-02
28.176572	8.762221087e-02
28.181573	8.626663634e-02
28.186573	8.540806766e-02
28.191573	8.518291419e-02
28.196574	8.560403049e-02
28.201574	8.657982421e-02
28.206574	8.797477786e-02
28.211574	8.968137313e-02
28.216575	9.166604494e-02
28.221575	9.395474786e-02
28.226575	9.656420875e-02
28.231576	9.943481881e-02
28.236576	1.024206996e-01
28.241576	1.053426999e-01
28.246576	1.080605715e-01
28.251577	1.105087416e-01
28.256577	1.126785291e-01
28.261577	1.145814852e-01
28.266577	1.162280244e-01
28.271578	1.176142320e-01
28.276578	1.187019834e-01
28.281578	1.194083257e-01
28.286579	1.196286654e-01
28.291579	1.192852768e-01
28.296579	1.183593386e-01
28.301579	1.168710948e-01
28.306580	1.148172091e-01
28.311580	1.121190739e-01
28.316580	1.086357151e-01
28.321581	1.042494057e-01
28.326581	9.897664864e-02
28.331581	9.301742689e-02
28.336581	8.667912116e-02
28.341582	8.022221909e-02
28.346582	7.376586261e-02
28.351582	6.732817009e-02
28.356582	6.091274612e-02
28.361583	5.451778621e-02
28.366583	4.810328341e-02
28.371583	4.163848241e-02
28.376584	3.520799490e-02
28.381584	2.902942104e-02
28.386584	2.333164694e-02
28.391584	1.820713998e-02
28.396585	1.357669860e-02
28.401585	9.284620299e-03
28.406585	5.223929663e-03
28.411586	1.400003439e-03
28.416586	-2.076357497e-03
28.421586	-5.040288778e-03
28.426586	-7.349652612e-03
28.431587	-8.950417275e-03
28.436587	-9.880497752e-03
28.441587	-1.021467546e-02
28.446588	-1.001826445e-02
28.451588	-9.355965014e-03
28.456588	-8.320476244e-03
28.461588	-7.022218268e-03
28.466589	-5.545121445e-03
28.471589	-3.925744971e-03
28.476589	-2.185786741e-03
28.481589	-3.813155682e-04
28.486590	1.391521835e-03
28.491590	3.042092744e-03
28.496590	4.526759519e-03
28.501591	5.838204788e-03
28.506591	6.956981761e-03
28.511591	7.818812135e-03
28.516591	8.326650481e-03
28.521592	8.385671036e-03
28.526592	7.927038729e-03
28.531592	6.915678669e-03
28.536593	5.356930678e-03
28.541593	3.307537243e-03
28.546593	8.816623478e-04
28.551593	-1.757567112e-03
28.556594	-4.419174129e-03
28.561594	-6.907502849e-03
28.566594	-9.037928372e-03
28.571594	-1.064582572e-02
28.576595	-1.160033564e-02
28.581595	-1.183111365e-02
28.586595	-1.135539160e-02
28.591596	-1.027580623e-02
28.596596	-8.738207823e-03
28.601596	-6.877861523e-03
28.606596	-4.787873159e-03
28.611597	-2.517153855e-03
28.616597	-8.965945903e-05
28.621597	2.462138028e-03
28.626598	5.058123020e-03
28.631598	7.550607279e-03
28.636598	9.753495553e-03
28.641598	1.151178216e-02
28.646599	1.276497463e-02
28.651599	1.357030996e-02
28.656599	1.407756066e-02
28.661600	1.446241075e-02
28.666600	1.485082294e-02
28.671600	1.528101284e-02
28.676600	1.572158773e-02
28.681601	1.612615996e-02
28.686601	1.648942909e-02
28.691601	1.687061672e-02
28.696601	1.737424753e-02
28.701602	1.811688679e-02
28.706602	1.920771664e-02
28.711602	2.073383434e-02
28.716603	2.273603764e-02
28.721603	2.519299418e-02
28.726603	2.803835828e-02
28.731603	3.120051967e-02
28.736604	3.462999326e-02
28.741604	3.829646296e-02
28.746604	4.216749822e-02
28.751605	4.618820535e-02
28.756605	5.027139973e-02
28.761605	5.430237814e-02
28.766605	5.815544973e-02
28.771606	6.170978293e-02
28.776606	6.486106377e-02
28.781606	6.753898398e-02
28.786606	6.972220908e-02
28.791607	7.142425400e-02
28.796607	7.266188988e-02
28.801607	7.345553384e-02
28.806608	7.386486886e-02
28.811608	7.400381662e-02
28.816608	7.400499282e-02
28.821608	7.396192329e-02
28.826609	7.389043461e-02
28.831609	7.372916760e-02
28.836609	7.337419689e-02
28.841610	7.273275991e-02
28.846610	7.178045902e-02
28.851610	7.059404916e-02
28.856610	6.933216538e-02
28.861611	6.817431241e-02
28.866611	6.725859088e-02
28.871611	6.664322055e-02
28.876612	6.628943879e-02
28.881612	6.606337879e-02
28.886612	6.577195754e-02
28.891612	6.523676073e-02
28.896613	6.436321624e-02
28.901613	6.315266372e-02
28.906613	6.166230376e-02
28.911613	5.995824310e-02
28.916614	5.808731537e-02
28.921614	5.607407093e-02
28.926614	5.395152527e-02
28.931615	5.181579872e-02
28.936615	4.985828457e-02
28.941615	4.832855012e-02
28.946615	4.743898916e-02
28.951616	4.729091907e-02
28.956616	4.789557637e-02
28.961616	4.926122361e-02
28.966617	5.143684716e-02
28.971617	5.444784087e-02
28.976617	5.817279164e-02
28.981617	6.228808661e-02
28.986618	6.636409703e-02
28.991618	7.003083693e-02
28.996618	7.305382083e-02
29.001618	7.529970080e-02
29.006619	7.669963626e-02
29.011619	7.726465074e-02
29.016619	7.710958488e-02
29.021620	7.643801542e-02
29.026620	7.548683854e-02
29.031620	7.444548837e-02
29.036620	7.336852682e-02
29.041621	7.213438324e-02
29.046621	7.050998069e-02
29.051621	6.830285082e-02
29.056622	6.549587963e-02
29.061622	6.227045300e-02
29.066622	5.891148268e-02
29.071622	5.566743726e-02
29.076623	5.267230749e-02
29.081623	4.998964902e-02
29.086623	4.771382954e-02
29.091624	4.600080723e-02
29.096624	4.499874241e-02
29.101624	4.477168045e-02
29.106624	4.528719984e-02
29.111625	4.643760829e-02
29.116625	4.805245967e-02
29.121625	4.991812978e-02
29.126625	5.182081616e-02
29.131626	5.358123200e-02
29.136626	5.505218819e-02
29.141626	5.610594984e-02
29.146627	5.665113118e-02
29.151627	5.666727537e-02
29.156627	5.621075944e-02
29.161627	5.536295574e-02
29.166628	5.413656743e-02
29.171628	5.241099988e-02
29.176628	4.997117413e-02
29.181629	4.663621090e-02
29.186629	4.238090782e-02
29.191629	3.737041094e-02
29.196629	3.190735874e-02
29.201630	2.634476414e-02
29.206630	2.101630783e-02
29.211630	1.620197636e-02
29.216630	1.211701127e-02
29.221631	8.901971132e-03
29.226631	6.600116833e-03
29.231631	5.132026106e-03
29.236632	4.300642014e-03
29.241632	3.858039451e-03
29.246632	3.629172357e-03
29.251632	3.622737863e-03
29.256633	4.023024761e-03
29.261633	5.040078710e-03
29.266633	6.734099676e-03
29.271634	8.948985948e-03
29.276634	1.138425914e-02
29.281634	1.373501654e-02
29.286634	1.580398747e-02
29.291635	1.753150759e-02
29.296635	1.895456958e-02
29.301635	2.014395048e-02
29.306636	2.116326765e-02
29.311636	2.206366245e-02
29.316636	2.289746492e-02
29.321636	2.371953006e-02
29.326637	2.455732762e-02
29.331637	2.537015845e-02
29.336637	2.604545755e-02
29.341637	2.645411149e-02
29.346638	2.652838852e-02
29.351638	2.629808128e-02
29.356638	2.585516290e-02
29.361639	2.528464177e-02
29.366639	2.462824680e-02
29.371639	2.390502937e-02
29.376639	2.315449298e-02
29.381640	2.245843746e-02
29.386640	2.192636960e-02
29.391640	2.165605639e-02
29.396641	2.169580745e-02
29.401641	2.203369559e-02
29.406641	2.261788059e-02
29.411641	2.339263857e-02
29.416642	2.432938655e-02
29.421642	2.543427998e-02
29.426642	2.672980397e-02
29.431642	2.823040608e-02
29.436643	2.993125162e-02
29.441643	3.180938973e-02
29.446643	3.382782533e-02
29.451644	3.593507812e-02
29.456644	3.805855389e-02
29.461644	4.010130673e-02
29.466644	4.195361180e-02
29.471645	4.351547345e-02
29.476645	4.471585979e-02
29.481645	4.552236160e-02
29.486646	4.594495175e-02
29.491646	4.603426508e-02
29.496646	4.586762870e-02
29.501646	4.552261055e-02
29.506647	4.505220861e-02
29.511647	4.447549135e-02
29.516647	4.378488882e-02
29.521648	4.296559069e-02
29.526648	4.202056765e-02
29.531648	4.098881478e-02
29.536648	3.994384399e-02
29.541649	3.896989454e-02
29.546649	3.812773622e-02
29.551649	3.743026754e-02
29.556649	3.684278617e-02
29.561650	3.630442240e-02
29.566650	3.575201780e-02
29.571650	3.513324465e-02
29.576651	3.441081188e-02
29.581651	3.356106868e-02
29.586651	3.256477868e-02
29.591651	3.139258978e-02
29.596652	2.999579115e-02
29.601652	2.831317296e-02
29.606652	2.629713676e-02
29.611653	2.394443893e-02
29.616653	2.130201559e-02
29.621653	1.843639739e-02
29.626653	1.539783707e-02
29.631654	1.222135546e-02
29.636654	8.961823804e-03
29.641654	5.714980640e-03
29.646654	2.594959639e-03
29.651655	-3.055159362e-04
29.656655	-2.931165885e-03
29.661655	-5.251790677e-03
29.666656	-7.248303283e-03
29.671656	-8.917443279e-03
29.676656	-1.029070524e-02
29.681656	-1.144857216e-02
29.686657	-1.251314840e-02
29.691657	-1.361642711e-02
29.696657	-1.486274679e-02
29.701658	-1.630999474e-02
29.706658	-1.797059199e-02
29.711658	-1.981770748e-02
29.716658	-2.180159981e-02
29.721659	-2.388837948e-02
29.726659	-2.609544653e-02
29.731659	-2.847357065e-02
29.736660	-3.103207128e-02
29.741660	-3.367121717e-02
29.746660	-3.618649609e-02
29.751660	-3.834161100e-02
29.756661	-3.995085733e-02
29.761661	-4.091928171e-02
29.766661	-4.123377335e-02
29.771661	-4.092669162e-02
29.776662	-4.002917826e-02
29.781662	-3.852549700e-02
29.786662	-3.633984026e-02
29.791663	-3.338841727e-02
29.796663	-2.967167618e-02
29.801663	-2.533181972e-02
29.806663	-2.062633037e-02
29.811664	-1.583513266e-02
29.816664	-1.116795544e-02
29.821664	-6.736921125e-03
29.826665	-2.605214863e-03
29.831665	1.142215924e-03
29.836665	4.377864569e-03
29.841665	6.984306310e-03
29.846666	8.932503673e-03
29.851666	1.031433778e-02
29.856666	1.130071332e-02
29.861666	1.205341074e-02
29.866667	1.264354255e-02
29.871667	1.302569901e-02
29.876667	1.308841325e-02
29.881668	1.274642294e-02
29.886668	1.200534081e-02
29.891668	1.096032599e-02
29.896668	9.752069260e-03
29.901669	8.530778234e-03
29.906669	7.449734797e-03
29.911669	6.662732102e-03
29.916670	6.298911750e-03
29.921670	6.433589545e-03
29.926670	7.091095604e-03
29.931670	8.281436276e-03
29.936671	1.003722588e-02
29.941671	1.241030705e-02
29.946671	1.541406700e-02
29.951672	1.895140353e-02
29.956672	2.279434196e-02
29.961672	2.663962454e-02
29.966672	3.019798445e-02
29.971673	3.325492241e-02
29.976673	3.568360000e-02
29.981673	3.743618007e-02
29.986673	3.853799509e-02
29.991674	3.908253130e-02
29.996674	3.921357446e-02
30.001674	3.908678293e-02
30.006675	3.881847474e-02
30.011675	3.844936957e-02
30.016675	3.795186295e-02
30.021675	3.727626970e-02
30.026676	3.639798112e-02
30.031676	3.533131926e-02
30.036676	3.410956040e-02
30.041677	3.276218017e-02
30.046677	3.132139584e-02
30.051677	2.985521494e-02
30.056677	2.848935680e-02
30.061678	2.738797672e-02
30.066678	2.670025365e-02
30.071678	2.650130823e-02
30.076678	2.675676639e-02
30.081679	2.733651429e-02
30.086679	2.808119149e-02
30.091679	2.888351769e-02
30.096680	2.972806578e-02
30.101680	3.066480286e-02
30.106680	3.174333553e-02
30.111680	3.295948443e-02
30.116681	3.425062705e-02
30.121681	3.553614627e-02
30.126681	3.676249144e-02
30.131682	3.791230572e-02
30.136682	3.897559981e-02
30.141682	3.991683842e-02
30.146682	4.066917187e-02
30.151683	4.115706083e-02
30.156683	4.132789497e-02
30.161683	4.117197553e-02
30.166684	4.071813241e-02
30.171684	4.001066938e-02
30.176684	3.909024197e-02
30.181684	3.799148952e-02
30.186685	3.674685500e-02
30.191685	3.538159123e-02
30.196685	3.389911556e-02
30.201685	3.226989084e-02
30.206686	3.043921214e-02
30.211686	2.835314782e-02
30.216686	2.597985432e-02
30.221687	2.330974116e-02
30.226687	2.035095974e-02
30.231687	1.713880503e-02
30.236687	1.373822204e-02
30.241688	1.021320728e-02
30.246688	6.589631732e-03
30.251688	2.867887985e-03
30.256689	-9.056788832e-04
30.261689	-4.573259548e-03
30.266689	-7.880031073e-03
30.271689	-1.056968862e-02
30.276690	-1.249021636e-02
30.281690	-1.363968184e-02
30.286690	-1.413020762e-02
30.291690	-1.409243944e-02
30.296691	-1.357652409e-02
30.301691	-1.252128356e-02
30.306691	-1.081886686e-02
30.311692	-8.415828867e-03
30.316692	-5.361430126e-03
30.321692	-1.775493321e-03
30.326692	2.208841257e-03
30.331693	6.453689535e-03
30.336693	1.077291404e-02
30.341693	1.491013649e-02
30.346694	1.859196742e-02
30.351694	2.162110297e-02
30.356694	2.393211044e-02
30.361694	2.557600845e-02
30.366695	2.666222561e-02
30.371695	2.730363144e-02
30.376695	2.758745460e-02
30.381696	2.757265463e-02
30.386696	2.730362684e-02
30.391696	2.681921975e-02
30.396696	2.613607146e-02
30.401697	2.521723800e-02
30.406697	2.397300604e-02
30.411697	2.231977742e-02
30.416697	2.025923356e-02
30.421698	1.791476331e-02
30.426698	1.549413973e-02
30.431698	1.319775242e-02
30.436699	1.113315088e-02
30.441699	9.295669140e-03
30.446699	7.619946118e-03
30.451699	6.053752480e-03
30.456700	4.601192007e-03
30.461700	3.312474323e-03
30.466700	2.233860411e-03
30.471701	1.355702531e-03
30.476701	5.941447163e-04
30.481701	-1.831961399e-04
30.486701	-1.106070392e-03
30.491702	-2.258414752e-03
30.496702	-3.667097651e-03
30.501702	-5.317594363e-03
30.506702	-7.170922511e-03
30.511703	-9.165991512e-03
30.516703	-1.121590198e-02
30.521703	-1.321414109e-02
30.526704	-1.505403816e-02
30.531704	-1.665367492e-02
30.536704	-1.797664054e-02
30.541704	-1.903845963e-02
30.546705	-1.989260825e-02
30.551705	-2.060428262e-02
30.556705	-2.123064679e-02
30.561706	-2.181831174e-02
30.566706	-2.240826714e-02
30.571706	-2.302842942e-02
30.576706	-2.367083417e-02
30.581707	-2.427684670e-02
30.586707	-2.475320133e-02
30.591707	-2.501228494e-02
30.596708	-2.500868411e-02
30.601708	-2.474905893e-02
30.606708	-2.427175580e-02
30.611708	-2.361422104e-02
30.616709	-2.279332955e-02
30.621709	-2.180788649e-02
30.626709	-2.065632778e-02
30.631709	-1.935740488e-02
30.636710	-1.795802438e-02
30.641710	-1.651733170e-02
30.646710	-1.507571206e-02
30.651711	-1.363381146e-02
30.656711	-1.216137647e-02
30.661711	-1.063328018e-02
30.666711	-9.069754997e-03
30.671712	-7.552872919e-03
30.676712	-6.205776352e-03
30.681712	-5.146337493e-03
30.686713	-4.442939702e-03
30.691713	-4.097139723e-03
30.696713	-4.059606304e-03
30.701713	-4.262989856e-03
30.706714	-4.648279362e-03
30.711714	-5.174678461e-03
30.716714	-5.816436952e-03
30.721714	-6.552947344e-03
30.726715	-7.358432341e-03
30.731715	-8.194294480e-03
30.736715	-9.000957267e-03
30.741716	-9.689826190e-03
30.746716	-1.014660911e-02
30.751716	-1.025317322e-02
30.756716	-9.917972894e-03
30.761717	-9.098029506e-03
30.766717	-7.805041399e-03
30.771717	-6.099756858e-03
30.776718	-4.081089202e-03
30.781718	-1.874009240e-03
30.786718	3.836301816e-04
30.791718	2.561222003e-03
30.796719	4.563147574e-03
30.801719	6.346271254e-03
30.806719	7.909293627e-03
30.811719	9.264092463e-03
30.816720	1.041629928e-02
30.821720	1.136691897e-02
30.826720	1.212330105e-02
30.831721	1.270255439e-02
30.836721	1.312329917e-02
30.841721	1.339423328e-02
30.846721	1.351049579e-02
30.851722	1.346587794e-02
30.856722	1.327691341e-02
30.861722	1.299677205e-02
30.866723	1.269998584e-02
30.871723	1.244762427e-02
30.876723	1.226102571e-02
30.881723	1.212264230e-02
30.886724	1.200201221e-02
30.891724	1.188753757e-02
30.896724	1.179819642e-02
30.901725	1.176432067e-02
30.906725	1.179569597e-02
30.911725	1.186927485e-02
30.916725	1.194975201e-02
30.921726	1.202237759e-02
30.926726	1.210515363e-02
30.931726	1.222844401e-02
30.936726	1.240120836e-02
30.941727	1.259523657e-02
30.946727	1.276055778e-02
30.951727	1.285468776e-02
30.956728	1.285727260e-02
30.961728	1.275754476e-02
30.966728	1.252548468e-02
30.971728	1.209198407e-02
30.976729	1.135986509e-02
30.981729	1.024410481e-02
30.986729	8.713670727e-03
30.991730	6.802416383e-03
30.996730	4.575945712e-03
31.001730	2.074219293e-03
31.006730	-7.257446157e-04
31.011731	-3.895452095e-03
31.016731	-7.502230586e-03
31.021731	-1.155974460e-02
31.026731	-1.600766256e-02
31.031732	-2.072113265e-02
31.036732	-2.554727714e-02
31.041732	-3.035883127e-02
31.046733	-3.508886919e-02
31.051733	-3.971203088e-02
31.056733	-4.418864380e-02
31.061733	-4.843301517e-02
31.066734	-5.234703319e-02
31.071734	-5.588851269e-02
31.076734	-5.910185369e-02
31.081735	-6.207740557e-02
31.086735	-6.487486909e-02
31.091735	-6.747300043e-02
31.096735	-6.978191528e-02
31.101736	-7.170127992e-02
31.106736	-7.317058782e-02
31.111736	-7.417669144e-02
31.116737	-7.473306240e-02
31.121737	-7.485954791e-02
31.126737	-7.457228143e-02
31.131737	-7.388771623e-02
31.136738	-7.284327360e-02
31.141738	-7.151680124e-02
31.146738	-7.001893740e-02
31.151738	-6.845687471e-02
31.156739	-6.689955615e-02
31.161739	-6.537754902e-02
31.166739	-6.391309236e-02
31.171740	-6.254282667e-02
31.176740	-6.131263046e-02
31.181740	-6.025746395e-02
31.186740	-5.938709471e-02
31.191741	-5.868763889e-02
31.196741	-5.813427930e-02
31.201741	-5.770445626e-02
31.206742	-5.738582563e-02
31.211742	-5.717487753e-02
31.216742	-5.706293951e-02
31.221742	-5.701914885e-02
31.226743	-5.699007435e-02
31.231743	-5.692544368e-02
31.236743	-5.681711858e-02
31.241743	-5.672024825e-02
31.246744	-5.672991357e-02
31.251744	-5.692176729e-02
31.256744	-5.729965390e-02
31.261745	-5.778829421e-02
31.266745	-5.827211821e-02
31.271745	-5.864904042e-02
31.276745	-5.886363799e-02
31.281746	-5.890420441e-02
31.286746	-5.877287346e-02
31.291746	-5.845132667e-02
31.296747	-5.788557226e-02
31.301747	-5.700533348e-02
31.306747	-5.577119347e-02
31.311747	-5.421292832e-02
31.316748	-5.242029531e-02
31.321748	-5.048763684e-02
31.326748	-4.845603452e-02
31.331749	-4.629494373e-02
31.336749	-4.392342169e-02
31.341749	-4.124067329e-02
31.346749	-3.815362743e-02
31.351750	-3.461853556e-02
31.356750	-3.069517527e-02
31.361750	-2.656800753e-02
31.366750	-2.249222369e-02
31.371751	-1.868859348e-02
31.376751	-1.526771658e-02
31.381751	-1.223912718e-02
31.386752	-9.579656292e-03
31.391752	-7.290719932e-03
31.396752	-5.401350984e-03
31.401752	-3.928186297e-03
31.406753	-2.834414900e-03
31.411753	-2.023387110e-03
31.416753	-1.373312229e-03
31.421754	-7.886319572e-04
31.426754	-2.313372186e-04
31.431754	2.873203812e-04
31.436754	7.393361399e-04
31.441755	1.101351922e-03
31.446755	1.348916395e-03
31.451755	1.445911068e-03
31.456755	1.359173830e-03
31.461756	1.094080166e-03
31.466756	7.163813126e-04
31.471756	3.372570903e-04
31.476757	7.532002773e-05
31.481757	2.741341490e-05
31.486757	2.627956006e-04
31.491757	8.298198685e-04
31.496758	1.759832093e-03
31.501758	3.063415371e-03
31.506758	4.721904200e-03
31.511759	6.678515226e-03
31.516759	8.833329171e-03
31.521759	1.104975550e-02
31.526759	1.317831272e-02
31.531760	1.508909993e-02
31.536760	1.669477328e-02
31.541760	1.795652077e-02
31.546761	1.888149702e-02
31.551761	1.951932634e-02
31.556761	1.995424528e-02
31.561761	2.028974484e-02
31.566762	2.062756192e-02
31.571762	2.103532507e-02
31.576762	2.150654285e-02
31.581762	2.196540020e-02
31.586763	2.236198526e-02
31.591763	2.278204361e-02
31.596763	2.343505088e-02
31.601764	2.451614485e-02
31.606764	2.607904409e-02
31.611764	2.802121348e-02
31.616764	3.015646664e-02
31.621765	3.230048301e-02
31.626765	3.432830660e-02
31.631765	3.618921026e-02
31.636766	3.787067419e-02
31.641766	3.933736027e-02
31.646766	4.050757880e-02
31.651766	4.130286908e-02
31.656767	4.173328503e-02
31.661767	4.193751049e-02
31.666767	4.212369100e-02
31.671767	4.244170766e-02
31.676768	4.289091252e-02
31.681768	4.334091575e-02
31.686768	4.363582752e-02
31.691769	4.368868815e-02
31.696769	4.350760512e-02
31.701769	4.316088377e-02
31.706769	4.272189789e-02
31.711770	4.223488388e-02
31.716770	4.171995764e-02
31.721770	4.119893299e-02
31.726771	4.070369423e-02
31.731771	4.024971353e-02
31.736771	3.980020757e-02
31.741771	3.926635972e-02
31.746772	3.856053750e-02
31.751772	3.766246123e-02
31.756772	3.662972446e-02
31.761773	3.552859041e-02
31.766773	3.434140482e-02
31.771773	3.293268039e-02
31.776773	3.109892912e-02
31.781774	2.864898530e-02
31.786774	2.544511957e-02
31.791774	2.139993933e-02
31.796774	1.648009713e-02
31.801775	1.073460691e-02
31.806775	4.309612139e-03
31.811775	-2.570565007e-03
31.816776	-9.631488460e-03
31.821776	-1.657299699e-02
31.826776	-2.310705380e-02
31.831776	-2.901234570e-02
31.836777	-3.417496355e-02
31.841777	-3.859098949e-02
31.846777	-4.235902425e-02
31.851778	-4.568804376e-02
31.856778	-4.885962391e-02
31.861778	-5.208808551e-02
31.866778	-5.536981079e-02
31.871779	-5.847520526e-02
31.876779	-6.110354225e-02
31.881779	-6.307171940e-02
31.886779	-6.439771616e-02
31.891780	-6.523597436e-02
31.896780	-6.573404108e-02
31.901780	-6.593240252e-02
31.906781	-6.578218507e-02
31.911781	-6.525329849e-02
31.916781	-6.443466155e-02
31.921781	-6.353624138e-02
31.926782	-6.278349132e-02
31.931782	-6.228735913e-02
31.936782	-6.200046557e-02
31.941783	-6.179957576e-02
31.946783	-6.161850121e-02
31.951783	-6.151008247e-02
31.956783	-6.158925861e-02
31.961784	-6.192021204e-02
31.966784	-6.245294843e-02
31.971784	-6.305864024e-02
31.976785	-6.362018464e-02
31.981785	-6.409387988e-02
31.986785	-6.449634889e-02
31.991785	-6.484202960e-02
31.996786	-6.509918477e-02
32.001786	-6.521289538e-02
32.006786	-6.517774655e-02
32.011786	-6.509030890e-02
32.016787	-6.512428396e-02
32.021787	-6.543768458e-02
32.026787	-6.607982682e-02
32.031788	-6.696915104e-02
32.036788	-6.796045058e-02
32.041788	-6.895080886e-02
32.046788	-6.994246735e-02
32.051789	-7.101655500e-02
32.056789	-7.224340978e-02
32.061789	-7.360087044e-02
32.066790	-7.495982146e-02
32.071790	-7.614339816e-02
32.076790	-7.701400353e-02
32.081790	-7.752722150e-02
32.086791	-7.772043172e-02
32.091791	-7.765363007e-02
32.096791	-7.735556454e-02
32.101791	-7.682024995e-02
32.106792	-7.605158422e-02
32.111792	-7.511097590e-02
32.116792	-7.412307275e-02
32.121793	-7.323190948e-02
32.126793	-7.253939733e-02
32.131793	-7.207087839e-02
32.136793	-7.179000102e-02
32.141794	-7.164509190e-02
32.146794	-7.160658676e-02
32.151794	-7.167058831e-02
32.156795	-7.183976324e-02
32.161795	-7.211104246e-02
32.166795	-7.248226222e-02
32.171795	-7.296081927e-02
32.176796	-7.355312164e-02
32.181796	-7.423747010e-02
32.186796	-7.494482022e-02
32.191797	-7.556844102e-02
32.196797	-7.600150414e-02
32.201797	-7.618136948e-02
32.206797	-7.611284442e-02
32.211798	-7.585378079e-02
32.216798	-7.547074035e-02
32.221798	-7.499303050e-02
32.226798	-7.439413643e-02
32.231799	-7.361133493e-02
32.236799	-7.259145961e-02
32.241799	-7.133726162e-02
32.246800	-6.992871873e-02
32.251800	-6.850613875e-02
32.256800	-6.722362131e-02
32.261800	-6.619934560e-02
32.266801	-6.548990342e-02
32.271801	-6.510116839e-02
32.276801	-6.502482755e-02
32.281802	-6.526767952e-02
32.286802	-6.584291548e-02
32.291802	-6.672612441e-02
32.296802	-6.781317529e-02
32.301803	-6.892011103e-02
32.306803	-6.983639438e-02
32.311803	-7.040376769e-02
32.316803	-7.057020871e-02
32.321804	-7.038227801e-02
32.326804	-6.992181350e-02
32.331804	-6.923092405e-02
32.336805	-6.827614515e-02
32.341805	-6.697284834e-02
32.346805	-6.524679584e-02
32.351805	-6.309210509e-02
32.356806	-6.060079845e-02
32.361806	-5.795729323e-02
32.366806	-5.539973181e-02
32.371807	-5.316052448e-02
32.376807	-5.140829973e-02
32.381807	-5.021201222e-02
32.386807	-4.953842352e-02
32.391808	-4.928122741e-02
32.396808	-4.930505450e-02
32.401808	-4.948372465e-02
32.406809	-4.972682113e-02
32.411809	-4.999856073e-02
32.416809	-5.031990703e-02
32.421809	-5.073919624e-02
32.426810	-5.128495353e-02
32.431810	-5.193850782e-02
32.436810	-5.264495011e-02
32.441810	-5.334587375e-02
32.446811	-5.400428314e-02
32.451811	-5.460435301e-02
32.456811	-5.513157383e-02
32.461812	-5.555387773e-02
32.466812	-5.582173034e-02
32.471812	-5.589176099e-02
32.476812	-5.576227935e-02
32.481813	-5.549422691e-02
32.486813	-5.519382810e-02
32.491813	-5.496158984e-02
32.496814	-5.484227512e-02
32.501814	-5.481396988e-02
32.506814	-5.482611840e-02
32.511814	-5.485776452e-02
32.516815	-5.495399249e-02
32.521815	-5.521798854e-02
32.526815	-5.576332356e-02
32.531815	-5.665346056e-02
32.536816	-5.786718281e-02
32.541816	-5.931301889e-02
32.546816	-6.087857205e-02
32.551817	-6.247521359e-02
32.556817	-6.404845867e-02
32.561817	-6.555861171e-02
32.566817	-6.695989432e-02
32.571818	-6.820181598e-02
32.576818	-6.925333588e-02
32.581818	-7.012612802e-02
32.586819	-7.087338459e-02
32.591819	-7.156844587e-02
32.596819	-7.228447883e-02
32.601819	-7.308197260e-02
32.606820	-7.399649504e-02
32.611820	-7.502723581e-02
32.616820	-7.613960219e-02
32.621821	-7.729178317e-02
32.626821	-7.847101803e-02
32.631821	-7.970491777e-02
32.636821	-8.103488972e-02
32.641822	-8.248171257e-02
32.646822	-8.403530162e-02
32.651822	-8.566529506e-02
32.656822	-8.733326664e-02
32.661823	-8.899934242e-02
32.666823	-9.062385151e-02
32.671823	-9.216460745e-02
32.676824	-9.357353476e-02
32.681824	-9.480002278e-02
32.686824	-9.580481055e-02
32.691824	-9.657346955e-02
32.696825	-9.711134971e-02
32.701825	-9.742177738e-02
32.706825	-9.749086521e-02
32.711826	-9.729622768e-02
32.716826	-9.683438339e-02
32.721826	-9.614202958e-02
32.726826	-9.528552955e-02
32.731827	-9.432084688e-02
32.736827	-9.325696658e-02
32.741827	-9.205451105e-02
32.746827	-9.066421387e-02
32.751828	-8.908221797e-02
32.756828	-8.738344575e-02
32.761828	-8.570444584e-02
32.766829	-8.418509188e-02
32.771829	-8.291148189e-02
32.776829	-8.189852513e-02
32.781829	-8.111515385e-02
32.786830	-8.051973907e-02
32.791830	-8.007071806e-02
32.796830	-7.970902642e-02
32.801831	-7.934042953e-02
32.806831	-7.884579384e-02
32.811831	-7.811505068e-02
32.816831	-7.706888716e-02
32.821832	-7.564270064e-02
32.826832	-7.375586356e-02
32.831832	-7.131598200e-02
32.836833	-6.827093396e-02
32.841833	-6.465977216e-02
32.846833	-6.060603734e-02
32.851833	-5.626218748e-02
32.856834	-5.177217931e-02
32.861834	-4.729044874e-02
32.866834	-4.301730929e-02
32.871834	-3.918557132e-02
32.876835	-3.598390496e-02
32.881835	-3.346604614e-02
32.886835	-3.151478440e-02
32.891836	-2.989607792e-02
32.896836	-2.837663885e-02
32.901836	-2.683257405e-02
32.906836	-2.528543802e-02
32.911837	-2.385722303e-02
32.916837	-2.268872325e-02
32.921837	-2.188180991e-02
32.926838	-2.150065537e-02
32.931838	-2.160900142e-02
32.936838	-2.227785303e-02
32.941838	-2.353178915e-02
32.946839	-2.528053263e-02
32.951839	-2.730821970e-02
32.956839	-2.934307238e-02
32.961839	-3.116225711e-02
32.966840	-3.265866743e-02
32.971840	-3.382813857e-02
32.976840	-3.469894408e-02
32.981841	-3.526784388e-02
32.986841	-3.549096093e-02
32.991841	-3.531887340e-02
32.996841	-3.473216155e-02
33.001842	-3.375546426e-02
33.006842	-3.245581903e-02
33.011842	-3.093347653e-02
33.016843	-2.930896349e-02
33.021843	-2.770971812e-02
33.026843	-2.625614365e-02
33.031843	-2.503830575e-02
33.036844	-2.407696103e-02
33.041844	-2.328674678e-02
33.046844	-2.247741237e-02
33.051845	-2.141154323e-02
33.056845	-1.989655423e-02
33.061845	-1.786043770e-02
33.066845	-1.537056305e-02
33.071846	-1.259511848e-02
33.076846	-9.740309955e-03
33.081846	-6.998901270e-03
33.086846	-4.528289291e-03
33.091847	-2.455348811e-03
33.096847	-8.855715487e-04
33.101847	1.086530961e-04
33.106848	5.194866946e-04
33.111848	4.256852057e-04
33.116848	-2.142329176e-05
33.121848	-6.481876029e-04
33.126849	-1.319143225e-03
33.131849	-1.974163967e-03
33.136849	-2.624927070e-03
33.141850	-3.319535392e-03
33.146850	-4.100319158e-03
33.151850	-4.978717136e-03
33.156850	-5.937482374e-03
33.161851	-6.952462796e-03
33.166851	-8.013684630e-03
33.171851	-9.130198134e-03
33.176851	-1.032091461e-02
33.181852	-1.160187814e-02
33.186852	-1.297451557e-02
33.191852	-1.441793912e-02
33.196853	-1.589333261e-02
33.201853	-1.736201029e-02
33.206853	-1.880175474e-02
33.211853	-2.020450963e-02
33.216854	-2.156095590e-02
33.221854	-2.285345951e-02
33.226854	-2.406612984e-02
33.231855	-2.520088661e-02
33.236855	-2.628476851e-02
33.241855	-2.736063349e-02
33.246855	-2.846259566e-02
33.251856	-2.958766226e-02
33.256856	-3.068084261e-02
33.261856	-3.164618122e-02
33.266857	-3.237852248e-02
33.271857	-3.279391156e-02
33.276857	-3.284107061e-02
33.281857	-3.249389312e-02
33.286858	-3.173699788e-02
33.291858	-3.056310674e-02
33.296858	-2.898991106e-02
33.301858	-2.707457465e-02
33.306859	-2.490088265e-02
33.311859	-2.254933755e-02
33.316859	-2.008273708e-02
33.321860	-1.756050619e-02
33.326860	-1.506246364e-02
33.331860	-1.269271601e-02
33.336860	-1.055412826e-02
33.341861	-8.711343949e-03
33.346861	-7.168909259e-03
33.351861	-5.876111490e-03
33.356862	-4.750859518e-03
33.361862	-3.708966339e-03
33.366862	-2.689083800e-03
33.371862	-1.666029144e-03
33.376863	-6.467028138e-04
33.381863	3.488775391e-04
33.386863	1.307096225e-03
33.391863	2.226473026e-03
33.396864	3.107904257e-03
33.401864	3.938377819e-03
33.406864	4.680365571e-03
33.411865	5.276375817e-03
33.416865	5.668522166e-03
33.421865	5.820768362e-03
33.426865	5.728372065e-03
33.431866	5.410187380e-03
33.436866	4.893173850e-03
33.441866	4.199732969e-03
33.446867	3.339942287e-03
33.451867	2.306616856e-03
33.456867	1.073232724e-03
33.461867	-4.047064410e-04
33.466868	-2.182106125e-03
33.471868	-4.303431139e-03
33.476868	-6.768625834e-03
33.481869	-9.503274641e-03
33.486869	-1.235582842e-02
33.491869	-1.512818572e-02
33.496869	-1.762592090e-02
33.501870	-1.970851154e-02
33.506870	-2.131898639e-02
33.511870	-2.247542223e-02
33.516870	-2.323079759e-02
33.521871	-2.363485751e-02
33.526871	-2.372405168e-02
33.531871	-2.353044994e-02
33.536872	-2.308205560e-02
33.541872	-2.238813025e-02
33.546872	-2.143293798e-02
33.551872	-2.019646118e-02
33.556873	-1.868823535e-02
33.561873	-1.696422201e-02
33.566873	-1.511634820e-02
33.571874	-1.324851495e-02
33.576874	-1.145090078e-02
33.581874	-9.777495187e-03
33.586874	-8.237837279e-03
33.591875	-6.812096195e-03
33.596875	-5.482370460e-03
33.601875	-4.259176384e-03
33.606875	-3.183938415e-03
33.611876	-2.310359068e-03
33.616876	-1.687813853e-03
33.621876	-1.358242239e-03
33.626877	-1.354059204e-03
33.631877	-1.688165091e-03
33.636877	-2.345706200e-03
33.641877	-3.287720857e-03
33.646878	-4.463382773e-03
33.651878	-5.822463828e-03
33.656878	-7.327784739e-03
33.661879	-8.972256319e-03
33.666879	-1.079266583e-02
33.671879	-1.285883469e-02
33.676879	-1.522784512e-02
33.681880	-1.788331117e-02
33.686880	-2.070066546e-02
33.691880	-2.346873953e-02
33.696881	-2.595918637e-02
33.701881	-2.800434521e-02
33.706881	-2.954508480e-02
33.711881	-3.062838442e-02
33.716882	-3.135884272e-02
33.721882	-3.183510775e-02
33.726882	-3.211068385e-02
33.731882	-3.219777918e-02
33.736883	-3.209542197e-02
33.741883	-3.179937282e-02
33.746883	-3.127878782e-02
33.751884	-3.046041806e-02
33.756884	-2.926385842e-02
33.761884	-2.767157619e-02
33.766884	-2.577299456e-02
33.771885	-2.373768390e-02
33.776885	-2.172916690e-02
33.781885	-1.982150869e-02
33.786886	-1.798020571e-02
33.791886	-1.611355413e-02
33.796886	-1.414529419e-02
33.801886	-1.205747070e-02
33.806887	-9.889815501e-03
33.811887	-7.711505390e-03
33.816887	-5.590730675e-03
33.821887	-3.581719215e-03
33.826888	-1.727435412e-03
33.831888	-5.842606150e-05
33.836888	1.422867372e-03
33.841889	2.759992966e-03
33.846889	4.043080578e-03
33.851889	5.388032863e-03
33.856889	6.907576699e-03
33.861890	8.677833053e-03
33.866890	1.068959905e-02
33.871890	1.282372091e-02
33.876891	1.492882817e-02
33.881891	1.696167875e-02
33.886891	1.903174946e-02
33.891891	2.130081735e-02
33.896892	2.385932188e-02
33.901892	2.668314481e-02
33.906892	2.965112710e-02
33.911893	3.256997776e-02
33.916893	3.520476717e-02
33.921893	3.733381895e-02
33.926893	3.881347991e-02
33.931894	3.961812743e-02
33.936894	3.984648389e-02
33.941894	3.971106198e-02
33.946894	3.950881060e-02
33.951895	3.954471982e-02
33.956895	4.001211885e-02
33.961895	4.090263473e-02
33.966896	4.202446290e-02
33.971896	4.311875294e-02
33.976896	4.398155197e-02
33.981896	4.451416667e-02
33.986897	4.470329981e-02
33.991897	4.458112599e-02
33.996897	4.420071078e-02
34.001898	4.362695349e-02
34.006898	4.293177390e-02
34.011898	4.218731998e-02
34.016898	4.145266446e-02
34.021899	4.075359515e-02
34.026899	4.006811529e-02
34.031899	3.933925465e-02
34.036899	3.852291908e-02
34.041900	3.764126875e-02
34.046900	3.679057554e-02
34.051900	3.608830198e-02
34.056901	3.560553914e-02
34.061901	3.533998682e-02
34.066901	3.523507222e-02
34.071901	3.521458097e-02
34.076902	3.521139396e-02
34.081902	3.518551051e-02
34.086902	3.512811539e-02
34.091903	3.505060335e-02
34.096903	3.496465521e-02
34.101903	3.486369316e-02
34.106903	3.471531551e-02
34.111904	3.446574210e-02
34.116904	3.404740777e-02
34.121904	3.338584566e-02
34.126905	3.241364069e-02
34.131905	3.109106406e-02
34.136905	2.941023847e-02
34.141905	2.736345413e-02
34.146906	2.489956125e-02
34.151906	2.191874825e-02
34.156906	1.832007980e-02
34.161906	1.406745645e-02
34.166907	9.237413623e-03
34.171907	4.030348793e-03
34.176907	-1.272060545e-03
34.181908	-6.402397997e-03
34.186908	-1.119582110e-02
34.191908	-1.559057727e-02
34.196908	-1.955102174e-02
34.201909	-2.303354812e-02
34.206909	-2.607154102e-02
34.211909	-2.886887487e-02
34.216910	-3.172852166e-02
34.221910	-3.483458783e-02
34.226910	-3.809613271e-02
34.231910	-4.120286504e-02
34.236911	-4.383878009e-02
34.241911	-4.587728558e-02
34.246911	-4.742011238e-02
34.251911	-4.867718861e-02
34.256912	-4.980247107e-02
34.261912	-5.081813475e-02
34.266912	-5.167271439e-02
34.271913	-5.235901259e-02
34.276913	-5.296381831e-02
34.281913	-5.358804699e-02
34.286913	-5.420979950e-02
34.291914	-5.463404222e-02
34.296914	-5.460057819e-02
34.301914	-5.397047505e-02
34.306915	-5.283078631e-02
34.311915	-5.142503534e-02
34.316915	-4.996416993e-02
34.321915	-4.846916040e-02
34.326916	-4.676520407e-02
34.331916	-4.462174735e-02
34.336916	-4.191945540e-02
34.341917	-3.871309531e-02
34.346917	-3.515933479e-02
34.351917	-3.140334733e-02
34.356917	-2.754022645e-02
34.361918	-2.367144817e-02
34.366918	-1.997631472e-02
34.371918	-1.670284106e-02
34.376918	-1.405359967e-02
34.381919	-1.204535255e-02
34.386919	-1.046666829e-02
34.391919	-8.989499595e-03
34.396920	-7.364947630e-03
34.401920	-5.564483595e-03
34.406920	-3.770252768e-03
34.411920	-2.229893433e-03
34.416921	-1.084668187e-03
34.421921	-2.921462883e-04
34.426921	3.074966187e-04
34.431922	8.432538710e-04
34.436922	1.310120990e-03
34.441922	1.591969415e-03
34.446922	1.575428218e-03
34.451923	1.247622264e-03
34.456923	6.967003559e-04
34.461923	2.158760873e-05
34.466923	-7.656122701e-04
34.471924	-1.766238107e-03
34.476924	-3.152748603e-03
34.481924	-5.101840304e-03
34.486925	-7.716250621e-03
34.491925	-1.094729168e-02
34.496925	-1.457175435e-02
34.501925	-1.825892102e-02
34.506926	-2.168841747e-02
34.511926	-2.464515552e-02
34.516926	-2.705200010e-02
34.521927	-2.894982926e-02
34.526927	-3.044965365e-02
34.531927	-3.167341770e-02
34.536927	-3.270169753e-02
34.541928	-3.354991294e-02
34.546928	-3.418112321e-02
34.551928	-3.454215842e-02
34.556929	-3.459325759e-02
34.561929	-3.430771799e-02
34.566929	-3.365895326e-02
34.571929	-3.263350668e-02
34.576930	-3.126436712e-02
34.581930	-2.963885512e-02
34.586930	-2.786594351e-02
34.591930	-2.603579394e-02
34.596931	-2.420088150e-02
34.601931	-2.237488705e-02
34.606931	-2.053606334e-02
34.611932	-1.863482102e-02
34.616932	-1.661093041e-02
34.621932	-1.442117784e-02
34.626932	-1.207400852e-02
34.631933	-9.662836807e-03
34.636933	-7.379844895e-03
34.641933	-5.485456967e-03
34.646934	-4.223731307e-03
34.651934	-3.713300301e-03
34.656934	-3.879293620e-03
34.661934	-4.482216251e-03
34.666935	-5.236451497e-03
34.671935	-5.946547828e-03
34.676935	-6.580983131e-03
34.681935	-7.249334027e-03
34.686936	-8.111484258e-03
34.691936	-9.286919415e-03
34.696936	-1.081951572e-02
34.701937	-1.269995792e-02
34.706937	-1.490548733e-02
34.711937	-1.741911643e-02
34.716937	-2.021810752e-02
34.721938	-2.324187662e-02
34.726938	-2.636418180e-02
34.731938	-2.940302057e-02
34.736939	-3.217869626e-02
34.741939	-3.458555893e-02
34.746939	-3.662228027e-02
34.751939	-3.835355145e-02
34.756940	-3.983358944e-02
34.761940	-4.105306308e-02
34.766940	-4.194265484e-02
34.771941	-4.241700917e-02
34.776941	-4.242139704e-02
34.781941	-4.195086028e-02
34.786941	-4.103659703e-02
34.791942	-3.972523893e-02
34.796942	-3.807761376e-02
34.801942	-3.618031762e-02
34.806942	-3.414291272e-02
34.811943	-3.206394987e-02
34.816943	-2.997508076e-02
34.821943	-2.780096981e-02
34.826944	-2.537853726e-02
34.831944	-2.254336978e-02
34.836944	-1.923409178e-02
34.841944	-1.553943337e-02
34.846945	-1.164993861e-02
34.851945	-7.744987700e-03
34.856945	-3.890892807e-03
34.861946	-2.034697284e-05
34.866946	3.992107462e-03
34.871946	8.219848481e-03
34.876946	1.263529078e-02
34.881947	1.716334183e-02
34.886947	2.176991378e-02
34.891947	2.647335252e-02
34.896947	3.124449395e-02
34.901948	3.589151775e-02
34.906948	4.009153510e-02
34.911948	4.361779515e-02
34.916949	4.655710517e-02
34.921949	4.924731634e-02
34.926949	5.196060968e-02
34.931949	5.464414332e-02
34.936950	5.695064562e-02
34.941950	5.849892022e-02
34.946950	5.912865210e-02
34.951951	5.896345152e-02
34.956951	5.826381724e-02
34.961951	5.720607289e-02
34.966951	5.577739068e-02
34.971952	5.387266898e-02
34.976952	5.148152657e-02
34.981952	4.876379263e-02
34.986953	4.593037022e-02
34.991953	4.304894308e-02
34.996953	3.998395177e-02
35.001953	3.654943656e-02
35.006954	3.271671799e-02
35.011954	2.867098016e-02
35.016954	2.470588923e-02
35.021954	2.109417978e-02
35.026955	1.802322723e-02
35.031955	1.558338452e-02
35.036955	1.377247425e-02
35.041956	1.250619633e-02
35.046956	1.163827143e-02
35.051956	1.099165227e-02
35.056956	1.039967422e-02
35.061957	9.747321655e-03
35.066957	8.993626365e-03
35.071957	8.162911229e-03
35.076958	7.308531589e-03
35.081958	6.466309313e-03
35.086958	5.625329875e-03
35.091958	4.741151503e-03
35.096959	3.787323159e-03
35.101959	2.806282119e-03
35.106959	1.919166365e-03
35.111959	1.286396946e-03
35.116960	1.042598398e-03
35.121960	1.239165354e-03
35.126960	1.822989207e-03
35.131961	2.667516453e-03
35.136961	3.645203393e-03
35.141961	4.697717957e-03
35.146961	5.853105215e-03
35.151962	7.174076825e-03
35.156962	8.675526013e-03
35.161962	1.027420549e-02
35.166963	1.180663681e-02
35.171963	1.310044272e-02
35.176963	1.405158361e-02
35.181963	1.466257751e-02
35.186964	1.502396348e-02
35.191964	1.525312537e-02
35.196964	1.542439083e-02
35.201965	1.552567698e-02
35.206965	1.546370873e-02
35.211965	1.511392928e-02
35.216965	1.438259651e-02
35.221966	1.324142339e-02
35.226966	1.171792564e-02
35.231966	9.858304550e-03
35.236966	7.697609424e-03
35.241967	5.261148374e-03
35.246967	2.592986641e-03
35.251967	-2.160698247e-04
35.256968	-3.033009822e-03
35.261968	-5.727114754e-03
35.266968	-8.217324149e-03
35.271968	-1.047318642e-02
35.276969	-1.247070292e-02
35.281969	-1.415556382e-02
35.286969	-1.545304327e-02
35.291970	-1.631307027e-02
35.296970	-1.674802836e-02
35.301970	-1.682917262e-02
35.306970	-1.664456719e-02
35.311971	-1.625630763e-02
35.316971	-1.569483189e-02
35.321971	-1.499322516e-02
35.326971	-1.422502534e-02
35.331972	-1.349903489e-02
35.336972	-1.289911686e-02
35.341972	-1.241102403e-02
35.346973	-1.190205214e-02
35.351973	-1.118572088e-02
35.356973	-1.013287948e-02
35.361973	-8.742756587e-03
35.366974	-7.115345566e-03
35.371974	-5.349956126e-03
35.376974	-3.456223110e-03
35.381975	-1.352979390e-03
35.386975	1.043009442e-03
35.391975	3.719868064e-03
35.396975	6.561121590e-03
35.401976	9.432426687e-03
35.406976	1.227187497e-02
35.411976	1.509555288e-02
35.416977	1.792808095e-02
35.421977	2.074355964e-02
35.426977	2.348300949e-02
35.431977	2.612767046e-02
35.436978	2.874299257e-02
35.441978	3.143512889e-02
35.446978	3.425245343e-02
35.451978	3.712399409e-02
35.456979	3.989684935e-02
35.461979	4.244422173e-02
35.466979	4.474904032e-02
35.471980	4.689065078e-02
35.476980	4.895175513e-02
35.481980	5.093210210e-02
35.486980	5.274492413e-02
35.491981	5.429568432e-02
35.496981	5.556796894e-02
35.501981	5.663852203e-02
35.506982	5.761294606e-02
35.511982	5.854437760e-02
35.516982	5.940746105e-02
35.521982	6.014643975e-02
35.526983	6.074892734e-02
35.531983	6.127755538e-02
35.536983	6.183498767e-02
35.541983	6.249619531e-02
35.546984	6.326234306e-02
35.551984	6.406663495e-02
35.556984	6.482044379e-02
35.561985	6.545960988e-02
35.566985	6.595804559e-02
35.571985	6.631006566e-02
35.576985	6.650975279e-02
35.581986	6.655234387e-02
35.586986	6.645648488e-02
35.591986	6.628135098e-02
35.596987	6.611154473e-02
35.601987	6.601081962e-02
35.606987	6.597886329e-02
35.611987	6.594893087e-02
35.616988	6.583318216e-02
35.621988	6.558426440e-02
35.626988	6.522699994e-02
35.631989	6.483727933e-02
35.636989	6.448727875e-02
35.641989	6.419861276e-02
35.646989	6.393503392e-02
35.651990	6.363877750e-02
35.656990	6.328462833e-02
35.661990	6.290990703e-02
35.666990	6.259520426e-02
35.671991	6.241291504e-02
35.676991	6.239093234e-02
35.681991	6.252410154e-02
35.686992	6.281380856e-02
35.691992	6.327746302e-02
35.696992	6.390354973e-02
35.701992	6.461960658e-02
35.706993	6.535571999e-02
35.711993	6.615471694e-02
35.716993	6.718311519e-02
35.721994	6.860512952e-02
35.726994	7.044799326e-02
35.731994	7.258273441e-02
35.736994	7.480834075e-02
35.741995	7.694748745e-02
35.746995	7.889326969e-02
35.751995	8.060500729e-02
35.756995	8.207718988e-02
35.761996	8.330722426e-02
35.766996	8.428406679e-02
35.771996	8.500691596e-02
35.776997	8.551523738e-02
35.781997	8.589360275e-02
35.786997	8.623789530e-02
35.791997	8.661480847e-02
35.796998	8.705564591e-02
35.801998	8.758179479e-02
35.806998	8.822313666e-02
35.811999	8.901164668e-02
35.816999	8.997160686e-02
35.821999	9.112304944e-02
35.826999	9.248269334e-02
35.832000	9.404793317e-02
35.837000	9.578241410e-02
35.842000	9.762771825e-02
35.847001	9.953140413e-02
35.852001	1.014601789e-01
35.857001	1.033904836e-01
35.862001	1.052995194e-01
35.867002	1.071747206e-01
35.872002	1.090307334e-01
35.877002	1.109079358e-01
35.882002	1.128449001e-01
35.887003	1.148470472e-01
35.892003	1.168714987e-01
35.897003	1.188227350e-01
35.902004	1.205562437e-01
35.907004	1.219078878e-01
35.912004	1.227513818e-01
35.917004	1.230481261e-01
35.922005	1.228497685e-01
35.927005	1.222501886e-01
35.932005	1.213235989e-01
35.937006	1.200955252e-01
35.942006	1.185623075e-01
35.947006	1.167321735e-01
35.952006	1.146485317e-01
35.957007	1.123770466e-01
35.962007	1.099655225e-01
35.967007	1.074024731e-01
35.972007	1.046060483e-01
35.977008	1.014636034e-01
35.982008	9.790673741e-02
35.987008	9.396992851e-02
35.992009	8.978283682e-02
35.997009	8.549545197e-02
36.002009	8.119274259e-02
36.007009	7.687005989e-02
36.012010	7.249280456e-02
36.017010	6.808939483e-02
36.022010	6.379509812e-02
36.027011	5.980497229e-02
36.032011	5.626708243e-02
36.037011	5.319693219e-02
36.042011	5.048119362e-02
36.047012	4.796415543e-02
36.052012	4.554237718e-02
36.057012	4.319828521e-02
36.062013	4.096456783e-02
36.067013	3.886544320e-02
36.072013	3.688655120e-02
36.077013	3.498430388e-02
36.082014	3.310866325e-02
36.087014	3.122104673e-02
36.092014	2.930812168e-02
36.097014	2.738665999e-02
36.102015	2.549212145e-02
36.107015	2.366089677e-02
36.112015	2.192285085e-02
36.117016	2.030596827e-02
36.122016	1.884095741e-02
36.127016	1.755588228e-02
36.132016	1.646512494e-02
36.137017	1.556689310e-02
36.142017	1.485852323e-02
36.147017	1.436627472e-02
36.152018	1.417153980e-02
36.157018	1.440421165e-02
36.162018	1.518837583e-02
36.167018	1.656744014e-02
36.172019	1.846651212e-02
36.177019	2.073148109e-02
36.182019	2.322100381e-02
36.187019	2.587162177e-02
36.192020	2.867069492e-02
36.197020	3.155973092e-02
36.202020	3.436683718e-02
36.207021	3.684420472e-02
36.212021	3.878452327e-02
36.217021	4.011590194e-02
36.222021	4.090126988e-02
36.227022	4.125812662e-02
36.232022	4.127252494e-02
36.237022	4.096621941e-02
36.242023	4.032240347e-02
36.247023	3.933261090e-02
36.252023	3.802344052e-02
36.257023	3.644917185e-02
36.262024	3.466408621e-02
36.267024	3.269985496e-02
36.272024	3.056564913e-02
36.277025	2.826498853e-02
36.282025	2.580578640e-02
36.287025	2.319294648e-02
36.292025	2.042546101e-02
36.297026	1.752372424e-02
36.302026	1.456916012e-02
36.307026	1.170560598e-02
36.312026	9.085785133e-03
36.317027	6.807674219e-03
36.322027	4.893969686e-03
36.327027	3.317469132e-03
36.332028	2.034693867e-03
36.337028	9.998372904e-04
36.342028	1.632055566e-04
36.347028	-5.275336573e-04
36.352029	-1.116210139e-03
36.357029	-1.627315344e-03
36.362029	-2.068435690e-03
36.367030	-2.445565497e-03
36.372030	-2.776190602e-03
36.377030	-3.085124469e-03
36.382030	-3.384715796e-03
36.387031	-3.656482643e-03
36.392031	-3.851971979e-03
36.397031	-3.918771640e-03
36.402031	-3.837379627e-03
36.407032	-3.639695164e-03
36.412032	-3.390648885e-03
36.417032	-3.146104706e-03
36.422033	-2.922621004e-03
36.427033	-2.705693395e-03
36.432033	-2.488199445e-03
36.437033	-2.302375278e-03
36.442034	-2.216391838e-03
36.447034	-2.300076108e-03
36.452034	-2.587018637e-03
36.457035	-3.057006968e-03
36.462035	-3.647682308e-03
36.467035	-4.289654399e-03
36.472035	-4.944345498e-03
36.477036	-5.615905190e-03
36.482036	-6.325262746e-03
36.487036	-7.069666042e-03
36.492036	-7.805277989e-03
36.497037	-8.464634727e-03
36.502037	-8.988502941e-03
36.507037	-9.346821327e-03
36.512038	-9.539670760e-03
36.517038	-9.585801330e-03
36.522038	-9.512149137e-03
36.527038	-9.350553680e-03
36.532039	-9.135860964e-03
36.537039	-8.897238197e-03
36.542039	-8.643880643e-03
36.547040	-8.356319050e-03
36.552040	-7.996285464e-03
36.557040	-7.536934878e-03
36.562040	-6.995203639e-03
36.567041	-6.438530411e-03
36.572041	-5.954222180e-03
36.577041	-5.600369503e-03
36.582042	-5.373657221e-03
36.587042	-5.216350328e-03
36.592042	-5.056827598e-03
36.597042	-4.856244967e-03
36.602043	-4.627821662e-03
36.607043	-4.413702453e-03
36.612043	-4.240642443e-03
36.617043	-4.093611793e-03
36.622044	-3.924812556e-03
36.627044	-3.682149388e-03
36.632044	-3.330831655e-03
36.637045	-2.854997605e-03
36.642045	-2.244065084e-03
36.647045	-1.477766636e-03
36.652045	-5.215925025e-04
36.657046	6.654885378e-04
36.662046	2.119498837e-03
36.667046	3.864793444e-03
36.672047	5.908958846e-03
36.677047	8.233606621e-03
36.682047	1.079154454e-02
36.687047	1.352119765e-02
36.692048	1.636345195e-02
36.697048	1.926070293e-02
36.702048	2.214873201e-02
36.707048	2.496789948e-02
36.712049	2.768813974e-02
36.717049	3.030851092e-02
36.722049	3.281517509e-02
36.727050	3.513717733e-02
36.732050	3.715290066e-02
36.737050	3.875164362e-02
36.742050	3.989781881e-02
36.747051	4.064052777e-02
36.752051	4.106199609e-02
36.757051	4.121163985e-02
36.762052	4.107989931e-02
36.767052	4.062777688e-02
36.772052	3.984023879e-02
36.777052	3.875280373e-02
36.782053	3.742812258e-02
36.787053	3.590778248e-02
36.792053	3.418500820e-02
36.797054	3.221979621e-02
36.802054	2.997852735e-02
36.807054	2.746507367e-02
36.812054	2.472726747e-02
36.817055	2.184352929e-02
36.822055	1.890144368e-02
36.827055	1.597845038e-02
36.832055	1.313097956e-02
36.837056	1.039592014e-02
36.842056	7.804604117e-03
36.847056	5.398003713e-03
36.852057	3.223753048e-03
36.857057	1.309792772e-03
36.862057	-3.627209110e-04
36.867057	-1.856507697e-03
36.872058	-3.241896947e-03
36.877058	-4.558383800e-03
36.882058	-5.807414875e-03
36.887059	-6.979546316e-03
36.892059	-8.089090672e-03
36.897059	-9.183706267e-03
36.902059	-1.031729043e-02
36.907060	-1.150754662e-02
36.912060	-1.271751257e-02
36.917060	-1.388116179e-02
36.922060	-1.494662955e-02
36.927061	-1.589013822e-02
36.932061	-1.669959585e-02
36.937061	-1.737562870e-02
36.942062	-1.796177897e-02
36.947062	-1.855097421e-02
36.952062	-1.923481894e-02
36.957062	-2.003558441e-02
36.962063	-2.087992469e-02
36.967063	-2.162846039e-02
36.972063	-2.213346063e-02
36.977064	-2.228663602e-02
36.982064	-2.203205701e-02
36.987064	-2.135063821e-02
36.992064	-2.024694350e-02
36.997065	-1.875581725e-02
37.002065	-1.695464025e-02
37.007065	-1.495769217e-02
37.012066	-1.288874170e-02
37.017066	-1.084400064e-02
37.022066	-8.849113480e-03
37.027066	-6.823958971e-03
37.032067	-4.611220539e-03
37.037067	-2.099495562e-03
37.042067	6.438590595e-04
37.047067	3.363266369e-03
37.052068	5.755336168e-03
37.057068	7.646695392e-03
37.062068	9.072106656e-03
37.067069	1.021030299e-02
37.072069	1.124773746e-02
37.077069	1.227987747e-02
37.082069	1.331091410e-02
37.087070	1.432657492e-02
37.092070	1.535736616e-02
37.097070	1.646332510e-02
37.102071	1.765257615e-02
37.107071	1.882769681e-02
37.112071	1.984327044e-02
37.117071	2.064392992e-02
37.122072	2.134971573e-02
37.127072	2.218957278e-02
37.132072	2.333371657e-02
37.137072	2.478132835e-02
37.142073	2.640112249e-02
37.147073	2.806468842e-02
37.152073	2.973416541e-02
37.157074	3.143774869e-02
37.162074	3.318459559e-02
37.167074	3.491276936e-02
37.172074	3.651590705e-02
37.177075	3.791997794e-02
37.182075	3.914287815e-02
37.187075	4.028458400e-02
37.192076	4.144686842e-02
37.197076	4.263955399e-02
37.202076	4.375240657e-02
37.207076	4.462331960e-02
37.212077	4.514648963e-02
37.217077	4.532929743e-02
37.222077	4.526188607e-02
37.227078	4.504194790e-02
37.232078	4.471923103e-02
37.237078	4.428890990e-02
37.242078	4.372050432e-02
37.247079	4.299162125e-02
37.252079	4.210336724e-02
37.257079	4.107461593e-02
37.262079	3.992842350e-02
37.267080	3.868417375e-02
37.272080	3.735958700e-02
37.277080	3.597810026e-02
37.282081	3.457241902e-02
37.287081	3.317738327e-02
37.292081	3.181623407e-02
37.297081	3.049437098e-02
37.302082	2.921003205e-02
37.307082	2.797285579e-02
37.312082	2.680944752e-02
37.317083	2.574688031e-02
37.322083	2.478853403e-02
37.327083	2.390485486e-02
37.332083	2.304808859e-02
37.337084	2.218028347e-02
37.342084	2.129297983e-02
37.347084	2.040438844e-02
37.352084	1.954120754e-02
37.357085	1.872373729e-02
37.362085	1.796394953e-02
37.367085	1.727314668e-02
37.372086	1.666920994e-02
37.377086	1.617246962e-02
37.382086	1.578919902e-02
37.387086	1.549711139e-02
37.392087	1.524662349e-02
37.397087	1.497616477e-02
37.402087	1.463283162e-02
37.407088	1.419218579e-02
37.412088	1.367026851e-02
37.417088	1.312145670e-02
37.422088	1.262287016e-02
37.427089	1.225288879e-02
37.432089	1.207267608e-02
37.437089	1.211592569e-02
37.442090	1.238721990e-02
37.447090	1.286831625e-02
37.452090	1.353263143e-02
37.457090	1.436443024e-02
37.462091	1.537249483e-02
37.467091	1.658805304e-02
37.472091	1.804769504e-02
37.477091	1.977502832e-02
37.482092	2.177243279e-02
37.487092	2.401552040e-02
37.492092	2.643691563e-02
37.497093	2.890958522e-02
37.502093	3.125979756e-02
37.507093	3.331957231e-02
37.512093	3.498840443e-02
37.517094	3.626062483e-02
37.522094	3.719995308e-02
37.527094	3.788177771e-02
37.532095	3.834643566e-02
37.537095	3.859576004e-02
37.542095	3.862643732e-02
37.547095	3.846148679e-02
37.552096	3.814773884e-02
37.557096	3.772395242e-02
37.562096	3.719232481e-02
37.567096	3.652131219e-02
37.572097	3.567916617e-02
37.577097	3.467097424e-02
37.582097	3.354864192e-02
37.587098	3.238641762e-02
37.592098	3.124236921e-02
37.597098	3.013361565e-02
37.602098	2.903941235e-02
37.607099	2.792558888e-02
37.612099	2.677074668e-02
37.617099	2.557914476e-02
37.622100	2.437874231e-02
37.627100	2.320893642e-02
37.632100	2.210385253e-02
37.637100	2.108122369e-02
37.642101	2.014418551e-02
37.647101	1.929025525e-02
37.652101	1.851676858e-02
37.657102	1.782071479e-02
37.662102	1.719810762e-02
37.667102	1.664815428e-02
37.672102	1.618243005e-02
37.677103	1.583030866e-02
37.682103	1.562978749e-02
37.687103	1.560584936e-02
37.692103	1.575348040e-02
37.697104	1.604052306e-02
37.702104	1.642828314e-02
37.707104	1.689295914e-02
37.712105	1.743086438e-02
37.717105	1.804242966e-02
37.722105	1.870553869e-02
37.727105	1.935954433e-02
37.732106	1.991533296e-02
37.737106	2.028436105e-02
37.742106	2.040353399e-02
37.747107	2.023967249e-02
37.752107	1.977700569e-02
37.757107	1.900405534e-02
37.762107	1.791425251e-02
37.767108	1.651911531e-02
37.772108	1.485671389e-02
37.777108	1.298539225e-02
37.782108	1.097604802e-02
37.787109	8.916916951e-03
37.792109	6.922237090e-03
37.797109	5.125695761e-03
37.802110	3.651289235e-03
37.807110	2.573794623e-03
37.812110	1.896217191e-03
37.817110	1.568253880e-03
37.822111	1.537301246e-03
37.827111	1.787048822e-03
37.832111	2.326313753e-03
37.837112	3.140126539e-03
37.842112	4.149880404e-03
37.847112	5.219169389e-03
37.852112	6.203288120e-03
37.857113	7.004174299e-03
37.862113	7.589254337e-03
37.867113	7.965708494e-03
37.872114	8.137307212e-03
37.877114	8.080310229e-03
37.882114	7.757750510e-03
37.887114	7.159763305e-03
37.892115	6.331277764e-03
37.897115	5.354181007e-03
37.902115	4.293244382e-03
37.907115	3.151923877e-03
37.912116	1.869394432e-03
37.917116	3.460347950e-04
37.922116	-1.523863696e-03
37.927117	-3.809581756e-03
37.932117	-6.493945378e-03
37.937117	-9.447567626e-03
37.942117	-1.245570536e-02
37.947118	-1.528772596e-02
37.952118	-1.777099807e-02
37.957118	-1.983143770e-02
37.962119	-2.148291666e-02
37.967119	-2.277840651e-02
37.972119	-2.376022033e-02
37.977119	-2.444082529e-02
37.982120	-2.481371513e-02
37.987120	-2.487195614e-02
37.992120	-2.461736238e-02
37.997120	-2.405878206e-02
38.002121	-2.320877099e-02
38.007121	-2.208820457e-02
38.012121	-2.073458916e-02
38.017122	-1.919582899e-02
38.022122	-1.750096675e-02
38.027122	-1.563087897e-02
38.032122	-1.352693146e-02
38.037123	-1.114689712e-02
38.042123	-8.531070086e-03
38.047123	-5.826007986e-03
38.052124	-3.245146297e-03
38.057124	-9.944724430e-04
38.062124	7.889057761e-04
38.067124	2.057415170e-03
38.072125	2.834087395e-03
38.077125	3.172343008e-03
38.082125	3.118784083e-03
38.087126	2.697888115e-03
38.092126	1.923163381e-03
38.097126	8.222136902e-04
38.102126	-5.492630676e-04
38.107127	-2.118487212e-03
38.112127	-3.814804334e-03
38.117127	-5.572600608e-03
38.122127	-7.319521323e-03
38.127128	-8.969596294e-03
38.132128	-1.043180414e-02
38.137128	-1.162840991e-02
38.142129	-1.250900066e-02
38.147129	-1.305069050e-02
38.152129	-1.324967246e-02
38.157129	-1.311674251e-02
38.162130	-1.267971846e-02
38.167130	-1.198354184e-02
38.172130	-1.108125531e-02
38.177131	-1.001879548e-02
38.182131	-8.819883160e-03
38.187131	-7.477855597e-03
38.192131	-5.960252070e-03
38.197132	-4.223374619e-03
38.202132	-2.227624883e-03
38.207132	5.199659917e-05
38.212132	2.621940274e-03
38.217133	5.471970009e-03
38.222133	8.577131834e-03
38.227133	1.189267096e-02
38.232134	1.534262965e-02
38.237134	1.881939726e-02
38.242134	2.221304766e-02
38.247134	2.545063475e-02
38.252135	2.849495218e-02
38.257135	3.129475860e-02
38.262135	3.374339632e-02
38.267136	3.569712739e-02
38.272136	3.704082696e-02
38.277136	3.774286865e-02
38.282136	3.785454190e-02
38.287137	3.746615363e-02
38.292137	3.666886499e-02
38.297137	3.554705407e-02
38.302138	3.418207658e-02
38.307138	3.264122450e-02
38.312138	3.094659798e-02
38.317138	2.903728041e-02
38.322139	2.675268989e-02
38.327139	2.386794323e-02
38.332139	2.018760942e-02
38.337139	1.565941154e-02
38.342140	1.043137275e-02
38.347140	4.791526996e-03
38.352140	-9.766528481e-04
38.357141	-6.698777005e-03
38.362141	-1.228624632e-02
38.367141	-1.764513262e-02
38.372141	-2.265674517e-02
38.377142	-2.726056104e-02
38.382142	-3.150809581e-02
38.387142	-3.547717218e-02
38.392143	-3.911956219e-02
38.397143	-4.220734570e-02
38.402143	-4.443846438e-02
38.407143	-4.560554186e-02
38.412144	-4.569309294e-02
38.417144	-4.485922115e-02
38.422144	-4.335141425e-02
38.427144	-4.141487012e-02
38.432145	-3.921897488e-02
38.437145	-3.681005722e-02
38.442145	-3.410389807e-02
38.447146	-3.093788404e-02
38.452146	-2.716638602e-02
38.457146	-2.272930544e-02
38.462146	-1.765300140e-02
38.467147	-1.203264870e-02
38.472147	-6.047754767e-03
38.477147	2.932572050e-05
38.482148	5.895700108e-03
38.487148	1.132012242e-02
38.492148	1.619165927e-02
38.497148	2.048763225e-02
38.502149	2.422423265e-02
38.507149	2.744762757e-02
38.512149	3.025202037e-02
38.517150	3.276907317e-02
38.522150	3.509578057e-02
38.527150	3.719493803e-02
38.532150	3.885480249e-02
38.537151	3.976659007e-02
38.542151	3.968486439e-02
38.547151	3.856366150e-02
38.552151	3.657722621e-02
38.557152	3.402819935e-02
38.562152	3.122450281e-02
38.567152	2.839729362e-02
38.572153	2.568016476e-02
38.577153	2.313338404e-02
38.582153	2.077355647e-02
38.587153	1.857381605e-02
38.592154	1.645041229e-02
38.597154	1.428791519e-02
38.602154	1.201796778e-02
38.607155	9.694595053e-03
38.612155	7.490577900e-03
38.617155	5.606958258e-03
38.622155	4.168657345e-03
38.627156	3.178076525e-03
38.632156	2.533294168e-03
38.637156	2.079963514e-03
38.642156	1.671897365e-03
38.647157	1.216921047e-03
38.652157	6.828110732e-04
38.657157	6.364098569e-05
38.662158	-6.618410398e-04
38.667158	-1.550659518e-03
38.672158	-2.687641983e-03
38.677158	-4.155907592e-03
38.682159	-6.003999911e-03
38.687159	-8.230598953e-03
38.692159	-1.079017385e-02
38.697160	-1.360542903e-02
38.702160	-1.657308235e-02
38.707160	-1.956386848e-02
38.712160	-2.243671526e-02
38.717161	-2.508716871e-02
38.722161	-2.751002657e-02
38.727161	-2.981393030e-02
38.732162	-3.215240466e-02
38.737162	-3.461819973e-02
38.742162	-3.718442310e-02
38.747162	-3.972877898e-02
38.752163	-4.211412134e-02
38.757163	-4.427175756e-02
38.762163	-4.623714301e-02
38.767163	-4.811609139e-02
38.772164	-5.001226718e-02
38.777164	-5.198247774e-02
38.782164	-5.405266520e-02
38.787165	-5.625074393e-02
38.792165	-5.859257080e-02
38.797165	-6.103015156e-02
38.802165	-6.343515270e-02
38.807166	-6.564745728e-02
38.812166	-6.754879320e-02
38.817166	-6.913180103e-02
38.822167	-7.053729764e-02
38.827167	-7.199510642e-02
38.832167	-7.367015776e-02
38.837167	-7.553935938e-02
38.842168	-7.740646602e-02
38.847168	-7.902297575e-02
38.852168	-8.020067289e-02
38.857168	-8.084181346e-02
38.862169	-8.090355926e-02
38.867169	-8.036007964e-02
38.872169	-7.920077144e-02
38.877170	-7.745645714e-02
38.882170	-7.522589087e-02
38.887170	-7.267403727e-02
38.892170	-6.998446994e-02
38.897171	-6.728391303e-02
38.902171	-6.459625116e-02
38.907171	-6.187367607e-02
38.912172	-5.908057799e-02
38.917172	-5.624788587e-02
38.922172	-5.345104519e-02
38.927172	-5.075003024e-02
38.932173	-4.816088155e-02
38.937173	-4.568350838e-02
38.942173	-4.334657499e-02
38.947174	-4.120222822e-02
38.952174	-3.924599358e-02
38.957174	-3.733261634e-02
38.962174	-3.519922634e-02
38.967175	-3.261567519e-02
38.972175	-2.954239866e-02
38.977175	-2.614852347e-02
38.982175	-2.267443195e-02
38.987176	-1.927234274e-02
38.992176	-1.595487899e-02
38.997176	-1.265074424e-02
39.002177	-9.280112452e-03
39.007177	-5.793900530e-03
39.012177	-2.182175814e-03
39.017177	1.536841439e-03
39.022178	5.346062535e-03
39.027178	9.248210988e-03
39.032178	1.323467600e-02
39.037179	1.723026414e-02
39.042179	2.109805136e-02
39.047179	2.473321922e-02
39.052179	2.815413120e-02
39.057180	3.147401979e-02
39.062180	3.476396572e-02
39.067180	3.794936153e-02
39.072180	4.085330756e-02
39.077181	4.334250926e-02
39.082181	4.542214343e-02
39.087181	4.718530882e-02
39.092182	4.867684665e-02
39.097182	4.980721342e-02
39.102182	5.039121702e-02
39.107182	5.027768642e-02
39.112183	4.947202453e-02
39.117183	4.815936089e-02
39.122183	4.660314420e-02
39.127184	4.498652118e-02
39.132184	4.330898684e-02
39.137184	4.140695522e-02
39.142184	3.907957186e-02
39.147185	3.623754621e-02
39.152185	3.298161414e-02
39.157185	2.956367986e-02
39.162186	2.626339486e-02
39.167186	2.326744366e-02
39.172186	2.062395215e-02
39.177186	1.827813913e-02
39.182187	1.614418977e-02
39.187187	1.416643197e-02
39.192187	1.234253294e-02
39.197187	1.070273643e-02
39.202188	9.269757877e-03
39.207188	8.043465712e-03
39.212188	7.024673510e-03
39.217189	6.237323750e-03
39.222189	5.702368367e-03
39.227189	5.372150029e-03
39.232189	5.086541812e-03
39.237190	4.605434805e-03
39.242190	3.704942803e-03
39.247190	2.260872178e-03
39.252191	2.593522660e-04
39.257191	-2.246960677e-03
39.262191	-5.175693593e-03
39.267191	-8.417148379e-03
39.272192	-1.182554854e-02
39.277192	-1.522796435e-02
39.282192	-1.845448595e-02
39.287192	-2.137606010e-02
39.292193	-2.393250619e-02
39.297193	-2.613595535e-02
39.302193	-2.804359754e-02
39.307194	-2.970772787e-02
39.312194	-3.112659840e-02
39.317194	-3.222256761e-02
39.322194	-3.286311390e-02
39.327195	-3.292535207e-02
39.332195	-3.237668630e-02
39.337195	-3.131801657e-02
39.342196	-2.995569375e-02
39.347196	-2.852104349e-02
39.352196	-2.718714358e-02
39.357196	-2.602618747e-02
39.362197	-2.502278866e-02
39.367197	-2.412594788e-02
39.372197	-2.330114824e-02
39.377198	-2.254431404e-02
39.382198	-2.184768165e-02
39.387198	-2.115400419e-02
39.392198	-2.035392592e-02
39.397199	-1.933873018e-02
39.402199	-1.806043207e-02
39.407199	-1.654436001e-02
39.412199	-1.484721255e-02
39.417200	-1.299994364e-02
39.422200	-1.098347452e-02
39.427200	-8.754546361e-03
39.432201	-6.292202251e-03
39.437201	-3.616470498e-03
39.442201	-7.636523095e-04
39.447201	2.244763380e-03
39.452202	5.394860604e-03
39.457202	8.647059434e-03
39.462202	1.193533548e-02
39.467203	1.521539043e-02
39.472203	1.850214362e-02
39.477203	2.184072591e-02
39.482203	2.523314573e-02
39.487204	2.859180110e-02
39.492204	3.176366022e-02
39.497204	3.460098528e-02
39.502204	3.701215796e-02
39.507205	3.895490463e-02
39.512205	4.039947659e-02
39.517205	4.131047084e-02
39.522206	4.166034436e-02
39.527206	4.145391607e-02
39.532206	4.074013554e-02
39.537206	3.959473974e-02
39.542207	3.807119920e-02
39.547207	3.615088619e-02
39.552207	3.374484387e-02
39.557208	3.076243831e-02
39.562208	2.719999418e-02
39.567208	2.318562041e-02
39.572208	1.894665197e-02
39.577209	1.471272569e-02
39.582209	1.061764706e-02
39.587209	6.677737880e-03
39.592210	0.000000000e+00
