vel_HU
7190	0
0.000000	0.000000000e+00
0.005000	3.060629865e-09
0.010000	1.488717741e-07
0.015001	4.392216684e-07
0.020001	8.577153008e-07
0.025001	1.352873502e-06
0.030001	1.892385520e-06
0.035002	2.477044938e-06
0.040002	3.120075477e-06
0.045002	3.814039055e-06
0.050002	4.496709291e-06
0.055003	5.066088391e-06
0.060003	5.462712785e-06
0.065003	5.730254285e-06
0.070003	5.974809151e-06
0.075004	6.276777337e-06
0.080004	6.669362498e-06
0.085004	7.187958294e-06
0.090004	7.880019981e-06
0.095005	8.741365338e-06
0.100005	9.676081377e-06
0.105005	1.053807877e-05
0.110005	1.120693679e-05
0.115006	1.163825470e-05
0.120006	1.185716850e-05
0.125006	1.190632197e-05
0.130006	1.181521609e-05
0.135007	1.162230006e-05
0.140007	1.138615810e-05
0.145007	1.114859046e-05
0.150007	1.091200559e-05
0.155007	1.066304162e-05
0.160008	1.039226119e-05
0.165008	1.009126729e-05
0.170008	9.747598989e-06
0.175008	9.346781203e-06
0.180009	8.892003246e-06
0.185009	8.419942656e-06
0.190009	7.979851371e-06
0.195009	7.600682973e-06
0.200010	7.270595518e-06
0.205010	6.927851358e-06
0.210010	6.497206611e-06
0.215010	5.964792107e-06
0.220011	5.383825410e-06
0.225011	4.791244438e-06
0.230011	4.174576405e-06
0.235011	3.521597205e-06
0.240012	2.822998239e-06
0.245012	2.013356292e-06
0.250012	9.742826322e-07
0.255012	-3.631128508e-07
0.260013	-1.921527542e-06
0.265013	-3.508304137e-06
0.270013	-4.953589349e-06
0.275013	-6.196917312e-06
0.280014	-7.256221359e-06
0.285014	-8.179299580e-06
0.290014	-9.032146648e-06
0.295014	-9.878464289e-06
0.300014	-1.074584452e-05
0.305015	-1.161305322e-05
0.310015	-1.242273509e-05
0.315015	-1.311317440e-05
0.320015	-1.365893895e-05
0.325016	-1.409097873e-05
0.330016	-1.446896257e-05
0.335016	-1.481715298e-05
0.340016	-1.508934663e-05
0.345017	-1.522301689e-05
0.350017	-1.523012223e-05
0.355017	-1.520816741e-05
0.360017	-1.527195283e-05
0.365018	-1.550420659e-05
0.370018	-1.594607724e-05
0.375018	-1.657815524e-05
0.380018	-1.730547270e-05
0.385019	-1.799942939e-05
0.390019	-1.856020819e-05
0.395019	-1.893117997e-05
0.400019	-1.910115870e-05
0.405020	-1.912737885e-05
0.410020	-1.910441244e-05
0.415020	-1.906480319e-05
0.420020	-1.893541268e-05
0.425021	-1.862000108e-05
0.430021	-1.810832177e-05
0.435021	-1.747228375e-05
0.440021	-1.676256139e-05
0.445021	-1.594742659e-05
0.450022	-1.494705841e-05
0.455022	-1.369733078e-05
0.460022	-1.219659974e-05
0.465022	-1.051333634e-05
0.470023	-8.746326799e-06
0.475023	-6.978619453e-06
0.480023	-5.264543919e-06
0.485023	-3.649867030e-06
0.490024	-2.184666636e-06
0.495024	-8.744268465e-07
0.500024	3.839916495e-07
0.505024	1.736710735e-06
0.510025	3.188508019e-06
0.515025	4.565110644e-06
0.520025	5.733738638e-06
0.525025	6.770969609e-06
0.530026	7.840359112e-06
0.535026	9.003454890e-06
0.540026	1.021436922e-05
0.545026	1.139953765e-05
0.550027	1.247052304e-05
0.555027	1.334088397e-05
0.560027	1.400957443e-05
0.565027	1.457269423e-05
0.570028	1.510544785e-05
0.575028	1.559401030e-05
0.580028	1.600340510e-05
0.585028	1.633587547e-05
0.590028	1.659800107e-05
0.595029	1.676947062e-05
0.600029	1.683879918e-05
0.605029	1.684198790e-05
0.610029	1.683107785e-05
0.615030	1.679989632e-05
0.620030	1.665383992e-05
0.625030	1.628504432e-05
0.630030	1.569903391e-05
0.635031	1.503426372e-05
0.640031	1.444263774e-05
0.645031	1.398808376e-05
0.650031	1.363779418e-05
0.655032	1.328397949e-05
0.660032	1.279324773e-05
0.665032	1.208120073e-05
0.670032	1.112544580e-05
0.675033	9.941845437e-06
0.680033	8.623731899e-06
0.685033	7.350082646e-06
0.690033	6.246584683e-06
0.695034	5.257832503e-06
0.700034	4.220641309e-06
0.705034	3.039975420e-06
0.710034	1.758573169e-06
0.715035	4.856855991e-07
0.720035	-7.092649973e-07
0.725035	-1.836459421e-06
0.730035	-2.932616396e-06
0.735035	-3.985058598e-06
0.740036	-4.921924273e-06
0.745036	-5.669037394e-06
0.750036	-6.197583486e-06
0.755036	-6.516324268e-06
0.760037	-6.655832088e-06
0.765037	-6.699629488e-06
0.770037	-6.793060358e-06
0.775037	-7.051555803e-06
0.780038	-7.469668497e-06
0.785038	-7.947321900e-06
0.790038	-8.377976412e-06
0.795038	-8.717166207e-06
0.800039	-9.003825034e-06
0.805039	-9.306491835e-06
0.810039	-9.646332146e-06
0.815039	-1.000265928e-05
0.820040	-1.036111861e-05
0.825040	-1.070201039e-05
0.830040	-1.099215933e-05
0.835040	-1.124703723e-05
0.840041	-1.154386076e-05
0.845041	-1.192315595e-05
0.850041	-1.231857067e-05
0.855041	-1.260397199e-05
0.860042	-1.267856055e-05
0.865042	-1.252636980e-05
0.870042	-1.224744977e-05
0.875042	-1.201182680e-05
0.880042	-1.193801336e-05
0.885043	-1.203481388e-05
0.890043	-1.224960980e-05
0.895043	-1.249147716e-05
0.900043	-1.262448574e-05
0.905044	-1.255082623e-05
0.910044	-1.230171683e-05
0.915044	-1.198863394e-05
0.920044	-1.170586350e-05
0.925045	-1.150275848e-05
0.930045	-1.137725467e-05
0.935045	-1.127546969e-05
0.940045	-1.114184192e-05
0.945046	-1.096092110e-05
0.950046	-1.073444410e-05
0.955046	-1.046309840e-05
0.960046	-1.016329098e-05
0.965047	-9.850032567e-06
0.970047	-9.498035474e-06
0.975047	-9.063538830e-06
0.980047	-8.544338070e-06
0.985048	-7.986193402e-06
0.990048	-7.440892373e-06
0.995048	-6.952940563e-06
1.000048	-6.560124943e-06
1.005049	-6.257874775e-06
1.010049	-5.986997807e-06
1.015049	-5.677073831e-06
1.020049	-5.271676215e-06
1.025049	-4.741689478e-06
1.030050	-4.130944857e-06
1.035050	-3.547172382e-06
1.040050	-3.065286776e-06
1.045050	-2.694081379e-06
1.050051	-2.449401199e-06
1.055051	-2.373361599e-06
1.060051	-2.452524402e-06
1.065051	-2.564777551e-06
1.070052	-2.524288053e-06
1.075052	-2.189513296e-06
1.080052	-1.557182405e-06
1.085052	-7.475475268e-07
1.090053	1.067047894e-07
1.095053	9.365075169e-07
1.100053	1.726970681e-06
1.105053	2.479287303e-06
1.110054	3.177291647e-06
1.115054	3.783417192e-06
1.120054	4.291645873e-06
1.125054	4.781601136e-06
1.130055	5.383540431e-06
1.135055	6.181383755e-06
1.140055	7.175109535e-06
1.145055	8.327664611e-06
1.150056	9.595550341e-06
1.155056	1.090543525e-05
1.160056	1.215743978e-05
1.165056	1.328197322e-05
1.170056	1.426103176e-05
1.175057	1.509304569e-05
1.180057	1.579871772e-05
1.185057	1.645837554e-05
1.190057	1.716980056e-05
1.195058	1.796320515e-05
1.200058	1.879566287e-05
1.205058	1.960982689e-05
1.210058	2.036425287e-05
1.215059	2.102987370e-05
1.220059	2.160639418e-05
1.225059	2.214679408e-05
1.230059	2.273213943e-05
1.235060	2.340527228e-05
1.240060	2.412507555e-05
1.245060	2.477599369e-05
1.250060	2.521553529e-05
1.255061	2.532082579e-05
1.260061	2.503205672e-05
1.265061	2.439117883e-05
1.270061	2.351932652e-05
1.275062	2.252679816e-05
1.280062	2.145897617e-05
1.285062	2.033831444e-05
1.290062	1.921303966e-05
1.295063	1.812118899e-05
1.300063	1.704193795e-05
1.305063	1.592817642e-05
1.310063	1.474950962e-05
1.315063	1.347144137e-05
1.320064	1.204076202e-05
1.325064	1.041764461e-05
1.330064	8.597567750e-06
1.335064	6.611882032e-06
1.340065	4.537962232e-06
1.345065	2.498953947e-06
1.350065	6.122308134e-07
1.355065	-1.086674022e-06
1.360066	-2.661215334e-06
1.365066	-4.214027659e-06
1.370066	-5.819679005e-06
1.375066	-7.499043021e-06
1.380067	-9.234497648e-06
1.385067	-1.100070530e-05
1.390067	-1.276481601e-05
1.395067	-1.445925373e-05
1.400068	-1.599676706e-05
1.405068	-1.731389886e-05
1.410068	-1.835751339e-05
1.415068	-1.905393730e-05
1.420069	-1.934101409e-05
1.425069	-1.920926646e-05
1.430069	-1.869797424e-05
1.435069	-1.788360947e-05
1.440070	-1.686755603e-05
1.445070	-1.574466046e-05
1.450070	-1.458367470e-05
1.455070	-1.342533436e-05
1.460070	-1.227338932e-05
1.465071	-1.111412747e-05
1.470071	-9.971507863e-06
1.475071	-8.908363853e-06
1.480071	-7.951781662e-06
1.485072	-7.053207583e-06
1.490072	-6.145520829e-06
1.495072	-5.210180771e-06
1.500072	-4.268089122e-06
1.505073	-3.335822396e-06
1.510073	-2.409662794e-06
1.515073	-1.460578737e-06
1.520073	-4.380245455e-07
1.525074	6.768044843e-07
1.530074	1.822224562e-06
1.535074	2.906140645e-06
1.540074	3.884478839e-06
1.545075	4.750278571e-06
1.550075	5.496102321e-06
1.555075	6.145401404e-06
1.560075	6.788240770e-06
1.565076	7.529711611e-06
1.570076	8.380571366e-06
1.575076	9.200369948e-06
1.580076	9.783066514e-06
1.585076	1.001468444e-05
1.590077	9.916068878e-06
1.595077	9.578745388e-06
1.600077	9.153912726e-06
1.605077	8.846857677e-06
1.610078	8.796426481e-06
1.615078	8.963139566e-06
1.620078	9.181576573e-06
1.625078	9.293071175e-06
1.630079	9.214888646e-06
1.635079	8.950362609e-06
1.640079	8.579471795e-06
1.645079	8.204058959e-06
1.650080	7.858500555e-06
1.655080	7.464810683e-06
1.660080	6.884662473e-06
1.665080	6.029711228e-06
1.670081	4.921795054e-06
1.675081	3.659820730e-06
1.680081	2.371006813e-06
1.685081	1.176938563e-06
1.690082	1.356222724e-07
1.695082	-7.810083530e-07
1.700082	-1.627005830e-06
1.705082	-2.438470610e-06
1.710083	-3.226265217e-06
1.715083	-3.913446859e-06
1.720083	-4.291970589e-06
1.725083	-4.140769642e-06
1.730083	-3.391233004e-06
1.735084	-2.151584383e-06
1.740084	-6.444172572e-07
1.745084	8.496026734e-07
1.750084	2.093380981e-06
1.755085	3.006382116e-06
1.760085	3.661320341e-06
1.765085	4.186613152e-06
1.770085	4.676778555e-06
1.775086	5.150994455e-06
1.780086	5.589709038e-06
1.785086	6.002936974e-06
1.790086	6.405565431e-06
1.795087	6.750538404e-06
1.800087	6.982032333e-06
1.805087	7.126181111e-06
1.810087	7.246584611e-06
1.815088	7.370409853e-06
1.820088	7.524551128e-06
1.825088	7.761440086e-06
1.830088	8.082682334e-06
1.835089	8.396524843e-06
1.840089	8.603156919e-06
1.845089	8.680278769e-06
1.850089	8.644690788e-06
1.855090	8.485748459e-06
1.860090	8.200243283e-06
1.865090	7.849942962e-06
1.870090	7.512861375e-06
1.875090	7.196674554e-06
1.880091	6.849777862e-06
1.885091	6.443066096e-06
1.890091	6.012509699e-06
1.895091	5.624939271e-06
1.900092	5.307111508e-06
1.905092	5.015867113e-06
1.910092	4.683881142e-06
1.915092	4.277051316e-06
1.920093	3.800456199e-06
1.925093	3.282253031e-06
1.930093	2.780921409e-06
1.935093	2.400281269e-06
1.940094	2.273637306e-06
1.945094	2.495646346e-06
1.950094	3.033596916e-06
1.955094	3.719038865e-06
1.960095	4.359913077e-06
1.965095	4.851098584e-06
1.970095	5.172804050e-06
1.975095	5.343551117e-06
1.980096	5.418652442e-06
1.985096	5.492443626e-06
1.990096	5.647866165e-06
1.995096	5.903299391e-06
2.000097	6.240674258e-06
2.005097	6.698014307e-06
2.010097	7.394982738e-06
2.015097	8.434572259e-06
2.020097	9.801962411e-06
2.025098	1.135629219e-05
2.030098	1.288226893e-05
2.035098	1.417543608e-05
2.040098	1.512580871e-05
2.045099	1.572193861e-05
2.050099	1.600852432e-05
2.055099	1.608299125e-05
2.060099	1.607386553e-05
2.065100	1.605110414e-05
2.070100	1.597684728e-05
2.075100	1.575134449e-05
2.080100	1.527597150e-05
2.085101	1.450033434e-05
2.090101	1.344125768e-05
2.095101	1.212392671e-05
2.100101	1.051418891e-05
2.105102	8.570489195e-06
2.110102	6.345629015e-06
2.115102	3.974418988e-06
2.120102	1.570383605e-06
2.125103	-8.327275334e-07
2.130103	-3.270628288e-06
2.135103	-5.817154229e-06
2.140103	-8.532909932e-06
2.145104	-1.140420094e-05
2.150104	-1.432144883e-05
2.155104	-1.711370215e-05
2.160104	-1.962581401e-05
2.165104	-2.180097455e-05
2.170105	-2.368982871e-05
2.175105	-2.537476357e-05
2.180105	-2.691338724e-05
2.185105	-2.834703762e-05
2.190106	-2.970242576e-05
2.195106	-3.096688654e-05
2.200106	-3.210219357e-05
2.205106	-3.309376565e-05
2.210107	-3.396252245e-05
2.215107	-3.472760916e-05
2.220107	-3.536565521e-05
2.225107	-3.579818916e-05
2.230108	-3.591777883e-05
2.235108	-3.564102489e-05
2.240108	-3.496947084e-05
2.245108	-3.403104754e-05
2.250109	-3.303016044e-05
2.255109	-3.209878017e-05
2.260109	-3.119915255e-05
2.265109	-3.018299715e-05
2.270110	-2.891382764e-05
2.275110	-2.732475059e-05
2.280110	-2.539406114e-05
2.285110	-2.310373667e-05
2.290111	-2.045006803e-05
2.295111	-1.748793919e-05
2.300111	-1.432444524e-05
2.305111	-1.106026543e-05
2.310111	-7.750102102e-06
2.315112	-4.396568409e-06
2.320112	-9.720276805e-07
2.325112	2.528273281e-06
2.330112	6.062252950e-06
2.335113	9.580122092e-06
2.340113	1.305328765e-05
2.345113	1.646032693e-05
2.350113	1.978540925e-05
2.355114	2.302375754e-05
2.360114	2.615247970e-05
2.365114	2.912251399e-05
2.370114	3.191889992e-05
2.375115	3.461155747e-05
2.380115	3.731652939e-05
2.385115	4.010008652e-05
2.390115	4.292825971e-05
2.395116	4.569795521e-05
2.400116	4.827303231e-05
2.405116	5.050162148e-05
2.410116	5.226988592e-05
2.415117	5.354326602e-05
2.420117	5.433701726e-05
2.425117	5.469911192e-05
2.430117	5.472671791e-05
2.435118	5.452586501e-05
2.440118	5.414112351e-05
2.445118	5.355326008e-05
2.450118	5.272577653e-05
2.455118	5.162563121e-05
2.460119	5.021634607e-05
2.465119	4.846473474e-05
2.470119	4.635695606e-05
2.475119	4.389869897e-05
2.480120	4.111260279e-05
2.485120	3.803383917e-05
2.490120	3.468876867e-05
2.495120	3.108951516e-05
2.500121	2.725630812e-05
2.505121	2.321130168e-05
2.510121	1.894440528e-05
2.515121	1.443036516e-05
2.520122	9.692315135e-06
2.525122	4.813166411e-06
2.530122	-1.162455157e-07
2.535122	-5.030242999e-06
2.540123	-9.879448021e-06
2.545123	-1.461478659e-05
2.550123	-1.918640631e-05
2.555123	-2.356964864e-05
2.560124	-2.779753315e-05
2.565124	-3.194625343e-05
2.570124	-3.607109826e-05
2.575124	-4.015493241e-05
2.580125	-4.411435716e-05
2.585125	-4.784551296e-05
2.590125	-5.126548277e-05
2.595125	-5.433449983e-05
2.600125	-5.705880755e-05
2.605126	-5.947458947e-05
2.610126	-6.163650039e-05
2.615126	-6.360831065e-05
2.620126	-6.541420809e-05
2.625127	-6.698212212e-05
2.630127	-6.817340117e-05
2.635127	-6.888256919e-05
2.640127	-6.908210638e-05
2.645128	-6.878396835e-05
2.650128	-6.800133646e-05
2.655128	-6.673340592e-05
2.660128	-6.495028911e-05
2.665129	-6.260724052e-05
2.670129	-5.969516088e-05
2.675129	-5.626686332e-05
2.680129	-5.240584282e-05
2.685130	-4.817057158e-05
2.690130	-4.357321618e-05
2.695130	-3.862357841e-05
2.700130	-3.338165141e-05
2.705131	-2.793697521e-05
2.710131	-2.234512358e-05
2.715131	-1.661578451e-05
2.720131	-1.076531295e-05
2.725132	-4.874966944e-06
2.730132	9.072649196e-07
2.735132	6.453273964e-06
2.740132	1.175193748e-05
2.745132	1.688329902e-05
2.750133	2.189424561e-05
2.755133	2.672630395e-05
2.760133	3.126036436e-05
2.765133	3.542026255e-05
2.770134	3.921831994e-05
2.775134	4.268293463e-05
2.780134	4.577477845e-05
2.785134	4.842036783e-05
2.790135	5.061273533e-05
2.795135	5.244593562e-05
2.800135	5.405311390e-05
2.805135	5.550666169e-05
2.810136	5.675950529e-05
2.815136	5.769376287e-05
2.820136	5.823166388e-05
2.825136	5.837018206e-05
2.830137	5.810819653e-05
2.835137	5.738064064e-05
2.840137	5.608498596e-05
2.845137	5.416340911e-05
2.850138	5.164902466e-05
2.855138	4.863488875e-05
2.860138	4.520218237e-05
2.865138	4.137635897e-05
2.870139	3.716332915e-05
2.875139	3.262528076e-05
2.880139	2.787947847e-05
2.885139	2.301439150e-05
2.890139	1.804897577e-05
2.895140	1.298487247e-05
2.900140	7.870598774e-06
2.905140	2.789115287e-06
2.910140	-2.216019512e-06
2.915141	-7.158382856e-06
2.920141	-1.202372516e-05
2.925141	-1.670399818e-05
2.930141	-2.105866574e-05
2.935142	-2.502223642e-05
2.940142	-2.861182698e-05
2.945142	-3.185431217e-05
2.950142	-3.475883985e-05
2.955143	-3.733373021e-05
2.960143	-3.956866642e-05
2.965143	-4.141704483e-05
2.970143	-4.282976853e-05
2.975144	-4.377253422e-05
2.980144	-4.420496201e-05
2.985144	-4.410603537e-05
2.990144	-4.352899808e-05
2.995145	-4.258542175e-05
3.000145	-4.136908199e-05
3.005145	-3.990767588e-05
3.010145	-3.819082659e-05
3.015146	-3.623810970e-05
3.020146	-3.409833754e-05
3.025146	-3.177216116e-05
3.030146	-2.920104445e-05
3.035146	-2.635561745e-05
3.040147	-2.329153377e-05
3.045147	-2.011794864e-05
3.050147	-1.694389137e-05
3.055147	-1.384573001e-05
3.060148	-1.085526112e-05
3.065148	-7.972588602e-06
3.070148	-5.193610148e-06
3.075148	-2.525290961e-06
3.080149	1.801230749e-08
3.085149	2.427545739e-06
3.090149	4.706727685e-06
3.095149	6.869795762e-06
3.100150	8.944206378e-06
3.105150	1.095916281e-05
3.110150	1.291888878e-05
3.115150	1.479301747e-05
3.120151	1.651745323e-05
3.125151	1.799736569e-05
3.130151	1.913315853e-05
3.135151	1.985943125e-05
3.140152	2.017451489e-05
3.145152	2.015719267e-05
3.150152	1.994857689e-05
3.155152	1.967042035e-05
3.160153	1.932978243e-05
3.165153	1.881973523e-05
3.170153	1.801786035e-05
3.175153	1.685615087e-05
3.180153	1.531313068e-05
3.185154	1.340954366e-05
3.190154	1.124100256e-05
3.195154	8.968497562e-06
3.200154	6.724148079e-06
3.205155	4.537237187e-06
3.210155	2.387682955e-06
3.215155	3.051257955e-07
3.220155	-1.625460942e-06
3.225156	-3.334120338e-06
3.230156	-4.812233068e-06
3.235156	-6.098459946e-06
3.240156	-7.232577217e-06
3.245157	-8.218736422e-06
3.250157	-9.021195194e-06
3.255157	-9.593272960e-06
3.260157	-9.922401715e-06
3.265158	-1.004914836e-05
3.270158	-1.002301373e-05
3.275158	-9.842836219e-06
3.280158	-9.482651610e-06
3.285159	-8.974355766e-06
3.290159	-8.392278487e-06
3.295159	-7.735250270e-06
3.300159	-6.903355780e-06
3.305160	-5.831597450e-06
3.310160	-4.582692833e-06
3.315160	-3.271760340e-06
3.320160	-1.951246323e-06
3.325160	-5.988575901e-07
3.330161	8.160339357e-07
3.335161	2.273529823e-06
3.340161	3.704522920e-06
3.345161	5.057722733e-06
3.350162	6.350046175e-06
3.355162	7.609532500e-06
3.360162	8.775271074e-06
3.365162	9.707075380e-06
3.370163	1.031113844e-05
3.375163	1.061479345e-05
3.380163	1.069411602e-05
3.385163	1.057185206e-05
3.390164	1.022388783e-05
3.395164	9.656206647e-06
3.400164	8.937626875e-06
3.405164	8.158137918e-06
3.410165	7.363735441e-06
3.415165	6.530287540e-06
3.420165	5.601047903e-06
3.425165	4.539903346e-06
3.430166	3.334029770e-06
3.435166	1.968619415e-06
3.440166	4.321708681e-07
3.445166	-1.266956736e-06
3.450167	-3.101593851e-06
3.455167	-5.017710362e-06
3.460167	-6.919604009e-06
3.465167	-8.694301178e-06
3.470167	-1.026590888e-05
3.475168	-1.161846418e-05
3.480168	-1.277624648e-05
3.485168	-1.377436073e-05
3.490168	-1.462171081e-05
3.495169	-1.527148458e-05
3.500169	-1.565459327e-05
3.505169	-1.575294233e-05
3.510169	-1.561139478e-05
3.515170	-1.527357243e-05
3.520170	-1.472601809e-05
3.525170	-1.391557881e-05
3.530170	-1.281879495e-05
3.535171	-1.147460424e-05
3.540171	-9.947528470e-06
3.545171	-8.288040174e-06
3.550171	-6.529343632e-06
3.555172	-4.693426346e-06
3.560172	-2.785521164e-06
3.565172	-7.955713357e-07
3.570172	1.260753219e-06
3.575173	3.300415947e-06
3.580173	5.210291010e-06
3.585173	6.924080189e-06
3.590173	8.442860978e-06
3.595174	9.815022167e-06
3.600174	1.112076104e-05
3.605174	1.244231739e-05
3.610174	1.382323089e-05
3.615174	1.524799751e-05
3.620175	1.664530329e-05
3.625175	1.792113615e-05
3.630175	1.900728060e-05
3.635175	1.986927211e-05
3.640176	2.048677461e-05
3.645176	2.085820974e-05
3.650176	2.098596029e-05
3.655176	2.083098439e-05
3.660177	2.034024674e-05
3.665177	1.953070634e-05
3.670177	1.848139262e-05
3.675177	1.723482489e-05
3.680178	1.576467729e-05
3.685178	1.405774029e-05
3.690178	1.217717824e-05
3.695178	1.020536764e-05
3.700179	8.149620542e-06
3.705179	5.945958244e-06
3.710179	3.544780373e-06
3.715179	9.668340323e-07
3.720180	-1.694320351e-06
3.725180	-4.306522368e-06
3.730180	-6.786358105e-06
3.735180	-9.164181482e-06
3.740181	-1.151044691e-05
3.745181	-1.380346904e-05
3.750181	-1.593402603e-05
3.755181	-1.782939019e-05
3.760181	-1.949841004e-05
3.765182	-2.096977371e-05
3.770182	-2.226133800e-05
3.775182	-2.340183660e-05
3.780182	-2.442462561e-05
3.785183	-2.532254180e-05
3.790183	-2.602191956e-05
3.795183	-2.641764168e-05
3.800183	-2.644053521e-05
3.805184	-2.609058876e-05
3.810184	-2.543519232e-05
3.815184	-2.460695739e-05
3.820184	-2.375743289e-05
3.825185	-2.294988134e-05
3.830185	-2.211862743e-05
3.835185	-2.116887961e-05
3.840185	-2.007746642e-05
3.845186	-1.887412037e-05
3.850186	-1.759656637e-05
3.855186	-1.629500749e-05
3.860186	-1.500809221e-05
3.865187	-1.371409392e-05
3.870187	-1.235332877e-05
3.875187	-1.089316819e-05
3.880187	-9.355181118e-06
3.885188	-7.814946926e-06
3.890188	-6.383817758e-06
3.895188	-5.142634276e-06
3.900188	-4.068295672e-06
3.905188	-3.037392505e-06
3.910189	-1.900961488e-06
3.915189	-5.546751699e-07
3.920189	1.023843133e-06
3.925189	2.754037867e-06
3.930190	4.467474519e-06
3.935190	5.981104997e-06
3.940190	7.176891692e-06
3.945190	8.030227193e-06
3.950191	8.591170531e-06
3.955191	8.924491430e-06
3.960191	9.034843340e-06
3.965191	8.873835112e-06
3.970192	8.434579397e-06
3.975192	7.789189671e-06
3.980192	7.036485594e-06
3.985192	6.269550063e-06
3.990193	5.567927831e-06
3.995193	4.964823858e-06
4.000193	4.434198342e-06
4.005193	3.914006673e-06
4.010194	3.317363174e-06
4.015194	2.564184086e-06
4.020194	1.663028284e-06
4.025194	7.247882171e-07
4.030195	-1.512976624e-07
4.035195	-9.578738004e-07
4.040195	-1.720436205e-06
4.045195	-2.431612805e-06
4.050195	-3.079205332e-06
4.055196	-3.673499413e-06
4.060196	-4.218480857e-06
4.065196	-4.697900727e-06
4.070196	-5.078483856e-06
4.075197	-5.292536171e-06
4.080197	-5.264847997e-06
4.085197	-4.996484856e-06
4.090197	-4.577044343e-06
4.095198	-4.098994219e-06
4.100198	-3.607774656e-06
4.105198	-3.138208867e-06
4.110198	-2.750220893e-06
4.115199	-2.498194309e-06
4.120199	-2.354244769e-06
4.125199	-2.170835686e-06
4.130199	-1.771677769e-06
4.135200	-1.119018911e-06
4.140200	-3.696443794e-07
4.145200	2.445418059e-07
4.150200	5.589166992e-07
4.155201	5.158367548e-07
4.160201	1.484285003e-07
4.165201	-4.251309962e-07
4.170201	-1.033649896e-06
4.175202	-1.532052194e-06
4.180202	-1.848184935e-06
4.185202	-1.971769387e-06
4.190202	-1.951440923e-06
4.195202	-1.879887511e-06
4.200203	-1.822066064e-06
4.205203	-1.783016294e-06
4.210203	-1.776456471e-06
4.215203	-1.877273791e-06
4.220204	-2.184664901e-06
4.225204	-2.765742303e-06
4.230204	-3.619462881e-06
4.235204	-4.653222154e-06
4.240205	-5.710092100e-06
4.245205	-6.647532024e-06
4.250205	-7.395131230e-06
4.255205	-7.970568799e-06
4.260206	-8.460573772e-06
4.265206	-8.945025294e-06
4.270206	-9.423464669e-06
4.275206	-9.831935877e-06
4.280207	-1.011111197e-05
4.285207	-1.024057226e-05
4.290207	-1.023008797e-05
4.295207	-1.011564442e-05
4.300208	-9.976585760e-06
4.305208	-9.913988907e-06
4.310208	-9.978756442e-06
4.315208	-1.014362538e-05
4.320209	-1.033973704e-05
4.325209	-1.048372538e-05
4.330209	-1.050217301e-05
4.335209	-1.038138982e-05
4.340209	-1.016496952e-05
4.345210	-9.884329637e-06
4.350210	-9.545529758e-06
4.355210	-9.190368401e-06
4.360210	-8.904068769e-06
4.365211	-8.739214026e-06
4.370211	-8.661732023e-06
4.375211	-8.576778526e-06
4.380211	-8.391431380e-06
4.385212	-8.057915390e-06
4.390212	-7.562297021e-06
4.395212	-6.873234297e-06
4.400212	-5.938097537e-06
4.405213	-4.760788696e-06
4.410213	-3.455010500e-06
4.415213	-2.194612175e-06
4.420213	-1.124248583e-06
4.425214	-2.960709178e-07
4.430214	3.439405544e-07
4.435214	8.857403938e-07
4.440214	1.363199947e-06
4.445215	1.764227637e-06
4.450215	2.100309596e-06
4.455215	2.402951507e-06
4.460215	2.669225596e-06
4.465216	2.856112006e-06
4.470216	2.915902410e-06
4.475216	2.823079354e-06
4.480216	2.592578853e-06
4.485216	2.272394628e-06
4.490217	1.896585193e-06
4.495217	1.469367484e-06
4.500217	1.016823338e-06
4.505217	6.146344214e-07
4.510218	3.371306035e-07
4.515218	2.083264837e-07
4.520218	2.185482213e-07
4.525218	3.548357612e-07
4.530219	5.994420346e-07
4.535219	9.282864529e-07
4.540219	1.309391273e-06
4.545219	1.678182494e-06
4.550220	1.953931094e-06
4.555220	2.120671428e-06
4.560220	2.239878440e-06
4.565220	2.342566169e-06
4.570221	2.363220142e-06
4.575221	2.215118959e-06
4.580221	1.880044341e-06
4.585221	1.389382776e-06
4.590222	7.468213574e-07
4.595222	-9.877002133e-08
4.600222	-1.194058954e-06
4.605222	-2.496792094e-06
4.610223	-3.864986111e-06
4.615223	-5.139488156e-06
4.620223	-6.238659362e-06
4.625223	-7.185810759e-06
4.630223	-8.065529547e-06
4.635224	-8.955306586e-06
4.640224	-9.876084734e-06
4.645224	-1.078508834e-05
4.650224	-1.160334642e-05
4.655225	-1.225045105e-05
4.660225	-1.267603346e-05
4.665225	-1.288593324e-05
4.670225	-1.295253188e-05
4.675226	-1.298773926e-05
4.680226	-1.306415794e-05
4.685226	-1.315271691e-05
4.690226	-1.317170417e-05
4.695227	-1.307991360e-05
4.700227	-1.288554559e-05
4.705227	-1.262054989e-05
4.710227	-1.235060352e-05
4.715228	-1.215138990e-05
4.720228	-1.205779937e-05
4.725228	-1.207259427e-05
4.730228	-1.218597555e-05
4.735229	-1.235308996e-05
4.740229	-1.251415603e-05
4.745229	-1.267336855e-05
4.750229	-1.290997625e-05
4.755229	-1.328437374e-05
4.760230	-1.376709139e-05
4.765230	-1.427339660e-05
4.770230	-1.473409388e-05
4.775230	-1.512051999e-05
4.780231	-1.542569183e-05
4.785231	-1.563759060e-05
4.790231	-1.573549508e-05
4.795231	-1.571296635e-05
4.800232	-1.558434573e-05
4.805232	-1.535715252e-05
4.810232	-1.502270810e-05
4.815232	-1.458579438e-05
4.820233	-1.408684128e-05
4.825233	-1.358876807e-05
4.830233	-1.313848090e-05
4.835233	-1.273095628e-05
4.840234	-1.231312048e-05
4.845234	-1.183978338e-05
4.850234	-1.134882055e-05
4.855234	-1.097940039e-05
4.860235	-1.088548072e-05
4.865235	-1.113074999e-05
4.870235	-1.168242913e-05
4.875235	-1.245501849e-05
4.880236	-1.330134166e-05
4.885236	-1.402079993e-05
4.890236	-1.447162957e-05
4.895236	-1.466343650e-05
4.900236	-1.470862414e-05
4.905237	-1.472435390e-05
4.910237	-1.478381670e-05
4.915237	-1.488931102e-05
4.920237	-1.496091962e-05
4.925238	-1.488398465e-05
4.930238	-1.459309017e-05
4.935238	-1.410755037e-05
4.940238	-1.348341445e-05
4.945239	-1.275269080e-05
4.950239	-1.192887900e-05
4.955239	-1.104929313e-05
4.960239	-1.017565997e-05
4.965240	-9.353763468e-06
4.970240	-8.595819841e-06
4.975240	-7.892895825e-06
4.980240	-7.204377919e-06
4.985241	-6.440809275e-06
4.990241	-5.505596510e-06
4.995241	-4.360603867e-06
5.000241	-3.030779897e-06
5.005242	-1.566926913e-06
5.010242	-4.386314558e-08
5.015242	1.430723131e-06
5.020242	2.777541773e-06
5.025243	4.012631973e-06
5.030243	5.193677007e-06
5.035243	6.318356580e-06
5.040243	7.335797071e-06
5.045243	8.231432972e-06
5.050244	9.043274132e-06
5.055244	9.819827164e-06
5.060244	1.059743650e-05
5.065244	1.138477451e-05
5.070245	1.214287341e-05
5.075245	1.279661624e-05
5.080245	1.326800728e-05
5.085245	1.349623015e-05
5.090246	1.345685204e-05
5.095246	1.318433144e-05
5.100246	1.275635480e-05
5.105246	1.223784656e-05
5.110247	1.164408716e-05
5.115247	1.096455009e-05
5.120247	1.021458379e-05
5.125247	9.440155369e-06
5.130248	8.664461958e-06
5.135248	7.847049924e-06
5.140248	6.914103184e-06
5.145248	5.840061959e-06
5.150249	4.686934603e-06
5.155249	3.544999128e-06
5.160249	2.454398308e-06
5.165249	1.404617523e-06
5.170250	3.714835538e-07
5.175250	-6.910939646e-07
5.180250	-1.857096057e-06
5.185250	-3.162620389e-06
5.190250	-4.555135697e-06
5.195251	-5.930645689e-06
5.200251	-7.181764076e-06
5.205251	-8.233523338e-06
5.210251	-9.103260321e-06
5.215252	-9.899584055e-06
5.220252	-1.071092009e-05
5.225252	-1.153180075e-05
5.230252	-1.232465617e-05
5.235253	-1.309642440e-05
5.240253	-1.388493221e-05
5.245253	-1.471192799e-05
5.250253	-1.556737280e-05
5.255254	-1.641603763e-05
5.260254	-1.720799026e-05
5.265254	-1.788415119e-05
5.270254	-1.837587985e-05
5.275255	-1.862173182e-05
5.280255	-1.861443028e-05
5.285255	-1.842726874e-05
5.290255	-1.816930006e-05
5.295256	-1.792312001e-05
5.300256	-1.773448701e-05
5.305256	-1.761504113e-05
5.310256	-1.752567435e-05
5.315257	-1.739674948e-05
5.320257	-1.718024691e-05
5.325257	-1.685601644e-05
5.330257	-1.641036890e-05
5.335257	-1.584589583e-05
5.340258	-1.518081517e-05
5.345258	-1.440957680e-05
5.350258	-1.350132113e-05
5.355258	-1.245751765e-05
5.360259	-1.133403934e-05
5.365259	-1.018956426e-05
5.370259	-9.037470891e-06
5.375259	-7.857790519e-06
5.380260	-6.633588446e-06
5.385260	-5.365471046e-06
5.390260	-4.074676398e-06
5.395260	-2.805926023e-06
5.400261	-1.616941020e-06
5.405261	-5.605955500e-07
5.410261	3.392571106e-07
5.415261	1.115216563e-06
5.420262	1.842066378e-06
5.425262	2.578929789e-06
5.430262	3.338625459e-06
5.435262	4.105889044e-06
5.440263	4.859041773e-06
5.445263	5.577820847e-06
5.450263	6.253660210e-06
5.455263	6.889578073e-06
5.460264	7.472072395e-06
5.465264	7.956166898e-06
5.470264	8.295888967e-06
5.475264	8.473940952e-06
5.480264	8.502123451e-06
5.485265	8.423320843e-06
5.490265	8.307395694e-06
5.495265	8.222331503e-06
5.500265	8.223327364e-06
5.505266	8.352181368e-06
5.510266	8.593199068e-06
5.515266	8.866148108e-06
5.520266	9.126611845e-06
5.525267	9.420841153e-06
5.530267	9.802942579e-06
5.535267	1.026982410e-05
5.540267	1.079112395e-05
5.545268	1.133577862e-05
5.550268	1.186266521e-05
5.555268	1.231631644e-05
5.560268	1.263562437e-05
5.565269	1.276521146e-05
5.570269	1.266954771e-05
5.575269	1.236403286e-05
5.580269	1.194340904e-05
5.585270	1.154478338e-05
5.590270	1.125821692e-05
5.595270	1.108096292e-05
5.600270	1.094955434e-05
5.605271	1.080401966e-05
5.610271	1.063110969e-05
5.615271	1.045137370e-05
5.620271	1.027120813e-05
5.625271	1.006331757e-05
5.630272	9.788877779e-06
5.635272	9.427074613e-06
5.640272	9.002083221e-06
5.645272	8.589049122e-06
5.650273	8.254456651e-06
5.655273	7.981578083e-06
5.660273	7.694698016e-06
5.665273	7.351838572e-06
5.670274	6.982039097e-06
5.675274	6.650095822e-06
5.680274	6.402074879e-06
5.685274	6.225541458e-06
5.690275	6.064566629e-06
5.695275	5.875864459e-06
5.700275	5.635404929e-06
5.705275	5.300371270e-06
5.710276	4.827978728e-06
5.715276	4.242882712e-06
5.720276	3.648758970e-06
5.725276	3.146782341e-06
5.730277	2.745595167e-06
5.735277	2.383506116e-06
5.740277	2.027224828e-06
5.745277	1.692148066e-06
5.750278	1.388152000e-06
5.755278	1.103024352e-06
5.760278	8.124875850e-07
5.765278	4.830513046e-07
5.770278	9.733346473e-08
5.775279	-3.344748814e-07
5.780279	-8.150382453e-07
5.785279	-1.380217951e-06
5.790279	-2.058073102e-06
5.795280	-2.827843748e-06
5.800280	-3.616908683e-06
5.805280	-4.326342082e-06
5.810280	-4.884954234e-06
5.815281	-5.292790925e-06
5.820281	-5.590331755e-06
5.825281	-5.796920854e-06
5.830281	-5.912319222e-06
5.835282	-5.951880516e-06
5.840282	-5.939757036e-06
5.845282	-5.890332117e-06
5.850282	-5.822083557e-06
5.855283	-5.760837443e-06
5.860283	-5.708247357e-06
5.865283	-5.625669015e-06
5.870283	-5.457925705e-06
5.875284	-5.171354224e-06
5.880284	-4.783216005e-06
5.885284	-4.360519543e-06
5.890284	-3.975167697e-06
5.895285	-3.650322405e-06
5.900285	-3.350522946e-06
5.905285	-3.016442488e-06
5.910285	-2.594076337e-06
5.915285	-2.026133665e-06
5.920286	-1.250526625e-06
5.925286	-2.589342562e-07
5.930286	8.553010858e-07
5.935286	1.954302050e-06
5.940287	2.950359889e-06
5.945287	3.828970102e-06
5.950287	4.612761053e-06
5.955287	5.324157719e-06
5.960288	5.980329594e-06
5.965288	6.618767550e-06
5.970288	7.295582727e-06
5.975288	8.038099675e-06
5.980289	8.825062354e-06
5.985289	9.613672659e-06
5.990289	1.035509849e-05
5.995289	1.100035646e-05
6.000290	1.152252852e-05
6.005290	1.191759662e-05
6.010290	1.217432402e-05
6.015290	1.227591362e-05
6.020291	1.224464904e-05
6.025291	1.215933279e-05
6.030291	1.211741869e-05
6.035291	1.217742239e-05
6.040292	1.230988623e-05
6.045292	1.239727738e-05
6.050292	1.231233660e-05
6.055292	1.200455530e-05
6.060292	1.151084284e-05
6.065293	1.091005975e-05
6.070293	1.026826205e-05
6.075293	9.597255871e-06
6.080293	8.863336433e-06
6.085294	8.043455532e-06
6.090294	7.158906269e-06
6.095294	6.252124996e-06
6.100294	5.355338580e-06
6.105295	4.498113529e-06
6.110295	3.720367844e-06
6.115295	3.038269522e-06
6.120295	2.403319682e-06
6.125296	1.731426268e-06
6.130296	9.777127568e-07
6.135296	1.675854167e-07
6.140296	-6.357534733e-07
6.145297	-1.374002070e-06
6.150297	-2.014924204e-06
6.155297	-2.557547996e-06
6.160297	-3.025855174e-06
6.165298	-3.454711079e-06
6.170298	-3.875651874e-06
6.175298	-4.308067314e-06
6.180298	-4.749387420e-06
6.185299	-5.161949553e-06
6.190299	-5.492438636e-06
6.195299	-5.718842245e-06
6.200299	-5.839446548e-06
6.205299	-5.818514717e-06
6.210300	-5.605460771e-06
6.215300	-5.204414111e-06
6.220300	-4.681580179e-06
6.225300	-4.122597600e-06
6.230301	-3.603997829e-06
6.235301	-3.177008601e-06
6.240301	-2.859370939e-06
6.245301	-2.637387122e-06
6.250302	-2.460536648e-06
6.255302	-2.253330960e-06
6.260302	-1.964696746e-06
6.265302	-1.599041624e-06
6.270303	-1.203913323e-06
6.275303	-8.375192463e-07
6.280303	-5.080770139e-07
6.285303	-1.310343498e-07
6.290304	4.036582201e-07
6.295304	1.120921183e-06
6.300304	1.958742179e-06
6.305304	2.840808551e-06
6.310305	3.707079472e-06
6.315305	4.522666122e-06
6.320305	5.292834102e-06
6.325305	6.035111007e-06
6.330306	6.737178035e-06
6.335306	7.378805762e-06
6.340306	7.972715322e-06
6.345306	8.536918394e-06
6.350306	9.039895858e-06
6.355307	9.409332714e-06
6.360307	9.604325715e-06
6.365307	9.663344913e-06
6.370307	9.651653131e-06
6.375308	9.568803525e-06
6.380308	9.347859525e-06
6.385308	8.938892840e-06
6.390308	8.352689421e-06
6.395309	7.620852249e-06
6.400309	6.753965882e-06
6.405309	5.770119369e-06
6.410309	4.741221418e-06
6.415310	3.768975102e-06
6.420310	2.927192408e-06
6.425310	2.250814942e-06
6.430310	1.738042979e-06
6.435311	1.331088387e-06
6.440311	9.409802071e-07
6.445311	5.117472441e-07
6.450311	2.902859742e-08
6.455312	-5.114338718e-07
6.460312	-1.092850016e-06
6.465312	-1.652874434e-06
6.470312	-2.113031571e-06
6.475313	-2.430590537e-06
6.480313	-2.609893137e-06
6.485313	-2.680420813e-06
6.490313	-2.682949820e-06
6.495313	-2.669189862e-06
6.500314	-2.688922403e-06
6.505314	-2.760772062e-06
6.510314	-2.857398557e-06
6.515314	-2.924786707e-06
6.520315	-2.922882473e-06
6.525315	-2.855156673e-06
6.530315	-2.750968828e-06
6.535315	-2.611735900e-06
6.540316	-2.397640259e-06
6.545316	-2.088600423e-06
6.550316	-1.734378780e-06
6.555316	-1.407984083e-06
6.560317	-1.110294168e-06
6.565317	-7.555086385e-07
6.570317	-2.723724747e-07
6.575317	3.098090408e-07
6.580318	9.032707230e-07
6.585318	1.449797963e-06
6.590318	1.926609349e-06
6.595318	2.298927375e-06
6.600319	2.515219857e-06
6.605319	2.545559300e-06
6.610319	2.405670962e-06
6.615319	2.155356852e-06
6.620320	1.879383671e-06
6.625320	1.641296334e-06
6.630320	1.450501435e-06
6.635320	1.292280141e-06
6.640320	1.164566345e-06
6.645321	1.058676026e-06
6.650321	9.321452975e-07
6.655321	7.333235136e-07
6.660321	4.542335328e-07
6.665322	1.393893294e-07
6.670322	-1.701848082e-07
6.675322	-4.731002756e-07
6.680322	-7.648941211e-07
6.685323	-9.988862114e-07
6.690323	-1.133858762e-06
6.695323	-1.201050470e-06
6.700323	-1.291524732e-06
6.705324	-1.491074668e-06
6.710324	-1.834471500e-06
6.715324	-2.297739012e-06
6.720324	-2.823232854e-06
6.725325	-3.345886836e-06
6.730325	-3.791854740e-06
6.735325	-4.086236347e-06
6.740325	-4.195346421e-06
6.745326	-4.154285315e-06
6.750326	-4.041333140e-06
6.755326	-3.914226681e-06
6.760326	-3.751622408e-06
6.765327	-3.468946697e-06
6.770327	-3.019828067e-06
6.775327	-2.457645119e-06
6.780327	-1.866656713e-06
6.785327	-1.272257792e-06
6.790328	-6.503206093e-07
6.795328	2.152731916e-08
6.800328	7.569246007e-07
6.805328	1.574824672e-06
6.810329	2.490612887e-06
6.815329	3.501503951e-06
6.820329	4.589391125e-06
6.825329	5.717372202e-06
6.830330	6.821199085e-06
6.835330	7.844385424e-06
6.840330	8.789941927e-06
6.845330	9.705175614e-06
6.850331	1.061584821e-05
6.855331	1.149410232e-05
6.860331	1.228180197e-05
6.865331	1.293795720e-05
6.870332	1.347611065e-05
6.875332	1.394716250e-05
6.880332	1.436864832e-05
6.885332	1.469506484e-05
6.890333	1.487440713e-05
6.895333	1.490018682e-05
6.900333	1.479429889e-05
6.905333	1.456855232e-05
6.910334	1.421574789e-05
6.915334	1.372867791e-05
6.920334	1.312361906e-05
6.925334	1.243356817e-05
6.930334	1.166697331e-05
6.935335	1.079588164e-05
6.940335	9.804386949e-06
6.945335	8.722975277e-06
6.950335	7.610424988e-06
6.955336	6.540226301e-06
6.960336	5.590037446e-06
6.965336	4.801221911e-06
6.970336	4.165747038e-06
6.975337	3.654246686e-06
6.980337	3.221010053e-06
6.985337	2.803824950e-06
6.990337	2.356472272e-06
6.995338	1.875883730e-06
7.000338	1.400424252e-06
7.005338	9.905632112e-07
7.010338	6.917297836e-07
7.015339	5.035270746e-07
7.020339	3.978611997e-07
7.025339	3.536183610e-07
7.030339	3.457236764e-07
7.035340	3.253384279e-07
7.040340	2.490902669e-07
7.045340	1.190200164e-07
7.050340	-1.549456464e-08
7.055341	-7.724934803e-08
7.060341	1.448545987e-08
7.065341	3.114093107e-07
7.070341	8.063269027e-07
7.075341	1.416264946e-06
7.080342	1.999231847e-06
7.085342	2.422354912e-06
7.090342	2.632635689e-06
7.095342	2.676912535e-06
7.100343	2.671337646e-06
7.105343	2.723921361e-06
7.110343	2.858794414e-06
7.115343	3.035699759e-06
7.120344	3.230096995e-06
7.125344	3.444553462e-06
7.130344	3.666554368e-06
7.135344	3.868228252e-06
7.140345	4.021709758e-06
7.145345	4.095928503e-06
7.150345	4.083308703e-06
7.155345	4.029511119e-06
7.160346	3.989782006e-06
7.165346	3.966997329e-06
7.170346	3.933420758e-06
7.175346	3.897467166e-06
7.180347	3.918743879e-06
7.185347	4.070465702e-06
7.190347	4.390240815e-06
7.195347	4.844665371e-06
7.200348	5.341498437e-06
7.205348	5.784238812e-06
7.210348	6.119307592e-06
7.215348	6.358868047e-06
7.220348	6.580764496e-06
7.225349	6.886524699e-06
7.230349	7.331726068e-06
7.235349	7.886356454e-06
7.240349	8.442989063e-06
7.245350	8.850489292e-06
7.250350	8.981179051e-06
7.255350	8.823181003e-06
7.260350	8.518925594e-06
7.265351	8.294245010e-06
7.270351	8.323201971e-06
7.275351	8.629440405e-06
7.280351	9.095549246e-06
7.285352	9.564080658e-06
7.290352	9.947133933e-06
7.295352	1.026179323e-05
7.300352	1.056701373e-05
7.305353	1.087798737e-05
7.310353	1.116278897e-05
7.315353	1.140504047e-05
7.320353	1.162160159e-05
7.325354	1.181831928e-05
7.330354	1.197785844e-05
7.335354	1.209572309e-05
7.340354	1.219135060e-05
7.345355	1.229024438e-05
7.350355	1.240099823e-05
7.355355	1.248032078e-05
7.360355	1.244293580e-05
7.365355	1.224341986e-05
7.370356	1.191441596e-05
7.375356	1.150837007e-05
7.380356	1.104794544e-05
7.385356	1.053966530e-05
7.390357	1.000227330e-05
7.395357	9.477969184e-06
7.400357	9.019154511e-06
7.405357	8.657640257e-06
7.410358	8.390155240e-06
7.415358	8.189109478e-06
7.420358	8.012528749e-06
7.425358	7.809403038e-06
7.430359	7.535780678e-06
7.435359	7.171892106e-06
7.440359	6.728632235e-06
7.445359	6.247476985e-06
7.450360	5.779539714e-06
7.455360	5.350287754e-06
7.460360	4.954388669e-06
7.465360	4.579948028e-06
7.470361	4.230413378e-06
7.475361	3.932995845e-06
7.480361	3.715875516e-06
7.485361	3.567945851e-06
7.490362	3.443704353e-06
7.495362	3.311751741e-06
7.500362	3.179445662e-06
7.505362	3.081892001e-06
7.510362	3.062456333e-06
7.515363	3.139593170e-06
7.520363	3.275696569e-06
7.525363	3.394855915e-06
7.530363	3.425350260e-06
7.535364	3.315426481e-06
7.540364	3.060058431e-06
7.545364	2.752900671e-06
7.550364	2.565791399e-06
7.555365	2.630760693e-06
7.560365	2.951928061e-06
7.565365	3.428670478e-06
7.570365	3.928592895e-06
7.575366	4.344247844e-06
7.580366	4.627838228e-06
7.585366	4.797641074e-06
7.590366	4.923363836e-06
7.595367	5.104147102e-06
7.600367	5.409553373e-06
7.605367	5.805962603e-06
7.610367	6.177333377e-06
7.615368	6.437341063e-06
7.620368	6.587183145e-06
7.625368	6.675497088e-06
7.630368	6.748976250e-06
7.635369	6.829396597e-06
7.640369	6.904179056e-06
7.645369	6.941576985e-06
7.650369	6.929359420e-06
7.655369	6.902374768e-06
7.660370	6.914157004e-06
7.665370	6.972814102e-06
7.670370	7.044136126e-06
7.675370	7.122624668e-06
7.680371	7.221908676e-06
7.685371	7.283363236e-06
7.690371	7.190812854e-06
7.695371	6.903250283e-06
7.700372	6.513355909e-06
7.705372	6.162761462e-06
7.710372	5.926997117e-06
7.715372	5.789560583e-06
7.720373	5.720579467e-06
7.725373	5.754732494e-06
7.730373	5.951514547e-06
7.735373	6.293731032e-06
7.740374	6.687428822e-06
7.745374	7.045555701e-06
7.750374	7.314592803e-06
7.755374	7.459636082e-06
7.760375	7.475589566e-06
7.765375	7.383470234e-06
7.770375	7.207122878e-06
7.775375	6.983915719e-06
7.780376	6.775551795e-06
7.785376	6.621458956e-06
7.790376	6.487425740e-06
7.795376	6.294380852e-06
7.800376	6.012372549e-06
7.805377	5.711774295e-06
7.810377	5.491687466e-06
7.815377	5.361490445e-06
7.820377	5.229694910e-06
7.825378	5.000978068e-06
7.830378	4.647256555e-06
7.835378	4.198960480e-06
7.840378	3.704535135e-06
7.845379	3.211745577e-06
7.850379	2.777799146e-06
7.855379	2.446343415e-06
7.860379	2.177052748e-06
7.865380	1.843524490e-06
7.870380	1.344661498e-06
7.875380	6.896798559e-07
7.880380	-2.901794187e-08
7.885381	-6.909835447e-07
7.890381	-1.195742192e-06
7.895381	-1.534154377e-06
7.900381	-1.792635383e-06
7.905382	-2.042727655e-06
7.910382	-2.276918444e-06
7.915382	-2.473199955e-06
7.920382	-2.645851859e-06
7.925382	-2.796737481e-06
7.930383	-2.873809950e-06
7.935383	-2.819434588e-06
7.940383	-2.627297467e-06
7.945383	-2.318854369e-06
7.950384	-1.892654324e-06
7.955384	-1.336935392e-06
7.960384	-6.731904416e-07
7.965384	5.824356501e-08
7.970385	8.438794229e-07
7.975385	1.678591946e-06
7.980385	2.514871398e-06
7.985385	3.294018347e-06
7.990386	4.030046259e-06
7.995386	4.813119978e-06
8.000386	5.719399694e-06
8.005386	6.738827377e-06
8.010387	7.790545459e-06
8.015387	8.775856039e-06
8.020387	9.605368728e-06
8.025387	1.022840144e-05
8.030388	1.067655534e-05
8.035388	1.105290576e-05
8.040388	1.145110149e-05
8.045388	1.188725870e-05
8.050389	1.230713168e-05
8.055389	1.262838987e-05
8.060389	1.276414430e-05
8.065389	1.265658214e-05
8.070389	1.233550455e-05
8.075390	1.192786978e-05
8.080390	1.156944596e-05
8.085390	1.129550899e-05
8.090390	1.104060055e-05
8.095391	1.074608787e-05
8.100391	1.042416936e-05
8.105391	1.010692264e-05
8.110391	9.775860377e-06
8.115392	9.352541329e-06
8.120392	8.737653035e-06
8.125392	7.864508582e-06
8.130392	6.728192725e-06
8.135393	5.378690913e-06
8.140393	3.915670423e-06
8.145393	2.484535596e-06
8.150393	1.222732023e-06
8.155394	1.805222994e-07
8.160394	-6.914669597e-07
8.165394	-1.491922253e-06
8.170394	-2.328342007e-06
8.175395	-3.279127207e-06
8.180395	-4.339700543e-06
8.185395	-5.411415014e-06
8.190395	-6.363250333e-06
8.195396	-7.102224651e-06
8.200396	-7.602881186e-06
8.205396	-7.910403343e-06
8.210396	-8.105450456e-06
8.215396	-8.228284763e-06
8.220397	-8.253395945e-06
8.225397	-8.161148911e-06
8.230397	-8.000849401e-06
8.235397	-7.849890925e-06
8.240398	-7.732450380e-06
8.245398	-7.608983674e-06
8.250398	-7.433725776e-06
8.255398	-7.195251176e-06
8.260399	-6.903057844e-06
8.265399	-6.564952938e-06
8.270399	-6.195072664e-06
8.275399	-5.827610267e-06
8.280400	-5.495741681e-06
8.285400	-5.187206004e-06
8.290400	-4.835562644e-06
8.295400	-4.362881508e-06
8.300401	-3.716599420e-06
8.305401	-2.882868608e-06
8.310401	-1.908173765e-06
8.315401	-8.890678323e-07
8.320402	1.213077242e-07
8.325402	1.182789978e-06
8.330402	2.377665244e-06
8.335402	3.670258070e-06
8.340403	4.923564728e-06
8.345403	6.026316473e-06
8.350403	6.942867737e-06
8.355403	7.681370354e-06
8.360403	8.291562583e-06
8.365404	8.870521867e-06
8.370404	9.499268757e-06
8.375404	1.018213975e-05
8.380404	1.087834330e-05
8.385405	1.155118913e-05
8.390405	1.216989129e-05
8.395405	1.272904199e-05
8.400405	1.328596377e-05
8.405406	1.391921614e-05
8.410406	1.462632211e-05
8.415406	1.529122818e-05
8.420406	1.576203032e-05
8.425407	1.594862073e-05
8.430407	1.585926208e-05
8.435407	1.557032236e-05
8.440407	1.515868695e-05
8.445408	1.465441329e-05
8.450408	1.405477694e-05
8.455408	1.336441773e-05
8.460408	1.260883904e-05
8.465409	1.181561306e-05
8.470409	1.099826758e-05
8.475409	1.017299916e-05
8.480409	9.383690359e-06
8.485410	8.689015886e-06
8.490410	8.107490182e-06
8.495410	7.572303527e-06
8.500410	6.970296373e-06
8.505410	6.248430812e-06
8.510411	5.447671429e-06
8.515411	4.620652993e-06
8.520411	3.781981036e-06
8.525411	2.957263996e-06
8.530412	2.210349097e-06
8.535412	1.594248641e-06
8.540412	1.101980270e-06
8.545412	6.644060171e-07
8.550413	1.958673948e-07
8.555413	-3.366673491e-07
8.560413	-8.998431778e-07
8.565413	-1.451583088e-06
8.570414	-1.974664987e-06
8.575414	-2.461862170e-06
8.580414	-2.904024192e-06
8.585414	-3.271686419e-06
8.590415	-3.500094060e-06
8.595415	-3.537308369e-06
8.600415	-3.412835764e-06
8.605415	-3.222712810e-06
8.610416	-3.041924538e-06
8.615416	-2.873868639e-06
8.620416	-2.698774287e-06
8.625416	-2.538383739e-06
8.630417	-2.416835977e-06
8.635417	-2.291325058e-06
8.640417	-2.095267358e-06
8.645417	-1.811271041e-06
8.650417	-1.455958585e-06
8.655418	-1.051504090e-06
8.660418	-6.321568724e-07
8.665418	-2.344636888e-07
8.670418	1.189085150e-07
8.675419	4.235935518e-07
8.680419	7.055610388e-07
8.685419	1.009626492e-06
8.690419	1.352050729e-06
8.695420	1.710433481e-06
8.700420	2.063632583e-06
8.705420	2.403302685e-06
8.710420	2.711381013e-06
8.715421	2.966665680e-06
8.720421	3.177016988e-06
8.725421	3.380697933e-06
8.730421	3.608518391e-06
8.735422	3.867406966e-06
8.740422	4.183695579e-06
8.745422	4.629559223e-06
8.750422	5.253339095e-06
8.755423	6.000997266e-06
8.760423	6.754386516e-06
8.765423	7.437941251e-06
8.770423	8.052275676e-06
8.775424	8.610734204e-06
8.780424	9.088871095e-06
8.785424	9.451354347e-06
8.790424	9.694029966e-06
8.795424	9.844941078e-06
8.800425	9.949200768e-06
8.805425	1.005798703e-05
8.810425	1.020015011e-05
8.815425	1.034541108e-05
8.820426	1.042189589e-05
8.825426	1.039113343e-05
8.830426	1.027467132e-05
8.835426	1.009660015e-05
8.840427	9.860015015e-06
8.845427	9.602430430e-06
8.850427	9.413753414e-06
8.855427	9.372957898e-06
8.860428	9.495769928e-06
8.865428	9.737349483e-06
8.870428	1.001567015e-05
8.875428	1.024139950e-05
8.880429	1.035469938e-05
8.885429	1.034721263e-05
8.890429	1.025493301e-05
8.895429	1.013442284e-05
8.900430	1.003804719e-05
8.905430	9.985927937e-06
8.910430	9.934833098e-06
8.915430	9.789305257e-06
8.920431	9.480069672e-06
8.925431	9.030210160e-06
8.930431	8.534869168e-06
8.935431	8.092260687e-06
8.940431	7.750219472e-06
8.945432	7.488424693e-06
8.950432	7.252182282e-06
8.955432	7.020956384e-06
8.960432	6.816410100e-06
8.965433	6.633135097e-06
8.970433	6.426014551e-06
8.975433	6.185218257e-06
8.980433	5.956995897e-06
8.985434	5.764084520e-06
8.990434	5.542887311e-06
8.995434	5.184594959e-06
9.000434	4.633360479e-06
9.005435	3.925552273e-06
9.010435	3.143460177e-06
9.015435	2.379261570e-06
9.020435	1.735190365e-06
9.025436	1.286329483e-06
9.030436	1.024378765e-06
9.035436	8.647733965e-07
9.040436	7.129395407e-07
9.045437	5.266085947e-07
9.050437	3.276248776e-07
9.055437	1.654283481e-07
9.060437	7.718913024e-08
9.065438	7.777831562e-08
9.070438	1.787439059e-07
9.075438	4.128629093e-07
9.080438	8.290819456e-07
9.085438	1.446677817e-06
9.090439	2.210904307e-06
9.095439	3.007301404e-06
9.100439	3.736040222e-06
9.105439	4.378171555e-06
9.110440	4.980807264e-06
9.115440	5.576323069e-06
9.120440	6.141453609e-06
9.125440	6.653353372e-06
9.130441	7.152606557e-06
9.135441	7.705592925e-06
9.140441	8.318598710e-06
9.145441	8.927910361e-06
9.150442	9.463931947e-06
9.155442	9.899718547e-06
9.160442	1.025209379e-05
9.165442	1.055711383e-05
9.170443	1.083131825e-05
9.175443	1.104699761e-05
9.180443	1.117139744e-05
9.185443	1.122960055e-05
9.190444	1.128472759e-05
9.195444	1.135341283e-05
9.200444	1.137105559e-05
9.205444	1.123716485e-05
9.210445	1.089646538e-05
9.215445	1.039208139e-05
9.220445	9.817061483e-06
9.225445	9.206790263e-06
9.230445	8.527112022e-06
9.235446	7.772909912e-06
9.240446	7.021689564e-06
9.245446	6.374529669e-06
9.250446	5.878209271e-06
9.255447	5.512615345e-06
9.260447	5.230943464e-06
9.265447	5.001995089e-06
9.270447	4.809815614e-06
9.275448	4.607960854e-06
9.280448	4.300393491e-06
9.285448	3.805721289e-06
9.290448	3.135017884e-06
9.295449	2.373162130e-06
9.300449	1.592216219e-06
9.305449	8.259162173e-07
9.310449	1.124701352e-07
9.315450	-5.010176149e-07
9.320450	-9.915437463e-07
9.325450	-1.366819851e-06
9.330450	-1.666140068e-06
9.335451	-1.946168021e-06
9.340451	-2.214670272e-06
9.345451	-2.398866745e-06
9.350451	-2.416678103e-06
9.355452	-2.254666008e-06
9.360452	-1.958684826e-06
9.365452	-1.574288569e-06
9.370452	-1.117117098e-06
9.375452	-5.901769663e-07
9.380453	-7.869832720e-09
9.385453	6.034814592e-07
9.390453	1.218443276e-06
9.395453	1.814520585e-06
9.400454	2.374386476e-06
9.405454	2.907506359e-06
9.410454	3.455378625e-06
9.415454	4.057429087e-06
9.420455	4.725633538e-06
9.425455	5.450210918e-06
9.430455	6.196987646e-06
9.435455	6.895104267e-06
9.440456	7.471777790e-06
9.445456	7.917998400e-06
9.450456	8.274252855e-06
9.455456	8.540262340e-06
9.460457	8.664886568e-06
9.465457	8.644648478e-06
9.470457	8.570496960e-06
9.475457	8.548678790e-06
9.480458	8.601112661e-06
9.485458	8.661113696e-06
9.490458	8.656324570e-06
9.495458	8.564508047e-06
9.500459	8.395290462e-06
9.505459	8.171726048e-06
9.510459	7.923916712e-06
9.515459	7.657845075e-06
9.520459	7.362900184e-06
9.525460	7.076347625e-06
9.530460	6.875236960e-06
9.535460	6.776693249e-06
9.540460	6.707830497e-06
9.545461	6.587781772e-06
9.550461	6.393244823e-06
9.555461	6.140006895e-06
9.560461	5.827425640e-06
9.565462	5.421261063e-06
9.570462	4.901219168e-06
9.575462	4.306682399e-06
9.580462	3.713456496e-06
9.585463	3.178239885e-06
9.590463	2.721372367e-06
9.595463	2.340213293e-06
9.600463	2.013528576e-06
9.605464	1.713897676e-06
9.610464	1.436081631e-06
9.615464	1.190337642e-06
9.620464	9.648542636e-07
9.625465	7.288082056e-07
9.630465	4.670623696e-07
9.635465	1.688348250e-07
9.640465	-2.145921747e-07
9.645466	-7.433483451e-07
9.650466	-1.409524531e-06
9.655466	-2.149975315e-06
9.660466	-2.937420173e-06
9.665466	-3.767832656e-06
9.670467	-4.566102966e-06
9.675467	-5.203641690e-06
9.680467	-5.610959453e-06
9.685467	-5.815881037e-06
9.690468	-5.893893605e-06
9.695468	-5.916455670e-06
9.700468	-5.906914185e-06
9.705468	-5.824822004e-06
9.710469	-5.632030318e-06
9.715469	-5.364164568e-06
9.720469	-5.095951434e-06
9.725469	-4.856832865e-06
9.730470	-4.607661366e-06
9.735470	-4.291037603e-06
9.740470	-3.899786873e-06
9.745470	-3.494351907e-06
9.750471	-3.165966604e-06
9.755471	-3.004451449e-06
9.760471	-3.067797014e-06
9.765471	-3.335466413e-06
9.770472	-3.706409897e-06
9.775472	-4.053990547e-06
9.780472	-4.257663809e-06
9.785472	-4.210560497e-06
9.790473	-3.871851791e-06
9.795473	-3.317421650e-06
9.800473	-2.685726381e-06
9.805473	-2.070285144e-06
9.810473	-1.491927551e-06
9.815474	-9.428983853e-07
9.820474	-4.089821891e-07
9.825474	1.288824965e-07
9.830474	6.688214357e-07
9.835475	1.172119791e-06
9.840475	1.598774764e-06
9.845475	1.946683631e-06
9.850475	2.235002409e-06
9.855476	2.465426369e-06
9.860476	2.621675517e-06
9.865476	2.691188500e-06
9.870476	2.673230414e-06
9.875477	2.579426859e-06
9.880477	2.434272699e-06
9.885477	2.274042398e-06
9.890477	2.138797356e-06
9.895478	2.055089075e-06
9.900478	2.029456619e-06
9.905478	2.053217014e-06
9.910478	2.103962242e-06
9.915479	2.171545776e-06
9.920479	2.304092552e-06
9.925479	2.581971970e-06
9.930479	3.000464523e-06
9.935480	3.412369815e-06
9.940480	3.638686542e-06
9.945480	3.624413449e-06
9.950480	3.454892050e-06
9.955480	3.239977607e-06
9.960481	3.030874226e-06
9.965481	2.843748476e-06
9.970481	2.693789016e-06
9.975481	2.574013784e-06
9.980482	2.437536829e-06
9.985482	2.216897805e-06
9.990482	1.856472276e-06
9.995482	1.363472797e-06
10.000483	8.414612341e-07
10.005483	4.146177852e-07
10.010483	9.586495756e-08
10.015483	-2.193612615e-07
10.020484	-6.196947741e-07
10.025484	-1.087849780e-06
10.030484	-1.544188047e-06
10.035484	-1.927758335e-06
10.040485	-2.219720715e-06
10.045485	-2.418394146e-06
10.050485	-2.516857620e-06
10.055485	-2.507588007e-06
10.060486	-2.392599651e-06
10.065486	-2.178535218e-06
10.070486	-1.885705786e-06
10.075486	-1.576292476e-06
10.080487	-1.335459534e-06
10.085487	-1.207013200e-06
10.090487	-1.191041077e-06
10.095487	-1.305856778e-06
10.100487	-1.587696960e-06
10.105488	-2.023004636e-06
10.110488	-2.541129973e-06
10.115488	-3.081242979e-06
10.120488	-3.616163612e-06
10.125489	-4.106112575e-06
10.130489	-4.486565290e-06
10.135489	-4.728329981e-06
10.140489	-4.874991100e-06
10.145490	-5.005017994e-06
10.150490	-5.180310005e-06
10.155490	-5.417139523e-06
10.160490	-5.671669621e-06
10.165491	-5.884489751e-06
10.170491	-6.068956586e-06
10.175491	-6.310818497e-06
10.180491	-6.669893652e-06
10.185492	-7.125217958e-06
10.190492	-7.607344699e-06
10.195492	-8.051781054e-06
10.200492	-8.416467592e-06
10.205493	-8.650424173e-06
10.210493	-8.681718550e-06
10.215493	-8.477237578e-06
10.220493	-8.091022159e-06
10.225494	-7.620537258e-06
10.230494	-7.124186872e-06
10.235494	-6.589888039e-06
10.240494	-5.980159476e-06
10.245494	-5.311744929e-06
10.250495	-4.688076534e-06
10.255495	-4.223243468e-06
10.260495	-3.913089857e-06
10.265495	-3.623652437e-06
10.270496	-3.252024214e-06
10.275496	-2.858860584e-06
10.280496	-2.593456573e-06
10.285496	-2.529682124e-06
10.290497	-2.630326353e-06
10.295497	-2.835839132e-06
10.300497	-3.114389337e-06
10.305497	-3.428287999e-06
10.310498	-3.723038942e-06
10.315498	-3.981184500e-06
10.320498	-4.250490601e-06
10.325498	-4.592745805e-06
10.330499	-5.011096106e-06
10.335499	-5.423550978e-06
10.340499	-5.704344418e-06
10.345499	-5.773236277e-06
10.350500	-5.663062840e-06
10.355500	-5.489282879e-06
10.360500	-5.331977570e-06
10.365500	-5.158801087e-06
10.370501	-4.890488286e-06
10.375501	-4.502589629e-06
10.380501	-4.004180621e-06
10.385501	-3.365020896e-06
10.390501	-2.540872589e-06
10.395502	-1.548030253e-06
10.400502	-4.724293255e-07
10.405502	5.733573532e-07
10.410502	1.494245214e-06
10.415503	2.252983455e-06
10.420503	2.881456947e-06
10.425503	3.431657988e-06
10.430503	3.918137758e-06
10.435504	4.328778799e-06
10.440504	4.682748425e-06
10.445504	5.047065256e-06
10.450504	5.480611980e-06
10.455505	5.974022648e-06
10.460505	6.462099442e-06
10.465505	6.884284555e-06
10.470505	7.213861301e-06
10.475506	7.442312479e-06
10.480506	7.559733964e-06
10.485506	7.556482065e-06
10.490506	7.442920687e-06
10.495507	7.261836702e-06
10.500507	7.071359140e-06
10.505507	6.908736240e-06
10.510507	6.774321953e-06
10.515508	6.657415895e-06
10.520508	6.558631611e-06
10.525508	6.471912184e-06
10.530508	6.368509626e-06
10.535508	6.216493548e-06
10.540509	6.017172424e-06
10.545509	5.814266940e-06
10.550509	5.643362682e-06
10.555509	5.487787080e-06
10.560510	5.312855401e-06
10.565510	5.102806573e-06
10.570510	4.842114948e-06
10.575510	4.514528769e-06
10.580511	4.124687224e-06
10.585511	3.675541837e-06
10.590511	3.153394958e-06
10.595511	2.576995477e-06
10.600512	2.021433024e-06
10.605512	1.563753454e-06
10.610512	1.229130702e-06
10.615512	9.888862396e-07
10.620513	7.852443879e-07
10.625513	5.535899004e-07
10.630513	2.399612086e-07
10.635513	-1.769847577e-07
10.640514	-6.779041180e-07
10.645514	-1.225128913e-06
10.650514	-1.784254370e-06
10.655514	-2.327440557e-06
10.660515	-2.840127758e-06
10.665515	-3.323434000e-06
10.670515	-3.776086562e-06
10.675515	-4.192719104e-06
10.680515	-4.596266257e-06
10.685516	-5.046256321e-06
10.690516	-5.590349508e-06
10.695516	-6.210886431e-06
10.700516	-6.821945777e-06
10.705517	-7.323946494e-06
10.710517	-7.676382118e-06
10.715517	-7.907246839e-06
10.720517	-8.044413710e-06
10.725518	-8.088261336e-06
10.730518	-8.069627391e-06
10.735518	-8.065671729e-06
10.740518	-8.127567022e-06
10.745519	-8.233586651e-06
10.750519	-8.327135153e-06
10.755519	-8.381032326e-06
10.760519	-8.425880184e-06
10.765520	-8.520881699e-06
10.770520	-8.674414782e-06
10.775520	-8.783042922e-06
10.780520	-8.686504742e-06
10.785521	-8.316874822e-06
10.790521	-7.771616420e-06
10.795521	-7.214135889e-06
10.800521	-6.738023949e-06
10.805522	-6.352501308e-06
10.810522	-6.035102311e-06
10.815522	-5.747723995e-06
10.820522	-5.441273491e-06
10.825522	-5.072344583e-06
10.830523	-4.611249157e-06
10.835523	-4.070183920e-06
10.840523	-3.526083085e-06
10.845523	-3.054095565e-06
10.850524	-2.645793772e-06
10.855524	-2.247964283e-06
10.860524	-1.848947138e-06
10.865524	-1.470126015e-06
10.870525	-1.114147554e-06
10.875525	-7.765183587e-07
10.880525	-4.709981963e-07
10.885525	-2.128128803e-07
10.890526	-1.258687246e-08
10.895526	1.161172107e-07
10.900526	1.790367544e-07
10.905526	2.135945193e-07
10.910527	2.541718447e-07
10.915527	3.037809380e-07
10.920527	3.557266205e-07
10.925527	4.272864019e-07
10.930528	5.566547855e-07
10.935528	7.687353416e-07
10.940528	1.047507928e-06
10.945528	1.338550628e-06
10.950529	1.572303451e-06
10.955529	1.684712274e-06
10.960529	1.627357412e-06
10.965529	1.377675993e-06
10.970529	9.573535977e-07
10.975530	4.364239769e-07
10.980530	-1.057652926e-07
10.985530	-6.255805367e-07
10.990530	-1.109528772e-06
10.995531	-1.550187667e-06
11.000531	-1.945761483e-06
11.005531	-2.292678898e-06
11.010531	-2.571351220e-06
11.015532	-2.766311749e-06
11.020532	-2.895954262e-06
11.025532	-2.999898140e-06
11.030532	-3.102945247e-06
11.035533	-3.207242438e-06
11.040533	-3.315488066e-06
11.045533	-3.449042032e-06
11.050533	-3.637760052e-06
11.055534	-3.898271666e-06
11.060534	-4.231736971e-06
11.065534	-4.638585896e-06
11.070534	-5.131877221e-06
11.075535	-5.734206821e-06
11.080535	-6.441842787e-06
11.085535	-7.195697928e-06
11.090535	-7.918418935e-06
11.095535	-8.575036507e-06
11.100536	-9.182905964e-06
11.105536	-9.782737239e-06
11.110536	-1.041055724e-05
11.115536	-1.107682716e-05
11.120537	-1.176056184e-05
11.125537	-1.243509218e-05
11.130537	-1.309243743e-05
11.135537	-1.371546405e-05
11.140538	-1.424217335e-05
11.145538	-1.459490697e-05
11.150538	-1.473692556e-05
11.155538	-1.468519976e-05
11.160539	-1.448320887e-05
11.165539	-1.416963696e-05
11.170539	-1.376824876e-05
11.175539	-1.330621253e-05
11.180540	-1.283049845e-05
11.185540	-1.239099003e-05
11.190540	-1.201362218e-05
11.195540	-1.169556598e-05
11.200541	-1.140271845e-05
11.205541	-1.106852777e-05
11.210541	-1.063986852e-05
11.215541	-1.013539966e-05
11.220542	-9.620677971e-06
11.225542	-9.127067537e-06
11.230542	-8.629747563e-06
11.235542	-8.087136817e-06
11.240542	-7.460030367e-06
11.245543	-6.718993951e-06
11.250543	-5.881306786e-06
11.255543	-5.019594599e-06
11.260543	-4.199373061e-06
11.265544	-3.423913118e-06
11.270544	-2.654000661e-06
11.275544	-1.859838936e-06
11.280544	-1.042934330e-06
11.285545	-2.304649305e-07
11.290545	5.350788865e-07
11.295545	1.217636746e-06
11.300545	1.816983239e-06
11.305546	2.372361500e-06
11.310546	2.940518875e-06
11.315546	3.574829266e-06
11.320546	4.300472051e-06
11.325547	5.097073533e-06
11.330547	5.913779499e-06
11.335547	6.681083856e-06
11.340547	7.305139441e-06
11.345548	7.700105814e-06
11.350548	7.849387606e-06
11.355548	7.809255830e-06
11.360548	7.644337712e-06
11.365549	7.381439320e-06
11.370549	7.026426834e-06
11.375549	6.596825655e-06
11.380549	6.117814450e-06
11.385549	5.588266586e-06
11.390550	4.968753338e-06
11.395550	4.222272160e-06
11.400550	3.362016419e-06
11.405550	2.448086976e-06
11.410551	1.547524945e-06
11.415551	6.951415682e-07
11.420551	-1.232857310e-07
11.425551	-9.423970020e-07
11.430552	-1.771707186e-06
11.435552	-2.593031636e-06
11.440552	-3.391529062e-06
11.445552	-4.173512832e-06
11.450553	-4.955360080e-06
11.455553	-5.738527374e-06
11.460553	-6.506798839e-06
11.465553	-7.252632123e-06
11.470554	-7.981514267e-06
11.475554	-8.678473209e-06
11.480554	-9.303640836e-06
11.485554	-9.838923148e-06
11.490555	-1.031231216e-05
11.495555	-1.077835357e-05
11.500555	-1.130274883e-05
11.505555	-1.193788383e-05
11.510556	-1.267632944e-05
11.515556	-1.344633324e-05
11.520556	-1.414909327e-05
11.525556	-1.468605956e-05
11.530556	-1.500851829e-05
11.535557	-1.516627723e-05
11.540557	-1.525333142e-05
11.545557	-1.531327784e-05
11.550557	-1.534407984e-05
11.555558	-1.535767082e-05
11.560558	-1.536654218e-05
11.565558	-1.532431358e-05
11.570558	-1.515149261e-05
11.575559	-1.482685930e-05
11.580559	-1.439025009e-05
11.585559	-1.385645392e-05
11.590559	-1.318702531e-05
11.595560	-1.234566519e-05
11.600560	-1.134362964e-05
11.605560	-1.024504341e-05
11.610560	-9.153313003e-06
11.615561	-8.169382307e-06
11.620561	-7.337708803e-06
11.625561	-6.640774334e-06
11.630561	-6.039437485e-06
11.635562	-5.496585285e-06
11.640562	-4.976959931e-06
11.645562	-4.445642020e-06
11.650562	-3.871889272e-06
11.655563	-3.260195681e-06
11.660563	-2.674176105e-06
11.665563	-2.191006271e-06
11.670563	-1.849829216e-06
11.675563	-1.662631729e-06
11.680564	-1.623837531e-06
11.685564	-1.693708406e-06
11.690564	-1.821945637e-06
11.695564	-1.990289672e-06
11.700565	-2.193634868e-06
11.705565	-2.409678584e-06
11.710565	-2.641943086e-06
11.715565	-2.945049183e-06
11.720566	-3.349339640e-06
11.725566	-3.825318094e-06
11.730566	-4.366516479e-06
11.735566	-5.021273426e-06
11.740567	-5.798840340e-06
11.745567	-6.613236757e-06
11.750567	-7.355017240e-06
11.755567	-7.985524469e-06
11.760568	-8.551893566e-06
11.765568	-9.139727781e-06
11.770568	-9.821077198e-06
11.775568	-1.061618890e-05
11.780569	-1.147094092e-05
11.785569	-1.227874817e-05
11.790569	-1.295329627e-05
11.795569	-1.347048546e-05
11.800570	-1.383091319e-05
11.805570	-1.403713523e-05
11.810570	-1.412986909e-05
11.815570	-1.418628738e-05
11.820570	-1.427102764e-05
11.825571	-1.442439538e-05
11.830571	-1.466650913e-05
11.835571	-1.497602312e-05
11.840571	-1.530065091e-05
11.845572	-1.561305541e-05
11.850572	-1.594043944e-05
11.855572	-1.633854973e-05
11.860572	-1.683110900e-05
11.865573	-1.736395444e-05
11.870573	-1.783905810e-05
11.875573	-1.818633793e-05
11.880573	-1.836282453e-05
11.885574	-1.831537817e-05
11.890574	-1.800964166e-05
11.895574	-1.747471352e-05
11.900574	-1.678162200e-05
11.905575	-1.601015940e-05
11.910575	-1.524346565e-05
11.915575	-1.452852606e-05
11.920575	-1.382376541e-05
11.925576	-1.304524293e-05
11.930576	-1.218072002e-05
11.935576	-1.131170039e-05
11.940576	-1.051765481e-05
11.945577	-9.805352934e-06
11.950577	-9.137471515e-06
11.955577	-8.477481152e-06
11.960577	-7.792162099e-06
11.965577	-7.064550782e-06
11.970578	-6.329620069e-06
11.975578	-5.670553542e-06
11.980578	-5.179932955e-06
11.985578	-4.932398968e-06
11.990579	-4.960322930e-06
11.995579	-5.228625230e-06
12.000579	-5.640554946e-06
12.005579	-6.077703327e-06
12.010580	-6.450863207e-06
12.015580	-6.729786780e-06
12.020580	-6.920156764e-06
12.025580	-7.023259029e-06
12.030581	-7.043700372e-06
12.035581	-7.014212197e-06
12.040581	-6.979012613e-06
12.045581	-6.974461575e-06
12.050582	-7.043069972e-06
12.055582	-7.229820665e-06
12.060582	-7.549700190e-06
12.065582	-7.984347493e-06
12.070583	-8.502359469e-06
12.075583	-9.055691554e-06
12.080583	-9.571130546e-06
12.085583	-9.984353907e-06
12.090584	-1.029597317e-05
12.095584	-1.057222406e-05
12.100584	-1.088162071e-05
12.105584	-1.124725318e-05
12.110584	-1.164484423e-05
12.115585	-1.201992612e-05
12.120585	-1.232055217e-05
12.125585	-1.253215668e-05
12.130585	-1.268320112e-05
12.135586	-1.282434808e-05
12.140586	-1.300935174e-05
12.145586	-1.328270600e-05
12.150586	-1.365960609e-05
12.155587	-1.411294194e-05
12.160587	-1.459401622e-05
12.165587	-1.506440579e-05
12.170587	-1.549603314e-05
12.175588	-1.585232150e-05
12.180588	-1.609065244e-05
12.185588	-1.617904560e-05
12.190588	-1.611004836e-05
12.195589	-1.592719784e-05
12.200589	-1.573589759e-05
12.205589	-1.564339223e-05
12.210589	-1.567957034e-05
12.215590	-1.579157137e-05
12.220590	-1.589372673e-05
12.225590	-1.591193521e-05
12.230590	-1.580412921e-05
12.235591	-1.555518354e-05
12.240591	-1.517638272e-05
12.245591	-1.471854423e-05
12.250591	-1.423797007e-05
12.255591	-1.373925950e-05
12.260592	-1.320368282e-05
12.265592	-1.265738940e-05
12.270592	-1.215604513e-05
12.275592	-1.174028113e-05
12.280593	-1.144641574e-05
12.285593	-1.130159400e-05
12.290593	-1.127509276e-05
12.295593	-1.127246181e-05
12.300594	-1.119158967e-05
12.305594	-1.098936134e-05
12.310594	-1.071371191e-05
12.315594	-1.046533802e-05
12.320595	-1.032438324e-05
12.325595	-1.033283686e-05
12.330595	-1.052381381e-05
12.335595	-1.089988173e-05
12.340596	-1.137363350e-05
12.345596	-1.179220253e-05
12.350596	-1.205194889e-05
12.355596	-1.216944091e-05
12.360597	-1.223911154e-05
12.365597	-1.234517490e-05
12.370597	-1.251302522e-05
12.375597	-1.271234453e-05
12.380598	-1.288590322e-05
12.385598	-1.299264101e-05
12.390598	-1.303750670e-05
12.395598	-1.305249475e-05
12.400598	-1.306877162e-05
12.405599	-1.313061263e-05
12.410599	-1.330115453e-05
12.415599	-1.362272483e-05
12.420599	-1.409441532e-05
12.425600	-1.469271059e-05
12.430600	-1.538692358e-05
12.435600	-1.613591146e-05
12.440600	-1.688114831e-05
12.445601	-1.754072626e-05
12.450601	-1.802629955e-05
12.455601	-1.828409745e-05
12.460601	-1.830636171e-05
12.465602	-1.809922868e-05
12.470602	-1.766554882e-05
12.475602	-1.702389013e-05
12.480602	-1.622299966e-05
12.485603	-1.533662863e-05
12.490603	-1.445598815e-05
12.495603	-1.367056517e-05
12.500603	-1.302613836e-05
12.505604	-1.250179642e-05
12.510604	-1.203992386e-05
12.515604	-1.157957710e-05
12.520604	-1.104741943e-05
12.525605	-1.036402078e-05
12.530605	-9.515367296e-06
12.535605	-8.601481089e-06
12.540605	-7.764838163e-06
12.545605	-7.073373301e-06
12.550606	-6.494398380e-06
12.555606	-5.947074656e-06
12.560606	-5.352146500e-06
12.565606	-4.672595383e-06
12.570607	-3.929561365e-06
12.575607	-3.163581842e-06
12.580607	-2.399520369e-06
12.585607	-1.656774045e-06
12.590608	-9.443775303e-07
12.595608	-2.361970363e-07
12.600608	4.906778129e-07
12.605608	1.187998650e-06
12.610609	1.754703949e-06
12.615609	2.101869249e-06
12.620609	2.174802997e-06
12.625609	1.973133510e-06
12.630610	1.569861271e-06
12.635610	1.053267698e-06
12.640610	4.533593298e-07
12.645610	-2.358988128e-07
12.650611	-9.948093324e-07
12.655611	-1.776210682e-06
12.660611	-2.544872595e-06
12.665611	-3.295845620e-06
12.670612	-4.029933806e-06
12.675612	-4.719279590e-06
12.680612	-5.329653428e-06
12.685612	-5.895356839e-06
12.690612	-6.530525177e-06
12.695613	-7.323584750e-06
12.700613	-8.240300532e-06
12.705613	-9.154981600e-06
12.710613	-9.965773001e-06
12.715614	-1.067034656e-05
12.720614	-1.133637741e-05
12.725614	-1.202303499e-05
12.730614	-1.274255298e-05
12.735615	-1.346539379e-05
12.740615	-1.414801141e-05
12.745615	-1.477502469e-05
12.750615	-1.535114675e-05
12.755616	-1.583039150e-05
12.760616	-1.611385146e-05
12.765616	-1.615114800e-05
12.770616	-1.598634256e-05
12.775617	-1.568468871e-05
12.780617	-1.526136080e-05
12.785617	-1.469625529e-05
12.790617	-1.399109130e-05
12.795618	-1.318106074e-05
12.800618	-1.228777737e-05
12.805618	-1.130937546e-05
12.810618	-1.028447241e-05
12.815619	-9.311391695e-06
12.820619	-8.466498167e-06
12.825619	-7.741469131e-06
12.830619	-7.076682182e-06
12.835619	-6.418177983e-06
12.840620	-5.731571259e-06
12.845620	-5.002179404e-06
12.850620	-4.246810639e-06
12.855620	-3.493979975e-06
12.860621	-2.735854239e-06
12.865621	-1.940248436e-06
12.870621	-1.117420725e-06
12.875621	-3.171263805e-07
12.880622	4.542589103e-07
12.885622	1.267938633e-06
12.890622	2.220367423e-06
12.895622	3.365369429e-06
12.900623	4.679529847e-06
12.905623	6.083386639e-06
12.910623	7.502831119e-06
12.915623	8.905679163e-06
12.920624	1.028362831e-05
12.925624	1.161096885e-05
12.930624	1.282321699e-05
12.935624	1.384776057e-05
12.940625	1.466397255e-05
12.945625	1.530604286e-05
12.950625	1.579359053e-05
12.955625	1.609955059e-05
12.960626	1.621350151e-05
12.965626	1.621103983e-05
12.970626	1.622385445e-05
12.975626	1.633454538e-05
12.980626	1.652163811e-05
12.985627	1.670725545e-05
12.990627	1.681786416e-05
12.995627	1.678764042e-05
13.000627	1.656191615e-05
13.005628	1.614183816e-05
13.010628	1.559651879e-05
13.015628	1.500357942e-05
13.020628	1.438443405e-05
13.025629	1.369095928e-05
13.030629	1.285332380e-05
13.035629	1.185982662e-05
13.040629	1.079182932e-05
13.045630	9.769099049e-06
13.050630	8.864705088e-06
13.055630	8.080734123e-06
13.060630	7.384975033e-06
13.065631	6.740526631e-06
13.070631	6.112206623e-06
13.075631	5.473805225e-06
13.080631	4.809917254e-06
13.085632	4.114237768e-06
13.090632	3.403165344e-06
13.095632	2.713358177e-06
13.100632	2.068215603e-06
13.105633	1.477405575e-06
13.110633	9.643498791e-07
13.115633	5.362732186e-07
13.120633	1.309433272e-07
13.125633	-3.559802818e-07
13.130634	-9.944128931e-07
13.135634	-1.789443389e-06
13.140634	-2.699385208e-06
13.145634	-3.669995488e-06
13.150635	-4.668762870e-06
13.155635	-5.680912798e-06
13.160635	-6.675206743e-06
13.165635	-7.610885038e-06
13.170636	-8.485172558e-06
13.175636	-9.354295890e-06
13.180636	-1.030518645e-05
13.185636	-1.138512834e-05
13.190637	-1.253635418e-05
13.195637	-1.362985726e-05
13.200637	-1.457056649e-05
13.205637	-1.532175292e-05
13.210638	-1.583690226e-05
13.215638	-1.603805733e-05
13.220638	-1.588531537e-05
13.225638	-1.544370325e-05
13.230639	-1.485569736e-05
13.235639	-1.424113317e-05
13.240639	-1.365020187e-05
13.245639	-1.310813727e-05
13.250640	-1.263737618e-05
13.255640	-1.222962568e-05
13.260640	-1.185723968e-05
13.265640	-1.150640216e-05
13.270640	-1.116793759e-05
13.275641	-1.082503700e-05
13.280641	-1.046702133e-05
13.285641	-1.008801957e-05
13.290641	-9.670115992e-06
13.295642	-9.180784329e-06
13.300642	-8.577435335e-06
13.305642	-7.825212721e-06
13.310642	-6.934433868e-06
13.315643	-5.965742838e-06
13.320643	-4.982168717e-06
13.325643	-4.007277756e-06
13.330643	-3.027161911e-06
13.335644	-2.010911169e-06
13.340644	-9.281056429e-07
13.345644	2.270392342e-07
13.350644	1.422784083e-06
13.355645	2.618787578e-06
13.360645	3.796028972e-06
13.365645	4.946377175e-06
13.370645	6.072897353e-06
13.375646	7.228283247e-06
13.380646	8.523334541e-06
13.385646	1.007311507e-05
13.390646	1.192721265e-05
13.395647	1.402474622e-05
13.400647	1.620761667e-05
13.405647	1.830930805e-05
13.410647	2.025395083e-05
13.415647	2.207288999e-05
13.420648	2.383883955e-05
13.425648	2.560051083e-05
13.430648	2.736983477e-05
13.435648	2.913522566e-05
13.440649	3.085864670e-05
13.445649	3.246826822e-05
13.450649	3.388629217e-05
13.455649	3.506541866e-05
13.460650	3.597946117e-05
13.465650	3.660167707e-05
13.470650	3.691614655e-05
13.475650	3.692542313e-05
13.480651	3.663371611e-05
13.485651	3.604719486e-05
13.490651	3.519890109e-05
13.495651	3.415380913e-05
13.500652	3.297365154e-05
13.505652	3.167177529e-05
13.510652	3.021428355e-05
13.515652	2.857209571e-05
13.520653	2.673941829e-05
13.525653	2.470121039e-05
13.530653	2.245367923e-05
13.535653	2.007084566e-05
13.540654	1.767798602e-05
13.545654	1.534155652e-05
13.550654	1.302400526e-05
13.555654	1.063215155e-05
13.560654	8.086432214e-06
13.565655	5.371215063e-06
13.570655	2.530287997e-06
13.575655	-3.959421938e-07
13.580655	-3.404272796e-06
13.585656	-6.486101181e-06
13.590656	-9.593941861e-06
13.595656	-1.268168303e-05
13.600656	-1.574426708e-05
13.605657	-1.878137457e-05
13.610657	-2.173701661e-05
13.615657	-2.449794989e-05
13.620657	-2.695374783e-05
13.625658	-2.906918927e-05
13.630658	-3.090866386e-05
13.635658	-3.257980094e-05
13.640658	-3.416057799e-05
13.645659	-3.569350992e-05
13.650659	-3.720509797e-05
13.655659	-3.867986977e-05
13.660659	-4.002400981e-05
13.665660	-4.108411342e-05
13.670660	-4.172751885e-05
13.675660	-4.191734348e-05
13.680660	-4.169610364e-05
13.685661	-4.108961916e-05
13.690661	-4.004912866e-05
13.695661	-3.850820508e-05
13.700661	-3.647257171e-05
13.705661	-3.400797672e-05
13.710662	-3.116484609e-05
13.715662	-2.798491230e-05
13.720662	-2.455730506e-05
13.725662	-2.100106486e-05
13.730663	-1.741540969e-05
13.735663	-1.386193515e-05
13.740663	-1.033643442e-05
13.745663	-6.754706909e-06
13.750664	-3.016241514e-06
13.755664	9.211653946e-07
13.760664	5.043437224e-06
13.765664	9.316254787e-06
13.770665	1.368276890e-05
13.775665	1.804135083e-05
13.780665	2.226482512e-05
13.785665	2.627242579e-05
13.790666	3.007494045e-05
13.795666	3.371737324e-05
13.800666	3.719333889e-05
13.805666	4.044305732e-05
13.810667	4.340353938e-05
13.815667	4.603517187e-05
13.820667	4.831760090e-05
13.825667	5.023150266e-05
13.830668	5.175074397e-05
13.835668	5.286510264e-05
13.840668	5.359774135e-05
13.845668	5.398224823e-05
13.850668	5.403429844e-05
13.855669	5.374621158e-05
13.860669	5.310584280e-05
13.865669	5.214283167e-05
13.870669	5.094018751e-05
13.875670	4.956180865e-05
13.880670	4.798942172e-05
13.885670	4.615927899e-05
13.890670	4.403014814e-05
13.895671	4.159340034e-05
13.900671	3.885259109e-05
13.905671	3.581578598e-05
13.910671	3.249106741e-05
13.915672	2.888498815e-05
13.920672	2.501665143e-05
13.925672	2.094101272e-05
13.930672	1.675261188e-05
13.935673	1.254465869e-05
13.940673	8.350360597e-06
13.945673	4.128503897e-06
13.950673	-1.866634414e-07
13.955674	-4.614781946e-06
13.960674	-9.089101499e-06
13.965674	-1.346865513e-05
13.970674	-1.760046414e-05
13.975675	-2.139416892e-05
13.980675	-2.484940863e-05
13.985675	-2.801748721e-05
13.990675	-3.094758580e-05
13.995675	-3.366511746e-05
14.000676	-3.616234236e-05
14.005676	-3.837864443e-05
14.010676	-4.020438313e-05
14.015676	-4.153033892e-05
14.020677	-4.230345221e-05
14.025677	-4.254648946e-05
14.030677	-4.234414740e-05
14.035677	-4.180750441e-05
14.040678	-4.101125380e-05
14.045678	-3.993675290e-05
14.050678	-3.850095934e-05
14.055678	-3.665392565e-05
14.060679	-3.440791478e-05
14.065679	-3.178488991e-05
14.070679	-2.881996124e-05
14.075679	-2.561562631e-05
14.080680	-2.230891920e-05
14.085680	-1.897018999e-05
14.090680	-1.557156770e-05
14.095680	-1.205454364e-05
14.100681	-8.417332990e-06
14.105681	-4.737805088e-06
14.110681	-1.112692733e-06
14.115681	2.407748518e-06
14.120682	5.817487903e-06
14.125682	9.117516878e-06
14.130682	1.229133791e-05
14.135682	1.530102593e-05
14.140682	1.811579322e-05
14.145683	2.074759824e-05
14.150683	2.323424165e-05
14.155683	2.558336850e-05
14.160683	2.774691403e-05
14.165684	2.964874242e-05
14.170684	3.121967363e-05
14.175684	3.238753546e-05
14.180684	3.305920254e-05
14.185685	3.317720569e-05
14.190685	3.280180502e-05
14.195685	3.208408109e-05
14.200685	3.115111829e-05
14.205686	3.005471752e-05
14.210686	2.881027803e-05
14.215686	2.742770148e-05
14.220686	2.591400314e-05
14.225687	2.427956601e-05
14.230687	2.253232722e-05
14.235687	2.066938305e-05
14.240687	1.869008482e-05
14.245688	1.659964629e-05
14.250688	1.439330588e-05
14.255688	1.205521718e-05
14.260688	9.580023291e-06
14.265688	7.001638771e-06
14.270689	4.405406311e-06
14.275689	1.893191580e-06
14.280689	-4.813983360e-07
14.285689	-2.736816742e-06
14.290690	-4.922919174e-06
14.295690	-7.072929666e-06
14.300690	-9.194778865e-06
14.305690	-1.127926645e-05
14.310691	-1.327591198e-05
14.315691	-1.506332410e-05
14.320691	-1.649879675e-05
14.325691	-1.751767021e-05
14.330692	-1.816566337e-05
14.335692	-1.855155705e-05
14.340692	-1.877925965e-05
14.345692	-1.888215894e-05
14.350693	-1.879378812e-05
14.355693	-1.840542828e-05
14.360693	-1.767403757e-05
14.365693	-1.666087430e-05
14.370694	-1.546603207e-05
14.375694	-1.416477812e-05
14.380694	-1.280445299e-05
14.385694	-1.141040548e-05
14.390695	-9.997748423e-06
14.395695	-8.599949237e-06
14.400695	-7.250365298e-06
14.405695	-5.928532742e-06
14.410695	-4.566688175e-06
14.415696	-3.103631515e-06
14.420696	-1.501415430e-06
14.425696	2.664317788e-07
14.430696	2.202748651e-06
14.435697	4.264375874e-06
14.440697	6.357197873e-06
14.445697	8.359987552e-06
14.450697	1.018040717e-05
14.455698	1.178183887e-05
14.460698	1.314586296e-05
14.465698	1.425930101e-05
14.470698	1.516267512e-05
14.475699	1.595648800e-05
14.480699	1.672028660e-05
14.485699	1.743816290e-05
14.490699	1.801277012e-05
14.495700	1.834343540e-05
14.500700	1.838188783e-05
14.505700	1.812626890e-05
14.510700	1.760995579e-05
14.515701	1.691509377e-05
14.520701	1.614979694e-05
14.525701	1.538942382e-05
14.530701	1.465529697e-05
14.535702	1.391249886e-05
14.540702	1.306001619e-05
14.545702	1.198567655e-05
14.550702	1.066593309e-05
14.555702	9.181085343e-06
14.560703	7.642126604e-06
14.565703	6.129949823e-06
14.570703	4.682656006e-06
14.575703	3.306733221e-06
14.580704	1.990395905e-06
14.585704	7.079673734e-07
14.590704	-5.729102006e-07
14.595704	-1.862092822e-06
14.600705	-3.128442910e-06
14.605705	-4.335422799e-06
14.610705	-5.490481925e-06
14.615705	-6.644600988e-06
14.620706	-7.848725629e-06
14.625706	-9.092129626e-06
14.630706	-1.024516746e-05
14.635706	-1.108937651e-05
14.640707	-1.146332836e-05
14.645707	-1.136521966e-05
14.650707	-1.089734129e-05
14.655707	-1.017867757e-05
14.660708	-9.340225458e-06
14.665708	-8.529860243e-06
14.670708	-7.861960756e-06
14.675708	-7.358788433e-06
14.680709	-6.938638141e-06
14.685709	-6.470507646e-06
14.690709	-5.872094836e-06
14.695709	-5.172595083e-06
14.700709	-4.480049570e-06
14.705710	-3.881395884e-06
14.710710	-3.369400796e-06
14.715710	-2.864983804e-06
14.720710	-2.286040887e-06
14.725711	-1.576768641e-06
14.730711	-7.115938554e-07
14.735711	2.927953847e-07
14.740711	1.387362828e-06
14.745712	2.520475969e-06
14.750712	3.642660898e-06
14.755712	4.700314719e-06
14.760712	5.654740653e-06
14.765713	6.487173993e-06
14.770713	7.162815229e-06
14.775713	7.630083103e-06
14.780713	7.888874902e-06
14.785714	8.030640741e-06
14.790714	8.176932595e-06
14.795714	8.379861121e-06
14.800714	8.597403324e-06
14.805715	8.750099062e-06
14.810715	8.763975724e-06
14.815715	8.579938518e-06
14.820715	8.184730199e-06
14.825716	7.631748913e-06
14.830716	6.997430613e-06
14.835716	6.323673422e-06
14.840716	5.610414069e-06
14.845716	4.842720600e-06
14.850717	4.013561456e-06
14.855717	3.144407249e-06
14.860717	2.300281120e-06
14.865717	1.557121737e-06
14.870718	9.293542682e-07
14.875718	3.386131947e-07
14.880718	-3.257638388e-07
14.885718	-1.107945818e-06
14.890719	-1.964298020e-06
14.895719	-2.831092229e-06
14.900719	-3.652763345e-06
14.905719	-4.346006933e-06
14.910720	-4.828001564e-06
14.915720	-5.101293032e-06
14.920720	-5.244921037e-06
14.925720	-5.324052673e-06
14.930721	-5.361909325e-06
14.935721	-5.369925084e-06
14.940721	-5.335325313e-06
14.945721	-5.189009045e-06
14.950722	-4.846717106e-06
14.955722	-4.302769804e-06
14.960722	-3.652165830e-06
14.965722	-2.999568476e-06
14.970723	-2.375265064e-06
14.975723	-1.762737858e-06
14.980723	-1.166835558e-06
14.985723	-6.084511695e-07
14.990723	-8.200168088e-08
14.995724	4.276921645e-07
15.000724	9.035311491e-07
15.005724	1.314458972e-06
15.010724	1.647477464e-06
15.015725	1.888855623e-06
15.020725	2.027375550e-06
15.025725	2.103202853e-06
15.030725	2.184511956e-06
15.035726	2.273788542e-06
15.040726	2.309394695e-06
15.045726	2.285536744e-06
15.050726	2.300198360e-06
15.055727	2.447113690e-06
15.060727	2.721468296e-06
15.065727	3.070654620e-06
15.070727	3.483648614e-06
15.075728	3.981602357e-06
15.080728	4.543816674e-06
15.085728	5.085663946e-06
15.090728	5.516089465e-06
15.095729	5.806367517e-06
15.100729	6.006591907e-06
15.105729	6.194882675e-06
15.110729	6.401896395e-06
15.115730	6.590072493e-06
15.120730	6.708990735e-06
15.125730	6.756836921e-06
15.130730	6.775545039e-06
15.135730	6.793198915e-06
15.140731	6.802104693e-06
15.145731	6.804021034e-06
15.150731	6.833083485e-06
15.155731	6.905995329e-06
15.160732	6.987045172e-06
15.165732	7.029699120e-06
15.170732	7.035908757e-06
15.175732	7.067866617e-06
15.180733	7.192497639e-06
15.185733	7.393031248e-06
15.190733	7.557128396e-06
15.195733	7.581233857e-06
15.200734	7.462943790e-06
15.205734	7.274935047e-06
15.210734	7.076353585e-06
15.215734	6.866598399e-06
15.220735	6.614279881e-06
15.225735	6.310882661e-06
15.230735	5.983744872e-06
15.235735	5.681265006e-06
15.240736	5.472082203e-06
15.245736	5.424128211e-06
15.250736	5.543463067e-06
15.255736	5.745634324e-06
15.260737	5.899668782e-06
15.265737	5.901129252e-06
15.270737	5.725478016e-06
15.275737	5.427288691e-06
15.280737	5.082647927e-06
15.285738	4.730001643e-06
15.290738	4.359349024e-06
15.295738	3.939517550e-06
15.300738	3.453319194e-06
15.305739	2.915468502e-06
15.310739	2.353260172e-06
15.315739	1.782069937e-06
15.320739	1.220746554e-06
15.325740	7.043406625e-07
15.330740	2.519587066e-07
15.335740	-1.545883662e-07
15.340740	-5.544054604e-07
15.345741	-9.938978269e-07
15.350741	-1.505238102e-06
15.355741	-2.069919269e-06
15.360741	-2.629819929e-06
15.365742	-3.148228250e-06
15.370742	-3.647053594e-06
15.375742	-4.183416748e-06
15.380742	-4.781110557e-06
15.385743	-5.383687515e-06
15.390743	-5.896546660e-06
15.395743	-6.263843423e-06
15.400743	-6.480729760e-06
15.405744	-6.558715839e-06
15.410744	-6.510031873e-06
15.415744	-6.361818872e-06
15.420744	-6.177158648e-06
15.425744	-6.039989329e-06
15.430745	-6.003376842e-06
15.435745	-6.068559680e-06
15.440745	-6.202468184e-06
15.445745	-6.348693869e-06
15.450746	-6.451477716e-06
15.455746	-6.490789843e-06
15.460746	-6.460244896e-06
15.465746	-6.324488017e-06
15.470747	-6.059079645e-06
15.475747	-5.711487579e-06
15.480747	-5.354990984e-06
15.485747	-4.994323948e-06
15.490748	-4.564543780e-06
15.495748	-4.008694147e-06
15.500748	-3.315126917e-06
15.505748	-2.485456510e-06
15.510749	-1.512628180e-06
15.515749	-4.087465408e-07
15.520749	7.697274975e-07
15.525749	1.936433994e-06
15.530750	3.011114169e-06
15.535750	3.959578275e-06
15.540750	4.816300330e-06
15.545750	5.661883674e-06
15.550751	6.566814014e-06
15.555751	7.543575514e-06
15.560751	8.550639824e-06
15.565751	9.555185178e-06
15.570751	1.057496460e-05
15.575752	1.163040662e-05
15.580752	1.267349026e-05
15.585752	1.358930056e-05
15.590752	1.425655871e-05
15.595753	1.459839228e-05
15.600753	1.459499742e-05
15.605753	1.427824549e-05
15.610753	1.372833032e-05
15.615754	1.304912678e-05
15.620754	1.230937560e-05
15.625754	1.151427525e-05
15.630754	1.064797774e-05
15.635755	9.719002662e-06
15.640755	8.757984513e-06
15.645755	7.797661892e-06
15.650755	6.857315093e-06
15.655756	5.941712553e-06
15.660756	5.064068799e-06
15.665756	4.256200945e-06
15.670756	3.540614120e-06
15.675757	2.909078098e-06
15.680757	2.327983291e-06
15.685757	1.737162772e-06
15.690757	1.058438393e-06
15.695758	2.478180665e-07
15.700758	-6.662074421e-07
15.705758	-1.618996417e-06
15.710758	-2.564373292e-06
15.715758	-3.471242156e-06
15.720759	-4.292872324e-06
15.725759	-4.985806428e-06
15.730759	-5.560380430e-06
15.735759	-6.066669197e-06
15.740760	-6.526938712e-06
15.745760	-6.932090020e-06
15.750760	-7.291478560e-06
15.755760	-7.624379232e-06
15.760761	-7.916335214e-06
15.765761	-8.128637079e-06
15.770761	-8.237473085e-06
15.775761	-8.254626117e-06
15.780762	-8.228617817e-06
15.785762	-8.208450725e-06
15.790762	-8.188120091e-06
15.795762	-8.106710997e-06
15.800763	-7.905893716e-06
15.805763	-7.578501430e-06
15.810763	-7.174162348e-06
15.815763	-6.762365417e-06
15.820764	-6.376724900e-06
15.825764	-5.987296706e-06
15.830764	-5.536841223e-06
15.835764	-5.009817261e-06
15.840765	-4.447448624e-06
15.845765	-3.907519771e-06
15.850765	-3.452699773e-06
15.855765	-3.148175024e-06
15.860765	-3.005973234e-06
15.865766	-2.953820731e-06
15.870766	-2.895045857e-06
15.875766	-2.763313641e-06
15.880766	-2.514032205e-06
15.885767	-2.125389996e-06
15.890767	-1.623971474e-06
15.895767	-1.070445071e-06
15.900767	-5.182090830e-07
15.905768	-1.068793523e-08
15.910768	3.959448240e-07
15.915768	6.424520013e-07
15.920768	7.102597597e-07
15.925769	6.465753463e-07
15.930769	5.257096259e-07
15.935769	3.944540202e-07
15.940769	2.851401412e-07
15.945770	2.514286773e-07
15.950770	3.472869627e-07
15.955770	5.829664807e-07
15.960770	9.107175856e-07
15.965771	1.250117568e-06
15.970771	1.541391581e-06
15.975771	1.778096723e-06
15.980771	1.987464949e-06
15.985772	2.196906929e-06
15.990772	2.421281554e-06
15.995772	2.665377590e-06
16.000772	2.947856502e-06
16.005772	3.315232721e-06
16.010773	3.778846654e-06
16.015773	4.250437005e-06
16.020773	4.619713351e-06
16.025773	4.883011211e-06
16.030774	5.116370949e-06
16.035774	5.349416906e-06
16.040774	5.549623381e-06
16.045774	5.708374665e-06
16.050775	5.875091217e-06
16.055775	6.114815442e-06
16.060775	6.457240649e-06
16.065775	6.866086790e-06
16.070776	7.248315894e-06
16.075776	7.521870724e-06
16.080776	7.683459127e-06
16.085776	7.784061591e-06
16.090777	7.844608473e-06
16.095777	7.846309970e-06
16.100777	7.796912356e-06
16.105777	7.738752999e-06
16.110778	7.697615259e-06
16.115778	7.671521886e-06
16.120778	7.639016159e-06
16.125778	7.547270238e-06
16.130779	7.322533627e-06
16.135779	6.907893520e-06
16.140779	6.298694539e-06
16.145779	5.570187090e-06
16.150779	4.861350676e-06
16.155780	4.294311342e-06
16.160780	3.912529502e-06
16.165780	3.690958944e-06
16.170780	3.549782470e-06
16.175781	3.357859398e-06
16.180781	2.998307483e-06
16.185781	2.456170231e-06
16.190781	1.813800956e-06
16.195782	1.170837335e-06
16.200782	5.933256381e-07
16.205782	1.149109336e-07
16.210782	-2.731552709e-07
16.215783	-6.520650141e-07
16.220783	-1.132462041e-06
16.225783	-1.742238764e-06
16.230783	-2.405862667e-06
16.235784	-3.046672540e-06
16.240784	-3.665730294e-06
16.245784	-4.332454564e-06
16.250784	-5.123758673e-06
16.255785	-6.048187806e-06
16.260785	-7.017730972e-06
16.265785	-7.906283770e-06
16.270785	-8.629637451e-06
16.275786	-9.169833680e-06
16.280786	-9.551250581e-06
16.285786	-9.807489904e-06
16.290786	-9.973152922e-06
16.295786	-1.011141453e-05
16.300787	-1.030769025e-05
16.305787	-1.058461145e-05
16.310787	-1.084904565e-05
16.315787	-1.097248149e-05
16.320788	-1.090228210e-05
16.325788	-1.065391351e-05
16.330788	-1.023758216e-05
16.335788	-9.659821941e-06
16.340789	-8.966705416e-06
16.345789	-8.221631544e-06
16.350789	-7.466697092e-06
16.355789	-6.748510195e-06
16.360790	-6.131914589e-06
16.365790	-5.651902086e-06
16.370790	-5.305665440e-06
16.375790	-5.090055954e-06
16.380791	-4.974941323e-06
16.385791	-4.857191388e-06
16.390791	-4.614745618e-06
16.395791	-4.205109586e-06
16.400792	-3.674414017e-06
16.405792	-3.084154034e-06
16.410792	-2.455753857e-06
16.415792	-1.769466201e-06
16.420793	-9.970386372e-07
16.425793	-1.409035547e-07
16.430793	7.635553836e-07
16.435793	1.691651448e-06
16.440793	2.644337168e-06
16.445794	3.597947607e-06
16.450794	4.485212549e-06
16.455794	5.249649204e-06
16.460794	5.863530423e-06
16.465795	6.290404156e-06
16.470795	6.498234963e-06
16.475795	6.506112074e-06
16.480795	6.382291855e-06
16.485796	6.224334630e-06
16.490796	6.140329050e-06
16.495796	6.187656973e-06
16.500796	6.323209058e-06
16.505797	6.450289470e-06
16.510797	6.503388011e-06
16.515797	6.477985198e-06
16.520797	6.407981920e-06
16.525798	6.310230129e-06
16.530798	6.140140951e-06
16.535798	5.832574423e-06
16.540798	5.376875664e-06
16.545799	4.813466525e-06
16.550799	4.182967435e-06
16.555799	3.525009516e-06
16.560799	2.916077550e-06
16.565800	2.447357540e-06
16.570800	2.133312127e-06
16.575800	1.892338502e-06
16.580800	1.642164481e-06
16.585800	1.356331727e-06
16.590801	1.032852128e-06
16.595801	6.890150612e-07
16.600801	3.850088424e-07
16.605801	1.934845832e-07
16.610802	1.458349126e-07
16.615802	2.179743483e-07
16.620802	3.468900467e-07
16.625802	4.763808032e-07
16.630803	6.126171693e-07
16.635803	8.045395929e-07
16.640803	1.060868522e-06
16.645803	1.329851623e-06
16.650804	1.553726321e-06
16.655804	1.708249258e-06
16.660804	1.800924311e-06
16.665804	1.835800080e-06
16.670805	1.777372612e-06
16.675805	1.583087687e-06
16.680805	1.280964302e-06
16.685805	9.750974650e-07
16.690806	7.574012600e-07
16.695806	6.509904907e-07
16.700806	6.618269878e-07
16.705806	8.274034246e-07
16.710807	1.159294725e-06
16.715807	1.578691310e-06
16.720807	1.962098236e-06
16.725807	2.230492011e-06
16.730807	2.375607912e-06
16.735808	2.438239721e-06
16.740808	2.467579348e-06
16.745808	2.464532245e-06
16.750808	2.381782033e-06
16.755809	2.200209644e-06
16.760809	1.954659592e-06
16.765809	1.658120196e-06
16.770809	1.251114904e-06
16.775810	6.633571525e-07
16.780810	-9.902687584e-08
16.785810	-9.495078306e-07
16.790810	-1.783092078e-06
16.795811	-2.531785879e-06
16.800811	-3.176257159e-06
16.805811	-3.709392837e-06
16.810811	-4.096801128e-06
16.815812	-4.300809794e-06
16.820812	-4.342551770e-06
16.825812	-4.303776806e-06
16.830812	-4.273594287e-06
16.835813	-4.324360313e-06
16.840813	-4.491310771e-06
16.845813	-4.720594746e-06
16.850813	-4.888149453e-06
16.855814	-4.908872094e-06
16.860814	-4.782065682e-06
16.865814	-4.536646928e-06
16.870814	-4.192648142e-06
16.875814	-3.759205606e-06
16.880815	-3.227646564e-06
16.885815	-2.590001961e-06
16.890815	-1.882265672e-06
16.895815	-1.187690316e-06
16.900816	-5.897437156e-07
16.905816	-1.267362897e-07
16.910816	2.170479135e-07
16.915816	4.933893137e-07
16.920817	7.676595527e-07
16.925817	1.099400297e-06
16.930817	1.515673603e-06
16.935817	1.972422701e-06
16.940818	2.356614115e-06
16.945818	2.572511970e-06
16.950818	2.621458294e-06
16.955818	2.573582815e-06
16.960819	2.492331759e-06
16.965819	2.417311468e-06
16.970819	2.387250974e-06
16.975819	2.438833726e-06
16.980820	2.601318074e-06
16.985820	2.909226649e-06
16.990820	3.385559237e-06
16.995820	4.005075364e-06
17.000821	4.701308897e-06
17.005821	5.387062924e-06
17.010821	5.944585152e-06
17.015821	6.257264544e-06
17.020821	6.305095950e-06
17.025822	6.185175078e-06
17.030822	6.009638438e-06
17.035822	5.827854563e-06
17.040822	5.640855988e-06
17.045823	5.427382571e-06
17.050823	5.149677240e-06
17.055823	4.772198559e-06
17.060823	4.290530150e-06
17.065824	3.742201161e-06
17.070824	3.192536779e-06
17.075824	2.713018197e-06
17.080824	2.364763513e-06
17.085825	2.174868183e-06
17.090825	2.110519310e-06
17.095825	2.088757040e-06
17.100825	2.029018167e-06
17.105826	1.902470555e-06
17.110826	1.715225638e-06
17.115826	1.429409696e-06
17.120826	9.448614887e-07
17.125827	2.117214753e-07
17.130827	-6.615869703e-07
17.135827	-1.454834103e-06
17.140827	-1.988982102e-06
17.145828	-2.243247244e-06
17.150828	-2.367260341e-06
17.155828	-2.590134180e-06
17.160828	-3.071599044e-06
17.165828	-3.803933274e-06
17.170829	-4.656828130e-06
17.175829	-5.503001978e-06
17.180829	-6.273873003e-06
17.185829	-6.924464035e-06
17.190830	-7.412632949e-06
17.195830	-7.727589746e-06
17.200830	-7.908852024e-06
17.205830	-8.016641854e-06
17.210831	-8.071273980e-06
17.215831	-8.017846609e-06
17.220831	-7.768968583e-06
17.225831	-7.296738139e-06
17.230832	-6.668985717e-06
17.235832	-5.992709907e-06
17.240832	-5.342432277e-06
17.245832	-4.731287275e-06
17.250833	-4.121019143e-06
17.255833	-3.465012355e-06
17.260833	-2.755882646e-06
17.265833	-2.032182607e-06
17.270834	-1.349494547e-06
17.275834	-7.552857026e-07
17.280834	-2.761180161e-07
17.285834	9.742969931e-08
17.290834	4.210682263e-07
17.295835	7.805159487e-07
17.300835	1.248914635e-06
17.305835	1.848881032e-06
17.310835	2.545007072e-06
17.315836	3.256495696e-06
17.320836	3.886673182e-06
17.325836	4.386571662e-06
17.330836	4.804353462e-06
17.335837	5.232680755e-06
17.340837	5.690758745e-06
17.345837	6.080947991e-06
17.350837	6.265995409e-06
17.355838	6.193458600e-06
17.360838	5.969046449e-06
17.365838	5.801797754e-06
17.370838	5.847303873e-06
17.375839	6.088989883e-06
17.380839	6.361348912e-06
17.385839	6.485593422e-06
17.390839	6.390580214e-06
17.395840	6.104977386e-06
17.400840	5.664437487e-06
17.405840	5.096084121e-06
17.410840	4.492799597e-06
17.415841	4.006894502e-06
17.420841	3.723935908e-06
17.425841	3.579121770e-06
17.430841	3.411078150e-06
17.435841	3.096053395e-06
17.440842	2.655361657e-06
17.445842	2.224299848e-06
17.450842	1.892568983e-06
17.455842	1.611436306e-06
17.460843	1.280588812e-06
17.465843	8.715748754e-07
17.470843	4.295030848e-07
17.475843	-9.407495783e-09
17.480844	-4.552418038e-07
17.485844	-9.181021207e-07
17.490844	-1.359659655e-06
17.495844	-1.713791007e-06
17.500845	-1.942498475e-06
17.505845	-2.062176871e-06
17.510845	-2.124156905e-06
17.515845	-2.160493445e-06
17.520846	-2.129230847e-06
17.525846	-1.928804227e-06
17.530846	-1.497073266e-06
17.535846	-8.837139770e-07
17.540847	-2.007182641e-07
17.545847	4.726287344e-07
17.550847	1.109578314e-06
17.555847	1.698712102e-06
17.560848	2.230829416e-06
17.565848	2.701760368e-06
17.570848	3.094520432e-06
17.575848	3.388895356e-06
17.580848	3.612978952e-06
17.585849	3.843534719e-06
17.590849	4.147285652e-06
17.595849	4.559493658e-06
17.600849	5.101239213e-06
17.605850	5.774556162e-06
17.610850	6.545772450e-06
17.615850	7.347683525e-06
17.620850	8.098758742e-06
17.625851	8.728747891e-06
17.630851	9.174923276e-06
17.635851	9.346122608e-06
17.640851	9.148397155e-06
17.645852	8.582404998e-06
17.650852	7.766491848e-06
17.655852	6.848925646e-06
17.660852	5.931551144e-06
17.665853	5.060505484e-06
17.670853	4.263005992e-06
17.675853	3.604118618e-06
17.680853	3.192792180e-06
17.685854	3.109487503e-06
17.690854	3.351640544e-06
17.695854	3.855294457e-06
17.700854	4.529539838e-06
17.705855	5.267158322e-06
17.710855	5.962863513e-06
17.715855	6.537266282e-06
17.720855	6.944364434e-06
17.725855	7.168113486e-06
17.730856	7.208507578e-06
17.735856	7.066835809e-06
17.740856	6.759366434e-06
17.745856	6.344484645e-06
17.750857	5.908857738e-06
17.755857	5.501334797e-06
17.760857	5.089687373e-06
17.765857	4.605687486e-06
17.770858	4.011751687e-06
17.775858	3.307467537e-06
17.780858	2.521366462e-06
17.785858	1.723417929e-06
17.790859	9.971847604e-07
17.795859	3.770903605e-07
17.800859	-1.555338725e-07
17.805859	-6.169980048e-07
17.810860	-9.844708050e-07
17.815860	-1.193669341e-06
17.820860	-1.154539855e-06
17.825860	-7.983802493e-07
17.830861	-1.443734246e-07
17.835861	6.939865015e-07
17.840861	1.590631617e-06
17.845861	2.461759697e-06
17.850862	3.236205746e-06
17.855862	3.851921019e-06
17.860862	4.313028611e-06
17.865862	4.698697381e-06
17.870862	5.088375732e-06
17.875863	5.480935044e-06
17.880863	5.783115606e-06
17.885863	5.881676634e-06
17.890863	5.734341567e-06
17.895864	5.401068244e-06
17.900864	5.012557459e-06
17.905864	4.713146781e-06
17.910864	4.602892504e-06
17.915865	4.708245154e-06
17.920865	4.996002769e-06
17.925865	5.397531164e-06
17.930865	5.824301100e-06
17.935866	6.205009759e-06
17.940866	6.534164728e-06
17.945866	6.873208350e-06
17.950866	7.297040791e-06
17.955867	7.827476127e-06
17.960867	8.401759304e-06
17.965867	8.919549817e-06
17.970867	9.327061209e-06
17.975868	9.635987120e-06
17.980868	9.875630350e-06
17.985868	1.005373748e-05
17.990868	1.015670103e-05
17.995869	1.018356018e-05
18.000869	1.017044544e-05
18.005869	1.015449657e-05
18.010869	1.013324470e-05
18.015869	1.009998641e-05
18.020870	1.008687841e-05
18.025870	1.012509017e-05
18.030870	1.019389950e-05
18.035870	1.024414081e-05
18.040871	1.024252523e-05
18.045871	1.018464476e-05
18.050871	1.009846034e-05
18.055871	1.003010839e-05
18.060872	9.996177005e-06
18.065872	9.952033082e-06
18.070872	9.828242245e-06
18.075872	9.609312812e-06
18.080873	9.363034673e-06
18.085873	9.176043597e-06
18.090873	9.077066461e-06
18.095873	9.034603190e-06
18.100874	9.003954981e-06
18.105874	8.957012024e-06
18.110874	8.875315247e-06
18.115874	8.746212988e-06
18.120875	8.587650905e-06
18.125875	8.441368767e-06
18.130875	8.313786102e-06
18.135875	8.160563605e-06
18.140876	7.941440326e-06
18.145876	7.649522719e-06
18.150876	7.285269898e-06
18.155876	6.845657513e-06
18.160876	6.345431598e-06
18.165877	5.819602387e-06
18.170877	5.312976447e-06
18.175877	4.881717643e-06
18.180877	4.567211099e-06
18.185878	4.360749118e-06
18.190878	4.252608132e-06
18.195878	4.323188279e-06
18.200878	4.721025527e-06
18.205879	5.522655103e-06
18.210879	6.640394966e-06
18.215879	7.877992325e-06
18.220879	9.058361076e-06
18.225880	1.009825570e-05
18.230880	1.099770726e-05
18.235880	1.179246047e-05
18.240880	1.250833246e-05
18.245881	1.313186637e-05
18.250881	1.360713421e-05
18.255881	1.384987831e-05
18.260881	1.377410689e-05
18.265882	1.335091211e-05
18.270882	1.267099639e-05
18.275882	1.192498832e-05
18.280882	1.129417471e-05
18.285883	1.084919512e-05
18.290883	1.053609892e-05
18.295883	1.025386975e-05
18.300883	9.953177015e-06
18.305883	9.667992083e-06
18.310884	9.480358677e-06
18.315884	9.478761856e-06
18.320884	9.725926279e-06
18.325884	1.022841824e-05
18.330885	1.092832389e-05
18.335885	1.171598822e-05
18.340885	1.244496582e-05
18.345885	1.297485230e-05
18.350886	1.323596733e-05
18.355886	1.325325030e-05
18.360886	1.311786890e-05
18.365886	1.292421336e-05
18.370887	1.269762893e-05
18.375887	1.238778973e-05
18.380887	1.194676005e-05
18.385887	1.139198288e-05
18.390888	1.078467235e-05
18.395888	1.018170702e-05
18.400888	9.624408875e-06
18.405888	9.132320622e-06
18.410889	8.684437283e-06
18.415889	8.242828512e-06
18.420889	7.819284064e-06
18.425889	7.499494091e-06
18.430890	7.378870313e-06
18.435890	7.470928407e-06
18.440890	7.683619736e-06
18.445890	7.879469975e-06
18.450890	7.956160401e-06
18.455891	7.899402209e-06
18.460891	7.786289124e-06
18.465891	7.729364481e-06
18.470891	7.808072227e-06
18.475892	8.041712295e-06
18.480892	8.390923497e-06
18.485892	8.767927710e-06
18.490892	9.070474617e-06
18.495893	9.231310589e-06
18.500893	9.245212979e-06
18.505893	9.160491466e-06
18.510893	9.041226181e-06
18.515894	8.913546156e-06
18.520894	8.750510249e-06
18.525894	8.527531747e-06
18.530894	8.280053551e-06
18.535895	8.092719159e-06
18.540895	8.047530770e-06
18.545895	8.200895038e-06
18.550895	8.589155108e-06
18.555896	9.199769412e-06
18.560896	9.919316219e-06
18.565896	1.055318887e-05
18.570896	1.093688734e-05
18.575897	1.102716795e-05
18.580897	1.088323185e-05
18.585897	1.059546066e-05
18.590897	1.024778659e-05
18.595897	9.903601471e-06
18.600898	9.589813044e-06
18.605898	9.299783654e-06
18.610898	9.018764596e-06
18.615898	8.743013301e-06
18.620899	8.479577450e-06
18.625899	8.223937690e-06
18.630899	7.925014778e-06
18.635899	7.491232535e-06
18.640900	6.853420111e-06
18.645900	6.007906480e-06
18.650900	5.006082083e-06
18.655900	3.934833728e-06
18.660901	2.892478651e-06
18.665901	1.966342131e-06
18.670901	1.243768879e-06
18.675901	8.004071137e-07
18.680902	6.415099059e-07
18.685902	7.072787460e-07
18.690902	9.486562212e-07
18.695902	1.347880947e-06
18.700903	1.879159353e-06
18.705903	2.487693035e-06
18.710903	3.096196486e-06
18.715903	3.637683519e-06
18.720904	4.100370318e-06
18.725904	4.510044220e-06
18.730904	4.859519957e-06
18.735904	5.099816180e-06
18.740904	5.197551969e-06
18.745905	5.167327565e-06
18.750905	5.063779666e-06
18.755905	4.952747157e-06
18.760905	4.871205747e-06
18.765906	4.820651114e-06
18.770906	4.807904930e-06
18.775906	4.875155822e-06
18.780906	5.074407777e-06
18.785907	5.418773484e-06
18.790907	5.880425090e-06
18.795907	6.432546351e-06
18.800907	7.063774029e-06
18.805908	7.758718981e-06
18.810908	8.495432716e-06
18.815908	9.258882075e-06
18.820908	1.003860689e-05
18.825909	1.080882264e-05
18.830909	1.151218598e-05
18.835909	1.206973115e-05
18.840909	1.242200136e-05
18.845910	1.256970556e-05
18.850910	1.256195407e-05
18.855910	1.243374124e-05
18.860910	1.216322866e-05
18.865911	1.168862840e-05
18.870911	1.095811411e-05
18.875911	9.979615580e-06
18.880911	8.838708376e-06
18.885911	7.656962442e-06
18.890912	6.530942085e-06
18.895912	5.527326079e-06
18.900912	4.717987643e-06
18.905912	4.177092843e-06
18.910913	3.934909710e-06
18.915913	3.951053552e-06
18.920913	4.139500961e-06
18.925913	4.412932203e-06
18.930914	4.703542219e-06
18.935914	4.960925202e-06
18.940914	5.157796901e-06
18.945914	5.306956148e-06
18.950915	5.449067245e-06
18.955915	5.604907108e-06
18.960915	5.744602714e-06
18.965915	5.796640265e-06
18.970916	5.678008853e-06
18.975916	5.341403335e-06
18.980916	4.820718550e-06
18.985916	4.222711144e-06
18.990917	3.657462636e-06
18.995917	3.174855574e-06
19.000917	2.778569496e-06
19.005917	2.498793875e-06
19.010918	2.400827232e-06
19.015918	2.488972203e-06
19.020918	2.655587178e-06
19.025918	2.766761681e-06
19.030918	2.763500681e-06
19.035919	2.668111078e-06
19.040919	2.539136008e-06
19.045919	2.434420897e-06
19.050919	2.384378115e-06
19.055920	2.393835594e-06
19.060920	2.479038812e-06
19.065920	2.673590450e-06
19.070920	2.972016183e-06
19.075921	3.306609907e-06
19.080921	3.626446343e-06
19.085921	3.959698082e-06
19.090921	4.341249370e-06
19.095922	4.720971344e-06
19.100922	5.001819043e-06
19.105922	5.128877759e-06
19.110922	5.092172880e-06
19.115923	4.881211444e-06
19.120923	4.478183405e-06
19.125923	3.872640821e-06
19.130923	3.071280844e-06
19.135924	2.108075599e-06
19.140924	1.035946424e-06
19.145924	-8.944296742e-08
19.150924	-1.201648477e-06
19.155925	-2.215939851e-06
19.160925	-3.045541305e-06
19.165925	-3.624914622e-06
19.170925	-3.942745631e-06
19.175925	-4.073983864e-06
19.180926	-4.145872103e-06
19.185926	-4.236597211e-06
19.190926	-4.327543553e-06
19.195926	-4.361772720e-06
19.200927	-4.301945828e-06
19.205927	-4.136661082e-06
19.210927	-3.905940346e-06
19.215927	-3.734240734e-06
19.220928	-3.780709792e-06
19.225928	-4.133131744e-06
19.230928	-4.768281161e-06
19.235928	-5.611587875e-06
19.240929	-6.597531975e-06
19.245929	-7.654327862e-06
19.250929	-8.670155463e-06
19.255929	-9.528743965e-06
19.260930	-1.018091146e-05
19.265930	-1.064310319e-05
19.270930	-1.092079857e-05
19.275930	-1.097197004e-05
19.280931	-1.075055101e-05
19.285931	-1.025656475e-05
19.290931	-9.548082836e-06
19.295931	-8.724137210e-06
19.300932	-7.890854857e-06
19.305932	-7.124191718e-06
19.310932	-6.449881980e-06
19.315932	-5.861144251e-06
19.320932	-5.351974636e-06
19.325933	-4.911454988e-06
19.330933	-4.492653032e-06
19.335933	-4.029330497e-06
19.340933	-3.503707520e-06
19.345934	-2.972466062e-06
19.350934	-2.495255543e-06
19.355934	-2.049645006e-06
19.360934	-1.545599337e-06
19.365935	-9.090521509e-07
19.370935	-1.182943222e-07
19.375935	8.156961935e-07
19.380935	1.836903163e-06
19.385936	2.814303601e-06
19.390936	3.607422212e-06
19.395936	4.199298652e-06
19.400936	4.719177695e-06
19.405937	5.306108789e-06
19.410937	5.983395965e-06
19.415937	6.681326183e-06
19.420937	7.327690599e-06
19.425938	7.885902667e-06
19.430938	8.359841932e-06
19.435938	8.798208720e-06
19.440938	9.263759847e-06
19.445939	9.780827475e-06
19.450939	1.033165838e-05
19.455939	1.089473661e-05
19.460939	1.144377309e-05
19.465939	1.192533467e-05
19.470940	1.230516450e-05
19.475940	1.262662367e-05
19.480940	1.296046218e-05
19.485940	1.330403092e-05
19.490941	1.356844669e-05
19.495941	1.365500268e-05
19.500941	1.352385170e-05
19.505941	1.319299009e-05
19.510942	1.268987933e-05
19.515942	1.202969420e-05
19.520942	1.124574486e-05
19.525942	1.041015610e-05
19.530943	9.597431614e-06
19.535943	8.844758050e-06
19.540943	8.167844669e-06
19.545943	7.587622411e-06
19.550944	7.118450076e-06
19.555944	6.752385603e-06
19.560944	6.474292600e-06
19.565944	6.282814752e-06
19.570945	6.182950653e-06
19.575945	6.165140953e-06
19.580945	6.207082818e-06
19.585945	6.290912743e-06
19.590946	6.406570901e-06
19.595946	6.543829789e-06
19.600946	6.688626267e-06
19.605946	6.820530356e-06
19.610946	6.911707848e-06
19.615947	6.938486556e-06
19.620947	6.896537952e-06
19.625947	6.810933998e-06
19.630947	6.729852441e-06
19.635948	6.677994229e-06
19.640948	6.628732772e-06
19.645948	6.559025655e-06
19.650948	6.483213285e-06
19.655949	6.387844020e-06
19.660949	6.188790311e-06
19.665949	5.788679674e-06
19.670949	5.144785241e-06
19.675950	4.278005669e-06
19.680950	3.243700379e-06
19.685950	2.096664870e-06
19.690950	8.739268194e-07
19.695951	-3.921819932e-07
19.700951	-1.651488965e-06
19.705951	-2.843029198e-06
19.710951	-3.924857577e-06
19.715952	-4.878904254e-06
19.720952	-5.699719092e-06
19.725952	-6.406244325e-06
19.730952	-7.052386097e-06
19.735953	-7.704362821e-06
19.740953	-8.406899321e-06
19.745953	-9.166329087e-06
19.750953	-9.951877805e-06
19.755953	-1.071672059e-05
19.760954	-1.143715554e-05
19.765954	-1.212669482e-05
19.770954	-1.280463834e-05
19.775954	-1.348723282e-05
19.780955	-1.422370680e-05
19.785955	-1.507593124e-05
19.790955	-1.602600341e-05
19.795955	-1.696365081e-05
19.800956	-1.778271743e-05
19.805956	-1.842035308e-05
19.810956	-1.881141443e-05
19.815956	-1.890076518e-05
19.820957	-1.871794280e-05
19.825957	-1.838780447e-05
19.830957	-1.805369632e-05
19.835957	-1.779075822e-05
19.840958	-1.756802723e-05
19.845958	-1.729471155e-05
19.850958	-1.693124116e-05
19.855958	-1.653383390e-05
19.860959	-1.615390070e-05
19.865959	-1.573694149e-05
19.870959	-1.517826019e-05
19.875959	-1.444790634e-05
19.880960	-1.361106920e-05
19.885960	-1.274467461e-05
19.890960	-1.187204826e-05
19.895960	-1.097856131e-05
19.900960	-1.006862205e-05
19.905961	-9.184791831e-06
19.910961	-8.357814351e-06
19.915961	-7.547521471e-06
19.920961	-6.665063090e-06
19.925962	-5.674263796e-06
19.930962	-4.648623875e-06
19.935962	-3.695594291e-06
19.940962	-2.841771580e-06
19.945963	-2.035688157e-06
19.950963	-1.244375200e-06
19.955963	-4.867169305e-07
19.960963	2.185704552e-07
19.965964	8.827166625e-07
19.970964	1.516780694e-06
19.975964	2.092300271e-06
19.980964	2.558383628e-06
19.985965	2.912428453e-06
19.990965	3.213503644e-06
19.995965	3.505985763e-06
20.000965	3.785030682e-06
20.005966	4.047318648e-06
20.010966	4.314629778e-06
20.015966	4.595003588e-06
20.020966	4.860127692e-06
20.025967	5.075713139e-06
20.030967	5.243943393e-06
20.035967	5.407063333e-06
20.040967	5.605164856e-06
20.045967	5.826659168e-06
20.050968	5.994695306e-06
20.055968	6.013816424e-06
20.060968	5.854016670e-06
20.065968	5.584340924e-06
20.070969	5.309680196e-06
20.075969	5.085860737e-06
20.080969	4.893639908e-06
20.085969	4.676535315e-06
20.090970	4.407001578e-06
20.095970	4.117427969e-06
20.100970	3.868392248e-06
20.105970	3.713015726e-06
20.110971	3.692663989e-06
20.115971	3.816796140e-06
20.120971	4.023176364e-06
20.125971	4.195764285e-06
20.130972	4.247785481e-06
20.135972	4.182906237e-06
20.140972	4.092359115e-06
20.145972	4.097823024e-06
20.150973	4.249956614e-06
20.155973	4.466352176e-06
20.160973	4.611684606e-06
20.165973	4.628773112e-06
20.170974	4.544515045e-06
20.175974	4.391308423e-06
20.180974	4.189841569e-06
20.185974	3.974381723e-06
20.190974	3.776249875e-06
20.195975	3.592160079e-06
20.200975	3.386731640e-06
20.205975	3.108343507e-06
20.210975	2.702682236e-06
20.215976	2.146395975e-06
20.220976	1.487580987e-06
20.225976	8.230892713e-07
20.230976	1.914572907e-07
20.235977	-4.987069126e-07
20.240977	-1.388773202e-06
20.245977	-2.526376541e-06
20.250977	-3.829690020e-06
20.255978	-5.171178302e-06
20.260978	-6.460093234e-06
20.265978	-7.649586391e-06
20.270978	-8.692666184e-06
20.275979	-9.526027196e-06
20.280979	-1.011969832e-05
20.285979	-1.051068715e-05
20.290979	-1.075166163e-05
20.295980	-1.084880547e-05
20.300980	-1.077173740e-05
20.305980	-1.050654500e-05
20.310980	-1.008745863e-05
20.315981	-9.593687814e-06
20.320981	-9.130559406e-06
20.325981	-8.796863525e-06
20.330981	-8.644717873e-06
20.335981	-8.671467263e-06
20.340982	-8.847591047e-06
20.345982	-9.123078982e-06
20.350982	-9.408723094e-06
20.355982	-9.598734486e-06
20.360983	-9.628508168e-06
20.365983	-9.490634128e-06
20.370983	-9.201416112e-06
20.375983	-8.781159034e-06
20.380984	-8.258611343e-06
20.385984	-7.646383178e-06
20.390984	-6.913757652e-06
20.395984	-6.037923287e-06
20.400985	-5.077328420e-06
20.405985	-4.155334142e-06
20.410985	-3.379890066e-06
20.415985	-2.788083437e-06
20.420986	-2.347587850e-06
20.425986	-1.986785624e-06
20.430986	-1.614116475e-06
20.435986	-1.143421590e-06
20.440987	-5.457702579e-07
20.445987	1.289224049e-07
20.450987	7.920678593e-07
20.455987	1.357899403e-06
20.460987	1.764317446e-06
20.465988	2.011692540e-06
20.470988	2.180352847e-06
20.475988	2.362605333e-06
20.480988	2.583393058e-06
20.485989	2.811187921e-06
20.490989	3.007695590e-06
20.495989	3.132659075e-06
20.500989	3.138126040e-06
20.505990	3.003418561e-06
20.510990	2.772641660e-06
20.515990	2.538435099e-06
20.520990	2.386946421e-06
20.525991	2.352917355e-06
20.530991	2.404222556e-06
20.535991	2.458339180e-06
20.540991	2.426172775e-06
20.545992	2.264410918e-06
20.550992	2.007278599e-06
20.555992	1.751125339e-06
20.560992	1.599936071e-06
20.565993	1.604019983e-06
20.570993	1.728298567e-06
20.575993	1.887332665e-06
20.580993	2.022641675e-06
20.585994	2.145283966e-06
20.590994	2.316822297e-06
20.595994	2.589321314e-06
20.600994	2.940886789e-06
20.605994	3.267206737e-06
20.610995	3.442506996e-06
20.615995	3.390810013e-06
20.620995	3.124868853e-06
20.625995	2.739936871e-06
20.630996	2.350697986e-06
20.635996	2.007515795e-06
20.640996	1.671595787e-06
20.645996	1.271426965e-06
20.650997	7.715520304e-07
20.655997	1.868134601e-07
20.660997	-4.414875848e-07
20.665997	-1.060233929e-06
20.670998	-1.614889942e-06
20.675998	-2.076529149e-06
20.680998	-2.457619594e-06
20.685998	-2.786192421e-06
20.690999	-3.075383072e-06
20.695999	-3.334482989e-06
20.700999	-3.584290994e-06
20.705999	-3.839444367e-06
20.711000	-4.107024216e-06
20.716000	-4.410001501e-06
20.721000	-4.765589700e-06
20.726000	-5.130122769e-06
20.731001	-5.406973150e-06
20.736001	-5.532355799e-06
20.741001	-5.531012911e-06
20.746001	-5.472829741e-06
20.751001	-5.411912985e-06
20.756002	-5.387727512e-06
20.761002	-5.435842982e-06
20.766002	-5.560868609e-06
20.771002	-5.723645717e-06
20.776003	-5.873270220e-06
20.781003	-5.972450115e-06
20.786003	-5.996689574e-06
20.791003	-5.959419292e-06
20.796004	-5.946378502e-06
20.801004	-6.064072568e-06
20.806004	-6.334206673e-06
20.811004	-6.677930846e-06
20.816005	-7.000485272e-06
20.821005	-7.257591085e-06
20.826005	-7.451848973e-06
20.831005	-7.602202045e-06
20.836006	-7.729540360e-06
20.841006	-7.857148709e-06
20.846006	-7.995432953e-06
20.851006	-8.112033098e-06
20.856007	-8.146936399e-06
20.861007	-8.082410052e-06
20.866007	-7.979125448e-06
20.871007	-7.938134388e-06
20.876008	-8.041210126e-06
20.881008	-8.301454881e-06
20.886008	-8.644427113e-06
20.891008	-8.956390847e-06
20.896008	-9.157365131e-06
20.901009	-9.217062874e-06
20.906009	-9.138342299e-06
20.911009	-8.968580779e-06
20.916009	-8.802429228e-06
20.921010	-8.728647039e-06
20.926010	-8.766585784e-06
20.931010	-8.862161129e-06
20.936010	-8.946427056e-06
20.941011	-8.995909533e-06
20.946011	-9.038640868e-06
20.951011	-9.107999521e-06
20.956011	-9.188334868e-06
20.961012	-9.202462914e-06
20.966012	-9.058948170e-06
20.971012	-8.719636830e-06
20.976012	-8.228444491e-06
20.981013	-7.674287575e-06
20.986013	-7.125947547e-06
20.991013	-6.617875630e-06
20.996013	-6.183971845e-06
21.001014	-5.840647249e-06
21.006014	-5.521441533e-06
21.011014	-5.101412831e-06
21.016014	-4.527118900e-06
21.021015	-3.884419442e-06
21.026015	-3.325391759e-06
21.031015	-2.955733829e-06
21.036015	-2.781261221e-06
21.041015	-2.739797006e-06
21.046016	-2.793940554e-06
21.051016	-2.985399995e-06
21.056016	-3.381140108e-06
21.061016	-3.994249302e-06
21.066017	-4.779056595e-06
21.071017	-5.667870511e-06
21.076017	-6.581278143e-06
21.081017	-7.413458236e-06
21.086018	-8.045365075e-06
21.091018	-8.424595208e-06
21.096018	-8.634568496e-06
21.101018	-8.821927105e-06
21.106019	-9.045666835e-06
21.111019	-9.246494413e-06
21.116019	-9.337458858e-06
21.121019	-9.267693317e-06
21.126020	-9.034118012e-06
21.131020	-8.685134177e-06
21.136020	-8.309049770e-06
21.141020	-8.006537853e-06
21.146021	-7.859021024e-06
21.151021	-7.886302311e-06
21.156021	-8.014536095e-06
21.161021	-8.115301420e-06
21.166022	-8.115846506e-06
21.171022	-8.062407519e-06
21.176022	-8.049012156e-06
21.181022	-8.102073693e-06
21.186022	-8.165491540e-06
21.191023	-8.186400661e-06
21.196023	-8.179084227e-06
21.201023	-8.198109425e-06
21.206023	-8.282838587e-06
21.211024	-8.443285103e-06
21.216024	-8.665735345e-06
21.221024	-8.907757688e-06
21.226024	-9.092125285e-06
21.231025	-9.112265868e-06
21.236025	-8.877006598e-06
21.241025	-8.391332692e-06
21.246025	-7.782115564e-06
21.251026	-7.214757081e-06
21.256026	-6.779675182e-06
21.261026	-6.456404315e-06
21.266026	-6.180100256e-06
21.271027	-5.929817186e-06
21.276027	-5.726696797e-06
21.281027	-5.554093667e-06
21.286027	-5.338995157e-06
21.291028	-5.034250922e-06
21.296028	-4.670984506e-06
21.301028	-4.318967866e-06
21.306028	-4.042597008e-06
21.311029	-3.894217642e-06
21.316029	-3.904560283e-06
21.321029	-4.066850605e-06
21.326029	-4.334837482e-06
21.331029	-4.641248029e-06
21.336030	-4.940689307e-06
21.341030	-5.240273261e-06
21.346030	-5.575885556e-06
21.351030	-5.978997927e-06
21.356031	-6.479752266e-06
21.361031	-7.093737293e-06
21.366031	-7.777112699e-06
21.371031	-8.437251130e-06
21.376032	-9.002275468e-06
21.381032	-9.450099163e-06
21.386032	-9.794346413e-06
21.391032	-1.009021953e-05
21.396033	-1.043104828e-05
21.401033	-1.088775351e-05
21.406033	-1.144590791e-05
21.411033	-1.202511990e-05
21.416034	-1.256257124e-05
21.421034	-1.306154415e-05
21.426034	-1.356772982e-05
21.431034	-1.412554454e-05
21.436035	-1.475543734e-05
21.441035	-1.544124891e-05
21.446035	-1.612473730e-05
21.451035	-1.673899426e-05
21.456036	-1.726759898e-05
21.461036	-1.775917297e-05
21.466036	-1.828116059e-05
21.471036	-1.887169757e-05
21.476036	-1.952820790e-05
21.481037	-2.021057904e-05
21.486037	-2.083303950e-05
21.491037	-2.126844150e-05
21.496037	-2.140421084e-05
21.501038	-2.122662407e-05
21.506038	-2.084406387e-05
21.511038	-2.039916346e-05
21.516038	-1.994496469e-05
21.521039	-1.940976508e-05
21.526039	-1.866774091e-05
21.531039	-1.763134959e-05
21.536039	-1.630966521e-05
21.541040	-1.480404881e-05
21.546040	-1.322449318e-05
21.551040	-1.160954107e-05
21.556040	-9.959215285e-06
21.561041	-8.325601635e-06
21.566041	-6.811066847e-06
21.571041	-5.479835453e-06
21.576041	-4.321487251e-06
21.581042	-3.291081322e-06
21.586042	-2.340866763e-06
21.591042	-1.432164354e-06
21.596042	-5.536196379e-07
21.601043	2.897296338e-07
21.606043	1.118296658e-06
21.611043	1.977695233e-06
21.616043	2.889835743e-06
21.621043	3.835056416e-06
21.626044	4.781982472e-06
21.631044	5.703905998e-06
21.636044	6.570202097e-06
21.641044	7.347204472e-06
21.646045	8.009202087e-06
21.651045	8.549090932e-06
21.656045	8.977187448e-06
21.661045	9.294470757e-06
21.666046	9.467053172e-06
21.671046	9.430739932e-06
21.676046	9.115539788e-06
21.681046	8.486022523e-06
21.686047	7.585633999e-06
21.691047	6.528439719e-06
21.696047	5.424538304e-06
21.701047	4.326652923e-06
21.706048	3.249441183e-06
21.711048	2.199524837e-06
21.716048	1.177800749e-06
21.721048	1.807159342e-07
21.726049	-7.915529816e-07
21.731049	-1.720169406e-06
21.736049	-2.551115108e-06
21.741049	-3.214703953e-06
21.746050	-3.687202043e-06
21.751050	-4.027637728e-06
21.756050	-4.341683324e-06
21.761050	-4.714598774e-06
21.766050	-5.174767655e-06
21.771051	-5.705510930e-06
21.776051	-6.282777403e-06
21.781051	-6.886754433e-06
21.786051	-7.486621374e-06
21.791052	-8.065170778e-06
21.796052	-8.669887933e-06
21.801052	-9.395395740e-06
21.806052	-1.030277062e-05
21.811053	-1.137798848e-05
21.816053	-1.255285812e-05
21.821053	-1.373302732e-05
21.826053	-1.482110304e-05
21.831054	-1.574838946e-05
21.836054	-1.649838350e-05
21.841054	-1.710617580e-05
21.846054	-1.763605373e-05
21.851055	-1.815474290e-05
21.856055	-1.872338803e-05
21.861055	-1.938955713e-05
21.866055	-2.015650246e-05
21.871056	-2.097845055e-05
21.876056	-2.179934957e-05
21.881056	-2.256481275e-05
21.886056	-2.320734105e-05
21.891057	-2.367895835e-05
21.896057	-2.400535380e-05
21.901057	-2.426271679e-05
21.906057	-2.448893009e-05
21.911057	-2.464913554e-05
21.916058	-2.469126418e-05
21.921058	-2.459717591e-05
21.926058	-2.438137592e-05
21.931058	-2.409267704e-05
21.936059	-2.381735449e-05
21.941059	-2.361568235e-05
21.946059	-2.344451170e-05
21.951059	-2.318709956e-05
21.956060	-2.274466598e-05
21.961060	-2.206225667e-05
21.966060	-2.112035721e-05
21.971060	-1.996463792e-05
21.976061	-1.870541456e-05
21.981061	-1.744290779e-05
21.986061	-1.620994996e-05
21.991061	-1.499546634e-05
21.996062	-1.380015563e-05
22.001062	-1.266302129e-05
22.006062	-1.165523300e-05
22.011062	-1.085147792e-05
22.016063	-1.028409427e-05
22.021063	-9.915853341e-06
22.026063	-9.663130088e-06
22.031063	-9.452024296e-06
22.036064	-9.251882833e-06
22.041064	-9.054132540e-06
22.046064	-8.849391381e-06
22.051064	-8.648076215e-06
22.056064	-8.487653987e-06
22.061065	-8.388640664e-06
22.066065	-8.323533620e-06
22.071065	-8.243538029e-06
22.076065	-8.115277236e-06
22.081066	-7.926810790e-06
22.086066	-7.689136874e-06
22.091066	-7.438555604e-06
22.096066	-7.205470959e-06
22.101067	-6.978044773e-06
22.106067	-6.716130224e-06
22.111067	-6.388463187e-06
22.116067	-5.988222781e-06
22.121068	-5.524849126e-06
22.126068	-5.010598674e-06
22.131068	-4.484284450e-06
22.136068	-4.044443500e-06
22.141069	-3.795289206e-06
22.146069	-3.752952661e-06
22.151069	-3.852301918e-06
22.156069	-4.025976296e-06
22.161070	-4.227465636e-06
22.166070	-4.409809903e-06
22.171070	-4.542688742e-06
22.176070	-4.644171578e-06
22.181071	-4.772057661e-06
22.186071	-4.977151350e-06
22.191071	-5.245288190e-06
22.196071	-5.488626476e-06
22.201071	-5.616409357e-06
22.206072	-5.601911497e-06
22.211072	-5.476460355e-06
22.216072	-5.295082129e-06
22.221072	-5.117800409e-06
22.226073	-4.995484736e-06
22.231073	-4.956646638e-06
22.236073	-5.001215101e-06
22.241073	-5.098104897e-06
22.246074	-5.190560633e-06
22.251074	-5.225779486e-06
22.256074	-5.201221036e-06
22.261074	-5.174204544e-06
22.266075	-5.209728797e-06
22.271075	-5.323299141e-06
22.276075	-5.490282604e-06
22.281075	-5.709668533e-06
22.286076	-6.027239337e-06
22.291076	-6.476962787e-06
22.296076	-7.021577930e-06
22.301076	-7.583843572e-06
22.306077	-8.139628227e-06
22.311077	-8.743376672e-06
22.316077	-9.446686028e-06
22.321077	-1.022526735e-05
22.326078	-1.100284862e-05
22.331078	-1.173053246e-05
22.336078	-1.242537342e-05
22.341078	-1.313529612e-05
22.346078	-1.388702731e-05
22.351079	-1.466625575e-05
22.356079	-1.542914808e-05
22.361079	-1.612797840e-05
22.366079	-1.673437695e-05
22.371080	-1.725186518e-05
22.376080	-1.770896624e-05
22.381080	-1.813069195e-05
22.386080	-1.851289702e-05
22.391081	-1.882804119e-05
22.396081	-1.905089778e-05
22.401081	-1.916003759e-05
22.406081	-1.911599297e-05
22.411082	-1.887599667e-05
22.416082	-1.844745611e-05
22.421082	-1.790106377e-05
22.426082	-1.733005186e-05
22.431083	-1.681753042e-05
22.436083	-1.641280786e-05
22.441083	-1.609886103e-05
22.446083	-1.580017534e-05
22.451084	-1.545391836e-05
22.456084	-1.507356411e-05
22.461084	-1.471361238e-05
22.466084	-1.435703715e-05
22.471085	-1.387668300e-05
22.476085	-1.313572779e-05
22.481085	-1.209670993e-05
22.486085	-1.082305991e-05
22.491085	-9.411301782e-06
22.496086	-7.934210158e-06
22.501086	-6.432257248e-06
22.506086	-4.948005954e-06
22.511086	-3.547435776e-06
22.516087	-2.281485633e-06
22.521087	-1.129944463e-06
22.526087	-1.262552888e-08
22.531087	1.132418694e-06
22.536088	2.304650183e-06
22.541088	3.474674620e-06
22.546088	4.623406329e-06
22.551088	5.736719823e-06
22.556089	6.778159486e-06
22.561089	7.666135441e-06
22.566089	8.287590367e-06
22.571089	8.576636158e-06
22.576090	8.590715499e-06
22.581090	8.469435629e-06
22.586090	8.309119054e-06
22.591090	8.113596890e-06
22.596091	7.859287727e-06
22.601091	7.550782061e-06
22.606091	7.205489628e-06
22.611091	6.824815471e-06
22.616092	6.394479554e-06
22.621092	5.909600297e-06
22.626092	5.392740625e-06
22.631092	4.870471733e-06
22.636092	4.342851123e-06
22.641093	3.800431048e-06
22.646093	3.252104495e-06
22.651093	2.711005656e-06
22.656093	2.175543810e-06
22.661094	1.636437557e-06
22.666094	1.071381329e-06
22.671094	4.449085897e-07
22.676094	-2.438489512e-07
22.681095	-9.511470412e-07
22.686095	-1.663587442e-06
22.691095	-2.416663269e-06
22.696095	-3.206702943e-06
22.701096	-3.951853539e-06
22.706096	-4.562881394e-06
22.711096	-5.014885462e-06
22.716096	-5.358980590e-06
22.721097	-5.688862932e-06
22.726097	-6.073758456e-06
22.731097	-6.517647076e-06
22.736097	-7.004179774e-06
22.741098	-7.539136042e-06
22.746098	-8.095024176e-06
22.751098	-8.564233553e-06
22.756098	-8.835610469e-06
22.761099	-8.895282554e-06
22.766099	-8.811263343e-06
22.771099	-8.634689145e-06
22.776099	-8.355719265e-06
22.781099	-7.957783543e-06
22.786100	-7.479226918e-06
22.791100	-7.006255166e-06
22.796100	-6.613258464e-06
22.801100	-6.308678980e-06
22.806101	-6.035560730e-06
22.811101	-5.719683596e-06
22.816101	-5.309233460e-06
22.821101	-4.781300378e-06
22.826102	-4.141568549e-06
22.831102	-3.430422269e-06
22.836102	-2.712682761e-06
22.841102	-2.045792278e-06
22.846103	-1.455411224e-06
22.851103	-9.314840724e-07
22.856103	-4.354435087e-07
22.861103	7.995304393e-08
22.866104	6.436973457e-07
22.871104	1.261620740e-06
22.876104	1.932869208e-06
22.881104	2.645432234e-06
22.886105	3.348525049e-06
22.891105	3.950174297e-06
22.896105	4.352367408e-06
22.901105	4.502144894e-06
22.906106	4.442063438e-06
22.911106	4.307240217e-06
22.916106	4.237816865e-06
22.921106	4.299874565e-06
22.926106	4.493364312e-06
22.931107	4.776521108e-06
22.936107	5.060767122e-06
22.941107	5.248123218e-06
22.946107	5.303244934e-06
22.951108	5.255670927e-06
22.956108	5.144721076e-06
22.961108	5.004672330e-06
22.966108	4.880211752e-06
22.971109	4.801165015e-06
22.976109	4.743096852e-06
22.981109	4.650853997e-06
22.986109	4.503183847e-06
22.991110	4.327765569e-06
22.996110	4.154238263e-06
23.001110	3.971699431e-06
23.006110	3.731014433e-06
23.011111	3.384584325e-06
23.016111	2.935787084e-06
23.021111	2.461333154e-06
23.026111	2.077749952e-06
23.031112	1.861028394e-06
23.036112	1.794194694e-06
23.041112	1.806145597e-06
23.046112	1.832432857e-06
23.051113	1.809576782e-06
23.056113	1.666317963e-06
23.061113	1.383576644e-06
23.066113	1.046006550e-06
23.071113	7.946036710e-07
23.076114	7.183044169e-07
23.081114	8.041876646e-07
23.086114	9.957821650e-07
23.091114	1.266018001e-06
23.096115	1.609811309e-06
23.101115	1.990852865e-06
23.106115	2.325885696e-06
23.111115	2.523333256e-06
23.116116	2.543486767e-06
23.121116	2.449983206e-06
23.126116	2.390729599e-06
23.131116	2.471934662e-06
23.136117	2.664289507e-06
23.141117	2.877426661e-06
23.146117	3.074086628e-06
23.151117	3.259832526e-06
23.156118	3.413667405e-06
23.161118	3.481638210e-06
23.166118	3.434226268e-06
23.171118	3.311986342e-06
23.176119	3.195099929e-06
23.181119	3.135569208e-06
23.186119	3.152296289e-06
23.191119	3.269691573e-06
23.196120	3.496277184e-06
23.201120	3.771925782e-06
23.206120	3.996983178e-06
23.211120	4.113758747e-06
23.216120	4.129219635e-06
23.221121	4.084633074e-06
23.226121	4.028200911e-06
23.231121	3.988283030e-06
23.236121	3.954589267e-06
23.241122	3.904758033e-06
23.246122	3.856107986e-06
23.251122	3.857855985e-06
23.256122	3.909015731e-06
23.261123	3.928609201e-06
23.266123	3.851144948e-06
23.271123	3.695559681e-06
23.276123	3.494009068e-06
23.281124	3.237323860e-06
23.286124	2.938754090e-06
23.291124	2.664048491e-06
23.296124	2.464409172e-06
23.301125	2.342827421e-06
23.306125	2.292366456e-06
23.311125	2.323982791e-06
23.316125	2.458979487e-06
23.321126	2.706943275e-06
23.326126	3.033895360e-06
23.331126	3.354444984e-06
23.336126	3.588140968e-06
23.341127	3.729379205e-06
23.346127	3.841239030e-06
23.351127	3.988213452e-06
23.356127	4.195627849e-06
23.361127	4.469562509e-06
23.366128	4.827049817e-06
23.371128	5.266163802e-06
23.376128	5.706786815e-06
23.381128	6.011240548e-06
23.386129	6.087150850e-06
23.391129	5.957958646e-06
23.396129	5.728750428e-06
23.401129	5.492024330e-06
23.406130	5.273573994e-06
23.411130	5.056661089e-06
23.416130	4.832946521e-06
23.421130	4.617543436e-06
23.426131	4.416805227e-06
23.431131	4.197744136e-06
23.436131	3.916788706e-06
23.441131	3.582026546e-06
23.446132	3.256003634e-06
23.451132	2.987826841e-06
23.456132	2.766799581e-06
23.461132	2.542748087e-06
23.466133	2.266654947e-06
23.471133	1.914689246e-06
23.476133	1.503298096e-06
23.481133	1.089372846e-06
23.486134	7.392520855e-07
23.491134	4.920663323e-07
23.496134	3.569618308e-07
23.501134	3.383140626e-07
23.506134	4.382475108e-07
23.511135	6.188447809e-07
23.516135	7.932653252e-07
23.521135	8.886258611e-07
23.526135	9.054205553e-07
23.531136	9.047203271e-07
23.536136	9.607438410e-07
23.541136	1.127372909e-06
23.546136	1.409795246e-06
23.551137	1.759839365e-06
23.556137	2.127217797e-06
23.561137	2.496400517e-06
23.566137	2.849365866e-06
23.571138	3.139867998e-06
23.576138	3.343874845e-06
23.581138	3.507345855e-06
23.586138	3.710483055e-06
23.591139	3.980518624e-06
23.596139	4.250958100e-06
23.601139	4.425309083e-06
23.606139	4.480858713e-06
23.611140	4.482830380e-06
23.616140	4.501725335e-06
23.621140	4.563689428e-06
23.626140	4.680068126e-06
23.631140	4.866734176e-06
23.636141	5.116825194e-06
23.641141	5.383373512e-06
23.646141	5.596447673e-06
23.651141	5.694562507e-06
23.656142	5.656671493e-06
23.661142	5.510286577e-06
23.666142	5.296612283e-06
23.671142	5.033877255e-06
23.676143	4.729015201e-06
23.681143	4.416434803e-06
23.686143	4.152918633e-06
23.691143	3.946259229e-06
23.696144	3.720337966e-06
23.701144	3.406903236e-06
23.706144	3.039436751e-06
23.711144	2.696802231e-06
23.716145	2.401040431e-06
23.721145	2.125215883e-06
23.726145	1.852009515e-06
23.731145	1.589263294e-06
23.736146	1.366555042e-06
23.741146	1.215980120e-06
23.746146	1.125661096e-06
23.751146	1.035883282e-06
23.756147	8.989562993e-07
23.761147	7.164609075e-07
23.766147	5.154226718e-07
23.771147	3.090181426e-07
23.776147	8.811286076e-08
23.781148	-1.455237696e-07
23.786148	-3.561383675e-07
23.791148	-5.149793805e-07
23.796148	-6.446349078e-07
23.801149	-7.899315143e-07
23.806149	-9.705183029e-07
23.811149	-1.179361999e-06
23.816149	-1.391338744e-06
23.821150	-1.553972005e-06
23.826150	-1.589092633e-06
23.831150	-1.426827981e-06
23.836150	-1.044898875e-06
23.841151	-4.653711612e-07
23.846151	2.750717384e-07
23.851151	1.119651520e-06
23.856151	1.970813757e-06
23.861152	2.719274313e-06
23.866152	3.286676671e-06
23.871152	3.618804225e-06
23.876152	3.682236761e-06
23.881153	3.508414179e-06
23.886153	3.197847458e-06
23.891153	2.849259298e-06
23.896153	2.517263031e-06
23.901154	2.228833684e-06
23.906154	1.990671279e-06
23.911154	1.796227753e-06
23.916154	1.655438523e-06
23.921154	1.593523174e-06
23.926155	1.612981074e-06
23.931155	1.676244819e-06
23.936155	1.715259683e-06
23.941155	1.656971017e-06
23.946156	1.477961568e-06
23.951156	1.235915687e-06
23.956156	1.015876145e-06
23.961156	8.604941833e-07
23.966157	7.601114100e-07
23.971157	6.687022439e-07
23.976157	5.290889866e-07
23.981157	3.202005553e-07
23.986158	7.890892480e-08
23.991158	-1.341928697e-07
23.996158	-2.805845602e-07
24.001158	-3.559508273e-07
24.006159	-3.654015123e-07
24.011159	-3.036423696e-07
24.016159	-1.782161914e-07
24.021159	-2.538793056e-08
24.026160	1.312340299e-07
24.031160	3.120189759e-07
24.036160	5.463850223e-07
24.041160	8.281923578e-07
24.046161	1.113739179e-06
24.051161	1.348360680e-06
24.056161	1.505354101e-06
24.061161	1.612902040e-06
24.066161	1.729165502e-06
24.071162	1.890784853e-06
24.076162	2.096364571e-06
24.081162	2.323783262e-06
24.086162	2.549851971e-06
24.091163	2.758267664e-06
24.096163	2.929076872e-06
24.101163	3.028724226e-06
24.106163	3.035958449e-06
24.111164	2.984612546e-06
24.116164	2.954034645e-06
24.121164	2.997932389e-06
24.126164	3.084809522e-06
24.131165	3.106392237e-06
24.136165	2.941467535e-06
24.141165	2.518995150e-06
24.146165	1.845141379e-06
24.151166	9.991413828e-07
24.156166	1.036733554e-07
24.161166	-7.146066813e-07
24.166166	-1.355475317e-06
24.171167	-1.771022034e-06
24.176167	-1.980103271e-06
24.181167	-2.058242156e-06
24.186167	-2.113044262e-06
24.191168	-2.252284292e-06
24.196168	-2.544945016e-06
24.201168	-2.990210856e-06
24.206168	-3.518780609e-06
24.211168	-4.036566455e-06
24.216169	-4.474698574e-06
24.221169	-4.791917104e-06
24.226169	-4.944482393e-06
24.231169	-4.885945509e-06
24.236170	-4.603164404e-06
24.241170	-4.140034779e-06
24.246170	-3.578989726e-06
24.251170	-2.994805153e-06
24.256171	-2.412945389e-06
24.261171	-1.804585030e-06
24.266171	-1.127931510e-06
24.271171	-3.682037406e-07
24.276172	4.681293767e-07
24.281172	1.376606100e-06
24.286172	2.352865367e-06
24.291172	3.369419434e-06
24.296173	4.368917181e-06
24.301173	5.288905893e-06
24.306173	6.082071486e-06
24.311173	6.721067465e-06
24.316174	7.218763190e-06
24.321174	7.639296007e-06
24.326174	8.059317061e-06
24.331174	8.528972488e-06
24.336175	9.075657492e-06
24.341175	9.695494095e-06
24.346175	1.030780381e-05
24.351175	1.074824662e-05
24.356175	1.085514575e-05
24.361176	1.059219196e-05
24.366176	1.008511374e-05
24.371176	9.518128494e-06
24.376176	9.005654607e-06
24.381177	8.585078985e-06
24.386177	8.273963373e-06
24.391177	8.063077824e-06
24.396177	7.890548295e-06
24.401178	7.668700520e-06
24.406178	7.319209352e-06
24.411178	6.806926054e-06
24.416178	6.193895038e-06
24.421179	5.633754895e-06
24.426179	5.255323633e-06
24.431179	5.063432240e-06
24.436179	4.977688305e-06
24.441180	4.933391741e-06
24.446180	4.915294389e-06
24.451180	4.917896208e-06
24.456180	4.913804718e-06
24.461181	4.873043539e-06
24.466181	4.785721814e-06
24.471181	4.643724319e-06
24.476181	4.410539010e-06
24.481182	4.019392921e-06
24.486182	3.414562808e-06
24.491182	2.616222474e-06
24.496182	1.731384418e-06
24.501182	8.832436291e-07
24.506183	1.539931444e-07
24.511183	-4.120085293e-07
24.516183	-8.038359422e-07
24.521183	-1.051474931e-06
24.526184	-1.218067809e-06
24.531184	-1.379236640e-06
24.536184	-1.589408763e-06
24.541184	-1.854261972e-06
24.546185	-2.148387243e-06
24.551185	-2.448478153e-06
24.556185	-2.721258867e-06
24.561185	-2.895565691e-06
24.566186	-2.887205721e-06
24.571186	-2.665198059e-06
24.576186	-2.291215011e-06
24.581186	-1.898624757e-06
24.586187	-1.631477616e-06
24.591187	-1.572084295e-06
24.596187	-1.697809163e-06
24.601187	-1.911050282e-06
24.606188	-2.099048934e-06
24.611188	-2.154960980e-06
24.616188	-1.998062348e-06
24.621188	-1.623282627e-06
24.626189	-1.111675220e-06
24.631189	-5.800487669e-07
24.636189	-1.332125320e-07
24.641189	1.578391970e-07
24.646189	2.750087335e-07
24.651190	2.599235275e-07
24.656190	1.877928367e-07
24.661190	1.338747422e-07
24.666190	1.626254613e-07
24.671191	3.165528193e-07
24.676191	5.874691534e-07
24.681191	9.131787811e-07
24.686191	1.225722800e-06
24.691192	1.501961798e-06
24.696192	1.757113798e-06
24.701192	2.002084208e-06
24.706192	2.237963367e-06
24.711193	2.478107571e-06
24.716193	2.740362522e-06
24.721193	3.037057950e-06
24.726193	3.378913395e-06
24.731194	3.750147607e-06
24.736194	4.093137340e-06
24.741194	4.357419375e-06
24.746194	4.541529852e-06
24.751195	4.656777682e-06
24.756195	4.679669944e-06
24.761195	4.571738747e-06
24.766195	4.336343363e-06
24.771196	4.040208389e-06
24.776196	3.766242712e-06
24.781196	3.543950004e-06
24.786196	3.358696630e-06
24.791196	3.233286572e-06
24.796197	3.242092376e-06
24.801197	3.428891878e-06
24.806197	3.755136173e-06
24.811197	4.125467820e-06
24.816198	4.441159358e-06
24.821198	4.663178025e-06
24.826198	4.844232839e-06
24.831198	5.076092053e-06
24.836199	5.403207989e-06
24.841199	5.786830360e-06
24.846199	6.132643070e-06
24.851199	6.362674031e-06
24.856200	6.474156377e-06
24.861200	6.511824497e-06
24.866200	6.501337015e-06
24.871200	6.450178641e-06
24.876201	6.379440930e-06
24.881201	6.293086707e-06
24.886201	6.134223786e-06
24.891201	5.830903896e-06
24.896202	5.389689583e-06
24.901202	4.914954427e-06
24.906202	4.546060281e-06
24.911202	4.384105065e-06
24.916203	4.432394348e-06
24.921203	4.581146578e-06
24.926203	4.686641032e-06
24.931203	4.688749907e-06
24.936203	4.639717042e-06
24.941204	4.622798625e-06
24.946204	4.669196099e-06
24.951204	4.763602889e-06
24.956204	4.895903216e-06
24.961205	5.062523627e-06
24.966205	5.228095379e-06
24.971205	5.334869200e-06
24.976205	5.365806324e-06
24.981206	5.382411915e-06
24.986206	5.489548051e-06
24.991206	5.754588502e-06
24.996206	6.155591138e-06
25.001207	6.605745720e-06
25.006207	7.010589684e-06
25.011207	7.303298898e-06
25.016207	7.459887227e-06
25.021208	7.488125683e-06
25.026208	7.403367207e-06
25.031208	7.250371917e-06
25.036208	7.136424660e-06
25.041209	7.179871585e-06
25.046209	7.418318731e-06
25.051209	7.791219668e-06
25.056209	8.192147964e-06
25.061210	8.531833284e-06
25.066210	8.795182474e-06
25.071210	9.045511168e-06
25.076210	9.340917617e-06
25.081210	9.653576082e-06
25.086211	9.880849630e-06
25.091211	9.907650342e-06
25.096211	9.662861637e-06
25.101211	9.151106828e-06
25.106212	8.435408800e-06
25.111212	7.602017123e-06
25.116212	6.768597372e-06
25.121212	6.093025774e-06
25.126213	5.708087633e-06
25.131213	5.627115977e-06
25.136213	5.732080089e-06
25.141213	5.869356239e-06
25.146214	5.947844747e-06
25.151214	5.937565147e-06
25.156214	5.824891977e-06
25.161214	5.629983995e-06
25.166215	5.433304068e-06
25.171215	5.315277379e-06
25.176215	5.277454380e-06
25.181215	5.254543489e-06
25.186216	5.185471157e-06
25.191216	5.052733958e-06
25.196216	4.882111507e-06
25.201216	4.742581646e-06
25.206217	4.737310419e-06
25.211217	4.955085084e-06
25.216217	5.411269054e-06
25.221217	6.042491041e-06
25.226217	6.749088043e-06
25.231218	7.416871049e-06
25.236218	7.918930229e-06
25.241218	8.162649319e-06
25.246218	8.167475652e-06
25.251219	8.069847180e-06
25.256219	8.025970181e-06
25.261219	8.123991129e-06
25.266219	8.387369454e-06
25.271220	8.802247795e-06
25.276220	9.287684554e-06
25.281220	9.665821874e-06
25.286220	9.739781916e-06
25.291221	9.426976982e-06
25.296221	8.795857821e-06
25.301221	8.001684809e-06
25.306221	7.214072702e-06
25.311222	6.553082048e-06
25.316222	6.041432908e-06
25.321222	5.626938701e-06
25.326222	5.267236356e-06
25.331223	4.986686248e-06
25.336223	4.856867850e-06
25.341223	4.935801620e-06
25.346223	5.220302160e-06
25.351224	5.647687880e-06
25.356224	6.121913370e-06
25.361224	6.518611501e-06
25.366224	6.719196332e-06
25.371224	6.693739789e-06
25.376225	6.509215703e-06
25.381225	6.241230869e-06
25.386225	5.925969272e-06
25.391225	5.574952324e-06
25.396226	5.176504785e-06
25.401226	4.703545820e-06
25.406226	4.169095478e-06
25.411226	3.666343505e-06
25.416227	3.313378359e-06
25.421227	3.153667852e-06
25.426227	3.140217149e-06
25.431227	3.206788590e-06
25.436228	3.309915647e-06
25.441228	3.405022740e-06
25.446228	3.430856716e-06
25.451228	3.337321100e-06
25.456229	3.103414765e-06
25.461229	2.719717476e-06
25.466229	2.185060801e-06
25.471229	1.543749138e-06
25.476230	9.148945937e-07
25.481230	4.412067433e-07
25.486230	1.730494141e-07
25.491230	3.803991048e-08
25.496231	-3.400646965e-08
25.501231	-1.067053532e-08
25.506231	1.731279201e-07
25.511231	5.171578839e-07
25.516231	9.761665216e-07
25.521232	1.514856527e-06
25.526232	2.119648351e-06
25.531232	2.814544217e-06
25.536232	3.661555539e-06
25.541233	4.679420092e-06
25.546233	5.771668573e-06
25.551233	6.793684836e-06
25.556233	7.681591915e-06
25.561234	8.469770283e-06
25.566234	9.173701584e-06
25.571234	9.698044547e-06
25.576234	9.916487002e-06
25.581235	9.830499499e-06
25.586235	9.587501927e-06
25.591235	9.328950471e-06
25.596235	9.042866394e-06
25.601236	8.563942978e-06
25.606236	7.730224589e-06
25.611236	6.595031656e-06
25.616236	5.489703050e-06
25.621237	4.807217843e-06
25.626237	4.694629556e-06
25.631237	4.973773421e-06
25.636237	5.330651986e-06
25.641238	5.541574265e-06
25.646238	5.559686244e-06
25.651238	5.465186249e-06
25.656238	5.361270437e-06
25.661238	5.307753209e-06
25.666239	5.336450296e-06
25.671239	5.489501684e-06
25.676239	5.802978366e-06
25.681239	6.244044249e-06
25.686240	6.665825546e-06
25.691240	6.849384585e-06
25.696240	6.644150119e-06
25.701240	6.091880071e-06
25.706241	5.413179876e-06
25.711241	4.878314532e-06
25.716241	4.667123506e-06
25.721241	4.800382736e-06
25.726242	5.161908082e-06
25.731242	5.590775715e-06
25.736242	6.006842031e-06
25.741242	6.454145374e-06
25.746243	6.973204142e-06
25.751243	7.461841322e-06
25.756243	7.724668541e-06
25.761243	7.618650689e-06
25.766244	7.126810488e-06
25.771244	6.373415671e-06
25.776244	5.596331000e-06
25.781244	5.041062393e-06
25.786245	4.836949446e-06
25.791245	4.948851034e-06
25.796245	5.227439998e-06
25.801245	5.518390340e-06
25.806245	5.743827977e-06
25.811246	5.894438112e-06
25.816246	5.962830732e-06
25.821246	5.904922865e-06
25.826246	5.696485652e-06
25.831247	5.439863041e-06
25.836247	5.360302357e-06
25.841247	5.630911113e-06
25.846247	6.205895213e-06
25.851248	6.864166761e-06
25.856248	7.418265479e-06
25.861248	7.841052689e-06
25.866248	8.167594318e-06
25.871249	8.340395263e-06
25.876249	8.240646875e-06
25.881249	7.865166676e-06
25.886249	7.414431741e-06
25.891250	7.186905329e-06
25.896250	7.380375700e-06
25.901250	7.961571052e-06
25.906250	8.689213784e-06
25.911251	9.259783367e-06
25.916251	9.472918162e-06
25.921251	9.313785230e-06
25.926251	8.905900693e-06
25.931252	8.388783918e-06
25.936252	7.842868475e-06
25.941252	7.305495306e-06
25.946252	6.789160000e-06
25.951252	6.223264919e-06
25.956253	5.406680151e-06
25.961253	4.134849469e-06
25.966253	2.440777122e-06
25.971253	6.643733817e-07
25.976254	-7.577588910e-07
25.981254	-1.560548543e-06
25.986254	-1.740913847e-06
25.991254	-1.481923559e-06
25.996255	-1.062538955e-06
26.001255	-7.860107713e-07
26.006255	-8.395659576e-07
26.011255	-1.144960622e-06
26.016256	-1.396225489e-06
26.021256	-1.299750000e-06
26.026256	-8.064600397e-07
26.031256	-1.373736184e-07
26.036257	4.018495374e-07
26.041257	6.289534442e-07
26.046257	5.390322507e-07
26.051257	2.181872391e-07
26.056258	-2.385654337e-07
26.061258	-7.385926800e-07
26.066258	-1.205329429e-06
26.071258	-1.622780530e-06
26.076259	-2.035517520e-06
26.081259	-2.484206656e-06
26.086259	-2.940227600e-06
26.091259	-3.297662686e-06
26.096259	-3.444769334e-06
26.101260	-3.361120455e-06
26.106260	-3.129804289e-06
26.111260	-2.847989466e-06
26.116260	-2.543696804e-06
26.121261	-2.169867710e-06
26.126261	-1.633663633e-06
26.131261	-8.219226871e-07
26.136261	3.351081880e-07
26.141262	1.770724857e-06
26.146262	3.278388731e-06
26.151262	4.627736928e-06
26.156262	5.662605871e-06
26.161263	6.298569291e-06
26.166263	6.521371268e-06
26.171263	6.454705578e-06
26.176263	6.355444985e-06
26.181264	6.436331587e-06
26.186264	6.720838338e-06
26.191264	7.142068603e-06
26.196264	7.720682467e-06
26.201265	8.565117812e-06
26.206265	9.759159853e-06
26.211265	1.131129218e-05
26.216265	1.315423533e-05
26.221266	1.512385113e-05
26.226266	1.695078537e-05
26.231266	1.835135119e-05
26.236266	1.920083696e-05
26.241266	1.963094856e-05
26.246267	1.995979874e-05
26.251267	2.051871783e-05
26.256267	2.145284141e-05
26.261267	2.261310618e-05
26.266268	2.367617493e-05
26.271268	2.438781962e-05
26.276268	2.467773548e-05
26.281268	2.461010530e-05
26.286269	2.431934254e-05
26.291269	2.398407488e-05
26.296269	2.377827977e-05
26.301269	2.380506862e-05
26.306270	2.407961568e-05
26.311270	2.455238595e-05
26.316270	2.511733195e-05
26.321270	2.561491559e-05
26.326271	2.589667207e-05
26.331271	2.595212535e-05
26.336271	2.595882984e-05
26.341271	2.613537894e-05
26.346272	2.652511355e-05
26.351272	2.695704722e-05
26.356272	2.719871360e-05
26.361272	2.710494417e-05
26.366273	2.664899871e-05
26.371273	2.586425448e-05
26.376273	2.477024435e-05
26.381273	2.336059524e-05
26.386273	2.168392418e-05
26.391274	1.993606213e-05
26.396274	1.841787703e-05
26.401274	1.736193190e-05
26.406274	1.681461447e-05
26.411275	1.665658517e-05
26.416275	1.667712756e-05
26.421275	1.667128585e-05
26.426275	1.654437483e-05
26.431276	1.632049265e-05
26.436276	1.605113844e-05
26.441276	1.576168107e-05
26.446276	1.546865345e-05
26.451277	1.517727949e-05
26.456277	1.484534939e-05
26.461277	1.438205833e-05
26.466277	1.371626222e-05
26.471278	1.289343595e-05
26.476278	1.210143799e-05
26.481278	1.157836310e-05
26.486278	1.148402019e-05
26.491279	1.181763988e-05
26.496279	1.240532685e-05
26.501279	1.299690042e-05
26.506279	1.343348729e-05
26.511280	1.371245577e-05
26.516280	1.390427670e-05
26.521280	1.408857222e-05
26.526280	1.437134395e-05
26.531280	1.485465501e-05
26.536281	1.552213056e-05
26.541281	1.619317071e-05
26.546281	1.666466192e-05
26.551281	1.691480086e-05
26.556282	1.712512400e-05
26.561282	1.749879030e-05
26.566282	1.809211653e-05
26.571282	1.879990127e-05
26.576283	1.945219155e-05
26.581283	1.993588606e-05
26.586283	2.025637338e-05
26.591283	2.047745980e-05
26.596284	2.061482000e-05
26.601284	2.062202629e-05
26.606284	2.046664112e-05
26.611284	2.019937202e-05
26.616285	1.994796052e-05
26.621285	1.982456984e-05
26.626285	1.983546549e-05
26.631285	1.987108903e-05
26.636286	1.974677276e-05
26.641286	1.929322179e-05
26.646286	1.849300107e-05
26.651286	1.752133995e-05
26.656287	1.661798706e-05
26.661287	1.594730598e-05
26.666287	1.557308351e-05
26.671287	1.548622656e-05
26.676287	1.562464109e-05
26.681288	1.588939205e-05
26.686288	1.614650033e-05
26.691288	1.624655944e-05
26.696288	1.612133146e-05
26.701289	1.588214134e-05
26.706289	1.576676004e-05
26.711289	1.594954028e-05
26.716289	1.639895936e-05
26.721290	1.691165997e-05
26.726290	1.727786239e-05
26.731290	1.740963362e-05
26.736290	1.733709276e-05
26.741291	1.716308806e-05
26.746291	1.704969559e-05
26.751291	1.716110533e-05
26.756291	1.753949726e-05
26.761292	1.805125903e-05
26.766292	1.848461732e-05
26.771292	1.869588426e-05
26.776292	1.869058399e-05
26.781293	1.861070131e-05
26.786293	1.863436765e-05
26.791293	1.885062638e-05
26.796293	1.920244402e-05
26.801293	1.953309654e-05
26.806294	1.969965519e-05
26.811294	1.966494549e-05
26.816294	1.949264578e-05
26.821294	1.927868037e-05
26.826295	1.910497346e-05
26.831295	1.901726210e-05
26.836295	1.899373199e-05
26.841295	1.895476586e-05
26.846296	1.884222493e-05
26.851296	1.866685857e-05
26.856296	1.846271240e-05
26.861296	1.823479870e-05
26.866297	1.796934060e-05
26.871297	1.767248364e-05
26.876297	1.737915491e-05
26.881297	1.711673547e-05
26.886298	1.687426424e-05
26.891298	1.662256699e-05
26.896298	1.634899702e-05
26.901298	1.606103831e-05
26.906299	1.576995259e-05
26.911299	1.546751468e-05
26.916299	1.510374423e-05
26.921299	1.461291125e-05
26.926300	1.398522867e-05
26.931300	1.328092684e-05
26.936300	1.256363823e-05
26.941300	1.186360625e-05
26.946300	1.120856455e-05
26.951301	1.064206951e-05
26.956301	1.018837660e-05
26.961301	9.812760350e-06
26.966301	9.438252939e-06
26.971302	9.013591029e-06
26.976302	8.554479070e-06
26.981302	8.111841467e-06
26.986302	7.719760898e-06
26.991303	7.371241527e-06
26.996303	7.015034152e-06
27.001303	6.587310800e-06
27.006303	6.071546100e-06
27.011304	5.517165386e-06
27.016304	4.994081297e-06
27.021304	4.537365987e-06
27.026304	4.134769545e-06
27.031305	3.764820579e-06
27.036305	3.431942203e-06
27.041305	3.159395426e-06
27.046305	2.992249292e-06
27.051306	3.017069450e-06
27.056306	3.308794497e-06
27.061306	3.839813030e-06
27.066306	4.499038553e-06
27.071307	5.202600749e-06
27.076307	5.936039716e-06
27.081307	6.691079454e-06
27.086307	7.411943568e-06
27.091307	8.030432595e-06
27.096308	8.532357637e-06
27.101308	8.954055783e-06
27.106308	9.319569722e-06
27.111308	9.624003985e-06
27.116309	9.876412420e-06
27.121309	1.011028087e-05
27.126309	1.034452205e-05
27.131309	1.055312520e-05
27.136310	1.066641882e-05
27.141310	1.060414388e-05
27.146310	1.032770564e-05
27.151310	9.875987338e-06
27.156311	9.372963579e-06
27.161311	9.020395128e-06
27.166311	9.048327322e-06
27.171311	9.580444462e-06
27.176312	1.049395126e-05
27.181312	1.145468464e-05
27.186312	1.214936563e-05
27.191312	1.249302903e-05
27.196313	1.262053380e-05
27.201313	1.271485371e-05
27.206313	1.283848247e-05
27.211313	1.287145989e-05
27.216314	1.261187761e-05
27.221314	1.200179528e-05
27.226314	1.124987815e-05
27.231314	1.067758016e-05
27.236314	1.045698912e-05
27.241315	1.053012455e-05
27.246315	1.075092783e-05
27.251315	1.104142156e-05
27.256315	1.140544904e-05
27.261316	1.186056029e-05
27.266316	1.239407246e-05
27.271316	1.296991873e-05
27.276316	1.357780820e-05
27.281317	1.426090123e-05
27.286317	1.507384564e-05
27.291317	1.604313678e-05
27.296317	1.716555422e-05
27.301318	1.837085488e-05
27.306318	1.946857402e-05
27.311318	2.020589668e-05
27.316318	2.043210017e-05
27.321319	2.019288918e-05
27.326319	1.965276714e-05
27.331319	1.895523024e-05
27.336319	1.818030871e-05
27.341320	1.741765502e-05
27.346320	1.682212426e-05
27.351320	1.653676926e-05
27.356320	1.655472895e-05
27.361321	1.668144634e-05
27.366321	1.664994972e-05
27.371321	1.632045116e-05
27.376321	1.581173313e-05
27.381321	1.541824264e-05
27.386322	1.538051263e-05
27.391322	1.574158784e-05
27.396322	1.638923049e-05
27.401322	1.719299699e-05
27.406323	1.810241403e-05
27.411323	1.911187578e-05
27.416323	2.012793251e-05
27.421323	2.092849090e-05
27.426324	2.132003325e-05
27.431324	2.132313136e-05
27.436324	2.115656830e-05
27.441324	2.105762464e-05
27.446325	2.117326908e-05
27.451325	2.158747223e-05
27.456325	2.231466679e-05
27.461325	2.320554511e-05
27.466326	2.394133494e-05
27.471326	2.418561352e-05
27.476326	2.374894888e-05
27.481326	2.266491630e-05
27.486327	2.117473435e-05
27.491327	1.961421857e-05
27.496327	1.824474740e-05
27.501327	1.715350094e-05
27.506328	1.629010373e-05
27.511328	1.555707922e-05
27.516328	1.485945844e-05
27.521328	1.412165308e-05
27.526328	1.331058979e-05
27.531329	1.246413550e-05
27.536329	1.169196040e-05
27.541329	1.112499983e-05
27.546329	1.082948740e-05
27.551330	1.073809451e-05
27.556330	1.067453336e-05
27.561330	1.049524554e-05
27.566330	1.023169604e-05
27.571331	1.007804436e-05
27.576331	1.022508961e-05
27.581331	1.069174882e-05
27.586331	1.128304492e-05
27.591332	1.168937884e-05
27.596332	1.164659074e-05
27.601332	1.105180871e-05
27.606332	9.991750073e-06
27.611333	8.698815265e-06
27.616333	7.456259834e-06
27.621333	6.496074199e-06
27.626333	5.962983420e-06
27.631334	5.944512516e-06
27.636334	6.446670858e-06
27.641334	7.272908280e-06
27.646334	7.991415661e-06
27.651335	8.147162560e-06
27.656335	7.562767703e-06
27.661335	6.451402589e-06
27.666335	5.271572107e-06
27.671335	4.443626880e-06
27.676336	4.105112530e-06
27.681336	4.086149929e-06
27.686336	4.122911807e-06
27.691336	4.074628917e-06
27.696337	3.940542906e-06
27.701337	3.764298582e-06
27.706337	3.608492752e-06
27.711337	3.593268645e-06
27.716338	3.893443429e-06
27.721338	4.666089784e-06
27.726338	5.925395448e-06
27.731338	7.435871034e-06
27.736339	8.769941719e-06
27.741339	9.547206113e-06
27.746339	9.649755861e-06
27.751339	9.239044433e-06
27.756340	8.616118722e-06
27.761340	8.061708956e-06
27.766340	7.732322074e-06
27.771340	7.618116725e-06
27.776341	7.554067653e-06
27.781341	7.287322739e-06
27.786341	6.601277947e-06
27.791341	5.466837673e-06
27.796342	4.122290802e-06
27.801342	2.972881266e-06
27.806342	2.358204525e-06
27.811342	2.379061757e-06
27.816342	2.899309455e-06
27.821343	3.672062276e-06
27.826343	4.456163769e-06
27.831343	5.025741469e-06
27.836343	5.147955138e-06
27.841344	4.701628719e-06
27.846344	3.882949282e-06
27.851344	3.200853248e-06
27.856344	3.145296711e-06
27.861345	3.801246092e-06
27.866345	4.766762865e-06
27.871345	5.433071851e-06
27.876345	5.367748400e-06
27.881346	4.525015177e-06
27.886346	3.191621651e-06
27.891346	1.735964535e-06
27.896346	3.547674783e-07
27.901347	-9.724326832e-07
27.906347	-2.343452842e-06
27.911347	-3.812989121e-06
27.916347	-5.371905325e-06
27.921348	-6.968657752e-06
27.926348	-8.528893373e-06
27.931348	-9.958141541e-06
27.936348	-1.114690428e-05
27.941349	-1.201741110e-05
27.946349	-1.259269048e-05
27.951349	-1.301612634e-05
27.956349	-1.348600523e-05
27.961349	-1.413371264e-05
27.966350	-1.492026990e-05
27.971350	-1.566100184e-05
27.976350	-1.620857468e-05
27.981350	-1.662925435e-05
27.986351	-1.717565502e-05
27.991351	-1.808615622e-05
27.996351	-1.941012327e-05
28.001351	-2.096835740e-05
28.006352	-2.243665977e-05
28.011352	-2.353883272e-05
28.016352	-2.425420757e-05
28.021352	-2.482231850e-05
28.026353	-2.549828539e-05
28.031353	-2.632157030e-05
28.036353	-2.712615632e-05
28.041353	-2.771288499e-05
28.046354	-2.798013343e-05
28.051354	-2.795687417e-05
28.056354	-2.778836217e-05
28.061354	-2.766460219e-05
28.066355	-2.770061475e-05
28.071355	-2.789438371e-05
28.076355	-2.822043512e-05
28.081355	-2.871985100e-05
28.086356	-2.943510534e-05
28.091356	-3.024781475e-05
28.096356	-3.085405160e-05
28.101356	-3.098362669e-05
28.106356	-3.063610122e-05
28.111357	-3.004799337e-05
28.116357	-2.943768549e-05
28.121357	-2.882834166e-05
28.126357	-2.812352963e-05
28.131358	-2.731512348e-05
28.136358	-2.659233876e-05
28.141358	-2.625847793e-05
28.146358	-2.651125967e-05
28.151359	-2.722618527e-05
28.156359	-2.795159141e-05
28.161359	-2.820277094e-05
28.166359	-2.783965120e-05
28.171360	-2.720131156e-05
28.176360	-2.686727080e-05
28.181360	-2.720954068e-05
28.186360	-2.811660895e-05
28.191361	-2.917889817e-05
28.196361	-3.013343641e-05
28.201361	-3.105059971e-05
28.206361	-3.211505364e-05
28.211362	-3.335110865e-05
28.216362	-3.459072672e-05
28.221362	-3.563520405e-05
28.226362	-3.640992938e-05
28.231363	-3.697229618e-05
28.236363	-3.737771480e-05
28.241363	-3.757026157e-05
28.246363	-3.745593297e-05
28.251363	-3.707939294e-05
28.256364	-3.667791179e-05
28.261364	-3.653894493e-05
28.266364	-3.680412344e-05
28.271364	-3.739190712e-05
28.276365	-3.808255206e-05
28.281365	-3.866684698e-05
28.286365	-3.903912274e-05
28.291365	-3.920103040e-05
28.296366	-3.920769675e-05
28.301366	-3.912093987e-05
28.306366	-3.900495794e-05
28.311366	-3.889963157e-05
28.316367	-3.875796042e-05
28.321367	-3.846805989e-05
28.326367	-3.796119552e-05
28.331367	-3.725804679e-05
28.336368	-3.642466629e-05
28.341368	-3.551289077e-05
28.346368	-3.451960523e-05
28.351368	-3.339994735e-05
28.356369	-3.214235259e-05
28.361369	-3.082976430e-05
28.366369	-2.963560920e-05
28.371369	-2.877148971e-05
28.376370	-2.839213142e-05
28.381370	-2.847226899e-05
28.386370	-2.874881095e-05
28.391370	-2.882572407e-05
28.396370	-2.840323398e-05
28.401371	-2.746261721e-05
28.406371	-2.625345824e-05
28.411371	-2.508383120e-05
28.416371	-2.409429433e-05
28.421372	-2.321532086e-05
28.426372	-2.231053516e-05
28.431372	-2.133168306e-05
28.436372	-2.034855554e-05
28.441373	-1.946666850e-05
28.446373	-1.871809998e-05
28.451373	-1.800553040e-05
28.456373	-1.717534697e-05
28.461374	-1.618188739e-05
28.466374	-1.513349752e-05
28.471374	-1.413856154e-05
28.476374	-1.317681938e-05
28.481375	-1.217529741e-05
28.486375	-1.115316663e-05
28.491375	-1.023597109e-05
28.496375	-9.542561184e-06
28.501376	-9.083230852e-06
28.506376	-8.759550057e-06
28.511376	-8.428292818e-06
28.516376	-7.951983995e-06
28.521377	-7.245798839e-06
28.526377	-6.346788576e-06
28.531377	-5.416365917e-06
28.536377	-4.614422416e-06
28.541377	-3.984460140e-06
28.546378	-3.495540222e-06
28.551378	-3.157246903e-06
28.556378	-3.040015219e-06
28.561378	-3.205933275e-06
28.566379	-3.667257974e-06
28.571379	-4.375845864e-06
28.576379	-5.191073688e-06
28.581379	-5.907844120e-06
28.586380	-6.399370675e-06
28.591380	-6.713022387e-06
28.596380	-6.993998205e-06
28.601380	-7.353155705e-06
28.606381	-7.820680745e-06
28.611381	-8.371045222e-06
28.616381	-8.940661810e-06
28.621381	-9.419314059e-06
28.626382	-9.671453531e-06
28.631382	-9.639601651e-06
28.636382	-9.455465505e-06
28.641382	-9.408885326e-06
28.646383	-9.794601416e-06
28.651383	-1.079879960e-05
28.656383	-1.245243390e-05
28.661383	-1.459722652e-05
28.666384	-1.694130675e-05
28.671384	-1.926174928e-05
28.676384	-2.157037045e-05
28.681384	-2.403392841e-05
28.686384	-2.674869039e-05
28.691385	-2.961981501e-05
28.696385	-3.239577415e-05
28.701385	-3.478165307e-05
28.706385	-3.661506079e-05
28.711386	-3.802908659e-05
28.716386	-3.942372415e-05
28.721386	-4.121246903e-05
28.726386	-4.355969080e-05
28.731387	-4.633189261e-05
28.736387	-4.926153346e-05
28.741387	-5.213888656e-05
28.746387	-5.485995677e-05
28.751388	-5.732878162e-05
28.756388	-5.938191625e-05
28.761388	-6.087886807e-05
28.766388	-6.189022891e-05
28.771389	-6.275425306e-05
28.776389	-6.386822792e-05
28.781389	-6.537771287e-05
28.786389	-6.706151624e-05
28.791390	-6.849230689e-05
28.796390	-6.932096148e-05
28.801390	-6.949379252e-05
28.806390	-6.923278108e-05
28.811391	-6.877954227e-05
28.816391	-6.817180921e-05
28.821391	-6.728450260e-05
28.826391	-6.605688369e-05
28.831391	-6.465366498e-05
28.836392	-6.338856788e-05
28.841392	-6.244416823e-05
28.846392	-6.164300286e-05
28.851392	-6.054892436e-05
28.856393	-5.884299129e-05
28.861393	-5.660177642e-05
28.866393	-5.422888514e-05
28.871393	-5.212020789e-05
28.876394	-5.033376622e-05
28.881394	-4.854523910e-05
28.886394	-4.635089609e-05
28.891394	-4.361806249e-05
28.896395	-4.051853027e-05
28.901395	-3.726839512e-05
28.906395	-3.392546196e-05
28.911395	-3.045199933e-05
28.916396	-2.690346062e-05
28.921396	-2.348805394e-05
28.926396	-2.041556779e-05
28.931396	-1.769660640e-05
28.936397	-1.511922673e-05
28.941397	-1.243039821e-05
28.946397	-9.526790820e-06
28.951397	-6.500758897e-06
28.956398	-3.559344945e-06
28.961398	-8.853091964e-07
28.966398	1.481526260e-06
28.971398	3.638265132e-06
28.976398	5.704295400e-06
28.981399	7.756277603e-06
28.986399	9.848964137e-06
28.991399	1.200692365e-05
28.996399	1.418211013e-05
29.001400	1.627759110e-05
29.006400	1.823298566e-05
29.011400	2.005250145e-05
29.016400	2.171654879e-05
29.021401	2.309100400e-05
29.026401	2.398773504e-05
29.031401	2.432210964e-05
29.036401	2.414779952e-05
29.041402	2.351799350e-05
29.046402	2.237985944e-05
29.051402	2.065128961e-05
29.056402	1.836983176e-05
29.061403	1.573109228e-05
29.066403	1.297925936e-05
29.071403	1.024906324e-05
29.076403	7.495575061e-06
29.081404	4.580834959e-06
29.086404	1.442739441e-06
29.091404	-1.816102189e-06
29.096404	-5.023005618e-06
29.101405	-8.143471543e-06
29.106405	-1.138141616e-05
29.111405	-1.502607604e-05
29.116405	-1.919001830e-05
29.121405	-2.371452500e-05
29.126406	-2.830355719e-05
29.131406	-3.272299653e-05
29.136406	-3.691678399e-05
29.141406	-4.097514164e-05
29.146407	-4.496941920e-05
29.151407	-4.880617813e-05
29.156407	-5.228231471e-05
29.161407	-5.529191044e-05
29.166408	-5.792286094e-05
29.171408	-6.034187951e-05
29.176408	-6.265052727e-05
29.181408	-6.486198190e-05
29.186409	-6.695634087e-05
29.191409	-6.892620137e-05
29.196409	-7.076122544e-05
29.201409	-7.238154889e-05
29.206410	-7.362241942e-05
29.211410	-7.432873790e-05
29.216410	-7.445459414e-05
29.221410	-7.406956548e-05
29.226411	-7.329754203e-05
29.231411	-7.222776698e-05
29.236411	-7.084513216e-05
29.241411	-6.906480655e-05
29.246412	-6.687144011e-05
29.251412	-6.442385975e-05
29.256412	-6.199091604e-05
29.261412	-5.975322218e-05
29.266412	-5.765444526e-05
29.271413	-5.543476636e-05
29.276413	-5.281048509e-05
29.281413	-4.967376714e-05
29.286413	-4.617742239e-05
29.291414	-4.262740267e-05
29.296414	-3.927128010e-05
29.301414	-3.617356521e-05
29.306414	-3.325529512e-05
29.311415	-3.040312106e-05
29.316415	-2.752194233e-05
29.321415	-2.451696604e-05
29.326415	-2.129578240e-05
29.331416	-1.783710114e-05
29.336416	-1.424077378e-05
29.341416	-1.067577287e-05
29.346416	-7.284144524e-06
29.351417	-4.120767718e-06
29.356417	-1.129990641e-06
29.361417	1.806484080e-06
29.366417	4.723674582e-06
29.371418	7.473619482e-06
29.376418	9.835559735e-06
29.381418	1.174062622e-05
29.386418	1.335147329e-05
29.391419	1.491390780e-05
29.396419	1.655083531e-05
29.401419	1.818776466e-05
29.406419	1.965052021e-05
29.411419	2.082259309e-05
29.416420	2.168488269e-05
29.421420	2.221687330e-05
29.426420	2.234098761e-05
29.431420	2.199359655e-05
29.436421	2.119726005e-05
29.441421	2.003674400e-05
29.446421	1.858454485e-05
29.451421	1.688410724e-05
29.456422	1.502560859e-05
29.461422	1.318959275e-05
29.466422	1.154845571e-05
29.471422	1.012544134e-05
29.476423	8.769801061e-06
29.481423	7.253264153e-06
29.486423	5.391614476e-06
29.491423	3.121027394e-06
29.496424	4.978827516e-07
29.501424	-2.367054843e-06
29.506424	-5.374812733e-06
29.511424	-8.452877185e-06
29.516425	-1.153845720e-05
29.521425	-1.459004335e-05
29.526425	-1.763719040e-05
29.531425	-2.076273129e-05
29.536426	-2.396272079e-05
29.541426	-2.708206734e-05
29.546426	-2.997942986e-05
29.551426	-3.268584648e-05
29.556426	-3.530409375e-05
29.561427	-3.782021955e-05
29.566427	-4.011075841e-05
29.571427	-4.209541505e-05
29.576427	-4.380875528e-05
29.581428	-4.533047338e-05
29.586428	-4.668387458e-05
29.591428	-4.781257001e-05
29.596428	-4.865078752e-05
29.601429	-4.920840619e-05
29.606429	-4.956722862e-05
29.611429	-4.977488102e-05
29.616429	-4.976487305e-05
29.621430	-4.942536565e-05
29.626430	-4.874164203e-05
29.631430	-4.782670066e-05
29.636430	-4.680995669e-05
29.641431	-4.573463737e-05
29.646431	-4.456606629e-05
29.651431	-4.326115689e-05
29.656431	-4.180174831e-05
29.661432	-4.016822466e-05
29.666432	-3.831926203e-05
29.671432	-3.622241843e-05
29.676432	-3.389031311e-05
29.681433	-3.137917655e-05
29.686433	-2.876943639e-05
29.691433	-2.613741799e-05
29.696433	-2.351925722e-05
29.701433	-2.091790970e-05
29.706434	-1.834832341e-05
29.711434	-1.583049836e-05
29.716434	-1.334475650e-05
29.721434	-1.085265465e-05
29.726435	-8.366420154e-06
29.731435	-5.963918500e-06
29.736435	-3.729564283e-06
29.741435	-1.689590513e-06
29.746436	2.019537518e-07
29.751436	2.028906631e-06
29.756436	3.857288371e-06
29.761436	5.694749914e-06
29.766437	7.500513684e-06
29.771437	9.216240998e-06
29.776437	1.077007860e-05
29.781437	1.209319622e-05
29.786438	1.318136617e-05
29.791438	1.411554868e-05
29.796438	1.496942136e-05
29.801438	1.570020210e-05
29.806439	1.617497396e-05
29.811439	1.629645515e-05
29.816439	1.605466860e-05
29.821439	1.549591686e-05
29.826439	1.472460800e-05
29.831440	1.390146297e-05
29.836440	1.315693684e-05
29.841440	1.251603446e-05
29.846440	1.194231511e-05
29.851441	1.141112662e-05
29.856441	1.088987570e-05
29.861441	1.028941993e-05
29.866441	9.508165157e-06
29.871442	8.532001324e-06
29.876442	7.454568829e-06
29.881442	6.393248637e-06
29.886442	5.412790064e-06
29.891443	4.511382838e-06
29.896443	3.620776856e-06
29.901443	2.632760072e-06
29.906443	1.491051531e-06
29.911444	2.503905770e-07
29.916444	-1.000642941e-06
29.921444	-2.246981655e-06
29.926444	-3.528434643e-06
29.931445	-4.845754953e-06
29.936445	-6.139570345e-06
29.941445	-7.353405406e-06
29.946445	-8.480540945e-06
29.951446	-9.543006596e-06
29.956446	-1.054534588e-05
29.961446	-1.146334037e-05
29.966446	-1.226701540e-05
29.971446	-1.293834482e-05
29.976447	-1.347797100e-05
29.981447	-1.391138040e-05
29.986447	-1.427567604e-05
29.991447	-1.459646390e-05
29.996448	-1.489332364e-05
30.001448	-1.517547095e-05
30.006448	-1.539155473e-05
30.011448	-1.543250034e-05
30.016449	-1.523443440e-05
30.021449	-1.484153472e-05
30.026449	-1.435476159e-05
30.031449	-1.386301693e-05
30.036450	-1.341547844e-05
30.041450	-1.302102620e-05
30.046450	-1.266902445e-05
30.051450	-1.234584696e-05
30.056451	-1.202881122e-05
30.061451	-1.168783072e-05
30.066451	-1.131045288e-05
30.071451	-1.091980180e-05
30.076452	-1.055320385e-05
30.081452	-1.021756807e-05
30.086452	-9.876538260e-06
30.091452	-9.479875272e-06
30.096453	-9.000683846e-06
30.101453	-8.461360047e-06
30.106453	-7.912490663e-06
30.111453	-7.356054010e-06
30.116453	-6.714052281e-06
30.121454	-5.902599244e-06
30.126454	-4.906324179e-06
30.131454	-3.764809508e-06
30.136454	-2.532558071e-06
30.141455	-1.275715653e-06
30.146455	-7.360821077e-08
30.151455	1.000920396e-06
30.156455	1.909166500e-06
30.161456	2.688350724e-06
30.166456	3.477396363e-06
30.171456	4.438672546e-06
30.176456	5.599264463e-06
30.181457	6.782664735e-06
30.186457	7.727883557e-06
30.191457	8.283285105e-06
30.196457	8.486279507e-06
30.201458	8.493852080e-06
30.206458	8.482728011e-06
30.211458	8.594350623e-06
30.216458	8.908899481e-06
30.221459	9.413234444e-06
30.226459	9.960500969e-06
30.231459	1.030105994e-05
30.236459	1.024419956e-05
30.241460	9.829951427e-06
30.246460	9.319209099e-06
30.251460	8.989543208e-06
30.256460	8.923925906e-06
30.261460	8.963096851e-06
30.266461	8.823576626e-06
30.271461	8.265562114e-06
30.276461	7.202953016e-06
30.281461	5.724797377e-06
30.286462	4.054348323e-06
30.291462	2.466815432e-06
30.296462	1.177803418e-06
30.301462	2.581732072e-07
30.306463	-3.643973455e-07
30.311463	-8.400262261e-07
30.316463	-1.329925392e-06
30.321463	-1.959710012e-06
30.326464	-2.775936697e-06
30.331464	-3.708364333e-06
30.336464	-4.595487178e-06
30.341464	-5.295318471e-06
30.346465	-5.788597894e-06
30.351465	-6.180625152e-06
30.356465	-6.624160331e-06
30.361465	-7.229309484e-06
30.366466	-7.995360157e-06
30.371466	-8.828679281e-06
30.376466	-9.672788033e-06
30.381466	-1.060331396e-05
30.386467	-1.174409253e-05
30.391467	-1.308092048e-05
30.396467	-1.437748090e-05
30.401467	-1.532271826e-05
30.406467	-1.579239919e-05
30.411468	-1.592351433e-05
30.416468	-1.590980517e-05
30.421468	-1.579546631e-05
30.426468	-1.551793552e-05
30.431469	-1.508672163e-05
30.436469	-1.462759601e-05
30.441469	-1.423989966e-05
30.446469	-1.387906578e-05
30.451470	-1.344796321e-05
30.456470	-1.298333320e-05
30.461470	-1.267671519e-05
30.466470	-1.270528171e-05
30.471471	-1.309118875e-05
30.476471	-1.371421855e-05
30.481471	-1.440828974e-05
30.486471	-1.505839669e-05
30.491472	-1.565088514e-05
30.496472	-1.622175887e-05
30.501472	-1.672640370e-05
30.506472	-1.697832761e-05
30.511473	-1.677017729e-05
30.516473	-1.606925661e-05
30.521473	-1.504674138e-05
30.526473	-1.390377515e-05
30.531474	-1.272852874e-05
30.536474	-1.153905877e-05
30.541474	-1.039528406e-05
30.546474	-9.401777239e-06
30.551474	-8.596505838e-06
30.556475	-7.884565532e-06
30.561475	-7.123115160e-06
30.566475	-6.268619949e-06
30.571475	-5.434750890e-06
30.576476	-4.812872754e-06
30.581476	-4.530344896e-06
30.586476	-4.565300604e-06
30.591476	-4.746712546e-06
30.596477	-4.803546661e-06
30.601477	-4.489335592e-06
30.606477	-3.761892903e-06
30.611477	-2.840409699e-06
30.616478	-2.027663856e-06
30.621478	-1.442175660e-06
30.626478	-9.050504802e-07
30.631478	-8.079403278e-08
30.636479	1.251523102e-06
30.641479	3.025700220e-06
30.646479	4.933817673e-06
30.651479	6.618411640e-06
30.656480	7.851862925e-06
30.661480	8.586468030e-06
30.666480	8.880664669e-06
30.671480	8.805440908e-06
30.676481	8.421922019e-06
30.681481	7.825824507e-06
30.686481	7.181776871e-06
30.691481	6.685349466e-06
30.696481	6.477038265e-06
30.701482	6.595397955e-06
30.706482	7.001612514e-06
30.711482	7.620435276e-06
30.716482	8.354912982e-06
30.721483	9.095443303e-06
30.726483	9.749443609e-06
30.731483	1.027006477e-05
30.736483	1.066483108e-05
30.741484	1.099911932e-05
30.746484	1.137538694e-05
30.751484	1.187239594e-05
30.756484	1.250725207e-05
30.761485	1.325582737e-05
30.766485	1.406428122e-05
30.771485	1.482200413e-05
30.776485	1.538195022e-05
30.781486	1.565450144e-05
30.786486	1.566110591e-05
30.791486	1.548548263e-05
30.796486	1.519911472e-05
30.801487	1.484368448e-05
30.806487	1.445995308e-05
30.811487	1.409962320e-05
30.816487	1.381035225e-05
30.821488	1.364321190e-05
30.826488	1.367367865e-05
30.831488	1.397184053e-05
30.836488	1.453195251e-05
30.841488	1.523998693e-05
30.846489	1.591948529e-05
30.851489	1.642095459e-05
30.856489	1.668564046e-05
30.861489	1.676304632e-05
30.866490	1.679640153e-05
30.871490	1.693669395e-05
30.876490	1.718855774e-05
30.881490	1.735487252e-05
30.886491	1.720356163e-05
30.891491	1.670111824e-05
30.896491	1.606534675e-05
30.901491	1.560100935e-05
30.906492	1.547673257e-05
30.911492	1.562231755e-05
30.916492	1.581643165e-05
30.921492	1.587539058e-05
30.926493	1.578889667e-05
30.931493	1.570868956e-05
30.936493	1.581326535e-05
30.941493	1.617661288e-05
30.946494	1.673846515e-05
30.951494	1.734481963e-05
30.956494	1.779261800e-05
30.961494	1.787918698e-05
30.966495	1.748287277e-05
30.971495	1.663613359e-05
30.976495	1.551123961e-05
30.981495	1.433767120e-05
30.986495	1.335583563e-05
30.991496	1.280656198e-05
30.996496	1.285977705e-05
31.001496	1.349168577e-05
31.006496	1.444092357e-05
31.011497	1.531445739e-05
31.016497	1.577240462e-05
31.021497	1.568407021e-05
31.026497	1.518920358e-05
31.031498	1.461325286e-05
31.036498	1.425801683e-05
31.041498	1.423129133e-05
31.046498	1.445994624e-05
31.051499	1.482966924e-05
31.056499	1.529966098e-05
31.061499	1.591781502e-05
31.066499	1.672708803e-05
31.071500	1.762663562e-05
31.076500	1.836563416e-05
31.081500	1.875055309e-05
31.086500	1.884406058e-05
31.091501	1.890102275e-05
31.096501	1.912567891e-05
31.101501	1.953599338e-05
31.106501	2.003523072e-05
31.111502	2.055260613e-05
31.116502	2.111591809e-05
31.121502	2.182862209e-05
31.126502	2.278218134e-05
31.131502	2.397295592e-05
31.136503	2.528741802e-05
31.141503	2.655769858e-05
31.146503	2.765049984e-05
31.151503	2.853446432e-05
31.156504	2.927181528e-05
31.161504	2.994532976e-05
31.166504	3.060047390e-05
31.171504	3.125414257e-05
31.176505	3.193802386e-05
31.181505	3.271199224e-05
31.186505	3.361103709e-05
31.191505	3.456349128e-05
31.196506	3.539317716e-05
31.201506	3.595077525e-05
31.206506	3.624627893e-05
31.211506	3.643516157e-05
31.216507	3.668137077e-05
31.221507	3.703715771e-05
31.226507	3.743449712e-05
31.231507	3.778179414e-05
31.236508	3.807520762e-05
31.241508	3.840200820e-05
31.246508	3.881232845e-05
31.251508	3.919611854e-05
31.256509	3.932347316e-05
31.261509	3.904930259e-05
31.266509	3.849860020e-05
31.271509	3.802702973e-05
31.276509	3.795781099e-05
31.281510	3.833109132e-05
31.286510	3.889852068e-05
31.291510	3.935592063e-05
31.296510	3.956353753e-05
31.301511	3.952235076e-05
31.306511	3.920652728e-05
31.311511	3.854543134e-05
31.316511	3.757817359e-05
31.321512	3.653374505e-05
31.326512	3.571400962e-05
31.331512	3.528289666e-05
31.336512	3.512625069e-05
31.341513	3.491064057e-05
31.346513	3.433826616e-05
31.351513	3.338811232e-05
31.356513	3.232299596e-05
31.361514	3.147389069e-05
31.366514	3.098200108e-05
31.371514	3.069649986e-05
31.376514	3.032414653e-05
31.381515	2.968973102e-05
31.386515	2.884449880e-05
31.391515	2.795423784e-05
31.396515	2.713714926e-05
31.401516	2.641957778e-05
31.406516	2.581617174e-05
31.411516	2.540423748e-05
31.416516	2.527689026e-05
31.421516	2.541889265e-05
31.426517	2.564038433e-05
31.431517	2.563586299e-05
31.436517	2.514710316e-05
31.441517	2.414615901e-05
31.446518	2.289060340e-05
31.451518	2.175159567e-05
31.456518	2.094326885e-05
31.461518	2.043022740e-05
31.466519	2.009194274e-05
31.471519	1.991166418e-05
31.476519	1.997611254e-05
31.481519	2.034510729e-05
31.486520	2.094549866e-05
31.491520	2.155342065e-05
31.496520	2.189686723e-05
31.501520	2.185489191e-05
31.506521	2.157842209e-05
31.511521	2.135887931e-05
31.516521	2.135191386e-05
31.521521	2.147992327e-05
31.526522	2.161091865e-05
31.531522	2.174586825e-05
31.536522	2.199667218e-05
31.541522	2.244389820e-05
31.546523	2.304531920e-05
31.551523	2.364919187e-05
31.556523	2.409562702e-05
31.561523	2.434444130e-05
31.566523	2.450780320e-05
31.571524	2.473293199e-05
31.576524	2.506062480e-05
31.581524	2.541950746e-05
31.586524	2.574405660e-05
31.591525	2.607510006e-05
31.596525	2.654198871e-05
31.601525	2.724683071e-05
31.606525	2.817466054e-05
31.611526	2.921401313e-05
31.616526	3.022441552e-05
31.621526	3.108230176e-05
31.626526	3.172857621e-05
31.631527	3.220365912e-05
31.636527	3.261935435e-05
31.641527	3.309809239e-05
31.646527	3.372211916e-05
31.651528	3.447585985e-05
31.656528	3.521479666e-05
31.661528	3.573913196e-05
31.666528	3.593774885e-05
31.671529	3.588513849e-05
31.676529	3.582235295e-05
31.681529	3.601334047e-05
31.686529	3.655731902e-05
31.691530	3.731536975e-05
31.696530	3.800413323e-05
31.701530	3.834956285e-05
31.706530	3.820843802e-05
31.711530	3.763719731e-05
31.716531	3.686724544e-05
31.721531	3.616352673e-05
31.726531	3.566765171e-05
31.731531	3.536534387e-05
31.736532	3.517954640e-05
31.741532	3.505973855e-05
31.746532	3.497816369e-05
31.751532	3.489127301e-05
31.756533	3.477951180e-05
31.761533	3.475093683e-05
31.766533	3.504731726e-05
31.771533	3.586581492e-05
31.776534	3.714891543e-05
31.781534	3.855682153e-05
31.786534	3.964338770e-05
31.791534	4.009044090e-05
31.796535	3.985876788e-05
31.801535	3.918441296e-05
31.806535	3.841307622e-05
31.811535	3.777102788e-05
31.816536	3.727244884e-05
31.821536	3.686226473e-05
31.826536	3.662359704e-05
31.831536	3.679251555e-05
31.836537	3.756079819e-05
31.841537	3.888748827e-05
31.846537	4.049273281e-05
31.851537	4.201797296e-05
31.856537	4.323019148e-05
31.861538	4.412362940e-05
31.866538	4.482725977e-05
31.871538	4.539619269e-05
31.876538	4.571244095e-05
31.881539	4.562775611e-05
31.886539	4.519758418e-05
31.891539	4.472028133e-05
31.896539	4.451255617e-05
31.901540	4.467279238e-05
31.906540	4.508387620e-05
31.911540	4.559188816e-05
31.916540	4.611203108e-05
31.921541	4.657038685e-05
31.926541	4.681627824e-05
31.931541	4.664189800e-05
31.936541	4.589319049e-05
31.941542	4.458333349e-05
31.946542	4.295402203e-05
31.951542	4.144505119e-05
31.956542	4.053706847e-05
31.961543	4.052402753e-05
31.966543	4.136811499e-05
31.971543	4.272559576e-05
31.976543	4.410958283e-05
31.981544	4.512576204e-05
31.986544	4.567090627e-05
31.991544	4.594297754e-05
31.996544	4.625165553e-05
32.001544	4.678758855e-05
32.006545	4.750640809e-05
32.011545	4.819799301e-05
32.016545	4.868754058e-05
32.021545	4.899116755e-05
32.026546	4.930819241e-05
32.031546	4.991594536e-05
32.036546	5.106186015e-05
32.041546	5.283288703e-05
32.046547	5.500890053e-05
32.051547	5.706534615e-05
32.056547	5.843449376e-05
32.061547	5.885411773e-05
32.066548	5.850616039e-05
32.071548	5.784139359e-05
32.076548	5.728378965e-05
32.081548	5.706957545e-05
32.086549	5.725172272e-05
32.091549	5.773848259e-05
32.096549	5.832418895e-05
32.101549	5.878367549e-05
32.106550	5.902839075e-05
32.111550	5.920101652e-05
32.116550	5.964257143e-05
32.121550	6.078161263e-05
32.126551	6.297728008e-05
32.131551	6.634382515e-05
32.136551	7.068944849e-05
32.141551	7.572201459e-05
32.146551	8.147382657e-05
32.151552	8.861213454e-05
32.156552	9.823418029e-05
32.161552	1.110894594e-04
32.166552	1.267349324e-04
32.171553	1.433472840e-04
32.176553	1.584378552e-04
32.181553	1.699470645e-04
32.186553	1.769339778e-04
32.191554	1.795971977e-04
32.196554	1.789962339e-04
32.201554	1.768085337e-04
32.206554	1.750203888e-04
32.211555	1.753950185e-04
32.216555	1.788818286e-04
32.221555	1.853196051e-04
32.226555	1.936627072e-04
32.231556	2.025960902e-04
32.236556	2.111120376e-04
32.241556	2.187112602e-04
32.246556	2.252095504e-04
32.251557	2.304317075e-04
32.256557	2.341857606e-04
32.261557	2.365639813e-04
32.266557	2.381410900e-04
32.271558	2.397842045e-04
32.276558	2.423265600e-04
32.281558	2.464571474e-04
32.286558	2.527859876e-04
32.291558	2.617281904e-04
32.296559	2.730304023e-04
32.301559	2.853099605e-04
32.306559	2.962338100e-04
32.311559	3.034490507e-04
32.316560	3.055480586e-04
32.321560	3.022968480e-04
32.326560	2.942279344e-04
32.331560	2.822850746e-04
32.336561	2.678316898e-04
32.341561	2.527364202e-04
32.346561	2.391299752e-04
32.351561	2.287163845e-04
32.356562	2.219653286e-04
32.361562	2.177968474e-04
32.366562	2.141333753e-04
32.371562	2.090392480e-04
32.376563	2.016707185e-04
32.381563	1.924002189e-04
32.386563	1.821793076e-04
32.391563	1.717863999e-04
32.396564	1.615123679e-04
32.401564	1.513123517e-04
32.406564	1.411020866e-04
32.411564	1.309312781e-04
32.416565	1.210005867e-04
32.421565	1.115863858e-04
32.426565	1.028818416e-04
32.431565	9.480519191e-05
32.436565	8.700454360e-05
32.441566	7.933706623e-05
32.446566	7.273215764e-05
32.451566	6.955631530e-05
32.456566	7.237419202e-05
32.461567	8.153621636e-05
32.466567	9.388148692e-05
32.471567	1.041330177e-04
32.476567	1.078729443e-04
32.481568	1.036998349e-04
32.486568	9.329443249e-05
32.491568	7.987142127e-05
32.496568	6.642208877e-05
32.501569	5.493120864e-05
32.506569	4.662821185e-05
32.511569	4.229192243e-05
32.516569	4.178087683e-05
32.521570	4.315487975e-05
32.526570	4.261607674e-05
32.531570	3.601336604e-05
32.536570	2.120778203e-05
32.541571	-4.735770103e-07
32.546571	-2.497631726e-05
32.551571	-4.786809368e-05
32.556571	-6.633574607e-05
32.561572	-7.947527707e-05
32.566572	-8.729729972e-05
32.571572	-8.980899762e-05
32.576572	-8.697434211e-05
32.581572	-7.933800829e-05
32.586573	-6.855094678e-05
32.591573	-5.708673067e-05
32.596573	-4.712841467e-05
32.601573	-3.951131099e-05
32.606574	-3.369972033e-05
32.611574	-2.883690402e-05
32.616574	-2.489458740e-05
32.621574	-2.284525363e-05
32.626575	-2.370668021e-05
32.631575	-2.736657877e-05
32.636575	-3.226016909e-05
32.641575	-3.622089702e-05
32.646576	-3.791707688e-05
32.651576	-3.785645445e-05
32.656576	-3.822155987e-05
32.661576	-4.161447937e-05
32.666577	-4.952892122e-05
32.671577	-6.148682972e-05
32.676577	-7.526728202e-05
32.681577	-8.791906240e-05
32.686578	-9.684679646e-05
32.691578	-1.004826906e-04
32.696578	-9.852252380e-05
32.701578	-9.189878190e-05
32.706579	-8.257376236e-05
32.711579	-7.308355540e-05
32.716579	-6.577251628e-05
32.721579	-6.197158531e-05
32.726579	-6.162784854e-05
32.731580	-6.361759605e-05
32.736580	-6.647041136e-05
32.741580	-6.905785546e-05
32.746580	-7.094487663e-05
32.751581	-7.232426151e-05
32.756581	-7.369334943e-05
32.761581	-7.556316930e-05
32.766581	-7.838160605e-05
32.771582	-8.266179029e-05
32.776582	-8.916900419e-05
32.781582	-9.891991637e-05
32.786582	-1.128606728e-04
32.791583	-1.313706158e-04
32.796583	-1.537888611e-04
32.801583	-1.781127318e-04
32.806583	-2.011755411e-04
32.811584	-2.195380910e-04
32.816584	-2.307718896e-04
32.821584	-2.344121577e-04
32.826584	-2.320583549e-04
32.831585	-2.266057439e-04
32.836585	-2.210331889e-04
32.841585	-2.173785892e-04
32.846585	-2.163442015e-04
32.851586	-2.174839836e-04
32.856586	-2.196488611e-04
32.861586	-2.215111324e-04
32.866586	-2.220926399e-04
32.871586	-2.210939739e-04
32.876587	-2.188848321e-04
32.881587	-2.162692128e-04
32.886587	-2.141490937e-04
32.891587	-2.131409293e-04
32.896588	-2.133455963e-04
32.901588	-2.144632197e-04
32.906588	-2.161333758e-04
32.911588	-2.182114264e-04
32.916589	-2.208069284e-04
32.921589	-2.241158587e-04
32.926589	-2.282308366e-04
32.931589	-2.330876377e-04
32.936590	-2.385323446e-04
32.941590	-2.443983819e-04
32.946590	-2.505780825e-04
32.951590	-2.571599874e-04
32.956591	-2.645908495e-04
32.961591	-2.737677819e-04
32.966591	-2.861260990e-04
32.971591	-3.037064385e-04
32.976592	-3.288270789e-04
32.981592	-3.630004222e-04
32.986592	-4.052656594e-04
32.991592	-4.508413817e-04
32.996592	-4.914586935e-04
33.001593	-5.180647679e-04
33.006593	-5.247741763e-04
33.011593	-5.116634902e-04
33.016593	-4.846260108e-04
33.021594	-4.524220996e-04
33.026594	-4.227664672e-04
33.031594	-3.996872683e-04
33.036594	-3.831955657e-04
33.041595	-3.705455684e-04
33.046595	-3.577017688e-04
33.051595	-3.404236531e-04
33.056595	-3.153405420e-04
33.061596	-2.812496444e-04
33.066596	-2.398996055e-04
33.071596	-1.952700543e-04
33.076596	-1.516595646e-04
33.081597	-1.123246143e-04
33.086597	-7.979320192e-05
33.091597	-5.670934285e-05
33.096597	-4.523965752e-05
33.101598	-4.511013722e-05
33.106598	-5.255451257e-05
33.111598	-6.179092412e-05
33.116598	-6.796442133e-05
33.121599	-6.910990856e-05
33.126599	-6.591326980e-05
33.131599	-6.010385892e-05
33.136599	-5.304217042e-05
33.141599	-4.520306339e-05
33.146600	-3.611326746e-05
33.151600	-2.411890139e-05
33.156600	-6.115287465e-06
33.161600	2.196978999e-05
33.166601	6.350237764e-05
33.171601	1.191474131e-04
33.176601	1.864158584e-04
33.181601	2.617038789e-04
33.186602	3.431741322e-04
33.191602	4.314086554e-04
33.196602	5.268337427e-04
33.201602	6.263760015e-04
33.206603	7.227444539e-04
33.211603	8.076420944e-04
33.216603	8.766251739e-04
33.221603	9.307185910e-04
33.226604	9.725029498e-04
33.231604	1.000852648e-03
33.236604	1.010302772e-03
33.241604	9.956498516e-04
33.246605	9.570391480e-04
33.251605	9.010305942e-04
33.256605	8.372620275e-04
33.261605	7.738375986e-04
33.266606	7.148337762e-04
33.271606	6.608909394e-04
33.276606	6.113467735e-04
33.281606	5.657428564e-04
33.286606	5.238140249e-04
33.291607	4.849236550e-04
33.296607	4.485545027e-04
33.301607	4.160556142e-04
33.306607	3.917032444e-04
33.311608	3.809297700e-04
33.316608	3.862549414e-04
33.321608	4.042658524e-04
33.326608	4.265102067e-04
33.331609	4.438168450e-04
33.336609	4.508701508e-04
33.341609	4.480505371e-04
33.346609	4.397873799e-04
33.351610	4.309456196e-04
33.356610	4.237399053e-04
33.361610	4.170159563e-04
33.366610	4.079504388e-04
33.371611	3.944782755e-04
33.376611	3.764271447e-04
33.381611	3.547987408e-04
33.386611	3.305291235e-04
33.391612	3.043842455e-04
33.396612	2.780500745e-04
33.401612	2.548912071e-04
33.406612	2.390836578e-04
33.411613	2.334529800e-04
33.416613	2.376020164e-04
33.421613	2.476940789e-04
33.426613	2.580235217e-04
33.431613	2.634008848e-04
33.436614	2.610359970e-04
33.441614	2.510708748e-04
33.446614	2.357770247e-04
33.451614	2.180572497e-04
33.456615	2.000987987e-04
33.461615	1.828827698e-04
33.466615	1.666478565e-04
33.471615	1.516601416e-04
33.476616	1.386175070e-04
33.481616	1.286901741e-04
33.486616	1.235142332e-04
33.491616	1.251467822e-04
33.496617	1.357964081e-04
33.501617	1.573366344e-04
33.506617	1.907832204e-04
33.511617	2.358108404e-04
33.516618	2.902310723e-04
33.521618	3.495421215e-04
33.526618	4.070720015e-04
33.531618	4.551165114e-04
33.536619	4.866892151e-04
33.541619	4.969650697e-04
33.546619	4.836869721e-04
33.551619	4.463708939e-04
33.556620	3.846124414e-04
33.561620	2.960089756e-04
33.566620	1.745867099e-04
33.571620	1.156018387e-05
33.576620	-1.991331288e-04
33.581621	-4.524805244e-04
33.586621	-7.337713683e-04
33.591621	-1.041881618e-03
33.596621	-1.421861057e-03
33.601622	-1.971801141e-03
33.606622	-2.803768350e-03
33.611622	-3.978267457e-03
33.616622	-5.454422715e-03
33.621623	-7.086187401e-03
33.626623	-8.665703638e-03
33.631623	-9.990815218e-03
33.636623	-1.092368248e-02
33.641624	-1.141404480e-02
33.646624	-1.148345736e-02
33.651624	-1.119318631e-02
33.656624	-1.062450078e-02
33.661625	-9.877923888e-03
33.666625	-9.072015484e-03
33.671625	-8.322458163e-03
33.676625	-7.708929142e-03
33.681626	-7.257371385e-03
33.686626	-6.953646538e-03
33.691626	-6.776632418e-03
33.696626	-6.724354382e-03
33.701627	-6.819652407e-03
33.706627	-7.108366456e-03
33.711627	-7.667027296e-03
33.716627	-8.610479748e-03
33.721627	-1.007044181e-02
33.726628	-1.213680482e-02
33.731628	-1.479907057e-02
33.736628	-1.793548735e-02
33.741628	-2.134857356e-02
33.746629	-2.480331989e-02
33.751629	-2.804167495e-02
33.756629	-3.078769971e-02
33.761629	-3.276942849e-02
33.766630	-3.376060519e-02
33.771630	-3.361107803e-02
33.776630	-3.223305116e-02
33.781630	-2.957208926e-02
33.786631	-2.563186198e-02
33.791631	-2.054727091e-02
33.796631	-1.461845826e-02
33.801631	-8.258724091e-03
33.806632	-1.901195400e-03
33.811632	4.074721739e-03
33.816632	9.392370162e-03
33.821632	1.391325354e-02
33.826633	1.762237653e-02
33.831633	2.054795145e-02
33.836633	2.269237687e-02
33.841633	2.405027349e-02
33.846634	2.468417582e-02
33.851634	2.476839152e-02
33.856634	2.454395797e-02
33.861634	2.419575581e-02
33.866634	2.373554007e-02
33.871635	2.300467166e-02
33.876635	2.182206362e-02
33.881635	2.015674379e-02
33.886635	1.817700915e-02
33.891636	1.614982964e-02
33.896636	1.429208530e-02
33.901636	1.269761367e-02
33.906636	1.137671815e-02
33.911637	1.033595298e-02
33.916637	9.609087110e-03
33.921637	9.226611947e-03
33.926637	9.176832611e-03
33.931638	9.404151238e-03
33.936638	9.843874651e-03
33.941638	1.046150954e-02
33.946638	1.126062660e-02
33.951639	1.224748583e-02
33.956639	1.338223282e-02
33.961639	1.456290447e-02
33.966639	1.566110964e-02
33.971640	1.658561555e-02
33.976640	1.732554568e-02
33.981640	1.793873292e-02
33.986640	1.849426721e-02
33.991641	1.901233713e-02
33.996641	1.944324480e-02
34.001641	1.969894380e-02
34.006641	1.971199188e-02
34.011641	1.947393044e-02
34.016642	1.902591460e-02
34.021642	1.841729220e-02
34.026642	1.766395803e-02
34.031642	1.672848346e-02
34.036643	1.553185475e-02
34.041643	1.399190931e-02
34.046643	1.206855591e-02
34.051643	9.796976752e-03
34.056644	7.301755691e-03
34.061644	4.783540790e-03
34.066644	2.469389142e-03
34.071644	5.461885897e-04
34.076645	-8.788713800e-04
34.081645	-1.772270043e-03
34.086645	-2.151579015e-03
34.091645	-2.084305503e-03
34.096646	-1.709574255e-03
34.101646	-1.243620647e-03
34.106646	-9.307902551e-04
34.111646	-9.520545604e-04
34.116647	-1.353902059e-03
34.121647	-2.055287794e-03
34.126647	-2.927032905e-03
34.131647	-3.873089612e-03
34.136648	-4.848111516e-03
34.141648	-5.820450606e-03
34.146648	-6.742216292e-03
34.151648	-7.562964659e-03
34.156648	-8.269609895e-03
34.161649	-8.910684579e-03
34.166649	-9.575903118e-03
34.171649	-1.033823610e-02
34.176649	-1.120059750e-02
34.181650	-1.209052146e-02
34.186650	-1.290793513e-02
34.191650	-1.358643041e-02
34.196650	-1.411692646e-02
34.201651	-1.451401068e-02
34.206651	-1.475273721e-02
34.211651	-1.473077373e-02
34.216651	-1.429613669e-02
34.221652	-1.332519545e-02
34.226652	-1.178612942e-02
34.231652	-9.741913368e-03
34.236652	-7.311287500e-03
34.241653	-4.635668415e-03
34.246653	-1.871307201e-03
34.251653	8.192502113e-04
34.256653	3.300970273e-03
34.261654	5.497163634e-03
34.266654	7.377202186e-03
34.271654	8.920323962e-03
34.276654	1.010541819e-02
34.281655	1.093344965e-02
34.286655	1.144581159e-02
34.291655	1.171185529e-02
34.296655	1.179479817e-02
34.301655	1.172444102e-02
34.306656	1.149642292e-02
34.311656	1.109591167e-02
34.316656	1.052938698e-02
34.321656	9.844989897e-03
34.326657	9.124760632e-03
34.331657	8.450392278e-03
34.336657	7.873313316e-03
34.341657	7.420619472e-03
34.346658	7.125996875e-03
34.351658	7.040806273e-03
34.356658	7.202154630e-03
34.361658	7.586345175e-03
34.366659	8.097277722e-03
34.371659	8.606475089e-03
34.376659	9.012095367e-03
34.381659	9.271367054e-03
34.386660	9.388085148e-03
34.391660	9.372052130e-03
34.396660	9.206055754e-03
34.401660	8.847360476e-03
34.406661	8.261149109e-03
34.411661	7.456767257e-03
34.416661	6.495105665e-03
34.421661	5.456258302e-03
34.426662	4.385803476e-03
34.431662	3.261363271e-03
34.436662	2.015024851e-03
34.441662	6.014512578e-04
34.446662	-9.417493139e-04
34.451663	-2.489564034e-03
34.456663	-3.884845977e-03
34.461663	-5.014899825e-03
34.466663	-5.860467393e-03
34.471664	-6.489089369e-03
34.476664	-6.999759486e-03
34.481664	-7.458056163e-03
34.486664	-7.867312999e-03
34.491665	-8.189126577e-03
34.496665	-8.385671278e-03
34.501665	-8.447822832e-03
34.506665	-8.395485542e-03
34.511666	-8.260604730e-03
34.516666	-8.072734833e-03
34.521666	-7.860229676e-03
34.526666	-7.661608370e-03
34.531667	-7.526226333e-03
34.536667	-7.490901408e-03
34.541667	-7.548549036e-03
34.546667	-7.642497305e-03
34.551668	-7.699254896e-03
34.556668	-7.674686689e-03
34.561668	-7.576259614e-03
34.566668	-7.446410489e-03
34.571669	-7.323105949e-03
34.576669	-7.209463502e-03
34.581669	-7.077538761e-03
34.586669	-6.903074445e-03
34.591669	-6.697773213e-03
34.596670	-6.506474095e-03
34.601670	-6.370706173e-03
34.606670	-6.291354761e-03
34.611670	-6.222984999e-03
34.616671	-6.105561899e-03
34.621671	-5.909672377e-03
34.626671	-5.661143869e-03
34.631671	-5.426750623e-03
34.636672	-5.271138980e-03
34.641672	-5.215327855e-03
34.646672	-5.225141497e-03
34.651672	-5.235170515e-03
34.656673	-5.188458486e-03
34.661673	-5.063438250e-03
34.666673	-4.872262405e-03
34.671673	-4.636972072e-03
34.676674	-4.363394088e-03
34.681674	-4.029421300e-03
34.686674	-3.592105649e-03
34.691674	-3.006872608e-03
34.696675	-2.249802846e-03
34.701675	-1.334811923e-03
34.706675	-3.100904240e-04
34.711675	7.727555489e-04
34.716676	1.884203548e-03
34.721676	2.998843063e-03
34.726676	4.052591770e-03
34.731676	4.931700526e-03
34.736676	5.514861488e-03
34.741677	5.732354410e-03
34.746677	5.593568457e-03
34.751677	5.167530599e-03
34.756677	4.537411499e-03
34.761678	3.763289470e-03
34.766678	2.877077719e-03
34.771678	1.905673992e-03
34.776678	8.951322371e-04
34.781679	-8.816055292e-05
34.786679	-9.828135638e-04
34.791679	-1.764785146e-03
34.796679	-2.452922563e-03
34.801680	-3.071426479e-03
34.806680	-3.596712280e-03
34.811680	-3.939137523e-03
34.816680	-3.984590564e-03
34.821681	-3.668216017e-03
34.826681	-3.023076356e-03
34.831681	-2.170353838e-03
34.836681	-1.263287401e-03
34.841682	-4.186765847e-04
34.846682	3.280465551e-04
34.851682	1.013122646e-03
34.856682	1.681284212e-03
34.861683	2.318555954e-03
34.866683	2.838567542e-03
34.871683	3.132041124e-03
34.876683	3.134613633e-03
34.881683	2.856938627e-03
34.886684	2.357414014e-03
34.891684	1.688524996e-03
34.896684	8.710308622e-04
34.901684	-7.931637654e-05
34.906685	-1.108437609e-03
34.911685	-2.120391306e-03
34.916685	-3.021181816e-03
34.921685	-3.765375221e-03
34.926686	-4.362748852e-03
34.931686	-4.837997038e-03
34.936686	-5.173881263e-03
34.941686	-5.288476709e-03
34.946687	-5.076527639e-03
34.951687	-4.489539513e-03
34.956687	-3.590155318e-03
34.961687	-2.533901863e-03
34.966688	-1.493064079e-03
34.971688	-5.830751071e-04
34.976688	1.659818032e-04
34.981688	7.957708626e-04
34.986689	1.380176584e-03
34.991689	1.972539130e-03
34.996689	2.566770087e-03
35.001689	3.102815134e-03
35.006690	3.511516225e-03
35.011690	3.756908432e-03
35.016690	3.840578463e-03
35.021690	3.773637155e-03
35.026690	3.552020347e-03
35.031691	3.162757269e-03
35.036691	2.616396696e-03
35.041691	1.975779779e-03
35.046691	1.351008445e-03
35.051692	8.543939535e-04
35.056692	5.436907855e-04
35.061692	3.974335826e-04
35.066692	3.417421782e-04
35.071693	3.047338885e-04
35.076693	2.561689127e-04
35.081693	2.095542686e-04
35.086693	1.958181913e-04
35.091694	2.339019170e-04
35.096694	3.179889109e-04
35.101694	4.228705295e-04
35.106694	5.147310130e-04
35.111695	5.571341784e-04
35.116695	5.140973176e-04
35.121695	3.572070268e-04
35.126695	7.882547917e-05
35.131696	-2.942267991e-04
35.136696	-6.974630706e-04
35.141696	-1.046086469e-03
35.146696	-1.272053073e-03
35.151697	-1.361466273e-03
35.156697	-1.363901861e-03
35.161697	-1.362671911e-03
35.166697	-1.426150228e-03
35.171697	-1.573758244e-03
35.176698	-1.776273830e-03
35.181698	-1.985663145e-03
35.186698	-2.171902046e-03
35.191698	-2.340597176e-03
35.196699	-2.519549798e-03
35.201699	-2.728143620e-03
35.206699	-2.957565788e-03
35.211699	-3.177606673e-03
35.216700	-3.361574952e-03
35.221700	-3.507899836e-03
35.226700	-3.641535392e-03
35.231700	-3.793503779e-03
35.236701	-3.973069845e-03
35.241701	-4.153376347e-03
35.246701	-4.282047102e-03
35.251701	-4.309434042e-03
35.256702	-4.213897650e-03
35.261702	-4.007556429e-03
35.266702	-3.723450243e-03
35.271702	-3.398358200e-03
35.276703	-3.062934724e-03
35.281703	-2.739676048e-03
35.286703	-2.443050939e-03
35.291703	-2.178206079e-03
35.296704	-1.940276486e-03
35.301704	-1.719380939e-03
35.306704	-1.511990978e-03
35.311704	-1.330861946e-03
35.316704	-1.203619451e-03
35.321705	-1.158391101e-03
35.326705	-1.205925933e-03
35.331705	-1.331282767e-03
35.336705	-1.500870637e-03
35.341706	-1.679050473e-03
35.346706	-1.843116870e-03
35.351706	-1.988332113e-03
35.356706	-2.120781987e-03
35.361707	-2.242684672e-03
35.366707	-2.340412804e-03
35.371707	-2.384517830e-03
35.376707	-2.342407084e-03
35.381708	-2.195112308e-03
35.386708	-1.946874525e-03
35.391708	-1.621575260e-03
35.396708	-1.249375580e-03
35.401709	-8.530600833e-04
35.406709	-4.431389068e-04
35.411709	-2.558930203e-05
35.416709	3.840991664e-04
35.421710	7.580777218e-04
35.426710	1.075170138e-03
35.431710	1.344262237e-03
35.436710	1.601846879e-03
35.441711	1.880023489e-03
35.446711	2.174084405e-03
35.451711	2.438844725e-03
35.456711	2.614948391e-03
35.461711	2.661597960e-03
35.466712	2.571580617e-03
35.471712	2.363804685e-03
35.476712	2.066782709e-03
35.481712	1.709058735e-03
35.486713	1.321918654e-03
35.491713	9.458050654e-04
35.496713	6.258992936e-04
35.501713	3.928509411e-04
35.506714	2.440686649e-04
35.511714	1.453440094e-04
35.516714	5.201347502e-05
35.521714	-7.032599295e-05
35.526715	-2.382362773e-04
35.531715	-4.521070665e-04
35.536715	-7.011751745e-04
35.541715	-9.704517960e-04
35.546716	-1.246782698e-03
35.551716	-1.519490134e-03
35.556716	-1.775212423e-03
35.561716	-1.992701570e-03
35.566717	-2.143996245e-03
35.571717	-2.202638083e-03
35.576717	-2.153445266e-03
35.581717	-1.997254264e-03
35.586718	-1.748408749e-03
35.591718	-1.428496939e-03
35.596718	-1.061474264e-03
35.601718	-6.721374951e-04
35.606718	-2.863166861e-04
35.611719	7.000846750e-05
35.616719	3.742302323e-04
35.621719	6.131480308e-04
35.626719	7.901807149e-04
35.631720	9.286714836e-04
35.636720	1.063136877e-03
35.641720	1.218237807e-03
35.646720	1.390136995e-03
35.651721	1.546932319e-03
35.656721	1.647972042e-03
35.661721	1.665283894e-03
35.666721	1.591672477e-03
35.671722	1.434398917e-03
35.676722	1.205488143e-03
35.681722	9.205910071e-04
35.686722	6.079995091e-04
35.691723	3.159038331e-04
35.696723	1.027226625e-04
35.701723	9.627904377e-06
35.706723	3.498621875e-05
35.711724	1.343705726e-04
35.716724	2.486712227e-04
35.721724	3.378750176e-04
35.726724	3.965610030e-04
35.731725	4.473008324e-04
35.736725	5.241258115e-04
35.741725	6.571504400e-04
35.746725	8.620747416e-04
35.751725	1.134866633e-03
35.756726	1.451935543e-03
35.761726	1.776817115e-03
35.766726	2.072333424e-03
35.771726	2.312807014e-03
35.776727	2.490904440e-03
35.781727	2.617980128e-03
35.786727	2.718660234e-03
35.791727	2.820699963e-03
35.796728	2.943829565e-03
35.801728	3.092961773e-03
35.806728	3.258531901e-03
35.811728	3.422922802e-03
35.816729	3.569414755e-03
35.821729	3.689209592e-03
35.826729	3.783145296e-03
35.831729	3.856975386e-03
35.836730	3.912572683e-03
35.841730	3.941746318e-03
35.846730	3.928921502e-03
35.851730	3.860720910e-03
35.856731	3.733766120e-03
35.861731	3.555401633e-03
35.866731	3.339482341e-03
35.871731	3.102030415e-03
35.876732	2.859442280e-03
35.881732	2.628346644e-03
35.886732	2.424445498e-03
35.891732	2.259127439e-03
35.896732	2.134652257e-03
35.901733	2.040103322e-03
35.906733	1.951769610e-03
35.911733	1.840254774e-03
35.916733	1.681679010e-03
35.921734	1.466929631e-03
35.926734	1.203839657e-03
35.931734	9.113170113e-04
35.936734	6.096035398e-04
35.941735	3.124607929e-04
35.946735	0.000000000e+00
