Velocity, Vel [m/s]
4441,0
0.00000000,0.0000000000000000
0.00390000,-0.0000555218553969
0.00780000,-0.0000533299635355
0.01170000,-0.0000500046930361
0.01560000,-0.0000455171480241
0.01950000,-0.0000396586708851
0.02340000,-0.0000322263994096
0.02730000,-0.0000232776611912
0.03120000,-0.0000133419808573
0.03510000,-0.0000036204342630
0.03910000,0.0000041422392051
0.04300000,0.0000081102449719
0.04690000,0.0000064756277909
0.05080000,-0.0000020837897014
0.05470000,-0.0000178210510721
0.05860000,-0.0000398795096375
0.06250000,-0.0000662654962459
0.06640000,-0.0000942549309998
0.07030000,-0.0001210784023532
0.07420000,-0.0001444837605584
0.07810000,-0.0001633428296826
0.08200000,-0.0001779570203621
0.08590000,-0.0001904415137232
0.08980000,-0.0002048510981494
0.09370000,-0.0002264214304791
0.09760000,-0.0002616002193060
0.10160000,-0.0003160694303297
0.10550000,-0.0003925030155521
0.10940000,-0.0004922783414902
0.11330000,-0.0006141547123793
0.11720000,-0.0007526243681505
0.12110000,-0.0008994212874341
0.12500000,-0.0010440663255154
0.12890000,-0.0011756301030665
0.13280000,-0.0012846182073832
0.13670000,-0.0013640980767738
0.14060000,-0.0014107450655446
0.14450000,-0.0014257655078387
0.14840000,-0.0014153230588647
0.15230000,-0.0013899271422116
0.15620000,-0.0013631224567188
0.16010000,-0.0013472931734597
0.16410000,-0.0013524019666606
0.16800000,-0.0013857409293981
0.17190000,-0.0014469755088367
0.17580000,-0.0015289531757757
0.17970000,-0.0016204094292134
0.18360000,-0.0017068834792719
0.18750000,-0.0017754618245734
0.19140000,-0.0018182385278235
0.19530000,-0.0018336076939074
0.19920000,-0.0018259946260322
0.20310000,-0.0018041090427950
0.20700000,-0.0017792899414253
0.21090000,-0.0017632894823641
0.21480000,-0.0017655227665665
0.21870000,-0.0017906130813807
0.22260000,-0.0018379791353976
0.22660000,-0.0019033538688586
0.23050000,-0.0019812438453609
0.23440000,-0.0020673720103651
0.23830000,-0.0021595252415797
0.24220000,-0.0022580664170488
0.24610000,-0.0023669633254770
0.25000000,-0.0024935018415983
0.25390000,-0.0026459426123921
0.25780000,-0.0028298910386652
0.26170000,-0.0030455246209790
0.26560000,-0.0032884538492123
0.26950000,-0.0035515704181085
0.27340000,-0.0038273807117996
0.27730000,-0.0041089191539114
0.28120000,-0.0043889039997041
0.28510000,-0.0046665366888241
0.28910000,-0.0049447462169072
0.29300000,-0.0052237068411158
0.29690000,-0.0055067254347434
0.30080000,-0.0057917015255561
0.30470000,-0.0060654973905727
0.30860000,-0.0063118196737749
0.31250000,-0.0065127912222676
0.31640000,-0.0066517482151586
0.32030000,-0.0067159531292608
0.32420000,-0.0066996362054989
0.32810000,-0.0066061775543102
0.33200000,-0.0064485696057506
0.33590000,-0.0062432185502703
0.33980000,-0.0060026882620949
0.34370000,-0.0057369792859511
0.34760000,-0.0054419389840138
0.35160000,-0.0051134581836528
0.35550000,-0.0047610081756216
0.35940000,-0.0043789129095116
0.36330000,-0.0039594092960893
0.36720000,-0.0035103439186110
0.37110000,-0.0030450688136755
0.37500000,-0.0025865811328657
0.37890000,-0.0021613892144447
0.38280000,-0.0017919426878231
0.38670000,-0.0014950371653803
0.39060000,-0.0012769116818320
0.39450000,-0.0011316655470885
0.39840000,-0.0010383213054755
0.40230000,-0.0009631049403734
0.40620000,-0.0008701361928746
0.41010000,-0.0007242294493764
0.41410000,-0.0005037693918706
0.41800000,-0.0002087241696131
0.42190000,0.0001555214198207
0.42580000,0.0005722753004761
0.42970000,0.0010076432169588
0.43360000,0.0014230388018945
0.43750000,0.0017810352782101
0.44140000,0.0020534554132630
0.44530000,0.0022254880143864
0.44920000,0.0022940006121506
0.45310000,0.0022694297782964
0.45700000,0.0021766713475411
0.46090000,0.0020568968575416
0.46480000,0.0019636097765429
0.46870000,0.0019509381259609
0.47260000,0.0020740486820358
0.47660000,0.0023762893088379
0.48050000,0.0028771205953611
0.48440000,0.0035854573105028
0.48830000,0.0044878729045779
0.49220000,0.0055412573071190
0.49610000,0.0066889182961417
0.50000000,0.0078666797513624
0.50390000,0.0090095715830859
0.50780000,0.0100556966362436
0.51170000,0.0109500455473665
0.51560000,0.0116541233069860
0.51950000,0.0121548298688269
0.52340000,0.0124658149480928
0.52730000,0.0126206563091935
0.53120000,0.0126651152426988
0.53510000,0.0126451392227016
0.53910000,0.0126046510108107
0.54300000,0.0125804978804465
0.54690000,0.0125803153908025
0.55080000,0.0125791645633070
0.55470000,0.0125274913205585
0.55860000,0.0123567917509403
0.56250000,0.0119933925258450
0.56640000,0.0113670248731166
0.57030000,0.0104175853875251
0.57420000,0.0091111436349315
0.57810000,0.0074450983697675
0.58200000,0.0054617341174696
0.58590000,0.0032346808478136
0.58980000,0.0008512010793897
0.59370000,-0.0015759647087112
0.59760000,-0.0039890785133445
0.60160000,-0.0063317935641978
0.60550000,-0.0084965020427154
0.60940000,-0.0104850041234035
0.61330000,-0.0123445587518874
0.61720000,-0.0140893731583327
0.62110000,-0.0157608948384031
0.62500000,-0.0173949073577314
0.62890000,-0.0190221451721749
0.63280000,-0.0206703127156582
0.63670000,-0.0223446552334626
0.64060000,-0.0240328747053981
0.64450000,-0.0257026531100956
0.64840000,-0.0273143717174548
0.65230000,-0.0288274242404677
0.65620000,-0.0301910745005009
0.66010000,-0.0313702136319220
0.66410000,-0.0323323696374407
0.66800000,-0.0330392958909678
0.67190000,-0.0335049858279131
0.67580000,-0.0337702077186234
0.67970000,-0.0338706166947473
0.68360000,-0.0338550228820802
0.68750000,-0.0337749423970949
0.69140000,-0.0336808971048892
0.69530000,-0.0336126625095060
0.69920000,-0.0335851070683027
0.70310000,-0.0335875951478768
0.70700000,-0.0335939207198024
0.71090000,-0.0335727315043490
0.71480000,-0.0334929958214257
0.71870000,-0.0333330045860462
0.72260000,-0.0330728279045570
0.72660000,-0.0327187191514262
0.73050000,-0.0323213020608681
0.73440000,-0.0319343241226514
0.73830000,-0.0316123702651807
0.74220000,-0.0314131374613076
0.74610000,-0.0313784100924285
0.75000000,-0.0315383649149096
0.75390000,-0.0319058047091962
0.75780000,-0.0324686692331309
0.76170000,-0.0331918663390591
0.76560000,-0.0340284068682004
0.76950000,-0.0349316184898026
0.77340000,-0.0358621096335565
0.77730000,-0.0367846509035702
0.78120000,-0.0376563663805030
0.78510000,-0.0384436339695593
0.78910000,-0.0391071899056636
0.79300000,-0.0395824465296988
0.79690000,-0.0398096963372613
0.80080000,-0.0397168778861108
0.80470000,-0.0392146205557159
0.80860000,-0.0382319118634608
0.81250000,-0.0367238831992040
0.81640000,-0.0346778719194814
0.82030000,-0.0321171272234004
0.82420000,-0.0291089172509571
0.82810000,-0.0257689148238431
0.83200000,-0.0222644618902799
0.83590000,-0.0187918663769221
0.83980000,-0.0155472236350534
0.84370000,-0.0127207839306197
0.84760000,-0.0104218586717573
0.85160000,-0.0087050323041457
0.85550000,-0.0075918310961640
0.85940000,-0.0069360694198253
0.86330000,-0.0064730601513488
0.86720000,-0.0058966870638990
0.87110000,-0.0048460615357809
0.87500000,-0.0029704600451354
0.87890000,0.0000266644389428
0.88280000,0.0043443313744202
0.88670000,0.0100193130377657
0.89060000,0.0169150730844420
0.89450000,0.0247027249842033
0.89840000,0.0329146963940391
0.90230000,0.0410137185218995
0.90620000,0.0484106795285385
0.91010000,0.0546953603543684
0.91410000,0.0595733973258795
0.91800000,0.0627906770707244
0.92190000,0.0644803530986191
0.92580000,0.0650064134639971
0.92970000,0.0647672319564581
0.93360000,0.0642759375814550
0.93750000,0.0640310823788639
0.94140000,0.0644553018877018
0.94530000,0.0658527815247155
0.94920000,0.0683439736683720
0.95310000,0.0718816032830961
0.95700000,0.0762530751126040
0.96090000,0.0811391318392166
0.96480000,0.0861703668316877
0.96870000,0.0909395638284396
0.97260000,0.0951646880691663
0.97660000,0.0986394696416439
0.98050000,0.1011729055863233
0.98440000,0.1028286651899958
0.98830000,0.1038123215441540
0.99220000,0.1043396725912101
0.99610000,0.1047060535009861
1.00000000,0.1052018795529669
1.00390000,0.1060695752573881
1.00780000,0.1074736114878289
1.01170000,0.1094615819441005
1.01560000,0.1119851637825220
1.01950000,0.1149081386897323
1.02340000,0.1180437156145614
1.02730000,0.1211870195815100
1.03120000,0.1241206226260247
1.03510000,0.1267127719688077
1.03910000,0.1288771296567586
1.04300000,0.1305188365543621
1.04690000,0.1316674365148081
1.05080000,0.1324004283861629
1.05470000,0.1327677942783065
1.05860000,0.1328470589699723
1.06250000,0.1327043918794092
1.06640000,0.1323829826116486
1.07030000,0.1319033524129491
1.07420000,0.1312658741140738
1.07810000,0.1304746352925622
1.08200000,0.1295521500829512
1.08590000,0.1285418937784420
1.08980000,0.1275029521720941
1.09370000,0.1265121184422680
1.09760000,0.1256306585983108
1.10160000,0.1249010220447911
1.10550000,0.1243328688808752
1.10940000,0.1238254809977400
1.11330000,0.1231813695184708
1.11720000,0.1221490314953319
1.12110000,0.1204356167389065
1.12500000,0.1177592575203109
1.12890000,0.1138926209575644
1.13280000,0.1087011877468414
1.13670000,0.1021969929655466
1.14060000,0.0945312156364790
1.14450000,0.0860087139341987
1.14840000,0.0770203427343588
1.15230000,0.0679732603244871
1.15620000,0.0593141275276674
1.16010000,0.0512366052050055
1.16410000,0.0438289738642448
1.16800000,0.0372248542884699
1.17190000,0.0310897896186941
1.17580000,0.0248507083617587
1.17970000,0.0179811953734175
1.18360000,0.0098714859324762
1.18750000,0.0000289602028283
1.19140000,-0.0118280545987009
1.19530000,-0.0257273064587491
1.19920000,-0.0413731371980669
1.20310000,-0.0582577015967518
1.20700000,-0.0757045121214855
1.21090000,-0.0930369809131070
1.21480000,-0.1096982532360706
1.21870000,-0.1251613148313869
1.22260000,-0.1393591863835562
1.22660000,-0.1523239117158410
1.23050000,-0.1638264752900961
1.23440000,-0.1742117727171607
1.23830000,-0.1839900598786865
1.24220000,-0.1934033697683219
1.24610000,-0.2027694881023616
1.25000000,-0.2122878305841309
1.25390000,-0.2220295641331097
1.25780000,-0.2319688625010103
1.26170000,-0.2419370881090278
1.26560000,-0.2517078763311716
1.26950000,-0.2610057899677359
1.27340000,-0.2695646354494903
1.27730000,-0.2771583508221640
1.28120000,-0.2835735268985214
1.28510000,-0.2887503770108054
1.28910000,-0.2926765848638281
1.29300000,-0.2952718017724398
1.29690000,-0.2966248435970616
1.30080000,-0.2968629567173866
1.30470000,-0.2960340835897411
1.30860000,-0.2942297209684742
1.31250000,-0.2915423400763794
1.31640000,-0.2880626043968018
1.32030000,-0.2838746908448372
1.32420000,-0.2790519988611276
1.32810000,-0.2736457242049256
1.33200000,-0.2677110378494513
1.33590000,-0.2612740930763432
1.33980000,-0.2543150616652853
1.34370000,-0.2468808490806178
1.34760000,-0.2388398770453080
1.35160000,-0.2301399824582175
1.35550000,-0.2210316068066854
1.35940000,-0.2114605089322233
1.36330000,-0.2012998665557289
1.36720000,-0.1906254368820058
1.37110000,-0.1794857677785542
1.37500000,-0.1680294725428031
1.37890000,-0.1564885346220750
1.38280000,-0.1451215937572963
1.38670000,-0.1342223961258571
1.39060000,-0.1240448401366854
1.39450000,-0.1148021102654026
1.39840000,-0.1066123158161378
1.40230000,-0.0994713535903304
1.40620000,-0.0933130970432019
1.41010000,-0.0878691416888063
1.41410000,-0.0828394115888185
1.41800000,-0.0780553998959864
1.42190000,-0.0731708083052137
1.42580000,-0.0678308983178887
1.42970000,-0.0618501986886135
1.43360000,-0.0550784475001933
1.43750000,-0.0474680306462652
1.44140000,-0.0390596266771029
1.44530000,-0.0299463437284838
1.44920000,-0.0202907725506939
1.45310000,-0.0102681865605055
1.45700000,-0.0000899173363163
1.46090000,0.0100433547963975
1.46480000,0.0199631100497420
1.46870000,0.0294329129915650
1.47260000,0.0384059812927687
1.47660000,0.0467928760237889
1.48050000,0.0542518329113970
1.48440000,0.0607716902025324
1.48830000,0.0664562299295663
1.49220000,0.0712879411937622
1.49610000,0.0753816060113917
1.50000000,0.0788726035588915
1.50390000,0.0819080088987341
1.50780000,0.0846484394761222
1.51170000,0.0872111098074468
1.51560000,0.0896833938522641
1.51950000,0.0920973482807094
1.52340000,0.0944342934853094
1.52730000,0.0966258835431681
1.53120000,0.0985504283079678
1.53510000,0.1000910884364469
1.53910000,0.1011352859198083
1.54300000,0.1015723522200413
1.54690000,0.1013765618925497
1.55080000,0.1005790568520390
1.55470000,0.0992334378141629
1.55860000,0.0974382501039713
1.56250000,0.0953081054473483
1.56640000,0.0929523434522234
1.57030000,0.0904575226505848
1.57420000,0.0878813485097217
1.57810000,0.0852553241252637
1.58200000,0.0826028855253582
1.58590000,0.0799394488212510
1.58980000,0.0772747331938178
1.59370000,0.0746517035123367
1.59760000,0.0720852625389065
1.60160000,0.0696396570973722
1.60550000,0.0674899764088292
1.60940000,0.0657427861319700
1.61330000,0.0644864279688409
1.61720000,0.0638472547764800
1.62110000,0.0639014937771553
1.62500000,0.0646870418302719
1.62890000,0.0661854129394701
1.63280000,0.0683122485736387
1.63670000,0.0709344993014252
1.64060000,0.0738892592494818
1.64450000,0.0769993171803631
1.64840000,0.0800964643299023
1.65230000,0.0830437075066206
1.65620000,0.0857295340785468
1.66010000,0.0881470409865994
1.66410000,0.0903357521146781
1.66800000,0.0923165085498082
1.67190000,0.0942244239417235
1.67580000,0.0962341739898702
1.67970000,0.0984770227493800
1.68360000,0.1010851904923845
1.68750000,0.1041464441541255
1.69140000,0.1076964383322289
1.69530000,0.1117263751178461
1.69920000,0.1161719252191623
1.70310000,0.1209366250725822
1.70700000,0.1258830123933178
1.71090000,0.1308617846992000
1.71480000,0.1357346544360111
1.71870000,0.1403394634454280
1.72260000,0.1446079389566910
1.72660000,0.1484570120367174
1.73050000,0.1516942332327540
1.73440000,0.1542886491657177
1.73830000,0.1562815226352524
1.74220000,0.1576791765059805
1.74610000,0.1585619207546712
1.75000000,0.1590320395785651
1.75390000,0.1592168406735440
1.75780000,0.1592775658715902
1.76170000,0.1593763935459717
1.76560000,0.1596672165174768
1.76950000,0.1602570272540244
1.77340000,0.1612002033408164
1.77730000,0.1624994746376022
1.78120000,0.1640879279433059
1.78510000,0.1658903657892158
1.78910000,0.1677811493647506
1.79300000,0.1695566513441332
1.79690000,0.1710858084650697
1.80080000,0.1722859552308572
1.80470000,0.1730836572210795
1.80860000,0.1734709718825616
1.81250000,0.1734799662125546
1.81640000,0.1731768838265279
1.82030000,0.1726517939268624
1.82420000,0.1719919237591507
1.82810000,0.1712648127721266
1.83200000,0.1705112258914293
1.83590000,0.1697464541717573
1.83980000,0.1689664649825136
1.84370000,0.1681654225549282
1.84760000,0.1673083200484148
1.85160000,0.1663676083058701
1.85550000,0.1653615311178087
1.85940000,0.1642898890780351
1.86330000,0.1631582261826196
1.86720000,0.1619975332158625
1.87110000,0.1608221896903452
1.87500000,0.1596395371998250
1.87890000,0.1584474689558081
1.88280000,0.1572243123401371
1.88670000,0.1559321890992063
1.89060000,0.1545042218848743
1.89450000,0.1528714253805818
1.89840000,0.1509677686097139
1.90230000,0.1487367417872538
1.90620000,0.1461758228804091
1.91010000,0.1432325384557265
1.91410000,0.1399068910830362
1.91800000,0.1363464608527908
1.92190000,0.1326081391216599
1.92580000,0.1287358620781415
1.92970000,0.1248447433411717
1.93360000,0.1210072457734725
1.93750000,0.1172910808331219
1.94140000,0.1137476513816361
1.94530000,0.1103876509048503
1.94920000,0.1071935769867277
1.95310000,0.1041025445257925
1.95700000,0.1010440448885358
1.96090000,0.0979426145276475
1.96480000,0.0947223439670226
1.96870000,0.0913590791545207
1.97260000,0.0877627736954541
1.97660000,0.0838973967445359
1.98050000,0.0798867267901753
1.98440000,0.0757332288840336
1.98830000,0.0714091758258072
1.99220000,0.0669639264624291
1.99610000,0.0624024877322998
2.00000000,0.0577370700869514
2.00390000,0.0529785468445981
2.00780000,0.0481113622157552
2.01170000,0.0431173661616632
2.01560000,0.0379507896431806
2.01950000,0.0325826815673894
2.02340000,0.0269807979947214
2.02730000,0.0211000272283412
2.03120000,0.0149695492290529
2.03510000,0.0084882124518981
2.03910000,0.0016317350625634
2.04300000,-0.0053617339263697
2.04690000,-0.0124696160296892
2.05080000,-0.0197009796405459
2.05470000,-0.0268963116015851
2.05860000,-0.0339440986346773
2.06250000,-0.0407115362561537
2.06640000,-0.0470759472931152
2.07030000,-0.0529647533349747
2.07420000,-0.0583266482851405
2.07810000,-0.0631516268465006
2.08200000,-0.0674422813653565
2.08590000,-0.0712242357910142
2.08980000,-0.0745484583886995
2.09370000,-0.0774536396979282
2.09760000,-0.0800298686951952
2.10160000,-0.0823409961386112
2.10550000,-0.0843607167860885
2.10940000,-0.0861396589229224
2.11330000,-0.0877402253595210
2.11720000,-0.0891646422862395
2.12110000,-0.0904295596449393
2.12500000,-0.0915442121275711
2.12890000,-0.0925212648932670
2.13280000,-0.0933845548666582
2.13670000,-0.0941519988887818
2.14060000,-0.0948331004843294
2.14450000,-0.0954227583073156
2.14840000,-0.0959038889459096
2.15230000,-0.0962480315269103
2.15620000,-0.0964176195478366
2.16010000,-0.0963648529275646
2.16410000,-0.0960521157120376
2.16800000,-0.0954772668210874
2.17190000,-0.0946723671490873
2.17580000,-0.0937130798659051
2.17970000,-0.0927192662986745
2.18360000,-0.0918398057103962
2.18750000,-0.0912413321687226
2.19140000,-0.0910862396572965
2.19530000,-0.0915057948114587
2.19920000,-0.0925703771413460
2.20310000,-0.0942857319145004
2.20700000,-0.0965845892476017
2.21090000,-0.0993491177674556
2.21480000,-0.1024307342129809
2.21870000,-0.1056314011659911
2.22260000,-0.1088232606084218
2.22660000,-0.1118885895715511
2.23050000,-0.1146595182008774
2.23440000,-0.1171374767590972
2.23830000,-0.1194037999961630
2.24220000,-0.1215160093234186
2.24610000,-0.1235877878631072
2.25000000,-0.1257340314610222
2.25390000,-0.1280554912836140
2.25780000,-0.1306330154141181
2.26170000,-0.1334997437375988
2.26560000,-0.1366632013508019
2.26950000,-0.1400926773698785
2.27340000,-0.1437388091484742
2.27730000,-0.1475412032785231
2.28120000,-0.1513869566719919
2.28510000,-0.1552354581286750
2.28910000,-0.1590176752173002
2.29300000,-0.1625367508862789
2.29690000,-0.1657227176565154
2.30080000,-0.1685345149153147
2.30470000,-0.1708659813871457
2.30860000,-0.1726820077214260
2.31250000,-0.1739879922641688
2.31640000,-0.1748352758053023
2.32030000,-0.1753209079955504
2.32420000,-0.1755542480383629
2.32810000,-0.1756534266254868
2.33200000,-0.1757231552124162
2.33590000,-0.1758488986750821
2.33980000,-0.1760912773667394
2.34370000,-0.1764753718389208
2.34760000,-0.1770086248959046
2.35160000,-0.1776601558009590
2.35550000,-0.1783433513275704
2.35940000,-0.1789627343669730
2.36330000,-0.1794127327118898
2.36720000,-0.1795812594240449
2.37110000,-0.1793849542000562
2.37500000,-0.1787704341183673
2.37890000,-0.1777174120926298
2.38280000,-0.1762411676465853
2.38670000,-0.1743952190083557
2.39060000,-0.1722650264559974
2.39450000,-0.1699630693895553
2.39840000,-0.1676069582321142
2.40230000,-0.1653017161223309
2.40620000,-0.1631504587928707
2.41010000,-0.1611884602092310
2.41410000,-0.1594262640363125
2.41800000,-0.1578938161529739
2.42190000,-0.1565199157544349
2.42580000,-0.1551965558770578
2.42970000,-0.1538501345501192
2.43360000,-0.1523990536991291
2.43750000,-0.1507857412298933
2.44140000,-0.1489825000410157
2.44530000,-0.1469921647812808
2.44920000,-0.1448596967688802
2.45310000,-0.1426543445765911
2.45700000,-0.1404622225843172
2.46090000,-0.1383641158398063
2.46480000,-0.1364227966144603
2.46870000,-0.1346946401351108
2.47260000,-0.1331792624961264
2.47660000,-0.1318564184696528
2.48050000,-0.1307250566879549
2.48440000,-0.1297131996656463
2.48830000,-0.1287308319990171
2.49220000,-0.1277244171878006
2.49610000,-0.1266430630879543
2.50000000,-0.1254650464865537
2.50390000,-0.1242049835384912
2.50780000,-0.1229151751723388
2.51170000,-0.1216849561623615
2.51560000,-0.1206256072070148
2.51950000,-0.1198489855351049
2.52340000,-0.1194529304007612
2.52730000,-0.1195090567711862
2.53120000,-0.1200366389900437
2.53510000,-0.1210301119989941
2.53910000,-0.1224228719555538
2.54300000,-0.1240639228346100
2.54690000,-0.1258179594026676
2.55080000,-0.1275520928617585
2.55470000,-0.1291165608993863
2.55860000,-0.1303959683788127
2.56250000,-0.1313109864689720
2.56640000,-0.1318369361405473
2.57030000,-0.1320168120548298
2.57420000,-0.1319473305413719
2.57810000,-0.1317663959307038
2.58200000,-0.1316229878448074
2.58590000,-0.1316604440529258
2.58980000,-0.1319983482491369
2.59370000,-0.1326989234032141
2.59760000,-0.1337909901104052
2.60160000,-0.1352310121286335
2.60550000,-0.1368778246632182
2.60940000,-0.1385903621012763
2.61330000,-0.1402109190291977
2.61720000,-0.1415486356743191
2.62110000,-0.1424370475560722
2.62500000,-0.1427430012994271
2.62890000,-0.1423864063064227
2.63280000,-0.1413469688482481
2.63670000,-0.1396591003273704
2.64060000,-0.1373908230804384
2.64450000,-0.1346451142410440
2.64840000,-0.1315343043244477
2.65230000,-0.1281569308950790
2.65620000,-0.1246275781848056
2.66010000,-0.1209400143631790
2.66410000,-0.1170804063875593
2.66800000,-0.1131406602357353
2.67190000,-0.1090473150415769
2.67580000,-0.1046755246345005
2.67970000,-0.0999771384145298
2.68360000,-0.0948714267023828
2.68750000,-0.0893137279034015
2.69140000,-0.0833003052919567
2.69530000,-0.0768479987433755
2.69920000,-0.0700158026563318
2.70310000,-0.0628584961136800
2.70700000,-0.0554582747783359
2.71090000,-0.0478805226963246
2.71480000,-0.0401434072143897
2.71870000,-0.0323092268632888
2.72260000,-0.0242221847895152
2.72660000,-0.0157750212208176
2.73050000,-0.0071651439559477
2.73440000,0.0016718516014384
2.73830000,0.0108172548746474
2.74220000,0.0201149613628358
2.74610000,0.0294394411750065
2.75000000,0.0386086615353953
2.75390000,0.0474277103419037
2.75780000,0.0557529036651140
2.76170000,0.0634714937941186
2.76560000,0.0705454736542736
2.76950000,0.0769740729978206
2.77340000,0.0828060169408423
2.77730000,0.0881340858030738
2.78120000,0.0930195432273300
2.78510000,0.0976100546733085
2.78910000,0.1019881078530694
2.79300000,0.1060439777226315
2.79690000,0.1097952783726656
2.80080000,0.1132761524459659
2.80470000,0.1164158401370685
2.80860000,0.1191879044769205
2.81250000,0.1215654446922743
2.81640000,0.1235373889008320
2.82030000,0.1251287256045001
2.82420000,0.1263785266754748
2.82810000,0.1273529062757702
2.83200000,0.1281298145539380
2.83590000,0.1288033935112087
2.83980000,0.1294765117021749
2.84370000,0.1302276106952357
2.84760000,0.1311332758363500
2.85160000,0.1322216030742577
2.85550000,0.1334409125256727
2.85940000,0.1347561931439370
2.86330000,0.1361230068158903
2.86720000,0.1374578512752191
2.87110000,0.1386878466464324
2.87500000,0.1397492975303654
2.87890000,0.1406018184719167
2.88280000,0.1412375785701906
2.88670000,0.1416726488310167
2.89060000,0.1419464828505467
2.89450000,0.1421118014610550
2.89840000,0.1422290852413340
2.90230000,0.1423559465240979
2.90620000,0.1425299236105541
2.91010000,0.1427793072311515
2.91410000,0.1431119519324237
2.91800000,0.1435086651714028
2.92190000,0.1439607451117677
2.92580000,0.1444559376541904
2.92970000,0.1449641777691772
2.93360000,0.1454578326111023
2.93750000,0.1459132027239454
2.94140000,0.1463148749164127
2.94530000,0.1466548659778927
2.94920000,0.1469266451295060
2.95310000,0.1471270430094388
2.95700000,0.1472595254727411
2.96090000,0.1473357719998078
2.96480000,0.1473696975279546
2.96870000,0.1473677647008579
2.97260000,0.1473239766734721
2.97660000,0.1472197549524207
2.98050000,0.1470273835436658
2.98440000,0.1467152412156382
2.98830000,0.1462507543185652
2.99220000,0.1456045449517233
2.99610000,0.1447546882681458
3.00000000,0.1436875577025302
3.00390000,0.1423962273234863
3.00780000,0.1408809421016638
3.01170000,0.1391597182589727
3.01560000,0.1372730073512169
3.01950000,0.1352898083707964
3.02340000,0.1332890580519761
3.02730000,0.1313375303117831
3.03120000,0.1294938751875654
3.03510000,0.1277548905166797
3.03910000,0.1260992969500812
3.04300000,0.1245270240756627
3.04690000,0.1229494266025444
3.05080000,0.1212372031421583
3.05470000,0.1192838256710567
3.05860000,0.1169796747816204
3.06250000,0.1142487133004579
3.06640000,0.1110552624847183
3.07030000,0.1074036231380678
3.07420000,0.1033560996809783
3.07810000,0.0990239906542086
3.08200000,0.0945710908301349
3.08590000,0.0901821981975835
3.08980000,0.0860340043565837
3.09370000,0.0823073653931730
3.09760000,0.0790960640493673
3.10160000,0.0764729804584102
3.10550000,0.0745522156679028
3.10940000,0.0733103971392210
3.11330000,0.0726642383131755
3.11720000,0.0725589170190251
3.12110000,0.0729024518928467
3.12500000,0.0736039433678386
3.12890000,0.0745764355780860
3.13280000,0.0757417642998591
3.13670000,0.0770498096432239
3.14060000,0.0784871547535891
3.14450000,0.0800663028169375
3.14840000,0.0818221292589956
3.15230000,0.0838057630755865
3.15620000,0.0860429203718214
3.16010000,0.0886127768924349
3.16410000,0.0915536437260938
3.16800000,0.0947745611859603
3.17190000,0.0982488979890134
3.17580000,0.1019427827787253
3.17970000,0.1057407769451713
3.18360000,0.1095419839622632
3.18750000,0.1132333358532996
3.19140000,0.1167074342361593
3.19530000,0.1198911917146648
3.19920000,0.1227450842956647
3.20310000,0.1252795349046321
3.20700000,0.1275342757396868
3.21090000,0.1295761655787410
3.21480000,0.1314936492967923
3.21870000,0.1333637040711812
3.22260000,0.1352991677606568
3.22660000,0.1373759963351210
3.23050000,0.1395702134125131
3.23440000,0.1418910417085964
3.23830000,0.1443327052107833
3.24220000,0.1468220104774563
3.24610000,0.1492829991722751
3.25000000,0.1516230480659244
3.25390000,0.1537533467146119
3.25780000,0.1556151416920895
3.26170000,0.1571817163140503
3.26560000,0.1584670125491612
3.26950000,0.1595134405257755
3.27340000,0.1603910816571672
3.27730000,0.1611919946839305
3.28120000,0.1620046739441415
3.28510000,0.1629227377393582
3.28910000,0.1640007980999638
3.29300000,0.1652235376009644
3.29690000,0.1665724491959008
3.30080000,0.1680067248074270
3.30470000,0.1694413023130858
3.30860000,0.1707807281347960
3.31250000,0.1719206409858309
3.31640000,0.1727661815835022
3.32030000,0.1732478693334955
3.32420000,0.1733268396908981
3.32810000,0.1729914322545715
3.33200000,0.1722628418436148
3.33590000,0.1711894204554543
3.33980000,0.1698383372077945
3.34370000,0.1683046178018131
3.34760000,0.1666348565076447
3.35160000,0.1648716440412255
3.35550000,0.1631039071890215
3.35940000,0.1613366174010928
3.36330000,0.1595419442337321
3.36720000,0.1577134242148920
3.37110000,0.1558091594369104
3.37500000,0.1537868577943516
3.37890000,0.1516137100574891
3.38280000,0.1492644389141030
3.38670000,0.1467347993711305
3.39060000,0.1440250465702195
3.39450000,0.1411581243053250
3.39840000,0.1381675584985493
3.40230000,0.1350862845703582
3.40620000,0.1319765719852031
3.41010000,0.1288164943223288
3.41410000,0.1255977757989606
3.41800000,0.1224202580850248
3.42190000,0.1192572300366660
3.42580000,0.1160399468428092
3.42970000,0.1127528857011741
3.43360000,0.1093326187788716
3.43750000,0.1057203101344432
3.44140000,0.1018650330846154
3.44530000,0.0977118795450558
3.44920000,0.0932290746175628
3.45310000,0.0883866715133843
3.45700000,0.0831971001317248
3.46090000,0.0776972365743037
3.46480000,0.0719343048800635
3.46870000,0.0660320616641071
3.47260000,0.0599863712507447
3.47660000,0.0538384827236159
3.48050000,0.0478314748562941
3.48440000,0.0419600266702754
3.48830000,0.0361240700917543
3.49220000,0.0303057649538885
3.49610000,0.0243785506131959
3.50000000,0.0181985716487848
3.50390000,0.0116140744070797
3.50780000,0.0044642359543205
3.51170000,-0.0033453759204605
3.51560000,-0.0118535158623139
3.51950000,-0.0209761672453960
3.52340000,-0.0305451057707338
3.52730000,-0.0403478947924467
3.53120000,-0.0500545348864904
3.53510000,-0.0595442763235459
3.53910000,-0.0686715491718030
3.54300000,-0.0770420915783971
3.54690000,-0.0846612923339212
3.55080000,-0.0916816979152837
3.55470000,-0.0981161850754476
3.55860000,-0.1040970464502567
3.56250000,-0.1097403566913445
3.56640000,-0.1151456444961218
3.57030000,-0.1204190187648582
3.57420000,-0.1256172088860591
3.57810000,-0.1307799040063120
3.58200000,-0.1358971095940428
3.58590000,-0.1409424460010263
3.58980000,-0.1458931831832356
3.59370000,-0.1506772635870020
3.59760000,-0.1553153891012324
3.60160000,-0.1597839894168846
3.60550000,-0.1638969428178553
3.60940000,-0.1676339630796535
3.61330000,-0.1710195392854328
3.61720000,-0.1739872766963101
3.62110000,-0.1765206808598602
3.62500000,-0.1786000968250730
3.62890000,-0.1802131472877142
3.63280000,-0.1813670508064818
3.63670000,-0.1820668701334181
3.64060000,-0.1823198408328838
3.64450000,-0.1821374451748143
3.64840000,-0.1815381585364575
3.65230000,-0.1805451135129036
3.65620000,-0.1792007756805100
3.66010000,-0.1775062583912890
3.66410000,-0.1754722416526052
3.66800000,-0.1731719368147397
3.67190000,-0.1706183870053587
3.67580000,-0.1678083118534819
3.67970000,-0.1647714952796323
3.68360000,-0.1615184979707622
3.68750000,-0.1580711444006499
3.69140000,-0.1544642978324343
3.69530000,-0.1507344597931933
3.69920000,-0.1469260625234780
3.70310000,-0.1430725188107915
3.70700000,-0.1392131301549170
3.71090000,-0.1353801077521596
3.71480000,-0.1315895465508294
3.71870000,-0.1278796026360131
3.72260000,-0.1242064258106054
3.72660000,-0.1205501634939202
3.73050000,-0.1170118461958209
3.73440000,-0.1135759163710418
3.73830000,-0.1101984951535383
3.74220000,-0.1069063576881985
3.74610000,-0.1036944281894094
3.75000000,-0.1005702564399622
3.75390000,-0.0975472291886640
3.75780000,-0.0946281464521120
3.76170000,-0.0918210640157827
3.76560000,-0.0891256275275907
3.76950000,-0.0865480098375968
3.77340000,-0.0840887205141169
3.77730000,-0.0817348867181312
3.78120000,-0.0794844747079659
3.78510000,-0.0772888326111126
3.78910000,-0.0751180433895273
3.79300000,-0.0730185855018613
3.79690000,-0.0709762556511514
3.80080000,-0.0689713943060087
3.80470000,-0.0670386805265106
3.80860000,-0.0652037037699881
3.81250000,-0.0634989943281685
3.81640000,-0.0619504500861540
3.82030000,-0.0605659471785292
3.82420000,-0.0593475037334512
3.82810000,-0.0582937683714636
3.83200000,-0.0574065504183278
3.83590000,-0.0566872412914309
3.83980000,-0.0561353904518823
3.84370000,-0.0557524874534321
3.84760000,-0.0555500195827482
3.85160000,-0.0555460127936893
3.85550000,-0.0557531543857821
3.85940000,-0.0561767091860933
3.86330000,-0.0568151067029727
3.86720000,-0.0576682224072302
3.87110000,-0.0587494092899156
3.87500000,-0.0600818188463570
3.87890000,-0.0616871562829328
3.88280000,-0.0635760545154330
3.88670000,-0.0657372928170514
3.89060000,-0.0681457937443609
3.89450000,-0.0707531086452828
3.89840000,-0.0734994315660576
3.90230000,-0.0763243590076262
3.90620000,-0.0791434396353912
3.91010000,-0.0819407106290247
3.91410000,-0.0846907595531222
3.91800000,-0.0872832079043845
3.92190000,-0.0897142244048159
3.92580000,-0.0920180807976893
3.92970000,-0.0941893241567463
3.93360000,-0.0962616760726839
3.93750000,-0.0982635994613476
3.94140000,-0.1002158101802863
3.94530000,-0.1021427339013327
3.94920000,-0.1040614852730139
3.95310000,-0.1059944872259813
3.95700000,-0.1079509878303789
3.96090000,-0.1099317936124184
3.96480000,-0.1119351887479111
3.96870000,-0.1139383166477292
3.97260000,-0.1159619222357911
3.97660000,-0.1180084647843773
3.98050000,-0.1200052451577421
3.98440000,-0.1219452556465225
3.98830000,-0.1238377875339829
3.99220000,-0.1256502962163885
3.99610000,-0.1273636313584968
4.00000000,-0.1289424942558511
4.00390000,-0.1303412391024363
4.00780000,-0.1315192367878282
4.01170000,-0.1324423120933918
4.01560000,-0.1330887911795815
4.01950000,-0.1334494084985546
4.02340000,-0.1335289004938134
4.02730000,-0.1333482060364052
4.03120000,-0.1329506462288667
4.03510000,-0.1323670170236934
4.03910000,-0.1316259051628051
4.04300000,-0.1307701604368796
4.04690000,-0.1298048128409421
4.05080000,-0.1287203472088335
4.05470000,-0.1275142084841605
4.05860000,-0.1261638921996034
4.06250000,-0.1246410797574272
4.06640000,-0.1229215345874254
4.07030000,-0.1209911789650251
4.07420000,-0.1188562697938781
4.07810000,-0.1165305841732534
4.08200000,-0.1140457194537311
4.08590000,-0.1114451346560091
4.08980000,-0.1087814965220575
4.09370000,-0.1061413600588708
4.09760000,-0.1035547231458050
4.10160000,-0.1010609934748937
4.10550000,-0.0987770281332260
4.10940000,-0.0967231202284903
4.11330000,-0.0948916388924686
4.11720000,-0.0933183193367473
4.12110000,-0.0920043876531692
4.12500000,-0.0909530634133569
4.12890000,-0.0901710066007195
4.13280000,-0.0896596825289769
4.13670000,-0.0894181573612768
4.14060000,-0.0894344778969887
4.14450000,-0.0896889178635340
4.14840000,-0.0901602798560135
4.15230000,-0.0908280544366442
4.15620000,-0.0916570034614542
4.16010000,-0.0926208125896500
4.16410000,-0.0936804228489277
4.16800000,-0.0947688019768577
4.17190000,-0.0958597002365528
4.17580000,-0.0969424241733852
4.17970000,-0.0979925674477235
4.18360000,-0.0989986613551790
4.18750000,-0.0999515298726560
4.19140000,-0.1008416960354203
4.19530000,-0.1016526783524528
4.19920000,-0.1023531676462792
4.20310000,-0.1028971088676672
4.20700000,-0.1032366706785738
4.21090000,-0.1033251636602117
4.21480000,-0.1031157689741448
4.21870000,-0.1025784414144138
4.22260000,-0.1016586872024711
4.22660000,-0.1003287611108362
4.23050000,-0.0986333535426228
4.23440000,-0.0965852860380531
4.23830000,-0.0941973735133614
4.24220000,-0.0915205518852075
4.24610000,-0.0885964340276989
4.25000000,-0.0854745555322658
4.25390000,-0.0822031243112785
4.25780000,-0.0788114389058877
4.26170000,-0.0753195105774859
4.26560000,-0.0717249351666152
4.26950000,-0.0680303799154578
4.27340000,-0.0642298937240159
4.27730000,-0.0603011249305040
4.28120000,-0.0562625996392337
4.28510000,-0.0520400706729376
4.28910000,-0.0476050470760315
4.29300000,-0.0430956259328572
4.29690000,-0.0384932465911649
4.30080000,-0.0337368752243788
4.30470000,-0.0288548422012937
4.30860000,-0.0238271341025793
4.31250000,-0.0186436824245719
4.31640000,-0.0132968824680426
4.32030000,-0.0077647920895283
4.32420000,-0.0020480308118041
4.32810000,0.0038471160296187
4.33200000,0.0098724886833823
4.33590000,0.0159624692720984
4.33980000,0.0220465856497317
4.34370000,0.0279820242336003
4.34760000,0.0337300251838490
4.35160000,0.0392067900677399
4.35550000,0.0441562615114728
4.35940000,0.0485560066606391
4.36330000,0.0524739152915425
4.36720000,0.0559002614362811
4.37110000,0.0589075530953907
4.37500000,0.0615700730529252
4.37890000,0.0639602009996100
4.38280000,0.0661532528648424
4.38670000,0.0681902078119011
4.39060000,0.0700923618157881
4.39450000,0.0718541433771635
4.39840000,0.0734620749308471
4.40230000,0.0749039444658196
4.40620000,0.0761564091293398
4.41010000,0.0772188130148754
4.41410000,0.0780860765010603
4.41800000,0.0787261707305843
4.42190000,0.0791521374508724
4.42580000,0.0793880790263918
4.42970000,0.0794339439827361
4.43360000,0.0792992566006350
4.43750000,0.0789960267315049
4.44140000,0.0785431569257926
4.44530000,0.0779679714600529
4.44920000,0.0772994674355101
4.45310000,0.0765728638257515
4.45700000,0.0758310831281446
4.46090000,0.0751253321935930
4.46480000,0.0745083247595131
4.46870000,0.0740249200361138
4.47260000,0.0737107851857565
4.47660000,0.0735922939749735
4.48050000,0.0736861163392739
4.48440000,0.0739997892668947
4.48830000,0.0745252030896615
4.49220000,0.0752364070440104
4.49610000,0.0760976656051106
4.50000000,0.0770695622330891
4.50390000,0.0781119970059864
4.50780000,0.0791854838785029
4.51170000,0.0802522456946711
4.51560000,0.0812877327689628
4.51950000,0.0822818682725641
4.52340000,0.0832420923508561
4.52730000,0.0841889498342406
4.53120000,0.0851363420382010
4.53510000,0.0861283387123806
4.53910000,0.0872046924509196
4.54300000,0.0883649512246318
4.54690000,0.0896451649718404
4.55080000,0.0910797025506611
4.55470000,0.0926655906371862
4.55860000,0.0944013042552308
4.56250000,0.0962699591677258
4.56640000,0.0982356069274519
4.57030000,0.1002446900847603
4.57420000,0.1022262106649157
4.57810000,0.1041049505516058
4.58200000,0.1058062713999862
4.58590000,0.1072587524757350
4.58980000,0.1083950085184017
4.59370000,0.1091562926628038
4.59760000,0.1095024805429629
4.60160000,0.1094163174372043
4.60550000,0.1089018949355492
4.60940000,0.1079839992435428
4.61330000,0.1067057341202288
4.61720000,0.1051273775132178
4.62110000,0.1033222036655593
4.62500000,0.1013654457488260
4.62890000,0.0993222516248163
4.63280000,0.0972401916480927
4.63670000,0.0951539473458731
4.64060000,0.0930822476856932
4.64450000,0.0910352965484786
4.64840000,0.0890053134621608
4.65230000,0.0869659465698329
4.65620000,0.0849072209370315
4.66010000,0.0827807767021202
4.66410000,0.0805643902050583
4.66800000,0.0783175300319121
4.67190000,0.0760372472546718
4.67580000,0.0737193399502038
4.67970000,0.0714215580925957
4.68360000,0.0691932723339024
4.68750000,0.0670892786100355
4.69140000,0.0651579748477279
4.69530000,0.0634339368649228
4.69920000,0.0619485071617933
4.70310000,0.0607236790974438
4.70700000,0.0597698591818758
4.71090000,0.0590837233977271
4.71480000,0.0586538118849371
4.71870000,0.0584650042812121
4.72260000,0.0585106126565160
4.72660000,0.0587801140486750
4.73050000,0.0592463206765060
4.73440000,0.0598884961832179
4.73830000,0.0606910145970584
4.74220000,0.0616385790748631
4.74610000,0.0627228895324765
4.75000000,0.0639311417000622
4.75390000,0.0652409750728385
4.75780000,0.0666219256814949
4.76170000,0.0680356569534005
4.76560000,0.0694441618597195
4.76950000,0.0708106129709295
4.77340000,0.0721093164318375
4.77730000,0.0733314355760005
4.78120000,0.0744710404326084
4.78510000,0.0755508651023563
4.78910000,0.0765887706729489
4.79300000,0.0775713010899530
4.79690000,0.0785259790539645
4.80080000,0.0794906332000118
4.80470000,0.0804756286603237
4.80860000,0.0814894888954348
4.81250000,0.0825276378466342
4.81640000,0.0835804481681196
4.82030000,0.0846419609291409
4.82420000,0.0857032293550784
4.82810000,0.0867562629437687
4.83200000,0.0877907156774634
4.83590000,0.0888050779538211
4.83980000,0.0898125268762172
4.84370000,0.0908247963714600
4.84760000,0.0918780343933962
4.85160000,0.0929979177037237
4.85550000,0.0941715811833843
4.85940000,0.0954206056524937
4.86330000,0.0967682153217360
4.86720000,0.0982024194276385
4.87110000,0.0997077327382884
4.87500000,0.1012575666219802
4.87890000,0.1028225121301356
4.88280000,0.1043773722415717
4.88670000,0.1058950459731428
4.89060000,0.1073566055349372
4.89450000,0.1087516974205179
4.89840000,0.1100886823336947
4.90230000,0.1113937029387064
4.90620000,0.1126853023586165
4.91010000,0.1140043531115430
4.91410000,0.1153741355895175
4.91800000,0.1167665213625028
4.92190000,0.1181868538852262
4.92580000,0.1196350084905924
4.92970000,0.1210673824639932
4.93360000,0.1224404136859429
4.93750000,0.1237038350123606
4.94140000,0.1248079241579232
4.94530000,0.1257071627913462
4.94920000,0.1263579829639267
4.95310000,0.1267226582640648
4.95700000,0.1267799590636770
4.96090000,0.1265242867798405
4.96480000,0.1259603033901361
4.96870000,0.1251155948931682
4.97260000,0.1239937490984429
4.97660000,0.1226177119601305
4.98050000,0.1210673403563019
4.98440000,0.1193693145421167
4.98830000,0.1175279690541088
4.99220000,0.1155666786472948
4.99610000,0.1134864141188840
5.00000000,0.1112889147340770
5.00390000,0.1089739633557574
5.00780000,0.1065297385321928
5.01170000,0.1039469767239832
5.01560000,0.1012132488614399
5.01950000,0.0983367235541034
5.02340000,0.0953345040359545
5.02730000,0.0922226533965387
5.03120000,0.0890542537411944
5.03510000,0.0858152531633709
5.03910000,0.0825231538846851
5.04300000,0.0793127462917716
5.04690000,0.0761926961550105
5.05080000,0.0731318770854990
5.05470000,0.0701611632748156
5.05860000,0.0672736601514522
5.06250000,0.0644667095187294
5.06640000,0.0617319980415138
5.07030000,0.0590404656134867
5.07420000,0.0563674035590807
5.07810000,0.0536843012199609
5.08200000,0.0509818259476007
5.08590000,0.0482551141230429
5.08980000,0.0454953400765959
5.09370000,0.0427274339533256
5.09760000,0.0399214218696657
5.10160000,0.0370777694598187
5.10550000,0.0342983927978196
5.10940000,0.0315717038875664
5.11330000,0.0288490372710716
5.11720000,0.0261340181239086
5.12110000,0.0233902396372416
5.12500000,0.0205744610044334
5.12890000,0.0176292002261147
5.13280000,0.0144740897052505
5.13670000,0.0110408226808263
5.14060000,0.0072600971229179
5.14450000,0.0030969770736789
5.14840000,-0.0014670155773773
5.15230000,-0.0064364761494207
5.15620000,-0.0117202369453929
5.16010000,-0.0173065802327274
5.16410000,-0.0230966358985659
5.16800000,-0.0287632247814554
5.17190000,-0.0341789507626256
5.17580000,-0.0392751703589178
5.17970000,-0.0438863226082863
5.18360000,-0.0479457153584313
5.18750000,-0.0514228195356206
5.19140000,-0.0543284360751065
5.19530000,-0.0567182187131405
5.19920000,-0.0586501306031979
5.20310000,-0.0601895805890111
5.20700000,-0.0613936228263154
5.21090000,-0.0623107066185370
5.21480000,-0.0629736143205053
5.21870000,-0.0633925591483586
5.22260000,-0.0635641375751067
5.22660000,-0.0634780332888605
5.23050000,-0.0631229082585533
5.23440000,-0.0624939056338523
5.23830000,-0.0615856635782077
5.24220000,-0.0603904420254358
5.24610000,-0.0589080019767691
5.25000000,-0.0571509965482081
5.25390000,-0.0551440320352312
5.25780000,-0.0529162983327882
5.26170000,-0.0505019551766511
5.26560000,-0.0479350548896058
5.26950000,-0.0452609867605449
5.27340000,-0.0425249672760288
5.27730000,-0.0397613171145175
5.28120000,-0.0370202103844923
5.28510000,-0.0342959972474730
5.28910000,-0.0316042312099924
5.29300000,-0.0290477674013828
5.29690000,-0.0266406177678960
5.30080000,-0.0243699519510072
5.30470000,-0.0222702075348037
5.30860000,-0.0203539355179348
5.31250000,-0.0186431972942714
5.31640000,-0.0171609980736655
5.32030000,-0.0159192821076264
5.32420000,-0.0149286375889573
5.32810000,-0.0141980138011043
5.33200000,-0.0137351897892810
5.33590000,-0.0135421198619690
5.33980000,-0.0136112024274991
5.34370000,-0.0139163712214096
5.34760000,-0.0144461616809829
5.35160000,-0.0151811389153552
5.35550000,-0.0160668452438340
5.35940000,-0.0170728669134531
5.36330000,-0.0181712549054424
5.36720000,-0.0193170185034864
5.37110000,-0.0204798374658547
5.37500000,-0.0216309722703927
5.37890000,-0.0227412592384952
5.38280000,-0.0237861996180991
5.38670000,-0.0247473935534511
5.39060000,-0.0256201669880531
5.39450000,-0.0264060288463320
5.39840000,-0.0271091617157429
5.40230000,-0.0277356489982257
5.40620000,-0.0282887917905450
5.41010000,-0.0287882914674408
5.41410000,-0.0292465647360450
5.41800000,-0.0296446719573855
5.42190000,-0.0299724083770325
5.42580000,-0.0302187543988171
5.42970000,-0.0303623938027111
5.43360000,-0.0303923095334244
5.43750000,-0.0302978998942628
5.44140000,-0.0300697671432652
5.44530000,-0.0297071604422601
5.44920000,-0.0292220312812511
5.45310000,-0.0286408098556016
5.45700000,-0.0279988099865876
5.46090000,-0.0273362087473377
5.46480000,-0.0266984527551175
5.46870000,-0.0261386720454143
5.47260000,-0.0257091445767927
5.47660000,-0.0254557324098218
5.48050000,-0.0254152456952027
5.48440000,-0.0256078336689858
5.48830000,-0.0260451673561520
5.49220000,-0.0267343551841200
5.49610000,-0.0276711021438808
5.50000000,-0.0288393134539919
5.50390000,-0.0302160077185101
5.50780000,-0.0317810510345924
5.51170000,-0.0335166781047582
5.51560000,-0.0354137394338304
5.51950000,-0.0374579826497118
5.52340000,-0.0396418435907155
5.52730000,-0.0419735204219607
5.53120000,-0.0444417618284615
5.53510000,-0.0470988071779955
5.53910000,-0.0499691413681753
5.54300000,-0.0529709397871082
5.54690000,-0.0561223441018205
5.55080000,-0.0594658012485958
5.55470000,-0.0629779190783623
5.55860000,-0.0666528997556478
5.56250000,-0.0704661104580335
5.56640000,-0.0743856763041930
5.57030000,-0.0783918994758481
5.57420000,-0.0824589798588291
5.57810000,-0.0865714618786261
5.58200000,-0.0907024023279774
5.58590000,-0.0948321867003599
5.58980000,-0.0989567491304084
5.59370000,-0.1030341858514045
5.59760000,-0.1071036784692883
5.60160000,-0.1111672577592556
5.60550000,-0.1150879120532571
5.60940000,-0.1188761379733014
5.61330000,-0.1225818966993709
5.61720000,-0.1261719124541341
5.62110000,-0.1296516350584297
5.62500000,-0.1330186627983666
5.62890000,-0.1362723434537451
5.63280000,-0.1394263104635100
5.63670000,-0.1424814805241295
5.64060000,-0.1454405378165430
5.64450000,-0.1482954285390537
5.64840000,-0.1510433403488736
5.65230000,-0.1536898992858552
5.65620000,-0.1562140961806390
5.66010000,-0.1586337170559882
5.66410000,-0.1609412838186115
5.66800000,-0.1630507067736284
5.67190000,-0.1649582742358697
5.67580000,-0.1666787403284546
5.67970000,-0.1681760487351766
5.68360000,-0.1694330384997493
5.68750000,-0.1704279206459914
5.69140000,-0.1711382261586549
5.69530000,-0.1715417066210072
5.69920000,-0.1716078232546322
5.70310000,-0.1712986200207939
5.70700000,-0.1705846340301455
5.71090000,-0.1694449391020598
5.71480000,-0.1678657841452943
5.71870000,-0.1658749433088235
5.72260000,-0.1634565290943504
5.72660000,-0.1606327437955887
5.73050000,-0.1575347529839511
5.73440000,-0.1541964334732240
5.73830000,-0.1506202578403973
5.74220000,-0.1468577000313057
5.74610000,-0.1429246197883466
5.75000000,-0.1388390521810015
5.75390000,-0.1346163812656583
5.75780000,-0.1302570540547646
5.76170000,-0.1257713315108834
5.76560000,-0.1211660891489166
5.76950000,-0.1164728826870445
5.77340000,-0.1117262086733841
5.77730000,-0.1069493380295539
5.78120000,-0.1022105439741149
5.78510000,-0.0974818540542526
5.78910000,-0.0927790162993222
5.79300000,-0.0882820355104106
5.79690000,-0.0839983422048929
5.80080000,-0.0798837620685773
5.80470000,-0.0759819572113850
5.80860000,-0.0722843383579450
5.81250000,-0.0687891827881107
5.81640000,-0.0654914047913847
5.82030000,-0.0623651122253758
5.82420000,-0.0593920750559352
5.82810000,-0.0565494231242148
5.83200000,-0.0538297232654104
5.83590000,-0.0512293310248599
5.83980000,-0.0487444312918073
5.84370000,-0.0464007347226425
5.84760000,-0.0441878391881382
5.85160000,-0.0421186536693275
5.85550000,-0.0402773265181270
5.85940000,-0.0386614430480591
5.86330000,-0.0372397656656401
5.86720000,-0.0360195759142085
5.87110000,-0.0349819916805994
5.87500000,-0.0341057977319256
5.87890000,-0.0333626302286181
5.88280000,-0.0327139185092521
5.88670000,-0.0321285671290684
5.89060000,-0.0315807976732920
5.89450000,-0.0310558116898840
5.89840000,-0.0305452363835394
5.90230000,-0.0300486047661065
5.90620000,-0.0295842013913062
5.91010000,-0.0291739039557208
5.91410000,-0.0288493469640673
5.91800000,-0.0286533400700339
5.92190000,-0.0286008227060138
5.92580000,-0.0286934052107228
5.92970000,-0.0289357370637340
5.93360000,-0.0293185051556206
5.93750000,-0.0298204652783752
5.94140000,-0.0304091343925491
5.94530000,-0.0310468238537594
5.94920000,-0.0317001252186696
5.95310000,-0.0323401191662762
5.95700000,-0.0329404848678320
5.96090000,-0.0334766514351347
5.96480000,-0.0339302643970116
5.96870000,-0.0342933839557878
5.97260000,-0.0345654608914173
5.97660000,-0.0347462678588166
5.98050000,-0.0348318819513672
5.98440000,-0.0348168641946910
5.98830000,-0.0346992281394759
5.99220000,-0.0344806413896530
5.99610000,-0.0341608005849232
6.00000000,-0.0337347741702976
6.00390000,-0.0331977161474335
6.00780000,-0.0325527025174895
6.01170000,-0.0318157935455863
6.01560000,-0.0310102920134186
6.01950000,-0.0301647194120618
6.02340000,-0.0293093908529464
6.02730000,-0.0284771885863591
6.03120000,-0.0277111859635299
6.03510000,-0.0270333950109802
6.03910000,-0.0264595380536480
6.04300000,-0.0260191449170904
6.04690000,-0.0257071843698079
6.05080000,-0.0255069215392180
6.05470000,-0.0254087473212475
6.05860000,-0.0253821682913533
6.06250000,-0.0253877596154602
6.06640000,-0.0253846681210044
6.07030000,-0.0253348447750332
6.07420000,-0.0252091588360933
6.07810000,-0.0249811356822014
6.08200000,-0.0246346209023975
6.08590000,-0.0241663607167306
6.08980000,-0.0235876488668149
6.09370000,-0.0229308452894546
6.09760000,-0.0222093672826965
6.10160000,-0.0214396430837209
6.10550000,-0.0206676636425482
6.10940000,-0.0199041888266149
6.11330000,-0.0191482809810685
6.11720000,-0.0184100154448286
6.12110000,-0.0176781115990420
6.12500000,-0.0169363942835341
6.12890000,-0.0161681697718401
6.13280000,-0.0153529387357189
6.13670000,-0.0144710498834726
6.14060000,-0.0134963907151601
6.14450000,-0.0124117569664531
6.14840000,-0.0112095473270253
6.15230000,-0.0098900357016382
6.15620000,-0.0084779658836846
6.16010000,-0.0069623007589556
6.16410000,-0.0053487019302803
6.16800000,-0.0037086106476549
6.17190000,-0.0020486190492563
6.17580000,-0.0003442745241444
6.17970000,0.0014191415528360
6.18360000,0.0033017103426922
6.18750000,0.0053724145111886
6.19140000,0.0076934232623288
6.19530000,0.0103132165661100
6.19920000,0.0132425744032127
6.20310000,0.0164628191985092
6.20700000,0.0199079344547663
6.21090000,0.0234874269713220
6.21480000,0.0271110906866544
6.21870000,0.0306662755518528
6.22260000,0.0341387602639595
6.22660000,0.0375130659270258
6.23050000,0.0406766758345528
6.23440000,0.0436622128072877
6.23830000,0.0465498756111572
6.24220000,0.0493560952097405
6.24610000,0.0521293307993017
6.25000000,0.0548970474981046
6.25390000,0.0576692100476664
6.25780000,0.0604548139822447
6.26170000,0.0632456313404073
6.26560000,0.0660317226908106
6.26950000,0.0687852863113298
6.27340000,0.0714752816115186
6.27730000,0.0740778907768702
6.28120000,0.0765504948274728
6.28510000,0.0789038213750769
6.28910000,0.0811311832268647
6.29300000,0.0831481157889133
6.29690000,0.0849617736114566
6.30080000,0.0866095133750453
6.30470000,0.0880864482814956
6.30860000,0.0894130927955655
6.31250000,0.0906050222987226
6.31640000,0.0916785711714354
6.32030000,0.0926593757843186
6.32420000,0.0935673285076651
6.32810000,0.0944191065531920
6.33200000,0.0952194192232433
6.33590000,0.0959670724303490
6.33980000,0.0966588647752760
6.34370000,0.0972817940971665
6.34760000,0.0978307916699943
6.35160000,0.0982930083331915
6.35550000,0.0986384020684588
6.35940000,0.0988669048486984
6.36330000,0.0989912803709100
6.36720000,0.0990145743159095
6.37110000,0.0989456414387761
6.37500000,0.0987934839833773
6.37890000,0.0985700059691254
6.38280000,0.0982894324942542
6.38670000,0.0979618119006424
6.39060000,0.0975917041619494
6.39450000,0.0971824979383384
6.39840000,0.0967396208484550
6.40230000,0.0962688110953421
6.40620000,0.0957760820074908
6.41010000,0.0952518477619633
6.41410000,0.0946878013770783
6.41800000,0.0940951740141079
6.42190000,0.0934755615003892
6.42580000,0.0928282068690685
6.42970000,0.0921590621471098
6.43360000,0.0914689596953704
6.43750000,0.0907637325211724
6.44140000,0.0900532272813500
6.44530000,0.0893424456305145
6.44920000,0.0886288722594201
6.45310000,0.0879003408722985
6.45700000,0.0871464131524876
6.46090000,0.0863595348191940
6.46480000,0.0855321354165310
6.46870000,0.0846648960336678
6.47260000,0.0837413651999160
6.47660000,0.0827594914798395
6.48050000,0.0817577554994273
6.48440000,0.0807494856942861
6.48830000,0.0797418446139677
6.49220000,0.0787616745868506
6.49610000,0.0778317349576051
6.50000000,0.0769817176504227
6.50390000,0.0762403362311786
6.50780000,0.0756241456858735
6.51170000,0.0751380279638536
6.51560000,0.0747769827863184
6.51950000,0.0745320526674985
6.52340000,0.0743911959455909
6.52730000,0.0743382449941317
6.53120000,0.0743534090045019
6.53510000,0.0744247322738997
6.53910000,0.0745493035285715
6.54300000,0.0747277006172981
6.54690000,0.0749686689824591
6.55080000,0.0752809870646863
6.55470000,0.0756696992109614
6.55860000,0.0761424172711897
6.56250000,0.0767042593826099
6.56640000,0.0773524034834515
6.57030000,0.0780751520111403
6.57420000,0.0788546838339785
6.57810000,0.0796754806062991
6.58200000,0.0805218727641803
6.58590000,0.0813757863975380
6.58980000,0.0822157493338241
6.59370000,0.0830138387976963
6.59760000,0.0837642037532993
6.60160000,0.0844647762094807
6.60550000,0.0850933469513679
6.60940000,0.0856495954745788
6.61330000,0.0861390920152219
6.61720000,0.0865601769928329
6.62110000,0.0869260514834357
6.62500000,0.0872490592584063
6.62890000,0.0875331998958687
6.63280000,0.0877753624296758
6.63670000,0.0879693104649032
6.64060000,0.0881123270850236
6.64450000,0.0882041508786133
6.64840000,0.0882424520570889
6.65230000,0.0882217733039125
6.65620000,0.0881405536831593
6.66010000,0.0879967460734275
6.66410000,0.0877927779029511
6.66800000,0.0875381830555380
6.67190000,0.0872326866990566
6.67580000,0.0868783555535191
6.67970000,0.0864909769799713
6.68360000,0.0860893278980409
6.68750000,0.0856912513453696
6.69140000,0.0853086947603281
6.69530000,0.0849469233722558
6.69920000,0.0846085742391745
6.70310000,0.0842884196430673
6.70700000,0.0839724757252456
6.71090000,0.0836343106583626
6.71480000,0.0832395623808631
6.71870000,0.0827635380470871
6.72260000,0.0821692452391522
6.72660000,0.0814295734388163
6.73050000,0.0805489656859376
6.73440000,0.0795113447309752
6.73830000,0.0783063418617180
6.74220000,0.0769518683440070
6.74610000,0.0754613369501417
6.75000000,0.0738479761654759
6.75390000,0.0721250703663238
6.75780000,0.0703077347018751
6.76170000,0.0684214417745764
6.76560000,0.0664885862763081
6.76950000,0.0645313836039271
6.77340000,0.0625646193258233
6.77730000,0.0605978451269305
6.78120000,0.0586623019124768
6.78510000,0.0567456548221840
6.78910000,0.0548450300696530
6.79300000,0.0530219655446022
6.79690000,0.0512711821587357
6.80080000,0.0495766177607149
6.80470000,0.0479638521689657
6.80860000,0.0464318432399389
6.81250000,0.0449772916553020
6.81640000,0.0435989952045815
6.82030000,0.0422975370771015
6.82420000,0.0410833857304020
6.82810000,0.0399646841280116
6.83200000,0.0389507454181453
6.83590000,0.0380530445194007
6.83980000,0.0372870655204644
6.84370000,0.0366730438305483
6.84760000,0.0362126694866750
6.85160000,0.0358989826871013
6.85550000,0.0357325105924111
6.85940000,0.0356949015106666
6.86330000,0.0357603689611327
6.86720000,0.0359050763991660
6.87110000,0.0360932183710919
6.87500000,0.0362893571965480
6.87890000,0.0364647699579821
6.88280000,0.0365957925022691
6.88670000,0.0366623511942870
6.89060000,0.0366409439121916
6.89450000,0.0365125531830968
6.89840000,0.0362638451664799
6.90230000,0.0358852203023192
6.90620000,0.0353775216526720
6.91010000,0.0347191164438641
6.91410000,0.0338978008612732
6.91800000,0.0329430734134711
6.92190000,0.0318600798534628
6.92580000,0.0306503452693645
6.92970000,0.0293351363260256
6.93360000,0.0279263238777061
6.93750000,0.0264433505984353
6.94140000,0.0249132128384923
6.94530000,0.0233613960080559
6.94920000,0.0218122012195734
6.95310000,0.0202807924634721
6.95700000,0.0187839060094631
6.96090000,0.0173351280838454
6.96480000,0.0159382683777914
6.96870000,0.0146010723907574
6.97260000,0.0132930223823583
6.97660000,0.0119952503566720
6.98050000,0.0107440115728146
6.98440000,0.0095275313687815
6.98830000,0.0083196107118945
6.99220000,0.0071213692888668
6.99610000,0.0059212154990809
7.00000000,0.0047167374118961
7.00390000,0.0035110320773659
7.00780000,0.0023030417234464
7.01170000,0.0010955869382599
7.01560000,-0.0001062645015357
7.01950000,-0.0012841990033279
7.02340000,-0.0024162273614554
7.02730000,-0.0034895003222789
7.03120000,-0.0044950695019546
7.03510000,-0.0054651309085532
7.03910000,-0.0064389166573869
7.04300000,-0.0074329123641437
7.04690000,-0.0085194137653327
7.05080000,-0.0097894498514098
7.05470000,-0.0113036943305931
7.05860000,-0.0131119707902807
7.06250000,-0.0152326258305238
7.06640000,-0.0176578535822155
7.07030000,-0.0203644917420749
7.07420000,-0.0233047342869247
7.07810000,-0.0264193298830064
7.08200000,-0.0296313524637294
7.08590000,-0.0328717449201030
7.08980000,-0.0360948267442372
7.09370000,-0.0392398525641334
7.09760000,-0.0423206191165996
7.10160000,-0.0453312224652468
7.10550000,-0.0481662375542229
7.10940000,-0.0508418160923269
7.11330000,-0.0534084764327083
7.11720000,-0.0558518682162163
7.12110000,-0.0581853141417722
7.12500000,-0.0604146644519182
7.12890000,-0.0625465854542522
7.13280000,-0.0645965584051467
7.13670000,-0.0665662618857314
7.14060000,-0.0684531857661669
7.14450000,-0.0702450280437112
7.14840000,-0.0719335513536005
7.15230000,-0.0735170014889399
7.15620000,-0.0749769804658371
7.16010000,-0.0763169267940614
7.16410000,-0.0775275751632866
7.16800000,-0.0785593151138471
7.17190000,-0.0794172606263596
7.17580000,-0.0801199017707533
7.17970000,-0.0806561529343287
7.18360000,-0.0810296311075430
7.18750000,-0.0812483684156423
7.19140000,-0.0813268186924351
7.19530000,-0.0812825026041545
7.19920000,-0.0811249828031279
7.20310000,-0.0808580817486753
7.20700000,-0.0804858673783224
7.21090000,-0.0800139762203908
7.21480000,-0.0794456957409779
7.21870000,-0.0787872458215891
7.22260000,-0.0780281916085169
7.22660000,-0.0771677676457136
7.23050000,-0.0762367097969677
7.23440000,-0.0752439359033094
7.23830000,-0.0741913590912149
7.24220000,-0.0730963800367256
7.24610000,-0.0719763302608261
7.25000000,-0.0708600490337040
7.25390000,-0.0697815355121339
7.25780000,-0.0687693585784029
7.26170000,-0.0678462129633195
7.26560000,-0.0670293258329009
7.26950000,-0.0663337915985493
7.27340000,-0.0657690969187816
7.27730000,-0.0653343783205417
7.28120000,-0.0650192486765021
7.28510000,-0.0648107072696777
7.28910000,-0.0647003010944894
7.29300000,-0.0646843316975818
7.29690000,-0.0647590023057491
7.30080000,-0.0649189556794589
7.30470000,-0.0651612057164591
7.30860000,-0.0654895602401784
7.31250000,-0.0659124965042480
7.31640000,-0.0664358791554505
7.32030000,-0.0670591962697894
7.32420000,-0.0677764264186426
7.32810000,-0.0685841012378475
7.33200000,-0.0694761816645039
7.33590000,-0.0704413122211383
7.33980000,-0.0714606487416436
7.34370000,-0.0724986758436497
7.34760000,-0.0735449426328988
7.35160000,-0.0745859494784450
7.35550000,-0.0755727189115964
7.35940000,-0.0764931241468483
7.36330000,-0.0773447679700685
7.36720000,-0.0781094160299604
7.37110000,-0.0787888153311564
7.37500000,-0.0793858601122727
7.37890000,-0.0798999116963197
7.38280000,-0.0803311688707374
7.38670000,-0.0806822416605918
7.39060000,-0.0809655351679129
7.39450000,-0.0811968569879001
7.39840000,-0.0813900299038271
7.40230000,-0.0815553118005699
7.40620000,-0.0817012106231981
7.41010000,-0.0818440346375659
7.41410000,-0.0819985476336830
7.41800000,-0.0821646760423713
7.42190000,-0.0823361075836447
7.42580000,-0.0824987944969324
7.42970000,-0.0826330616446196
7.43360000,-0.0827238608118216
7.43750000,-0.0827586699057072
7.44140000,-0.0827274098877245
7.44530000,-0.0826244426164422
7.44920000,-0.0824500000222157
7.45310000,-0.0822074904912459
7.45700000,-0.0819015306481668
7.46090000,-0.0815362759765874
7.46480000,-0.0811187096144453
7.46870000,-0.0806676051273147
7.47260000,-0.0801974707922246
7.47660000,-0.0797264141145679
7.48050000,-0.0792853576124514
7.48440000,-0.0788873241474415
7.48830000,-0.0785413064457197
7.49220000,-0.0782629595228871
7.49610000,-0.0780555027217125
7.50000000,-0.0779143561516963
7.50390000,-0.0778324201894042
7.50780000,-0.0778061691635347
7.51170000,-0.0778381179476480
7.51560000,-0.0779305412583168
7.51950000,-0.0780797208105519
7.52340000,-0.0782773297075892
7.52730000,-0.0785155587332907
7.53120000,-0.0787856759212354
7.53510000,-0.0790834806601560
7.53910000,-0.0793981220167678
7.54300000,-0.0797063118474857
7.54690000,-0.0799967423604547
7.55080000,-0.0802645950520102
7.55470000,-0.0805003295983184
7.55860000,-0.0806943006897206
7.56250000,-0.0808345969518387
7.56640000,-0.0809122905986623
7.57030000,-0.0809238476616418
7.57420000,-0.0808674294518688
7.57810000,-0.0807362021377625
7.58200000,-0.0805209805229304
7.58590000,-0.0802131265933466
7.58980000,-0.0798070826387034
7.59370000,-0.0793073004051971
7.59760000,-0.0786995705551170
7.60160000,-0.0779727871358416
7.60550000,-0.0771440870536897
7.60940000,-0.0762086181328009
7.61330000,-0.0751582873431367
7.61720000,-0.0740001189015494
7.62110000,-0.0727308312783182
7.62500000,-0.0713505985529595
7.62890000,-0.0698656232824647
7.63280000,-0.0682823658251613
7.63670000,-0.0666094444922603
7.64060000,-0.0648467637534283
7.64450000,-0.0629993390625748
7.64840000,-0.0610731561290050
7.65230000,-0.0590706527284823
7.65620000,-0.0570143196134857
7.66010000,-0.0548756974168459
7.66410000,-0.0526462627557823
7.66800000,-0.0504050811492710
7.67190000,-0.0481598162528379
7.67580000,-0.0459014285676046
7.67970000,-0.0436647759928511
7.68360000,-0.0414547788968472
7.68750000,-0.0392852573124403
7.69140000,-0.0371645959170739
7.69530000,-0.0350978682682603
7.69930000,-0.0330338092323669
7.70330000,-0.0309969056019897
7.70730000,-0.0290479320574458
7.71130000,-0.0270313561081430
7.71530000,-0.0252161530879920
7.71830000,-0.0237141283724198
7.72230000,-0.0219636505210890
7.72630000,-0.0200845480289624
7.73030000,-0.0183619045651161
7.73430000,-0.0166603325995705
7.73830000,-0.0150525964036272
7.74230000,-0.0135291720153376
7.74630000,-0.0120694444451284
7.75030000,-0.0107253372113918
7.75430000,-0.0093803297208712
7.75830000,-0.0082052145065299
7.76130000,-0.0072488612528725
7.76530000,-0.0061097145170871
7.76930000,-0.0048492262706465
7.77330000,-0.0036210851001527
7.77730000,-0.0023370927962190
7.78130000,-0.0010149842304705
7.78530000,0.0003326447137965
7.78930000,0.0016622184396589
7.79330000,0.0030182035253782
7.79730000,0.0042083931112068
7.80030000,0.0051408254900079
7.80430000,0.0061962839496666
7.80830000,0.0073352710791176
7.81230000,0.0084222856607100
7.81630000,0.0096329393244830
7.82030000,0.0109749947616458
7.82430000,0.0125251015167159
7.82830000,0.0143183039865998
7.83230000,0.0162699376270933
7.83630000,0.0185255119191985
7.84030000,0.0206899550157569
7.84330000,0.0225485579854204
7.84730000,0.0247071235053513
7.85130000,0.0269382620367337
7.85530000,0.0288408043879302
7.85930000,0.0305394924068368
7.86330000,0.0319486725191248
7.86730000,0.0330575689268066
7.87130000,0.0338926344090498
7.87530000,0.0344404761353290
7.87930000,0.0347338372721875
7.88330000,0.0347904833449933
7.88630000,0.0346326636055984
7.89030000,0.0342581495758194
7.89430000,0.0336836459116549
7.89830000,0.0329155034925915
7.90230000,0.0319825311324810
7.90630000,0.0308788483131153
7.91030000,0.0296084654428163
7.91430000,0.0282137747981043
7.91830000,0.0265769953183824
7.92230000,0.0249402515634182
7.92530000,0.0234171511884426
7.92930000,0.0215349273652775
7.93330000,0.0194111522932313
7.93730000,0.0173120562272819
7.94130000,0.0151447666549440
7.94530000,0.0130036181624553
7.94930000,0.0109164031862761
7.95330000,0.0089037516428084
7.95730000,0.0070545013403110
7.96130000,0.0053294797200578
7.96530000,0.0039288246152728
7.96830000,0.0029507883806221
7.97230000,0.0021277456466680
7.97630000,0.0015509727800191
7.98030000,0.0013752105147965
7.98430000,0.0015546355011339
7.98830000,0.0020881812201396
7.99230000,0.0029821814773592
7.99630000,0.0042001408868785
8.00030000,0.0056681629531519
8.00430000,0.0075084225648038
8.00830000,0.0093780157231723
8.01130000,0.0110990858121867
8.01530000,0.0132686075872988
8.01930000,0.0157106672616085
8.02330000,0.0181100290398104
8.02730000,0.0205768052520784
8.03130000,0.0230599357037665
8.03530000,0.0255429170343991
8.03930000,0.0279813699803347
8.04330000,0.0305336719430015
8.04730000,0.0328736985566204
8.05030000,0.0348414607740977
8.05430000,0.0371567250795763
8.05830000,0.0396718164947006
8.06230000,0.0420296127192338
8.06630000,0.0444138573053425
8.07030000,0.0467217519724604
8.07430000,0.0489465319235474
8.07830000,0.0510935249975560
8.08230000,0.0530793984900506
8.08630000,0.0550338793612976
8.09030000,0.0567090111906879
8.09330000,0.0580084951426137
8.09730000,0.0594268248228418
8.10130000,0.0608857046305114
8.10530000,0.0621730819162577
8.10930000,0.0634343676635945
8.11330000,0.0646272185756274
8.11730000,0.0657727209083729
8.12130000,0.0669003447817859
8.12530000,0.0679746058439042
8.12930000,0.0690914768062567
8.13330000,0.0700935634203041
8.13630000,0.0709177902791462
8.14030000,0.0718778712469423
8.14430000,0.0729055676817198
8.14830000,0.0738539109123800
8.15230000,0.0747861918807886
8.15630000,0.0756795959741995
8.16030000,0.0765349497260074
8.16430000,0.0773482858853568
8.16830000,0.0781623177399074
8.17230000,0.0788778636267633
8.17530000,0.0794440536485502
8.17930000,0.0800833708245927
8.18330000,0.0807598012632805
8.18730000,0.0813725066680971
8.19130000,0.0819827630918890
8.19530000,0.0825674848409596
8.19930000,0.0831365605472320
8.20330000,0.0837023881186551
8.20730000,0.0842438403258063
8.21130000,0.0847980417272808
8.21530000,0.0852844401575226
8.21830000,0.0856704608966505
8.22230000,0.0861032465130335
8.22630000,0.0865499371924036
8.23030000,0.0869344053104378
8.23430000,0.0872881624578618
8.23830000,0.0875960593922098
8.24230000,0.0878595902614772
8.24630000,0.0880833400217397
8.25030000,0.0882567333210133
8.25430000,0.0883837054353804
8.25830000,0.0884578428654838
8.26130000,0.0884833647369733
8.26530000,0.0884780908974413
8.26930000,0.0884361465376906
8.27330000,0.0883303188035370
8.27730000,0.0881568588971789
8.28130000,0.0878907829297446
8.28530000,0.0875183968302417
8.28930000,0.0870470784111613
8.29330000,0.0864058466469267
8.29730000,0.0857089888839367
8.30030000,0.0850173585749518
8.30430000,0.0841071314324785
8.30830000,0.0830400884919922
8.31230000,0.0819462570150675
8.31630000,0.0807676024553135
8.32030000,0.0795552467078136
8.32430000,0.0783159359940447
8.32830000,0.0770561432775423
8.33230000,0.0758236787555379
8.33630000,0.0745310508481974
8.34030000,0.0733549716270975
8.34330000,0.0723728487152410
8.34730000,0.0712381963109505
8.35130000,0.0700186274126321
8.35530000,0.0688821188893950
8.35930000,0.0677370618601875
8.36330000,0.0666301560081412
8.36730000,0.0655544567322598
8.37130000,0.0644945705704609
8.37530000,0.0634840161966648
8.37930000,0.0624431108634655
8.38330000,0.0615133016398321
8.38630000,0.0607509188328976
8.39030000,0.0598735337017273
8.39430000,0.0589377042004661
8.39830000,0.0580729004481966
8.40230000,0.0572232368997169
8.40630000,0.0564119185479377
8.41030000,0.0556406387267950
8.41430000,0.0549141413215757
8.41830000,0.0541993238640835
8.42230000,0.0535820460766794
8.42530000,0.0531075204013330
8.42930000,0.0525880380322315
8.43330000,0.0520521104966553
8.43730000,0.0515827149556040
8.44130000,0.0511215049572338
8.44530000,0.0506829210529658
8.44930000,0.0502454411633121
8.45330000,0.0497856435243624
8.45730000,0.0493132756215056
8.46130000,0.0487679000752594
8.46530000,0.0482372994732152
8.46830000,0.0477528485862098
8.47230000,0.0471147240989637
8.47630000,0.0463580131573242
8.48030000,0.0455835558619394
8.48430000,0.0447402124275258
8.48830000,0.0438609546261387
8.49230000,0.0429304400839986
8.49630000,0.0419388097329985
8.50030000,0.0409251395489624
8.50430000,0.0397886363662815
8.50830000,0.0387012978824982
8.51130000,0.0377261276321956
8.51530000,0.0364854311498436
8.51930000,0.0350610607403016
8.52330000,0.0336177992065419
8.52730000,0.0320853098994412
8.53130000,0.0304770725946939
8.53530000,0.0287992016344391
8.53930000,0.0270971980579827
8.54330000,0.0252708846868341
8.54730000,0.0235801005248175
8.55030000,0.0221516691971914
8.55430000,0.0204664138034337
8.55830000,0.0186428932803044
8.56230000,0.0169527810751082
8.56630000,0.0152587974545938
8.57030000,0.0136235476248405
8.57430000,0.0120313458430032
8.57830000,0.0104660720029785
8.58230000,0.0089887067400145
8.58630000,0.0074856062186521
8.59030000,0.0061571300352331
8.59330000,0.0050830239922440
8.59730000,0.0038622377986409
8.60130000,0.0025936947436591
8.60530000,0.0014881747280747
8.60930000,0.0004556371205804
8.61330000,-0.0004555520176547
8.61730000,-0.0012311213059094
8.62130000,-0.0018683626600820
8.62530000,-0.0023365268457615
8.62930000,-0.0026572738166764
8.63330000,-0.0028187142919593
8.63630000,-0.0028327189394738
8.64030000,-0.0027592715519995
8.64430000,-0.0026128953194480
8.64830000,-0.0024066133138154
8.65230000,-0.0021823615217367
8.65630000,-0.0019653864701866
8.66030000,-0.0017725310917614
8.66430000,-0.0016133365772024
8.66830000,-0.0015012353062103
8.67230000,-0.0014333378082222
8.67530000,-0.0014059347531132
8.67930000,-0.0014421352850811
8.68330000,-0.0015339876330615
8.68730000,-0.0016668326276016
8.69130000,-0.0018695371540659
8.69530000,-0.0021444655329300
8.69930000,-0.0025238687307037
8.70330000,-0.0030279244351046
8.70730000,-0.0036472908006262
8.71130000,-0.0044976316851361
8.71530000,-0.0054254693126163
8.71830000,-0.0063629809619883
8.72230000,-0.0076676416058457
8.72630000,-0.0092556662982685
8.73030000,-0.0109293350974760
8.73430000,-0.0127685176032915
8.73830000,-0.0146859526822540
8.74230000,-0.0166579167890295
8.74630000,-0.0186571498384110
8.75030000,-0.0205916952190329
8.75430000,-0.0225796265724571
8.75830000,-0.0243416427286547
8.76130000,-0.0257540683998283
8.76530000,-0.0273365350273351
8.76930000,-0.0289793405327525
8.77330000,-0.0304509980382587
8.77730000,-0.0318806997966636
8.78130000,-0.0332408914457518
8.78530000,-0.0345359958365333
8.78930000,-0.0357650163871092
8.79330000,-0.0370050658639313
8.79730000,-0.0381104657547985
8.80030000,-0.0389983827306261
8.80430000,-0.0400021618005288
8.80830000,-0.0410411831817763
8.81230000,-0.0419398221920463
8.81630000,-0.0427726913914567
8.82030000,-0.0434909620063041
8.82430000,-0.0440816760925600
8.82830000,-0.0445528325612141
8.83230000,-0.0448941335566771
8.83630000,-0.0451315167909855
8.84030000,-0.0452521861062737
8.84330000,-0.0452593096467335
8.84730000,-0.0451984737933412
8.85130000,-0.0450807621134151
8.85530000,-0.0449102209571716
8.85930000,-0.0447086055134042
8.86330000,-0.0444859892034629
8.86730000,-0.0442551920484786
8.87130000,-0.0440325468884252
8.87530000,-0.0438297381416115
8.87930000,-0.0436478803528902
8.88330000,-0.0434936882820350
8.88630000,-0.0433715324835623
8.89030000,-0.0432701888361749
8.89430000,-0.0431967397175226
8.89830000,-0.0431625745782178
8.90230000,-0.0431585487748692
8.90630000,-0.0431894551926777
8.91030000,-0.0432590818728385
8.91430000,-0.0433643371676206
8.91830000,-0.0435308563033708
8.92230000,-0.0437175956037582
8.92530000,-0.0439099877876305
8.92930000,-0.0442050429348027
8.93330000,-0.0445932676707407
8.93730000,-0.0450309986026343
8.94130000,-0.0455464558346294
8.94530000,-0.0461201063097758
8.94930000,-0.0467638639792914
8.95330000,-0.0474829888778593
8.95730000,-0.0482477878517194
8.96130000,-0.0491226200531214
8.96530000,-0.0499652603633626
8.96830000,-0.0507138919341443
8.97230000,-0.0516438244442546
8.97630000,-0.0526920993925658
8.98030000,-0.0537087893829713
8.98430000,-0.0547568665687240
8.98830000,-0.0557924145073599
8.99230000,-0.0568206261959625
8.99630000,-0.0578471974996029
9.00030000,-0.0588306935011900
9.00430000,-0.0598424210936939
9.00830000,-0.0607477982164845
9.01130000,-0.0614984812102563
9.01530000,-0.0623754435808005
9.01930000,-0.0633205071263242
9.02330000,-0.0642077855877336
9.02730000,-0.0650974469470290
9.03130000,-0.0659756930132522
9.03530000,-0.0668415621383825
9.03930000,-0.0676807267138140
9.04330000,-0.0685331029074444
9.04730000,-0.0692954265483511
9.05030000,-0.0699194273435000
9.05430000,-0.0706328053668809
9.05830000,-0.0713870751631193
9.06230000,-0.0720667547187964
9.06630000,-0.0727251377073667
9.07030000,-0.0733373941950266
9.07430000,-0.0739024735718547
9.07830000,-0.0744204286101538
9.08230000,-0.0748651396785885
9.08630000,-0.0752465192355319
9.09030000,-0.0755262964455565
9.09330000,-0.0756896543316060
9.09730000,-0.0757874562407699
9.10130000,-0.0757934138768825
9.10530000,-0.0756708398879335
9.10930000,-0.0754192199917866
9.11330000,-0.0750423257221032
9.11730000,-0.0745333533841798
9.12130000,-0.0739014942113478
9.12530000,-0.0731809851870672
9.12930000,-0.0723220755938828
9.13330000,-0.0714736608655496
9.13630000,-0.0707067773097013
9.14030000,-0.0697588281362878
9.14430000,-0.0686974969821586
9.14830000,-0.0676530055721956
9.15230000,-0.0665792667265186
9.15630000,-0.0654927157769504
9.16030000,-0.0643923556424158
9.16430000,-0.0632924543456602
9.16830000,-0.0621154124272791
9.17230000,-0.0610160643325136
9.17530000,-0.0600684611413756
9.17930000,-0.0589297440289840
9.18330000,-0.0576643120418144
9.18730000,-0.0564408308346355
9.19130000,-0.0551700860440152
9.19530000,-0.0539020621173718
9.19930000,-0.0526282730138735
9.20330000,-0.0513403124203739
9.20730000,-0.0500877936578991
9.21130000,-0.0487816424417502
9.21530000,-0.0476026810840272
9.21830000,-0.0466241411451315
9.22230000,-0.0454898709911021
9.22630000,-0.0442719403247261
9.23030000,-0.0431464069111038
9.23430000,-0.0420207840651930
9.23830000,-0.0409358614122922
9.24230000,-0.0398804639389545
9.24630000,-0.0388419123266901
9.25030000,-0.0378604701459017
9.25430000,-0.0368626659288445
9.25830000,-0.0359813082918336
9.26130000,-0.0352669670904082
9.26530000,-0.0344523584679258
9.26930000,-0.0336007976250004
9.27330000,-0.0328415194557149
9.27730000,-0.0321154607649931
9.28130000,-0.0314350735351697
9.28530000,-0.0307947612581730
9.28930000,-0.0301951138496456
9.29330000,-0.0296013651049961
9.29730000,-0.0290811347949965
9.30030000,-0.0286659207569550
9.30430000,-0.0281843762021184
9.30830000,-0.0276719879211447
9.31230000,-0.0272152875173945
9.31630000,-0.0267710237557233
9.32030000,-0.0263555433631247
9.32430000,-0.0259612601482986
9.32830000,-0.0255817067964475
9.33230000,-0.0252338577813672
9.33630000,-0.0248853111806498
9.34030000,-0.0245844058585808
9.34330000,-0.0243458595297935
9.34730000,-0.0240561541073133
9.35130000,-0.0237324327971416
9.35530000,-0.0234211981764614
9.35930000,-0.0230794100655329
9.36330000,-0.0227121854061690
9.36730000,-0.0223080091523769
9.37130000,-0.0218642412146004
9.37530000,-0.0214041229401303
9.37930000,-0.0208804710498310
9.38330000,-0.0203813798111852
9.38630000,-0.0199465557969122
9.39030000,-0.0194030338625453
9.39430000,-0.0187966644994959
9.39830000,-0.0182080351535856
9.40230000,-0.0175977849714927
9.40630000,-0.0169733047365335
9.41030000,-0.0163387253484605
9.41430000,-0.0157090271108512
9.41830000,-0.0150338139438984
9.42230000,-0.0144050485105066
9.42530000,-0.0138650622498636
9.42930000,-0.0131947880012432
9.43330000,-0.0124376690239008
9.43730000,-0.0116990063244742
9.44130000,-0.0109104455503719
9.44530000,-0.0100988101658406
9.44930000,-0.0092569995582939
9.45330000,-0.0083841437808939
9.45730000,-0.0075176138680936
9.46130000,-0.0065810312118178
9.46530000,-0.0057152172191783
9.46830000,-0.0049851790956129
9.47230000,-0.0041180409342250
9.47630000,-0.0031819451785638
9.48030000,-0.0023207699266162
9.48430000,-0.0014665406693059
9.48830000,-0.0006603473133536
9.49230000,0.0000867789159011
9.49630000,0.0007723475532512
9.50030000,0.0013667994400528
9.50430000,0.0019064563053290
9.50830000,0.0023245795688474
9.51130000,0.0026002370065846
9.51530000,0.0028766060880642
9.51930000,0.0031522554645631
9.52330000,0.0034125013463689
9.52730000,0.0037137035385837
9.53130000,0.0040870557949161
9.53530000,0.0045584385678873
9.53930000,0.0051295497839850
9.54330000,0.0058890127172956
9.54730000,0.0067006147418912
9.55030000,0.0074936201849044
9.55430000,0.0085638177719179
9.55830000,0.0098403712206943
9.56230000,0.0111590082041484
9.56630000,0.0125968732875393
9.57030000,0.0140907308122612
9.57430000,0.0156443408729147
9.57830000,0.0172601533598235
9.58230000,0.0188794890164329
9.58630000,0.0206374086625260
9.59030000,0.0222762204280642
9.59330000,0.0236821426791804
9.59730000,0.0253685480512393
9.60130000,0.0272311825543176
9.60530000,0.0290155076760398
9.60930000,0.0308617058525753
9.61330000,0.0326994704896110
9.61730000,0.0345441201615077
9.62130000,0.0364132776416457
9.62530000,0.0382373709050576
9.62930000,0.0401530495854546
9.63330000,0.0418871580789323
9.63630000,0.0433235582045558
9.64030000,0.0449835972267129
9.64430000,0.0467484578127419
9.64830000,0.0483653151953545
9.65230000,0.0499416011786615
9.65630000,0.0514322614032547
9.66030000,0.0528308553508798
9.66430000,0.0541273074780454
9.66830000,0.0553745557286848
9.67230000,0.0564364309812863
9.67530000,0.0572431627903375
9.67930000,0.0581067141873686
9.68330000,0.0589719472123321
9.68730000,0.0596947427569120
9.69130000,0.0603521423639765
9.69530000,0.0609146803451048
9.69930000,0.0613851730567402
9.70330000,0.0617770336411171
9.70730000,0.0620754823240730
9.71130000,0.0622909546476236
9.71530000,0.0624056125332138
9.71830000,0.0624210391514995
9.72230000,0.0623712369604435
9.72630000,0.0622578498123689
9.73030000,0.0620758883990720
9.73430000,0.0618335844696293
9.73830000,0.0615428253745813
9.74230000,0.0612118663494593
9.74630000,0.0608511920831523
9.75030000,0.0604739246527263
9.75430000,0.0600551016073033
9.75830000,0.0596517097554535
9.76130000,0.0592926195718483
9.76530000,0.0588713432418816
9.76930000,0.0584107881350143
9.77330000,0.0579590183602587
9.77730000,0.0574947939188479
9.78130000,0.0570310975709099
9.78530000,0.0565746757665422
9.78930000,0.0561326213683848
9.79330000,0.0556836518969292
9.79730000,0.0552787723208078
9.80030000,0.0549499846933872
9.80430000,0.0546019122130679
9.80830000,0.0542576573828172
9.81230000,0.0539645343202404
9.81630000,0.0536924525365043
9.82030000,0.0534518574405165
9.82430000,0.0532405148790399
9.82830000,0.0530495724053376
9.83230000,0.0528774772014464
9.83630000,0.0527033721530889
9.84030000,0.0525442621453841
9.84330000,0.0524059540941978
9.84730000,0.0522417613761395
9.85130000,0.0520517066627850
9.85530000,0.0518504723905857
9.85930000,0.0516199116714706
9.86330000,0.0513657100129033
9.86730000,0.0510752445670844
9.87130000,0.0507365623933839
9.87530000,0.0503566307524532
9.87930000,0.0498957409567200
9.88330000,0.0494307400115698
9.88630000,0.0489949650372393
9.89030000,0.0484376982725000
9.89430000,0.0477935675936108
9.89830000,0.0471405598418350
9.90230000,0.0464633081593475
9.90630000,0.0457865321481053
9.91030000,0.0451226591987361
9.91430000,0.0444883687580735
9.91830000,0.0438657480329993
9.92230000,0.0433331318490156
9.92530000,0.0429335441536502
9.92930000,0.0425317726698615
9.93330000,0.0421605460100618
9.93730000,0.0418910813817051
9.94130000,0.0416924550345033
9.94530000,0.0415744719532598
9.94930000,0.0415310446875939
9.95330000,0.0415455465286854
9.95730000,0.0416103789486923
9.96130000,0.0417304943845329
9.96530000,0.0418805854078971
9.96830000,0.0420419841407333
9.97230000,0.0422537221318402
9.97630000,0.0424981923574146
9.98030000,0.0427480278719837
9.98430000,0.0430124925857557
9.98830000,0.0432779284025267
9.99230000,0.0435307427870764
9.99630000,0.0437596775344791
10.00030000,0.0439538080515804
10.00430000,0.0441083564655387
10.00830000,0.0442123855335457
10.01130000,0.0442565057776604
10.01530000,0.0442403773554414
10.01930000,0.0441669503998180
10.02330000,0.0440344428977008
10.02730000,0.0438502540337940
10.03130000,0.0436066882178672
10.03530000,0.0433042597006680
10.03930000,0.0429614879622141
10.04330000,0.0425498105340663
10.04730000,0.0421419807119124
10.05030000,0.0417657134352887
10.05430000,0.0412717445121082
10.05830000,0.0406880622575063
10.06230000,0.0400897756801196
10.06630000,0.0394365135143164
10.07030000,0.0387513641007869
10.07430000,0.0380304961303283
10.07830000,0.0372782723839359
10.08230000,0.0365314993469258
10.08630000,0.0357358407626929
10.09030000,0.0350061032796920
10.09330000,0.0343906135480012
10.09730000,0.0336620567936634
10.10130000,0.0328741272974650
10.10530000,0.0321438713414040
10.10930000,0.0314048119133943
10.11330000,0.0306803547447839
10.11730000,0.0299623740061161
10.12130000,0.0292459626792123
10.12530000,0.0285608427388428
10.12930000,0.0278441647967651
10.13330000,0.0271937961319417
10.13630000,0.0266476913523725
10.14030000,0.0259945068656278
10.14430000,0.0252809436641146
10.14830000,0.0245971392447120
10.15230000,0.0238922437608789
10.15630000,0.0231742788787743
10.16030000,0.0224483169926366
10.16430000,0.0217322928163668
10.16830000,0.0209811816585916
10.17230000,0.0202945637391841
10.17530000,0.0197215660863239
10.17930000,0.0190432238973382
10.18330000,0.0183081629508531
10.18730000,0.0176258366758983
10.19130000,0.0169323152398858
10.19530000,0.0162534692944419
10.19930000,0.0155865970438620
10.20330000,0.0149295111514145
10.20730000,0.0143085554233930
10.21130000,0.0136686476256546
10.21530000,0.0130977859914540
10.21830000,0.0126325827685673
10.22230000,0.0120871935143997
10.22630000,0.0114949585583172
10.23030000,0.0109386363825668
10.23430000,0.0103575128830832
10.23830000,0.0097735448803371
10.24230000,0.0091800078596992
10.24630000,0.0085681987439889
10.25030000,0.0079563610766166
10.25430000,0.0072708511701041
10.25830000,0.0066161078174826
10.26130000,0.0060368689995219
10.26530000,0.0053075152905806
10.26930000,0.0044791957080281
10.27330000,0.0036577084302443
10.27730000,0.0028068371107958
10.28130000,0.0019554523954122
10.28530000,0.0011208019686646
10.28930000,0.0003229796490719
10.29330000,-0.0004894029578219
10.29730000,-0.0012191650826743
10.30030000,-0.0018337055003009
10.30430000,-0.0026127277357800
10.30830000,-0.0035721556303515
10.31230000,-0.0046573050389146
10.31630000,-0.0060177254978083
10.32030000,-0.0076470563351857
10.32430000,-0.0095995113067370
10.32830000,-0.0118802758202640
10.33230000,-0.0143771401810462
10.33630000,-0.0172601428530345
10.34030000,-0.0200389377906501
10.34330000,-0.0224562099692657
10.34730000,-0.0253044370545349
10.35130000,-0.0283488754680901
10.35530000,-0.0311225235295500
10.35930000,-0.0338168434741544
10.36330000,-0.0363147146111626
10.36730000,-0.0386220007310971
10.37130000,-0.0407740031165646
10.37530000,-0.0427079494414516
10.37930000,-0.0445621092907772
10.38330000,-0.0461211481433878
10.38630000,-0.0473106522554754
10.39030000,-0.0485833305441646
10.39430000,-0.0498611839095609
10.39830000,-0.0509433498452933
10.40230000,-0.0519327740140440
10.40630000,-0.0527878617680334
10.41030000,-0.0535038882480670
10.41430000,-0.0540878577320481
10.41830000,-0.0545291600610122
10.42230000,-0.0548048806409187
10.42530000,-0.0548949343228729
10.42930000,-0.0548558095054293
10.43330000,-0.0546821130920402
10.43730000,-0.0543571542163043
10.44130000,-0.0538916561226046
10.44530000,-0.0532994807725908
10.44930000,-0.0525857630799872
10.45330000,-0.0517711345761832
10.45730000,-0.0508942105618277
10.46130000,-0.0498978805227849
10.46530000,-0.0489300044912226
10.46830000,-0.0480665892921305
10.47230000,-0.0470424917583802
10.47630000,-0.0459281025919084
10.48030000,-0.0448697075249009
10.48430000,-0.0437965243491754
10.48830000,-0.0427503458923273
10.49230000,-0.0417344681313040
10.49630000,-0.0407465583167042
10.50030000,-0.0398190373286038
10.50430000,-0.0388935822175814
10.50830000,-0.0380812200876972
10.51130000,-0.0374322089173523
10.51530000,-0.0367411121304544
10.51930000,-0.0360545718269744
10.52330000,-0.0354755099598704
10.52730000,-0.0349569362143638
10.53130000,-0.0345247888568949
10.53530000,-0.0341833635912344
10.53930000,-0.0339220076629118
10.54330000,-0.0337396774293130
10.54730000,-0.0336264432702235
10.55030000,-0.0335819672982422
10.55430000,-0.0335957891639720
10.55830000,-0.0336595873467814
10.56230000,-0.0337633778330279
10.56630000,-0.0338978266943718
10.57030000,-0.0340562818552190
10.57430000,-0.0342359610711234
10.57830000,-0.0344284985725936
10.58230000,-0.0346189907320646
10.58630000,-0.0348150246047396
10.59030000,-0.0349891511728100
10.59330000,-0.0351314622284569
10.59730000,-0.0352986948492035
10.60130000,-0.0354778222057919
10.60530000,-0.0356424426890118
10.60930000,-0.0358172713612508
10.61330000,-0.0360039102372036
10.61730000,-0.0362098308625215
10.62130000,-0.0364351508426708
10.62530000,-0.0366668407050896
10.62930000,-0.0369274415787220
10.63330000,-0.0371787810714076
10.63630000,-0.0374051361226853
10.64030000,-0.0376883439774158
10.64430000,-0.0380097045474858
10.64830000,-0.0383389822857482
10.65230000,-0.0386993876150633
10.65630000,-0.0390938749527583
10.66030000,-0.0395210704020001
10.66430000,-0.0399675155933736
10.66830000,-0.0404643681832464
10.67230000,-0.0409415538778897
10.67530000,-0.0413616741052384
10.67930000,-0.0418615249766941
10.68330000,-0.0424028323100183
10.68730000,-0.0429113958107009
10.69130000,-0.0434288234275341
10.69530000,-0.0439389509632359
10.69930000,-0.0444397750475203
10.70330000,-0.0449276268301353
10.70730000,-0.0453811534343513
10.71130000,-0.0458234172282416
10.71530000,-0.0462006355223696
10.71830000,-0.0464847546394088
10.72230000,-0.0467621386598026
10.72630000,-0.0470101952589270
10.73030000,-0.0471889401551915
10.73430000,-0.0473250359409558
10.73830000,-0.0474123897204453
10.74230000,-0.0474441249124312
10.74630000,-0.0474216401184894
10.75030000,-0.0473501974097799
10.75430000,-0.0472174250265438
10.75830000,-0.0470553761384494
10.76130000,-0.0468760624871684
10.76530000,-0.0466092493567579
10.76930000,-0.0462771957433151
10.77330000,-0.0459159378128742
10.77730000,-0.0455169097548641
10.78130000,-0.0450784933406166
10.78530000,-0.0446008428057153
10.78930000,-0.0441008881859304
10.79330000,-0.0435432730934738
10.79730000,-0.0430114631099451
10.80030000,-0.0425411251091132
10.80430000,-0.0419587137668823
10.80830000,-0.0413071310936677
10.81230000,-0.0406838051767575
10.81630000,-0.0400511436542772
10.82030000,-0.0394355300571283
10.82430000,-0.0388374803416155
10.82830000,-0.0382590078469620
10.83230000,-0.0377273056913298
10.83630000,-0.0372071789038763
10.84030000,-0.0367616647253288
10.84330000,-0.0364110459031389
10.84730000,-0.0360160529846938
10.85130000,-0.0356046231265401
10.85530000,-0.0352420359190085
10.85930000,-0.0348878032547834
10.86330000,-0.0345528553792256
10.86730000,-0.0342327340954520
10.87130000,-0.0339235573669998
10.87530000,-0.0336374913050046
10.87930000,-0.0333396992506828
10.88330000,-0.0330695126792149
10.88630000,-0.0328410253897047
10.89030000,-0.0325580493736287
10.89430000,-0.0322438357075453
10.89830000,-0.0319375275628652
10.90230000,-0.0316150336675370
10.90630000,-0.0312752526067510
10.91030000,-0.0309179075463444
10.91430000,-0.0305508453763874
10.91830000,-0.0301340716020270
10.92230000,-0.0297257976802018
10.92530000,-0.0293507881050513
10.92930000,-0.0288571032658347
10.93330000,-0.0282730044087198
10.93730000,-0.0276702275494691
10.94130000,-0.0269975239538144
10.94530000,-0.0262767383541728
10.94930000,-0.0255010253559462
10.95330000,-0.0246716490947525
10.95730000,-0.0238227163518041
10.96130000,-0.0228757098723360
10.96530000,-0.0219737656017740
10.96830000,-0.0211825607046783
10.97230000,-0.0202137005707278
10.97630000,-0.0191298203551987
10.98030000,-0.0180762497487080
10.98430000,-0.0169668673753929
10.98830000,-0.0158438769764864
10.99230000,-0.0146969560269569
10.99630000,-0.0135147672808898
11.00030000,-0.0123360880152232
11.00430000,-0.0110466380050715
11.00830000,-0.0098339872968813
11.01130000,-0.0087784133751331
11.01530000,-0.0074935993595298
11.01930000,-0.0060684755417905
11.02330000,-0.0046888721022506
11.02730000,-0.0032894548855707
11.03130000,-0.0019179019851020
11.03530000,-0.0005985748804915
11.03930000,0.0006423451195759
11.04330000,0.0018791769248024
11.04730000,0.0029786689203708
11.05030000,0.0038984306315658
11.05430000,0.0050333972660681
11.05830000,0.0063810708443924
11.06230000,0.0078298755725632
11.06630000,0.0095312224719991
11.07030000,0.0114451744385170
11.07430000,0.0135889916421062
11.07830000,0.0159427651417674
11.08230000,0.0183818985583785
11.08630000,0.0210399642818549
11.09030000,0.0234971282691545
11.09330000,0.0255458848317697
11.09730000,0.0278772083511240
11.10130000,0.0303144006202253
11.10530000,0.0324848546626061
11.10930000,0.0345716948607681
11.11330000,0.0364940104589557
11.11730000,0.0382696839048105
11.12130000,0.0399371703068403
11.12530000,0.0414486600359412
11.12930000,0.0429199052029176
11.13330000,0.0441734085669595
11.13630000,0.0451469505581609
11.14030000,0.0462103088296256
11.14430000,0.0472953974745132
11.14830000,0.0482308431519948
11.15230000,0.0490947878777789
11.15630000,0.0498464348282207
11.16030000,0.0504763683150436
11.16430000,0.0509854944691021
11.16830000,0.0513562852119525
11.17230000,0.0515694437234227
11.17530000,0.0516074787482905
11.17930000,0.0515043334045748
11.18330000,0.0512566749947720
11.18730000,0.0508564257253776
11.19130000,0.0503054741877528
11.19530000,0.0496200288228484
11.19930000,0.0488012657322650
11.20330000,0.0478668545875622
11.20730000,0.0468581145082509
11.21130000,0.0456993304313489
11.21530000,0.0445631325199357
11.21830000,0.0435338792108333
11.22230000,0.0422812925205948
11.22630000,0.0408791884803077
11.23030000,0.0394965445722217
11.23430000,0.0380356678334085
11.23830000,0.0365486000899581
11.24230000,0.0350322534452451
11.24630000,0.0334851542866243
11.25030000,0.0319639182399324
11.25430000,0.0303609459794715
11.25830000,0.0288924400322967
11.26130000,0.0276563333097078
11.26530000,0.0262458791915662
11.26930000,0.0247566795860009
11.27330000,0.0233873813680243
11.27730000,0.0220508492865633
11.28130000,0.0207885418973337
11.28530000,0.0196124149847104
11.28930000,0.0185313750991025
11.29330000,0.0175086391387191
11.29730000,0.0166423171391651
11.30030000,0.0159906708412107
11.30430000,0.0153419456168992
11.30830000,0.0147412485161509
11.31230000,0.0142883738301703
11.31630000,0.0139309411259789
11.32030000,0.0136871166044752
11.32430000,0.0135642686257969
11.32830000,0.0135524561468503
11.33230000,0.0136445825217700
11.33630000,0.0138656542533180
11.34030000,0.0141618325551953
11.34330000,0.0145095932877174
11.34730000,0.0150383053139832
11.35130000,0.0157206735882325
11.35530000,0.0164862928827137
11.35930000,0.0173796764339877
11.36330000,0.0183730450720953
11.36730000,0.0194744380340717
11.37130000,0.0206756378391492
11.37530000,0.0219226798206634
11.37930000,0.0233207018192248
11.38330000,0.0246628494626884
11.38630000,0.0258584892261960
11.39030000,0.0273230541796675
11.39430000,0.0289579878070990
11.39830000,0.0305781864351558
11.40230000,0.0322740514636823
11.40630000,0.0340268623234197
11.41030000,0.0358256826298315
11.41430000,0.0376278488239459
11.41830000,0.0395443966274265
11.42230000,0.0413277157736620
11.42530000,0.0428561805053973
11.42930000,0.0446554138485226
11.43330000,0.0466069087200598
11.43730000,0.0484417606789030
11.44130000,0.0502958420564053
11.44530000,0.0520950747309747
11.44930000,0.0538276018718418
11.45330000,0.0554868346346034
11.45730000,0.0570049764747189
11.46130000,0.0584664325319388
11.46530000,0.0597004414477992
11.46830000,0.0606330445480138
11.47230000,0.0615760390705509
11.47630000,0.0624552239109572
11.48030000,0.0631188887303072
11.48430000,0.0636442418931736
11.48830000,0.0640069989025673
11.49230000,0.0641985884002240
11.49630000,0.0642332370346855
11.50030000,0.0641216518924815
11.50430000,0.0638435767704608
11.50830000,0.0634753420580680
11.51130000,0.0630541601232590
11.51530000,0.0624335173426710
11.51930000,0.0616608405119975
11.52330000,0.0608110583645836
11.52730000,0.0598672335003599
11.53130000,0.0588315891949062
11.53530000,0.0577091266332845
11.53930000,0.0565366066482538
11.54330000,0.0552300783416547
11.54730000,0.0539789461769069
11.55030000,0.0528686942979675
11.55430000,0.0515059164191324
11.55830000,0.0499754491106665
11.56230000,0.0484817755105358
11.56630000,0.0469194034725142
11.57030000,0.0453444750360068
11.57430000,0.0437434554483370
11.57830000,0.0421088617780413
11.58230000,0.0405038095106639
11.58630000,0.0388018366615841
11.59030000,0.0372343634713584
11.59330000,0.0358968657470465
11.59730000,0.0343157031861879
11.60130000,0.0325930581022062
11.60530000,0.0309660774722115
11.60930000,0.0292999976394323
11.61330000,0.0276494306681947
11.61730000,0.0259966730313255
11.62130000,0.0243278011895356
11.62530000,0.0227054192242753
11.62930000,0.0209931626401421
11.63330000,0.0194226209193163
11.63630000,0.0180881663382504
11.64030000,0.0165128306373219
11.64430000,0.0148037606697447
11.64830000,0.0131742356213599
11.65230000,0.0115163727535287
11.65630000,0.0098555363832682
11.66030000,0.0082003397653519
11.66430000,0.0065819108574709
11.66830000,0.0049143134070680
11.67230000,0.0034061648309825
11.67530000,0.0021706933714398
11.67930000,0.0007840887631308
11.68330000,-0.0006374116700277
11.68730000,-0.0018560869790613
11.69130000,-0.0029807953761898
11.69530000,-0.0039620163828827
11.69930000,-0.0048169954313772
11.70330000,-0.0055851286985966
11.70730000,-0.0062696915011573
11.71130000,-0.0069905954191371
11.71530000,-0.0076735135437434
11.71830000,-0.0082978472556415
11.72230000,-0.0091027071893707
11.72630000,-0.0100307095751224
11.73030000,-0.0109503061420318
11.73430000,-0.0118944560835364
11.73830000,-0.0128038936241604
11.74230000,-0.0136477013852000
11.74630000,-0.0144092856730170
11.75030000,-0.0150587642478918
11.75430000,-0.0156266562957964
11.75830000,-0.0160559914498152
11.76130000,-0.0163248085913048
11.76530000,-0.0165469583780647
11.76930000,-0.0167102151263176
11.77330000,-0.0167683442805747
11.77730000,-0.0167575535324645
11.78130000,-0.0166623884907907
11.78530000,-0.0164813583614874
11.78930000,-0.0162307692087761
11.79330000,-0.0158768418691907
11.79730000,-0.0154819265340697
11.80030000,-0.0150694352476983
11.80430000,-0.0145166375723666
11.80830000,-0.0138588011359097
11.81230000,-0.0131723447195736
11.81630000,-0.0124308129800919
11.82030000,-0.0116599033763181
11.82430000,-0.0108611742197012
11.82830000,-0.0100438831857627
11.83230000,-0.0092454897954221
11.83630000,-0.0084209158536956
11.84030000,-0.0076713447899548
11.84330000,-0.0070379671588780
11.84730000,-0.0063213094542812
11.85130000,-0.0055714387233534
11.85530000,-0.0048937697871174
11.85930000,-0.0042410527725046
11.86330000,-0.0036381191343263
11.86730000,-0.0030932884292742
11.87130000,-0.0026104998649998
11.87530000,-0.0022078244611257
11.87930000,-0.0018699607322046
11.88330000,-0.0016158479890070
11.88630000,-0.0014510364234531
11.89030000,-0.0013341820731190
11.89430000,-0.0012687380931086
11.89830000,-0.0012680190512297
11.90230000,-0.0013083126566646
11.90630000,-0.0013930478058393
11.91030000,-0.0015244662406276
11.91430000,-0.0016962955211146
11.91830000,-0.0019416931977819
11.92230000,-0.0022110517878544
11.92530000,-0.0024899191647931
11.92930000,-0.0029035519933972
11.93330000,-0.0034421406603226
11.93730000,-0.0040514564177825
11.94130000,-0.0047683876655616
11.94530000,-0.0055681773444157
11.94930000,-0.0064660412179305
11.95330000,-0.0074660704082746
11.95730000,-0.0085262438495732
11.96130000,-0.0097328107973137
11.96530000,-0.0108955639067944
11.96830000,-0.0119300761888046
11.97230000,-0.0132021440614972
11.97630000,-0.0146226854661111
11.98030000,-0.0159888125147216
11.98430000,-0.0173861945873100
11.98830000,-0.0187576458481044
11.99230000,-0.0201102907996002
11.99630000,-0.0214531868083345
12.00030000,-0.0227360544626744
12.00430000,-0.0240582627439076
12.00830000,-0.0252479792118063
12.01130000,-0.0262415193012014
12.01530000,-0.0274014043623422
12.01930000,-0.0286466248506214
12.02330000,-0.0298060976255790
12.02730000,-0.0309552137953018
12.03130000,-0.0320681808634680
12.03530000,-0.0331380295586751
12.03930000,-0.0341467610109259
12.04330000,-0.0351322506619450
12.04730000,-0.0359845557409259
12.05030000,-0.0366514716414958
12.05430000,-0.0373805156212010
12.05830000,-0.0381244264425796
12.06230000,-0.0387669125278605
12.06630000,-0.0393798940684725
12.07030000,-0.0399484328721417
12.07430000,-0.0404861212490252
12.07830000,-0.0410035006563501
12.08230000,-0.0414782929208343
12.08630000,-0.0419478566451229
12.09030000,-0.0423564260023740
12.09330000,-0.0426869087516908
12.09730000,-0.0430635230900935
12.10130000,-0.0434586264465436
12.10530000,-0.0438124808431993
12.10930000,-0.0441611575215688
12.11330000,-0.0444954930381597
12.11730000,-0.0448164118358929
12.12130000,-0.0451226188393658
12.12530000,-0.0454002211850018
12.12930000,-0.0456727874071525
12.13330000,-0.0459098224804349
12.13630000,-0.0460975859449496
12.14030000,-0.0463008976342537
12.14430000,-0.0465006963952684
12.14830000,-0.0466642338371011
12.15230000,-0.0468118621500834
12.15630000,-0.0469388666869892
12.16030000,-0.0470431595241355
12.16430000,-0.0471249695511914
12.16830000,-0.0471834915241982
12.17230000,-0.0472187085690815
12.17530000,-0.0472240419935898
12.17930000,-0.0471920662385734
12.18330000,-0.0471096002473548
12.18730000,-0.0469714178262898
12.19130000,-0.0467745736270194
12.19530000,-0.0465258428682768
12.19930000,-0.0462167805205869
12.20330000,-0.0458447672441076
12.20730000,-0.0454247385776465
12.21130000,-0.0449177285481492
12.21530000,-0.0444059303651447
12.21830000,-0.0439234735318035
12.22230000,-0.0433023503243213
12.22630000,-0.0425845000280651
12.23030000,-0.0418680234549107
12.23430000,-0.0411184675401979
12.23830000,-0.0403664762405011
12.24230000,-0.0396091960719731
12.24630000,-0.0388459563771909
12.25030000,-0.0381085265632621
12.25430000,-0.0373447936660316
12.25830000,-0.0366546442515949
12.26130000,-0.0360744877484012
12.26530000,-0.0353950402538464
12.26930000,-0.0346635206954172
12.27330000,-0.0339760655782912
12.27730000,-0.0332868414400568
12.28130000,-0.0326028570648051
12.28530000,-0.0319230143760223
12.28930000,-0.0312590406726297
12.29330000,-0.0305758808603643
12.29730000,-0.0299567933707419
12.30030000,-0.0294385403810797
12.30430000,-0.0288293351742995
12.30830000,-0.0281661034373076
12.31230000,-0.0275420556441987
12.31630000,-0.0269016390383971
12.32030000,-0.0262623721916047
12.32430000,-0.0256124543995212
12.32830000,-0.0249465141346852
12.33230000,-0.0242931761561138
12.33630000,-0.0236006581891827
12.34030000,-0.0229641675573296
12.34330000,-0.0224221356243107
12.34730000,-0.0217790844716728
12.35130000,-0.0210780902731704
12.35530000,-0.0204164917156387
12.35930000,-0.0197342397597590
12.36330000,-0.0190517304137670
12.36730000,-0.0183593050540582
12.37130000,-0.0176506614234617
12.37530000,-0.0169516071236340
12.37930000,-0.0161917878622694
12.38330000,-0.0154765005396629
12.38630000,-0.0148500451607284
12.39030000,-0.0140869497747230
12.39430000,-0.0132424583257132
12.39830000,-0.0124174487168212
12.40230000,-0.0115614698059575
12.40630000,-0.0106832310191764
12.41030000,-0.0097866476758714
12.41430000,-0.0088907607747142
12.41830000,-0.0079327220099599
12.42230000,-0.0070375711845810
12.42530000,-0.0062675524214615
12.42930000,-0.0053494535528122
12.43330000,-0.0043493944515042
12.43730000,-0.0034098891270604
12.44130000,-0.0024617756325703
12.44530000,-0.0015452338284792
12.44930000,-0.0006741800038802
12.45330000,0.0001402114061333
12.45730000,0.0008585920616340
12.46130000,0.0015072621600743
12.46530000,0.0020110537331399
12.46830000,0.0023371303080359
12.47230000,0.0026110290803294
12.47630000,0.0028170689056979
12.48030000,0.0029158908017373
12.48430000,0.0029588554287776
12.48830000,0.0029513009184037
12.49230000,0.0029024671551711
12.49630000,0.0028274060766738
12.50030000,0.0027346700413301
12.50430000,0.0026249468314651
12.50830000,0.0025078104231983
12.51130000,0.0023807262189043
12.51530000,0.0022047935397157
12.51930000,0.0019847321852646
12.52330000,0.0017333017769585
12.52730000,0.0014455820520093
12.53130000,0.0011219379714114
12.53530000,0.0007692519753222
12.53930000,0.0004070097060351
12.54330000,0.0000263972766739
12.54730000,-0.0003235534428624
12.55030000,-0.0006230146325343
12.55430000,-0.0009626743353111
12.55830000,-0.0013219993889336
12.56230000,-0.0016543758343684
12.56630000,-0.0019853532431412
12.57030000,-0.0023089359835866
12.57430000,-0.0026291585601615
12.57830000,-0.0029459405362161
12.58230000,-0.0032445017321621
12.58630000,-0.0035372396652016
12.59030000,-0.0037930102667575
12.59330000,-0.0039970282655584
12.59730000,-0.0041984045118060
12.60130000,-0.0043743885658177
12.60530000,-0.0044924238571672
12.60930000,-0.0045616162525749
12.61330000,-0.0045800777774392
12.61730000,-0.0045385401940240
12.62130000,-0.0044317262557537
12.62530000,-0.0042632253481519
12.62930000,-0.0040041193371840
12.63330000,-0.0037120035897431
12.63630000,-0.0034113194110957
12.64030000,-0.0029840773015585
12.64430000,-0.0024643978874583
12.64830000,-0.0019178398504816
12.65230000,-0.0013404119126310
12.65630000,-0.0007468061847024
12.66030000,-0.0001420391901758
12.66430000,0.0004620081457203
12.66830000,0.0011277355205250
12.67230000,0.0017737482890679
12.67530000,0.0023864959716823
12.67930000,0.0032370772673759
12.68330000,0.0043254217668880
12.68730000,0.0055649567223656
12.69130000,0.0070441941806990
12.69530000,0.0087183031409052
12.69930000,0.0105975904000538
12.70330000,0.0126616323024745
12.70730000,0.0148037406795619
12.71130000,0.0171465080150333
12.71530000,0.0193289710444033
12.71830000,0.0211815566385798
12.72230000,0.0233336467489803
12.72630000,0.0256311921351551
12.73030000,0.0277376319905867
12.73430000,0.0298215180658227
12.73830000,0.0318094895453227
12.74230000,0.0337230545434171
12.74630000,0.0355890485201266
12.75030000,0.0373421790782947
12.75430000,0.0391174015413392
12.75830000,0.0406924950402858
12.76130000,0.0419855329665390
12.76530000,0.0434604005784424
12.76930000,0.0450137197318034
12.77330000,0.0464240509004369
12.77730000,0.0477908598407507
12.78130000,0.0490774210327671
12.78530000,0.0502750122120784
12.78930000,0.0513690489670030
12.79330000,0.0523870767448233
12.79730000,0.0532296395795239
12.80030000,0.0538466813669543
12.80430000,0.0544650616883478
12.80830000,0.0550395812174871
12.81230000,0.0554645154488252
12.81630000,0.0557994585398595
12.82030000,0.0560361473891955
12.82430000,0.0561792649901428
12.82830000,0.0562386921552093
12.83230000,0.0562105552790566
12.83630000,0.0560804238992602
12.84030000,0.0558848332068164
12.84330000,0.0556433003117211
12.84730000,0.0552735387880220
12.85130000,0.0547849876153881
12.85530000,0.0542197559478988
12.85930000,0.0535531275806815
12.86330000,0.0528095432139387
12.86730000,0.0519774553713407
12.87130000,0.0510524003570639
12.87530000,0.0500699927280585
12.87930000,0.0489538015892772
12.88330000,0.0478775333682288
12.88630000,0.0469168477394181
12.89030000,0.0457401801939439
12.89430000,0.0444238234768504
12.89830000,0.0431225738338911
12.90230000,0.0417751691404335
12.90630000,0.0403996801063598
12.91030000,0.0389976894934569
12.91430000,0.0375953907644566
12.91830000,0.0361151282615529
12.92230000,0.0347522656790762
12.92530000,0.0336018435724375
12.92930000,0.0322617524217374
12.93330000,0.0308103875066877
12.93730000,0.0294465041694999
12.94130000,0.0280635665559980
12.94530000,0.0267112598561114
12.94930000,0.0253743529978078
12.95330000,0.0240363796442831
12.95730000,0.0227462948004001
12.96130000,0.0214175949567630
12.96530000,0.0202290339331966
12.96830000,0.0192549292771532
12.97230000,0.0181586473213373
12.97630000,0.0170189617775256
12.98030000,0.0160116617695422
12.98430000,0.0150596169976347
12.98830000,0.0142015663607461
12.99230000,0.0134376473437234
12.99630000,0.0127593703051878
13.00030000,0.0121917913957518
13.00430000,0.0117042839650512
13.00830000,0.0113370237779285
13.01130000,0.0110958104338252
13.01530000,0.0108837094387492
13.01930000,0.0107143230415636
13.02330000,0.0106253507488598
13.02730000,0.0105838489048704
13.03130000,0.0105869098920197
13.03530000,0.0106266263090239
13.03930000,0.0106946535576993
13.04330000,0.0108058799729190
13.04730000,0.0109366508450804
13.05030000,0.0110757375085412
13.05430000,0.0112634073716207
13.05830000,0.0114937649519574
13.06230000,0.0117480984407871
13.06630000,0.0120364202469476
13.07030000,0.0123444861504729
13.07430000,0.0126679794285571
13.07830000,0.0130050181843913
13.08230000,0.0133444999224877
13.08630000,0.0137017533225249
13.09030000,0.0140248077357492
13.09330000,0.0142863275731761
13.09730000,0.0145656538423761
13.10130000,0.0148467118914842
13.10530000,0.0150889480388239
13.10930000,0.0153093757568675
13.11330000,0.0154967418686234
13.11730000,0.0156547681868277
13.12130000,0.0157947149780039
13.12530000,0.0159184329883691
13.12930000,0.0160340251003532
13.13330000,0.0161313189292522
13.13630000,0.0162107581357557
13.14030000,0.0162981018329216
13.14430000,0.0163939902332009
13.14830000,0.0164876509134476
13.15230000,0.0165779823531762
13.15630000,0.0166608239852130
13.16030000,0.0167376167797941
13.16430000,0.0168096952811621
13.16830000,0.0168730324074280
13.17230000,0.0169219003058120
13.17530000,0.0169541605900794
13.17930000,0.0169742553551381
13.18330000,0.0169853686360678
13.18730000,0.0169865444497374
13.19130000,0.0169715324892154
13.19530000,0.0169395218031308
13.19930000,0.0168896352034401
13.20330000,0.0168234083378218
13.20730000,0.0167420633245035
13.21130000,0.0166221817255509
13.21530000,0.0164851482148106
13.21830000,0.0163412102152139
13.22230000,0.0161273974839532
13.22630000,0.0158486680388910
13.23030000,0.0155273702757703
13.23430000,0.0151313705070515
13.23830000,0.0146721706939503
13.24230000,0.0141385652547307
13.24630000,0.0135245711440376
13.25030000,0.0128501461054522
13.25430000,0.0120392355260975
13.25830000,0.0112262440772906
13.26130000,0.0104713642932751
13.26530000,0.0094991399975453
13.26930000,0.0083658094118674
13.27330000,0.0071909279641565
13.27730000,0.0059277712752286
13.28130000,0.0046088058236748
13.28530000,0.0032620237871946
13.28930000,0.0019341062634826
13.29330000,0.0005709948683750
13.29730000,-0.0006462539018802
13.30030000,-0.0016313231164534
13.30430000,-0.0027538639236655
13.30830000,-0.0039850486314141
13.31230000,-0.0052040264826330
13.31630000,-0.0065821337416990
13.32030000,-0.0081157753585630
13.32430000,-0.0098674476671689
13.32830000,-0.0118627836885892
13.33230000,-0.0140116716694742
13.33630000,-0.0164542738703661
13.34030000,-0.0187800177108458
13.34330000,-0.0207686220809102
13.34730000,-0.0230517344293586
13.35130000,-0.0254259860792209
13.35530000,-0.0275051844627125
13.35930000,-0.0294344946408484
13.36330000,-0.0311268488963193
13.36730000,-0.0325878630374869
13.37130000,-0.0338575851822567
13.37530000,-0.0349130019731368
13.37930000,-0.0358303100823407
13.38330000,-0.0365304571591919
13.38630000,-0.0369962751046122
13.39030000,-0.0374155157818854
13.39430000,-0.0377654445260069
13.39830000,-0.0379675849521263
13.40230000,-0.0380723927448537
13.40630000,-0.0380674111715392
13.41030000,-0.0379617743248096
13.41430000,-0.0377784003644581
13.41830000,-0.0374779447617934
13.42230000,-0.0371208765923429
13.42530000,-0.0367315175295237
13.42930000,-0.0361901558564969
13.43330000,-0.0355297207970146
13.43730000,-0.0348189139829589
13.44130000,-0.0340238534947180
13.44530000,-0.0331736654955759
13.44930000,-0.0322764092379219
13.45330000,-0.0313469098443109
13.45730000,-0.0304269631238697
13.46130000,-0.0294657607738693
13.46530000,-0.0285953641259590
13.46830000,-0.0278833396614676
13.47230000,-0.0271058615313521
13.47630000,-0.0263215622616316
13.48030000,-0.0256479802389714
13.48430000,-0.0250230060769760
13.48830000,-0.0244718587742934
13.49230000,-0.0239942358406549
13.49630000,-0.0235772869652290
13.50030000,-0.0232252669270032
13.50430000,-0.0229081893561518
13.50830000,-0.0226532221199714
13.51130000,-0.0224712652179540
13.51530000,-0.0223035957512628
13.51930000,-0.0221581124693954
13.52330000,-0.0220620264638779
13.52730000,-0.0220017102626646
13.53130000,-0.0219912060839991
13.53530000,-0.0220345610231368
13.53930000,-0.0221227228486918
13.54330000,-0.0222742463122600
13.54730000,-0.0224543604841422
13.55030000,-0.0226505724688434
13.55430000,-0.0229305679409725
13.55830000,-0.0232677532078990
13.56230000,-0.0236115572496599
13.56630000,-0.0239684342024111
13.57030000,-0.0243213291302353
13.57430000,-0.0246623075640676
13.57830000,-0.0249814619670378
13.58230000,-0.0252601711141589
13.58630000,-0.0255069728780866
13.59030000,-0.0256993625247359
13.59330000,-0.0258304110174512
13.59730000,-0.0259468902297817
13.60130000,-0.0260372706611943
13.60530000,-0.0260821394175082
13.60930000,-0.0260992980483516
13.61330000,-0.0260923453011058
13.61730000,-0.0260603063818287
13.62130000,-0.0260019837813932
13.62530000,-0.0259190521379528
13.62930000,-0.0258066145617126
13.63330000,-0.0256881541272546
13.63630000,-0.0255713568305832
13.64030000,-0.0254097634795338
13.64430000,-0.0252094677838401
13.64830000,-0.0249890254187963
13.65230000,-0.0247454764240837
13.65630000,-0.0244801462810976
13.66030000,-0.0241921502786011
13.66430000,-0.0238892410222176
13.66830000,-0.0235524018541681
13.67230000,-0.0232329755466085
13.67530000,-0.0229538196432344
13.67930000,-0.0226158136967266
13.68330000,-0.0222434217229146
13.68730000,-0.0218962422087166
13.69130000,-0.0215620085863018
13.69530000,-0.0212597844611018
13.69930000,-0.0209891118403247
13.70330000,-0.0207442938829955
13.70730000,-0.0205324169558734
13.71130000,-0.0203406407972589
13.71530000,-0.0201878225552257
13.71830000,-0.0200742148779575
13.72230000,-0.0199474885847883
13.72630000,-0.0198114582198746
13.73030000,-0.0196854063459797
13.73430000,-0.0195527417396851
13.73830000,-0.0194110832854214
13.74230000,-0.0192517766309910
13.74630000,-0.0190742046866527
13.75030000,-0.0188926590776477
13.75430000,-0.0186989511552977
13.75830000,-0.0185230893290915
13.76130000,-0.0183757407474938
13.76530000,-0.0182016647029966
13.76930000,-0.0180180500736966
13.77330000,-0.0178525655674229
13.77730000,-0.0176894628558470
13.78130000,-0.0175243600139791
13.78530000,-0.0173533369621481
13.78930000,-0.0171803109962864
13.79330000,-0.0169923409305239
13.79730000,-0.0168141273452820
13.80030000,-0.0166538684697041
13.80430000,-0.0164485894029280
13.80830000,-0.0162183924890634
13.81230000,-0.0160033481301636
13.81630000,-0.0157914784093908
13.82030000,-0.0155898934079596
13.82430000,-0.0153987000438772
13.82830000,-0.0152212298775559
13.83230000,-0.0150688490252372
13.83630000,-0.0149313986887365
13.84030000,-0.0148216432280814
13.84330000,-0.0147426277852250
13.84730000,-0.0146612970903492
13.85130000,-0.0145909015263154
13.85530000,-0.0145507354240363
13.85930000,-0.0145287341802349
13.86330000,-0.0145227726416534
13.86730000,-0.0145308596463621
13.87130000,-0.0145515972865578
13.87530000,-0.0145835578042121
13.87930000,-0.0146205356089343
13.88330000,-0.0146564416855167
13.88630000,-0.0146907229885708
13.89030000,-0.0147300952596714
13.89430000,-0.0147750440684705
13.89830000,-0.0148196572661049
13.90230000,-0.0148600796525755
13.90630000,-0.0148948192797647
13.91030000,-0.0149266015110403
13.91430000,-0.0149570197631193
13.91830000,-0.0149795655040955
13.92230000,-0.0149918770172862
13.92530000,-0.0149929128924363
13.92930000,-0.0149737593667830
13.93330000,-0.0149330461366604
13.93730000,-0.0148679906380174
13.94130000,-0.0147594116691850
13.94530000,-0.0146049234065024
13.94930000,-0.0143951180911565
13.95330000,-0.0141272410785625
13.95730000,-0.0138089180478848
13.96130000,-0.0133913884781381
13.96530000,-0.0129472190665776
13.96830000,-0.0125124183833407
13.97230000,-0.0119297046331670
13.97630000,-0.0112301779334743
13.98030000,-0.0104917457063228
13.98430000,-0.0096652704380402
13.98830000,-0.0087829044925573
13.99230000,-0.0078429757473126
13.99630000,-0.0068466146138075
14.00030000,-0.0058327635422802
14.00430000,-0.0047264203010734
14.00830000,-0.0036970421371118
14.01130000,-0.0028286974856913
14.01530000,-0.0018244162145389
14.01930000,-0.0007642788448776
14.02330000,0.0002142823397876
14.02730000,0.0011794949135610
14.03130000,0.0021453090680627
14.03530000,0.0031540760865445
14.03930000,0.0042345353359234
14.04330000,0.0055589676254131
14.04730000,0.0069501371021985
14.05030000,0.0083279315311446
14.05430000,0.0101860592250562
14.05830000,0.0124096385729500
14.06230000,0.0147185858805499
14.06630000,0.0171949696603007
14.07030000,0.0197096444298505
14.07430000,0.0222194843021710
14.07830000,0.0246897324889623
14.08230000,0.0270139216286312
14.08630000,0.0293100016798590
14.09030000,0.0312880943700304
14.09330000,0.0328288081596060
14.09730000,0.0344811171638765
14.10130000,0.0361455681010312
14.10530000,0.0375718338403202
14.10930000,0.0389093652405021
14.11330000,0.0401118995371509
14.11730000,0.0411969380394193
14.12130000,0.0421973898295439
14.12530000,0.0430858330472377
14.12930000,0.0439230152407787
14.13330000,0.0446114056277920
14.13630000,0.0451136587792419
14.14030000,0.0456091600823851
14.14430000,0.0460556575911225
14.14830000,0.0463527960406143
14.15230000,0.0465405169659255
14.15630000,0.0465946801721995
14.16030000,0.0465188486372016
14.16430000,0.0463374126134597
14.16830000,0.0460127894368275
14.17230000,0.0456217402615119
14.17530000,0.0452023306546818
14.17930000,0.0446318747392507
14.18330000,0.0439543876560725
14.18730000,0.0432512942514213
14.19130000,0.0424898495037841
14.19530000,0.0417020663950772
14.19930000,0.0408938070097103
14.20330000,0.0400715952644964
14.20730000,0.0392637391258655
14.21130000,0.0384014173849397
14.21530000,0.0375957211317874
14.21830000,0.0368945707390243
14.22230000,0.0360576714420566
14.22630000,0.0351293937107123
14.23030000,0.0342222407839417
14.23430000,0.0332669108806946
14.23830000,0.0323000043651478
14.24230000,0.0313201563751299
14.24630000,0.0303234190996324
14.25030000,0.0293439356748789
14.25430000,0.0283085405975631
14.25830000,0.0273608224921302
14.26130000,0.0265660610469625
14.26530000,0.0256536932635050
14.26930000,0.0246812791225640
14.27330000,0.0237678014354631
14.27730000,0.0228517106753323
14.28130000,0.0219473759337418
14.28530000,0.0210524737805888
14.28930000,0.0201714688595941
14.29330000,0.0192438200359583
14.29730000,0.0183830224631176
14.30030000,0.0176493856342785
14.30430000,0.0167889990350786
14.30830000,0.0158493724096132
14.31230000,0.0149514817020765
14.31630000,0.0140269701873322
14.32030000,0.0131147171876978
14.32430000,0.0122164044474596
14.32830000,0.0113285582336607
14.33230000,0.0104830104721364
14.33630000,0.0096282722562325
14.34030000,0.0088780987575263
14.34330000,0.0082820175960250
14.34730000,0.0076335964882227
14.35130000,0.0069745191063762
14.35530000,0.0064063605410717
14.35930000,0.0058811502046090
14.36330000,0.0054219663801002
14.36730000,0.0050236232478662
14.37130000,0.0046705613757612
14.37530000,0.0043691781533744
14.37930000,0.0041015628899588
14.38330000,0.0038955559957049
14.38630000,0.0037584204893822
14.39030000,0.0036369021889967
14.39430000,0.0035407885324495
14.39830000,0.0035022240587210
14.40230000,0.0035136394711163
14.40630000,0.0035839650559616
14.41030000,0.0037088143102020
14.41430000,0.0038744763137154
14.41830000,0.0041009573299244
14.42230000,0.0043462614398731
14.42530000,0.0045871634598474
14.42930000,0.0048930971206813
14.43330000,0.0052391633569053
14.43730000,0.0055828444743426
14.44130000,0.0059471895582139
14.44530000,0.0063187348069434
14.44930000,0.0066933267204373
14.45330000,0.0070665734395115
14.45730000,0.0074251506480294
14.46130000,0.0077973544844469
14.46530000,0.0081377739848936
14.46830000,0.0084261761835838
14.47230000,0.0087598001918659
14.47630000,0.0091259207948843
14.48030000,0.0094863036361983
14.48430000,0.0098723990785500
14.48830000,0.0102682544425035
14.49230000,0.0106716542482028
14.49630000,0.0110839642888489
14.50030000,0.0114937832429731
14.50430000,0.0119315397556058
14.50830000,0.0123352438695441
14.51130000,0.0126724573768731
14.51530000,0.0130490767318541
14.51930000,0.0134400349311528
14.52330000,0.0137911170400564
14.52730000,0.0141229972771327
14.53130000,0.0144199648701269
14.53530000,0.0146794923282359
14.53930000,0.0149064674912153
14.54330000,0.0151109051703308
14.54730000,0.0152793541962284
14.55030000,0.0154016867047491
14.55430000,0.0155170408918532
14.55830000,0.0156250599913726
14.56230000,0.0157150666656664
14.56630000,0.0157969705246340
14.57030000,0.0158639907711284
14.57430000,0.0159133205361407
14.57830000,0.0159487457631176
14.58230000,0.0159735128594040
14.58630000,0.0159842172915564
14.59030000,0.0159809413986922
14.59330000,0.0159620437250514
14.59730000,0.0159144832505785
14.60130000,0.0158434975832036
14.60530000,0.0157563903803576
14.60930000,0.0156448663040297
14.61330000,0.0155114552137647
14.61730000,0.0153590823233059
14.62130000,0.0151949262113847
14.62530000,0.0150283270270585
14.62930000,0.0148411271247602
14.63330000,0.0146615575349387
14.63630000,0.0145078771984494
14.64030000,0.0143290281744587
14.64430000,0.0141440787176945
14.64830000,0.0139744131503168
14.65230000,0.0137985184604325
14.65630000,0.0136099046619484
14.66030000,0.0134043549227931
14.66430000,0.0131824018485283
14.66830000,0.0129083534766247
14.67230000,0.0126193236301401
14.67530000,0.0123323590592318
14.67930000,0.0119389481824404
14.68330000,0.0114575400218753
14.68730000,0.0109355443184517
14.69130000,0.0103276069387146
14.69530000,0.0096497773593776
14.69930000,0.0088947723583412
14.70330000,0.0080654132032373
14.70730000,0.0071946578340358
14.71130000,0.0062068439866181
14.71530000,0.0052534603914602
14.71830000,0.0044128025103979
14.72230000,0.0034044286539894
14.72630000,0.0023028040235567
14.73030000,0.0012680907873489
14.73430000,0.0002122742883257
14.73830000,-0.0008237712436840
14.74230000,-0.0018857429204725
14.74630000,-0.0030336953020169
14.75030000,-0.0042724915585886
14.75430000,-0.0058251370081891
14.75830000,-0.0074631820189331
14.76130000,-0.0090981184036067
14.76530000,-0.0113097739355296
14.76930000,-0.0139436753994105
14.77330000,-0.0166860192077946
14.77730000,-0.0195800239037328
14.78130000,-0.0225112196650068
14.78530000,-0.0253975842575022
14.78930000,-0.0281417406078568
14.79330000,-0.0308346137360972
14.79730000,-0.0331566743577736
14.80030000,-0.0349508048507077
14.80430000,-0.0368468938050329
14.80830000,-0.0387278586063214
14.81230000,-0.0403057195160288
14.81630000,-0.0417587546185636
14.82030000,-0.0430351519908749
14.82430000,-0.0441511804230167
14.82830000,-0.0451453092596376
14.83230000,-0.0459961393054002
14.83630000,-0.0467665157696568
14.84030000,-0.0473750343313927
14.84330000,-0.0477901842265212
14.84730000,-0.0481572581435252
14.85130000,-0.0484376335701615
14.85530000,-0.0485546705350972
14.85930000,-0.0485259263128527
14.86330000,-0.0483414354497380
14.86730000,-0.0479955871525486
14.87130000,-0.0475067010258522
14.87530000,-0.0469062201724653
14.87930000,-0.0461437844727796
14.88330000,-0.0453529979315362
14.88630000,-0.0446033795835789
14.89030000,-0.0436555412757424
14.89430000,-0.0425836111410891
14.89830000,-0.0415158505684640
14.90230000,-0.0404099310011238
14.90630000,-0.0392898880887558
14.91030000,-0.0381690151453593
14.91430000,-0.0370713227465537
14.91830000,-0.0359263392008639
14.92230000,-0.0348701315330743
14.92530000,-0.0339672504590489
14.92930000,-0.0329033026407292
14.93330000,-0.0317374883988138
14.93730000,-0.0306168603331444
14.94130000,-0.0294435623176236
14.94530000,-0.0282538393039923
14.94930000,-0.0270365875990370
14.95330000,-0.0257859598032764
14.95730000,-0.0245489924399134
14.96130000,-0.0232319232489958
14.96530000,-0.0220167326596084
14.96830000,-0.0209854806636824
14.97230000,-0.0197866063984598
14.97630000,-0.0184916408140706
14.98030000,-0.0172704911336911
14.98430000,-0.0160188784360596
14.98830000,-0.0147816721444160
14.99230000,-0.0135461287745723
14.99630000,-0.0122944145310497
15.00030000,-0.0110625590378305
15.00430000,-0.0097385257006673
15.00830000,-0.0085036736877450
15.01130000,-0.0074358960478913
15.01530000,-0.0061677819192747
15.01930000,-0.0047867321384674
15.02330000,-0.0034822653499030
15.02730000,-0.0021932695026572
15.03130000,-0.0009781780102087
15.03530000,0.0001332142724547
15.03930000,0.0011187071951162
15.04330000,0.0019859545936826
15.04730000,0.0026584409529269
15.05030000,0.0030967452446665
15.05430000,0.0034700819822936
15.05830000,0.0037762630752122
15.06230000,0.0039757671045637
15.06630000,0.0041397571735395
15.07030000,0.0042763584764295
15.07430000,0.0044037631423709
15.07830000,0.0045396901853824
15.08230000,0.0046791336126059
15.08630000,0.0048222085356144
15.09030000,0.0049355966468896
15.09330000,0.0049945080427705
15.09730000,0.0050049254817535
15.10130000,0.0049476427407221
15.10530000,0.0048016160478814
15.10930000,0.0045555714590793
15.11330000,0.0042103627065875
15.11730000,0.0037652134536868
15.12130000,0.0032348391398308
15.12530000,0.0026508199870910
15.12930000,0.0019796941421010
15.13330000,0.0013320028037126
15.13630000,0.0007699097036734
15.14030000,0.0001213131080237
15.14430000,-0.0005592883447452
15.14830000,-0.0011865919999525
15.15230000,-0.0018093905816952
15.15630000,-0.0024309383212138
15.16030000,-0.0030639291571803
15.16430000,-0.0037125789474837
15.16830000,-0.0044491112638405
15.17230000,-0.0051833405796584
15.17530000,-0.0058703492195721
15.17930000,-0.0067430911923999
15.18330000,-0.0077477723702324
15.18730000,-0.0087612273889245
15.19130000,-0.0098449558942197
15.19530000,-0.0109569339181694
15.19930000,-0.0120942298944771
15.20330000,-0.0132514831969683
15.20730000,-0.0143833047893459
15.21130000,-0.0155620509041332
15.21530000,-0.0166279650669306
15.21830000,-0.0175040748389909
15.22230000,-0.0184764758455170
15.22630000,-0.0194760543494357
15.23030000,-0.0203561225225145
15.23430000,-0.0211926299489735
15.23830000,-0.0219512993415390
15.24230000,-0.0226320473948972
15.24630000,-0.0232480176161220
15.25030000,-0.0237863363028320
15.25430000,-0.0242849378443478
15.25830000,-0.0246933527525733
15.26130000,-0.0249913286437809
15.26530000,-0.0252780688436504
15.26930000,-0.0255373132056580
15.27330000,-0.0257196336671379
15.27730000,-0.0258476710886044
15.28130000,-0.0259001665012132
15.28530000,-0.0258710006900325
15.28930000,-0.0257707587026497
15.29330000,-0.0255649359015613
15.29730000,-0.0253019023166577
15.30030000,-0.0249962631652782
15.30430000,-0.0245339631013527
15.30830000,-0.0239403669323586
15.31230000,-0.0232798804935723
15.31630000,-0.0225178403313511
15.32030000,-0.0216782081635235
15.32430000,-0.0207509016350040
15.32830000,-0.0197398897159211
15.33230000,-0.0186883197388064
15.33630000,-0.0175020985268269
15.34030000,-0.0163531010218359
15.34330000,-0.0153132687629712
15.34730000,-0.0140162872872765
15.35130000,-0.0125391233984177
15.35530000,-0.0110646323161876
15.35930000,-0.0094886979076754
15.36330000,-0.0078654205868685
15.36730000,-0.0061963881396129
15.37130000,-0.0044940008295440
15.37530000,-0.0028391309075556
15.37930000,-0.0011367113190320
15.38330000,0.0003786479555665
15.38630000,0.0016100335409257
15.39030000,0.0030048653372059
15.39430000,0.0045004303737721
15.39830000,0.0059654434030298
15.40230000,0.0075467301368130
15.40630000,0.0092816821455693
15.41030000,0.0111951519969456
15.41430000,0.0132449354117880
15.41830000,0.0155642398253488
15.42230000,0.0177965413588180
15.42530000,0.0197364367091817
15.42930000,0.0219997739840867
15.43330000,0.0243878955115829
15.43730000,0.0265245334554072
15.44130000,0.0285578311768835
15.44530000,0.0303982523645477
15.44930000,0.0320457741534704
15.45330000,0.0335285235910083
15.45730000,0.0348137312607332
15.46130000,0.0360053577185698
15.46530000,0.0369872390180336
15.46830000,0.0377216657281269
15.47230000,0.0384798517290236
15.47630000,0.0392211328629495
15.48030000,0.0398363886549356
15.48430000,0.0403985073919933
15.48830000,0.0408847213612881
15.49230000,0.0412926039531669
15.49630000,0.0416323762723498
15.50030000,0.0418971218876657
15.50430000,0.0420986398322786
15.50830000,0.0422220189260282
15.51130000,0.0422590321654412
15.51530000,0.0422223456426965
15.51930000,0.0421120677171751
15.52330000,0.0419179470310043
15.52730000,0.0416488801655755
15.53130000,0.0412969855888379
15.53530000,0.0408682655444570
15.53930000,0.0403899044234202
15.54330000,0.0398294347056512
15.54730000,0.0392765673318118
15.55030000,0.0387711474141790
15.55430000,0.0381450673309344
15.55830000,0.0374406989899234
15.56230000,0.0367503480273155
15.56630000,0.0360188825565276
15.57030000,0.0352636837625993
15.57430000,0.0344652311926475
15.57830000,0.0336129914108191
15.58230000,0.0327357143364414
15.58630000,0.0317435074618786
15.59030000,0.0307752161726491
15.59330000,0.0298899081544887
15.59730000,0.0287865243791729
15.60130000,0.0275387951228610
15.60530000,0.0263090842019130
15.60930000,0.0250187076617522
15.61330000,0.0237171213756274
15.61730000,0.0224060808442592
15.62130000,0.0210892344723814
15.62530000,0.0198175872284382
15.62930000,0.0184939893414215
15.63330000,0.0172903095058879
15.63630000,0.0162789250835876
15.64030000,0.0151095146672359
15.64430000,0.0138587660621377
15.64830000,0.0126803016347524
15.65230000,0.0114907833605725
15.65630000,0.0103084501835606
15.66030000,0.0091383248892233
15.66430000,0.0079978325972381
15.66830000,0.0068204178454770
15.67230000,0.0057464963135778
15.67530000,0.0048522798643758
15.67930000,0.0038388688605482
15.68330000,0.0027879635830050
15.68730000,0.0018663969581801
15.69130000,0.0010127948259677
15.69530000,0.0002767829761000
15.69930000,-0.0003185036365874
15.70330000,-0.0007711075852290
15.70730000,-0.0010721289451225
15.71130000,-0.0012408219539478
15.71530000,-0.0012956021243596
15.71830000,-0.0012586197812288
15.72230000,-0.0011407409754661
15.72630000,-0.0009700185621403
15.73030000,-0.0007799845616406
15.73430000,-0.0005857953158379
15.73830000,-0.0003993655087857
15.74230000,-0.0002215369582725
15.74630000,-0.0000534849463699
15.75030000,0.0000999423541656
15.75430000,0.0002560579427143
15.75830000,0.0004036364218596
15.76130000,0.0005443272861756
15.76530000,0.0007289489173526
15.76930000,0.0009449939914686
15.77330000,0.0011685509934063
15.77730000,0.0014088154115528
15.78130000,0.0016630242518532
15.78530000,0.0019247452870944
15.78930000,0.0021790663677645
15.79330000,0.0024264423899453
15.79730000,0.0026375006267296
15.80030000,0.0028002901315145
15.80430000,0.0029669012900490
15.80830000,0.0031217243799888
15.81230000,0.0032352698716323
15.81630000,0.0033232154825161
15.82030000,0.0033866698957327
15.82430000,0.0034304975939557
15.82830000,0.0034580184579170
15.83230000,0.0034698012672760
15.83630000,0.0034789720621715
15.84030000,0.0034954091408503
15.84330000,0.0035288609430212
15.84730000,0.0035912084998012
15.85130000,0.0036808340189137
15.85530000,0.0037938473336345
15.85930000,0.0039360034928427
15.86330000,0.0041034643661837
15.86730000,0.0042927834498959
15.87130000,0.0044970946286695
15.87530000,0.0047071798742853
15.87930000,0.0049417333817998
15.88330000,0.0051691998714526
15.88630000,0.0053725164391623
15.89030000,0.0056145348985371
15.89430000,0.0058810017175059
15.89830000,0.0061501840894937
15.90230000,0.0064414127765393
15.90630000,0.0067541180198773
15.91030000,0.0070851020154442
15.91430000,0.0074266889470213
15.91830000,0.0078112982543360
15.92230000,0.0081904534350096
15.92530000,0.0085376766291758
15.92930000,0.0089608956484908
15.93330000,0.0094263868417591
15.93730000,0.0098707074932796
15.94130000,0.0103171510960425
15.94530000,0.0107424624933302
15.94930000,0.0111321524698002
15.95330000,0.0114780213627865
15.95730000,0.0117678170040791
15.96130000,0.0120116130500842
15.96530000,0.0121894696434302
15.96830000,0.0122889195784374
15.97230000,0.0123336569703565
15.97630000,0.0123142815551043
15.98030000,0.0122198479619646
15.98430000,0.0120476604314213
15.98830000,0.0117946330942316
15.99230000,0.0114433962662979
15.99630000,0.0109929025854930
16.00030000,0.0104662493142162
16.00430000,0.0098072692524343
16.00830000,0.0091259525650749
16.01130000,0.0084689042355819
16.01530000,0.0076080437629360
16.01930000,0.0066094366378906
16.02330000,0.0055941937691443
16.02730000,0.0045295950126665
16.03130000,0.0034406317763103
16.03530000,0.0023465659582271
16.03930000,0.0012833548863856
16.04330000,0.0001998464915423
16.04730000,-0.0007752599139277
16.05030000,-0.0015971982499429
16.05430000,-0.0025894189243652
16.05830000,-0.0037370610135032
16.06230000,-0.0049404890040375
16.06630000,-0.0063392205038095
16.07030000,-0.0079201592831221
16.07430000,-0.0097174811313414
16.07830000,-0.0117218697359047
16.08230000,-0.0138250591978609
16.08630000,-0.0161440031008878
16.09030000,-0.0183129295459755
16.09330000,-0.0201445560704581
16.09730000,-0.0222238549798083
16.10130000,-0.0243720702235726
16.10530000,-0.0262487204495180
16.10930000,-0.0280061240541230
16.11330000,-0.0295778624862424
16.11730000,-0.0309725101967664
16.12130000,-0.0322196842485829
16.12530000,-0.0332901373998858
16.12930000,-0.0342667277344933
16.13330000,-0.0350567229004912
16.13630000,-0.0356268747220418
16.14030000,-0.0361793193873026
16.14430000,-0.0366766242076431
16.14830000,-0.0370315948696379
16.15230000,-0.0373055491857448
16.15630000,-0.0374835544315223
16.16030000,-0.0375662810927556
16.16430000,-0.0375695173573982
16.16830000,-0.0374790342603415
16.17230000,-0.0373373763030094
16.17530000,-0.0371594486718971
16.17930000,-0.0368868848358067
16.18330000,-0.0365328661713619
16.18730000,-0.0361336693932966
16.19130000,-0.0356739146891719
16.19530000,-0.0351672845804629
16.19930000,-0.0346039949158721
16.20330000,-0.0339829398783061
16.20730000,-0.0333319122289056
16.21130000,-0.0326056984475242
16.21530000,-0.0319127340074673
16.21830000,-0.0312985436758852
16.22230000,-0.0305515135280204
16.22630000,-0.0297192642652296
16.23030000,-0.0289136010552492
16.23430000,-0.0280755989494124
16.23830000,-0.0272312595599981
16.24230000,-0.0263682769430975
16.24630000,-0.0254802533764678
16.25030000,-0.0246022769149806
16.25430000,-0.0236572747687197
16.25830000,-0.0227709746897216
16.26130000,-0.0219886944898762
16.26530000,-0.0210321284453174
16.26930000,-0.0199640876764104
16.27330000,-0.0189076357487143
16.27730000,-0.0178071007445472
16.28130000,-0.0166735216449097
16.28530000,-0.0155120360638365
16.28930000,-0.0143497263993549
16.29330000,-0.0131120209175319
16.29730000,-0.0119561419951781
16.30030000,-0.0109532278037979
16.30430000,-0.0097512355219461
16.30830000,-0.0084259867323773
16.31230000,-0.0071552834015673
16.31630000,-0.0058485629150579
16.32030000,-0.0045523928560164
16.32430000,-0.0032748689149332
16.32830000,-0.0020305784437753
16.33230000,-0.0008831064895982
16.33630000,0.0002110446300704
16.34030000,0.0011189941554587
16.34330000,0.0017836398856336
16.34730000,0.0024334047168257
16.35130000,0.0030260008647145
16.35530000,0.0034696517729789
16.35930000,0.0038536084853947
16.36330000,0.0041837626677934
16.36730000,0.0044823463688514
16.37130000,0.0047699571231250
16.37530000,0.0050395848371887
16.37930000,0.0053139423488926
16.38330000,0.0055521634019070
16.38630000,0.0057255194939702
16.39030000,0.0058764328982689
16.39430000,0.0059788171309489
16.39830000,0.0059919128220121
16.40230000,0.0059325794744578
16.40630000,0.0057848475081651
16.41030000,0.0055440372933706
16.41430000,0.0052262562550398
16.41830000,0.0048008655932223
16.42230000,0.0043521308936929
16.42530000,0.0039207717700973
16.42930000,0.0033703290398799
16.43330000,0.0027449204539107
16.43730000,0.0021360897969624
16.44130000,0.0015251223897501
16.44530000,0.0009438946187288
16.44930000,0.0003990856758775
16.45330000,-0.0001066220068564
16.45730000,-0.0005528258507615
16.46130000,-0.0009663778085775
16.46530000,-0.0013117964610535
16.46830000,-0.0015916100175119
16.47230000,-0.0019232826581664
16.47630000,-0.0023057644934029
16.48030000,-0.0027037771494209
16.48430000,-0.0031542638230847
16.48830000,-0.0036501845363351
16.49230000,-0.0041974210346734
16.49630000,-0.0047886173477091
16.50030000,-0.0053875573372111
16.50430000,-0.0060185584505527
16.50830000,-0.0065887461692997
16.51130000,-0.0070543041400043
16.51530000,-0.0075649731533029
16.51930000,-0.0080773779873643
16.52330000,-0.0085149254289806
16.52730000,-0.0089210210886407
16.53130000,-0.0092940053333459
16.53530000,-0.0096399507791827
16.53930000,-0.0099599770502940
16.54330000,-0.0102695808321322
16.54730000,-0.0105390581737910
16.55030000,-0.0107533638538436
16.55430000,-0.0109887837776159
16.55830000,-0.0112216168963630
16.56230000,-0.0114072945791921
16.56630000,-0.0115603325997152
16.57030000,-0.0116733766657608
16.57430000,-0.0117405492807477
16.57830000,-0.0117580761171689
16.58230000,-0.0117224220711359
16.58630000,-0.0116254397858130
16.59030000,-0.0114924752168216
16.59330000,-0.0113354172122033
16.59730000,-0.0111040718019571
16.60130000,-0.0108016044456796
16.60530000,-0.0104519510078997
16.60930000,-0.0100395148685849
16.61330000,-0.0095780920222252
16.61730000,-0.0090569492543397
16.62130000,-0.0084712736925593
16.62530000,-0.0078430735749739
16.62930000,-0.0071175834821478
16.63330000,-0.0064056892771350
16.63630000,-0.0057518397029476
16.64030000,-0.0049344488655700
16.64430000,-0.0040124401920902
16.64830000,-0.0031010911623099
16.65230000,-0.0021729409144561
16.65630000,-0.0012530973544789
16.66030000,-0.0003529468028506
16.66430000,0.0005072467095263
16.66830000,0.0013812646261620
16.67230000,0.0021708133348818
16.67530000,0.0028528949428847
16.67930000,0.0037141420856312
16.68330000,0.0047442185108382
16.68730000,0.0058473597626134
16.69130000,0.0071110606822941
16.69530000,0.0084958129101922
16.69930000,0.0100042273291046
16.70330000,0.0116131408392494
16.70730000,0.0132283829937836
16.71130000,0.0149245010561478
16.71530000,0.0164336211997558
16.71830000,0.0176331881018783
16.72230000,0.0189589658573746
16.72630000,0.0202977127582500
16.73030000,0.0214219772390525
16.73430000,0.0224506735553403
16.73830000,0.0233477825533364
16.74230000,0.0241280964602382
16.74630000,0.0248128357120218
16.75030000,0.0253752426472840
16.75430000,0.0258681142589698
16.75830000,0.0262239794546484
16.76130000,0.0264240231355751
16.76530000,0.0266143957402853
16.76930000,0.0267621065979596
16.77330000,0.0267962283935814
16.77730000,0.0267573591686416
16.78130000,0.0266349479709550
16.78530000,0.0264309413567999
16.78930000,0.0261562377914696
16.79330000,0.0257875839746555
16.79730000,0.0253683497914296
16.80030000,0.0249173833725372
16.80430000,0.0243639323691750
16.80830000,0.0237228174352763
16.81230000,0.0230334882066714
16.81630000,0.0222795095617079
16.82030000,0.0214860621923416
16.82430000,0.0206550075384649
16.82830000,0.0197904301083179
16.83230000,0.0189186194146021
16.83630000,0.0179939345125585
16.84030000,0.0171250196857151
16.84330000,0.0163584616944665
16.84730000,0.0154945816464104
16.85130000,0.0145763957738416
16.85530000,0.0137033919501552
16.85930000,0.0128228668700011
16.86330000,0.0119612369874955
16.86730000,0.0111084383331985
16.87130000,0.0102546444160451
16.87530000,0.0094249939825465
16.87930000,0.0085638383286684
16.88330000,0.0077751700606391
16.88630000,0.0070958665505608
16.89030000,0.0063194219127813
16.89430000,0.0054925009953682
16.89830000,0.0047093523285550
16.90230000,0.0039316869352917
16.90630000,0.0031755415054874
16.91030000,0.0024469183860000
16.91430000,0.0017610000120064
16.91830000,0.0010999815570653
16.92230000,0.0005420265757673
16.92530000,0.0001257362178538
16.92930000,-0.0002893429071967
16.93330000,-0.0006714430855817
16.93730000,-0.0009549937200383
16.94130000,-0.0011848718797202
16.94530000,-0.0013616746467327
16.94930000,-0.0015064081687812
16.95330000,-0.0016409912334697
16.95730000,-0.0017674876991370
16.96130000,-0.0019080431799423
16.96530000,-0.0020372789487805
16.96830000,-0.0021439731947564
16.97230000,-0.0022713211988560
16.97630000,-0.0023968498972018
16.98030000,-0.0024867152949222
16.98430000,-0.0025428930553358
16.98830000,-0.0025587110892684
16.99230000,-0.0025299479512837
16.99630000,-0.0024571473131354
17.00030000,-0.0023438843316821
17.00430000,-0.0021834565128011
17.00830000,-0.0020068238543359
17.01130000,-0.0018325094928737
17.01530000,-0.0016221866704495
17.01930000,-0.0013936500699253
17.02330000,-0.0011742190778945
17.02730000,-0.0009604461964393
17.03130000,-0.0007605158718110
17.03530000,-0.0005777103274248
17.03930000,-0.0004145835120903
17.04330000,-0.0002664069047740
17.04730000,-0.0001474426775331
17.05030000,-0.0000636128874904
17.05430000,0.0000156752048176
17.05830000,0.0000884881684466
17.06230000,0.0001460080859930
17.06630000,0.0001993532591809
17.07030000,0.0002480541606469
17.07430000,0.0002963511108099
17.07830000,0.0003483653813087
17.08230000,0.0004031387660661
17.08630000,0.0004676963754554
17.09030000,0.0005286011186578
17.09330000,0.0005802058971426
17.09730000,0.0006447391509951
17.10130000,0.0007150463914888
17.10530000,0.0007775882036164
17.10930000,0.0008358111225330
17.11330000,0.0008857459483169
17.11730000,0.0009283907105932
17.12130000,0.0009654404491495
17.12530000,0.0009953262911536
17.12930000,0.0010232661965330
17.13330000,0.0010416404285246
17.13630000,0.0010491631247875
17.14030000,0.0010630323318923
17.14430000,0.0010796485228120
17.14830000,0.0010917665787661
17.15230000,0.0011019280817177
17.15630000,0.0011090834368603
17.16030000,0.0011130161640511
17.16430000,0.0011125666261010
17.16830000,0.0011088877157940
17.17230000,0.0010965904135224
17.17530000,0.0010740257999829
17.17930000,0.0010513124390016
17.18330000,0.0010264002311924
17.18730000,0.0009950852124268
17.19130000,0.0009594570871568
17.19530000,0.0009194869488934
17.19930000,0.0008757935203724
17.20330000,0.0008292266778154
17.20730000,0.0007800920361264
17.21130000,0.0007277089661149
17.21530000,0.0006744522601171
17.21830000,0.0006217147086636
17.22230000,0.0005664163800678
17.22630000,0.0005097275557287
17.23030000,0.0004536409983069
17.23430000,0.0003974288396882
17.23830000,0.0003425221469781
17.24230000,0.0002891256973181
17.24630000,0.0002376219323412
17.25030000,0.0001892809336797
17.25430000,0.0001422166766877
17.25830000,0.0001011346661836
17.26130000,0.0000673861026105
17.26530000,0.0000339899575593
17.26930000,0.0000033725109587
17.27330000,-0.0000215794912986
17.27730000,-0.0000421170486100
17.28130000,-0.0000582401101584
17.28530000,-0.0000704608279157
17.28930000,-0.0000792649528151
17.29330000,-0.0000861323932528
17.29730000,-0.0000900904478452
17.30030000,-0.0000913717774377
17.30430000,-0.0000926813955226
17.30830000,-0.0000931050191188
17.31230000,-0.0000916435098492
17.31630000,-0.0000887302770157
17.32030000,-0.0000843093407805
17.32430000,-0.0000787732501683
17.32830000,-0.0000726569989748
17.33230000,-0.0000665842784029
17.33630000,-0.0000613714457778
17.34030000,-0.0000577061089792
17.34330000,-0.0000000000000000
