Velocity, Vel [m/s]
4606,0
0.00000000,0.0000000000000000
0.00390000,-0.0000003708049583
0.00780000,0.0000025246059109
0.01170000,0.0000084853102402
0.01560000,0.0000180524436640
0.01950000,0.0000313995600807
0.02340000,0.0000484518942846
0.02730000,0.0000690823923443
0.03120000,0.0000933028459958
0.03510000,0.0001213276197241
0.03900000,0.0001536020022851
0.04300000,0.0001905848145032
0.04690000,0.0002324136173770
0.05080000,0.0002790989894799
0.05470000,0.0003305299957477
0.05860000,0.0003864323670465
0.06250000,0.0004467844723718
0.06640000,0.0005120645949889
0.07030000,0.0005835820096112
0.07420000,0.0006636499775360
0.07810000,0.0007552468947549
0.08200000,0.0008612925414747
0.08590000,0.0009835245674563
0.08980000,0.0011214575544502
0.09370000,0.0012716006288640
0.09760000,0.0014269905738984
0.10150000,0.0015777568411749
0.10550000,0.0017120054866561
0.10940000,0.0018174417851817
0.11330000,0.0018845268217352
0.11720000,0.0019084901720514
0.12110000,0.0018904738540353
0.12500000,0.0018383705989959
0.12890000,0.0017659392037958
0.13280000,0.0016908198991839
0.13670000,0.0016314691807413
0.14060000,0.0016036720077453
0.14450000,0.0016168958703578
0.14840000,0.0016719653439924
0.15230000,0.0017591353178801
0.15620000,0.0018577689796387
0.16010000,0.0019398510775991
0.16400000,0.0019705287488908
0.16800000,0.0019179968388655
0.17190000,0.0017645209865766
0.17580000,0.0015018866655863
0.17970000,0.0011369033024813
0.18360000,0.0006951324531128
0.18750000,0.0002122046458934
0.19140000,-0.0002704944701244
0.19530000,-0.0007138524539536
0.19920000,-0.0010895109935465
0.20310000,-0.0013840024946857
0.20700000,-0.0016021086469636
0.21090000,-0.0017641944702983
0.21480000,-0.0019041133757172
0.21870000,-0.0020651807264006
0.22260000,-0.0022899338137552
0.22650000,-0.0026238717849726
0.23050000,-0.0030982922538771
0.23440000,-0.0037136077300887
0.23830000,-0.0044627000693048
0.24220000,-0.0053216744163578
0.24610000,-0.0062401208545480
0.25000000,-0.0071581493727146
0.25390000,-0.0080088246577312
0.25780000,-0.0087282450666103
0.26170000,-0.0092664541024092
0.26560000,-0.0095934936758429
0.26950000,-0.0097042056931133
0.27340000,-0.0096200250840292
0.27730000,-0.0093864110893464
0.28120000,-0.0090663291370288
0.28510000,-0.0087344774760522
0.28900000,-0.0084543480189326
0.29300000,-0.0082764939641848
0.29690000,-0.0082402285830377
0.30080000,-0.0083424892599978
0.30470000,-0.0085470894226669
0.30860000,-0.0088026159597076
0.31250000,-0.0090427927974702
0.31640000,-0.0092076637685135
0.32030000,-0.0092581199676699
0.32420000,-0.0091829285961290
0.32810000,-0.0090003804855753
0.33200000,-0.0087499207064417
0.33590000,-0.0084828025635224
0.33980000,-0.0082501019910657
0.34370000,-0.0080912228064890
0.34760000,-0.0080260598728050
0.35150000,-0.0080514868874035
0.35550000,-0.0081492873806771
0.35940000,-0.0082983939572216
0.36330000,-0.0084804387495527
0.36720000,-0.0086862786849318
0.37110000,-0.0089191484756440
0.37500000,-0.0091923541185497
0.37890000,-0.0095267183148836
0.38280000,-0.0099437336916118
0.38670000,-0.0104568151290402
0.39060000,-0.0110644163316792
0.39450000,-0.0117512513706808
0.39840000,-0.0124927026903961
0.40230000,-0.0132634139078360
0.40620000,-0.0140424322849995
0.41010000,-0.0148098799395217
0.41400000,-0.0155649643933531
0.41800000,-0.0163148175815252
0.42190000,-0.0170572053805100
0.42580000,-0.0178038768506340
0.42970000,-0.0185546732294308
0.43360000,-0.0192760766537946
0.43750000,-0.0199204506743986
0.44140000,-0.0204305922855269
0.44530000,-0.0207524190502207
0.44920000,-0.0208463362812702
0.45310000,-0.0206954810538936
0.45700000,-0.0203095412630189
0.46090000,-0.0197265781876637
0.46480000,-0.0189983053431857
0.46870000,-0.0181706051103246
0.47260000,-0.0172828715939527
0.47650000,-0.0163267863603673
0.48050000,-0.0152858657587186
0.48440000,-0.0141794094441461
0.48830000,-0.0129867472470404
0.49220000,-0.0116864472893393
0.49610000,-0.0103015552462092
0.50000000,-0.0088673463298189
0.50390000,-0.0074452569199020
0.50780000,-0.0061095875315894
0.51170000,-0.0049261552888228
0.51560000,-0.0039438634648129
0.51950000,-0.0031782563429659
0.52340000,-0.0026105089202351
0.52730000,-0.0021836072197479
0.53120000,-0.0018090836453556
0.53510000,-0.0013934791168958
0.53900000,-0.0008374232727868
0.54300000,-0.0000770240882304
0.54690000,0.0008841720614539
0.55080000,0.0020265248360900
0.55470000,0.0033001490979654
0.55860000,0.0046121062632645
0.56250000,0.0058641716698434
0.56640000,0.0069600314008935
0.57030000,0.0078232111864207
0.57420000,0.0084121980551189
0.57810000,0.0087208969047155
0.58200000,0.0087839560509374
0.58590000,0.0086721669345593
0.58980000,0.0084926548268535
0.59370000,0.0083798097955064
0.59760000,0.0084675589868137
0.60150000,0.0088936912060006
0.60550000,0.0097610713622509
0.60940000,0.0111041667385811
0.61330000,0.0129349461064855
0.61720000,0.0152161765020563
0.62110000,0.0178402681035267
0.62500000,0.0206670285194501
0.62890000,0.0235336190144933
0.63280000,0.0262754488449815
0.63670000,0.0287443789825372
0.64060000,0.0308192897895879
0.64450000,0.0324200144247144
0.64840000,0.0335189414146124
0.65230000,0.0341437441033979
0.65620000,0.0343685205725370
0.66010000,0.0343020607071579
0.66400000,0.0340533523439104
0.66800000,0.0337277605641298
0.67190000,0.0334227712845334
0.67580000,0.0331736250871263
0.67970000,0.0329484611763007
0.68360000,0.0326587237412177
0.68750000,0.0321543824311405
0.69140000,0.0312558517178025
0.69530000,0.0297827012919084
0.69920000,0.0275763574609567
0.70310000,0.0245375202152352
0.70700000,0.0206283776131140
0.71090000,0.0159078146327351
0.71480000,0.0105085487558435
0.71870000,0.0046090582695779
0.72260000,-0.0015237544059564
0.72650000,-0.0077490894676467
0.73050000,-0.0139076672119472
0.73440000,-0.0196775323999675
0.73830000,-0.0249994502468921
0.74220000,-0.0299204463438197
0.74610000,-0.0344108627537504
0.75000000,-0.0385376588979335
0.75390000,-0.0423765592474667
0.75780000,-0.0460071002054871
0.76170000,-0.0495173739473462
0.76560000,-0.0529574850369841
0.76950000,-0.0563462966766663
0.77340000,-0.0596517435732226
0.77730000,-0.0628104207994127
0.78120000,-0.0657454200878031
0.78510000,-0.0683591589946532
0.78900000,-0.0705916669888227
0.79300000,-0.0723861623093947
0.79690000,-0.0736621887491508
0.80080000,-0.0744341015628925
0.80470000,-0.0747694449326318
0.80860000,-0.0747334852373993
0.81250000,-0.0744244352357415
0.81640000,-0.0739447337091219
0.82030000,-0.0733926814561206
0.82420000,-0.0728509037637162
0.82810000,-0.0723640936226260
0.83200000,-0.0719309688236695
0.83590000,-0.0715129253188153
0.83980000,-0.0710504129841441
0.84370000,-0.0704811665811922
0.84760000,-0.0697681076612731
0.85150000,-0.0688749269478753
0.85550000,-0.0678099109172535
0.85940000,-0.0666646283400081
0.86330000,-0.0655299450860271
0.86720000,-0.0645089790875427
0.87110000,-0.0637262596634588
0.87500000,-0.0632727419693975
0.87890000,-0.0632087389831505
0.88280000,-0.0635566078914602
0.88670000,-0.0642948029431052
0.89060000,-0.0653636220936025
0.89450000,-0.0666774839951734
0.89840000,-0.0681413300924258
0.90230000,-0.0696712452170545
0.90620000,-0.0711971522861361
0.91010000,-0.0726422945400256
0.91400000,-0.0739521119013071
0.91800000,-0.0750580974702493
0.92190000,-0.0758426663598718
0.92580000,-0.0762044419071961
0.92970000,-0.0760261940859969
0.93360000,-0.0751539833885199
0.93750000,-0.0734513153583721
0.94140000,-0.0708135855550960
0.94530000,-0.0671912645019213
0.94920000,-0.0626057829523340
0.95310000,-0.0571628789585535
0.95700000,-0.0510539547490077
0.96090000,-0.0445658066040826
0.96480000,-0.0380470046105440
0.96870000,-0.0318604591155259
0.97260000,-0.0263750647431432
0.97650000,-0.0218082222175318
0.98050000,-0.0182799206994198
0.98440000,-0.0158632263637389
0.98830000,-0.0143102579125680
0.99220000,-0.0131419992902274
0.99610000,-0.0117884944632013
1.00000000,-0.0095527904666115
1.00390000,-0.0057514475660491
1.00780000,0.0001857363106434
1.01170000,0.0086311274954791
1.01560000,0.0196426231091889
1.01950000,0.0329540948053638
1.02340000,0.0479412663264632
1.02730000,0.0637282842244355
1.03120000,0.0793225353363281
1.03510000,0.0936412012440687
1.03900000,0.1059529053561719
1.04300000,0.1157217282334777
1.04690000,0.1224323124897951
1.05080000,0.1262840290618964
1.05470000,0.1278980501034750
1.05860000,0.1279489863841810
1.06250000,0.1273430761779455
1.06640000,0.1269712386402815
1.07030000,0.1276014056104909
1.07420000,0.1298113460571093
1.07810000,0.1338695974954221
1.08200000,0.1397607080579920
1.08590000,0.1471725962754153
1.08980000,0.1555939567677500
1.09370000,0.1644136535041950
1.09760000,0.1729356516799837
1.10150000,0.1806728444326860
1.10550000,0.1872386142617625
1.10940000,0.1922296979628471
1.11330000,0.1956931706576286
1.11720000,0.1979341893042945
1.12110000,0.1992797947031517
1.12500000,0.2002135426685160
1.12890000,0.2012220241367995
1.13280000,0.2027275953689900
1.13670000,0.2050439071501401
1.14060000,0.2082999130987383
1.14450000,0.2124634905283546
1.14840000,0.2173419759686977
1.15230000,0.2226466796643639
1.15620000,0.2280514942233110
1.16010000,0.2331963580185291
1.16400000,0.2378594968373495
1.16800000,0.2418785089401286
1.17190000,0.2450573834424414
1.17580000,0.2474256406821569
1.17970000,0.2491030746597767
1.18360000,0.2501575964388535
1.18750000,0.2507050291137395
1.19140000,0.2508427300447024
1.19530000,0.2506377936891955
1.19920000,0.2501285162894208
1.20310000,0.2493172606664539
1.20700000,0.2482014388200684
1.21090000,0.2468011047846518
1.21480000,0.2451753489254259
1.21870000,0.2434212456767542
1.22260000,0.2416759793438003
1.22650000,0.2400472808970745
1.23050000,0.2386148303028588
1.23440000,0.2374210543597541
1.23830000,0.2363295924571633
1.24220000,0.2350418705570444
1.24610000,0.2331564225638238
1.25000000,0.2301722372796398
1.25390000,0.2255817497174071
1.25780000,0.2189526808480201
1.26170000,0.2099965568737551
1.26560000,0.1986666909268378
1.26950000,0.1851481827949901
1.27340000,0.1699067484156921
1.27730000,0.1535830116231782
1.28120000,0.1368768623587370
1.28510000,0.1206040797416083
1.28900000,0.1051314943811528
1.29300000,0.0906698627225195
1.29690000,0.0775675510470151
1.30080000,0.0652946043634698
1.30470000,0.0528659749487161
1.30860000,0.0393735222842707
1.31250000,0.0237161511939925
1.31640000,0.0049838536461996
1.32030000,-0.0173639210871997
1.32420000,-0.0434208872998448
1.32810000,-0.0727001519393364
1.33200000,-0.1043274786299273
1.33590000,-0.1370928653323852
1.33980000,-0.1697408237554514
1.34370000,-0.2011884473653422
1.34760000,-0.2303717428764793
1.35150000,-0.2570735463080797
1.35550000,-0.2812762355125215
1.35940000,-0.3025133672789830
1.36330000,-0.3214452884482613
1.36720000,-0.3390965366441873
1.37110000,-0.3560207474378964
1.37500000,-0.3729053386285264
1.37890000,-0.3901828568789121
1.38280000,-0.4080110443063567
1.38670000,-0.4263511517584245
1.39060000,-0.4449004893096677
1.39450000,-0.4632626656736214
1.39840000,-0.4809522841542472
1.40230000,-0.4975045910659872
1.40620000,-0.5125309396624084
1.41010000,-0.5256378307513602
1.41400000,-0.5367309348674203
1.41800000,-0.5457643792056784
1.42190000,-0.5524883208964851
1.42580000,-0.5570225941758651
1.42970000,-0.5595755203337344
1.43360000,-0.5601725423014424
1.43750000,-0.5589352192133897
1.44140000,-0.5559893318983432
1.44530000,-0.5514737534891399
1.44920000,-0.5455366929670363
1.45310000,-0.5383037398873590
1.45700000,-0.5298526763889558
1.46090000,-0.5202631328779500
1.46480000,-0.5095770067494513
1.46870000,-0.4977768380978990
1.47260000,-0.4849750155118945
1.47650000,-0.4709669136503208
1.48050000,-0.4556762772738764
1.48440000,-0.4395523117785745
1.48830000,-0.4225035636486882
1.49220000,-0.4042936879824176
1.49610000,-0.3850133743827459
1.50000000,-0.3646842843085331
1.50390000,-0.3435126685428458
1.50780000,-0.3218863806671201
1.51170000,-0.3002751230958974
1.51560000,-0.2792298608921023
1.51950000,-0.2592259346134095
1.52340000,-0.2406731091559001
1.52730000,-0.2238269883672378
1.53120000,-0.2087411894815784
1.53510000,-0.1953886751730779
1.53900000,-0.1833261337009070
1.54300000,-0.1720573683214176
1.54690000,-0.1613867402533915
1.55080000,-0.1507091682832266
1.55470000,-0.1393641191621100
1.55860000,-0.1270132649315319
1.56250000,-0.1133371419593471
1.56640000,-0.0981963483486169
1.57030000,-0.0816121148759788
1.57420000,-0.0636923479794754
1.57810000,-0.0446708043221676
1.58200000,-0.0248002024825036
1.58590000,-0.0044291512816965
1.58980000,0.0160646873891961
1.59370000,0.0363083969013165
1.59760000,0.0557464157580018
1.60150000,0.0741996109220858
1.60550000,0.0914119404918656
1.60940000,0.1066334892116360
1.61330000,0.1198213732457195
1.61720000,0.1311932967332327
1.62110000,0.1407313345235948
1.62500000,0.1486891200649416
1.62890000,0.1553557744268141
1.63280000,0.1610395949797481
1.63670000,0.1660764359391233
1.64060000,0.1707132956490927
1.64450000,0.1751352489844342
1.64840000,0.1794170953345493
1.65230000,0.1835480634998737
1.65620000,0.1874501733019880
1.66010000,0.1909657030897484
1.66400000,0.1939509497160753
1.66800000,0.1962340997502126
1.67190000,0.1975887260129389
1.67580000,0.1979210152778365
1.67970000,0.1972258259764190
1.68360000,0.1955234271046087
1.68750000,0.1929172820789563
1.69140000,0.1895477857026079
1.69530000,0.1855712185100218
1.69920000,0.1811402570817614
1.70310000,0.1763856808068153
1.70700000,0.1714019958808204
1.71090000,0.1662673717972691
1.71480000,0.1610438959279080
1.71870000,0.1557862784764099
1.72260000,0.1506109838416705
1.72650000,0.1455592756486701
1.73050000,0.1407408893825433
1.73440000,0.1364620978915370
1.73830000,0.1328894311448226
1.74220000,0.1301626743300511
1.74610000,0.1285080762688460
1.75000000,0.1280626600896115
1.75390000,0.1289019591207165
1.75780000,0.1310117925998021
1.76170000,0.1342677458995691
1.76560000,0.1384572612820125
1.76950000,0.1433039452725196
1.77340000,0.1484989529699234
1.77730000,0.1537488046047550
1.78120000,0.1588136558484350
1.78510000,0.1634893586721439
1.78900000,0.1677443879588278
1.79300000,0.1716233539867343
1.79690000,0.1751411468546209
1.80080000,0.1785225786951640
1.80470000,0.1820678316356131
1.80860000,0.1860031101078429
1.81250000,0.1905622711747152
1.81640000,0.1959108958788274
1.82030000,0.2021305868065401
1.82420000,0.2092230386330668
1.82810000,0.2170825329254220
1.83200000,0.2255433908902358
1.83590000,0.2343722498672132
1.83980000,0.2433230162007253
1.84370000,0.2521698020397803
1.84760000,0.2606306334289482
1.85150000,0.2685898171643137
1.85550000,0.2758978421179482
1.85940000,0.2821948177720243
1.86330000,0.2874192708847670
1.86720000,0.2916323983084553
1.87110000,0.2948150985094349
1.87500000,0.2970795480822050
1.87890000,0.2985743257896306
1.88280000,0.2994915855031683
1.88670000,0.3000868451584447
1.89060000,0.3006256133543392
1.89450000,0.3013763109535790
1.89840000,0.3025424065652472
1.90230000,0.3042449400727916
1.90620000,0.3065156041401094
1.91010000,0.3092645849055479
1.91400000,0.3123947903868701
1.91800000,0.3157298249884387
1.92190000,0.3189564290771674
1.92580000,0.3218745139574132
1.92970000,0.3243468306133347
1.93360000,0.3262323162683604
1.93750000,0.3274903258919202
1.94140000,0.3281385466081972
1.94530000,0.3282458622906702
1.94920000,0.3279236419777857
1.95310000,0.3272917406763722
1.95700000,0.3264547456368382
1.96090000,0.3254834935973172
1.96480000,0.3244079342541785
1.96870000,0.3232255647396733
1.97260000,0.3219366716472318
1.97650000,0.3204994780674795
1.98050000,0.3188873648565847
1.98440000,0.3171446409784269
1.98830000,0.3152706188235177
1.99220000,0.3132675264580154
1.99610000,0.3111849243411702
2.00000000,0.3090515728679541
2.00390000,0.3068886724108835
2.00780000,0.3047005699567620
2.01170000,0.3024573438854044
2.01560000,0.3001044888135171
2.01950000,0.2975390014019665
2.02340000,0.2946483571271378
2.02730000,0.2913114386172334
2.03120000,0.2874116387910551
2.03510000,0.2829240369004765
2.03900000,0.2777343933581921
2.04300000,0.2718195620473417
2.04690000,0.2654153056632612
2.05080000,0.2585975600986683
2.05470000,0.2514320552498834
2.05860000,0.2441286689643416
2.06250000,0.2368311064416668
2.06640000,0.2296749261419431
2.07030000,0.2227641807597972
2.07420000,0.2161315939246476
2.07810000,0.2097647599221112
2.08200000,0.2035672861262960
2.08590000,0.1974208336376265
2.08980000,0.1911869017039671
2.09370000,0.1847220628687388
2.09760000,0.1779884004773837
2.10150000,0.1708179845851648
2.10550000,0.1631411938043142
2.10940000,0.1551922223844401
2.11330000,0.1469589780089247
2.11720000,0.1383754743692899
2.12110000,0.1295374366553649
2.12500000,0.1204567995666365
2.12890000,0.1111616858858284
2.13280000,0.1016829392983350
2.13670000,0.0920099417292304
2.14060000,0.0821343190241862
2.14450000,0.0719858739454488
2.14840000,0.0615080657133770
2.15230000,0.0506221132836689
2.15620000,0.0392182859000814
2.16010000,0.0273308015978672
2.16400000,0.0147399359079808
2.16800000,0.0013818127154013
2.17190000,-0.0122752255219639
2.17580000,-0.0261516575382497
2.17970000,-0.0402090753007522
2.18360000,-0.0540871123900312
2.18750000,-0.0675484349032111
2.19140000,-0.0803464876241041
2.19530000,-0.0922715391388957
2.19920000,-0.1032149344221089
2.20310000,-0.1131123720293620
2.20700000,-0.1219874863237012
2.21090000,-0.1298918853927164
2.21480000,-0.1369111910634123
2.21870000,-0.1431575349079050
2.22260000,-0.1486986992343452
2.22650000,-0.1536955021464570
2.23050000,-0.1582554349839835
2.23440000,-0.1623061554475675
2.23830000,-0.1659246051522618
2.24220000,-0.1692137059516299
2.24610000,-0.1721661767241480
2.25000000,-0.1748091155535797
2.25390000,-0.1771509009879371
2.25780000,-0.1791959703515371
2.26170000,-0.1809662541457207
2.26560000,-0.1824824089968073
2.26950000,-0.1837688136569691
2.27340000,-0.1848366415549360
2.27730000,-0.1856769748257584
2.28120000,-0.1862556581905064
2.28510000,-0.1865195480136667
2.28900000,-0.1863979963505518
2.29300000,-0.1858366625243486
2.29690000,-0.1848375075035398
2.30080000,-0.1834558386782499
2.30470000,-0.1818199140255526
2.30860000,-0.1801337010280789
2.31250000,-0.1786479736742962
2.31640000,-0.1776388992500088
2.32030000,-0.1773740498294513
2.32420000,-0.1780739721092304
2.32810000,-0.1798643230051177
2.33200000,-0.1827642294644401
2.33590000,-0.1866638536266610
2.33980000,-0.1913623679849348
2.34370000,-0.1966089924819541
2.34760000,-0.2020761540589878
2.35150000,-0.2075642850800005
2.35550000,-0.2128870828285527
2.35940000,-0.2177588066493930
2.36330000,-0.2221759974692263
2.36720000,-0.2262666850167491
2.37110000,-0.2301133609470208
2.37500000,-0.2338932171032609
2.37890000,-0.2377858354113728
2.38280000,-0.2419550951309651
2.38670000,-0.2465472319813859
2.39060000,-0.2516395169014803
2.39450000,-0.2572679619447311
2.39840000,-0.2633934078865041
2.40230000,-0.2699355978434178
2.40620000,-0.2767928903739735
2.41010000,-0.2837682601709670
2.41400000,-0.2907921666094633
2.41800000,-0.2977333590683056
2.42190000,-0.3042219563685867
2.42580000,-0.3101271573079222
2.42970000,-0.3153809277793534
2.43360000,-0.3197966499575617
2.43750000,-0.3233063391396541
2.44140000,-0.3259033258030571
2.44530000,-0.3276639671842972
2.44920000,-0.3287575641686117
2.45310000,-0.3293822315845630
2.45700000,-0.3297461421258652
2.46090000,-0.3300218054341297
2.46480000,-0.3303443122548824
2.46870000,-0.3308151382629536
2.47260000,-0.3314886353213860
2.47650000,-0.3323967503362218
2.48050000,-0.3335073539259915
2.48440000,-0.3346939021688706
2.48830000,-0.3358160816425065
2.49220000,-0.3367150350460525
2.49610000,-0.3372130620792255
2.50000000,-0.3371693624642850
2.50390000,-0.3364848921776152
2.50780000,-0.3351135083781246
2.51170000,-0.3330672668688700
2.51560000,-0.3304152149939106
2.51950000,-0.3272672240567493
2.52340000,-0.3237713076348988
2.52730000,-0.3200898470011173
2.53120000,-0.3163805530377812
2.53510000,-0.3128176044485109
2.53900000,-0.3094709584172975
2.54300000,-0.3063774690780030
2.54690000,-0.3036156231037672
2.55080000,-0.3010892702921535
2.55470000,-0.2986345656304181
2.55860000,-0.2961400550858233
2.56250000,-0.2934711017070648
2.56640000,-0.2905287250296872
2.57030000,-0.2872616075615582
2.57420000,-0.2836664491010767
2.57810000,-0.2798088722150965
2.58200000,-0.2757960889463887
2.58590000,-0.2717729255310202
2.58980000,-0.2678845848465103
2.59370000,-0.2642482080573271
2.59760000,-0.2609690604354045
2.60150000,-0.2580414863925136
2.60550000,-0.2554284555025169
2.60940000,-0.2531431351076242
2.61330000,-0.2510673670167947
2.61720000,-0.2490465248006963
2.62110000,-0.2469907723018833
2.62500000,-0.2448071415176017
2.62890000,-0.2424512558207037
2.63280000,-0.2399389410167033
2.63670000,-0.2373475199107588
2.64060000,-0.2348206629063635
2.64450000,-0.2325454122281698
2.64840000,-0.2307204109865265
2.65230000,-0.2295266790798038
2.65620000,-0.2291016336185012
2.66010000,-0.2294987266940953
2.66400000,-0.2307233775047178
2.66800000,-0.2326851130262572
2.67190000,-0.2351640291165453
2.67580000,-0.2379416229774066
2.67970000,-0.2407847712065056
2.68360000,-0.2434285596987347
2.68750000,-0.2456559526347787
2.69140000,-0.2473072706580535
2.69530000,-0.2483082651121373
2.69920000,-0.2486921504825631
2.70310000,-0.2485876550777460
2.70700000,-0.2482066954196526
2.71090000,-0.2477995737415067
2.71480000,-0.2476241672898137
2.71870000,-0.2479115449608605
2.72260000,-0.2488074249749507
2.72650000,-0.2503980182323423
2.73050000,-0.2526419124803069
2.73440000,-0.2553280018214189
2.73830000,-0.2582261473127666
2.74220000,-0.2610709062342312
2.74610000,-0.2635442213028338
2.75000000,-0.2653625984903071
2.75390000,-0.2662869078737153
2.75780000,-0.2661503711533336
2.76170000,-0.2648741399848034
2.76560000,-0.2624724352523242
2.76950000,-0.2590245721823516
2.77340000,-0.2546796802152025
2.77730000,-0.2496102664507599
2.78120000,-0.2439740092540020
2.78510000,-0.2379694226156185
2.78900000,-0.2315917215902961
2.79300000,-0.2248245715841014
2.79690000,-0.2178344031663021
2.80080000,-0.2104958679206631
2.80470000,-0.2026007421497761
2.80860000,-0.1940853294410076
2.81250000,-0.1848261307527660
2.81640000,-0.1747457488458261
2.82030000,-0.1638167669035850
2.82420000,-0.1520347084403321
2.82810000,-0.1394725757153700
2.83200000,-0.1261990751892289
2.83590000,-0.1123391386945206
2.83980000,-0.0979912468474373
2.84370000,-0.0831769715558110
2.84760000,-0.0680255760970331
2.85150000,-0.0522530615770003
2.85550000,-0.0356705454335146
2.85940000,-0.0186801954430974
2.86330000,-0.0011727966399222
2.86720000,0.0169787079261563
2.87110000,0.0354188309554265
2.87500000,0.0538480792201521
2.87890000,0.0718682737157510
2.88280000,0.0890763521766996
2.88670000,0.1051906127137989
2.89060000,0.1200097236737324
2.89450000,0.1334961182808420
2.89840000,0.1456961775713911
2.90230000,0.1567499718988143
2.90620000,0.1668676385972658
2.91010000,0.1761808836318521
2.91400000,0.1849764098377654
2.91800000,0.1934108852143942
2.92190000,0.2012674993200255
2.92580000,0.2085697349162829
2.92970000,0.2153720178498739
2.93360000,0.2215355600816037
2.93750000,0.2270206937196708
2.94140000,0.2317940648015360
2.94530000,0.2358470235834754
2.94920000,0.2392256161938158
2.95310000,0.2419883469894957
2.95700000,0.2442355575115269
2.96090000,0.2460839993858613
2.96480000,0.2476774542839694
2.96870000,0.2491792509731291
2.97260000,0.2507210227827856
2.97650000,0.2524504527346487
2.98050000,0.2544416452140720
2.98440000,0.2566274413806559
2.98830000,0.2589707157913439
2.99220000,0.2614186588197461
2.99610000,0.2638520164951998
3.00000000,0.2661713045319900
3.00390000,0.2682804531836516
3.00780000,0.2701018107425798
3.01170000,0.2715937131557590
3.01560000,0.2727448219667544
3.01950000,0.2735808907428067
3.02340000,0.2741520469915025
3.02730000,0.2745259602695018
3.03120000,0.2747759965240608
3.03510000,0.2749622499684981
3.03900000,0.2751413087663303
3.04300000,0.2753521391976991
3.04690000,0.2756092824041245
3.05080000,0.2759440747985361
3.05470000,0.2763873507991516
3.05860000,0.2769444943520086
3.06250000,0.2776038387302381
3.06640000,0.2783311892398146
3.07030000,0.2790791891005994
3.07420000,0.2798000006251795
3.07810000,0.2804515130106315
3.08200000,0.2810039807382450
3.08590000,0.2814402773747141
3.08980000,0.2817571271592048
3.09370000,0.2819637100856326
3.09760000,0.2820730313294002
3.10150000,0.2820939111345180
3.10550000,0.2820130448806211
3.10940000,0.2817857630951806
3.11330000,0.2813522657872952
3.11720000,0.2806451658323692
3.12110000,0.2795983201903244
3.12500000,0.2781601881253472
3.12890000,0.2762963950958260
3.13280000,0.2739907550985643
3.13670000,0.2712471131266159
3.14060000,0.2681027634069627
3.14450000,0.2646278354783101
3.14840000,0.2609356096276451
3.15230000,0.2571565000648546
3.15620000,0.2534083162907684
3.16010000,0.2498093144325964
3.16400000,0.2463646034451707
3.16800000,0.2430480517435964
3.17190000,0.2398827311314767
3.17580000,0.2367251090373550
3.17970000,0.2333586581929697
3.18360000,0.2296089411907644
3.18750000,0.2252788175172206
3.19140000,0.2202194910780558
3.19530000,0.2143496014351133
3.19920000,0.2076560012915957
3.20310000,0.2002243940623529
3.20700000,0.1922167940970798
3.21090000,0.1838906876495022
3.21480000,0.1755538832640647
3.21870000,0.1675170371590340
3.22260000,0.1601205650791968
3.22650000,0.1535342504184854
3.23050000,0.1479011205189300
3.23440000,0.1434786770443749
3.23830000,0.1402578801025471
3.24220000,0.1381194143883868
3.24610000,0.1370070856843164
3.25000000,0.1367779569219105
3.25390000,0.1372866825239916
3.25780000,0.1383930425213577
3.26170000,0.1399638375569918
3.26560000,0.1419051066930284
3.26950000,0.1441769697779937
3.27340000,0.1467854285544880
3.27730000,0.1497824062061308
3.28120000,0.1532518651556274
3.28510000,0.1572283176451734
3.28900000,0.1618395463556523
3.29300000,0.1671454187135622
3.29690000,0.1729856710832345
3.30080000,0.1793253845362594
3.30470000,0.1861133031078403
3.30860000,0.1931389940621998
3.31250000,0.2002098562029432
3.31640000,0.2071138876514879
3.32030000,0.2136587180950711
3.32420000,0.2197200006462992
3.32810000,0.2252312104339280
3.33200000,0.2302103634442086
3.33590000,0.2347221839983418
3.33980000,0.2388740078831160
3.34370000,0.2428034689420929
3.34760000,0.2466187059142441
3.35150000,0.2505064484207045
3.35550000,0.2546018005868398
3.35940000,0.2588645897620875
3.36330000,0.2633318131812120
3.36720000,0.2680121575152262
3.37110000,0.2727816334184667
3.37500000,0.2775159218707105
3.37890000,0.2820626200971091
3.38280000,0.2862733714840519
3.38670000,0.2900459628860839
3.39060000,0.2933258021465224
3.39450000,0.2961289300573289
3.39840000,0.2985201291718174
3.40230000,0.3006096954836463
3.40620000,0.3025433800519279
3.41010000,0.3044596062773084
3.41400000,0.3065259732102336
3.41800000,0.3088500559445360
3.42190000,0.3114043145653327
3.42580000,0.3141618134953848
3.42970000,0.3170530226250378
3.43360000,0.3199249098395142
3.43750000,0.3226188320583605
3.44140000,0.3249634774221339
3.44530000,0.3267962430218468
3.44920000,0.3279853235551844
3.45310000,0.3284415575822478
3.45700000,0.3281247209846933
3.46090000,0.3270602066498364
3.46480000,0.3253306715205621
3.46870000,0.3230613018793338
3.47260000,0.3204361154762190
3.47650000,0.3175620857459178
3.48050000,0.3145339100370798
3.48440000,0.3115077121109169
3.48830000,0.3084736144228839
3.49220000,0.3053593290181376
3.49610000,0.3021425240786950
3.50000000,0.2987571984062570
3.50390000,0.2951443481964291
3.50780000,0.2912561850044029
3.51170000,0.2870480368361492
3.51560000,0.2825064778195788
3.51950000,0.2776233840495247
3.52340000,0.2724300494377589
3.52730000,0.2669752967287679
3.53120000,0.2613094625127199
3.53510000,0.2555460284607459
3.53900000,0.2496463834677101
3.54300000,0.2435954727212100
3.54690000,0.2375755344668952
3.55080000,0.2315322431207349
3.55470000,0.2253451026654538
3.55860000,0.2190074337499796
3.56250000,0.2124232495068848
3.56640000,0.2054938594277554
3.57030000,0.1981245872682221
3.57420000,0.1902105022029282
3.57810000,0.1816923382656194
3.58200000,0.1725115691339680
3.58590000,0.1626810882189658
3.58980000,0.1522520593818837
3.59370000,0.1412966639922366
3.59760000,0.1300417861820485
3.60150000,0.1184732078032284
3.60550000,0.1066636463481598
3.60940000,0.0950757025369813
3.61330000,0.0837030440149309
3.61720000,0.0723658809049118
3.62110000,0.0610434405283731
3.62500000,0.0494993636316477
3.62890000,0.0374581193829860
3.63280000,0.0246338718524176
3.63670000,0.0107363746795576
3.64060000,-0.0043914714261191
3.64450000,-0.0208035835174010
3.64840000,-0.0383246341111410
3.65230000,-0.0566139430657908
3.65620000,-0.0752381649013674
3.66010000,-0.0935467634866314
3.66400000,-0.1112971218313938
3.66800000,-0.1282303578918902
3.67190000,-0.1436500199465058
3.67580000,-0.1576101229167923
3.67970000,-0.1704333005711614
3.68360000,-0.1821733599907774
3.68750000,-0.1930959898142376
3.69140000,-0.2034229402641337
3.69530000,-0.2133243085449945
3.69920000,-0.2229651826922121
3.70310000,-0.2324214602620589
3.70700000,-0.2417620310496277
3.71090000,-0.2509932713982604
3.71480000,-0.2601062419817375
3.71870000,-0.2690949714387266
3.72260000,-0.2778501009798272
3.72650000,-0.2864276988419012
3.73050000,-0.2947941207507496
3.73440000,-0.3026016994585864
3.73830000,-0.3098035000793332
3.74220000,-0.3164336383835351
3.74610000,-0.3223616403218149
3.75000000,-0.3275569384089794
3.75390000,-0.3319820409732108
3.75780000,-0.3356070747841151
3.76170000,-0.3384372244489110
3.76560000,-0.3404769926637646
3.76950000,-0.3417393921124818
3.77340000,-0.3422371868334636
3.77730000,-0.3419846196249519
3.78120000,-0.3410003169712866
3.78510000,-0.3393384039020065
3.78900000,-0.3370082094151737
3.79300000,-0.3340393183324093
3.79690000,-0.3305457911132036
3.80080000,-0.3265489796795628
3.80470000,-0.3220424514642064
3.80860000,-0.3170656027899735
3.81250000,-0.3116305259549553
3.81640000,-0.3057672497582958
3.82030000,-0.2995321223037171
3.82420000,-0.2929956910083136
3.82810000,-0.2862509915534456
3.83200000,-0.2793713361410972
3.83590000,-0.2724312782291169
3.83980000,-0.2654852012717391
3.84370000,-0.2585613220873745
3.84760000,-0.2517384667544234
3.85150000,-0.2449475764512503
3.85550000,-0.2381579582272580
3.85940000,-0.2315541060580955
3.86330000,-0.2251021263432316
3.86720000,-0.2187203482751377
3.87110000,-0.2124613692930962
3.87500000,-0.2063162147951463
3.87890000,-0.2002962115011848
3.88280000,-0.1944249813513668
3.88670000,-0.1887105166111450
3.89060000,-0.1831705766423360
3.89450000,-0.1777977569331824
3.89840000,-0.1725909073247837
3.90230000,-0.1675436692667789
3.90620000,-0.1626405528217466
3.91010000,-0.1579061866799441
3.91400000,-0.1532684119312279
3.91800000,-0.1486833431964719
3.92190000,-0.1442563416382599
3.92580000,-0.1399577544428580
3.92970000,-0.1357451135497932
3.93360000,-0.1316873401324886
3.93750000,-0.1278259656792854
3.94140000,-0.1242133217884882
3.94530000,-0.1208932650237981
3.94920000,-0.1178813449676098
3.95310000,-0.1151854079223430
3.95700000,-0.1128007337703929
3.96090000,-0.1107250509198703
3.96480000,-0.1089592291401267
3.96870000,-0.1075104096108589
3.97260000,-0.1063984996987137
3.97650000,-0.1056502170109617
3.98050000,-0.1052977409005035
3.98440000,-0.1053694601882007
3.98830000,-0.1058679414747641
3.99220000,-0.1067798136409924
3.99610000,-0.1080977889155060
4.00000000,-0.1098341169452246
4.00390000,-0.1120251598296748
4.00780000,-0.1147157725145064
4.01170000,-0.1179373278232756
4.01560000,-0.1216796204894131
4.01950000,-0.1258993458038593
4.02340000,-0.1305070759967596
4.02730000,-0.1353989426226998
4.03120000,-0.1404801103634493
4.03510000,-0.1456139902959788
4.03900000,-0.1507872254843448
4.04300000,-0.1559596521938821
4.04690000,-0.1609220271739769
4.05080000,-0.1656528341397423
4.05470000,-0.1701854486359994
4.05860000,-0.1744669999653062
4.06250000,-0.1785224121118741
4.06640000,-0.1823856929244760
4.07030000,-0.1860979259303491
4.07420000,-0.1897185318000060
4.07810000,-0.1932919399336125
4.08200000,-0.1968661343190948
4.08590000,-0.2004619407491254
4.08980000,-0.2040869550397081
4.09370000,-0.2077467009140840
4.09760000,-0.2114069137269283
4.10150000,-0.2151119130684949
4.10550000,-0.2188746648295848
4.10940000,-0.2225738170341182
4.11330000,-0.2262067521405972
4.11720000,-0.2297916494537617
4.12110000,-0.2332625045524245
4.12500000,-0.2365819349215668
4.12890000,-0.2396948858087493
4.13280000,-0.2425344221089299
4.13670000,-0.2450376759819435
4.14060000,-0.2471404106337950
4.14450000,-0.2487919528971023
4.14840000,-0.2499592283801597
4.15230000,-0.2506323860712346
4.15620000,-0.2508279236934302
4.16010000,-0.2505980346570421
4.16400000,-0.2499873747617388
4.16800000,-0.2490451557554972
4.17190000,-0.2478396532454983
4.17580000,-0.2463819690012204
4.17970000,-0.2446561012870420
4.18360000,-0.2426544479271806
4.18750000,-0.2403483145962665
4.19140000,-0.2377054539663200
4.19530000,-0.2346966987278196
4.19920000,-0.2313001515927112
4.20310000,-0.2275223871582000
4.20700000,-0.2233859169220516
4.21090000,-0.2189497742874259
4.21480000,-0.2142915584296045
4.21870000,-0.2094972479601697
4.22260000,-0.2047114606766268
4.22650000,-0.1999794390916041
4.23050000,-0.1953716187843227
4.23440000,-0.1911034958801423
4.23830000,-0.1872084909886208
4.24220000,-0.1836686239063929
4.24610000,-0.1805545283683818
4.25000000,-0.1778818443926562
4.25390000,-0.1756693046830589
4.25780000,-0.1739327150769073
4.26170000,-0.1726707517835798
4.26560000,-0.1718798504859456
4.26950000,-0.1715416055135094
4.27340000,-0.1716258900381107
4.27730000,-0.1720963241693232
4.28120000,-0.1729164094915393
4.28510000,-0.1740336460869989
4.28900000,-0.1754160478778772
4.29300000,-0.1770165238370696
4.29690000,-0.1787439956363684
4.30080000,-0.1805599516846079
4.30470000,-0.1824422850990307
4.30860000,-0.1843430307459351
4.31250000,-0.1862261799164887
4.31640000,-0.1880545697115549
4.32030000,-0.1897927113126578
4.32420000,-0.1914023339554578
4.32810000,-0.1928298288527684
4.33200000,-0.1939969084241032
4.33590000,-0.1948136402961389
4.33980000,-0.1951833391788657
4.34370000,-0.1950099965771148
4.34760000,-0.1942353873068268
4.35150000,-0.1927683164980977
4.35550000,-0.1905631350149026
4.35940000,-0.1876923980948171
4.36330000,-0.1841735918845268
4.36720000,-0.1800256198677013
4.37110000,-0.1753303382878403
4.37500000,-0.1701470224316070
4.37890000,-0.1645430429949448
4.38280000,-0.1585880462461261
4.38670000,-0.1523315812701837
4.39060000,-0.1458182562559027
4.39450000,-0.1390518832438622
4.39840000,-0.1320400662523394
4.40230000,-0.1247735350112210
4.40620000,-0.1172210945643844
4.41010000,-0.1094414669299933
4.41400000,-0.1013194778669537
4.41800000,-0.0928217980662220
4.42190000,-0.0842273009156972
4.42580000,-0.0755133068208330
4.42970000,-0.0665750386967902
4.43360000,-0.0574683704243138
4.43750000,-0.0481339699041060
4.44140000,-0.0385094347653845
4.44530000,-0.0285278927507587
4.44920000,-0.0180979567271678
4.45310000,-0.0071786760930322
4.45700000,0.0042533154672633
4.46090000,0.0161213080955632
4.46480000,0.0282811178900983
4.46870000,0.0405432569101275
4.47260000,0.0525537845929220
4.47650000,0.0641726749040516
4.48050000,0.0751884788809425
4.48440000,0.0850598783059458
4.48830000,0.0937229956593004
4.49220000,0.1013032482973358
4.49610000,0.1077839038496739
4.50000000,0.1133304139283194
4.50390000,0.1181222185950037
4.50780000,0.1223338693075817
4.51170000,0.1261413758233808
4.51560000,0.1296525060760793
4.51950000,0.1329394073640967
4.52340000,0.1360190209168864
4.52730000,0.1388825318567408
4.53120000,0.1415121173699848
4.53510000,0.1438625350888341
4.53900000,0.1459337308652177
4.54300000,0.1477111008667686
4.54690000,0.1491132681168970
4.55080000,0.1501407879606919
4.55470000,0.1508195892277257
4.55860000,0.1511383004888753
4.56250000,0.1511121797576237
4.56640000,0.1507582473047124
4.57030000,0.1501002182311367
4.57420000,0.1491768864070540
4.57810000,0.1480348450355398
4.58200000,0.1467360201051078
4.58590000,0.1453562868366821
4.58980000,0.1439861196185842
4.59370000,0.1427243515888822
4.59760000,0.1416678607606533
4.60150000,0.1408986144875118
4.60550000,0.1404783707550813
4.60940000,0.1404479541354236
4.61330000,0.1408210300439079
4.61720000,0.1415861747288789
4.62110000,0.1427096539643083
4.62500000,0.1441370609235703
4.62890000,0.1458005332206686
4.63280000,0.1476267117111294
4.63670000,0.1495453306338672
4.64060000,0.1514920089517262
4.64450000,0.1534205663562994
4.64840000,0.1552997666850733
4.65230000,0.1571230288919807
4.65620000,0.1589102452402326
4.66010000,0.1606767602052321
4.66400000,0.1624969228384716
4.66800000,0.1644376054084389
4.67190000,0.1664954392256043
4.67580000,0.1687415683193108
4.67970000,0.1712522016123142
4.68360000,0.1740364022209804
4.68750000,0.1771002785859597
4.69140000,0.1804186937707863
4.69530000,0.1839365176583076
4.69920000,0.1875745438596697
4.70310000,0.1912218713488313
4.70700000,0.1947520447105991
4.71090000,0.1980288367030864
4.71480000,0.2009192736141500
4.71870000,0.2033006416565042
4.72260000,0.2050600507283525
4.72650000,0.2061218771039336
4.73050000,0.2064423440599724
4.73440000,0.2060000359473493
4.73830000,0.2048303002922744
4.74220000,0.2030027196687039
4.74610000,0.2005995830291767
4.75000000,0.1977259570291989
4.75390000,0.1944943783214898
4.75780000,0.1910123175271176
4.76170000,0.1873691848916174
4.76560000,0.1836357803741150
4.76950000,0.1798550364011171
4.77340000,0.1760579027973327
4.77730000,0.1722489895448897
4.78120000,0.1684004343597251
4.78510000,0.1645074545591513
4.78900000,0.1604801079742585
4.79300000,0.1562723793504390
4.79690000,0.1519962828230097
4.80080000,0.1476476599025440
4.80470000,0.1432134615810514
4.80860000,0.1387881001953403
4.81250000,0.1344491806448196
4.81640000,0.1302958336851321
4.82030000,0.1264268265163418
4.82420000,0.1229165065999488
4.82810000,0.1198284738832232
4.83200000,0.1172064875223910
4.83590000,0.1150787587718045
4.83980000,0.1134516066739273
4.84370000,0.1123103017016266
4.84760000,0.1116268619893927
4.85150000,0.1113798214619866
4.85550000,0.1115517516399394
4.85940000,0.1121157413990126
4.86330000,0.1130462774954945
4.86720000,0.1143155066701861
4.87110000,0.1158949061618815
4.87500000,0.1177671866669120
4.87890000,0.1199137012018827
4.88280000,0.1222990089756581
4.88670000,0.1248639304458795
4.89060000,0.1275261342486921
4.89450000,0.1302018892086086
4.89840000,0.1328142096778064
4.90230000,0.1353097108605656
4.90620000,0.1376643267990582
4.91010000,0.1398577747684888
4.91400000,0.1419302348430438
4.91800000,0.1439201486820485
4.92190000,0.1458050903204880
4.92580000,0.1476320125850851
4.92970000,0.1494613656529369
4.93360000,0.1513059934394364
4.93750000,0.1531868441993661
4.94140000,0.1551063282242978
4.94530000,0.1570536708567329
4.94920000,0.1590177682211255
4.95310000,0.1609798681631074
4.95700000,0.1629267886041289
4.96090000,0.1648430961184236
4.96480000,0.1667249660769718
4.96870000,0.1685891428811491
4.97260000,0.1704498836402411
4.97650000,0.1723716855599658
4.98050000,0.1744038028234189
4.98440000,0.1765227203365252
4.98830000,0.1787635239358583
4.99220000,0.1811679106650735
4.99610000,0.1837241338731541
5.00000000,0.1864214170271232
5.00390000,0.1892256256061589
5.00780000,0.1920878470123215
5.01170000,0.1949612393997550
5.01560000,0.1977974511292124
5.01950000,0.2005663905383697
5.02340000,0.2032494867552934
5.02730000,0.2058533643881727
5.03120000,0.2084116857168138
5.03510000,0.2109453203002818
5.03900000,0.2135262204274954
5.04300000,0.2161966361846401
5.04690000,0.2188992915258267
5.05080000,0.2216457876521132
5.05470000,0.2244455101662523
5.05860000,0.2272296391637649
5.06250000,0.2299272607470930
5.06640000,0.2324451235969469
5.07030000,0.2346846207488711
5.07420000,0.2365577713110398
5.07810000,0.2379852480456251
5.08200000,0.2388990435391317
5.08590000,0.2392541176990429
5.08980000,0.2390304234508359
5.09370000,0.2382337992705477
5.09760000,0.2369219538132116
5.10150000,0.2351209681703576
5.10550000,0.2328847962201519
5.10940000,0.2303513719784195
5.11330000,0.2275642206220678
5.11720000,0.2245270519715105
5.12110000,0.2212712896965125
5.12500000,0.2177859545911582
5.12890000,0.2140598470149844
5.13280000,0.2100856094111282
5.13670000,0.2058476846909531
5.14060000,0.2013406162890919
5.14450000,0.1965452479398076
5.14840000,0.1914649765619296
5.15230000,0.1861121470399284
5.15620000,0.1805034641285736
5.16010000,0.1747353202881614
5.16400000,0.1687837225194390
5.16800000,0.1626801613156567
5.17190000,0.1566725435967028
5.17580000,0.1507803191845210
5.17970000,0.1449560453195405
5.18360000,0.1392676226224315
5.18750000,0.1337067069720186
5.19140000,0.1282692326222815
5.19530000,0.1229453171584149
5.19920000,0.1176933468537985
5.20310000,0.1124788850477360
5.20700000,0.1072505811868519
5.21090000,0.1019860620633657
5.21480000,0.0966748808989325
5.21870000,0.0913084952133375
5.22260000,0.0859460843689013
5.22650000,0.0805333057925104
5.23050000,0.0750652642290509
5.23440000,0.0697328443122971
5.23830000,0.0645171149370957
5.24220000,0.0593324315756663
5.24610000,0.0541900199020130
5.25000000,0.0490189633933782
5.25390000,0.0437352646211822
5.25780000,0.0382284491685665
5.26170000,0.0323349759592746
5.26560000,0.0258941551514403
5.26950000,0.0187211648396038
5.27340000,0.0106943391338502
5.27730000,0.0017429497467737
5.28120000,-0.0081442540097029
5.28510000,-0.0187559626941575
5.28900000,-0.0300216837613659
5.29300000,-0.0416890828528856
5.29690000,-0.0530511835376190
5.30080000,-0.0638213050730737
5.30470000,-0.0738627647099307
5.30860000,-0.0828745903178291
5.31250000,-0.0907668416064199
5.31640000,-0.0975139680915421
5.32030000,-0.1031578570773065
5.32420000,-0.1078207901786621
5.32810000,-0.1116258272180768
5.33200000,-0.1147064673484106
5.33590000,-0.1171699697791397
5.33980000,-0.1191018630479457
5.34370000,-0.1205632868310675
5.34760000,-0.1215794783259741
5.35150000,-0.1221589925985727
5.35550000,-0.1222872248593151
5.35940000,-0.1219275821032777
5.36330000,-0.1210630589270260
5.36720000,-0.1196815256721046
5.37110000,-0.1177597229445929
5.37500000,-0.1152820420656304
5.37890000,-0.1122477937633237
5.38280000,-0.1086827583436466
5.38670000,-0.1046384801285253
5.39060000,-0.1001901207591504
5.39450000,-0.0954137608280798
5.39840000,-0.0903981888105060
5.40230000,-0.0852262890570803
5.40620000,-0.0799642250107890
5.41010000,-0.0747163602031217
5.41400000,-0.0694802390009337
5.41800000,-0.0642885932606033
5.42190000,-0.0593393109691510
5.42580000,-0.0546623897653663
5.42970000,-0.0502404249728375
5.43360000,-0.0461433477032411
5.43750000,-0.0423876206426239
5.44140000,-0.0390019017876537
5.44530000,-0.0360234047461852
5.44920000,-0.0334800911284052
5.45310000,-0.0314015938528485
5.45700000,-0.0298062468056213
5.46090000,-0.0287027565806843
5.46480000,-0.0280903726660985
5.46870000,-0.0279582633274706
5.47260000,-0.0282678576597808
5.47650000,-0.0289992254996005
5.48050000,-0.0301152985320704
5.48440000,-0.0315240912564469
5.48830000,-0.0331753228767876
5.49220000,-0.0350218801652173
5.49610000,-0.0369838553784025
5.50000000,-0.0390010531395477
5.50390000,-0.0410191008842050
5.50780000,-0.0429892132980209
5.51170000,-0.0448708024146777
5.51560000,-0.0466262643051625
5.51950000,-0.0482361061882756
5.52340000,-0.0496962345348760
5.52730000,-0.0510206191996733
5.53120000,-0.0522352482295231
5.53510000,-0.0533533391094167
5.53900000,-0.0544061193954852
5.54300000,-0.0553987329528463
5.54690000,-0.0562732073278766
5.55080000,-0.0569996385821461
5.55470000,-0.0575519005966778
5.55860000,-0.0578829619400107
5.56250000,-0.0579716259841608
5.56640000,-0.0578068925360493
5.57030000,-0.0573845895275030
5.57420000,-0.0567093951758470
5.57810000,-0.0557960504957534
5.58200000,-0.0546795757028149
5.58590000,-0.0534175919084858
5.58980000,-0.0520864276375652
5.59370000,-0.0507750105651921
5.59760000,-0.0495844598178913
5.60150000,-0.0486072800444590
5.60550000,-0.0479291477482630
5.60940000,-0.0476315303232174
5.61330000,-0.0477592901391253
5.61720000,-0.0483372453496904
5.62110000,-0.0493862469161810
5.62500000,-0.0509097822670659
5.62890000,-0.0528935444336835
5.63280000,-0.0553043138246154
5.63670000,-0.0581009666578474
5.64060000,-0.0612403512282964
5.64450000,-0.0647005898671841
5.64840000,-0.0684600331246453
5.65230000,-0.0725097046618784
5.65620000,-0.0768583582036751
5.66010000,-0.0814666440628946
5.66400000,-0.0864120213748238
5.66800000,-0.0917295760179396
5.67190000,-0.0972650231335995
5.67580000,-0.1030492756575761
5.67970000,-0.1091557892853395
5.68360000,-0.1155402539853375
5.68750000,-0.1222009663273332
5.69140000,-0.1291061054559121
5.69530000,-0.1362044214997730
5.69920000,-0.1434582351316571
5.70310000,-0.1508186767169749
5.70700000,-0.1582647172955195
5.71090000,-0.1657592697383187
5.71480000,-0.1732724467020631
5.71870000,-0.1807922197427235
5.72260000,-0.1882345363956794
5.72650000,-0.1956716469630935
5.73050000,-0.2031141866097512
5.73440000,-0.2103131128526364
5.73830000,-0.2172782360961525
5.74220000,-0.2240866312475771
5.74610000,-0.2306700693971194
5.75000000,-0.2370435241747366
5.75390000,-0.2432144547889526
5.75780000,-0.2491948666289419
5.76170000,-0.2550249857337398
5.76560000,-0.2607246191354271
5.76950000,-0.2663158152959498
5.77340000,-0.2717871337783923
5.77730000,-0.2771185809963885
5.78120000,-0.2822981212299519
5.78510000,-0.2872704675236212
5.78900000,-0.2920759193341589
5.79300000,-0.2967108191744061
5.79690000,-0.3010063363554278
5.80080000,-0.3049514558411500
5.80470000,-0.3085759857918150
5.80860000,-0.3118196313025274
5.81250000,-0.3146685063087854
5.81640000,-0.3170979652456553
5.82030000,-0.3190774778692984
5.82420000,-0.3205766764434023
5.82810000,-0.3215446362573374
5.83200000,-0.3219058271541810
5.83590000,-0.3215790383122812
5.83980000,-0.3204878047926832
5.84370000,-0.3185757406546793
5.84760000,-0.3158689892604649
5.85150000,-0.3123401147359910
5.85550000,-0.3080206186493199
5.85940000,-0.3031052130171451
5.86330000,-0.2976429357909159
5.86720000,-0.2916463968259570
5.87110000,-0.2852136652329948
5.87500000,-0.2783888918186311
5.87890000,-0.2712136486562421
5.88280000,-0.2637196707896085
5.88670000,-0.2559126527528576
5.89060000,-0.2478142682674434
5.89450000,-0.2394359520101368
5.89840000,-0.2308315021409612
5.90230000,-0.2220641283105699
5.90620000,-0.2131836522768037
5.91010000,-0.2043270986999878
5.91400000,-0.1954411558579759
5.91800000,-0.1865437068171633
5.92190000,-0.1779619364655119
5.92580000,-0.1697062116062825
5.92970000,-0.1616992546843561
5.93360000,-0.1540322556060063
5.93750000,-0.1466931777767885
5.94140000,-0.1396808530048798
5.94530000,-0.1329924286715159
5.94920000,-0.1265903525230006
5.95310000,-0.1204510500966517
5.95700000,-0.1145370193321617
5.96090000,-0.1088408672779284
5.96480000,-0.1033658448704531
5.96870000,-0.0981143811552301
5.97260000,-0.0931428510137403
5.97650000,-0.0884190870980200
5.98050000,-0.0839597752857384
5.98440000,-0.0799480176529527
5.98830000,-0.0763993976364236
5.99220000,-0.0732740161836830
5.99610000,-0.0706074043644714
6.00000000,-0.0683702728816360
6.00390000,-0.0665256253373320
6.00780000,-0.0650193068723919
6.01170000,-0.0637647853523236
6.01560000,-0.0626740320226851
6.01950000,-0.0616591354752352
6.02340000,-0.0606610735246414
6.02730000,-0.0596510084028783
6.03120000,-0.0586295183555465
6.03510000,-0.0576378698829272
6.03900000,-0.0567175132354999
6.04300000,-0.0559305412506974
6.04690000,-0.0553731987495449
6.05080000,-0.0550876824536222
6.05470000,-0.0550835560549458
6.05860000,-0.0553692237514076
6.06250000,-0.0559231039318508
6.06640000,-0.0567090721010624
6.07030000,-0.0576743950310920
6.07420000,-0.0587486973129558
6.07810000,-0.0598581178863416
6.08200000,-0.0609347823752312
6.08590000,-0.0619272335848630
6.08980000,-0.0628005786467607
6.09370000,-0.0635339482261990
6.09760000,-0.0641186829085268
6.10150000,-0.0645515538957947
6.10550000,-0.0648308558818722
6.10940000,-0.0649529455004068
6.11330000,-0.0649070421863006
6.11720000,-0.0646827473458230
6.12110000,-0.0642773237159054
6.12500000,-0.0636912977873213
6.12890000,-0.0629237792790360
6.13280000,-0.0619707143080548
6.13670000,-0.0608307460931076
6.14060000,-0.0595187766700767
6.14450000,-0.0580659496473409
6.14840000,-0.0565217122622564
6.15230000,-0.0549419669193871
6.15620000,-0.0533833563352190
6.16010000,-0.0519200547816139
6.16400000,-0.0505914609508344
6.16800000,-0.0494366694253677
6.17190000,-0.0485279949310173
6.17580000,-0.0478657464859804
6.17970000,-0.0474231230423670
6.18360000,-0.0471912060096402
6.18750000,-0.0471268862551259
6.19140000,-0.0471687701530461
6.19530000,-0.0472423419843871
6.19920000,-0.0472695333339302
6.20310000,-0.0471904009474204
6.20700000,-0.0469564687135111
6.21090000,-0.0465368952692856
6.21480000,-0.0459135367784178
6.21870000,-0.0450855575803370
6.22260000,-0.0440923345867033
6.22650000,-0.0429536998068795
6.23050000,-0.0417009414273408
6.23440000,-0.0404087993440779
6.23830000,-0.0390819522958365
6.24220000,-0.0377038984104468
6.24610000,-0.0362876518552547
6.25000000,-0.0348236120271094
6.25390000,-0.0333006003757057
6.25780000,-0.0317081787669335
6.26170000,-0.0300320232010648
6.26560000,-0.0282624965347529
6.26950000,-0.0263721758405141
6.27340000,-0.0243309654145631
6.27730000,-0.0221020976728709
6.28120000,-0.0196500512740173
6.28510000,-0.0169910148789553
6.28900000,-0.0140832664785543
6.29300000,-0.0109233803880985
6.29690000,-0.0076340121514664
6.30080000,-0.0042114758560153
6.30470000,-0.0006029317932572
6.30860000,0.0032071571878487
6.31250000,0.0073074690420640
6.31640000,0.0117934504238793
6.32030000,0.0167374115638597
6.32420000,0.0221784885739425
6.32810000,0.0280903614460419
6.33200000,0.0344146625319792
6.33590000,0.0410352732515943
6.33980000,0.0478089727960268
6.34370000,0.0545915262226452
6.34760000,0.0611864863292793
6.35150000,0.0675712698274163
6.35550000,0.0737249381156371
6.35940000,0.0794555711405309
6.36330000,0.0848371388646490
6.36720000,0.0900269606665408
6.37110000,0.0950637562733456
6.37500000,0.1000448513523892
6.37890000,0.1050265797994377
6.38280000,0.1100249301082238
6.38670000,0.1150456091913363
6.39060000,0.1200639621487402
6.39450000,0.1250634438701527
6.39840000,0.1300053427361696
6.40230000,0.1348448252081614
6.40620000,0.1395410695309187
6.41010000,0.1440122571448641
6.41400000,0.1482774205171999
6.41800000,0.1523314200835769
6.42190000,0.1560281757445945
6.42580000,0.1593818335499649
6.42970000,0.1624548891307575
6.43360000,0.1652332051860676
6.43750000,0.1677533220666527
6.44140000,0.1700419860276758
6.44530000,0.1721205108512351
6.44920000,0.1740233451025871
6.45310000,0.1757798812299555
6.45700000,0.1774235035873135
6.46090000,0.1789689770234547
6.46480000,0.1804152421663669
6.46870000,0.1817525507802229
6.47260000,0.1829556882615669
6.47650000,0.1840254423890497
6.48050000,0.1849519474792091
6.48440000,0.1856829584567212
6.48830000,0.1862112284685245
6.49220000,0.1865479013306746
6.49610000,0.1866886029508501
6.50000000,0.1866464114511768
6.50390000,0.1864356358992391
6.50780000,0.1860757304664510
6.51170000,0.1855959977000503
6.51560000,0.1850271876054123
6.51950000,0.1843944857469434
6.52340000,0.1837133527944441
6.52730000,0.1829906157637124
6.53120000,0.1822284750284361
6.53510000,0.1814333378306195
6.53900000,0.1805923116277719
6.54300000,0.1796916696643064
6.54690000,0.1787406355372296
6.55080000,0.1777323486244823
6.55470000,0.1766628683514117
6.55860000,0.1755452855197190
6.56250000,0.1743833356246336
6.56640000,0.1731802304216596
6.57030000,0.1719410553363324
6.57420000,0.1706686667352496
6.57810000,0.1693632250960168
6.58200000,0.1680111062370300
6.58590000,0.1665966504408105
6.58980000,0.1651052299690692
6.59370000,0.1635261034015159
6.59760000,0.1618707663141096
6.60150000,0.1601164830909107
6.60550000,0.1582564015667430
6.60940000,0.1563512449115143
6.61330000,0.1544168606682954
6.61720000,0.1524667036262442
6.62110000,0.1505541564415357
6.62500000,0.1487172366242132
6.62890000,0.1469995956700543
6.63280000,0.1454459303081589
6.63670000,0.1440881650384647
6.64060000,0.1429430619495986
6.64450000,0.1420063108652424
6.64840000,0.1412632921292909
6.65230000,0.1406971781144583
6.65620000,0.1402916071173709
6.66010000,0.1400285190348290
6.66400000,0.1398904438905746
6.66800000,0.1398666581271763
6.67190000,0.1399577879271138
6.67580000,0.1401764608779214
6.67970000,0.1405381234329220
6.68360000,0.1410535910994779
6.68750000,0.1417304458009176
6.69140000,0.1425734546515296
6.69530000,0.1435817758748945
6.69920000,0.1447447141136588
6.70310000,0.1460381122999979
6.70700000,0.1474336157246216
6.71090000,0.1488994555716570
6.71480000,0.1504056176362084
6.71870000,0.1519224595629013
6.72260000,0.1534040201790833
6.72650000,0.1548346183580608
6.73050000,0.1561973538809388
6.73440000,0.1574396473182031
6.73830000,0.1585609022231663
6.74220000,0.1595745241987352
6.74610000,0.1604733223209190
6.75000000,0.1612745027786162
6.75390000,0.1619990234975494
6.75780000,0.1626604218155742
6.76170000,0.1632587716457421
6.76560000,0.1637787917508138
6.76950000,0.1642049609395679
6.77340000,0.1645291515791227
6.77730000,0.1647482215941379
6.78120000,0.1648567602362131
6.78510000,0.1648501076200010
6.78900000,0.1647208609707779
6.79300000,0.1644738260295640
6.79690000,0.1641332926028587
6.80080000,0.1637144934825893
6.80470000,0.1632317166469148
6.80860000,0.1627130602043378
6.81250000,0.1621915703256459
6.81640000,0.1617015639073873
6.82030000,0.1612649617089644
6.82420000,0.1608809129535298
6.82810000,0.1605304881243916
6.83200000,0.1601782237992577
6.83590000,0.1597843309411653
6.83980000,0.1593035909717260
6.84370000,0.1586873303951191
6.84760000,0.1579058222467001
6.85150000,0.1569081521833274
6.85550000,0.1556591902251286
6.85940000,0.1541719596770505
6.86330000,0.1524128160650262
6.86720000,0.1503469223462273
6.87110000,0.1479867952808727
6.87500000,0.1453478096823761
6.87890000,0.1424579050752409
6.88280000,0.1393491458008687
6.88670000,0.1360505462864194
6.89060000,0.1326028144541859
6.89450000,0.1290427005931833
6.89840000,0.1254152620019354
6.90230000,0.1217561502591332
6.90620000,0.1180866321402861
6.91010000,0.1144625070679730
6.91400000,0.1108579261878873
6.91800000,0.1072706114848008
6.92190000,0.1038213117860604
6.92580000,0.1004991942785675
6.92970000,0.0972692784361806
6.93360000,0.0941805648114285
6.93750000,0.0912408159030727
6.94140000,0.0884538493513829
6.94530000,0.0858159593344797
6.94920000,0.0833144918359436
6.95310000,0.0809555696987004
6.95700000,0.0787525678993800
6.96090000,0.0767318684761674
6.96480000,0.0749218291753752
6.96870000,0.0733487277710650
6.97260000,0.0720467535824841
6.97650000,0.0710197366934737
6.98050000,0.0702643623441222
6.98440000,0.0697949412182182
6.98830000,0.0695767460663286
6.99220000,0.0695573061556419
6.99610000,0.0696965383491927
7.00000000,0.0699341125162302
7.00390000,0.0702057418533727
7.00780000,0.0704513096739214
7.01170000,0.0706191842404801
7.01560000,0.0706740829347750
7.01950000,0.0705826785285032
7.02340000,0.0703170526094910
7.02730000,0.0698493593330903
7.03120000,0.0691535213523117
7.03510000,0.0682278154216151
7.03900000,0.0670376599239291
7.04300000,0.0655650119819633
7.04690000,0.0638584105035059
7.05080000,0.0619153566899034
7.05470000,0.0597282712079844
7.05860000,0.0573305017525086
7.06250000,0.0547390100508845
7.06640000,0.0519807129978719
7.07030000,0.0490963142545459
7.07420000,0.0461317431903103
7.07810000,0.0431398506762619
7.08200000,0.0401560139091403
7.08590000,0.0372101840416656
7.08980000,0.0343229402741174
7.09370000,0.0315078642954676
7.09760000,0.0288055371613089
7.10150000,0.0261899040271764
7.10550000,0.0236467801565167
7.10940000,0.0212514267342523
7.11330000,0.0189749788029672
7.11720000,0.0167588328607462
7.12110000,0.0145959857536311
7.12500000,0.0124485026563835
7.12890000,0.0102918000284511
7.13280000,0.0081153025172608
7.13670000,0.0059075252279749
7.14060000,0.0036657266608677
7.14450000,0.0013799078440055
7.14840000,-0.0009445756461769
7.15230000,-0.0032922905702696
7.15620000,-0.0056461382042068
7.16010000,-0.0079686942161792
7.16400000,-0.0103023209162568
7.16800000,-0.0127011300903402
7.17190000,-0.0151596721642364
7.17580000,-0.0177909829442976
7.17970000,-0.0207397099404518
7.18360000,-0.0240825654483450
7.18750000,-0.0278912077034941
7.19140000,-0.0321859836197025
7.19530000,-0.0369410232213042
7.19920000,-0.0421074342552171
7.20310000,-0.0476038080876191
7.20700000,-0.0533462446995996
7.21090000,-0.0592247526634893
7.21480000,-0.0651328606177023
7.21870000,-0.0709902632784795
7.22260000,-0.0766837874494518
7.22650000,-0.0822427828810116
7.23050000,-0.0876687301611870
7.23440000,-0.0927788990817327
7.23830000,-0.0975984355433860
7.24220000,-0.1022085869887435
7.24610000,-0.1065772022787763
7.25000000,-0.1107273921898165
7.25390000,-0.1146664788244946
7.25780000,-0.1183971920590704
7.26170000,-0.1219411961428329
7.26560000,-0.1253111482465115
7.26950000,-0.1285295144403183
7.27340000,-0.1316039361804711
7.27730000,-0.1345370842114710
7.28120000,-0.1373294712008268
7.28510000,-0.1399463447655759
7.28900000,-0.1423960645133468
7.29300000,-0.1446607274449932
7.29690000,-0.1466382510915519
7.30080000,-0.1483246696579791
7.30470000,-0.1497478026957278
7.30860000,-0.1508896462889232
7.31250000,-0.1517589276581291
7.31640000,-0.1523615952420832
7.32030000,-0.1527082816788086
7.32420000,-0.1528214921122888
7.32810000,-0.1527213357246393
7.33200000,-0.1524223280629441
7.33590000,-0.1519319889889734
7.33980000,-0.1512521297414808
7.34370000,-0.1503804360385751
7.34760000,-0.1493251592690952
7.35150000,-0.1480708458962859
7.35550000,-0.1466176610534220
7.35940000,-0.1450186879208631
7.36330000,-0.1432961213315461
7.36720000,-0.1414642534671807
7.37110000,-0.1395572221315817
7.37500000,-0.1375959465876539
7.37890000,-0.1356128476341202
7.38280000,-0.1336558174350544
7.38670000,-0.1317782250040659
7.39060000,-0.1300311925775319
7.39450000,-0.1284509034630700
7.39840000,-0.1270614497878147
7.40230000,-0.1258768657940766
7.40620000,-0.1249015602297400
7.41010000,-0.1241317217905559
7.41400000,-0.1235512018394406
7.41800000,-0.1231454266765215
7.42190000,-0.1229136243075098
7.42580000,-0.1228544815027395
7.42970000,-0.1229671175656332
7.43360000,-0.1232553843244417
7.43750000,-0.1237269325387482
7.44140000,-0.1243993962601241
7.44530000,-0.1252949886941208
7.44920000,-0.1264283243012807
7.45310000,-0.1277931662704951
7.45700000,-0.1293673777760855
7.46090000,-0.1311120292153204
7.46480000,-0.1329839872567173
7.46870000,-0.1349407577169611
7.47260000,-0.1369170179031182
7.47650000,-0.1388927068260745
7.48050000,-0.1408395766824482
7.48440000,-0.1426667912543861
7.48830000,-0.1443582037854797
7.49220000,-0.1459150518505208
7.49610000,-0.1473020087258426
7.50000000,-0.1485181992468843
7.50390000,-0.1495723890792399
7.50780000,-0.1504774398671875
7.51170000,-0.1512488833740732
7.51560000,-0.1518958346224233
7.51950000,-0.1524334786523132
7.52340000,-0.1528807321295039
7.52730000,-0.1532584651915506
7.53120000,-0.1535848003542866
7.53510000,-0.1538719798964546
7.53900000,-0.1541434763648085
7.54300000,-0.1544240102943580
7.54690000,-0.1547201712022297
7.55080000,-0.1550312366470193
7.55470000,-0.1553370266176360
7.55860000,-0.1555998294290075
7.56250000,-0.1557909611934975
7.56640000,-0.1558932875069055
7.57030000,-0.1558958441132048
7.57420000,-0.1557857828663883
7.57810000,-0.1555481022193364
7.58200000,-0.1551718841330074
7.58590000,-0.1546599493782493
7.58980000,-0.1540254906582041
7.59370000,-0.1532860808398978
7.59760000,-0.1524718722119505
7.60150000,-0.1515980507170123
7.60550000,-0.1506887423405592
7.60940000,-0.1497968668048028
7.61330000,-0.1489402275380893
7.61720000,-0.1481273381945152
7.62110000,-0.1473858811916506
7.62500000,-0.1467342976386084
7.62890000,-0.1461882955828810
7.63280000,-0.1457584915134205
7.63670000,-0.1454530810432960
7.64060000,-0.1452860488044829
7.64450000,-0.1452738993923225
7.64840000,-0.1454241187909596
7.65230000,-0.1457276477101722
7.65620000,-0.1461615741712531
7.66010000,-0.1466919267930566
7.66400000,-0.1472995328157009
7.66800000,-0.1479624727175346
7.67190000,-0.1486360714473110
7.67580000,-0.1492945498097344
7.67970000,-0.1499200135975809
7.68360000,-0.1504887752674021
7.68750000,-0.1509868008416909
7.69140000,-0.1513979167684100
7.69530000,-0.1517044489356454
7.69920000,-0.1518924543354928
7.70310000,-0.1519532668627863
7.70700000,-0.1518767482880400
7.71090000,-0.1516492350041083
7.71480000,-0.1512509373265041
7.71870000,-0.1506628608924471
7.72260000,-0.1498893130454503
7.72650000,-0.1489165390324066
7.73050000,-0.1477400658846247
7.73440000,-0.1463924468008808
7.73830000,-0.1448576962435220
7.74220000,-0.1431121833346620
7.74610000,-0.1411661404505312
7.75000000,-0.1390220948655942
7.75390000,-0.1366884479324352
7.75780000,-0.1341774307632187
7.76170000,-0.1314979246046002
7.76560000,-0.1286636396366140
7.76950000,-0.1256709438364817
7.77340000,-0.1225159932780732
7.77730000,-0.1191867308630181
7.78120000,-0.1156663460535141
7.78510000,-0.1119889725920293
7.78900000,-0.1081086897759768
7.79300000,-0.1040180687552932
7.79690000,-0.0998644348570095
7.80080000,-0.0956617684256285
7.80470000,-0.0914001306745048
7.80860000,-0.0871578712028496
7.81250000,-0.0829560465305524
7.81640000,-0.0788220037158128
7.82030000,-0.0747656656654384
7.82420000,-0.0707948793157422
7.82820000,-0.0668179740520095
7.83220000,-0.0628919301667203
7.83620000,-0.0591378889400568
7.84020000,-0.0552569005240494
7.84420000,-0.0517653939573305
7.84720000,-0.0488815616059873
7.85120000,-0.0455289540510540
7.85520000,-0.0419285800612837
7.85920000,-0.0386134687126705
7.86320000,-0.0353174436149753
7.86720000,-0.0321875020805558
7.87120000,-0.0292183990819499
7.87520000,-0.0263776674436144
7.87920000,-0.0237640576410839
7.88320000,-0.0211492780844430
7.88720000,-0.0188659369062599
7.89020000,-0.0170118870762899
7.89420000,-0.0148054708136986
7.89820000,-0.0123533664771957
7.90220000,-0.0099311304742507
7.90620000,-0.0073626320626798
7.91020000,-0.0046658282988096
7.91420000,-0.0018494847223948
7.91820000,0.0010101438908047
7.92220000,0.0040642213310398
7.92620000,0.0068619792560235
7.92920000,0.0091758865721777
7.93320000,0.0118938856096471
7.93720000,0.0148763180601473
7.94120000,0.0177450626603976
7.94520000,0.0208433047875200
7.94920000,0.0241266680858647
7.95320000,0.0277090345342093
7.95720000,0.0316476396953784
7.96120000,0.0357671285587513
7.96520000,0.0403519833759114
7.96920000,0.0446404165492554
7.97220000,0.0482366513571981
7.97620000,0.0523461731785507
7.98020000,0.0565695523854811
7.98420000,0.0601607207944600
7.98820000,0.0633688728918651
7.99220000,0.0660277069483456
7.99620000,0.0681125508062107
8.00020000,0.0696724422887384
8.00420000,0.0706781847099571
8.00820000,0.0711764871819676
8.01220000,0.0712097505225306
8.01520000,0.0708315898512923
8.01920000,0.0700199266051843
8.02320000,0.0688164705055787
8.02720000,0.0672369073387024
8.03120000,0.0653207296875011
8.03520000,0.0630556660277446
8.03920000,0.0604585801081252
8.04320000,0.0576228960233339
8.04720000,0.0543073909773497
8.05120000,0.0509951223914799
8.05420000,0.0479145263013617
8.05820000,0.0441110094490307
8.06220000,0.0398341086039446
8.06620000,0.0356289538675832
8.07020000,0.0313051967585295
8.07420000,0.0270556304464083
8.07820000,0.0229431726849690
8.08220000,0.0190103928346748
8.08620000,0.0154223178881511
8.09020000,0.0120768745099343
8.09420000,0.0093488667797917
8.09720000,0.0074201366585824
8.10120000,0.0057520482180746
8.10520000,0.0045171476990627
8.10920000,0.0040169068805577
8.11320000,0.0041633015102492
8.11720000,0.0049765863144708
8.12120000,0.0064899702699593
8.12520000,0.0086437489796717
8.12920000,0.0112976621917514
8.13320000,0.0146725060580665
8.13720000,0.0181291623420646
8.14020000,0.0213406565790923
8.14420000,0.0254228230682745
8.14820000,0.0300429811487245
8.15220000,0.0346069229082419
8.15620000,0.0393174147353688
8.16020000,0.0440736297017333
8.16420000,0.0488308778430483
8.16820000,0.0534849327496497
8.17220000,0.0583089429113646
8.17620000,0.0626905878761747
8.17920000,0.0663358656570951
8.18320000,0.0705836606991002
8.18720000,0.0751630240883616
8.19120000,0.0794175937139103
8.19520000,0.0837020263635852
8.19920000,0.0878436653099048
8.20320000,0.0918437139363457
8.20720000,0.0957173829929501
8.21120000,0.0993135373135702
8.21520000,0.1028843092010856
8.21920000,0.1059763047290723
8.22220000,0.1084089663772119
8.22620000,0.1110922566833561
8.23020000,0.1138585937382929
8.23420000,0.1163002002238183
8.23820000,0.1186939039102996
8.24220000,0.1209687523467296
8.24620000,0.1231649082758847
8.25020000,0.1253286161399284
8.25420000,0.1273838720658426
8.25820000,0.1295119672068423
8.26220000,0.1314188167178068
8.26520000,0.1329893291738611
8.26920000,0.1348231395895350
8.27320000,0.1367933143214312
8.27720000,0.1386254668057227
8.28120000,0.1404394628779956
8.28520000,0.1421858767353521
8.28920000,0.1438566858191432
8.29320000,0.1454416791574276
8.29720000,0.1470443885354968
8.30120000,0.1484792342086069
8.30420000,0.1496484309023803
8.30820000,0.1509954576347045
8.31220000,0.1524300606700817
8.31620000,0.1537378564161350
8.32020000,0.1550429091297122
8.32420000,0.1562942200987173
8.32820000,0.1575001052218865
8.33220000,0.1586761432614244
8.33620000,0.1597815294919287
8.34020000,0.1608992057279911
8.34420000,0.1618752989528564
8.34720000,0.1626415876579018
8.35120000,0.1634818243797283
8.35520000,0.1643314351863472
8.35920000,0.1650466474101539
8.36320000,0.1656910450489453
8.36720000,0.1662306218547301
8.37120000,0.1666634619856961
8.37520000,0.1670050764615730
8.37920000,0.1672501091184972
8.38320000,0.1674072570942619
8.38720000,0.1674720603026734
8.39020000,0.1674505711503703
8.39420000,0.1673527153619269
8.39820000,0.1671814462016090
8.40220000,0.1669047233556468
8.40620000,0.1665066036893645
8.41020000,0.1659382276504049
8.41420000,0.1651782577367717
8.41820000,0.1642535362610275
8.42220000,0.1630492841784924
8.42620000,0.1617716355941830
8.42920000,0.1605181090550079
8.43320000,0.1588704437125146
8.43720000,0.1569415447180241
8.44120000,0.1549773673340648
8.44520000,0.1528785152382022
8.44920000,0.1507347009742559
8.45320000,0.1485508217449102
8.45720000,0.1463336896140838
8.46120000,0.1441646587026215
8.46520000,0.1418707981135646
8.46920000,0.1397591413899842
8.47220000,0.1379627793033890
8.47620000,0.1358525247725818
8.48020000,0.1335650193636493
8.48420000,0.1314155518473011
8.48820000,0.1292312784955008
8.49220000,0.1270948077722309
8.49620000,0.1249949732738056
8.50020000,0.1229128044442405
8.50420000,0.1209188106116409
8.50820000,0.1188498354676898
8.51220000,0.1169856741437052
8.51520000,0.1154446852091199
8.51920000,0.1136675936127707
8.52320000,0.1117729530809380
8.52720000,0.1100129090033427
8.53120000,0.1082640274020752
8.53520000,0.1065707157630201
8.53920000,0.1049455918149401
8.54320000,0.1034081000242007
8.54720000,0.1018810783907391
8.55120000,0.1005451678324985
8.55420000,0.0995014262412653
8.55820000,0.0983599126046362
8.56220000,0.0972031586510896
8.56620000,0.0962207444970669
8.57020000,0.0952915191588566
8.57420000,0.0944465018777928
8.57820000,0.0936506332714729
8.58220000,0.0928578705055029
8.58620000,0.0920758304622083
8.59020000,0.0911908016163866
8.59420000,0.0903404236559422
8.59720000,0.0895778952257432
8.60120000,0.0885808837372284
8.60520000,0.0873954114698163
8.60920000,0.0861679069453217
8.61320000,0.0848042784771547
8.61720000,0.0833615632239836
8.62120000,0.0818195793398115
8.62520000,0.0801620641087227
8.62920000,0.0784492564910818
8.63320000,0.0765004335848575
8.63720000,0.0746205371121062
8.64020000,0.0729267370274418
8.64420000,0.0707562368092659
8.64820000,0.0682429117738736
8.65220000,0.0656637737369438
8.65620000,0.0628980943410163
8.66020000,0.0599706813657166
8.66420000,0.0568917585447727
8.66820000,0.0537408432436140
8.67220000,0.0503178002473729
8.67620000,0.0471219465775505
8.67920000,0.0444052717619126
8.68320000,0.0411873331315195
8.68720000,0.0376900389485202
8.69120000,0.0344241396590941
8.69520000,0.0311317915531663
8.69920000,0.0279440163723030
8.70320000,0.0248409501505456
8.70720000,0.0217935641133197
8.71120000,0.0189176600175166
8.71520000,0.0160044120556583
8.71920000,0.0134475302676859
8.72220000,0.0114026485918817
8.72620000,0.0090928200783147
8.73020000,0.0066842486324350
8.73420000,0.0045646374603905
8.73820000,0.0025568748020699
8.74220000,0.0007535853563885
8.74620000,-0.0008326349792571
8.75020000,-0.0022118378063331
8.75420000,-0.0033225827307699
8.75820000,-0.0042136835658705
8.76220000,-0.0047996935581663
8.76520000,-0.0050665493125140
8.76920000,-0.0051972862720831
8.77320000,-0.0051849153317204
8.77720000,-0.0049910139170422
8.78120000,-0.0046998877904592
8.78520000,-0.0043512200836551
8.78920000,-0.0039915012148661
8.79320000,-0.0036606668887520
8.79720000,-0.0033893037502628
8.80120000,-0.0031952349127085
8.80420000,-0.0030958573889960
8.80820000,-0.0031487874879110
8.81220000,-0.0033668749484707
8.81620000,-0.0037382140518101
8.82020000,-0.0043145907806281
8.82420000,-0.0050948689318936
8.82820000,-0.0061391998556998
8.83220000,-0.0074720884247679
8.83620000,-0.0090425666034670
8.84020000,-0.0110616296445920
8.84420000,-0.0131709261891053
8.84720000,-0.0152116037484937
8.85120000,-0.0179460302931286
8.85520000,-0.0211844696385036
8.85920000,-0.0244944336545130
8.86320000,-0.0280450330514846
8.86720000,-0.0316748147940840
8.87120000,-0.0353552466050491
8.87520000,-0.0390517721404923
8.87920000,-0.0425982408530999
8.88320000,-0.0462226083438957
8.88720000,-0.0494282612672880
8.89020000,-0.0520021477689071
8.89420000,-0.0548919530054908
8.89820000,-0.0578828383755053
8.90220000,-0.0605377746569779
8.90620000,-0.0630929737267641
8.91020000,-0.0655057972628438
8.91420000,-0.0677902622966905
8.91820000,-0.0699449238457491
8.92220000,-0.0720999493132593
8.92620000,-0.0740089103995192
8.92920000,-0.0755380372286938
8.93320000,-0.0772735640383333
8.93720000,-0.0790738900450459
8.94120000,-0.0806314965700925
8.94520000,-0.0820840761445291
8.94920000,-0.0833581466360942
8.95320000,-0.0844388231618011
8.95720000,-0.0853339900346787
8.96120000,-0.0860116396653952
8.96520000,-0.0865193214015060
8.96920000,-0.0868201591655079
8.97220000,-0.0869114445746663
8.97620000,-0.0868945981785658
8.98020000,-0.0867701586725577
8.98420000,-0.0865257983631778
8.98820000,-0.0862097239804192
8.99220000,-0.0858395929995828
8.99620000,-0.0854298370082010
9.00020000,-0.0850008139401311
9.00420000,-0.0845730921229746
9.00820000,-0.0841482925498060
9.01220000,-0.0837637759023907
9.01520000,-0.0834369051328354
9.01920000,-0.0831112336580512
9.02320000,-0.0828119910305434
9.02720000,-0.0825911645413775
9.03120000,-0.0824387054885276
9.03520000,-0.0823718197449188
9.03920000,-0.0823948564506146
9.04320000,-0.0824999564239773
9.04720000,-0.0827374911732158
9.05120000,-0.0830369932991458
9.05420000,-0.0833673035553824
9.05820000,-0.0838869402947263
9.06220000,-0.0845717476777216
9.06620000,-0.0853469167323375
9.07020000,-0.0862676567023630
9.07420000,-0.0872988277959156
9.07820000,-0.0884544086435199
9.08220000,-0.0897380745108506
9.08620000,-0.0910994679728230
9.09020000,-0.0926605970815750
9.09420000,-0.0941680329931728
9.09720000,-0.0955044229340600
9.10120000,-0.0971573886345403
9.10520000,-0.0990189496353395
9.10920000,-0.1008321302158559
9.11320000,-0.1027162966997034
9.11720000,-0.1045877999661378
9.12120000,-0.1064469695961969
9.12520000,-0.1083010207117904
9.12920000,-0.1100791526427458
9.13320000,-0.1119128258455757
9.13720000,-0.1135544022866078
9.14020000,-0.1149116092789146
9.14420000,-0.1164954661693366
9.14820000,-0.1182078234958572
9.15220000,-0.1198254337939022
9.15620000,-0.1214520995258462
9.16020000,-0.1230592207482228
9.16420000,-0.1246493232658182
9.16820000,-0.1262063974862282
9.17220000,-0.1278195963719087
9.17620000,-0.1292855358627513
9.17920000,-0.1305019311014681
9.18320000,-0.1319074675274410
9.18720000,-0.1334122681724435
9.19120000,-0.1347954602960232
9.19520000,-0.1361593904882393
9.19920000,-0.1374473727524346
9.20320000,-0.1386594293971239
9.20720000,-0.1398038032469729
9.21120000,-0.1408312706546724
9.21520000,-0.1417708331389009
9.21920000,-0.1425076919778646
9.22220000,-0.1429919829099627
9.22620000,-0.1433805819078340
9.23020000,-0.1436144177964955
9.23420000,-0.1435909501037609
9.23820000,-0.1433137368081889
9.24220000,-0.1427752183532268
9.24620000,-0.1419637992161276
9.25020000,-0.1409050904765058
9.25420000,-0.1396619056448052
9.25820000,-0.1381414244031476
9.26220000,-0.1366131827509666
9.26520000,-0.1352124267731821
9.26920000,-0.1334660550173156
9.27320000,-0.1314985580157069
9.27720000,-0.1295394463407619
9.28120000,-0.1274989067435931
9.28520000,-0.1254115249407840
9.28920000,-0.1232907501813098
9.29320000,-0.1211775779500394
9.29720000,-0.1189241473627966
9.30120000,-0.1168218027066379
9.30420000,-0.1150094916537659
9.30820000,-0.1128339876028442
9.31220000,-0.1104192738500147
9.31620000,-0.1080819845741023
9.32020000,-0.1056437992025884
9.32420000,-0.1032013279350052
9.32820000,-0.1007462717268367
9.33220000,-0.0982685552925872
9.33620000,-0.0958604506173039
9.34020000,-0.0933405294269884
9.34420000,-0.0910567156910327
9.34720000,-0.0891570136875741
9.35120000,-0.0869557689995226
9.35520000,-0.0845898682846412
9.35920000,-0.0823927114145807
9.36320000,-0.0801821214046831
9.36720000,-0.0780435770191363
9.37120000,-0.0759637965241700
9.37520000,-0.0739202497631271
9.37920000,-0.0719887638036750
9.38320000,-0.0700310452936607
9.38720000,-0.0683130460243589
9.39020000,-0.0669411823300324
9.39420000,-0.0653987342509245
9.39820000,-0.0637923853562274
9.40220000,-0.0623553647413610
9.40620000,-0.0609699977199190
9.41020000,-0.0596627503417833
9.41420000,-0.0584238006054785
9.41820000,-0.0572512196514956
9.42220000,-0.0560743526760285
9.42620000,-0.0550355803168422
9.42920000,-0.0542101321742069
9.43320000,-0.0532659196987205
9.43720000,-0.0522704764585387
9.44120000,-0.0513901793191603
9.44520000,-0.0505406495556989
9.44920000,-0.0497585016015998
9.45320000,-0.0490272597877941
9.45720000,-0.0483237275043496
9.46120000,-0.0476707809799739
9.46520000,-0.0470040930610840
9.46920000,-0.0464231610855453
9.47220000,-0.0459597562697138
9.47620000,-0.0453911893601035
9.48020000,-0.0447487838826179
9.48420000,-0.0441289435877289
9.48820000,-0.0434630599810995
9.49220000,-0.0427701161548076
9.49620000,-0.0420297701547209
9.50020000,-0.0412319959615244
9.50420000,-0.0404167705859034
9.50820000,-0.0395048010428048
9.51220000,-0.0386490185879378
9.51520000,-0.0379095565853689
9.51920000,-0.0369750506460590
9.52320000,-0.0359215435169221
9.52720000,-0.0348949888823400
9.53120000,-0.0338340173778770
9.53520000,-0.0327498820042528
9.53920000,-0.0316435049432245
9.54320000,-0.0305401453830512
9.54720000,-0.0293589242450939
9.55120000,-0.0282674384661231
9.55420000,-0.0273367284459220
9.55820000,-0.0261726494173610
9.56220000,-0.0248427107260250
9.56620000,-0.0235318350108477
9.57020000,-0.0221205039767893
9.57420000,-0.0206527097578723
9.57820000,-0.0191032047225500
9.58220000,-0.0174650348959613
9.58620000,-0.0158141385536551
9.59020000,-0.0140105030146412
9.59420000,-0.0123304232936023
9.59720000,-0.0108904971613209
9.60120000,-0.0091409694323025
9.60520000,-0.0072114786854891
9.60920000,-0.0053907189010357
9.61320000,-0.0035456028326768
9.61720000,-0.0017580790685992
9.62120000,-0.0000470276940781
9.62520000,0.0015720056823218
9.62920000,0.0030177716057985
9.63320000,0.0043774527391216
9.63720000,0.0054834943024853
9.64020000,0.0062865816907141
9.64420000,0.0071587936264417
9.64820000,0.0080692694195076
9.65220000,0.0089368696288607
9.65620000,0.0098885026613810
9.66020000,0.0109745880899612
9.66420000,0.0122335262605769
9.66820000,0.0136497095957895
9.67220000,0.0153883014786608
9.67620000,0.0171630404060501
9.67920000,0.0188295610951994
9.68320000,0.0210047122443510
9.68720000,0.0235340975740228
9.69120000,0.0260734161041992
9.69520000,0.0287868968544317
9.69920000,0.0315643718179064
9.70320000,0.0344207438706048
9.70720000,0.0373647004930716
9.71120000,0.0402877827859105
9.71520000,0.0434394759270983
9.71920000,0.0463669284990113
9.72220000,0.0488710929658847
9.72620000,0.0518644756363457
9.73020000,0.0551522547172663
9.73420000,0.0582784118335597
9.73820000,0.0614993479050758
9.74220000,0.0646955394811573
9.74620000,0.0678924139342888
9.75020000,0.0711189949342119
9.75420000,0.0742585912364753
9.75820000,0.0775667833652652
9.76220000,0.0805770571303762
9.76520000,0.0830875848034130
9.76920000,0.0860074257694345
9.77320000,0.0891237343742669
9.77720000,0.0919976492392145
9.78120000,0.0948205488125410
9.78520000,0.0975123784118230
9.78920000,0.1000549131288943
9.79320000,0.1024247234791449
9.79720000,0.1047309615750270
9.80120000,0.1067179919391147
9.80420000,0.1082489737934041
9.80820000,0.1099030708864885
9.81220000,0.1115674538560155
9.81620000,0.1129700995341459
9.82020000,0.1142617237358193
9.82420000,0.1153826878017937
9.82820000,0.1163296002166410
9.83220000,0.1171229655027359
9.83620000,0.1177382948406513
9.84020000,0.1182079855344513
9.84420000,0.1184889437154777
9.84720000,0.1185703531207541
9.85120000,0.1185258035591951
9.85520000,0.1183556806071430
9.85920000,0.1180497814374892
9.86320000,0.1176311113655081
9.86720000,0.1171147329716392
9.87120000,0.1165074788078770
9.87520000,0.1158286849184567
9.87920000,0.1151081934995303
9.88320000,0.1142974434863807
9.88720000,0.1135060605675660
9.89020000,0.1127893204116781
9.89420000,0.1119403893291990
9.89820000,0.1110192565098812
9.90220000,0.1101298776287692
9.90620000,0.1092239429991446
9.91020000,0.1083144916869735
9.91420000,0.1074086495347659
9.91820000,0.1065244418101058
9.92220000,0.1056187433595169
9.92620000,0.1047931532633963
9.92920000,0.1041041291098210
9.93320000,0.1033467424564165
9.93720000,0.1025789074432909
9.94120000,0.1019119613583060
9.94520000,0.1012856580811253
9.94920000,0.1007198569774754
9.95320000,0.1002120210629449
9.95720000,0.0997537105441800
9.96120000,0.0993524919621122
9.96520000,0.0989669551079469
9.96920000,0.0986275826844012
9.97220000,0.0983442189468183
9.97620000,0.0980251084812235
9.98020000,0.0976755063333300
9.98420000,0.0973210391814229
9.98820000,0.0969137651938510
9.99220000,0.0964578393753639
9.99620000,0.0959348728087337
10.00020000,0.0953316427065993
10.00420000,0.0946621207460146
10.00820000,0.0938448679163232
10.01220000,0.0930106192108275
10.01520000,0.0922219600220645
10.01920000,0.0912153159137436
10.02320000,0.0900570943063961
10.02720000,0.0888804417075643
10.03120000,0.0876488564468689
10.03520000,0.0864059205775285
10.03920000,0.0851809499074123
10.04320000,0.0840083560529617
10.04720000,0.0828442601756200
10.05120000,0.0818321024948874
10.05420000,0.0810563616711183
10.05820000,0.0802651966728338
10.06220000,0.0795308493641872
10.06620000,0.0789911466224075
10.07020000,0.0785829492407946
10.07420000,0.0783286561190730
10.07820000,0.0782279595360319
10.08220000,0.0782571539416630
10.08620000,0.0783984955148931
10.09020000,0.0786546477000181
10.09420000,0.0789682250373225
10.09720000,0.0793055798222236
10.10120000,0.0797551376217037
10.10520000,0.0802762249191139
10.10920000,0.0808008851107164
10.11320000,0.0813454047715337
10.11720000,0.0818888169966388
10.12120000,0.0824152838878433
10.12520000,0.0829053752742138
10.12920000,0.0833306388489845
10.13320000,0.0836834653334088
10.13720000,0.0839375772615955
10.14020000,0.0840754866059283
10.14420000,0.0841112082869517
10.14820000,0.0840365970670785
10.15220000,0.0838348999643000
10.15620000,0.0835305316781034
10.16020000,0.0831164698412035
10.16420000,0.0825941810845303
10.16820000,0.0819900323512794
10.17220000,0.0812432653641065
10.17620000,0.0804922895184028
10.17920000,0.0797983108371089
10.18320000,0.0788915004387076
10.18720000,0.0778233355042018
10.19120000,0.0767331737162908
10.19520000,0.0755520175169539
10.19920000,0.0743284664336441
10.20320000,0.0730494891746672
10.20720000,0.0717064233707436
10.21120000,0.0703524653883536
10.21520000,0.0688803181895548
10.21920000,0.0675132527378893
10.22220000,0.0663473971640855
10.22620000,0.0649498657054658
10.23020000,0.0634220270947567
10.23420000,0.0619957563365462
10.23820000,0.0605628548469208
10.24220000,0.0591778293192131
10.24620000,0.0578230776687425
10.25020000,0.0564803659185083
10.25420000,0.0552022996169357
10.25820000,0.0538816770642265
10.26220000,0.0527004237518527
10.26520000,0.0517218147187803
10.26920000,0.0505537315728384
10.27320000,0.0492755260024764
10.27720000,0.0480537530032031
10.28120000,0.0468011775252097
10.28520000,0.0455276664101606
10.28920000,0.0442327054832453
10.29320000,0.0429447536825291
10.29720000,0.0415854057420882
10.30120000,0.0403413546492193
10.30420000,0.0392990366717595
10.30820000,0.0380506372956209
10.31220000,0.0366846386293135
10.31620000,0.0354112401316500
10.32020000,0.0341241850997216
10.32420000,0.0328720982271467
10.32820000,0.0316419149090274
10.33220000,0.0304237085679956
10.33620000,0.0292687000843121
10.34020000,0.0280793655452712
10.34420000,0.0270196759591955
10.34720000,0.0261516550377026
10.35120000,0.0251244577268379
10.35520000,0.0240079129305371
10.35920000,0.0229685248776602
10.36320000,0.0218945589332743
10.36720000,0.0208170907976401
10.37120000,0.0197108092796492
10.37520000,0.0185573460840829
10.37920000,0.0173993201841151
10.38320000,0.0161006581616835
10.38720000,0.0148571870167530
10.39020000,0.0137450757309620
10.39420000,0.0123251591330545
10.39820000,0.0106955345139186
10.40220000,0.0090493446265522
10.40620000,0.0073048701296456
10.41020000,0.0054982411195059
10.41420000,0.0036615030592952
10.41820000,0.0018549117120788
10.42220000,-0.0000366286274711
10.42620000,-0.0017721711795563
10.42920000,-0.0032688554387010
10.43320000,-0.0051667170421776
10.43720000,-0.0074529680126869
10.44120000,-0.0099457184501622
10.44520000,-0.0129405634403405
10.44920000,-0.0164034318122415
10.45320000,-0.0204202486156725
10.45720000,-0.0249846717614173
10.46120000,-0.0298676095400990
10.46520000,-0.0353957052325448
10.46920000,-0.0406634071769118
10.47220000,-0.0452041360893891
10.47620000,-0.0505139884128644
10.48020000,-0.0561549097337165
10.48420000,-0.0612605667793883
10.48820000,-0.0662086251062252
10.49220000,-0.0707921239633739
10.49620000,-0.0750218442759548
10.50020000,-0.0789593224494507
10.50420000,-0.0824919949183393
10.50820000,-0.0858947944222701
10.51220000,-0.0887777008824213
10.51520000,-0.0909993153801314
10.51920000,-0.0933930065220907
10.52320000,-0.0958019101379436
10.52720000,-0.0978487066553125
10.53120000,-0.0997265253689368
10.53520000,-0.1013521470589409
10.53920000,-0.1027072651667044
10.54320000,-0.1038024808703084
10.54720000,-0.1046280099540362
10.55120000,-0.1051489612836704
10.55420000,-0.1053273755740199
10.55820000,-0.1052670760816899
10.56220000,-0.1049556822093017
10.56620000,-0.1043676574817274
10.57020000,-0.1035338271024525
10.57420000,-0.1024791465903616
10.57820000,-0.1012049616480636
10.58220000,-0.0997428593810431
10.58620000,-0.0981645788100555
10.59020000,-0.0963703762484335
10.59420000,-0.0946239164027222
10.59720000,-0.0930507010753858
10.60120000,-0.0911595811166869
10.60520000,-0.0890794349952595
10.60920000,-0.0870837229610060
10.61320000,-0.0850443045848228
10.61720000,-0.0830339507035661
10.62120000,-0.0810530101246207
10.62520000,-0.0791024385869161
10.62920000,-0.0772552308247517
10.63320000,-0.0753942885232476
10.63720000,-0.0737428225162828
10.64020000,-0.0723991223410934
10.64420000,-0.0709388028744141
10.64820000,-0.0694692586454592
10.65220000,-0.0682109198799280
10.65620000,-0.0670645338452366
10.66020000,-0.0660815306223491
10.66420000,-0.0652785424971385
10.66820000,-0.0646502531779730
10.67220000,-0.0642020732388718
10.67620000,-0.0639179830613820
10.67920000,-0.0637907983437874
10.68320000,-0.0637807884311794
10.68720000,-0.0638783623178216
10.69120000,-0.0640749072560301
10.69520000,-0.0643454282360164
10.69920000,-0.0646690789481279
10.70320000,-0.0650362856959066
10.70720000,-0.0654340751025779
10.71120000,-0.0658383808802624
10.71520000,-0.0662650642051624
10.71920000,-0.0666475217644110
10.72220000,-0.0669612190789975
10.72620000,-0.0673355230208069
10.73020000,-0.0677491416187550
10.73420000,-0.0681410776910881
10.73820000,-0.0685490193075673
10.74220000,-0.0689641914663322
10.74620000,-0.0693997875584477
10.75020000,-0.0698617339551717
10.75420000,-0.0703260651557705
10.75820000,-0.0708271327045958
10.76220000,-0.0712914039639903
10.76520000,-0.0716944752797880
10.76920000,-0.0721914046821165
10.77320000,-0.0727539386227913
10.77720000,-0.0733288659199470
10.78120000,-0.0739599790335476
10.78520000,-0.0746626146641731
10.78920000,-0.0754447149017790
10.79320000,-0.0762813011977984
10.79720000,-0.0772183994285702
10.80120000,-0.0781127261477498
10.80420000,-0.0788933957669812
10.80820000,-0.0798225650073221
10.81220000,-0.0808341646052478
10.81620000,-0.0817866601090574
10.82020000,-0.0827506943644487
10.82420000,-0.0836958598242831
10.82820000,-0.0846219530314860
10.83220000,-0.0855223931246385
10.83620000,-0.0863514667253363
10.84020000,-0.0871431435798891
10.84420000,-0.0878067669748413
10.84720000,-0.0883060182392480
10.85120000,-0.0888015277577943
10.85520000,-0.0892510194752430
10.85920000,-0.0895756294136669
10.86320000,-0.0898199763194622
10.86720000,-0.0899797925739236
10.87120000,-0.0900498774155685
10.87520000,-0.0900308310043874
10.87920000,-0.0899250196238569
10.88320000,-0.0897130620334133
10.88720000,-0.0894537858509872
10.89020000,-0.0891709363887126
10.89420000,-0.0887443858521202
10.89820000,-0.0881973886747208
10.90220000,-0.0875792774960022
10.90620000,-0.0868811539516258
10.91020000,-0.0861044495585151
10.91420000,-0.0852481945346338
10.91820000,-0.0843366303153434
10.92220000,-0.0832976966073527
10.92620000,-0.0822956173586741
10.92920000,-0.0814078873216669
10.93320000,-0.0803099488984507
10.93720000,-0.0790767388124130
10.94120000,-0.0778872444239545
10.94520000,-0.0766734843495744
10.94920000,-0.0754923316192719
10.95320000,-0.0743438066199885
10.95720000,-0.0732228508795700
10.96120000,-0.0721750242000635
10.96520000,-0.0711351211342930
10.96920000,-0.0702410164225847
10.97220000,-0.0695414906009616
10.97620000,-0.0687572122897273
10.98020000,-0.0679369254765029
10.98420000,-0.0672098114958044
10.98820000,-0.0665004109456827
10.99220000,-0.0658313391424520
10.99620000,-0.0651875485696816
11.00020000,-0.0645555514308619
11.00420000,-0.0639629891940735
11.00820000,-0.0633528707797398
11.01220000,-0.0628101649530173
11.01520000,-0.0623593297688010
11.01920000,-0.0618027753551321
11.02320000,-0.0611817377020043
11.02720000,-0.0605769413440085
11.03120000,-0.0599444572992586
11.03520000,-0.0592794210121774
11.03920000,-0.0585752709271124
11.04320000,-0.0578477714687292
11.04720000,-0.0570329972837968
11.05120000,-0.0562507635267511
11.05420000,-0.0555489193689496
11.05820000,-0.0546368424658326
11.06220000,-0.0535657671312648
11.06620000,-0.0524763937710782
11.07020000,-0.0512801404676080
11.07420000,-0.0500142209124510
11.07820000,-0.0486557652921650
11.08220000,-0.0471987940274425
11.08620000,-0.0457053000232824
11.09020000,-0.0440371961751984
11.09420000,-0.0424458397801272
11.09720000,-0.0410377886061668
11.10120000,-0.0392900483512510
11.10520000,-0.0373165529322486
11.10920000,-0.0353842750688961
11.11320000,-0.0333380713977780
11.11720000,-0.0312475517107687
11.12120000,-0.0290861434756998
11.12520000,-0.0268376031193716
11.12920000,-0.0245868656165841
11.13320000,-0.0221213461592837
11.13720000,-0.0197981094924226
11.14020000,-0.0177639081650960
11.14420000,-0.0152702099948775
11.14820000,-0.0124877130367652
11.15220000,-0.0097582542372197
11.15620000,-0.0069369759983021
11.16020000,-0.0040853115087580
11.16420000,-0.0012410305064970
11.16820000,0.0015239069005968
11.17220000,0.0043762149968378
11.17620000,0.0069723937852531
11.17920000,0.0091836236141518
11.18320000,0.0118966800105013
11.18720000,0.0150392014755797
11.19120000,0.0182891988628721
11.19520000,0.0219513313928309
11.19920000,0.0259247365207241
11.20320000,0.0302320515704682
11.20720000,0.0348360595670193
11.21120000,0.0395019358223295
11.21520000,0.0444954230335162
11.21920000,0.0490615399866833
11.22220000,0.0528343343795194
11.22620000,0.0570937923982041
11.23020000,0.0615196101985612
11.23420000,0.0654390147885856
11.23820000,0.0692063936276634
11.24220000,0.0726829644207054
11.24620000,0.0758977722891445
11.25020000,0.0789136658893020
11.25420000,0.0816424833777437
11.25820000,0.0842997138370765
11.26220000,0.0865659882312317
11.26520000,0.0883199460973796
11.26920000,0.0902168267672400
11.27320000,0.0921300767426713
11.27720000,0.0937580385589854
11.28120000,0.0952516771400862
11.28520000,0.0965378473794424
11.28920000,0.0975955847921533
11.29320000,0.0984302294198888
11.29720000,0.0990200640959364
11.30120000,0.0993468669013269
11.30420000,0.0993814124724373
11.30820000,0.0991663463748053
11.31220000,0.0986931037407719
11.31620000,0.0979560740638447
11.32020000,0.0969594533262363
11.32420000,0.0957284860269520
11.32820000,0.0942520595862315
11.33220000,0.0925533828284871
11.33620000,0.0907102973120134
11.34020000,0.0885853927076504
11.34420000,0.0864947752689302
11.34720000,0.0845843199006838
11.35120000,0.0822354332175781
11.35520000,0.0795902751917378
11.35920000,0.0769723849052447
11.36320000,0.0742014538745940
11.36720000,0.0713674501164110
11.37120000,0.0684576075404019
11.37520000,0.0654749294638828
11.37920000,0.0625397001075206
11.38320000,0.0594501596903877
11.38720000,0.0566193968444562
11.39020000,0.0542321838040687
11.39420000,0.0515066813463482
11.39820000,0.0486373145310151
11.40220000,0.0460094308738824
11.40620000,0.0434453835756243
11.41020000,0.0410115239601083
11.41420000,0.0387268758417064
11.41820000,0.0366154914735175
11.42220000,0.0346026684226095
11.42620000,0.0328810456385711
11.42920000,0.0315565381927382
11.43320000,0.0301938374721740
11.43720000,0.0288925853145760
11.44120000,0.0278656876817161
11.44520000,0.0270070376803920
11.44920000,0.0263555413563731
11.45320000,0.0259328795251508
11.45720000,0.0257348075793278
11.46120000,0.0257624921624279
11.46520000,0.0260537570163284
11.46920000,0.0265111859019040
11.47220000,0.0270918391776336
11.47620000,0.0280186189172725
11.48020000,0.0292511259566727
11.48420000,0.0306650936471002
11.48820000,0.0323265886908923
11.49220000,0.0341792599003021
11.49620000,0.0362433774591341
11.50020000,0.0385107726714882
11.50420000,0.0408794746916460
11.50820000,0.0435348521092615
11.51220000,0.0460761609575019
11.51520000,0.0483310975466270
11.51920000,0.0510858149802580
11.52320000,0.0541510039604761
11.52720000,0.0571653846453218
11.53120000,0.0602937141762856
11.53520000,0.0635069106089295
11.53920000,0.0667994318163575
11.54320000,0.0701020497912652
11.54720000,0.0736149570868227
11.55120000,0.0768816286813696
11.55420000,0.0796836242820262
11.55820000,0.0829937322523951
11.56220000,0.0865974855961989
11.56620000,0.0899944077069969
11.57020000,0.0934292435846895
11.57420000,0.0967707394667543
11.57820000,0.1000146182797085
11.58220000,0.1031594319288062
11.58620000,0.1060733235607175
11.59020000,0.1089123348666542
11.59420000,0.1113321973287129
11.59720000,0.1131874953607864
11.60120000,0.1150999258964278
11.60520000,0.1169146616660071
11.60920000,0.1183162563014086
11.61320000,0.1194519862718136
11.61720000,0.1202731751859553
11.62120000,0.1207654840591996
11.62520000,0.1209511106030328
11.62920000,0.1208391842214843
11.63320000,0.1203996766057092
11.63720000,0.1197773427419408
11.64020000,0.1190511891004191
11.64420000,0.1179723925147073
11.64820000,0.1166210030057424
11.65220000,0.1151255644635498
11.65620000,0.1134624645265415
11.66020000,0.1116369504132636
11.66420000,0.1096515047604497
11.66820000,0.1075617295119594
11.67220000,0.1052090631504861
11.67620000,0.1029431592611302
11.67920000,0.1009280259083989
11.68320000,0.0984510384358768
11.68720000,0.0956612804012110
11.69120000,0.0929269702671892
11.69520000,0.0900564610889516
11.69920000,0.0871540743357651
11.70320000,0.0841865448215790
11.70720000,0.0811287239838996
11.71120000,0.0780945276223508
11.71520000,0.0748513373453620
11.71920000,0.0718558424410432
11.72220000,0.0692984733696212
11.72620000,0.0662699835390461
11.73020000,0.0629595297117594
11.73420000,0.0598221557243981
11.73820000,0.0566100788885485
11.74220000,0.0534344698589011
11.74620000,0.0502621198061602
11.75020000,0.0470646224018913
11.75420000,0.0439650451819280
11.75820000,0.0407176952003723
11.76220000,0.0377608568099140
11.76520000,0.0352638597506597
11.76920000,0.0323224685623683
11.77320000,0.0291349030171409
11.77720000,0.0261064325388502
11.78120000,0.0230408852965333
11.78520000,0.0199772008663333
11.78920000,0.0169153607806838
11.79320000,0.0139022879707911
11.79720000,0.0107627337982602
11.80120000,0.0078934964950604
11.80420000,0.0054976035712855
11.80820000,0.0027337075059390
11.81220000,-0.0001847227287468
11.81620000,-0.0027915226879361
11.82020000,-0.0052881395501741
11.82420000,-0.0075657750875408
11.82820000,-0.0096553421998531
11.83220000,-0.0116183834134587
11.83620000,-0.0134234238355171
11.84020000,-0.0152958032697897
11.84420000,-0.0170201767444825
11.84720000,-0.0185277350739570
11.85120000,-0.0203813102486664
11.85520000,-0.0224416582192564
11.85920000,-0.0243988744526887
11.86320000,-0.0263473316305909
11.86720000,-0.0281791775386038
11.87120000,-0.0298494326902700
11.87520000,-0.0313357514141346
11.87920000,-0.0325779415561254
11.88320000,-0.0336418720300318
11.88720000,-0.0344353598566960
11.89020000,-0.0349316549450477
11.89420000,-0.0353426381222707
11.89820000,-0.0356369159119473
11.90220000,-0.0357200191016375
11.90620000,-0.0356599505756760
11.91020000,-0.0354266762970817
11.91420000,-0.0350112689781320
11.91820000,-0.0344394044448470
11.92220000,-0.0336367611827688
11.92620000,-0.0327525072069354
11.92920000,-0.0318516547896792
11.93320000,-0.0306606261092966
11.93720000,-0.0292458838266255
11.94120000,-0.0277680741967214
11.94520000,-0.0261714325219960
11.94920000,-0.0245209039183647
11.95320000,-0.0228192953600765
11.95720000,-0.0210749297176574
11.96120000,-0.0193593525025896
11.96520000,-0.0175759803750003
11.96920000,-0.0159547140845855
11.97220000,-0.0145877153361459
11.97620000,-0.0130298127659132
11.98020000,-0.0113785192066761
11.98420000,-0.0098636233199964
11.98820000,-0.0083876227783134
11.99220000,-0.0070071710305144
11.99620000,-0.0057289161931977
12.00020000,-0.0045527217447517
12.00420000,-0.0035270481919952
12.00820000,-0.0026233863012978
12.01220000,-0.0019194774696536
12.01520000,-0.0014408549975244
12.01920000,-0.0010516255546405
12.02320000,-0.0007771371112793
12.02720000,-0.0006838077795642
12.03120000,-0.0007164617419104
12.03520000,-0.0008819424294780
12.03920000,-0.0011737303727115
12.04320000,-0.0015695078109600
12.04720000,-0.0021459530555495
12.05120000,-0.0027838960520007
12.05420000,-0.0034341703702007
12.05820000,-0.0043590541324535
12.06220000,-0.0055246159136469
12.06620000,-0.0068142429756101
12.07020000,-0.0083166072035168
12.07420000,-0.0099781264605622
12.07820000,-0.0118159497506151
12.08220000,-0.0138300995476716
12.08620000,-0.0159380535002941
12.09020000,-0.0183092798118025
12.09420000,-0.0205746298236904
12.09720000,-0.0225666464834962
12.10120000,-0.0249919494992630
12.10520000,-0.0276944893945190
12.10920000,-0.0303014897986633
12.11320000,-0.0329814017524187
12.11720000,-0.0356161994795165
12.12120000,-0.0382090089576843
12.12520000,-0.0407765198079957
12.12920000,-0.0432273065745858
12.13320000,-0.0457412061620265
12.13720000,-0.0479846571034557
12.14020000,-0.0498277641494609
12.14420000,-0.0519442778332815
12.14820000,-0.0541947341263279
12.15220000,-0.0562688680212411
12.15620000,-0.0583065105951631
12.16020000,-0.0602591061043954
12.16420000,-0.0621233311879429
12.16820000,-0.0638836582333079
12.17220000,-0.0656180533349905
12.17620000,-0.0671306654948685
12.17920000,-0.0683248462846486
12.18320000,-0.0696474817538936
12.18720000,-0.0710209260902760
12.19120000,-0.0722362843566081
12.19520000,-0.0734118678952476
12.19920000,-0.0745056468018283
12.20320000,-0.0755409544369741
12.20720000,-0.0765477982421900
12.21120000,-0.0774948245545811
12.21520000,-0.0784570261024053
12.21920000,-0.0793070042820429
12.22220000,-0.0799983842475776
12.22620000,-0.0807879773908606
12.23020000,-0.0816194293848190
12.23420000,-0.0823612191127905
12.23820000,-0.0830756850046436
12.24220000,-0.0837402619475916
12.24620000,-0.0843683256386171
12.25020000,-0.0849731382250310
12.25420000,-0.0855311340846168
12.25820000,-0.0860831650168778
12.26220000,-0.0865619402797540
12.26520000,-0.0869441588183774
12.26920000,-0.0873688971407474
12.27320000,-0.0877987870059866
12.27720000,-0.0881619590523379
12.28120000,-0.0884956938152740
12.28520000,-0.0887947948055109
12.28920000,-0.0890595158443707
12.29320000,-0.0892845890820804
12.29720000,-0.0894569772355368
12.30120000,-0.0895649462969934
12.30420000,-0.0895985543107139
12.30820000,-0.0895611224222045
12.31220000,-0.0894284447835090
12.31620000,-0.0891786410906775
12.32020000,-0.0888000008229852
12.32420000,-0.0883077516045604
12.32820000,-0.0876982347533356
12.33220000,-0.0869755339585421
12.33620000,-0.0861666456298363
12.34020000,-0.0851962661021682
12.34420000,-0.0842233185668349
12.34720000,-0.0833212983151129
12.35120000,-0.0821775629688834
12.35520000,-0.0808608805316335
12.35920000,-0.0795430206319556
12.36320000,-0.0781573321465156
12.36720000,-0.0767677472936711
12.37120000,-0.0753729960295258
12.37520000,-0.0739662885913840
12.37920000,-0.0725986699213397
12.38320000,-0.0711742270202451
12.38720000,-0.0698880883213014
12.39020000,-0.0688158083796848
12.39420000,-0.0675670766010384
12.39820000,-0.0662208325017541
12.40220000,-0.0649520001236099
12.40620000,-0.0636816341863130
12.41020000,-0.0624271275934476
12.41420000,-0.0611810576266825
12.41820000,-0.0599542885854942
12.42220000,-0.0586748608559658
12.42620000,-0.0575066678685364
12.42920000,-0.0565285307050428
12.43320000,-0.0553793808217061
12.43720000,-0.0541232281199654
12.44120000,-0.0529336839955886
12.44520000,-0.0517128789490544
12.44920000,-0.0505032325579455
12.45320000,-0.0492837178428753
12.45720000,-0.0480364499907324
12.46120000,-0.0468092551879876
12.46520000,-0.0455094129587053
12.46920000,-0.0443212871457687
12.47220000,-0.0433170451286150
12.47620000,-0.0421268656954410
12.48020000,-0.0408264165180012
12.48420000,-0.0396012842488055
12.48820000,-0.0383486321872460
12.49220000,-0.0371069968237033
12.49620000,-0.0358497629560351
12.50020000,-0.0345564735262161
12.50420000,-0.0332757840453373
12.50820000,-0.0318871103805040
12.51220000,-0.0305859028094188
12.51520000,-0.0294454186140784
12.51920000,-0.0280438960479529
12.52320000,-0.0264815131075013
12.52720000,-0.0249481269005989
12.53120000,-0.0233555478519212
12.53520000,-0.0217130255835146
12.53920000,-0.0200206946391323
12.54320000,-0.0183168718654547
12.54720000,-0.0164880671093932
12.55120000,-0.0147784628554711
12.55420000,-0.0132977134193555
12.55820000,-0.0115041524183913
12.56220000,-0.0095167628424744
12.56620000,-0.0076148609119861
12.57020000,-0.0056684264113604
12.57420000,-0.0037530400282899
12.57820000,-0.0018841570167887
12.58220000,-0.0000842890762380
12.58620000,0.0015502921907907
12.59020000,0.0030724673833789
12.59420000,0.0042939676808737
12.59720000,0.0051350870764652
12.60120000,0.0059074232005971
12.60520000,0.0065541491118732
12.60920000,0.0069542559060488
12.61320000,0.0072295537415967
12.61720000,0.0073962408497985
12.62120000,0.0074823036503415
12.62520000,0.0075157409202507
12.62920000,0.0074971777377934
12.63320000,0.0074295056336107
12.63720000,0.0073172019164580
12.64020000,0.0071463119945833
12.64420000,0.0068531544811102
12.64820000,0.0064249917419831
12.65220000,0.0058659620200285
12.65620000,0.0051833569296154
12.66020000,0.0043852767399779
12.66420000,0.0034916797118508
12.66820000,0.0025519215886762
12.67220000,0.0015453844876445
12.67620000,0.0006224460129199
12.67920000,-0.0001445752820333
12.68320000,-0.0009900258613054
12.68720000,-0.0018669413484813
12.69120000,-0.0026602409919714
12.69520000,-0.0034370141149114
12.69920000,-0.0041799351204908
12.70320000,-0.0049055400636845
12.70720000,-0.0056278310008529
12.71120000,-0.0063173566366720
12.71520000,-0.0069944838892293
12.71920000,-0.0075752811273680
12.72220000,-0.0080236772174912
12.72620000,-0.0084610343438538
12.73020000,-0.0088473425891905
12.73420000,-0.0091104498858797
12.73820000,-0.0092664449918870
12.74220000,-0.0093100634048302
12.74620000,-0.0092291295684520
12.75020000,-0.0090183794978046
12.75420000,-0.0086803190844039
12.75820000,-0.0081449474938389
12.76220000,-0.0075303529698816
12.76520000,-0.0068969720824171
12.76920000,-0.0060082589382911
12.77320000,-0.0049347703143697
12.77720000,-0.0038007428192360
12.78120000,-0.0025918937632851
12.78520000,-0.0013352623137824
12.78920000,-0.0000381485908053
12.79320000,0.0012838404535845
12.79720000,0.0027989148431004
12.80120000,0.0043172380190801
12.80420000,0.0057865341480747
12.80820000,0.0078077918863595
12.81220000,0.0103336289824824
12.81620000,0.0131245451947054
12.82020000,0.0163485723216221
12.82420000,0.0198824794067959
12.82820000,0.0237198047970041
12.83220000,0.0278169937026899
12.83620000,0.0319781427612374
12.84020000,0.0364463075593449
12.84420000,0.0405562559299692
12.84720000,0.0439986391347720
12.85120000,0.0479556589513633
12.85520000,0.0521614346374377
12.85920000,0.0560103886472618
12.86320000,0.0598209054290633
12.86720000,0.0634516269409423
12.87120000,0.0669353483179699
12.87520000,0.0703252066971633
12.87920000,0.0735087576545701
12.88320000,0.0767247743969341
12.88720000,0.0795631108093291
12.89020000,0.0818685144669113
12.89420000,0.0844735297468400
12.89820000,0.0872066298270657
12.90220000,0.0896812755414721
12.90620000,0.0920746957532097
12.91020000,0.0943194293422345
12.91420000,0.0964057707775084
12.91820000,0.0983188822762718
12.92220000,0.1001113352449920
12.92620000,0.1016005559124477
12.92920000,0.1026885283589037
12.93320000,0.1037749409309899
12.93720000,0.1047857643894430
12.94120000,0.1055369263054609
12.94520000,0.1061273542430399
12.94920000,0.1065351662752555
12.95320000,0.1067684130432605
12.95720000,0.1068520241685701
12.96120000,0.1067838691814916
12.96520000,0.1065282968248293
12.96920000,0.1061474590391572
12.97220000,0.1056797468691792
12.97620000,0.1049771445806364
12.98020000,0.1040676641322807
12.98420000,0.1030291040638658
12.98820000,0.1018041606047651
12.99220000,0.1004354970070385
12.99620000,0.0989105878915211
13.00020000,0.0972293142413466
13.00420000,0.0954540578904145
13.00820000,0.0934347499560562
13.01220000,0.0914812239019595
13.01520000,0.0897341986287404
13.01920000,0.0875943441470717
13.02320000,0.0851950960385378
13.02720000,0.0828051873557360
13.03120000,0.0803097036722318
13.03520000,0.0777499880937632
13.03920000,0.0751421608419601
13.04320000,0.0725377792657649
13.04720000,0.0697772518373523
13.05120000,0.0672197116508041
13.05420000,0.0650473157412540
13.05820000,0.0625110602490622
13.06220000,0.0597620986940370
13.06620000,0.0571678926639610
13.07020000,0.0545193575873702
13.07420000,0.0519147117255059
13.07820000,0.0493364170235843
13.08220000,0.0467598663304152
13.08620000,0.0442751447563848
13.09020000,0.0417117879758865
13.09420000,0.0394175689000618
13.09720000,0.0375449436813124
13.10120000,0.0354484382917588
13.10520000,0.0332691291495716
13.10920000,0.0313325541828775
13.11320000,0.0294847925466357
13.11720000,0.0278050612524748
13.12120000,0.0262925596638115
13.12520000,0.0249228580832921
13.12920000,0.0237393286763717
13.13320000,0.0226771932214566
13.13720000,0.0218456268618634
13.14020000,0.0212742342662848
13.14420000,0.0207380979393606
13.14820000,0.0202659298657994
13.15220000,0.0199532388621373
13.15620000,0.0197438083284794
13.16020000,0.0196515968803410
13.16420000,0.0196638608174925
13.16820000,0.0197544559642307
13.17220000,0.0199502093349911
13.17620000,0.0202037668208602
13.17920000,0.0204947350451820
13.18320000,0.0209003969175597
13.18720000,0.0213929859720384
13.19120000,0.0219236321482442
13.19520000,0.0225157837611299
13.19920000,0.0231464362333745
13.20320000,0.0238044749136905
13.20720000,0.0244767559655617
13.21120000,0.0251367022514585
13.21520000,0.0258226942022022
13.21920000,0.0264462848691442
13.22220000,0.0269584314303709
13.22620000,0.0275073263600118
13.23020000,0.0280547358462188
13.23420000,0.0285263964703430
13.23820000,0.0289694644651235
13.24220000,0.0293685008064350
13.24620000,0.0297256166279939
13.25020000,0.0300529306421363
13.25420000,0.0303494761166531
13.25820000,0.0306364324413345
13.26220000,0.0308840396525469
13.26520000,0.0310781808591317
13.26920000,0.0312718290369194
13.27320000,0.0314652544887563
13.27720000,0.0316445814848880
13.28120000,0.0318220796887594
13.28520000,0.0319889224238323
13.28920000,0.0321430559317869
13.29320000,0.0322882278409478
13.29720000,0.0324264619466457
13.30120000,0.0325466042935060
13.30420000,0.0326351605230576
13.30820000,0.0326980305816985
13.31220000,0.0327351993155633
13.31620000,0.0327455663684667
13.32020000,0.0327241439926096
13.32420000,0.0326639044451485
13.32820000,0.0325564398795410
13.33220000,0.0324077144113218
13.33620000,0.0322333084359136
13.34020000,0.0320042483851052
13.34420000,0.0317588373281602
13.34720000,0.0315072911765956
13.35120000,0.0311336913429314
13.35520000,0.0306523181545812
13.35920000,0.0301092326478586
13.36320000,0.0294437901888530
13.36720000,0.0286660408121636
13.37120000,0.0277500443771570
13.37520000,0.0266889790518216
13.37920000,0.0255240618112964
13.38320000,0.0241141373079992
13.38720000,0.0226866273879274
13.39020000,0.0213391068158821
13.39420000,0.0195788682481011
13.39820000,0.0175143670915087
13.40220000,0.0153513438946576
13.40620000,0.0129934869880510
13.41020000,0.0104731831364890
13.41420000,0.0078311057860767
13.41820000,0.0051634010775477
13.42220000,0.0023333623725541
13.42620000,-0.0002695710338803
13.42920000,-0.0024632397084654
13.43320000,-0.0050533147374202
13.43720000,-0.0079430920572997
13.44120000,-0.0108290793407546
13.44520000,-0.0140474651231970
13.44920000,-0.0175556672682974
13.45320000,-0.0214369963420928
13.45720000,-0.0257055460130911
13.46120000,-0.0301596967263696
13.46520000,-0.0350757941580779
13.46920000,-0.0396712557684331
13.47220000,-0.0435340268689947
13.47620000,-0.0479009960286702
13.48020000,-0.0523906171721865
13.48420000,-0.0562772412701630
13.48820000,-0.0598671902818422
13.49220000,-0.0630056696312348
13.49620000,-0.0656981875001151
13.50020000,-0.0680139117659875
13.50420000,-0.0699115360649139
13.50820000,-0.0715370749756711
13.51220000,-0.0727607713370739
13.51520000,-0.0735544233141517
13.51920000,-0.0742407164341273
13.52320000,-0.0747902131330081
13.52720000,-0.0750803364364812
13.53120000,-0.0752027912621687
13.53520000,-0.0751238692393436
13.53920000,-0.0748454528191359
13.54320000,-0.0744079637737200
13.54720000,-0.0737391707776699
13.55120000,-0.0729728400268456
13.55420000,-0.0721587590535024
13.55820000,-0.0710373870219383
13.56220000,-0.0696784611849049
13.56620000,-0.0682360750537062
13.57020000,-0.0666477817620870
13.57420000,-0.0649687998296253
13.57820000,-0.0632053610437136
13.58220000,-0.0613823187884277
13.58620000,-0.0595880909644963
13.59020000,-0.0577305421140698
13.59420000,-0.0560587432541887
13.59720000,-0.0546888162431093
13.60120000,-0.0531808134126179
13.60520000,-0.0516496404987630
13.60920000,-0.0503268410604679
13.61320000,-0.0490910167137494
13.61720000,-0.0479839682487292
13.62120000,-0.0470041692150676
13.62520000,-0.0461383485586016
13.62920000,-0.0454102891315705
13.63320000,-0.0447657945240098
13.63720000,-0.0442532730572661
13.64020000,-0.0438871157036276
13.64420000,-0.0435478485997853
13.64820000,-0.0432548707531608
13.65220000,-0.0430587068700664
13.65620000,-0.0429209929881486
13.66020000,-0.0428601654434813
13.66420000,-0.0428876252389150
13.66820000,-0.0429981862912176
13.67220000,-0.0432263270251334
13.67620000,-0.0435098146764792
13.67920000,-0.0438225864063326
13.68320000,-0.0442749911792837
13.68720000,-0.0448310517856628
13.69120000,-0.0454104980817117
13.69520000,-0.0460155069880718
13.69920000,-0.0466099880564312
13.70320000,-0.0471822122123621
13.70720000,-0.0477243206670114
13.71120000,-0.0482093618493629
13.71520000,-0.0486446708485623
13.71920000,-0.0489811968588529
13.72220000,-0.0492048657137023
13.72620000,-0.0494023636984065
13.73020000,-0.0495590937239457
13.73420000,-0.0496374852832079
13.73820000,-0.0496591370970771
13.74220000,-0.0496295171619338
13.74620000,-0.0495556973059003
13.75020000,-0.0494439603174577
13.75420000,-0.0492955870331963
13.75820000,-0.0490912225032044
13.76220000,-0.0488701854620192
13.76520000,-0.0486520359980688
13.76920000,-0.0483559431579871
13.77320000,-0.0479912024981827
13.77720000,-0.0475839070476250
13.78120000,-0.0471243214705581
13.78520000,-0.0466198262718481
13.78920000,-0.0460748836225757
13.79320000,-0.0455025201816786
13.79720000,-0.0448606814685113
13.80120000,-0.0442481659081226
13.80420000,-0.0437216684989577
13.80820000,-0.0431071184897402
13.81220000,-0.0424494140329382
13.81620000,-0.0418454249944540
13.82020000,-0.0412567593430850
13.82420000,-0.0407170807913514
13.82820000,-0.0402318158018562
13.83220000,-0.0397928905986859
13.83620000,-0.0394089827852689
13.84020000,-0.0390517044651109
13.84420000,-0.0387613057520012
13.84720000,-0.0385461383357840
13.85120000,-0.0383066893577551
13.85520000,-0.0380408674260302
13.85920000,-0.0377778541421241
13.86320000,-0.0374905617982590
13.86720000,-0.0371881008929000
13.87120000,-0.0368608647081256
13.87520000,-0.0365019520936229
13.87920000,-0.0361296986257520
13.88320000,-0.0357250259355102
13.88720000,-0.0353567928793634
13.89020000,-0.0350514854928412
13.89420000,-0.0346892061847207
13.89820000,-0.0342969403399455
13.90220000,-0.0339337730992021
13.90620000,-0.0335785880265971
13.91020000,-0.0332308936202385
13.91420000,-0.0328783627586701
13.91820000,-0.0325187283477152
13.92220000,-0.0321263176773852
13.92620000,-0.0317605814986903
13.92920000,-0.0314490056951328
13.93320000,-0.0310675479426617
13.93720000,-0.0306440998200203
13.94120000,-0.0302495037127328
13.94520000,-0.0298644673970934
13.94920000,-0.0295076564259299
13.95320000,-0.0291757707919807
13.95720000,-0.0288650571675615
13.96120000,-0.0285928960410780
13.96520000,-0.0283514094305496
13.96920000,-0.0281707161809578
13.97220000,-0.0280539924863385
13.97620000,-0.0279369743519329
13.98020000,-0.0278311053982179
13.98420000,-0.0277680831144951
13.98820000,-0.0277366084388365
13.99220000,-0.0277362716498301
13.99620000,-0.0277617868064846
14.00020000,-0.0278102277734034
14.00420000,-0.0278843774166741
14.00820000,-0.0279834955425919
14.01220000,-0.0280890502856442
14.01520000,-0.0281847877996961
14.01920000,-0.0282819050578567
14.02320000,-0.0283803078509802
14.02720000,-0.0284739088990497
14.03120000,-0.0285632132323752
14.03520000,-0.0286396390962439
14.03920000,-0.0287018248926051
14.04320000,-0.0287552027520094
14.04720000,-0.0287959937708911
14.05120000,-0.0288236130061903
14.05420000,-0.0288285045182841
14.05820000,-0.0287838874497642
14.06220000,-0.0286861709305608
14.06620000,-0.0285393698099993
14.07020000,-0.0283156252619334
14.07420000,-0.0280077761411037
14.07820000,-0.0275913081649610
14.08220000,-0.0270621912494075
14.08620000,-0.0264453455253764
14.09020000,-0.0256589294824727
14.09420000,-0.0248344179892730
14.09720000,-0.0240284703620619
14.10120000,-0.0229438901786384
14.10520000,-0.0216424153294166
14.10920000,-0.0202730040302401
14.11320000,-0.0187351008099891
14.11720000,-0.0170758222291838
14.12120000,-0.0152803708352096
14.12520000,-0.0133522438948903
14.12920000,-0.0113728552435149
14.13320000,-0.0091817756628697
14.13720000,-0.0071113862176811
14.14020000,-0.0053235954672603
14.14420000,-0.0032087615171323
14.14820000,-0.0009356841048231
14.15220000,0.0012205553098955
14.15620000,0.0034137623099549
14.16020000,0.0056796121760511
14.16420000,0.0080860149521767
14.16820000,0.0106481607279771
14.17220000,0.0136846765588824
14.17620000,0.0167756160050096
14.17920000,0.0197185265692153
14.18320000,0.0235401980334847
14.18720000,0.0279827566085275
14.19120000,0.0324624765433117
14.19520000,0.0371847721162550
14.19920000,0.0419214745070237
14.20320000,0.0466086321079131
14.20720000,0.0511958963957618
14.21120000,0.0554925747142752
14.21520000,0.0597416243660397
14.21920000,0.0634152042170833
14.22220000,0.0662914964437858
14.22620000,0.0693828937967814
14.23020000,0.0724900018563178
14.23420000,0.0751421149468551
14.23820000,0.0776181273181574
14.24220000,0.0798296253503209
14.24620000,0.0817977430029588
14.25020000,0.0835775520887897
14.25420000,0.0851262835138052
14.25820000,0.0865566806854495
14.26220000,0.0877114547237782
14.26520000,0.0885256516349733
14.26920000,0.0892892911637311
14.27320000,0.0899421324672022
14.27720000,0.0903327917015583
14.28120000,0.0905343428621350
14.28520000,0.0904993148793071
14.28920000,0.0902250682237405
14.29320000,0.0897571303834230
14.29720000,0.0890296199997039
14.30120000,0.0882029439273718
14.30420000,0.0873513640711576
14.30820000,0.0862162622865556
14.31220000,0.0848858071856021
14.31620000,0.0835303826854797
14.32020000,0.0820842639506073
14.32420000,0.0805994918952875
14.32820000,0.0790732073022075
14.33220000,0.0775127336345986
14.33620000,0.0759802784787726
14.34020000,0.0743551203199700
14.34420000,0.0728447020043762
14.34720000,0.0715305949443571
14.35120000,0.0699586335505585
14.35520000,0.0682169428626415
14.35920000,0.0665206342866827
14.36320000,0.0647349150240203
14.36720000,0.0629185644262356
14.37120000,0.0610675227880949
14.37520000,0.0591850195021599
14.37920000,0.0573469136183446
14.38320000,0.0554182881054447
14.38720000,0.0536578219923508
14.39020000,0.0521816457449075
14.39420000,0.0504914767025729
14.39820000,0.0487015826761054
14.40220000,0.0470310303827183
14.40620000,0.0453549467224129
14.41020000,0.0436914947824358
14.41420000,0.0420386339553912
14.41820000,0.0404117095962414
14.42220000,0.0386936192220100
14.42620000,0.0370876966644756
14.42920000,0.0356983216794441
14.43320000,0.0340475767239857
14.43720000,0.0322381221005255
14.44120000,0.0305071840030871
14.44520000,0.0287213143348406
14.44920000,0.0269495785869383
14.45320000,0.0251979718033205
14.45720000,0.0234700086874595
14.46120000,0.0218316543449934
14.46520000,0.0201722436792155
14.46920000,0.0187043941854836
14.47220000,0.0175231271126206
14.47620000,0.0162240450263379
14.48020000,0.0148910599643549
14.48420000,0.0137166568762467
14.48820000,0.0125938125530310
14.49220000,0.0115717356952715
14.49620000,0.0106550886037423
14.50020000,0.0098287299899829
14.50420000,0.0091113692299726
14.50820000,0.0084548520994868
14.51220000,0.0079305600399756
14.51520000,0.0075711511979840
14.51920000,0.0072507826050753
14.52320000,0.0069923385800312
14.52720000,0.0068608241103760
14.53120000,0.0068249138668562
14.53520000,0.0069097888691901
14.53920000,0.0071163911055773
14.54320000,0.0074180485934435
14.54720000,0.0078482631687227
14.55120000,0.0083202210912317
14.55420000,0.0087933696383981
14.55820000,0.0094070313539968
14.56220000,0.0101049668967468
14.56620000,0.0107891258712096
14.57020000,0.0114968970678834
14.57420000,0.0122095713911149
14.57820000,0.0129320268833596
14.58220000,0.0136596086291167
14.58620000,0.0143591259216194
14.59020000,0.0150787976269125
14.59420000,0.0157341965431028
14.59720000,0.0162940113469934
14.60120000,0.0169459173433954
14.60520000,0.0176546114912583
14.60920000,0.0183369708586461
14.61320000,0.0190558083091623
14.61720000,0.0197913422695232
14.62120000,0.0205431246752893
14.62520000,0.0213065722165359
14.62920000,0.0220521868725411
14.63320000,0.0228360459203238
14.63720000,0.0235569897706967
14.64020000,0.0241617150898817
14.64420000,0.0248317461608320
14.64820000,0.0255129639344337
14.65220000,0.0261093967580931
14.65620000,0.0266685522746722
14.66020000,0.0271709923552112
14.66420000,0.0276104690198595
14.66820000,0.0279899538507377
14.67220000,0.0283282549266104
14.67620000,0.0286118099373762
14.67920000,0.0288293122304634
14.68320000,0.0290435092854458
14.68720000,0.0292433685281540
14.69120000,0.0294073112114785
14.69520000,0.0295603614687106
14.69920000,0.0296983201674971
14.70320000,0.0298138414751060
14.70720000,0.0299035002493246
14.71120000,0.0299671859536024
14.71520000,0.0300049965808021
14.71920000,0.0300209951804236
14.72220000,0.0300107170372935
14.72620000,0.0299515002985529
14.73020000,0.0298503305321910
14.73420000,0.0297251950636188
14.73820000,0.0295705302687905
14.74220000,0.0293857542850994
14.74620000,0.0291617138464188
14.75020000,0.0289017946818147
14.75420000,0.0286265259803157
14.75820000,0.0283135210386980
14.76220000,0.0280130586314672
14.76520000,0.0277442474071402
14.76920000,0.0274022526842527
14.77320000,0.0270211220587313
14.77720000,0.0266503319317808
14.78120000,0.0262621918918443
14.78520000,0.0258458401583807
14.78920000,0.0253937915195712
14.79320000,0.0249158362153541
14.79720000,0.0243550058987924
14.80120000,0.0237865861073847
14.80420000,0.0232326923666501
14.80820000,0.0224703794822907
14.81220000,0.0215351240138944
14.81620000,0.0205310087112409
14.82020000,0.0193790203292834
14.82420000,0.0181046764075346
14.82820000,0.0166792790863292
14.83220000,0.0151010484372432
14.83620000,0.0134378364366931
14.84020000,0.0115423160046709
14.84420000,0.0097005726079608
14.84720000,0.0080466029961179
14.85120000,0.0060140238677795
14.85520000,0.0037458354604878
14.85920000,0.0015570056380026
14.86320000,-0.0007373505781736
14.86720000,-0.0030657908364433
14.87120000,-0.0055203477116243
14.87520000,-0.0081966859812285
14.87920000,-0.0110625917018749
14.88320000,-0.0145457756090686
14.88720000,-0.0181285859735246
14.89020000,-0.0215897283770518
14.89420000,-0.0261227908106472
14.89820000,-0.0313860968075464
14.90220000,-0.0367206636294212
14.90620000,-0.0422595743746740
14.91020000,-0.0477938991604517
14.91420000,-0.0531806654140163
14.91820000,-0.0582522227236946
14.92220000,-0.0631771865288484
14.92620000,-0.0674000904449115
14.92920000,-0.0706490050293179
14.93320000,-0.0740673432656979
14.93720000,-0.0774355292328372
14.94120000,-0.0802311397786998
14.94520000,-0.0827896193177463
14.94920000,-0.0850314778516215
14.95320000,-0.0869888160617601
14.95720000,-0.0887244905040454
14.96120000,-0.0901971872697590
14.96520000,-0.0915233134405388
14.96920000,-0.0925694569863718
14.97220000,-0.0932791498984696
14.97620000,-0.0938918689677947
14.98020000,-0.0943363603135400
14.98420000,-0.0944886214617778
14.98820000,-0.0943874816044419
14.99220000,-0.0940171541287240
14.99620000,-0.0933570152166872
15.00020000,-0.0924315216358571
15.00420000,-0.0913017576055951
15.00820000,-0.0898800726711953
15.01220000,-0.0884135908544257
15.01520000,-0.0870200583556271
15.01920000,-0.0852443804167386
15.02320000,-0.0832243350275195
15.02720000,-0.0812023823865228
15.03120000,-0.0791000551785764
15.03520000,-0.0769527053249191
15.03920000,-0.0747803659934021
15.04320000,-0.0726380063450078
15.04720000,-0.0704028495689097
15.05120000,-0.0683477770754614
15.05420000,-0.0665925898126660
15.05820000,-0.0645176201665473
15.06220000,-0.0622381754108946
15.06620000,-0.0600481029295127
15.07020000,-0.0577631938291851
15.07420000,-0.0554509837483837
15.07820000,-0.0530866712072259
15.08220000,-0.0506625579637381
15.08620000,-0.0482780216488896
15.09020000,-0.0457577841912653
15.09420000,-0.0434416600517553
15.09720000,-0.0414760358513047
15.10120000,-0.0391897046243671
15.10520000,-0.0367271552786573
15.10920000,-0.0344183218815526
15.11320000,-0.0320584316256039
15.11720000,-0.0297215243334639
15.12120000,-0.0273768779010569
15.12520000,-0.0249949804920654
15.12920000,-0.0226509602452422
15.13320000,-0.0201207552849952
15.13720000,-0.0177436778898493
15.14020000,-0.0156614042162433
15.14420000,-0.0131562003477772
15.14820000,-0.0104002073539231
15.15220000,-0.0077514412639361
15.15620000,-0.0050806540069366
15.16020000,-0.0024930221712455
15.16420000,-0.0000581232380118
15.16820000,0.0021539975516338
15.17220000,0.0041776651388048
15.17620000,0.0058174603487112
15.17920000,0.0069803387678005
15.18320000,0.0080994040358464
15.18720000,0.0091372149261466
15.19120000,0.0099569383660698
15.19520000,0.0107223430463615
15.19920000,0.0114303389399326
15.20320000,0.0120957538814060
15.20720000,0.0127296182505856
15.21120000,0.0132982336509048
15.21520000,0.0138123565902220
15.21920000,0.0141973840205640
15.22220000,0.0144017995997743
15.22620000,0.0144677255691871
15.23020000,0.0143571177666211
15.23420000,0.0140324670354738
15.23820000,0.0134931247631159
15.24220000,0.0127438890541155
15.24620000,0.0117690275136565
15.25020000,0.0105877750809217
15.25420000,0.0092665102213641
15.25820000,0.0077166812355164
15.26220000,0.0061920199437532
15.26520000,0.0048230296912956
15.26920000,0.0031806514129704
15.27320000,0.0014133360339756
15.27720000,-0.0002374131244294
15.28120000,-0.0018665601341645
15.28520000,-0.0034680268811708
15.28920000,-0.0050650743104510
15.29320000,-0.0066572110149809
15.29720000,-0.0083884109538139
15.30120000,-0.0100564293766073
15.30420000,-0.0115729580580328
15.30820000,-0.0134692713834695
15.31220000,-0.0156326544224238
15.31620000,-0.0177884969404673
15.32020000,-0.0200673515839919
15.32420000,-0.0223829816066763
15.32820000,-0.0247282027536034
15.33220000,-0.0270847944017073
15.33620000,-0.0293487070236436
15.34020000,-0.0316529382533019
15.34420000,-0.0337020625158035
15.34720000,-0.0353642772847072
15.35120000,-0.0371870503916124
15.35520000,-0.0390336570160759
15.35920000,-0.0406229627023895
15.36320000,-0.0421066846175432
15.36720000,-0.0434362709399609
15.37120000,-0.0446195310751853
15.37520000,-0.0456795493299351
15.37920000,-0.0465908514467287
15.38320000,-0.0474231247153524
15.38720000,-0.0481012903823274
15.39020000,-0.0485920710049760
15.39420000,-0.0490458039084718
15.39820000,-0.0494258072862380
15.40220000,-0.0496523514492627
15.40620000,-0.0497743909972290
15.41020000,-0.0497639281882736
15.41420000,-0.0496098905871366
15.41820000,-0.0493294930671852
15.42220000,-0.0488628710486323
15.42620000,-0.0483158779581155
15.42920000,-0.0477251716852244
15.43320000,-0.0468653875600685
15.43720000,-0.0457748812097136
15.44120000,-0.0445730231776068
15.44520000,-0.0431971877958424
15.44920000,-0.0416930343419173
15.45320000,-0.0400328944797312
15.45720000,-0.0382104139664405
15.46120000,-0.0363002145474094
15.46520000,-0.0341382909796008
15.46920000,-0.0320462338390430
15.47220000,-0.0301527851693158
15.47620000,-0.0277782278850748
15.48020000,-0.0250529961690017
15.48420000,-0.0223116541707177
15.48820000,-0.0193586537731320
15.49220000,-0.0162861865576603
15.49620000,-0.0130706117129780
15.50020000,-0.0097188683018869
15.50420000,-0.0063882352824605
15.50820000,-0.0028644430816521
15.51220000,0.0003524939856109
15.51520000,0.0030605458158234
15.51920000,0.0062339094450782
15.52320000,0.0097004609442980
15.52720000,0.0131070235460503
15.53120000,0.0167223397184986
15.53520000,0.0205717167829240
15.53920000,0.0246733533784312
15.54320000,0.0289260917983795
15.54720000,0.0335631553495719
15.55120000,0.0379126567035376
15.55420000,0.0416046067167966
15.55820000,0.0458419395002228
15.56220000,0.0502713492179381
15.56620000,0.0541950660348076
15.57020000,0.0579128347453143
15.57420000,0.0612748524262019
15.57820000,0.0642914760753023
15.58220000,0.0670114404721843
15.58620000,0.0693597085420179
15.59020000,0.0715153575764357
15.59420000,0.0732746622511691
15.59720000,0.0745795132489961
15.60120000,0.0759130311600906
15.60520000,0.0771949713156351
15.60920000,0.0782280995969549
15.61320000,0.0791487016024262
15.61720000,0.0799300911469278
15.62120000,0.0805692607149815
15.62520000,0.0810752630383653
15.62920000,0.0814303324456933
15.63320000,0.0816473273446261
15.63720000,0.0817295513096483
15.64020000,0.0816768372673131
15.64420000,0.0814683664652023
15.64820000,0.0811108011190910
15.65220000,0.0806122409251673
15.65620000,0.0799926109340640
15.66020000,0.0792475563951931
15.66420000,0.0783822611140800
15.66820000,0.0774355887075724
15.67220000,0.0763421988105051
15.67620000,0.0752747447321817
15.67920000,0.0743086589179395
15.68320000,0.0731111848292471
15.68720000,0.0717500014983341
15.69120000,0.0703986517515693
15.69520000,0.0689615476148597
15.69920000,0.0674810576694360
15.70320000,0.0659214361258717
15.70720000,0.0642596962851144
15.71120000,0.0625547743742154
15.71520000,0.0606558050647649
15.71920000,0.0588333822288961
15.72220000,0.0571964055040374
15.72620000,0.0551770914000767
15.73020000,0.0529032008076532
15.73420000,0.0506748415445116
15.73820000,0.0483482755149339
15.74220000,0.0460070327711627
15.74620000,0.0436416353423653
15.75020000,0.0412525740034560
15.75420000,0.0389404084031203
15.75820000,0.0365416705926611
15.76220000,0.0343692230991875
15.76520000,0.0325453892757281
15.76920000,0.0304311438065466
15.77320000,0.0281680380367373
15.77720000,0.0260384404363023
15.78120000,0.0238913072691272
15.78520000,0.0217452544512665
15.78920000,0.0195970895137189
15.79320000,0.0174801456494675
15.79720000,0.0152698689152077
15.80120000,0.0132364516652086
15.80420000,0.0115132415702585
15.80820000,0.0095104958571659
15.81220000,0.0073833080392291
15.81620000,0.0054615278311183
15.82020000,0.0036292242895215
15.82420000,0.0019789374907244
15.82820000,0.0005497938554202
15.83220000,-0.0006409100015999
15.83620000,-0.0015417084297417
15.84020000,-0.0021768917414983
15.84420000,-0.0025364279851536
15.84720000,-0.0026418998259776
15.85120000,-0.0025639784653931
15.85520000,-0.0023290351598305
15.85920000,-0.0019668371730402
15.86320000,-0.0015368314757221
15.86720000,-0.0010830659145021
15.87120000,-0.0006322962483426
15.87520000,-0.0002047253129400
15.87920000,0.0001803201338030
15.88320000,0.0005325207758811
15.88720000,0.0008210950865295
15.89020000,0.0010492439547039
15.89420000,0.0013157121698577
15.89820000,0.0016230247760586
15.90220000,0.0019513014947147
15.90620000,0.0023244698638927
15.91020000,0.0027506025465563
15.91420000,0.0032315027346658
15.91820000,0.0037444855545261
15.92220000,0.0042920983810345
15.92620000,0.0047856675435416
15.92920000,0.0051796139911279
15.93320000,0.0055965239026655
15.93720000,0.0060025085536901
15.94120000,0.0063249595488933
15.94520000,0.0065913667868886
15.94920000,0.0067946336065124
15.95320000,0.0069492400647331
15.95720000,0.0070731056382328
15.96120000,0.0071672342959074
15.96520000,0.0072457968085601
15.96920000,0.0073125315634512
15.97220000,0.0073831594601210
15.97620000,0.0074895592044697
15.98020000,0.0076335623654801
15.98420000,0.0078054755808009
15.98820000,0.0080156539761944
15.99220000,0.0082654710889566
15.99620000,0.0085624455462001
16.00020000,0.0089007162354008
16.00420000,0.0092577248841401
16.00820000,0.0096589927462153
16.01220000,0.0100510545691776
16.01520000,0.0104154466324444
16.01920000,0.0108713006777390
16.02320000,0.0113870421087006
16.02720000,0.0119135828370419
16.03120000,0.0124828379974289
16.03520000,0.0131030656858006
16.03920000,0.0137747495735663
16.04320000,0.0144755915536761
16.04720000,0.0152522228857160
16.05120000,0.0160003665795995
16.05420000,0.0166711073031380
16.05820000,0.0174787610715438
16.06220000,0.0183577644388916
16.06620000,0.0191812623964285
16.07020000,0.0199981847921679
16.07420000,0.0207787323211207
16.07820000,0.0215104751741842
16.08220000,0.0221791776155738
16.08620000,0.0227498946237218
16.09020000,0.0232355677222628
16.09420000,0.0235961638249252
16.09720000,0.0238121209137988
16.10120000,0.0239356900352893
16.10520000,0.0239377527899787
16.10920000,0.0237882856861269
16.11320000,0.0234927828776805
16.11720000,0.0230561689799287
16.12120000,0.0224494076054637
16.12520000,0.0216621140000344
16.12920000,0.0207272007083374
16.13320000,0.0195437906236022
16.13720000,0.0183168571117849
16.14020000,0.0171277474927135
16.14420000,0.0155469191794682
16.14820000,0.0136790390253131
16.15220000,0.0117319626792477
16.15620000,0.0096519716736438
16.16020000,0.0074751909785309
16.16420000,0.0052257553488383
16.16820000,0.0029720146215234
16.17220000,0.0005816372694466
16.17620000,-0.0016341886874028
16.17920000,-0.0035641210454239
16.18320000,-0.0059567209243324
16.18720000,-0.0087547400410768
16.19120000,-0.0116804659843804
16.19520000,-0.0149831343519959
16.19920000,-0.0185782524010858
16.20320000,-0.0225006107698366
16.20720000,-0.0267248616916900
16.21120000,-0.0310335876665269
16.21520000,-0.0356469356022668
16.21920000,-0.0398677472132854
16.22220000,-0.0433557845709943
16.22620000,-0.0472498253446419
16.23020000,-0.0512290897444117
16.23420000,-0.0546560777925139
16.23820000,-0.0578261682876520
16.24220000,-0.0606277152098030
16.24620000,-0.0630896071113128
16.25020000,-0.0652735287751234
16.25420000,-0.0671216119422746
16.25820000,-0.0687693532025457
16.26220000,-0.0700724477893680
16.26520000,-0.0709942960322957
16.26920000,-0.0718719755362246
16.27320000,-0.0726408482883808
16.27720000,-0.0731493174744817
16.28120000,-0.0734981296609582
16.28520000,-0.0736710053396047
16.28920000,-0.0736770410398119
16.29320000,-0.0735442675828242
16.29720000,-0.0732296177878218
16.30120000,-0.0728282026254231
16.30420000,-0.0723840506462081
16.30820000,-0.0717548589118212
16.31220000,-0.0709686460412838
16.31620000,-0.0701027034657884
16.32020000,-0.0691174138891862
16.32420000,-0.0680537166048728
16.32820000,-0.0669051957593362
16.33220000,-0.0656683722071593
16.33620000,-0.0643874507338524
16.34020000,-0.0629689337849864
16.34420000,-0.0616259283985270
16.34720000,-0.0604536319069701
16.35120000,-0.0590468426008756
16.35520000,-0.0574869773146963
16.35920000,-0.0559823116387789
16.36320000,-0.0544277256842695
16.36720000,-0.0528812981869443
16.37120000,-0.0513172998481111
16.37520000,-0.0497079187278474
16.37920000,-0.0481045529321113
16.38320000,-0.0463640539317502
16.38720000,-0.0447278692724047
16.39020000,-0.0432848959708950
16.39420000,-0.0415174151409721
16.39820000,-0.0395368985362044
16.40220000,-0.0375717587309956
16.40620000,-0.0355260029694625
16.41020000,-0.0334155885376987
16.41420000,-0.0312369998076704
16.41820000,-0.0290315741806451
16.42220000,-0.0266513920823101
16.42620000,-0.0244111115364911
16.42920000,-0.0224494255486870
16.43320000,-0.0200645955235198
16.43720000,-0.0173897779506897
16.44120000,-0.0147729883156662
16.44520000,-0.0120461859261238
16.44920000,-0.0093141528039521
16.45320000,-0.0065846820875449
16.45720000,-0.0038755980358990
16.46120000,-0.0013191869057951
16.46520000,0.0011849633283051
16.46920000,0.0033114383042095
16.47220000,0.0049242210185961
16.47620000,0.0065860832729393
16.48020000,0.0081944388143885
16.48420000,0.0095078932622601
16.48820000,0.0107166758764679
16.49220000,0.0118124326494063
16.49620000,0.0128344908211214
16.50020000,0.0138141113568841
16.50420000,0.0147077634467924
16.50820000,0.0155571461191396
16.51220000,0.0162528826949790
16.51520000,0.0167375203627527
16.51920000,0.0171530303038152
16.52320000,0.0174392924047405
16.52720000,0.0174903835585710
16.53120000,0.0173626452887842
16.53520000,0.0170345235473999
16.53920000,0.0165072760340562
16.54320000,0.0158142555537886
16.54720000,0.0148637491431402
16.55120000,0.0138379028470092
16.55420000,0.0128244010240599
16.55820000,0.0114948377272875
16.56220000,0.0099374729719451
16.56620000,0.0083500776600687
16.57020000,0.0066802418294261
16.57420000,0.0050187638441016
16.57820000,0.0034013855956765
16.58220000,0.0018526099090868
16.58620000,0.0004401267997453
16.59020000,-0.0008971398121630
16.59420000,-0.0020120233463513
16.59720000,-0.0028691197941352
16.60120000,-0.0038079714304421
16.60520000,-0.0048248101108262
16.60920000,-0.0058205883527913
16.61320000,-0.0069070924326829
16.61720000,-0.0080627677010650
16.62120000,-0.0093080810148015
16.62520000,-0.0106458058106326
16.62920000,-0.0120057204184867
16.63320000,-0.0134470430478216
16.63720000,-0.0147517567171404
16.64020000,-0.0158196282739689
16.64420000,-0.0169998476156380
16.64820000,-0.0182022611404515
16.65220000,-0.0192455099120427
16.65620000,-0.0202129499284435
16.66020000,-0.0210867710237898
16.66420000,-0.0218798824754829
16.66820000,-0.0226007704211232
16.67220000,-0.0232699803500977
16.67620000,-0.0238288246970448
16.67920000,-0.0242505316770244
16.68320000,-0.0246868748651035
16.68720000,-0.0251126366932721
16.69120000,-0.0254543487641267
16.69520000,-0.0257336591973509
16.69920000,-0.0259361259662294
16.70320000,-0.0260567241116243
16.70720000,-0.0260962952131217
16.71120000,-0.0260471077617256
16.71520000,-0.0258716064736207
16.71920000,-0.0256163645984681
16.72220000,-0.0253094788496989
16.72620000,-0.0248385195898693
16.73020000,-0.0242187286257630
16.73420000,-0.0235037433625402
16.73820000,-0.0226482155480596
16.74220000,-0.0216846038646816
16.74620000,-0.0205957910189589
16.75020000,-0.0193705139704496
16.75420000,-0.0180467380466854
16.75820000,-0.0164847451960845
16.76220000,-0.0149311648120375
16.76520000,-0.0134922746321701
16.76920000,-0.0116589167422970
16.77320000,-0.0095520874005409
16.77720000,-0.0074208366072884
16.78120000,-0.0052021077581564
16.78520000,-0.0029597555793029
16.78920000,-0.0007260153075846
16.79320000,0.0014528516346714
16.79720000,0.0037408738040074
16.80120000,0.0058740883544004
16.80420000,0.0077680620643485
16.80820000,0.0101671622086921
16.81220000,0.0130121352687610
16.81620000,0.0160144347227600
16.82020000,0.0193750423756696
16.82420000,0.0229645173785662
16.82820000,0.0267640027307199
16.83220000,0.0307254672392679
16.83620000,0.0346512766280484
16.84020000,0.0387279513444894
16.84420000,0.0423709735609218
16.84720000,0.0453108370187771
16.85120000,0.0485419574358928
16.85520000,0.0518365271561555
16.85920000,0.0546883090592239
16.86320000,0.0573584614851400
16.86720000,0.0597502258575468
16.87120000,0.0618903946537765
16.87520000,0.0638354812494628
16.87920000,0.0655317214840806
16.88320000,0.0670922413550639
16.88720000,0.0683551376352136
16.89020000,0.0692690152842420
16.89420000,0.0701626711527571
16.89820000,0.0709685833943768
16.90220000,0.0715190405682766
16.90620000,0.0718956446313619
16.91020000,0.0720665010019661
16.91420000,0.0720394833160598
16.91820000,0.0718472997703854
16.92220000,0.0714161482910204
16.92620000,0.0708539006163564
16.92920000,0.0702059262501864
16.93320000,0.0692595131400005
16.93720000,0.0680644669222328
16.94120000,0.0667381940592173
16.94520000,0.0652167758197851
16.94920000,0.0635611335888144
16.95320000,0.0617762465732725
16.95720000,0.0598771259043093
16.96120000,0.0579375221883482
16.96520000,0.0558102326051199
16.96920000,0.0538030561303506
16.97220000,0.0520589058805162
16.97620000,0.0499798083332580
16.98020000,0.0476808616137959
16.98420000,0.0454504546398539
16.98820000,0.0431128765426639
16.99220000,0.0407541834906264
16.99620000,0.0383542335624208
17.00020000,0.0358893619868425
17.00420000,0.0334425891472439
17.00820000,0.0308149344133892
17.01220000,0.0283760324388666
17.01520000,0.0262789656351694
17.01920000,0.0237837556879828
17.02320000,0.0210382820803498
17.02720000,0.0183704606135072
17.03120000,0.0156343611755465
17.03520000,0.0128918253222129
17.03920000,0.0101668507277755
17.04320000,0.0075119863860217
17.04720000,0.0048203538031380
17.05120000,0.0024332278421649
17.05420000,0.0005454377624321
17.05820000,-0.0014696444856751
17.06220000,-0.0034639053733134
17.06620000,-0.0051196124606219
17.07020000,-0.0066335886691102
17.07420000,-0.0079719977749199
17.07820000,-0.0092025157161834
17.08220000,-0.0104101425577834
17.08620000,-0.0115864619573397
17.09020000,-0.0128518510986734
17.09420000,-0.0140191469121324
17.09720000,-0.0149914918682660
17.10120000,-0.0160735109445858
17.10520000,-0.0171470576273803
17.10920000,-0.0180008540342334
17.11320000,-0.0186595953786100
17.11720000,-0.0190669341264044
17.12120000,-0.0191939462243404
17.12520000,-0.0190509800377726
17.12920000,-0.0186562741533364
17.13320000,-0.0179520960823159
17.13720000,-0.0171023492463227
17.14020000,-0.0162079899339551
17.14420000,-0.0150089852814438
17.14820000,-0.0136055331851741
17.15220000,-0.0121558802618176
17.15620000,-0.0106206375140087
17.16020000,-0.0090426127183225
17.16420000,-0.0074569592475493
17.16820000,-0.0059157433424709
17.17220000,-0.0043636127331124
17.17620000,-0.0029959596761966
17.17920000,-0.0019236438917664
17.18320000,-0.0008059750644991
17.18720000,0.0002707649358357
17.19120000,0.0011364301974372
17.19520000,0.0019148940239127
17.19920000,0.0025952551769599
17.20320000,0.0032251827856910
17.20720000,0.0038634974586864
17.21120000,0.0045217850750907
17.21520000,0.0053122690805311
17.21920000,0.0061151290310946
17.22220000,0.0068672886978274
17.22620000,0.0078117851829306
17.23020000,0.0088724426956443
17.23420000,0.0098990286082892
17.23820000,0.0109387136434174
17.24220000,0.0119358187773560
17.24620000,0.0128856813579514
17.25020000,0.0137993040757158
17.25420000,0.0146551208065377
17.25820000,0.0155268012927786
17.26220000,0.0162969982623879
17.26520000,0.0169224193891204
17.26920000,0.0176514587996968
17.27320000,0.0184425126902071
17.27720000,0.0191881052455067
17.28120000,0.0199296361076343
17.28520000,0.0206372733945961
17.28920000,0.0213013589456561
17.29320000,0.0219130262938331
17.29720000,0.0224958017776146
17.30120000,0.0229705423688239
17.30420000,0.0232938431338882
17.30820000,0.0236160256386349
17.31220000,0.0239097791761834
17.31620000,0.0241056937916462
17.32020000,0.0242295313116631
17.32420000,0.0242614840544065
17.32820000,0.0241911605076071
17.33220000,0.0240251168862850
17.33620000,0.0237681955639649
17.34020000,0.0233832339607100
17.34420000,0.0229211946436052
17.34720000,0.0224074712893476
17.35120000,0.0217152180686459
17.35520000,0.0208731773562298
17.35920000,0.0199472128006554
17.36320000,0.0188832547573220
17.36720000,0.0177106366840728
17.37120000,0.0164179851378944
17.37520000,0.0150085799866480
17.37920000,0.0135323853138817
17.38320000,0.0118560561833336
17.38720000,0.0102256138301702
17.39020000,0.0087570398044706
17.39420000,0.0069867232629480
17.39820000,0.0050553631562571
17.40220000,0.0031984491842005
17.40620000,0.0013384952454662
17.41020000,-0.0004937343431374
17.41420000,-0.0022999835558853
17.41820000,-0.0040717585471523
17.42220000,-0.0060038314836556
17.42620000,-0.0078639801573063
17.42920000,-0.0095659783454044
17.43320000,-0.0117581554485371
17.43720000,-0.0143127717367029
17.44120000,-0.0169080430928512
17.44520000,-0.0196761473615619
17.44920000,-0.0224745646793137
17.45320000,-0.0252518537501242
17.45720000,-0.0279557857881155
17.46120000,-0.0304491006153174
17.46520000,-0.0328668002413146
17.46920000,-0.0348606641808490
17.47220000,-0.0362904123899664
17.47620000,-0.0377858065694417
17.48020000,-0.0392226238932666
17.48420000,-0.0403228606615555
17.48820000,-0.0412612020438104
17.49220000,-0.0419921588356785
17.49620000,-0.0425312802985595
17.50020000,-0.0429160650983419
17.50420000,-0.0431328394662928
17.50820000,-0.0432341949413143
17.51220000,-0.0431677560878930
17.51520000,-0.0429200737423702
17.51920000,-0.0425991530781216
17.52320000,-0.0421931317575604
17.52720000,-0.0416515879396372
17.53120000,-0.0410049029033690
17.53520000,-0.0402308023975519
17.53920000,-0.0393292116899110
17.54320000,-0.0383287678184790
17.54720000,-0.0371713123611280
17.55120000,-0.0359777651457166
17.55420000,-0.0348009423333393
17.55820000,-0.0334240357966602
17.56220000,-0.0319166474004559
17.56620000,-0.0304114978291475
17.57020000,-0.0288564130831323
17.57420000,-0.0272956670415363
17.57820000,-0.0257281759785417
17.58220000,-0.0241593668769934
17.58620000,-0.0226358159366971
17.59020000,-0.0210696394390461
17.59420000,-0.0196247593334596
17.59720000,-0.0183646505675125
17.60120000,-0.0169638709714419
17.60520000,-0.0154950341672237
17.60920000,-0.0141124370160942
17.61320000,-0.0127214140934330
17.61720000,-0.0113594545934921
17.62120000,-0.0100147877515402
17.62520000,-0.0086797932281100
17.62920000,-0.0073965320835321
17.63320000,-0.0060755552890163
17.63720000,-0.0048838440698854
17.64020000,-0.0038906475208023
17.64420000,-0.0027929553896223
17.64820000,-0.0016777762958905
17.65220000,-0.0006987442970484
17.65620000,0.0002031559781483
17.66020000,0.0009985521506383
17.66420000,0.0016844614106801
17.66820000,0.0022665191741177
17.67220000,0.0027871147977878
17.67620000,0.0032067329923748
17.67920000,0.0035148959654822
17.68320000,0.0038608866000862
17.68720000,0.0042238628654691
17.69120000,0.0045454901761170
17.69520000,0.0048576387792460
17.69920000,0.0051391841484337
17.70320000,0.0053800230031066
17.70720000,0.0055741855120281
17.71120000,0.0057080379981178
17.71520000,0.0057895533343017
17.71920000,0.0057991268020924
17.72220000,0.0057316214537693
17.72620000,0.0056220661466994
17.73020000,0.0054702739776404
17.73420000,0.0052722029697691
17.73820000,0.0050419591277999
17.74220000,0.0047865732892758
17.74620000,0.0045113384915599
17.75020000,0.0042253897464727
17.75420000,0.0039397149033317
17.75820000,0.0036462333740557
17.76220000,0.0033711203074286
17.76520000,0.0031239435792218
17.76920000,0.0028577704231776
17.77320000,0.0025863167678235
17.77720000,0.0023300850355187
17.78120000,0.0020790411802560
17.78520000,0.0018342198546376
17.78920000,0.0015964565072686
17.79320000,0.0013703217263845
17.79720000,0.0011457193365917
17.80120000,0.0009453937478427
17.80420000,0.0007781840369176
17.80820000,0.0006004042093375
17.81220000,0.0004260698827920
17.81620000,0.0002783688405892
17.82020000,0.0001478084344020
17.82420000,0.0000390129456520
17.82820000,-0.0000485964313294
17.83220000,-0.0001172214390670
17.83620000,-0.0001671630424135
17.84020000,-0.0002062344441293
17.84420000,-0.0002331917626498
17.84720000,-0.0002502463660163
17.85120000,-0.0002700288454561
17.85520000,-0.0002915549451542
17.85920000,-0.0003113047785488
17.86320000,-0.0003322215660689
17.86720000,-0.0003523738713724
17.87120000,-0.0003708350186164
17.87520000,-0.0003864587753302
17.87920000,-0.0003973149781628
17.88320000,-0.0004059572190489
17.88720000,-0.0004076165183331
17.89020000,-0.0004011640606658
17.89420000,-0.0003952213303880
17.89820000,-0.0003877249813741
17.90220000,-0.0003757429384106
17.90620000,-0.0003613119960595
17.91020000,-0.0003441617945031
17.91420000,-0.0003244902525559
17.91820000,-0.0003026666356144
17.92220000,-0.0002796481470056
17.92620000,-0.0002550579422246
17.92920000,-0.0002291191502689
17.93320000,-0.0002039189729239
17.93720000,-0.0001793360735820
17.94120000,-0.0001551910454242
17.94520000,-0.0001321476233157
17.94920000,-0.0001103865740890
17.95320000,-0.0000900848274355
17.95720000,-0.0000714844129858
17.96120000,-0.0000548177767580
17.96520000,-0.0000402073081968
17.96920000,-0.0000279005307551
17.97220000,-0.0000179597332534
17.97620000,-0.0000103154219627
17.98020000,-0.0000050327461948
17.98420000,-0.0000020333426912
17.98820000,-0.0000000000000000
