Velocity, Vel [m/s]
4515,0
0.00000000,0.0000000000000000
0.00390000,-0.0001061422707311
0.00780000,-0.0001032407781808
0.01170000,-0.0000979365418098
0.01560000,-0.0000900865513517
0.01950000,-0.0000796322009695
0.02340000,-0.0000664795541859
0.02730000,-0.0000504515140738
0.03120000,-0.0000312540141105
0.03520000,-0.0000085631620697
0.03910000,0.0000177733824290
0.04300000,0.0000477945377685
0.04690000,0.0000814097020400
0.05080000,0.0001184214675380
0.05470000,0.0001588747743066
0.05860000,0.0002032432413098
0.06250000,0.0002525627633115
0.06640000,0.0003084553607241
0.07030000,0.0003729165557415
0.07420000,0.0004478594845455
0.07810000,0.0005343053221636
0.08200000,0.0006314959313395
0.08590000,0.0007363017281502
0.08980000,0.0008432194022169
0.09370000,0.0009449222990769
0.09770000,0.0010332147621243
0.10160000,0.0011002848762025
0.10550000,0.0011402009581072
0.10940000,0.0011505892902881
0.11330000,0.0011338714203041
0.11720000,0.0010972828993079
0.12110000,0.0010516645471653
0.12500000,0.0010095119891312
0.12890000,0.0009828724763923
0.13280000,0.0009814279003529
0.13670000,0.0010099357953740
0.14060000,0.0010662997853388
0.14450000,0.0011400754204646
0.14840000,0.0012131555807761
0.15230000,0.0012640788824205
0.15620000,0.0012685795364320
0.16020000,0.0012067446034132
0.16410000,0.0010705653348146
0.16800000,0.0008583981027442
0.17190000,0.0005794458695064
0.17580000,0.0002568085052816
0.17970000,-0.0000810753477937
0.18360000,-0.0004046231249542
0.18750000,-0.0006887326084338
0.19140000,-0.0009172910988362
0.19530000,-0.0010845958924961
0.19920000,-0.0011981768540774
0.20310000,-0.0012775804605232
0.20700000,-0.0013526440728325
0.21090000,-0.0014588432534223
0.21480000,-0.0016278789896410
0.21870000,-0.0018913555675003
0.22270000,-0.0022685991036177
0.22660000,-0.0027540639000625
0.23050000,-0.0033360796611241
0.23440000,-0.0039894294968403
0.23830000,-0.0046692454761525
0.24220000,-0.0053275926800244
0.24610000,-0.0059161897904730
0.25000000,-0.0063923623935207
0.25390000,-0.0067249858666757
0.25780000,-0.0068983147855102
0.26170000,-0.0069169259048357
0.26560000,-0.0068065104575275
0.26950000,-0.0066092794886829
0.27340000,-0.0063759414041013
0.27730000,-0.0061599426816092
0.28120000,-0.0060042058060878
0.28520000,-0.0059391398675446
0.28910000,-0.0059813894037531
0.29300000,-0.0061156660502729
0.29690000,-0.0063032142266381
0.30080000,-0.0064984029960899
0.30470000,-0.0066544745432730
0.30860000,-0.0067363708159941
0.31250000,-0.0067264495157082
0.31640000,-0.0066264929137336
0.32030000,-0.0064586128031538
0.32420000,-0.0062598790156937
0.32810000,-0.0060727331313995
0.33200000,-0.0059325612396555
0.33590000,-0.0058593001469016
0.33980000,-0.0058566840666838
0.34370000,-0.0059166176345172
0.34770000,-0.0060247649321907
0.35160000,-0.0061649110519572
0.35550000,-0.0063232768369347
0.35940000,-0.0064946722910660
0.36330000,-0.0066865557458473
0.36720000,-0.0069166248756481
0.37110000,-0.0072046950255200
0.37500000,-0.0075641619825806
0.37890000,-0.0079984567951833
0.38280000,-0.0085014623759005
0.38670000,-0.0090606056985387
0.39060000,-0.0096568989647236
0.39450000,-0.0102685610611010
0.39840000,-0.0108771568369747
0.40230000,-0.0114698228172694
0.40620000,-0.0120536358374252
0.41020000,-0.0126403908605947
0.41410000,-0.0132264991638763
0.41800000,-0.0138120791234152
0.42190000,-0.0143877152608036
0.42580000,-0.0149228166392544
0.42970000,-0.0153795143180299
0.43360000,-0.0157129419128294
0.43750000,-0.0158820705174410
0.44140000,-0.0158629840634120
0.44530000,-0.0156561000912770
0.44920000,-0.0152826908376298
0.45310000,-0.0147781445719598
0.45700000,-0.0141788945575930
0.46090000,-0.0135130958458325
0.46480000,-0.0128062433609920
0.46870000,-0.0120490149166357
0.47270000,-0.0112247217315694
0.47660000,-0.0103437742694275
0.48050000,-0.0093897167842241
0.48440000,-0.0083540673234671
0.48830000,-0.0072681332771237
0.49220000,-0.0061691384067332
0.49610000,-0.0051066480097133
0.50000000,-0.0041353158740990
0.50390000,-0.0033026392233045
0.50780000,-0.0026410314685204
0.51170000,-0.0021504979826560
0.51560000,-0.0017989441128773
0.51950000,-0.0015284151336988
0.52340000,-0.0012690301670244
0.52730000,-0.0009585121731663
0.53120000,-0.0005334786066555
0.53520000,0.0000447881482607
0.53910000,0.0007644393409046
0.54300000,0.0015985938055870
0.54690000,0.0024971337709532
0.55080000,0.0033845691045579
0.55470000,0.0041929796327136
0.55860000,0.0048629877897926
0.56250000,0.0053490835808771
0.56640000,0.0056286335096216
0.57030000,0.0057070344890066
0.57420000,0.0056263827971788
0.57810000,0.0054570844933721
0.58200000,0.0052891059250463
0.58590000,0.0052222053686292
0.58980000,0.0053500513260634
0.59370000,0.0057750134985413
0.59770000,0.0065721502838059
0.60160000,0.0077512514707337
0.60550000,0.0092996528333948
0.60940000,0.0111676388136517
0.61330000,0.0132586449064997
0.61720000,0.0154626323479919
0.62110000,0.0176539649197869
0.62500000,0.0197032805498069
0.62890000,0.0214972906466328
0.63280000,0.0229539945274978
0.63670000,0.0240332904051400
0.64060000,0.0247357957249049
0.64450000,0.0250973077916239
0.64840000,0.0251837356633092
0.65230000,0.0250874296020618
0.65620000,0.0249018707086720
0.66020000,0.0247073494390472
0.66410000,0.0245581571297419
0.66800000,0.0244494296060946
0.67190000,0.0243254064720651
0.67580000,0.0240951751795930
0.67970000,0.0236304067193834
0.68360000,0.0227861853264977
0.68750000,0.0214273780544224
0.69140000,0.0194545045564638
0.69530000,0.0168314748916507
0.69920000,0.0135767755778417
0.70310000,0.0097750484739552
0.70700000,0.0055556901002767
0.71090000,0.0010743824551147
0.71480000,-0.0034591736884100
0.71870000,-0.0079410027429503
0.72270000,-0.0122777244371483
0.72660000,-0.0162799528079827
0.73050000,-0.0199464478434249
0.73440000,-0.0233422751309742
0.73830000,-0.0264700341210509
0.74220000,-0.0293969612871720
0.74610000,-0.0321919644696858
0.75000000,-0.0349126182050172
0.75390000,-0.0376022006744814
0.75780000,-0.0402647941278309
0.76170000,-0.0428861623612644
0.76560000,-0.0454282586534097
0.76950000,-0.0478358737612542
0.77340000,-0.0500394418336595
0.77730000,-0.0519533162797727
0.78120000,-0.0535275322333904
0.78520000,-0.0547320210698942
0.78910000,-0.0555313944864123
0.79300000,-0.0559513557291062
0.79690000,-0.0560489001879283
0.80080000,-0.0558835998389606
0.80470000,-0.0555450902643889
0.80860000,-0.0551249864547744
0.81250000,-0.0546972164950655
0.81640000,-0.0543070735095735
0.82030000,-0.0539679537444772
0.82420000,-0.0536678089312098
0.82810000,-0.0533750652782626
0.83200000,-0.0530405309989939
0.83590000,-0.0526079389967106
0.83980000,-0.0520450152801853
0.84370000,-0.0513347344640375
0.84770000,-0.0505054312960453
0.85160000,-0.0496461393756091
0.85550000,-0.0488330429021494
0.85940000,-0.0481440135142699
0.86330000,-0.0476741429799734
0.86720000,-0.0474925458095503
0.87110000,-0.0476356245894910
0.87500000,-0.0480986498348976
0.87890000,-0.0488417640398799
0.88280000,-0.0498079292873150
0.88670000,-0.0509361474556014
0.89060000,-0.0521611617176039
0.89450000,-0.0534148835317828
0.89840000,-0.0546353549317998
0.90230000,-0.0557621142588841
0.90620000,-0.0567555427020970
0.91020000,-0.0575616355846808
0.91410000,-0.0580795897529957
0.91800000,-0.0582150452501069
0.92190000,-0.0578697880326900
0.92580000,-0.0569324609579340
0.92970000,-0.0553122475636418
0.93360000,-0.0529427637812165
0.93750000,-0.0498029964699135
0.94140000,-0.0459393231576312
0.94530000,-0.0414761564493808
0.94920000,-0.0366042214020421
0.95310000,-0.0315698268970211
0.95700000,-0.0266466194133195
0.96090000,-0.0221070115337214
0.96480000,-0.0182141892936987
0.96870000,-0.0151076636446264
0.97270000,-0.0128252764396313
0.97660000,-0.0113361391546587
0.98050000,-0.0103788394815641
0.98440000,-0.0095379117000514
0.98830000,-0.0083445265420962
0.99220000,-0.0062588497921101
0.99610000,-0.0027746451752612
1.00000000,0.0024937817973438
1.00390000,0.0097409320042757
1.00780000,0.0188985517013271
1.01170000,0.0296495764969716
1.01560000,0.0414274170703236
1.01950000,0.0535004113614604
1.02340000,0.0650765493050212
1.02730000,0.0753470653827400
1.03120000,0.0837995550773886
1.03520000,0.0901280026232664
1.03910000,0.0941073499695248
1.04300000,0.0960173851943013
1.04690000,0.0964288414923230
1.05080000,0.0959468927380863
1.05470000,0.0953075670479328
1.05860000,0.0951927355617606
1.06250000,0.0961390042168253
1.06640000,0.0984911318652661
1.07030000,0.1023405710723769
1.07420000,0.1075640574449350
1.07810000,0.1138290720317836
1.08200000,0.1206675454288113
1.08590000,0.1275576125853754
1.08980000,0.1339562059414070
1.09370000,0.1395156265884111
1.09770000,0.1440059649171951
1.10160000,0.1472179427039081
1.10550000,0.1492673769125110
1.10940000,0.1504580462795785
1.11330000,0.1511147705345797
1.11720000,0.1516587155181710
1.12110000,0.1524781019680608
1.12500000,0.1538682729491934
1.12890000,0.1560085493239887
1.13280000,0.1589288343073605
1.13670000,0.1625390989267216
1.14060000,0.1666333050567932
1.14450000,0.1709395045094592
1.14840000,0.1751756666769710
1.15230000,0.1790678584391094
1.15620000,0.1824718211997747
1.16020000,0.1853009314707451
1.16410000,0.1874443290384767
1.16800000,0.1889471404804778
1.17190000,0.1899219491260662
1.17580000,0.1904479772988164
1.17970000,0.1906284564837293
1.18360000,0.1905326618062318
1.18750000,0.1901927038761463
1.19140000,0.1896224649746831
1.19530000,0.1888251602671810
1.19920000,0.1878122341250900
1.20310000,0.1866125553017387
1.20700000,0.1852811417149304
1.21090000,0.1839031290810823
1.21480000,0.1825938397356473
1.21870000,0.1814366385969024
1.22270000,0.1804657062592855
1.22660000,0.1796552406035996
1.23050000,0.1788355989234734
1.23440000,0.1777209462679830
1.23830000,0.1759592704826486
1.24220000,0.1731410864368710
1.24610000,0.1688768650584766
1.25000000,0.1628735834664915
1.25390000,0.1549931471509552
1.25780000,0.1453113147904620
1.26170000,0.1340855372202195
1.26560000,0.1217682836378088
1.26950000,0.1089189621966713
1.27340000,0.0961089110875571
1.27730000,0.0839423678624676
1.28120000,0.0726304699507408
1.28520000,0.0622041417124217
1.28910000,0.0527534737585094
1.29300000,0.0437318437361540
1.29690000,0.0342876947510485
1.30080000,0.0236647959931755
1.30470000,0.0110267165459579
1.30860000,-0.0042427296278048
1.31250000,-0.0224008715048678
1.31640000,-0.0433137053269840
1.32030000,-0.0664113671146080
1.32420000,-0.0908837603881930
1.32810000,-0.1157532985572251
1.33200000,-0.1400985114041726
1.33590000,-0.1632083206735486
1.33980000,-0.1844514588044555
1.34370000,-0.2038477609289865
1.34770000,-0.2215466476264160
1.35160000,-0.2373093136133609
1.35550000,-0.2516451421042267
1.35940000,-0.2652701618642928
1.36330000,-0.2785258890534559
1.36720000,-0.2918414483031215
1.37110000,-0.3054563032161655
1.37500000,-0.3194127049710525
1.37890000,-0.3336257035141195
1.38280000,-0.3478442944106466
1.38670000,-0.3617694217458803
1.39060000,-0.3750424262073285
1.39450000,-0.3873125975035940
1.39840000,-0.3982834055153939
1.40230000,-0.4076727064644700
1.40620000,-0.4154223767140804
1.41020000,-0.4215170282756736
1.41410000,-0.4257979182641047
1.41800000,-0.4283477414607972
1.42190000,-0.4293135034183581
1.42580000,-0.4287344424550941
1.42970000,-0.4267260092556655
1.43360000,-0.4234067150518644
1.43750000,-0.4188990254598128
1.44140000,-0.4133291953550102
1.44530000,-0.4068109565778721
1.44920000,-0.3994153486684591
1.45310000,-0.3912043355003066
1.45700000,-0.3821992447693178
1.46090000,-0.3723745719204035
1.46480000,-0.3618191825656959
1.46870000,-0.3503663249828760
1.47270000,-0.3379429993980831
1.47660000,-0.3248918249445426
1.48050000,-0.3111229364837151
1.48440000,-0.2964574394368356
1.48830000,-0.2810157778752951
1.49220000,-0.2648796130365063
1.49610000,-0.2482724692550687
1.50000000,-0.2315400272199022
1.50390000,-0.2150651075068534
1.50780000,-0.1992684263498649
1.51170000,-0.1844914578565507
1.51560000,-0.1710072676866646
1.51950000,-0.1589586022799900
1.52340000,-0.1483245724258446
1.52730000,-0.1390066446958352
1.53120000,-0.1305970554978026
1.53520000,-0.1226515649238056
1.53910000,-0.1149619008687345
1.54300000,-0.1070710743211620
1.54690000,-0.0985197983201453
1.55080000,-0.0890953547097239
1.55470000,-0.0786022700420942
1.55860000,-0.0669725577214907
1.56250000,-0.0542555447743321
1.56640000,-0.0405668806732428
1.57030000,-0.0261139866596756
1.57420000,-0.0111169781543091
1.57810000,0.0041384088295896
1.58200000,0.0193544136177736
1.58590000,0.0342538422493878
1.58980000,0.0484480372664723
1.59370000,0.0618326925165735
1.59770000,0.0742470429944398
1.60160000,0.0851634978142036
1.60550000,0.0945576650632511
1.60940000,0.1026003092150648
1.61330000,0.1093086936924080
1.61720000,0.1149061799682225
1.62110000,0.1196354233147432
1.62500000,0.1237334357750025
1.62890000,0.1274366776857322
1.63280000,0.1309056245516439
1.63670000,0.1342488228837067
1.64060000,0.1374903421350640
1.64450000,0.1405850135986624
1.64840000,0.1434320365092475
1.65230000,0.1458766735889913
1.65620000,0.1477734216551861
1.66020000,0.1489775853602547
1.66410000,0.1493454618092107
1.66800000,0.1488430076949286
1.67190000,0.1475219277980434
1.67580000,0.1454724194526630
1.67970000,0.1428316933199167
1.68360000,0.1397420052786299
1.68750000,0.1363337336274732
1.69140000,0.1327169341382552
1.69530000,0.1289761807378807
1.69920000,0.1251629784360971
1.70310000,0.1213140187653331
1.70700000,0.1174568283830776
1.71090000,0.1136217959996384
1.71480000,0.1098923341431080
1.71870000,0.1063064543570395
1.72270000,0.1029547748854717
1.72660000,0.1000724190870430
1.73050000,0.0978050998920488
1.73440000,0.0962768821298562
1.73830000,0.0956524044305423
1.74220000,0.0960060852685150
1.74610000,0.0973478097283994
1.75000000,0.0996181276564395
1.75390000,0.1026844136178714
1.75780000,0.1063564746731324
1.76170000,0.1104003901536081
1.76560000,0.1145633675812051
1.76950000,0.1186178641411247
1.77340000,0.1223981521947395
1.77730000,0.1257875994750160
1.78120000,0.1288072874447984
1.78520000,0.1315418630870549
1.78910000,0.1340616761477384
1.79300000,0.1365839153944486
1.79690000,0.1393639001264259
1.80080000,0.1425776383995996
1.80470000,0.1463794575636061
1.80860000,0.1508607537110079
1.81250000,0.1560511777322906
1.81640000,0.1619238966693496
1.82030000,0.1683705727037287
1.82420000,0.1752340594473329
1.82810000,0.1823092578868666
1.83200000,0.1893935667854518
1.83590000,0.1963123531174252
1.83980000,0.2028531491573177
1.84370000,0.2089265744069633
1.84770000,0.2144193593729266
1.85160000,0.2190686358083176
1.85550000,0.2228445943678757
1.85940000,0.2258105356104104
1.86330000,0.2279652764139892
1.86720000,0.2294095063674567
1.87110000,0.2302864836954021
1.87500000,0.2307863058069271
1.87890000,0.2311421764988218
1.88280000,0.2315700554973977
1.88670000,0.2322586262899900
1.89060000,0.2333301671092557
1.89450000,0.2348394200379344
1.89840000,0.2367698995500002
1.90230000,0.2390073060263079
1.90620000,0.2414278709432965
1.91020000,0.2438608066625224
1.91410000,0.2460582832877450
1.91800000,0.2478761308719455
1.92190000,0.2492288150553740
1.92580000,0.2500386910480917
1.92970000,0.2503174410080115
1.93360000,0.2501360191105396
1.93750000,0.2496053441311730
1.94140000,0.2488491717922910
1.94530000,0.2479694888934443
1.94920000,0.2470371683964172
1.95310000,0.2460938578517002
1.95700000,0.2451525069881226
1.96090000,0.2441974986028862
1.96480000,0.2432061320954419
1.96870000,0.2421215361768782
1.97270000,0.2409085358126251
1.97660000,0.2395999589250157
1.98050000,0.2382008991082375
1.98440000,0.2367147221479409
1.98830000,0.2351755774657158
1.99220000,0.2336020051923718
1.99610000,0.2320074076921006
2.00000000,0.2303861663285963
2.00390000,0.2286955135042536
2.00780000,0.2268694502297572
2.01170000,0.2248117596717513
2.01560000,0.2224336543213701
2.01950000,0.2196496984208173
2.02340000,0.2163807304285250
2.02730000,0.2126242912237889
2.03120000,0.2083105524077937
2.03520000,0.2034494276468394
2.03910000,0.1982588577214929
2.04300000,0.1928122331741041
2.04690000,0.1871613506903206
2.05080000,0.1814717658055544
2.05470000,0.1758561401198712
2.05860000,0.1704167968582500
2.06250000,0.1652193218017542
2.06640000,0.1602624400378046
2.07030000,0.1555110901848385
2.07420000,0.1508773660235005
2.07810000,0.1462675884764942
2.08200000,0.1415754692056577
2.08590000,0.1366917663652858
2.08980000,0.1315933329828702
2.09370000,0.1261678603873614
2.09770000,0.1203789265955740
2.10160000,0.1144109373795755
2.10550000,0.1082533106525504
2.10940000,0.1018543496997398
2.11330000,0.0952899128116302
2.11720000,0.0885718962074614
2.12110000,0.0817117829028910
2.12500000,0.0747079855680058
2.12890000,0.0675236341539313
2.13280000,0.0601341804444731
2.13670000,0.0524816712681047
2.14060000,0.0445237102709417
2.14450000,0.0361984026576278
2.14840000,0.0274227416042923
2.15230000,0.0182373269499799
2.15620000,0.0084983838227528
2.16020000,-0.0018184613281733
2.16410000,-0.0123384091409290
2.16800000,-0.0229962154232717
2.17190000,-0.0337572846376076
2.17580000,-0.0443344216123017
2.17970000,-0.0545400841113725
2.18360000,-0.0641925144383212
2.18750000,-0.0731479887445317
2.19140000,-0.0813387779209822
2.19530000,-0.0887223765827987
2.19920000,-0.0953183925690571
2.20310000,-0.1011707334847033
2.20700000,-0.1063514668202822
2.21090000,-0.1109482746245558
2.21480000,-0.1150104409535932
2.21870000,-0.1186555430302637
2.22270000,-0.1219699393438262
2.22660000,-0.1249133660127101
2.23050000,-0.1275470638913877
2.23440000,-0.1299391442081786
2.23830000,-0.1320737811937246
2.24220000,-0.1339680984477454
2.24610000,-0.1356358006120339
2.25000000,-0.1370896781280216
2.25390000,-0.1383490691742900
2.25780000,-0.1394270002405393
2.26170000,-0.1403378754478405
2.26560000,-0.1410860072886041
2.26950000,-0.1416551289744533
2.27340000,-0.1420032286764469
2.27730000,-0.1420774969687524
2.28120000,-0.1418198961883971
2.28520000,-0.1412003947064031
2.28910000,-0.1402447623908247
2.29300000,-0.1390122154770397
2.29690000,-0.1376177002737722
2.30080000,-0.1362450900888508
2.30470000,-0.1351156787912114
2.30860000,-0.1344595379217420
2.31250000,-0.1344767153855038
2.31640000,-0.1353092141724360
2.32030000,-0.1370188257978025
2.32420000,-0.1395888422131469
2.32810000,-0.1429074825092247
2.33200000,-0.1467928953140454
2.33590000,-0.1510275559092293
2.33980000,-0.1553468397214450
2.34370000,-0.1596006132899292
2.34770000,-0.1636623940732836
2.35160000,-0.1673358329489964
2.35550000,-0.1706432073203423
2.35940000,-0.1737129711927766
2.36330000,-0.1766428905793277
2.36720000,-0.1795962268204286
2.37110000,-0.1827194065989195
2.37500000,-0.1861260677128140
2.37890000,-0.1899048341298910
2.38280000,-0.1940914414130996
2.38670000,-0.1986934842322550
2.39060000,-0.2036607629197432
2.39450000,-0.2089110692244732
2.39840000,-0.2143516871951440
2.40230000,-0.2198282608914774
2.40620000,-0.2252946654408005
2.41020000,-0.2306572178292172
2.41410000,-0.2356312828415668
2.41800000,-0.2401135196615608
2.42190000,-0.2440538352230758
2.42580000,-0.2473190704315955
2.42970000,-0.2498730128905532
2.43360000,-0.2517266538747193
2.43750000,-0.2529528450780942
2.44140000,-0.2536945637260355
2.44530000,-0.2541142917597707
2.44920000,-0.2543776116418488
2.45310000,-0.2546174190927595
2.45700000,-0.2549349940151299
2.46090000,-0.2554035071501758
2.46480000,-0.2560522625482191
2.46870000,-0.2568830792813303
2.47270000,-0.2578364543978406
2.47660000,-0.2587762449517118
2.48050000,-0.2595706261367946
2.48440000,-0.2600889846569934
2.48830000,-0.2601920488714387
2.49220000,-0.2597717229620963
2.49610000,-0.2587575502555279
2.50000000,-0.2571342920125962
2.50390000,-0.2549480720222820
2.50780000,-0.2522959667276471
2.51170000,-0.2493019894752796
2.51560000,-0.2461107412006853
2.51950000,-0.2428711692492139
2.52340000,-0.2397208614466899
2.52730000,-0.2367946146900731
2.53120000,-0.2341230700532092
2.53520000,-0.2316943998288833
2.53910000,-0.2295294683137242
2.54300000,-0.2275246558977382
2.54690000,-0.2255351223716321
2.55080000,-0.2234621915905665
2.55470000,-0.2211944955281258
2.55860000,-0.2186632178354830
2.56250000,-0.2158569073331538
2.56640000,-0.2128139005075668
2.57030000,-0.2096222313597473
2.57420000,-0.2063883513776824
2.57810000,-0.2032338455380938
2.58200000,-0.2002727966242832
2.58590000,-0.1975905811552509
2.58980000,-0.1952492090483674
2.59370000,-0.1932179352125285
2.59770000,-0.1914368473587000
2.60160000,-0.1898849226972253
2.60550000,-0.1884598760548374
2.60940000,-0.1870410527553006
2.61330000,-0.1855576526589497
2.61720000,-0.1839475784207726
2.62110000,-0.1822000452364480
2.62500000,-0.1803612456477401
2.62890000,-0.1785227160548177
2.63280000,-0.1768116566485917
2.63670000,-0.1753749119007595
2.64060000,-0.1743595053984397
2.64450000,-0.1738942704514216
2.64840000,-0.1740656381107939
2.65230000,-0.1748780312744940
2.65620000,-0.1762999712045156
2.66020000,-0.1782269848165174
2.66410000,-0.1804521643292807
2.66800000,-0.1827940807018033
2.67190000,-0.1850706639360293
2.67580000,-0.1870780108063809
2.67970000,-0.1886726318114858
2.68360000,-0.1897750932707719
2.68750000,-0.1903811847574253
2.69140000,-0.1905646245745211
2.69530000,-0.1904576518237691
2.69920000,-0.1902459404620904
2.70310000,-0.1901336857438929
2.70700000,-0.1903142556877291
2.71090000,-0.1909359292758543
2.71480000,-0.1920568987610659
2.71870000,-0.1936935672900456
2.72270000,-0.1957732903630932
2.72660000,-0.1980930779643435
2.73050000,-0.2004508752394471
2.73440000,-0.2026217016555137
2.73830000,-0.2043443551409288
2.74220000,-0.2054096825904277
2.74610000,-0.2056624846702420
2.75000000,-0.2050116755342810
2.75390000,-0.2034329975327538
2.75780000,-0.2009712620499083
2.76170000,-0.1977215106542890
2.76560000,-0.1938297417632474
2.76950000,-0.1894459329153602
2.77340000,-0.1846871835362292
2.77730000,-0.1796907980376676
2.78120000,-0.1744300894339627
2.78520000,-0.1688779086590459
2.78910000,-0.1631599013245279
2.79300000,-0.1571594697412632
2.79690000,-0.1506906680394579
2.80080000,-0.1436949269567008
2.80470000,-0.1360820638882888
2.80860000,-0.1278128518684858
2.81250000,-0.1188931592679396
2.81640000,-0.1093485904643743
2.82030000,-0.0992684482834145
2.82420000,-0.0887384962360676
2.82810000,-0.0778757300403052
2.83200000,-0.0667549458496808
2.83590000,-0.0553721875561417
2.83980000,-0.0437977028558449
2.84370000,-0.0317928662749101
2.84770000,-0.0192020408011837
2.85160000,-0.0063294617373705
2.85550000,0.0068995973134678
2.85940000,0.0205652857363555
2.86330000,0.0343773527549514
2.86720000,0.0480960342921434
2.87110000,0.0614272504609166
2.87500000,0.0740932767405751
2.87890000,0.0859137882105402
2.88280000,0.0967601488167414
2.88670000,0.1066158130061689
2.89060000,0.1155243441381588
2.89450000,0.1236001645270417
2.89840000,0.1310051544342636
2.90230000,0.1378333673016650
2.90620000,0.1442862556222025
2.91020000,0.1504733014442097
2.91410000,0.1562377497062032
2.91800000,0.1616016465585424
2.92190000,0.1666039358886923
2.92580000,0.1711354655278989
2.92970000,0.1751602725036227
2.93360000,0.1786513922580126
2.93750000,0.1815998743948935
2.94140000,0.1840304449757247
2.94530000,0.1859740312972482
2.94920000,0.1875004630328334
2.95310000,0.1887067187421839
2.95700000,0.1897166704760583
2.96090000,0.1906613106596229
2.96480000,0.1916375884619975
2.96870000,0.1927464026274874
2.97270000,0.1940407713698933
2.97660000,0.1954793051999158
2.98050000,0.1970321064648854
2.98440000,0.1986473447594704
2.98830000,0.2002262444211970
2.99220000,0.2016933591042327
2.99610000,0.2029895133336887
3.00000000,0.2040761707570690
3.00390000,0.2049425952348351
3.00780000,0.2056037454343560
3.01170000,0.2061090846164719
3.01560000,0.2065251734938233
3.01950000,0.2069170688794134
3.02340000,0.2073314422913798
3.02730000,0.2077838517299518
3.03120000,0.2082917939412328
3.03520000,0.2088576301314832
3.03910000,0.2094461860098129
3.04300000,0.2100383470169162
3.04690000,0.2106161021205392
3.05080000,0.2111508319253354
3.05470000,0.2116332674493189
3.05860000,0.2120589764750387
3.06250000,0.2124226510884396
3.06640000,0.2127213876774351
3.07030000,0.2129578608920192
3.07420000,0.2131464800324229
3.07810000,0.2133059069413604
3.08200000,0.2134513924609826
3.08590000,0.2135897802126727
3.08980000,0.2137148901766852
3.09370000,0.2138098473294876
3.09770000,0.2138351704706646
3.10160000,0.2137237770748619
3.10550000,0.2134076487985696
3.10940000,0.2128310404347225
3.11330000,0.2119548917787153
3.11720000,0.2107562944154441
3.12110000,0.2092149332631089
3.12500000,0.2073142242786712
3.12890000,0.2050576459460281
3.13280000,0.2024901518484879
3.13670000,0.1996933838801051
3.14060000,0.1967771072698491
3.14450000,0.1938493718919122
3.14840000,0.1909970515588713
3.15230000,0.1883025957531224
3.15620000,0.1857608122972211
3.16020000,0.1833316921404378
3.16410000,0.1809975524898158
3.16800000,0.1786157274005201
3.17190000,0.1760014158809530
3.17580000,0.1730167452532678
3.17970000,0.1695177833586488
3.18360000,0.1654015181446084
3.18750000,0.1606239836418704
3.19140000,0.1552090318172840
3.19530000,0.1492690436303161
3.19920000,0.1429746722706558
3.20310000,0.1365514740668051
3.20700000,0.1302448350971541
3.21090000,0.1242933732131983
3.21480000,0.1189494947593374
3.21870000,0.1143386331407339
3.22270000,0.1105497229823325
3.22660000,0.1077335084218829
3.23050000,0.1058571754729096
3.23440000,0.1048159338670838
3.23830000,0.1045455534208785
3.24220000,0.1049158989303665
3.24610000,0.1057923002641487
3.25000000,0.1070548612355881
3.25390000,0.1086091043181697
3.25780000,0.1104004490721149
3.26170000,0.1124128468741942
3.26560000,0.1146555319417800
3.26950000,0.1171708805907547
3.27340000,0.1200309152382507
3.27730000,0.1232687205586070
3.28120000,0.1269825226871908
3.28520000,0.1312055071393192
3.28910000,0.1357941213164578
3.29300000,0.1407133575372802
3.29690000,0.1459255571203902
3.30080000,0.1512713948008773
3.30470000,0.1566082280593937
3.30860000,0.1617836949107262
3.31250000,0.1666674227844792
3.31640000,0.1711819761723039
3.32030000,0.1752853350951746
3.32420000,0.1789911454149054
3.32810000,0.1823490984483654
3.33200000,0.1854520919941780
3.33590000,0.1884235865851126
3.33980000,0.1913555333411761
3.34370000,0.1943818552928752
3.34770000,0.1975820544260841
3.35160000,0.2008992610796965
3.35550000,0.2043453113040524
3.35940000,0.2079142468059614
3.36330000,0.2114959591111149
3.36720000,0.2149846462799751
3.37110000,0.2182666509008897
3.37500000,0.2212461644702732
3.37890000,0.2238673952737152
3.38280000,0.2261057722840017
3.38670000,0.2279874272326958
3.39060000,0.2295806952887229
3.39450000,0.2309941943104449
3.39840000,0.2323566396142623
3.40230000,0.2337710533271873
3.40620000,0.2353443965698560
3.41020000,0.2371333881146649
3.41410000,0.2390988510192957
3.41800000,0.2412096228295227
3.42190000,0.2434019495817480
3.42580000,0.2455466931072048
3.42970000,0.2475164837036514
3.43360000,0.2491857364489551
3.43750000,0.2504430714023098
3.44140000,0.2512003912987983
3.44530000,0.2514005733771523
3.44920000,0.2510272825264800
3.45310000,0.2501185043262882
3.45700000,0.2487503638155705
3.46090000,0.2470136174148034
3.46480000,0.2450253045202548
3.46870000,0.2428376346522808
3.47270000,0.2405039744357301
3.47660000,0.2381399040446873
3.48050000,0.2357394836675417
3.48440000,0.2332462066441831
3.48830000,0.2306405966857418
3.49220000,0.2278745339420503
3.49610000,0.2249112111607976
3.50000000,0.2217228167986543
3.50390000,0.2182813019880738
3.50780000,0.2145845198701394
3.51170000,0.2106410299353252
3.51560000,0.2064917549402788
3.51950000,0.2021808219538608
3.52340000,0.1977382141577891
3.52730000,0.1932375804147844
3.53120000,0.1886437639522462
3.53520000,0.1839511836624168
3.53910000,0.1793059993309029
3.54300000,0.1746567121072982
3.54690000,0.1698871391685388
3.55080000,0.1649701874178027
3.55470000,0.1598220919285249
3.55860000,0.1543664717020848
3.56250000,0.1485299154089742
3.56640000,0.1422298073672414
3.57030000,0.1354250889004272
3.57420000,0.1280855712585172
3.57810000,0.1202412368548715
3.58200000,0.1119462811169262
3.58590000,0.1032641507361380
3.58980000,0.0943805677839761
3.59370000,0.0852992792054738
3.59770000,0.0760876134537544
3.60160000,0.0670986320761910
3.60550000,0.0583013823667830
3.60940000,0.0495266212619764
3.61330000,0.0407406802389681
3.61720000,0.0317531739458789
3.62110000,0.0223437885770302
3.62500000,0.0122820050495711
3.62890000,0.0013443964745104
3.63280000,-0.0105655397246226
3.63670000,-0.0234423668483689
3.64060000,-0.0371013815477638
3.64450000,-0.0512452037654198
3.64840000,-0.0655254432655599
3.65230000,-0.0794482149746266
3.65620000,-0.0928438594380153
3.66020000,-0.1055506389859015
3.66410000,-0.1170930205868641
3.66800000,-0.1275569854999877
3.67190000,-0.1372124940303704
3.67580000,-0.1461077734275024
3.67970000,-0.1544396310889391
3.68360000,-0.1623702150780935
3.68750000,-0.1700191529319774
3.69140000,-0.1774904307861142
3.69530000,-0.1848094816438691
3.69920000,-0.1919930227937293
3.70310000,-0.1990187936373786
3.70700000,-0.2058607224723823
3.71090000,-0.2124977536817720
3.71480000,-0.2188403304559322
3.71870000,-0.2249273301968410
3.72270000,-0.2307541176474299
3.72660000,-0.2361103110470897
3.73050000,-0.2409957479749566
3.73440000,-0.2454588786308000
3.73830000,-0.2494288246075760
3.74220000,-0.2529044299464256
3.74610000,-0.2558737338019768
3.75000000,-0.2583124031468487
3.75390000,-0.2601994419980537
3.75780000,-0.2615061215587309
3.76170000,-0.2622190976521598
3.76560000,-0.2623420205654987
3.76950000,-0.2618862658997114
3.77340000,-0.2608622828118243
3.77730000,-0.2593075047605474
3.78120000,-0.2572213530627438
3.78520000,-0.2546257204788198
3.78910000,-0.2516168722556768
3.79300000,-0.2482041045071288
3.79690000,-0.2443741726122571
3.80080000,-0.2401675180382247
3.80470000,-0.2356139481509920
3.80860000,-0.2307592189429008
3.81250000,-0.2256582922788525
3.81640000,-0.2203649434919500
3.82030000,-0.2149501446595683
3.82420000,-0.2094765981305934
3.82810000,-0.2040098929280012
3.83200000,-0.1985909542701287
3.83590000,-0.1932301770111605
3.83980000,-0.1879758656392187
3.84370000,-0.1827700549991696
3.84770000,-0.1775868972665837
3.85160000,-0.1725595738659539
3.85550000,-0.1676493414721269
3.85940000,-0.1627850099657584
3.86330000,-0.1580091861987818
3.86720000,-0.1533246525221316
3.87110000,-0.1487464584612874
3.87500000,-0.1442925987919094
3.87890000,-0.1399692070838867
3.88280000,-0.1357959864549524
3.88670000,-0.1317774630056026
3.89060000,-0.1279165597618934
3.89450000,-0.1242001457347551
3.89840000,-0.1206018093101808
3.90230000,-0.1171281531990746
3.90620000,-0.1137217328827457
3.91020000,-0.1103497097776771
3.91410000,-0.1070911703168932
3.91800000,-0.1039320323544040
3.92190000,-0.1008567180393165
3.92580000,-0.0979326976792956
3.92970000,-0.0951974146953894
3.93360000,-0.0926817669537281
3.93750000,-0.0904033095420562
3.94140000,-0.0883632346871517
3.94530000,-0.0865646591300033
3.94920000,-0.0850039046380872
3.95310000,-0.0836752521975534
3.95700000,-0.0825751186693799
3.96090000,-0.0817111951780308
3.96480000,-0.0811038466693986
3.96870000,-0.0807797507381144
3.97270000,-0.0807572504672035
3.97660000,-0.0810387045245149
3.98050000,-0.0816231505691899
3.98440000,-0.0825125205518979
3.98830000,-0.0837134554668765
3.99220000,-0.0852434662472290
3.99610000,-0.0871284343658733
4.00000000,-0.0893957592797884
4.00390000,-0.0920612084208602
4.00780000,-0.0951040763236529
4.01170000,-0.0984722109965753
4.01560000,-0.1020791763586810
4.01950000,-0.1058380355986933
4.02340000,-0.1096807001297169
4.02730000,-0.1135119207503071
4.03120000,-0.1173187146826467
4.03520000,-0.1210636043520810
4.03910000,-0.1245955107065346
4.04300000,-0.1279191990609209
4.04690000,-0.1310940712101714
4.05080000,-0.1341153561722315
4.05470000,-0.1370216465242061
4.05860000,-0.1398468332949166
4.06250000,-0.1426243784069656
4.06640000,-0.1453946989367016
4.07030000,-0.1481760327798855
4.07420000,-0.1509812986661169
4.07810000,-0.1538074222730160
4.08200000,-0.1566548413347569
4.08590000,-0.1595305868625557
4.08980000,-0.1624059433469529
4.09370000,-0.1653029250026772
4.09770000,-0.1682174467946219
4.10160000,-0.1710507194587176
4.10550000,-0.1738063512096342
4.10940000,-0.1765055033259069
4.11330000,-0.1790976999613913
4.11720000,-0.1815494402392536
4.12110000,-0.1838149651002909
4.12500000,-0.1858431996274469
4.12890000,-0.1875862226430083
4.13280000,-0.1889930342112036
4.13670000,-0.1900258950699450
4.14060000,-0.1906714488949184
4.14450000,-0.1909420811014970
4.14840000,-0.1908652692732993
4.15230000,-0.1904832044090174
4.15620000,-0.1898179960382922
4.16020000,-0.1889001135744014
4.16410000,-0.1877919245885328
4.16800000,-0.1865094563188111
4.17190000,-0.1850398982650456
4.17580000,-0.1833722796746760
4.17970000,-0.1814767460955254
4.18360000,-0.1793277321474253
4.18750000,-0.1769077372630165
4.19140000,-0.1742047131665532
4.19530000,-0.1712280079714759
4.19920000,-0.1680026761682691
4.20310000,-0.1645861232768103
4.20700000,-0.1610470772504431
4.21090000,-0.1574484802079573
4.21480000,-0.1538848922360923
4.21870000,-0.1503764896541548
4.22270000,-0.1469714098507772
4.22660000,-0.1438330424567389
4.23050000,-0.1409887301568188
4.23440000,-0.1384224994540863
4.23830000,-0.1361845564487900
4.24220000,-0.1342924999782865
4.24610000,-0.1327727614323659
4.25000000,-0.1316466568791300
4.25390000,-0.1309142136619824
4.25780000,-0.1305691999541533
4.26170000,-0.1305986360725621
4.26560000,-0.1309829254572723
4.26950000,-0.1316917624138259
4.27340000,-0.1326838912562648
4.27730000,-0.1338976480770316
4.28120000,-0.1352991350441246
4.28520000,-0.1368465037218303
4.28910000,-0.1384503813453938
4.29300000,-0.1400653727806264
4.29690000,-0.1416633328051436
4.30080000,-0.1432055618356360
4.30470000,-0.1446818143327525
4.30860000,-0.1460806939564430
4.31250000,-0.1473770668715486
4.31640000,-0.1485311365139361
4.32030000,-0.1494927021133835
4.32420000,-0.1502028591980945
4.32810000,-0.1505998308035946
4.33200000,-0.1506128551159833
4.33590000,-0.1501680078391882
4.33980000,-0.1492295215869156
4.34370000,-0.1477374296458480
4.34770000,-0.1456706391240382
4.35160000,-0.1431030524927179
4.35550000,-0.1400463707569386
4.35940000,-0.1365141527660422
4.36330000,-0.1325857971518617
4.36720000,-0.1283223977701040
4.37110000,-0.1237818784469552
4.37500000,-0.1190105509374906
4.37890000,-0.1140353930009943
4.38280000,-0.1088883362233554
4.38670000,-0.1035764467890628
4.39060000,-0.0981074939197381
4.39450000,-0.0924690808180246
4.39840000,-0.0866299847622100
4.40230000,-0.0806327767783165
4.40620000,-0.0743881174039641
4.41020000,-0.0678624311978682
4.41410000,-0.0612532819254761
4.41800000,-0.0545266744055088
4.42190000,-0.0475949362106656
4.42580000,-0.0405044729205540
4.42970000,-0.0332187929967447
4.43360000,-0.0257009314732531
4.43750000,-0.0179152572600700
4.44140000,-0.0098162238109324
4.44530000,-0.0014013545701926
4.44920000,0.0073232259527956
4.45310000,0.0162893835060647
4.45700000,0.0253872560338652
4.46090000,0.0344735067953330
4.46480000,0.0432852627737323
4.46870000,0.0517220902349608
4.47270000,0.0596478018278675
4.47660000,0.0667009706887365
4.48050000,0.0728668844143234
4.48440000,0.0782633564442512
4.48830000,0.0829019158185883
4.49220000,0.0869213407364038
4.49610000,0.0904600558122027
4.50000000,0.0936358517469323
4.50390000,0.0965534016468458
4.50780000,0.0992667765598701
4.51170000,0.1018136746139077
4.51560000,0.1041996902679124
4.51950000,0.1064096706468976
4.52340000,0.1084155863800534
4.52730000,0.1101707327927030
4.53120000,0.1116714813912834
4.53520000,0.1129155829480263
4.53910000,0.1138555549150255
4.54300000,0.1144959073364995
4.54690000,0.1148546719687592
4.55080000,0.1149265287903710
4.55470000,0.1147308474132540
4.55860000,0.1142885568253422
4.56250000,0.1136211744540051
4.56640000,0.1127611855813953
4.57030000,0.1117546333102800
4.57420000,0.1106668566703922
4.57810000,0.1095703182557991
4.58200000,0.1085359132420111
4.58590000,0.1076308315723456
4.58980000,0.1069193770196784
4.59370000,0.1064636203302615
4.59770000,0.1063093573825342
4.60160000,0.1064734236760320
4.60550000,0.1069509524511531
4.60940000,0.1077211999820876
4.61330000,0.1087505785335101
4.61720000,0.1099948145790189
4.62110000,0.1113949506297762
4.62500000,0.1128842097980359
4.62890000,0.1144044410100308
4.63280000,0.1159139397582676
4.63670000,0.1173928595890485
4.64060000,0.1188295557504222
4.64450000,0.1202250723819099
4.64840000,0.1216013881969270
4.65230000,0.1229825192693158
4.65620000,0.1244419472185933
4.66020000,0.1260374118671117
4.66410000,0.1277560323509833
4.66800000,0.1296410367418803
4.67190000,0.1317460273539602
4.67580000,0.1340761499272140
4.67970000,0.1366304052098423
4.68360000,0.1393723853701028
4.68750000,0.1422367880321200
4.69140000,0.1451443807858006
4.69530000,0.1479996151838258
4.69920000,0.1506965849244798
4.70310000,0.1531207015250341
4.70700000,0.1551632336792844
4.71090000,0.1567355373641297
4.71480000,0.1577735797875464
4.71870000,0.1582364257883220
4.72270000,0.1581028258169194
4.72660000,0.1573765892160570
4.73050000,0.1560976563320730
4.73440000,0.1543380695269785
4.73830000,0.1521861730535763
4.74220000,0.1497309295779483
4.74610000,0.1470547614666939
4.75000000,0.1442332152964107
4.75390000,0.1413298561396335
4.75780000,0.1383932840097331
4.76170000,0.1354425172216967
4.76560000,0.1324828911814480
4.76950000,0.1295055085147418
4.77340000,0.1264891694121396
4.77730000,0.1234385498204064
4.78120000,0.1202889379706737
4.78520000,0.1170043461503721
4.78910000,0.1136742371590317
4.79300000,0.1103061040377919
4.79690000,0.1069056662718855
4.80080000,0.1035572531579640
4.80470000,0.1003212958623455
4.80860000,0.0972697548322503
4.81250000,0.0944772674269169
4.81640000,0.0920015493382631
4.82030000,0.0898854336817327
4.82420000,0.0881477211376411
4.82810000,0.0867935791976650
4.83200000,0.0858202115923709
4.83590000,0.0852178801336433
4.83980000,0.0849634526667341
4.84370000,0.0850360847311488
4.84770000,0.0854126175365562
4.85160000,0.0860597438510547
4.85550000,0.0869606288036666
4.85940000,0.0880983608052586
4.86330000,0.0894441959823773
4.86720000,0.0909770741932065
4.87110000,0.0926787082660068
4.87500000,0.0945240660713260
4.87890000,0.0964716279626227
4.88280000,0.0984600690190034
4.88670000,0.1004311068276836
4.89060000,0.1023417530454969
4.89450000,0.1041732021997164
4.89840000,0.1059217710994290
4.90230000,0.1075706793420097
4.90620000,0.1091388306800161
4.91020000,0.1106478171646466
4.91410000,0.1120837264847990
4.91800000,0.1134880159164480
4.92190000,0.1149043104998021
4.92580000,0.1163329186503707
4.92970000,0.1177838913101979
4.93360000,0.1192623259864953
4.93750000,0.1207649756517995
4.94140000,0.1222801585846321
4.94530000,0.1237840496789942
4.94920000,0.1252632266735436
4.95310000,0.1267153868749719
4.95700000,0.1281523361153411
4.96090000,0.1295938891934015
4.96480000,0.1310472536076943
4.96870000,0.1325597011868700
4.97270000,0.1341754016856769
4.97660000,0.1358840299068705
4.98050000,0.1377115973407755
4.98440000,0.1396749452573144
4.98830000,0.1417451025856507
4.99220000,0.1439037139674636
4.99610000,0.1461242607942762
5.00000000,0.1483694662424405
5.00390000,0.1506000071066183
5.00780000,0.1527780389752016
5.01170000,0.1548899797417283
5.01560000,0.1569373397283077
5.01950000,0.1589355439750064
5.02340000,0.1609098215956277
5.02730000,0.1628713513894274
5.03120000,0.1648770141451276
5.03520000,0.1669645829183195
5.03910000,0.1690863483489541
5.04300000,0.1712343096672696
5.04690000,0.1733932864720680
5.05080000,0.1754971597887077
5.05470000,0.1774936639869698
5.05860000,0.1793186780941087
5.06250000,0.1808985627681099
5.06640000,0.1821647591314128
5.07030000,0.1830632882529027
5.07420000,0.1835598817053405
5.07810000,0.1836392699320623
5.08200000,0.1832938315933783
5.08590000,0.1825230850144278
5.08980000,0.1813649936487645
5.09370000,0.1798341970174469
5.09770000,0.1779682431782986
5.10160000,0.1758679020683537
5.10550000,0.1735528781876186
5.10940000,0.1710195657789966
5.11330000,0.1683032813837561
5.11720000,0.1654110315494455
5.12110000,0.1623412053226762
5.12500000,0.1590825724209871
5.12890000,0.1556145408089041
5.13280000,0.1519324987457274
5.13670000,0.1480282924892007
5.14060000,0.1439112519185094
5.14450000,0.1395941633018653
5.14840000,0.1350945359254114
5.15230000,0.1304986675411544
5.15620000,0.1258004785971059
5.16020000,0.1210281793070537
5.16410000,0.1163674493467689
5.16800000,0.1118229913494884
5.17190000,0.1073543195668571
5.17580000,0.1030164518535872
5.17970000,0.0988000462227384
5.18360000,0.0946898867996870
5.18750000,0.0906653520102794
5.19140000,0.0866917127902469
5.19530000,0.0827505304557734
5.19920000,0.0788095058000431
5.20310000,0.0748487078770760
5.20700000,0.0708521298992174
5.21090000,0.0668100664369658
5.21480000,0.0627712241411588
5.21870000,0.0586988667035291
5.22270000,0.0545855888923560
5.22660000,0.0505652635881838
5.23050000,0.0466161981386887
5.23440000,0.0426710762880114
5.23830000,0.0387317885773415
5.24220000,0.0347271548057401
5.24610000,0.0305705148071361
5.25000000,0.0261646672705757
5.25390000,0.0213908374886936
5.25780000,0.0161469661696968
5.26170000,0.0103197659214983
5.26560000,0.0038486070969630
5.26950000,-0.0032814697158140
5.27340000,-0.0110373094159269
5.27730000,-0.0192287524504072
5.28120000,-0.0277940025979542
5.28520000,-0.0365549971912216
5.28910000,-0.0449978678936460
5.29300000,-0.0529189064158017
5.29690000,-0.0602244024375040
5.30080000,-0.0667057682566271
5.30470000,-0.0723232864435141
5.30860000,-0.0770829936691806
5.31250000,-0.0810268040777859
5.31640000,-0.0842449472541271
5.32030000,-0.0868294879393691
5.32420000,-0.0888868555255415
5.32810000,-0.0905028919835397
5.33200000,-0.0917350529344102
5.33590000,-0.0926126825160842
5.33980000,-0.0931445330821213
5.34370000,-0.0933330751004685
5.34770000,-0.0931699074769559
5.35160000,-0.0926319896375383
5.35550000,-0.0916958990669906
5.35940000,-0.0903460315939390
5.36330000,-0.0885788243529262
5.36720000,-0.0864028858015744
5.37110000,-0.0838329978845979
5.37500000,-0.0808919015929366
5.37890000,-0.0776152038049231
5.38280000,-0.0740592562431582
5.38670000,-0.0702830176770484
5.39060000,-0.0663512418832698
5.39450000,-0.0623192147765254
5.39840000,-0.0582324792578234
5.40230000,-0.0541752780005670
5.40620000,-0.0501554318788394
5.41020000,-0.0462012327444031
5.41410000,-0.0424565151120341
5.41800000,-0.0389359638933713
5.42190000,-0.0356274889755434
5.42580000,-0.0325939412252679
5.42970000,-0.0298551751379430
5.43360000,-0.0274308672285693
5.43750000,-0.0253422962475735
5.44140000,-0.0236077938069309
5.44530000,-0.0222515678076087
5.44920000,-0.0212866423554966
5.45310000,-0.0207097402333936
5.45700000,-0.0205069671066035
5.46090000,-0.0206630327399667
5.46480000,-0.0211466895003611
5.46870000,-0.0219446829333208
5.47270000,-0.0230214681146046
5.47660000,-0.0242891989848821
5.48050000,-0.0257069691610187
5.48440000,-0.0272471086833056
5.48830000,-0.0288514822611567
5.49220000,-0.0304693105093422
5.49610000,-0.0320476776716152
5.50000000,-0.0335440958589585
5.50390000,-0.0349350139088895
5.50780000,-0.0362039240267195
5.51170000,-0.0373418833562321
5.51560000,-0.0383440520291373
5.51950000,-0.0392187046355833
5.52340000,-0.0399878606488818
5.52730000,-0.0406676695361901
5.53120000,-0.0412806010971295
5.53520000,-0.0418306806141217
5.53910000,-0.0422893430134697
5.54300000,-0.0426524536243551
5.54690000,-0.0429162375921816
5.55080000,-0.0430506680152633
5.55470000,-0.0430274552456753
5.55860000,-0.0428235369883755
5.56250000,-0.0424316677362382
5.56640000,-0.0418616698327450
5.57030000,-0.0411317300462756
5.57420000,-0.0402704468615218
5.57810000,-0.0393233052899119
5.58200000,-0.0383564114625456
5.58590000,-0.0374481392518467
5.58980000,-0.0366761375263408
5.59370000,-0.0361046897872397
5.59770000,-0.0357895388716861
5.60160000,-0.0357842462539572
5.60550000,-0.0361265022406830
5.60940000,-0.0368332083333031
5.61330000,-0.0379012974859298
5.61720000,-0.0393132661385353
5.62110000,-0.0410489828007782
5.62500000,-0.0430882434677269
5.62890000,-0.0454091479678090
5.63280000,-0.0479806465262207
5.63670000,-0.0507829265735416
5.64060000,-0.0537999782117211
5.64450000,-0.0570335497574811
5.64840000,-0.0605003433731264
5.65230000,-0.0641722370643257
5.65620000,-0.0681101944278741
5.66020000,-0.0723459893550099
5.66410000,-0.0767661490174279
5.66800000,-0.0814001161867383
5.67190000,-0.0862978627653792
5.67580000,-0.0914062965590535
5.67970000,-0.0967106531531608
5.68360000,-0.1021849866178110
5.68750000,-0.1077943961480222
5.69140000,-0.1135096964560297
5.69530000,-0.1192864597756858
5.69920000,-0.1251046826975353
5.70310000,-0.1309411981068526
5.70700000,-0.1367824045098184
5.71090000,-0.1426219965573278
5.71480000,-0.1483897448778831
5.71870000,-0.1541370837716337
5.72270000,-0.1598776300273106
5.72660000,-0.1654308822609449
5.73050000,-0.1708107175819401
5.73440000,-0.1760732713323237
5.73830000,-0.1811610402525825
5.74220000,-0.1860869128187957
5.74610000,-0.1908592765505181
5.75000000,-0.1954794364708602
5.75390000,-0.1999581402673644
5.75780000,-0.2042921221597524
5.76170000,-0.2084951651528865
5.76560000,-0.2125709673776849
5.76950000,-0.2165181208682975
5.77340000,-0.2203313235972758
5.77730000,-0.2239668907485932
5.78120000,-0.2274523300847898
5.78520000,-0.2307884195490204
5.78910000,-0.2338547406333932
5.79300000,-0.2366367237865150
5.79690000,-0.2391465723873303
5.80080000,-0.2413378498147092
5.80470000,-0.2432029575663967
5.80860000,-0.2447216096953004
5.81250000,-0.2458577146193962
5.81640000,-0.2465717439906517
5.82030000,-0.2468232036989829
5.82420000,-0.2465712330209099
5.82810000,-0.2457790888230264
5.83200000,-0.2444047674227434
5.83590000,-0.2424094963576411
5.83980000,-0.2398210985678060
5.84370000,-0.2366239906835876
5.84770000,-0.2328558624021172
5.85160000,-0.2286918922062456
5.85550000,-0.2241744438684587
5.85940000,-0.2193118894009994
5.86330000,-0.2141839012637245
5.86720000,-0.2088125758491619
5.87110000,-0.2032032099319353
5.87500000,-0.1973485029271239
5.87890000,-0.1912331732068849
5.88280000,-0.1848775369122020
5.88670000,-0.1783070269324964
5.89060000,-0.1715750807873766
5.89450000,-0.1647306992073449
5.89840000,-0.1578111493596120
5.90230000,-0.1509303748792767
5.90620000,-0.1440632519140664
5.91020000,-0.1372337098979257
5.91410000,-0.1306903287874864
5.91800000,-0.1244323429073190
5.92190000,-0.1183961437902057
5.92580000,-0.1126526342574688
5.92970000,-0.1071907743239522
5.93360000,-0.1020011080659235
5.93750000,-0.0970727795483797
5.94140000,-0.0923772235164258
5.94530000,-0.0879030016572411
5.94920000,-0.0836236125438311
5.95310000,-0.0795239862859181
5.95700000,-0.0755951470531978
5.96090000,-0.0718389994362724
5.96480000,-0.0683075571464462
5.96870000,-0.0649900717725132
5.97270000,-0.0618961448871760
5.97660000,-0.0591391722296448
5.98050000,-0.0567150051223927
5.98440000,-0.0545858994453580
5.98830000,-0.0527659487116570
5.99220000,-0.0512172940091602
5.99610000,-0.0498960174144737
6.00000000,-0.0487594071036333
6.00390000,-0.0477614212829307
6.00780000,-0.0468650127050706
6.01170000,-0.0460293240497585
6.01560000,-0.0452249406739083
6.01950000,-0.0444408912308590
6.02340000,-0.0436884209422563
6.02730000,-0.0430031512598436
6.03120000,-0.0424120951061918
6.03520000,-0.0419483808226041
6.03910000,-0.0416684586591184
6.04300000,-0.0416001548258074
6.04690000,-0.0417509685572077
6.05080000,-0.0421196665790872
6.05470000,-0.0426767542928295
6.05860000,-0.0433827680938246
6.06250000,-0.0441956366165964
6.06640000,-0.0450690995945951
6.07030000,-0.0459535421792632
6.07420000,-0.0467978957704180
6.07810000,-0.0475620014780312
6.08200000,-0.0482234655459640
6.08590000,-0.0487739447961858
6.08980000,-0.0492100573818834
6.09370000,-0.0495250504451524
6.09770000,-0.0497139758349441
6.10160000,-0.0497796149258914
6.10550000,-0.0497239057053817
6.10940000,-0.0495428506757255
6.11330000,-0.0492268733999052
6.11720000,-0.0487646024656189
6.12110000,-0.0481525229150231
6.12500000,-0.0473966749807008
6.12890000,-0.0465074756636458
6.13280000,-0.0455003488554013
6.13670000,-0.0443980840961217
6.14060000,-0.0432412799761890
6.14450000,-0.0420819394615880
6.14840000,-0.0409700353353679
6.15230000,-0.0399558145334659
6.15620000,-0.0390567849023264
6.16020000,-0.0382925120162932
6.16410000,-0.0377122060166805
6.16800000,-0.0373145587598760
6.17190000,-0.0370691543434288
6.17580000,-0.0369499117724442
6.17970000,-0.0369118444992612
6.18360000,-0.0369097841068029
6.18750000,-0.0368957826941469
6.19140000,-0.0368140055148374
6.19530000,-0.0366146712083175
6.19920000,-0.0362597222424610
6.20310000,-0.0357376306056095
6.20700000,-0.0350548459083073
6.21090000,-0.0342256152693940
6.21480000,-0.0332852638676178
6.21870000,-0.0322484119573912
6.22270000,-0.0311469820812288
6.22660000,-0.0300568899774512
6.23050000,-0.0289906679873946
6.23440000,-0.0279325811525852
6.23830000,-0.0268868429611359
6.24220000,-0.0258406882006407
6.24610000,-0.0247793535006301
6.25000000,-0.0236778511076190
6.25390000,-0.0224953112399899
6.25780000,-0.0211953743449331
6.26170000,-0.0197444877817426
6.26560000,-0.0181272007542512
6.26950000,-0.0163322987901096
6.27340000,-0.0143481384563439
6.27730000,-0.0122015718685690
6.28120000,-0.0098764768233074
6.28520000,-0.0073874036668050
6.28910000,-0.0048391549234162
6.29300000,-0.0022234791532489
6.29690000,0.0005138852452447
6.30080000,0.0033939472261925
6.30470000,0.0064880203074504
6.30860000,0.0098744554310430
6.31250000,0.0136227583263479
6.31640000,0.0177790603568325
6.32030000,0.0223263443766412
6.32420000,0.0272045058418585
6.32810000,0.0323016480273495
6.33200000,0.0374945656843056
6.33590000,0.0426743772466882
6.33980000,0.0476989891384420
6.34370000,0.0525569492671561
6.34770000,0.0572381982308591
6.35160000,0.0616071150826104
6.35550000,0.0657317423876450
6.35940000,0.0697354709690172
6.36330000,0.0736401017680210
6.36720000,0.0775104931616999
6.37110000,0.0813902228643303
6.37500000,0.0853006184777344
6.37890000,0.0892505577785813
6.38280000,0.0932112083693107
6.38670000,0.0971504402728311
6.39060000,0.1010242802743529
6.39450000,0.1047954404711704
6.39840000,0.1084342480483156
6.40230000,0.1118757712126103
6.40620000,0.1151277417546776
6.41020000,0.1181851371561756
6.41410000,0.1209457916032112
6.41800000,0.1234304803819427
6.42190000,0.1256901799895112
6.42580000,0.1277132920154434
6.42970000,0.1295308247466125
6.43360000,0.1311747656121167
6.43750000,0.1326734901029454
6.44140000,0.1340548925620494
6.44530000,0.1353324928889094
6.44920000,0.1365226224557209
6.45310000,0.1376360602605608
6.45700000,0.1386759344395084
6.46090000,0.1396330372418697
6.46480000,0.1404797483457265
6.46870000,0.1412073273858460
6.47270000,0.1418096229062668
6.47660000,0.1422591467954078
6.48050000,0.1425563533425979
6.48440000,0.1427075632587068
6.48830000,0.1427083369277541
6.49220000,0.1425728905478803
6.49610000,0.1423207602697781
6.50000000,0.1419703581354774
6.50390000,0.1415388847409785
6.50780000,0.1410443596883532
6.51170000,0.1405084829050902
6.51560000,0.1399508956729605
6.51950000,0.1393780784692040
6.52340000,0.1387807707288252
6.52730000,0.1381495838836246
6.53120000,0.1374679565824147
6.53520000,0.1367299219643091
6.53910000,0.1359501749422805
6.54300000,0.1351228899669164
6.54690000,0.1342414553267843
6.55080000,0.1333199856324457
6.55470000,0.1323724654994619
6.55860000,0.1314098836223008
6.56250000,0.1304329058960744
6.56640000,0.1294322855802495
6.57030000,0.1284008983929808
6.57420000,0.1273299317843823
6.57810000,0.1262104532156406
6.58200000,0.1250258078863506
6.58590000,0.1237563009436389
6.58980000,0.1224071985039166
6.59370000,0.1209698684684925
6.59770000,0.1194555842582711
6.60160000,0.1179252866255615
6.60550000,0.1163945955535768
6.60940000,0.1148768999759120
6.61330000,0.1134235399229208
6.61720000,0.1120714668303208
6.62110000,0.1108492408634814
6.62500000,0.1097738671748441
6.62890000,0.1088535902284195
6.63280000,0.1080973908994422
6.63670000,0.1075066471580385
6.64060000,0.1070703969773222
6.64450000,0.1067674882089412
6.64840000,0.1065780612631110
6.65230000,0.1064903032203725
6.65620000,0.1065028058770581
6.66020000,0.1066132425153018
6.66410000,0.1068130380609959
6.66800000,0.1071048267135728
6.67190000,0.1075027353531623
6.67580000,0.1080215996468087
6.67970000,0.1086704687581401
6.68360000,0.1094456942476449
6.68750000,0.1103367255271506
6.69140000,0.1113341529118969
6.69530000,0.1124257582164873
6.69920000,0.1135923093699956
6.70310000,0.1148009253804085
6.70700000,0.1160163937251417
6.71090000,0.1172128085883154
6.71480000,0.1183630541271560
6.71870000,0.1194636734048511
6.72270000,0.1205016625485896
6.72660000,0.1214321708401027
6.73050000,0.1222564534810815
6.73440000,0.1229965042964687
6.73830000,0.1236591737680545
6.74220000,0.1242590622803125
6.74610000,0.1248036856664137
6.75000000,0.1252961909426362
6.75390000,0.1257373096319296
6.75780000,0.1261180031820803
6.76170000,0.1264211986151849
6.76560000,0.1266292432475558
6.76950000,0.1267329555415808
6.77340000,0.1267327515814376
6.77730000,0.1266358271447891
6.78120000,0.1264388071296037
6.78520000,0.1261405137074744
6.78910000,0.1257594527992697
6.79300000,0.1253112183402647
6.79690000,0.1248124264405838
6.80080000,0.1242846327294193
6.80470000,0.1237430268456847
6.80860000,0.1232061854902019
6.81250000,0.1226956638413592
6.81640000,0.1222249888065469
6.82030000,0.1217927620341187
6.82420000,0.1213770875280615
6.82810000,0.1209493764493647
6.83200000,0.1204779646900641
6.83590000,0.1199255641129910
6.83980000,0.1192594354079134
6.84370000,0.1184186814299820
6.84770000,0.1173596618303437
6.85160000,0.1160965042990929
6.85550000,0.1146184804651116
6.85940000,0.1129122490880119
6.86330000,0.1109917846026698
6.86720000,0.1088661402731499
6.87110000,0.1065591234706056
6.87500000,0.1041042571294782
6.87890000,0.1015298273125408
6.88280000,0.0988640499519260
6.88670000,0.0961287284255132
6.89060000,0.0933584821598943
6.89450000,0.0905881362242926
6.89840000,0.0878388223148013
6.90230000,0.0851465721093279
6.90620000,0.0824823048460165
6.91020000,0.0798415903892083
6.91410000,0.0773203898174847
6.91800000,0.0749155132254920
6.92190000,0.0725924336081389
6.92580000,0.0703687894775821
6.92970000,0.0682372629074359
6.93360000,0.0662021405779751
6.93750000,0.0642701226988411
6.94140000,0.0624373209495815
6.94530000,0.0607074425664621
6.94920000,0.0590916268502007
6.95310000,0.0576176169991417
6.95700000,0.0563157093995868
6.96090000,0.0552062689736384
6.96480000,0.0543063621922408
6.96870000,0.0536134047321828
6.97270000,0.0531271943714063
6.97660000,0.0528607025611243
6.98050000,0.0527843203806948
6.98440000,0.0528461739134105
6.98830000,0.0530039160566119
6.99220000,0.0532129405764596
6.99610000,0.0534345849324957
7.00000000,0.0536298691078751
7.00390000,0.0537565974124501
7.00780000,0.0537817329000275
7.01170000,0.0536799992280090
7.01560000,0.0534364770022345
7.01950000,0.0530334380949610
7.02340000,0.0524468361965916
7.02730000,0.0516709261337066
7.03120000,0.0506807557234466
7.03520000,0.0494711142125881
7.03910000,0.0480869544609142
7.04300000,0.0465223668892014
7.04690000,0.0447654285725992
7.05080000,0.0428473494870878
7.05470000,0.0407966200340026
7.05860000,0.0386476700380796
7.06250000,0.0364330947943276
7.06640000,0.0341811368129020
7.07030000,0.0319303013643223
7.07420000,0.0297158997595519
7.07810000,0.0275694397798441
7.08200000,0.0255038693723279
7.08590000,0.0235145907231891
7.08980000,0.0216133061191626
7.09370000,0.0197679466751805
7.09770000,0.0179569171806957
7.10160000,0.0162202607366655
7.10550000,0.0145243939511004
7.10940000,0.0128255209759859
7.11330000,0.0111308072575751
7.11720000,0.0094282338293352
7.12110000,0.0077054470101260
7.12500000,0.0059509116995144
7.12890000,0.0041566317899356
7.13280000,0.0023346448681096
7.13670000,0.0004993335997813
7.14060000,-0.0013302874413135
7.14450000,-0.0031409938658239
7.14840000,-0.0049254908831313
7.15230000,-0.0066608248003463
7.15620000,-0.0083838257526507
7.16020000,-0.0101478741750885
7.16410000,-0.0119702353741077
7.16800000,-0.0139533690494479
7.17190000,-0.0162114270900447
7.17580000,-0.0187996597108593
7.17970000,-0.0217716212968937
7.18360000,-0.0251475651395851
7.18750000,-0.0289078775728762
7.19140000,-0.0330003954605393
7.19530000,-0.0373374515158103
7.19920000,-0.0418344553270275
7.20310000,-0.0464032782588068
7.20700000,-0.0509692498588633
7.21090000,-0.0554750913383156
7.21480000,-0.0598327920767015
7.21870000,-0.0640657991035589
7.22270000,-0.0681868460622973
7.22660000,-0.0720737716489451
7.23050000,-0.0757549549817601
7.23440000,-0.0792912372370605
7.23830000,-0.0826581536950589
7.24220000,-0.0858827506233280
7.24610000,-0.0889834487667118
7.25000000,-0.0919645846048810
7.25390000,-0.0948287675114655
7.25780000,-0.0975647108189190
7.26170000,-0.1001734207660851
7.26560000,-0.1026514113096889
7.26950000,-0.1049913125464450
7.27340000,-0.1071816336496971
7.27730000,-0.1091899483939231
7.28120000,-0.1110286679415442
7.28520000,-0.1126992147173119
7.28910000,-0.1141357046950438
7.29300000,-0.1153329118922534
7.29690000,-0.1163048144491324
7.30080000,-0.1170397688494968
7.30470000,-0.1175559602955557
7.30860000,-0.1178686558058805
7.31250000,-0.1179862101810982
7.31640000,-0.1179185878918472
7.32030000,-0.1176777798512203
7.32420000,-0.1172789358022676
7.32810000,-0.1167332494159316
7.33200000,-0.1160413379771749
7.33590000,-0.1151976768795393
7.33980000,-0.1142133328860859
7.34370000,-0.1130867645280315
7.34770000,-0.1118273104009400
7.35160000,-0.1104775122945453
7.35550000,-0.1090430569202321
7.35940000,-0.1075287999423508
7.36330000,-0.1059718006400444
7.36720000,-0.1044033826617241
7.37110000,-0.1028557009236894
7.37500000,-0.1013602096106088
7.37890000,-0.0999482363033639
7.38280000,-0.0986549065676121
7.38670000,-0.0975082071233481
7.39060000,-0.0965233326081249
7.39450000,-0.0957026427980873
7.39840000,-0.0950433020200263
7.40230000,-0.0945434970220389
7.40620000,-0.0941988770194984
7.41020000,-0.0940001391557519
7.41410000,-0.0939362237523510
7.41800000,-0.0939989054727409
7.42190000,-0.0941891785067851
7.42580000,-0.0945142727872352
7.42970000,-0.0949787665465658
7.43360000,-0.0955829326242529
7.43750000,-0.0963272127472364
7.44140000,-0.0972159429205157
7.44530000,-0.0982501202136459
7.44920000,-0.0994239877990255
7.45310000,-0.1007166554540551
7.45700000,-0.1021025263732675
7.46090000,-0.1035591473034425
7.46480000,-0.1050471060903580
7.46870000,-0.1065538049640915
7.47270000,-0.1080484860382900
7.47660000,-0.1094487015443767
7.48050000,-0.1107382819677002
7.48440000,-0.1119256419072068
7.48830000,-0.1129912136541919
7.49220000,-0.1139312465872491
7.49610000,-0.1147418593186885
7.50000000,-0.1154271104384947
7.50390000,-0.1160039237559983
7.50780000,-0.1164884070441122
7.51170000,-0.1168960600608430
7.51560000,-0.1172395391119653
7.51950000,-0.1175351870127404
7.52340000,-0.1178030872736981
7.52730000,-0.1180572593207335
7.53120000,-0.1183112246768559
7.53520000,-0.1185705932341909
7.53910000,-0.1188280279475608
7.54300000,-0.1190816527403897
7.54690000,-0.1193198776279733
7.55080000,-0.1195123437487455
7.55470000,-0.1196306522598455
7.55860000,-0.1196583904189953
7.56250000,-0.1195933645324708
7.56640000,-0.1194369902405799
7.57030000,-0.1191841304632583
7.57420000,-0.1188253226982281
7.57810000,-0.1183614498585227
7.58200000,-0.1178087605743102
7.58590000,-0.1171917727284496
7.58980000,-0.1165402245729048
7.59370000,-0.1158655483737913
7.59770000,-0.1151866094917370
7.60160000,-0.1145521555900158
7.60550000,-0.1139882141834600
7.60940000,-0.1135045184459832
7.61330000,-0.1131106234099946
7.61720000,-0.1128039893988155
7.62110000,-0.1125874078849819
7.62500000,-0.1124677580247021
7.62890000,-0.1124468137262891
7.63280000,-0.1125199035117711
7.63670000,-0.1126800524531649
7.64060000,-0.1129227083810519
7.64450000,-0.1132436959730540
7.64840000,-0.1136318414799676
7.65230000,-0.1140619726625140
7.65620000,-0.1145152555806533
7.66020000,-0.1149767394424082
7.66410000,-0.1154243931019475
7.66800000,-0.1158492647862251
7.67190000,-0.1162391985875009
7.67580000,-0.1165718430896129
7.67970000,-0.1168351538371372
7.68360000,-0.1170233663000550
7.68750000,-0.1171300230588824
7.69140000,-0.1171426738062852
7.69530000,-0.1170468106394586
7.69920000,-0.1168320372613064
7.70310000,-0.1164976257819949
7.70700000,-0.1160418935163910
7.71090000,-0.1154537300360455
7.71480000,-0.1147287662906575
7.71870000,-0.1138436334680528
7.72270000,-0.1127918514888298
7.72660000,-0.1116075279000888
7.73050000,-0.1102796577848907
7.73440000,-0.1087831209405392
7.73830000,-0.1071208009507860
7.74220000,-0.1052936288857427
7.74610000,-0.1033097708642552
7.75000000,-0.1011745112050095
7.75390000,-0.0988839285977193
7.75780000,-0.0964432472909058
7.76170000,-0.0938594893105959
7.76560000,-0.0911519631184067
7.76950000,-0.0883317658088762
7.77340000,-0.0853953264889625
7.77730000,-0.0823732136103587
7.78120000,-0.0792359802225147
7.78520000,-0.0759885196425127
7.78910000,-0.0727518852598530
7.79300000,-0.0695279416782201
7.79690000,-0.0662923875434157
7.80080000,-0.0630959518248536
7.80470000,-0.0599530649731006
7.80860000,-0.0568836581083998
7.81250000,-0.0538882906667211
7.81640000,-0.0509621243175352
7.82040000,-0.0480333308303061
7.82440000,-0.0451476288052674
7.82840000,-0.0423978585188032
7.83240000,-0.0395590934200379
7.83640000,-0.0370023845348929
7.83940000,-0.0348851791096989
7.84340000,-0.0324211927118275
7.84740000,-0.0297820133626189
7.85140000,-0.0273610905856747
7.85540000,-0.0249545052889374
7.85940000,-0.0226655599531486
7.86340000,-0.0204920214889118
7.86740000,-0.0184137949823627
7.87140000,-0.0165006048041402
7.87540000,-0.0145689290427678
7.87940000,-0.0128631221788138
7.88240000,-0.0114617031107884
7.88640000,-0.0097824774885885
7.89040000,-0.0079094089141431
7.89440000,-0.0060502564353234
7.89840000,-0.0040717655014478
7.90240000,-0.0020054814767952
7.90640000,0.0001186440146016
7.91040000,0.0022311341102798
7.91440000,0.0044287924726127
7.91840000,0.0064005322843373
7.92140000,0.0079880691875506
7.92540000,0.0098117777213583
7.92940000,0.0117922870796287
7.93340000,0.0136969968427234
7.93740000,0.0157980232234634
7.94140000,0.0180800400874045
7.94540000,0.0206278539949651
7.94940000,0.0234783773711053
7.95340000,0.0265020618773147
7.95740000,0.0299113707728638
7.96140000,0.0331242210994664
7.96440000,0.0358226782453104
7.96840000,0.0388945106329004
7.97240000,0.0420339286164640
7.97640000,0.0446845240431312
7.98040000,0.0470362695743020
7.98440000,0.0489630192196837
7.98840000,0.0504458754423036
7.99240000,0.0515305745705156
7.99640000,0.0522085575212975
8.00040000,0.0525129141216120
8.00440000,0.0524758984205192
8.00740000,0.0521322458566957
8.01140000,0.0514471871065043
8.01540000,0.0504650268233520
8.01940000,0.0492126207109010
8.02340000,0.0477099424704299
8.02740000,0.0459444881576710
8.03140000,0.0439333743033285
8.03540000,0.0417591435239510
8.03940000,0.0392589991897982
8.04340000,0.0367912416878966
8.04640000,0.0345224677580009
8.05040000,0.0317527976153155
8.05440000,0.0286676230667889
8.05840000,0.0256617340501267
8.06240000,0.0225802397511179
8.06640000,0.0195459033297515
8.07040000,0.0165993780154745
8.07440000,0.0137785869555844
8.07840000,0.0112115072243989
8.08240000,0.0088322677818076
8.08640000,0.0069024024666339
8.08940000,0.0055566149348905
8.09340000,0.0044429766633341
8.09740000,0.0036973558853347
8.10140000,0.0035275252974651
8.10540000,0.0038639409198358
8.10940000,0.0047033018918101
8.11340000,0.0060654736835548
8.11740000,0.0079037621002761
8.12140000,0.0100996415774206
8.12540000,0.0128147834199556
8.12940000,0.0155463769904387
8.13240000,0.0180476864497442
8.13640000,0.0211984272923974
8.14040000,0.0247433205816662
8.14440000,0.0282149785619103
8.14840000,0.0317713303112395
8.15240000,0.0353454771438607
8.15640000,0.0389212728994182
8.16040000,0.0424317336371760
8.16440000,0.0460873293413222
8.16840000,0.0494195781315438
8.17140000,0.0522078274243044
8.17540000,0.0554818271458056
8.17940000,0.0590301731972949
8.18340000,0.0623350301172389
8.18740000,0.0656522533932594
8.19140000,0.0688467167398753
8.19540000,0.0719272345938089
8.19940000,0.0749113858311947
8.20340000,0.0776797623344601
8.20740000,0.0804186550788172
8.21140000,0.0827828749516784
8.21440000,0.0846451088630155
8.21840000,0.0867099353047513
8.22240000,0.0888448208932310
8.22640000,0.0907255419508579
8.23040000,0.0925553272456600
8.23440000,0.0942809372875892
8.23840000,0.0959362845078620
8.24240000,0.0975567389430086
8.24640000,0.0990839912781564
8.25040000,0.1006583013485269
8.25440000,0.1020700295043905
8.25740000,0.1032382359803881
8.26140000,0.1046028155728240
8.26540000,0.1060577161806184
8.26940000,0.1073952655603112
8.27340000,0.1087154991515703
8.27740000,0.1099927081169528
8.28140000,0.1112211678824677
8.28540000,0.1123830182936560
8.28940000,0.1135389575916003
8.29340000,0.1145574400663743
8.29640000,0.1153749405967546
8.30040000,0.1163078293021511
8.30440000,0.1172923119210429
8.30840000,0.1181794168922354
8.31240000,0.1190658772929915
8.31640000,0.1199264691103849
8.32040000,0.1207692573176890
8.32440000,0.1215968504959990
8.32840000,0.1223713899971040
8.33240000,0.1231520123963916
8.33640000,0.1238362597994065
8.33940000,0.1243787225977928
8.34340000,0.1249765250900467
8.34740000,0.1255786055278758
8.35140000,0.1260862969264940
8.35540000,0.1265562492914346
8.35940000,0.1269698180992078
8.36340000,0.1273211476505873
8.36740000,0.1276116580035604
8.37140000,0.1278333583120831
8.37540000,0.1280014297159875
8.37940000,0.1281062235412706
8.38240000,0.1281392868654953
8.38640000,0.1281100398385897
8.39040000,0.1280097867525226
8.39440000,0.1278081716698777
8.39840000,0.1275034363597937
8.40240000,0.1270529676866593
8.40640000,0.1264320889196124
8.41040000,0.1256609500516117
8.41440000,0.1246502111425710
8.41840000,0.1235816733818930
8.42140000,0.1225395888959026
8.42540000,0.1211731927335835
8.42940000,0.1195755397873038
8.43340000,0.1179557247565214
8.43740000,0.1162358206210193
8.44140000,0.1144852927713210
8.44540000,0.1126993898911077
8.44940000,0.1108805129101682
8.45340000,0.1091033803044273
8.45740000,0.1072425140341854
8.46140000,0.1055466223107545
8.46440000,0.1041150795134421
8.46840000,0.1024406278330189
8.47240000,0.1006356151330608
8.47640000,0.0989587293738325
8.48040000,0.0972749236907040
8.48440000,0.0956409312192752
8.48840000,0.0940420683477202
8.49240000,0.0924659144008774
8.49640000,0.0909743509051451
8.50040000,0.0894506183193317
8.50440000,0.0880913965882496
8.50740000,0.0869732285195685
8.51140000,0.0856887375995354
8.51540000,0.0843312754012692
8.51940000,0.0830883985699512
8.52340000,0.0818629797878763
8.52740000,0.0806793594911626
8.53140000,0.0795468841978297
8.53540000,0.0784867256153215
8.53940000,0.0774551477015255
8.54340000,0.0765671864239250
8.54640000,0.0758797196520193
8.55040000,0.0751242773189509
8.55440000,0.0743533683432888
8.55840000,0.0736892987578657
8.56240000,0.0730354842285267
8.56640000,0.0724010860363051
8.57040000,0.0717577294651127
8.57440000,0.0710853455939994
8.57840000,0.0704059464098656
8.58240000,0.0696259223081043
8.58640000,0.0688630429028188
8.58940000,0.0681658771327188
8.59340000,0.0672594895353449
8.59740000,0.0662018905205843
8.60140000,0.0651302748889695
8.60540000,0.0639577183512056
8.60940000,0.0627290317053014
8.61340000,0.0614325090433171
8.61740000,0.0600607157293743
8.62140000,0.0586616356885355
8.62540000,0.0570803138568787
8.62940000,0.0555565989580593
8.63240000,0.0541898324771783
8.63640000,0.0524570438064427
8.64040000,0.0504669342179211
8.64440000,0.0484360292706268
8.64840000,0.0462604757953278
8.65240000,0.0439692082061547
8.65640000,0.0415838625369361
8.66040000,0.0391697829808021
8.66440000,0.0365726700349248
8.66840000,0.0341592706203435
8.67140000,0.0321192126197756
8.67540000,0.0297205393941770
8.67940000,0.0271306584239662
8.68340000,0.0247250374405733
8.68740000,0.0222995796927124
8.69140000,0.0199515265604060
8.69540000,0.0176697155314473
8.69940000,0.0154303674349141
8.70340000,0.0133087080727677
8.70740000,0.0111328297382825
8.71140000,0.0092018099400697
8.71440000,0.0076465652169327
8.71840000,0.0058891846838363
8.72240000,0.0040611441266056
8.72640000,0.0024570066961236
8.73040000,0.0009486367512567
8.73440000,-0.0003827873467241
8.73840000,-0.0015171020482524
8.74240000,-0.0024649679928504
8.74640000,-0.0031938176021773
8.75040000,-0.0037356757504599
8.75440000,-0.0040448992156010
8.75740000,-0.0041199457098018
8.76140000,-0.0040677678894171
8.76540000,-0.0039117727959381
8.76940000,-0.0036579817871525
8.77340000,-0.0033591815374673
8.77740000,-0.0030432867173312
8.78140000,-0.0027440515456682
8.78540000,-0.0024930351799891
8.78940000,-0.0023158665205349
8.79340000,-0.0022063482358775
8.79640000,-0.0021582522309823
8.80040000,-0.0022164265098229
8.80440000,-0.0023917762699145
8.80840000,-0.0026748209276978
8.81240000,-0.0031039246467115
8.81640000,-0.0036709051151913
8.82040000,-0.0044244695585098
8.82440000,-0.0053979725481816
8.82840000,-0.0065661579543811
8.83240000,-0.0080936517507966
8.83640000,-0.0097003801682981
8.83940000,-0.0112630671325664
8.84340000,-0.0133725046612484
8.84740000,-0.0158902186985822
8.85140000,-0.0184810104503211
8.85540000,-0.0212615120127038
8.85940000,-0.0240984655740810
8.86340000,-0.0269706040765742
8.86740000,-0.0298547399781506
8.87140000,-0.0326193010837822
8.87540000,-0.0354297383231553
8.87940000,-0.0379012694379852
8.88240000,-0.0398803354603279
8.88640000,-0.0421103892067132
8.89040000,-0.0444324553527039
8.89440000,-0.0465046279728579
8.89840000,-0.0485008990355158
8.90240000,-0.0503875426153279
8.90640000,-0.0521783973342941
8.91040000,-0.0538694783666942
8.91440000,-0.0555474406818249
8.91840000,-0.0570156614349491
8.92140000,-0.0581743362822536
8.92540000,-0.0594779510216336
8.92940000,-0.0608243138113156
8.93340000,-0.0619759229423480
8.93740000,-0.0630304684255223
8.94140000,-0.0639357158435664
8.94540000,-0.0646889308517432
8.94940000,-0.0653009255535233
8.95340000,-0.0657443625146678
8.95740000,-0.0660425074684299
8.96140000,-0.0661826639339172
8.96440000,-0.0661814581270266
8.96840000,-0.0661030982023720
8.97240000,-0.0659529763427534
8.97640000,-0.0657265213312905
8.98040000,-0.0654534299039923
8.98440000,-0.0651555418701993
8.98840000,-0.0648496646894386
8.99240000,-0.0645452958815374
8.99640000,-0.0642469177180917
9.00040000,-0.0639555624941965
9.00440000,-0.0636995406599039
9.00740000,-0.0634971159027706
9.01140000,-0.0633196306830888
9.01540000,-0.0631713498410119
9.01940000,-0.0630755003244499
9.02340000,-0.0630287162536468
9.02740000,-0.0630476400155463
9.03140000,-0.0631338363354782
9.03540000,-0.0632733715857887
9.03940000,-0.0635059324299074
9.04340000,-0.0637791114881182
9.04640000,-0.0640767021959089
9.05040000,-0.0645371900266190
9.05440000,-0.0651304411307041
9.05840000,-0.0657844528215626
9.06240000,-0.0665483863090548
9.06640000,-0.0674008905462433
9.07040000,-0.0683530684331530
9.07440000,-0.0693986587340440
9.07840000,-0.0704887549432592
9.08240000,-0.0717211287886489
9.08640000,-0.0729061142013488
9.08940000,-0.0739568921398813
9.09340000,-0.0752521233538101
9.09740000,-0.0767019975645489
9.10140000,-0.0781084914796269
9.10540000,-0.0795759533808989
9.10940000,-0.0810440602276071
9.11340000,-0.0825086438477595
9.11740000,-0.0839680545354762
9.12140000,-0.0853671047522263
9.12540000,-0.0868202521727662
9.12940000,-0.0881337651800007
9.13240000,-0.0892266697870381
9.13640000,-0.0904979312590336
9.14040000,-0.0918661531800615
9.14440000,-0.0931597608066722
9.14840000,-0.0944699083803571
9.15240000,-0.0957689742265189
9.15640000,-0.0970469226162731
9.16040000,-0.0982846376523667
9.16440000,-0.0995532512210140
9.16840000,-0.1006999919786531
9.17140000,-0.1016414584396932
9.17540000,-0.1027068701840761
9.17940000,-0.1038226642265592
9.18340000,-0.1048266053596078
9.18740000,-0.1058073619735416
9.19140000,-0.1067236339219059
9.19540000,-0.1075648621153959
9.19940000,-0.1083309970836421
9.20340000,-0.1089922903569605
9.20740000,-0.1095689241556364
9.21140000,-0.1099965261220196
9.21440000,-0.1102405050822658
9.21840000,-0.1103741176279633
9.22240000,-0.1103698762416658
9.22640000,-0.1101851942800602
9.23040000,-0.1098199791331208
9.23440000,-0.1092718598151991
9.23840000,-0.1085306200375392
9.24240000,-0.1076204112834926
9.24640000,-0.1066000953608296
9.25040000,-0.1053945895622106
9.25440000,-0.1042008628899156
9.25740000,-0.1031091160287118
9.26140000,-0.1017459269967879
9.26540000,-0.1002127997665852
9.26940000,-0.0986896929644140
9.27340000,-0.0970997904622570
9.27740000,-0.0954610364289579
9.28140000,-0.0937843240876596
9.28540000,-0.0921106481618359
9.28940000,-0.0903267421637580
9.29340000,-0.0886605891707763
9.29640000,-0.0872169301266348
9.30040000,-0.0854791941106919
9.30440000,-0.0835577561625660
9.30840000,-0.0817122550397532
9.31240000,-0.0797977948335524
9.31640000,-0.0778814604393164
9.32040000,-0.0759557056034662
9.32440000,-0.0740203945887573
9.32840000,-0.0721549576611666
9.33240000,-0.0702204011986027
9.33640000,-0.0684756273219372
9.33940000,-0.0670312588314022
9.34340000,-0.0653710912949108
9.34740000,-0.0636033569523741
9.35140000,-0.0619756744556443
9.35540000,-0.0603379512570447
9.35940000,-0.0587494576745996
9.36340000,-0.0572060927820738
9.36740000,-0.0556982497638244
9.37140000,-0.0542810890784079
9.37540000,-0.0528416449842033
9.37940000,-0.0515714469035825
9.38240000,-0.0505529578575105
9.38640000,-0.0494087779154294
9.39040000,-0.0482190019498670
9.39440000,-0.0471505699616296
9.39840000,-0.0461122050609979
9.40240000,-0.0451294938659012
9.40640000,-0.0442051537650923
9.41040000,-0.0433401888419876
9.41440000,-0.0424730409310336
9.41840000,-0.0417018267476364
9.42140000,-0.0410833091660372
9.42540000,-0.0403749053639848
9.42940000,-0.0396302571092059
9.43340000,-0.0389692408270669
9.43740000,-0.0383237599361890
9.44140000,-0.0377258918931748
9.44540000,-0.0371743404309917
9.44940000,-0.0366567799854553
9.45340000,-0.0361836208456982
9.45740000,-0.0356973616815646
9.46140000,-0.0352699294051393
9.46440000,-0.0349309453165499
9.46840000,-0.0345181291943017
9.47240000,-0.0340463096382107
9.47640000,-0.0335753607065917
9.48040000,-0.0330506721433530
9.48440000,-0.0324944878758117
9.48840000,-0.0318973599055204
9.49240000,-0.0312488653946402
9.49640000,-0.0305731253769850
9.50040000,-0.0298039002312184
9.50440000,-0.0290777224984674
9.50740000,-0.0284558052176789
9.51140000,-0.0276812585102168
9.51540000,-0.0268092003082626
9.51940000,-0.0259571457727643
9.52340000,-0.0250810123052182
9.52740000,-0.0241991824205405
9.53140000,-0.0233105608703911
9.53540000,-0.0224236424601130
9.53940000,-0.0214644624810223
9.54340000,-0.0205716399265508
9.54640000,-0.0198115300830118
9.55040000,-0.0188680194036724
9.55440000,-0.0177912218212507
9.55840000,-0.0167289065863231
9.56240000,-0.0155948662564271
9.56640000,-0.0144368570144317
9.57040000,-0.0132397081074819
9.57440000,-0.0119888358008335
9.57840000,-0.0107321584475319
9.58240000,-0.0093654001805880
9.58640000,-0.0081028137947066
9.58940000,-0.0070351889296806
9.59340000,-0.0057495364911141
9.59740000,-0.0043391234104825
9.60140000,-0.0030249551658198
9.60540000,-0.0017237121177459
9.60940000,-0.0005017516071368
9.61340000,0.0006307087426414
9.61740000,0.0016735503266662
9.62140000,0.0025761376127341
9.62540000,0.0033874405447321
9.62940000,0.0040134070699254
9.63240000,0.0044443436319548
9.63640000,0.0049198726164597
9.64040000,0.0054394224231350
9.64440000,0.0059713814362884
9.64840000,0.0065949038816683
9.65240000,0.0073595512914156
9.65640000,0.0083002825219891
9.66040000,0.0093969377786544
9.66440000,0.0107659676559014
9.66840000,0.0121655017841243
9.67140000,0.0134799672504323
9.67540000,0.0151994536287446
9.67940000,0.0172041346819522
9.68340000,0.0192168459097755
9.68740000,0.0213602457796108
9.69140000,0.0235507633565895
9.69540000,0.0258092189782562
9.69940000,0.0281456661806642
9.70340000,0.0304667984082895
9.70740000,0.0329586967728704
9.71140000,0.0352648601253570
9.71440000,0.0372384906561092
9.71840000,0.0396054276767287
9.72240000,0.0422101630382245
9.72640000,0.0446868664129515
9.73040000,0.0472351825254524
9.73440000,0.0497663791208729
9.73840000,0.0523018584787835
9.74240000,0.0548562748669342
9.74640000,0.0573268593347507
9.75040000,0.0599080407287797
9.75440000,0.0622457632140676
9.75740000,0.0641917131779629
9.76140000,0.0664478206299892
9.76540000,0.0688404930254348
9.76940000,0.0710243675102746
9.77340000,0.0731540484322445
9.77740000,0.0751734225072613
9.78140000,0.0770674710276423
9.78540000,0.0788136958112026
9.78940000,0.0804861732285609
9.79340000,0.0819117597724641
9.79640000,0.0830036072126932
9.80040000,0.0841809302803772
9.80440000,0.0853578679424374
9.80840000,0.0863363564073606
9.81240000,0.0872300055561600
9.81640000,0.0880050404704694
9.82040000,0.0886586870164867
9.82440000,0.0891962534978898
9.82840000,0.0895935904126554
9.83240000,0.0898738144781531
9.83640000,0.0900221339466350
9.83940000,0.0900383183624756
9.84340000,0.0899580228143422
9.84740000,0.0897796819090093
9.85140000,0.0895060811089870
9.85540000,0.0891595202071129
9.85940000,0.0887553460662510
9.86340000,0.0882922604343201
9.86740000,0.0877766114059780
9.87140000,0.0872323143844892
9.87540000,0.0866325379580720
9.87940000,0.0860586531150095
9.88240000,0.0855401087398407
9.88640000,0.0849135865685140
9.89040000,0.0842164507209216
9.89440000,0.0835285193917885
9.89840000,0.0828218719958552
9.90240000,0.0821051345587809
9.90640000,0.0813806490368312
9.91040000,0.0806672208295630
9.91440000,0.0799461038680105
9.91840000,0.0793055169212536
9.92140000,0.0787872064319657
9.92540000,0.0782284661244978
9.92940000,0.0776688676859429
9.93340000,0.0771977016002790
9.93740000,0.0767763624853969
9.94140000,0.0764149208504704
9.94540000,0.0760990053157472
9.94940000,0.0758133895400925
9.95340000,0.0755648389865918
9.95740000,0.0753318116546065
9.96140000,0.0751297885674827
9.96440000,0.0749542278940582
9.96840000,0.0747424020791772
9.97240000,0.0744988893067865
9.97640000,0.0742451110331846
9.98040000,0.0739494563810115
9.98440000,0.0736069670385497
9.98840000,0.0731962290851660
9.99240000,0.0727103508950789
9.99640000,0.0721693572134122
10.00040000,0.0715121179630610
10.00440000,0.0708402007497429
10.00740000,0.0702006061342115
10.01140000,0.0693857318371634
10.01540000,0.0684622708344200
10.01940000,0.0675465438742256
10.02340000,0.0666030856712301
10.02740000,0.0656597353899771
10.03140000,0.0647389069257610
10.03540000,0.0638717015919406
10.03940000,0.0630324265939031
10.04340000,0.0623154160566159
10.04640000,0.0617721862809924
10.05040000,0.0612250075174361
10.05440000,0.0607303342239608
10.05840000,0.0603868081926227
10.06240000,0.0601420698975160
10.06640000,0.0600002366404981
10.07040000,0.0599579242858621
10.07440000,0.0600051023223701
10.07840000,0.0601352835922335
10.08240000,0.0603487334794633
10.08640000,0.0605948984307234
10.08940000,0.0608472518042221
10.09340000,0.0611799549574615
10.09740000,0.0615710725560103
10.10140000,0.0619682679274748
10.10540000,0.0623731096753746
10.10940000,0.0627642278050776
10.11340000,0.0631332558603314
10.11740000,0.0634727864258216
10.12140000,0.0637626281517007
10.12540000,0.0639866491807017
10.12940000,0.0641302211863875
10.13240000,0.0641921108038338
10.13640000,0.0641800433786061
10.14040000,0.0640938677262967
10.14440000,0.0639203595995144
10.14840000,0.0636674016137270
10.15240000,0.0633338757191408
10.15640000,0.0629288056422804
10.16040000,0.0624725825778877
10.16440000,0.0619102287431408
10.16840000,0.0613389031052273
10.17140000,0.0608078088524209
10.17540000,0.0601189435446785
10.17940000,0.0593137329537868
10.18340000,0.0584895406931709
10.18740000,0.0575827866863868
10.19140000,0.0566313059503901
10.19540000,0.0556355430032694
10.19940000,0.0545963264363225
10.20340000,0.0535512440559458
10.20740000,0.0524105877268645
10.21140000,0.0513480230582097
10.21440000,0.0504474653825978
10.21840000,0.0493809161879808
10.22240000,0.0482209989551460
10.22640000,0.0471358036110198
10.23040000,0.0460383903735424
10.23440000,0.0449774870681498
10.23840000,0.0439460347581815
10.24240000,0.0429267920785439
10.24640000,0.0419512827861795
10.25040000,0.0409337324618506
10.25440000,0.0400205247134416
10.25740000,0.0392661313620248
10.26140000,0.0383637646198125
10.26540000,0.0373634864367188
10.26940000,0.0363892007291092
10.27340000,0.0353830131899028
10.27740000,0.0343641915072084
10.28140000,0.0333342931947279
10.28540000,0.0323078101516220
10.28940000,0.0312156001976508
10.29340000,0.0302122053896680
10.29640000,0.0293768048810815
10.30040000,0.0283870394540365
10.30440000,0.0273069812612092
10.30840000,0.0262989377134092
10.31240000,0.0252840665116960
10.31640000,0.0243104393519313
10.32040000,0.0233709411249245
10.32440000,0.0224493307333761
10.32840000,0.0215762505275780
10.33240000,0.0206819579652949
10.33640000,0.0198953937313842
10.33940000,0.0192633515443370
10.34340000,0.0185181706143196
10.34740000,0.0176981836855908
10.35140000,0.0169226783903485
10.35540000,0.0161152097575999
10.35940000,0.0153027127131734
10.36340000,0.0144597894707645
10.36740000,0.0135647356504915
10.37140000,0.0126511043867784
10.37540000,0.0116222281245896
10.37940000,0.0106394735408559
10.38240000,0.0097612876389436
10.38640000,0.0086386333751267
10.39040000,0.0073541462515635
10.39440000,0.0060777658619028
10.39840000,0.0047578649978204
10.40240000,0.0034258955245756
10.40640000,0.0020985902737842
10.41040000,0.0008127302120256
10.41440000,-0.0005117378300443
10.41840000,-0.0017141618060755
10.42140000,-0.0027588338938269
10.42540000,-0.0041283681132800
10.42940000,-0.0058387442249143
10.43340000,-0.0077677312619133
10.43740000,-0.0101231505269321
10.44140000,-0.0128734385919442
10.44540000,-0.0160803610043508
10.44940000,-0.0197271478169911
10.45340000,-0.0236170825113804
10.45740000,-0.0279802240009670
10.46140000,-0.0321036238747099
10.46440000,-0.0356275334255713
10.46840000,-0.0397176250440190
10.47240000,-0.0440340449732425
10.47640000,-0.0479045168146659
10.48040000,-0.0516292262943877
10.48440000,-0.0550644797335290
10.48840000,-0.0582291131273595
10.49240000,-0.0611698675407204
10.49640000,-0.0637944867703685
10.50040000,-0.0663073494883760
10.50440000,-0.0684297755274634
10.50740000,-0.0700666300542863
10.51140000,-0.0718298520392231
10.51540000,-0.0735925926493091
10.51940000,-0.0750695823665959
10.52340000,-0.0764093369781580
10.52740000,-0.0775567778722746
10.53140000,-0.0784971440102492
10.53540000,-0.0792324036380399
10.53940000,-0.0797443538727740
10.54340000,-0.0800285803128030
10.54640000,-0.0800738774888581
10.55040000,-0.0799299839942977
10.55440000,-0.0795870655824628
10.55840000,-0.0790366992991246
10.56240000,-0.0783006611465934
10.56640000,-0.0774115570652702
10.57040000,-0.0763720494694889
10.57440000,-0.0751964095248777
10.57840000,-0.0739334464655022
10.58240000,-0.0725079060184012
10.58640000,-0.0711350136982787
10.58940000,-0.0699158062937579
10.59340000,-0.0684616773559421
10.59740000,-0.0668637820079597
10.60140000,-0.0653351168593555
10.60540000,-0.0637873538417297
10.60940000,-0.0622814496170320
10.61340000,-0.0608134315735225
10.61740000,-0.0593751390162226
10.62140000,-0.0580199670664824
10.62540000,-0.0566744061285159
10.62940000,-0.0554998726223513
10.63240000,-0.0545592565478754
10.63640000,-0.0535474975416263
10.64040000,-0.0525367385820528
10.64440000,-0.0516863618432733
10.64840000,-0.0509297732780251
10.65240000,-0.0502960449936100
10.65640000,-0.0497851046228263
10.66040000,-0.0493877840962778
10.66440000,-0.0491176752386809
10.66840000,-0.0489630207617856
10.67140000,-0.0489138319042980
10.67540000,-0.0489502474586558
10.67940000,-0.0490603915507997
10.68340000,-0.0492370277219709
10.68740000,-0.0494709909277227
10.69140000,-0.0497408419167579
10.69540000,-0.0500273479020903
10.69940000,-0.0503155715234663
10.70340000,-0.0505938080846660
10.70740000,-0.0508812300752091
10.71140000,-0.0511358897500864
10.71440000,-0.0513377470477257
10.71840000,-0.0515722696360928
10.72240000,-0.0518358124022828
10.72640000,-0.0521001205991214
10.73040000,-0.0523938247305055
10.73440000,-0.0527036599450358
10.73840000,-0.0530349687921082
10.74240000,-0.0533967820393926
10.74640000,-0.0537794267721550
10.75040000,-0.0542142151383831
10.75440000,-0.0546265883283809
10.75740000,-0.0549827367003678
10.76140000,-0.0554161090455510
10.76540000,-0.0559075320305994
10.76940000,-0.0564094065449984
10.77340000,-0.0569503787553926
10.77740000,-0.0575302528616891
10.78140000,-0.0581545346123780
10.78540000,-0.0588130250279533
10.78940000,-0.0595456720983805
10.79340000,-0.0602398533434006
10.79640000,-0.0608356848834596
10.80040000,-0.0615366684296144
10.80440000,-0.0623037406285537
10.80840000,-0.0630355127571714
10.81240000,-0.0637786423586832
10.81640000,-0.0644976244553527
10.82040000,-0.0651875144210914
10.82440000,-0.0658506904647078
10.82840000,-0.0664609481943260
10.83240000,-0.0670378697471157
10.83640000,-0.0675101670390144
10.83940000,-0.0678519511517463
10.84340000,-0.0681828540953669
10.84740000,-0.0684849093827171
10.85140000,-0.0687044175082988
10.85540000,-0.0688613869731072
10.85940000,-0.0689482684691882
10.86340000,-0.0689660803540470
10.86740000,-0.0689231505035163
10.87140000,-0.0688212390241336
10.87540000,-0.0686293632320626
10.87940000,-0.0683912200971458
10.88240000,-0.0681316707588134
10.88640000,-0.0677533983865897
10.89040000,-0.0672803515425785
10.89440000,-0.0667520081991932
10.89840000,-0.0661551154761751
10.90240000,-0.0655006211611639
10.90640000,-0.0648009903598259
10.91040000,-0.0640784857621090
10.91440000,-0.0632707736957810
10.91840000,-0.0624955215527148
10.92140000,-0.0618151628973796
10.92540000,-0.0609903500293872
10.92940000,-0.0600812763951680
10.93340000,-0.0592158731604975
10.93740000,-0.0583313266090532
10.94140000,-0.0574699204077156
10.94540000,-0.0566397296215777
10.94940000,-0.0558403357898622
10.95340000,-0.0550981190003136
10.95740000,-0.0543557467398602
10.96140000,-0.0537120624298296
10.96440000,-0.0532098264932472
10.96840000,-0.0526514258316108
10.97240000,-0.0520659179540504
10.97640000,-0.0515377383600930
10.98040000,-0.0510117158456823
10.98440000,-0.0505139426903903
10.98840000,-0.0500386766320946
10.99240000,-0.0495695240621418
10.99640000,-0.0491152622997732
11.00040000,-0.0486251566069390
11.00440000,-0.0481770597479198
11.00740000,-0.0478021414873992
11.01140000,-0.0473398012967022
11.01540000,-0.0468182046313476
11.01940000,-0.0463041274936457
11.02340000,-0.0457720252793841
11.02740000,-0.0452296961700869
11.03140000,-0.0446712479183719
11.03540000,-0.0440978984034825
11.03940000,-0.0434517230840079
11.04340000,-0.0428296300309942
11.04640000,-0.0422759405428750
11.05040000,-0.0415606665990680
11.05440000,-0.0407138246320728
11.05840000,-0.0398388541866177
11.06240000,-0.0388712188300706
11.06640000,-0.0378511384089178
11.07040000,-0.0367654950266929
11.07440000,-0.0356047684194518
11.07840000,-0.0344129478473703
11.08240000,-0.0330882308302655
11.08640000,-0.0318361892269930
11.08940000,-0.0307424635398101
11.09340000,-0.0293926949217732
11.09740000,-0.0278653761184263
11.10140000,-0.0263675555971534
11.10540000,-0.0247862463586496
11.10940000,-0.0231784309845413
11.11340000,-0.0215158948827635
11.11740000,-0.0197762234676127
11.12140000,-0.0180243016957196
11.12540000,-0.0161017998804058
11.12940000,-0.0142914988500477
11.13240000,-0.0127045378348585
11.13640000,-0.0107550256600206
11.14040000,-0.0085840953191160
11.14440000,-0.0064797682441841
11.14840000,-0.0043442696924515
11.15240000,-0.0022321803959117
11.15640000,-0.0001672954946992
11.16040000,0.0018056001265313
11.16440000,0.0038050774330745
11.16840000,0.0056065686479917
11.17140000,0.0071488275644873
11.17540000,0.0090892790103556
11.17940000,0.0114018687639842
11.18340000,0.0138648387060024
11.18740000,0.0166874957582483
11.19140000,0.0197871354564906
11.19540000,0.0231725410789594
11.19940000,0.0267984094760902
11.20340000,0.0304642266020144
11.20740000,0.0343526397629938
11.21140000,0.0378799691391959
11.21440000,0.0407732372079706
11.21840000,0.0440226433899414
11.22240000,0.0473836589502493
11.22640000,0.0503386106999087
11.23040000,0.0531639208647110
11.23440000,0.0557656377354335
11.23840000,0.0581739865012208
11.24240000,0.0604342676938356
11.24640000,0.0624717984008184
11.25040000,0.0644470672970388
11.25440000,0.0661297653878241
11.25740000,0.0674370004453540
11.26140000,0.0688549559095738
11.26540000,0.0702798912533411
11.26940000,0.0714813182969080
11.27340000,0.0725769869782223
11.27740000,0.0735163925505456
11.28140000,0.0742799791694874
11.28540000,0.0748633723144757
11.28940000,0.0752392246673798
11.29340000,0.0754102695531031
11.29640000,0.0753672485854596
11.30040000,0.0751179985201176
11.30440000,0.0746527591951419
11.30840000,0.0739754732352094
11.31240000,0.0730913683116967
11.31640000,0.0720358091598522
11.32040000,0.0708052941003336
11.32440000,0.0694119108928837
11.32840000,0.0679127055371129
11.33240000,0.0662029819526406
11.33640000,0.0645402641916720
11.33940000,0.0630400082654591
11.34340000,0.0612060840313965
11.34740000,0.0591408951957255
11.35140000,0.0571002432433539
11.35540000,0.0549537186723282
11.35940000,0.0527766668070903
11.36340000,0.0505548562161348
11.36740000,0.0482822402411267
11.37140000,0.0460504058328821
11.37540000,0.0437158473167135
11.37940000,0.0415909229179474
11.38240000,0.0398059793413742
11.38640000,0.0377660725419683
11.39040000,0.0356146069595513
11.39440000,0.0336471789485196
11.39840000,0.0317365194872559
11.40240000,0.0299275860692040
11.40640000,0.0282251112651837
11.41040000,0.0266445584854646
11.41440000,0.0251390349930382
11.41840000,0.0238585087113329
11.42140000,0.0228799705635717
11.42540000,0.0218762640269596
11.42940000,0.0209223283692851
11.43340000,0.0201867827190884
11.43740000,0.0196042753814336
11.44140000,0.0192016457664105
11.44540000,0.0189847864902761
11.44940000,0.0189408845760411
11.45340000,0.0190680266375236
11.45740000,0.0194083419865303
11.46140000,0.0198702911187436
11.46440000,0.0204059346058756
11.46840000,0.0212132572981016
11.47240000,0.0222618113107865
11.47640000,0.0234517540548829
11.48040000,0.0248443293122809
11.48440000,0.0263835071773151
11.48840000,0.0280772155535861
11.49240000,0.0299219927508193
11.49640000,0.0318437893333444
11.50040000,0.0339947346098173
11.50440000,0.0360467735731724
11.50740000,0.0378562829513746
11.51140000,0.0400587424148477
11.51540000,0.0425135544197610
11.51940000,0.0449339719471913
11.52340000,0.0474434492868677
11.52740000,0.0500058785031694
11.53140000,0.0526149878576166
11.53540000,0.0552248661896691
11.53940000,0.0579967592542497
11.54340000,0.0605686908953840
11.54640000,0.0627610473245724
11.55040000,0.0653342383558349
11.55440000,0.0681275917408391
11.55840000,0.0707544817078299
11.56240000,0.0733985990222522
11.56640000,0.0759479642753147
11.57040000,0.0783936765255410
11.57440000,0.0807410613842856
11.57840000,0.0828982240488671
11.58240000,0.0849730956559447
11.58640000,0.0867146518851212
11.58940000,0.0880197607800169
11.59340000,0.0893331955198626
11.59740000,0.0905534572733537
11.60140000,0.0914589706203145
11.60540000,0.0921455586208573
11.60940000,0.0925811572691154
11.61340000,0.0927638922010979
11.61740000,0.0927216179006048
11.62140000,0.0924691507495514
11.62540000,0.0919653391235178
11.62940000,0.0913376780368719
11.63240000,0.0906602002383624
11.63640000,0.0897078524895480
11.64040000,0.0885503453208010
11.64440000,0.0872974979617048
11.64840000,0.0859156119217755
11.65240000,0.0844181452780156
11.65640000,0.0828182704322779
11.66040000,0.0811612804130290
11.66440000,0.0793186142670806
11.66840000,0.0775521453592912
11.67140000,0.0759900289575391
11.67540000,0.0740853046171897
11.67940000,0.0719522887427558
11.68340000,0.0698647467696793
11.68740000,0.0676623433793309
11.69140000,0.0654250688968614
11.69540000,0.0631365420614703
11.69940000,0.0607839509401518
11.70340000,0.0584519454673735
11.70740000,0.0559558216902024
11.71140000,0.0536480824837326
11.71440000,0.0516841570988368
11.71840000,0.0493712951849641
11.72240000,0.0468488947897130
11.72640000,0.0444559439453790
11.73040000,0.0419992948747212
11.73440000,0.0395709359547587
11.73840000,0.0371507432414587
11.74240000,0.0347125126316790
11.74640000,0.0323413171281376
11.75040000,0.0298448653353369
11.75440000,0.0275668075001329
11.75740000,0.0256436655025622
11.76140000,0.0233760345909461
11.76540000,0.0209073653364878
11.76940000,0.0185466827822903
11.77340000,0.0161502994751616
11.77740000,0.0137580358545552
11.78140000,0.0113714129716549
11.78540000,0.0090215649918961
11.78940000,0.0065758636633058
11.79340000,0.0043508068105853
11.79640000,0.0025192711232904
11.80040000,0.0004481307214827
11.80440000,-0.0016993851062610
11.80840000,-0.0035693402196304
11.81240000,-0.0053127559821222
11.81640000,-0.0068486360580289
11.82040000,-0.0082132824299851
11.82440000,-0.0094800319408180
11.82840000,-0.0106515977277609
11.83240000,-0.0118983679912405
11.83640000,-0.0130685992760303
11.83940000,-0.0141120829921667
11.84340000,-0.0154212868789632
11.84740000,-0.0168963339643902
11.85140000,-0.0183086111690573
11.85540000,-0.0197056524363198
11.85940000,-0.0210036383667016
11.86340000,-0.0221758705230871
11.86740000,-0.0232159780535031
11.87140000,-0.0240834961557889
11.87540000,-0.0248145490086003
11.87940000,-0.0253442277494961
11.88240000,-0.0256613872577100
11.88640000,-0.0259151383094509
11.89040000,-0.0260869450755139
11.89440000,-0.0261071851424583
11.89840000,-0.0260168887238013
11.90240000,-0.0258007730251488
11.90640000,-0.0254627025332699
11.91040000,-0.0250238267265834
11.91440000,-0.0244208461802346
11.91840000,-0.0237563510839128
11.92140000,-0.0230808632887423
11.92540000,-0.0221977211252437
11.92940000,-0.0211587064744223
11.93340000,-0.0200753083626389
11.93740000,-0.0188962093871410
11.94140000,-0.0176708743407869
11.94540000,-0.0164108368112273
11.94940000,-0.0151273643915006
11.95340000,-0.0138675375903167
11.95740000,-0.0125497353674015
11.96140000,-0.0113436409934917
11.96440000,-0.0103267880318786
11.96840000,-0.0091769057762961
11.97240000,-0.0079649401770115
11.97640000,-0.0068546351101719
11.98040000,-0.0057739013262586
11.98440000,-0.0047724416952892
11.98840000,-0.0038627227788895
11.99240000,-0.0030411472232274
11.99640000,-0.0023328102228167
12.00040000,-0.0017183178395198
12.00440000,-0.0012514176083699
12.00740000,-0.0009509073151753
12.01140000,-0.0007283071206952
12.01540000,-0.0005843797622448
12.01940000,-0.0005520621246059
12.02340000,-0.0006008669030893
12.02740000,-0.0007433939267362
12.03140000,-0.0009758041577682
12.03540000,-0.0012761318988606
12.03940000,-0.0017004328022479
12.04340000,-0.0021697605482375
12.04640000,-0.0026597495609102
12.05040000,-0.0033717289352649
12.05440000,-0.0042732791814560
12.05840000,-0.0052703069572297
12.06240000,-0.0064354639815018
12.06640000,-0.0077364270963153
12.07040000,-0.0091903475704046
12.07440000,-0.0107906853666430
12.07840000,-0.0124663207627099
12.08240000,-0.0143593913154808
12.08640000,-0.0161811973450360
12.08940000,-0.0177964552075870
12.09340000,-0.0197630442068739
12.09740000,-0.0219381984071549
12.10140000,-0.0240157307758339
12.10540000,-0.0261390432338041
12.10940000,-0.0282208329557859
12.11340000,-0.0302624285782413
12.11740000,-0.0322738867818186
12.12140000,-0.0341864628325797
12.12540000,-0.0361520180092795
12.12940000,-0.0379136432132802
12.13240000,-0.0393624634989371
12.13640000,-0.0410155291408127
12.14040000,-0.0427594642493328
12.14440000,-0.0443564011341452
12.14840000,-0.0459229431270655
12.15240000,-0.0474172341423373
12.15640000,-0.0488290193471587
12.16040000,-0.0501470361839842
12.16440000,-0.0514365082767034
12.16840000,-0.0525605914021659
12.17140000,-0.0534440739471602
12.17540000,-0.0544084672782124
12.17940000,-0.0553933347565981
12.18340000,-0.0562528627120374
12.18740000,-0.0570844725236452
12.19140000,-0.0578574178104437
12.19540000,-0.0585790750205351
12.19940000,-0.0592658831744954
12.20340000,-0.0599011175071621
12.20740000,-0.0605446760304789
12.21140000,-0.0611132846091699
12.21440000,-0.0615718562178843
12.21840000,-0.0620913408999594
12.22240000,-0.0626425969263861
12.22640000,-0.0631483117644088
12.23040000,-0.0636520296625472
12.23440000,-0.0641300890339143
12.23840000,-0.0645845947643947
12.24240000,-0.0650261848867100
12.24640000,-0.0654439407654303
12.25040000,-0.0658668407950946
12.25440000,-0.0662344148019443
12.25740000,-0.0665202302483889
12.26140000,-0.0668311463457484
12.26540000,-0.0671496368522686
12.26940000,-0.0674265236764212
12.27340000,-0.0676833833384458
12.27740000,-0.0679077557319651
12.28140000,-0.0681006433006101
12.28540000,-0.0682669004739491
12.28940000,-0.0684004937566360
12.29340000,-0.0684861416314457
12.29640000,-0.0685059753979295
12.30040000,-0.0684587806926058
12.30440000,-0.0683346764821516
12.30840000,-0.0681249330221101
12.31240000,-0.0678157372202314
12.31640000,-0.0674111378721674
12.32040000,-0.0669052958493551
12.32440000,-0.0663074798284886
12.32840000,-0.0656446352551193
12.33240000,-0.0648467917794867
12.33640000,-0.0640371950379961
12.33940000,-0.0632766808050566
12.34340000,-0.0623144163435661
12.34740000,-0.0612224613319505
12.35140000,-0.0601470703140049
12.35540000,-0.0590237939294731
12.35940000,-0.0578993898864827
12.36340000,-0.0567778244239709
12.36740000,-0.0556605204566080
12.37140000,-0.0545870000367411
12.37540000,-0.0534728490097323
12.37940000,-0.0524650678860302
12.38240000,-0.0516272682007468
12.38640000,-0.0506625943597738
12.39040000,-0.0496317993644231
12.39440000,-0.0486617196574913
12.39840000,-0.0476831644014283
12.40240000,-0.0467145387659556
12.40640000,-0.0457604724804950
12.41040000,-0.0448322617459866
12.41440000,-0.0438698358419937
12.41840000,-0.0429897779607508
12.42140000,-0.0422542493159418
12.42540000,-0.0413997716732830
12.42940000,-0.0404764811100419
12.43340000,-0.0396068003753859
12.43740000,-0.0387087056337327
12.44140000,-0.0378158895996671
12.44540000,-0.0369226581282343
12.44940000,-0.0360203805202675
12.45340000,-0.0351374718375740
12.45740000,-0.0341944826918889
12.46140000,-0.0333241974922465
12.46440000,-0.0325843975899273
12.46840000,-0.0317035927019499
12.47240000,-0.0307291544901543
12.47640000,-0.0297879731039048
12.48040000,-0.0288037895653169
12.48440000,-0.0278174449270187
12.48840000,-0.0268190199894323
12.49240000,-0.0257929002586877
12.49640000,-0.0247700347062241
12.50040000,-0.0236548464813659
12.50440000,-0.0226112229682221
12.50740000,-0.0217056288851936
12.51140000,-0.0206002295875908
12.51540000,-0.0193624985933505
12.51940000,-0.0181379221473232
12.52340000,-0.0168637702669483
12.52740000,-0.0155585055109223
12.53140000,-0.0142235184883309
12.53540000,-0.0128810901204954
12.53940000,-0.0114407900393994
12.54340000,-0.0100996645909195
12.54640000,-0.0089542880590326
12.55040000,-0.0075888379376900
12.55440000,-0.0060890914573551
12.55840000,-0.0046668319448433
12.56240000,-0.0032323161321209
12.56640000,-0.0018551566354905
12.57040000,-0.0005534356196707
12.57440000,0.0006651775159399
12.57840000,0.0017431166485545
12.58240000,0.0027056192667042
12.58640000,0.0034362863800541
12.58940000,0.0038925026201973
12.59340000,0.0042640382398626
12.59740000,0.0045376606770877
12.60140000,0.0046571442847803
12.60540000,0.0046930492726272
12.60940000,0.0046605868740090
12.61340000,0.0045852179845949
12.61740000,0.0044918761934675
12.62140000,0.0043821180860517
12.62540000,0.0042409813857296
12.62940000,0.0040766920868819
12.63240000,0.0038888157878530
12.63640000,0.0036200646943421
12.64040000,0.0032685278002040
12.64440000,0.0028422363694064
12.64840000,0.0023362166837717
12.65240000,0.0017633199742437
12.65640000,0.0011454772757486
12.66040000,0.0005149639157637
12.66440000,-0.0001492615518573
12.66840000,-0.0007584679455047
12.67140000,-0.0012641201927963
12.67540000,-0.0018111392466699
12.67940000,-0.0023672955613435
12.68340000,-0.0028649176164055
12.68740000,-0.0033539706302756
12.69140000,-0.0038205738166035
12.69540000,-0.0042666584888625
12.69940000,-0.0046990899793024
12.70340000,-0.0051082644975080
12.70740000,-0.0055173767058412
12.71140000,-0.0058772475639452
12.71440000,-0.0061599250839574
12.71840000,-0.0064345063167722
12.72240000,-0.0066797588279826
12.72640000,-0.0068564717266355
12.73040000,-0.0069677520206244
12.73440000,-0.0069976762967152
12.73840000,-0.0069259018162863
12.74240000,-0.0067492782291425
12.74640000,-0.0064796591361096
12.75040000,-0.0060659267076957
12.75440000,-0.0055934345921144
12.75740000,-0.0051037220279947
12.76140000,-0.0044206678710677
12.76540000,-0.0036119140435329
12.76940000,-0.0027809091462347
12.77340000,-0.0019101235812526
12.77740000,-0.0010123464268664
12.78140000,-0.0000919897064214
12.78540000,0.0008361249332158
12.78940000,0.0018956803614614
12.79340000,0.0029648477165752
12.79640000,0.0040242462821593
12.80040000,0.0055186433599293
12.80440000,0.0074146883357595
12.80840000,0.0095381962678727
12.81240000,0.0120178321390736
12.81640000,0.0147662048693193
12.82040000,0.0177749070989132
12.82440000,0.0209948127661838
12.82840000,0.0242609706257479
12.83240000,0.0277616038175511
12.83640000,0.0309819318336710
12.83940000,0.0336810036496522
12.84340000,0.0367786305009693
12.84740000,0.0400607078486349
12.85140000,0.0430565722190852
12.85540000,0.0460254404326309
12.85940000,0.0488600288502943
12.86340000,0.0515787550029015
12.86740000,0.0542148170640255
12.87140000,0.0566820252736213
12.87540000,0.0591774169570392
12.87940000,0.0613881178789299
12.88240000,0.0631892393964207
12.88640000,0.0652217038065006
12.89040000,0.0673483816596572
12.89440000,0.0692691185496775
12.89840000,0.0711228933719047
12.90240000,0.0728458473633710
12.90640000,0.0744181626583873
12.91040000,0.0758285533456157
12.91440000,0.0771185050323329
12.91840000,0.0781725939049415
12.92140000,0.0789234952149229
12.92540000,0.0796450760163516
12.92940000,0.0802883781448785
12.93340000,0.0807373891356118
12.93740000,0.0810701965821760
12.94140000,0.0812727884868879
12.94540000,0.0813416881134691
12.94940000,0.0812905655097151
12.95340000,0.0811273030833693
12.95740000,0.0808266384830190
12.96140000,0.0804486752384925
12.96440000,0.0800190978512094
12.96840000,0.0793938976966345
12.97240000,0.0786048784388048
12.97640000,0.0777329351598744
12.98040000,0.0767287362574145
12.98440000,0.0756184426293013
12.98840000,0.0743858539306393
12.99240000,0.0730354812091298
12.99640000,0.0716281609752112
13.00040000,0.0700512776472911
13.00440000,0.0685370950529472
13.00740000,0.0671851300806778
13.01140000,0.0655321498337391
13.01540000,0.0636892687112049
13.01940000,0.0618687966552440
13.02340000,0.0599753654477612
13.02740000,0.0580345914523458
13.03140000,0.0560605731177173
13.03540000,0.0541000872365844
13.03940000,0.0520385554443519
13.04340000,0.0501354630540623
13.04640000,0.0485145766792201
13.05040000,0.0466125847051501
13.05440000,0.0445474568289527
13.05840000,0.0425978662557463
13.06240000,0.0406027987404232
13.06640000,0.0386279407927666
13.07040000,0.0366600191670774
13.07440000,0.0346910954476837
13.07840000,0.0327988914233196
13.08240000,0.0308518445614856
13.08640000,0.0291065529817846
13.08940000,0.0276759596984367
13.09340000,0.0260735102610463
13.09740000,0.0244145217875899
13.10140000,0.0229458074551620
13.10540000,0.0215417152947533
13.10940000,0.0202595694821474
13.11340000,0.0191075369775318
13.11740000,0.0180775628712508
13.12140000,0.0172027591347240
13.12540000,0.0164285148547350
13.12940000,0.0158272983357321
13.13240000,0.0154242878808608
13.13640000,0.0150674981770324
13.14040000,0.0147749639882798
13.14440000,0.0146023969937651
13.14840000,0.0144991050332524
13.15240000,0.0144766077016189
13.15640000,0.0145338841801492
13.16040000,0.0146537871594356
13.16440000,0.0148532006519753
13.16840000,0.0150858154121741
13.17140000,0.0153386654218140
13.17540000,0.0156929164427465
13.17940000,0.0161298429936601
13.18340000,0.0165997642482034
13.18740000,0.0171139572923823
13.19140000,0.0176529926182058
13.19540000,0.0182146746998794
13.19940000,0.0187902759073801
13.20340000,0.0193492527554357
13.20740000,0.0199121896665347
13.21140000,0.0204098911333993
13.21440000,0.0208151208913762
13.21840000,0.0212543945312239
13.22240000,0.0216939049766929
13.22640000,0.0220654556193692
13.23040000,0.0224040800444624
13.23440000,0.0227053622866810
13.23840000,0.0229771475738902
13.24240000,0.0232250844949482
13.24640000,0.0234398168827370
13.25040000,0.0236342029713204
13.25440000,0.0237968663833881
13.25740000,0.0239266886012626
13.26140000,0.0240561245690469
13.26540000,0.0241783707993895
13.26940000,0.0242819712328124
13.27340000,0.0243816488050161
13.27740000,0.0244775076128383
13.28140000,0.0245646866240092
13.28540000,0.0246362728306639
13.28940000,0.0246844541930319
13.29340000,0.0247157409450272
13.29640000,0.0247351277419762
13.30040000,0.0247340852101799
13.30440000,0.0247102666430815
13.30840000,0.0246672762842160
13.31240000,0.0246040171853333
13.31640000,0.0245274956444932
13.32040000,0.0244324983176343
13.32440000,0.0243121632713977
13.32840000,0.0241681238498196
13.33240000,0.0239769912150617
13.33640000,0.0237765284245070
13.33940000,0.0235774411405705
13.34340000,0.0232824329941425
13.34740000,0.0228965428362454
13.35140000,0.0224597751014749
13.35540000,0.0219351802788559
13.35940000,0.0213344275604715
13.36340000,0.0206293866317673
13.36740000,0.0198050042830663
13.37140000,0.0188936016835776
13.37540000,0.0177936219846453
13.37940000,0.0166849682461789
13.38240000,0.0156344983171999
13.38640000,0.0142471841809487
13.39040000,0.0126075120779358
13.39440000,0.0108920340497361
13.39840000,0.0090411960501865
13.40240000,0.0070886244889486
13.40640000,0.0050653423505149
13.41040000,0.0030453475789489
13.41440000,0.0009410930662266
13.41840000,-0.0009631673432995
13.42140000,-0.0025496846356598
13.42540000,-0.0044283003033985
13.42940000,-0.0065508129199776
13.43340000,-0.0087050708316583
13.43740000,-0.0111380094534533
13.44140000,-0.0138210348876320
13.44540000,-0.0168210668926044
13.44940000,-0.0201421078517864
13.45340000,-0.0236128116846005
13.45740000,-0.0274236841165587
13.46140000,-0.0309661931263196
13.46440000,-0.0339264922301471
13.46840000,-0.0372538123184796
13.47240000,-0.0406500922196724
13.47640000,-0.0435536847019565
13.48040000,-0.0462041398849793
13.48440000,-0.0484998728912168
13.48840000,-0.0504587155802494
13.49240000,-0.0521356186930121
13.49640000,-0.0534951089355154
13.50040000,-0.0546440923250306
13.50440000,-0.0555009642319795
13.50740000,-0.0560553460470978
13.51140000,-0.0565314883834671
13.51540000,-0.0568993468571702
13.51940000,-0.0570665211720204
13.52340000,-0.0571022627801077
13.52740000,-0.0569865239675576
13.53140000,-0.0567177582138090
13.53540000,-0.0563190977770339
13.53940000,-0.0557271508944704
13.54340000,-0.0550621899102432
13.54640000,-0.0543773665896201
13.55040000,-0.0534531002407593
13.55440000,-0.0523394395073857
13.55840000,-0.0511606276430622
13.56240000,-0.0498717557248927
13.56640000,-0.0485295632336979
13.57040000,-0.0471446736463286
13.57440000,-0.0457298881538007
13.57840000,-0.0443468407848423
13.58240000,-0.0429322323589525
13.58640000,-0.0416789083823739
13.58940000,-0.0406746214724429
13.59340000,-0.0395892900977635
13.59740000,-0.0384979965024897
13.60140000,-0.0375690810513098
13.60540000,-0.0367185860459096
13.60940000,-0.0359757247874203
13.61340000,-0.0353295896133775
13.61740000,-0.0347592070958197
13.62140000,-0.0342790535319783
13.62540000,-0.0338600810123247
13.62940000,-0.0335353820095004
13.63240000,-0.0333082412086939
13.63640000,-0.0330989331700293
13.64040000,-0.0329196549228973
13.64440000,-0.0328094663960810
13.64840000,-0.0327496156821338
13.65240000,-0.0327483891935542
13.65640000,-0.0328051994444688
13.66040000,-0.0329134796931204
13.66440000,-0.0331055434825504
13.66840000,-0.0333380405945435
13.67140000,-0.0335865354798681
13.67540000,-0.0339300811271418
13.67940000,-0.0343382098519186
13.68340000,-0.0347557225417770
13.68740000,-0.0351926885250923
13.69140000,-0.0356205608004814
13.69540000,-0.0360218432030435
13.69940000,-0.0363872345612686
13.70340000,-0.0367034740910857
13.70740000,-0.0369800669422134
13.71140000,-0.0371873538487020
13.71440000,-0.0373114441229477
13.71840000,-0.0374001270301570
13.72240000,-0.0374536674365278
13.72640000,-0.0374617435633518
13.73040000,-0.0374377106514497
13.73440000,-0.0373781518044413
13.73840000,-0.0372806564267818
13.74240000,-0.0371524709910247
13.74640000,-0.0370050850509996
13.75040000,-0.0368271592598986
13.75440000,-0.0366457057456681
13.75740000,-0.0364708141850373
13.76140000,-0.0362407044360091
13.76540000,-0.0359705007875801
13.76940000,-0.0356824271313993
13.77340000,-0.0353585856797476
13.77740000,-0.0349952946090710
13.78140000,-0.0345966092220484
13.78540000,-0.0341804032169985
13.78940000,-0.0337206974070770
13.79340000,-0.0332832101738461
13.79640000,-0.0329013915565545
13.80040000,-0.0324505349720765
13.80440000,-0.0319736298386565
13.80840000,-0.0315480643903974
13.81240000,-0.0311414680438381
13.81640000,-0.0307695577011374
13.82040000,-0.0304340003741341
13.82440000,-0.0301345587107552
13.82840000,-0.0298800331602702
13.83240000,-0.0296384422763962
13.83640000,-0.0294282677086254
13.83940000,-0.0292525045054541
13.84340000,-0.0290404804492216
13.84740000,-0.0288024088569533
13.85140000,-0.0285635107637079
13.85540000,-0.0282958256143265
13.85940000,-0.0280067892131945
13.86340000,-0.0276997310268270
13.86740000,-0.0273810065837688
13.87140000,-0.0270659319321536
13.87540000,-0.0267295482323269
13.87940000,-0.0264222493081593
13.88240000,-0.0261707194124586
13.88640000,-0.0258848391420245
13.89040000,-0.0255847118851209
13.89440000,-0.0253085713329532
13.89840000,-0.0250327552958946
13.90240000,-0.0247650761461103
13.90640000,-0.0245082911905041
13.91040000,-0.0242626028461570
13.91440000,-0.0240027281009662
13.91840000,-0.0237595681758569
13.92140000,-0.0235521405088665
13.92540000,-0.0233024977623066
13.92940000,-0.0230302943423479
13.93340000,-0.0227761011694071
13.93740000,-0.0225215584955207
13.94140000,-0.0222842012850748
13.94540000,-0.0220737018853988
13.94940000,-0.0218922825493610
13.95340000,-0.0217438607297300
13.95740000,-0.0216159189371598
13.96140000,-0.0215236813341743
13.96440000,-0.0214747987414882
13.96840000,-0.0214395403875411
13.97240000,-0.0214185173173605
13.97640000,-0.0214201339317216
13.98040000,-0.0214380185099942
13.98440000,-0.0214780014064148
13.98840000,-0.0215411055010109
13.99240000,-0.0216198083351083
13.99640000,-0.0217048002140887
14.00040000,-0.0217927856679670
14.00440000,-0.0218764877862507
14.00740000,-0.0219509500241961
14.01140000,-0.0220231834386451
14.01540000,-0.0220848675586174
14.01940000,-0.0221278877258129
14.02340000,-0.0221605493335134
14.02740000,-0.0221832467008305
14.03140000,-0.0221929270730099
14.03540000,-0.0221862712914508
14.03940000,-0.0221522178944125
14.04340000,-0.0221069440021268
14.04640000,-0.0220578834596101
14.05040000,-0.0219684485912362
14.05440000,-0.0218323587029146
14.05840000,-0.0216565146358425
14.06240000,-0.0214199065869016
14.06640000,-0.0211277329983427
14.07040000,-0.0207612576541172
14.07440000,-0.0203071520077787
14.07840000,-0.0197789257488194
14.08240000,-0.0191175729400662
14.08640000,-0.0184413575725563
14.08940000,-0.0178009734467409
14.09340000,-0.0169537217439066
14.09740000,-0.0159383757868547
14.10140000,-0.0148713541081896
14.10540000,-0.0136821940214725
14.10940000,-0.0124108494207088
14.11340000,-0.0110431016043788
14.11740000,-0.0095772880740834
14.12140000,-0.0080802726919745
14.12540000,-0.0064533461320907
14.12940000,-0.0049459235186539
14.13240000,-0.0036724786437313
14.13640000,-0.0021897421054608
14.14040000,-0.0006135871389648
14.14440000,0.0008646533848174
14.14840000,0.0023625620625460
14.15240000,0.0039306684126847
14.15640000,0.0056439761172884
14.16040000,0.0075245158977784
14.16440000,0.0098186229765358
14.16840000,0.0121904274321504
14.17140000,0.0144779157909791
14.17540000,0.0174747590907762
14.17940000,0.0209706466196159
14.18340000,0.0244954366300397
14.18740000,0.0281934512881798
14.19140000,0.0318848467150863
14.19540000,0.0355245362923730
14.19940000,0.0390765163688521
14.20340000,0.0423898529936051
14.20740000,0.0456438647959109
14.21140000,0.0484413011353923
14.21440000,0.0506244669805437
14.21840000,0.0529677859157603
14.22240000,0.0553160096263775
14.22640000,0.0573053171346604
14.23040000,0.0591479221640974
14.23440000,0.0607867471190246
14.23840000,0.0622451374817364
14.24240000,0.0635627133119821
14.24640000,0.0647005051051126
14.25040000,0.0657386913641848
14.25440000,0.0665699485249956
14.25740000,0.0671524059765217
14.26140000,0.0676887637098877
14.26540000,0.0681260336852064
14.26940000,0.0683508018586484
14.27340000,0.0684222981332196
14.27740000,0.0683126138620903
14.28140000,0.0680201038086235
14.28540000,0.0675757761099992
14.28940000,0.0669248480390224
14.29340000,0.0662091651723015
14.29640000,0.0655007104705987
14.30040000,0.0645821550746274
14.30440000,0.0635167028476873
14.30840000,0.0624391608066456
14.31240000,0.0613005558339994
14.31640000,0.0601523893770684
14.32040000,0.0589944153454086
14.32440000,0.0578217052986848
14.32840000,0.0566713954811092
14.33240000,0.0554526910088896
14.33640000,0.0543255898675432
14.33940000,0.0533517470026716
14.34340000,0.0521876641996103
14.34740000,0.0508924460645102
14.35140000,0.0496287624674297
14.35540000,0.0483064122833836
14.35940000,0.0469720518904078
14.36340000,0.0456156100600549
14.36740000,0.0442306744472798
14.37140000,0.0428737651131441
14.37540000,0.0414560013460695
14.37940000,0.0401711402908331
14.38240000,0.0390981410138766
14.38640000,0.0378650903532955
14.39040000,0.0365530914842279
14.39440000,0.0353275183804352
14.39840000,0.0341024488303997
14.40240000,0.0328854420712460
14.40640000,0.0316657601913673
14.41040000,0.0304535115690724
14.41440000,0.0291677399093346
14.41840000,0.0279671548151886
14.42140000,0.0269250674355672
14.42540000,0.0256720375459985
14.42940000,0.0242810493135417
14.43340000,0.0229375467778197
14.43740000,0.0215502536794786
14.44140000,0.0201718419668632
14.44540000,0.0188002531106456
14.44940000,0.0174368614534274
14.45340000,0.0161410231772419
14.45740000,0.0148375148522249
14.46140000,0.0136929465322823
14.46440000,0.0127742483525820
14.46840000,0.0117635013740965
14.47240000,0.0107335782578927
14.47640000,0.0098445498621989
14.48040000,0.0090146242889701
14.48440000,0.0082715149536253
14.48840000,0.0076108361569710
14.49240000,0.0070225422022217
14.49640000,0.0065270320813738
14.50040000,0.0060936811699884
14.50440000,0.0057602385131259
14.50740000,0.0055404761550654
14.51140000,0.0053601850300249
14.51540000,0.0052423163634557
14.51940000,0.0052314009487775
14.52340000,0.0053004296779525
14.52740000,0.0054576734522074
14.53140000,0.0057019662658090
14.53540000,0.0060167160589434
14.53940000,0.0064292556975570
14.54340000,0.0068571647714753
14.54640000,0.0072558641482563
14.55040000,0.0077460697338385
14.55440000,0.0082947418102262
14.55840000,0.0088307056247771
14.56240000,0.0093830462805301
14.56640000,0.0099278827355051
14.57040000,0.0104672347063843
14.57440000,0.0110064788757192
14.57840000,0.0115282431089528
14.58240000,0.0120665690801266
14.58640000,0.0125526951754261
14.58940000,0.0129633700394623
14.59340000,0.0134444164852337
14.59740000,0.0139770884765350
14.60140000,0.0144962993401929
14.60540000,0.0150354317493739
14.60940000,0.0155742064904676
14.61340000,0.0161172052415872
14.61740000,0.0166688253679095
14.62140000,0.0172073307159579
14.62540000,0.0177617674789702
14.62940000,0.0182589657164880
14.63240000,0.0186680336479285
14.63640000,0.0191191822016851
14.64040000,0.0195778431229729
14.64440000,0.0199739919468532
14.64840000,0.0203368561025213
14.65240000,0.0206598402289599
14.65640000,0.0209484367723382
14.66040000,0.0212061538156395
14.66440000,0.0214352456007780
14.66840000,0.0216202325945128
14.67140000,0.0217565134158092
14.67540000,0.0218914760030367
14.67940000,0.0220250062383636
14.68340000,0.0221420069381487
14.68740000,0.0222534973906697
14.69140000,0.0223589685264468
14.69540000,0.0224609446928330
14.69940000,0.0225585353184481
14.70340000,0.0226426923639033
14.70740000,0.0227051323438842
14.71140000,0.0227440905205413
14.71440000,0.0227618902812638
14.71840000,0.0227535481893224
14.72240000,0.0227144211516050
14.72640000,0.0226418099910536
14.73040000,0.0225298174244083
14.73440000,0.0223851603096913
14.73840000,0.0222069455623050
14.74240000,0.0219943007701314
14.74640000,0.0217548753604542
14.75040000,0.0214667422027143
14.75440000,0.0211850418208790
14.75740000,0.0209378443613300
14.76140000,0.0206306388258844
14.76540000,0.0202856446734761
14.76940000,0.0199449436210166
14.77340000,0.0195920853987397
14.77740000,0.0192269160766443
14.78140000,0.0188397738657746
14.78540000,0.0184263338377771
14.78940000,0.0179301162927309
14.79340000,0.0174236374528398
14.79640000,0.0169393992764031
14.80040000,0.0162895682299998
14.80440000,0.0155003355460464
14.80840000,0.0146577045741555
14.81240000,0.0137024913446598
14.81640000,0.0126670671813357
14.82040000,0.0115333271164565
14.82440000,0.0102921468243139
14.82840000,0.0089887940782266
14.83240000,0.0075153932534670
14.83640000,0.0061000946679736
14.83940000,0.0048516981906189
14.84340000,0.0033411656504974
14.84740000,0.0016736935963619
14.85140000,0.0000908024429737
14.85540000,-0.0015425599795989
14.85940000,-0.0031789109113752
14.86340000,-0.0049101331688125
14.86740000,-0.0068335097478333
14.87140000,-0.0089370339433195
14.87540000,-0.0115456531130146
14.87940000,-0.0142581851995774
14.88240000,-0.0169026546779516
14.88640000,-0.0203867192703516
14.89040000,-0.0244369141383762
14.89440000,-0.0285308560164345
14.89840000,-0.0327585928739116
14.90240000,-0.0369617498483448
14.90640000,-0.0410414283960825
14.91040000,-0.0448771234584812
14.91440000,-0.0485908920128924
14.91840000,-0.0517636750891342
14.92140000,-0.0541977068990514
14.92540000,-0.0567622736074255
14.92940000,-0.0592992578667415
14.93340000,-0.0614128021359011
14.93740000,-0.0633478133347656
14.94140000,-0.0650454749390027
14.94540000,-0.0665372290429437
14.94940000,-0.0678728925206998
14.95340000,-0.0690137379498852
14.95740000,-0.0700383454326507
14.96140000,-0.0708423968320514
14.96440000,-0.0713876993885221
14.96840000,-0.0718590714451903
14.97240000,-0.0721917294538193
14.97640000,-0.0722780918911935
14.98040000,-0.0721452204110582
14.98440000,-0.0717913351875491
14.98840000,-0.0712093940789370
14.99240000,-0.0704182873581195
14.99640000,-0.0694619329683024
15.00040000,-0.0682693849674033
15.00440000,-0.0670529514362340
15.00740000,-0.0659185851427882
15.01140000,-0.0644941476286272
15.01540000,-0.0628821364850454
15.01940000,-0.0612762888180414
15.02340000,-0.0596173855313867
15.02740000,-0.0579411228928637
15.03140000,-0.0562589587272541
15.03540000,-0.0546005307135802
15.03940000,-0.0528644485152003
15.04340000,-0.0512663591562068
15.04640000,-0.0499074292705722
15.05040000,-0.0483066801370504
15.05440000,-0.0465430683605909
15.05840000,-0.0448369172699642
15.06240000,-0.0430499983076765
15.06640000,-0.0412441118167286
15.07040000,-0.0394029751561129
15.07440000,-0.0375146094525872
15.07840000,-0.0356513650593129
15.08240000,-0.0336847260105118
15.08640000,-0.0318875798464835
15.08940000,-0.0303764348773097
15.09340000,-0.0286280743613447
15.09740000,-0.0267455415899380
15.10140000,-0.0249840013545369
15.10540000,-0.0231941015195238
15.10940000,-0.0214335544710865
15.11340000,-0.0196687931590366
15.11740000,-0.0178657430399784
15.12140000,-0.0160808287885677
15.12540000,-0.0141534906099498
15.12940000,-0.0123480764170455
15.13240000,-0.0107711291814700
15.13640000,-0.0088778061169894
15.14040000,-0.0068057961742601
15.14440000,-0.0048443577124461
15.14840000,-0.0029051710206055
15.15240000,-0.0010675239593391
15.15640000,0.0006269128669488
15.16040000,0.0021370326048605
15.16440000,0.0034737650781167
15.16840000,0.0045200195987073
15.17140000,0.0052309552089784
15.17540000,0.0058939391188769
15.17940000,0.0065028933489556
15.18340000,0.0069803703600892
15.18740000,0.0074296180975405
15.19140000,0.0078557034749359
15.19540000,0.0082751977330688
15.19940000,0.0086930828262049
15.20340000,0.0090750450223159
15.20740000,0.0094093876135197
15.21140000,0.0096449314028864
15.21440000,0.0097526008350524
15.21840000,0.0097532424248738
15.22240000,0.0096183043689353
15.22640000,0.0093211608466903
15.23040000,0.0088615490634389
15.23440000,0.0082556280155392
15.23840000,0.0075029562228579
15.24240000,0.0066177352516114
15.24640000,0.0056437728744047
15.25040000,0.0045244816299211
15.25440000,0.0034460569086031
15.25740000,0.0025066147834442
15.26140000,0.0014073103039778
15.26540000,0.0002356718252438
15.26940000,-0.0008566645058660
15.27340000,-0.0019382664883082
15.27740000,-0.0030102375562922
15.28140000,-0.0040995375452494
15.28540000,-0.0052177245154555
15.28940000,-0.0064815620363758
15.29340000,-0.0077295127366837
15.29640000,-0.0088832578510889
15.30040000,-0.0103409204709291
15.30440000,-0.0120169138820303
15.30840000,-0.0136997357629408
15.31240000,-0.0154769383836964
15.31640000,-0.0172700676732784
15.32040000,-0.0190686586241271
15.32440000,-0.0208643829907170
15.32840000,-0.0225844832854327
15.33240000,-0.0243237404720324
15.33640000,-0.0258561676117974
15.33940000,-0.0270843573567622
15.34340000,-0.0284228301539713
15.34740000,-0.0297807574316809
15.35140000,-0.0309505825685955
15.35540000,-0.0320361717611856
15.35940000,-0.0329981167813109
15.36340000,-0.0338471868098423
15.36740000,-0.0346074197882143
15.37140000,-0.0352596493482195
15.37540000,-0.0358448526024711
15.37940000,-0.0363102719379286
15.38240000,-0.0366419592117007
15.38640000,-0.0369512309902934
15.39040000,-0.0372152459382101
15.39440000,-0.0373711689551661
15.39840000,-0.0374450452575757
15.40240000,-0.0374177139294959
15.40640000,-0.0372863623217742
15.41040000,-0.0370631101702293
15.41440000,-0.0366895263956569
15.41840000,-0.0362433405314876
15.42140000,-0.0357581077720572
15.42540000,-0.0350595890163376
15.42940000,-0.0341835720287129
15.43340000,-0.0332216823975225
15.43740000,-0.0321178181084435
15.44140000,-0.0309137526939424
15.44540000,-0.0296002338647947
15.44940000,-0.0281773784096179
15.45340000,-0.0266959610023020
15.45740000,-0.0250164868593006
15.46140000,-0.0233865631503647
15.46440000,-0.0219124305359011
15.46840000,-0.0200697654085919
15.47240000,-0.0179565122400523
15.47640000,-0.0158264378702259
15.48040000,-0.0135330520674681
15.48440000,-0.0111605459148396
15.48840000,-0.0087071314473093
15.49240000,-0.0061825942776919
15.49640000,-0.0037021426108437
15.50040000,-0.0011164021375127
15.50440000,0.0012109551347865
15.50740000,0.0031387079097374
15.51140000,0.0053805392307155
15.51540000,0.0078419298557928
15.51940000,0.0102972421093674
15.52340000,0.0129453321006092
15.52740000,0.0158092337659884
15.53140000,0.0189032496810651
15.53540000,0.0221479970811960
15.53940000,0.0257195647874541
15.54340000,0.0290819983314997
15.54640000,0.0319353683687692
15.55040000,0.0352039171613860
15.55440000,0.0386179023023387
15.55840000,0.0416401203854271
15.56240000,0.0444950050199989
15.56640000,0.0470603007413329
15.57040000,0.0493436574291864
15.57440000,0.0513913187598598
15.57840000,0.0531526324396068
15.58240000,0.0547520385753289
15.58640000,0.0560349027628722
15.58940000,0.0569600390043944
15.59340000,0.0578818315951702
15.59740000,0.0587567071052297
15.60140000,0.0594504633631279
15.60540000,0.0600580457458513
15.60940000,0.0605626699687475
15.61340000,0.0609703269459693
15.61740000,0.0612950928216469
15.62140000,0.0615227295043432
15.62540000,0.0616481626870318
15.62940000,0.0616719809586669
15.63240000,0.0615985197276644
15.63640000,0.0614054905448927
15.64040000,0.0610983443854741
15.64440000,0.0606796332303745
15.64840000,0.0601571398469927
15.65240000,0.0595352128057357
15.65640000,0.0588297075462071
15.66040000,0.0580747677926849
15.66440000,0.0572142719137653
15.66840000,0.0563769139863633
15.67140000,0.0556255140723678
15.67540000,0.0547098394319136
15.67940000,0.0536839978538118
15.68340000,0.0526738589266449
15.68740000,0.0515959181065527
15.69140000,0.0504838607364245
15.69540000,0.0493180725860074
15.69940000,0.0480826430960735
15.70340000,0.0468131027161859
15.70740000,0.0453816779728708
15.71140000,0.0439935523921848
15.71440000,0.0427399551437892
15.71840000,0.0411923422256364
15.72240000,0.0394461329241453
15.72640000,0.0377263647578030
15.73040000,0.0359261422054928
15.73440000,0.0341206201792886
15.73840000,0.0323099379858523
15.74240000,0.0304897511026065
15.74640000,0.0287257264834911
15.75040000,0.0268863905053763
15.75440000,0.0252162266513486
15.75740000,0.0238131172488104
15.76140000,0.0221800518591199
15.76540000,0.0204161127014866
15.76940000,0.0187368173975253
15.77340000,0.0170367045140864
15.77740000,0.0153422736890619
15.78140000,0.0136534308653734
15.78540000,0.0119898635362739
15.78940000,0.0102514731245502
15.79340000,0.0086557245275546
15.79640000,0.0073171365668768
15.80040000,0.0057814594559635
15.80440000,0.0041656993942550
15.80840000,0.0027253458728389
15.81240000,0.0013821715524562
15.81640000,0.0002184048548784
15.82040000,-0.0007328020998621
15.82440000,-0.0014712422120973
15.82840000,-0.0019772122750652
15.83240000,-0.0022633181276761
15.83640000,-0.0023506931666892
15.83940000,-0.0022770536447844
15.84340000,-0.0020619085412596
15.84740000,-0.0017530946893163
15.85140000,-0.0014016168493622
15.85540000,-0.0010301151443786
15.85940000,-0.0006692279833941
15.86340000,-0.0003380296018567
15.86740000,-0.0000471624957677
15.87140000,0.0001999807018883
15.87540000,0.0004344485000994
15.87940000,0.0006442876752794
15.88240000,0.0008316090135267
15.88640000,0.0010695090865241
15.89040000,0.0013555560694499
15.89440000,0.0016733403755322
15.89840000,0.0020379417825738
15.90240000,0.0024402189178688
15.90640000,0.0028648895646884
15.91040000,0.0032892097496297
15.91440000,0.0037205963596228
15.91840000,0.0041001000232654
15.92140000,0.0043922672338662
15.92540000,0.0046817013974926
15.92940000,0.0049427456892439
15.93340000,0.0051302350706340
15.93740000,0.0052723413838253
15.94140000,0.0053629429828414
15.94540000,0.0054045612877455
15.94940000,0.0054091111036202
15.95340000,0.0053891053531326
15.95740000,0.0053644175183621
15.96140000,0.0053500415593996
15.96440000,0.0053558662138880
15.96840000,0.0053854221865633
15.97240000,0.0054476240074283
15.97640000,0.0055494125250730
15.98040000,0.0056929516338952
15.98440000,0.0058706611396598
15.98840000,0.0060815265169716
15.99240000,0.0063248928121335
15.99640000,0.0065935725156970
16.00040000,0.0069095921731739
16.00440000,0.0072223325718460
16.00740000,0.0075095662695074
16.01140000,0.0078699696997981
16.01540000,0.0082898362628562
16.01940000,0.0087346815117211
16.02340000,0.0092214338820162
16.02740000,0.0097468366393583
16.03140000,0.0103106840467000
16.03540000,0.0109012922475532
16.03940000,0.0115595290517819
16.04340000,0.0121904255532927
16.04640000,0.0127436875996977
16.05040000,0.0133973023527296
16.05440000,0.0141063096326202
16.05840000,0.0147709909128698
16.06240000,0.0154239881052309
16.06640000,0.0160302173513708
16.07040000,0.0165776307285768
16.07440000,0.0170654580881583
16.07840000,0.0174763690724209
16.08240000,0.0178129955989606
16.08640000,0.0180438852114446
16.08940000,0.0181560963780260
16.09340000,0.0181808265342125
16.09740000,0.0181090487197280
16.10140000,0.0179256264422087
16.10540000,0.0176198148948771
16.10940000,0.0171940088948805
16.11340000,0.0166317183488488
16.11740000,0.0159332011278358
16.12140000,0.0151259968910565
16.12540000,0.0141144099928020
16.12940000,0.0130666099718808
16.13240000,0.0120589399332486
16.13640000,0.0107421804803234
16.14040000,0.0092104481022735
16.14440000,0.0076407362878417
16.14840000,0.0059858887108494
16.15240000,0.0042901657916429
16.15640000,0.0025853750010789
16.16040000,0.0009208672421591
16.16440000,-0.0008074246389045
16.16840000,-0.0023949963991704
16.17140000,-0.0037714832014781
16.17540000,-0.0054769832650810
16.17940000,-0.0074815992302387
16.18340000,-0.0096036350355450
16.18740000,-0.0120354362150370
16.19140000,-0.0147144161361012
16.19540000,-0.0176545292059698
16.19940000,-0.0208253357855777
16.20340000,-0.0240626937341820
16.20740000,-0.0275303875356291
16.21140000,-0.0307011064265175
16.21440000,-0.0333096917865525
16.21840000,-0.0362036189790371
16.22240000,-0.0391515611049457
16.22640000,-0.0416896268655677
16.23040000,-0.0440437507425052
16.23440000,-0.0461259985727975
16.23840000,-0.0479546580721297
16.24240000,-0.0495812068659633
16.24640000,-0.0509705297108252
16.25040000,-0.0522236697323063
16.25440000,-0.0532189818200058
16.25740000,-0.0539161934303077
16.26140000,-0.0545694586295993
16.26540000,-0.0551390227971268
16.26940000,-0.0555161494976061
16.27340000,-0.0557729901523299
16.27740000,-0.0558918561229434
16.28140000,-0.0558827855127688
16.28540000,-0.0557766267283645
16.28940000,-0.0555464881017222
16.29340000,-0.0552566598064853
16.29640000,-0.0549303773855796
16.30040000,-0.0544618063839737
16.30440000,-0.0538786746337138
16.30840000,-0.0532424976944855
16.31240000,-0.0525181559347613
16.31640000,-0.0517269586100109
16.32040000,-0.0508620763727099
16.32440000,-0.0499286144004010
16.32840000,-0.0489664378427238
16.33240000,-0.0478986990548615
16.33640000,-0.0468786659103925
16.33940000,-0.0459756578108383
16.34340000,-0.0448838537637406
16.34740000,-0.0436732712658997
16.35140000,-0.0425021213643866
16.35540000,-0.0412795333559904
16.35940000,-0.0400478852218164
16.36340000,-0.0387949617277061
16.36740000,-0.0375094450010125
16.37140000,-0.0362328576252385
16.37540000,-0.0348419569858006
16.37940000,-0.0335264276659104
16.38240000,-0.0323634217864901
16.38640000,-0.0309435692725807
16.39040000,-0.0293562002416785
16.39440000,-0.0277778143045626
16.39840000,-0.0261265060345883
16.40240000,-0.0244236846486068
16.40640000,-0.0226789521970566
16.41040000,-0.0209283214425769
16.41440000,-0.0190498515956837
16.41840000,-0.0172849399762118
16.42140000,-0.0157485636364070
16.42540000,-0.0139036216140307
16.42940000,-0.0118607962302759
16.43340000,-0.0098863787025685
16.43740000,-0.0078444486680435
16.44140000,-0.0058179752397868
16.44540000,-0.0038282132633923
16.44940000,-0.0018966082269395
16.45340000,-0.0001155521880736
16.45740000,0.0015823333117250
16.46140000,0.0029873623660481
16.46440000,0.0040128743644924
16.46840000,0.0050262718887664
16.47240000,0.0059825359761305
16.47640000,0.0067512193185167
16.48040000,0.0074672788393462
16.48440000,0.0081279891615709
16.48840000,0.0087574366064596
16.49240000,0.0093772082797513
16.49640000,0.0099601972905178
16.50040000,0.0105246723743030
16.50440000,0.0109848895623050
16.50740000,0.0112907601576532
16.51140000,0.0115304772852858
16.51540000,0.0116723903035519
16.51940000,0.0116513323881677
16.52340000,0.0115001218607248
16.52740000,0.0111985102801612
16.53140000,0.0107501089669806
16.53540000,0.0101886399970901
16.53940000,0.0094528737842914
16.54340000,0.0086761896775348
16.54640000,0.0079219444601879
16.55040000,0.0069533204507125
16.55440000,0.0058508128769108
16.55840000,0.0047706098171533
16.56240000,0.0036716782759532
16.56640000,0.0026091911436976
16.57040000,0.0016039353928486
16.57440000,0.0006712126892261
16.57840000,-0.0001504322513080
16.58240000,-0.0009144057718448
16.58640000,-0.0015549828329458
16.58940000,-0.0020666684343135
16.59340000,-0.0026548872690596
16.59740000,-0.0033185308319263
16.60140000,-0.0040038536435149
16.60540000,-0.0047862232949058
16.60940000,-0.0056501925073221
16.61340000,-0.0065982366842990
16.61740000,-0.0076164117947194
16.62140000,-0.0086485655810141
16.62540000,-0.0097436341633631
16.62940000,-0.0107396629940794
16.63240000,-0.0115562651634593
16.63640000,-0.0124546999365154
16.64040000,-0.0133677126444771
16.64440000,-0.0141646319601217
16.64840000,-0.0149128910178943
16.65240000,-0.0155924531168989
16.65640000,-0.0162035347980348
16.66040000,-0.0167514570077703
16.66440000,-0.0172618462471995
16.66840000,-0.0176957040683070
16.67140000,-0.0180278133817726
16.67540000,-0.0183662681354212
16.67940000,-0.0186857731695014
16.68340000,-0.0189336990893949
16.68740000,-0.0191332012382965
16.69140000,-0.0192711932172016
16.69540000,-0.0193353498077818
16.69940000,-0.0193237915425420
16.70340000,-0.0192390425040311
16.70740000,-0.0190586756879388
16.71140000,-0.0188249260436980
16.71440000,-0.0185548478206044
16.71840000,-0.0181465858028305
16.72240000,-0.0176210945326836
16.72640000,-0.0170349525899771
16.73040000,-0.0163511177873158
16.73440000,-0.0155869962425371
16.73840000,-0.0147230458522167
16.74240000,-0.0137542149117283
16.74640000,-0.0127190776190971
16.75040000,-0.0115134402568653
16.75440000,-0.0103204925168221
16.75740000,-0.0092189006527020
16.76140000,-0.0078293439418159
16.76540000,-0.0062601677705408
16.76940000,-0.0047114619817788
16.77340000,-0.0031283497768629
16.77740000,-0.0015519877552482
16.78140000,-0.0000037829801921
16.78540000,0.0014840909418504
16.78940000,0.0030307249015963
16.79340000,0.0044732857150944
16.79640000,0.0057749742494469
16.80040000,0.0074633565688445
16.80440000,0.0094995089204410
16.80840000,0.0116827223673592
16.81240000,0.0141546270851999
16.81640000,0.0168211599575937
16.82040000,0.0196589522464553
16.82440000,0.0226130458697091
16.82840000,0.0255229647793357
16.83240000,0.0285259266186088
16.83640000,0.0311897031480915
16.83940000,0.0333159537587175
16.84340000,0.0356432792363222
16.84740000,0.0379971771414072
16.85140000,0.0400074482857282
16.85540000,0.0418804680044048
16.85940000,0.0435495336254870
16.86340000,0.0450289934162997
16.86740000,0.0463515594986882
16.87140000,0.0474755143425238
16.87540000,0.0484900951921512
16.87940000,0.0492768329000390
16.88240000,0.0497926548602202
16.88640000,0.0502750697663924
16.89040000,0.0506746787237332
16.89440000,0.0508772433692224
16.89840000,0.0509506433642506
16.90240000,0.0508691219272684
16.90640000,0.0506322206154661
16.91040000,0.0502649813616015
16.91440000,0.0497236412385836
16.91840000,0.0490960902443829
16.92140000,0.0484132066806128
16.92540000,0.0475129284400592
16.92940000,0.0464307661495518
16.93340000,0.0452596891179805
16.93740000,0.0439632855802018
16.94140000,0.0425850597595752
16.94540000,0.0411231009904994
16.94940000,0.0395874315848529
16.95340000,0.0380377592173270
16.95740000,0.0363840297172690
16.96140000,0.0348348106346139
16.96440000,0.0334751809262891
16.96840000,0.0318982852262880
16.97240000,0.0301881905808336
16.97640000,0.0285453142253548
16.98040000,0.0268555263623074
16.98440000,0.0251692207617621
16.98840000,0.0234684600734414
16.99240000,0.0217421820090780
16.99640000,0.0200513508411527
17.00040000,0.0182708997622821
17.00440000,0.0166272113508098
17.00740000,0.0152068054767635
17.01140000,0.0135513480707247
17.01540000,0.0117672728464846
17.01940000,0.0100662441534084
17.02340000,0.0083559102983988
17.02740000,0.0066729369716929
17.03140000,0.0050361448263745
17.03540000,0.0034837494185843
17.03940000,0.0019699038146752
17.04340000,0.0006735567824127
17.04640000,-0.0003101715160647
17.05040000,-0.0013103540591239
17.05440000,-0.0022500461436870
17.05840000,-0.0029755564035152
17.06240000,-0.0036056489927286
17.06640000,-0.0041431306952250
17.07040000,-0.0046337982847742
17.07440000,-0.0051210939296815
17.07840000,-0.0055986114337667
17.08240000,-0.0061240048777252
17.08640000,-0.0066080677944740
17.08940000,-0.0070024181461040
17.09340000,-0.0074410169417145
17.09740000,-0.0078592365236718
17.10140000,-0.0081593335882792
17.10540000,-0.0083581635748476
17.10940000,-0.0084348306831472
17.11340000,-0.0083762685757967
17.11740000,-0.0081882485449931
17.12140000,-0.0078868893365265
17.12540000,-0.0074558682911063
17.12940000,-0.0069793626443927
17.13240000,-0.0065024739337786
17.13640000,-0.0059027848656625
17.14040000,-0.0052282722961292
17.14440000,-0.0045567352868211
17.14840000,-0.0038729134697136
17.15240000,-0.0031952605292415
17.15640000,-0.0025356722644249
17.16040000,-0.0019146747357381
17.16440000,-0.0013208078905581
17.16840000,-0.0008239895593656
17.17140000,-0.0004563169565976
17.17540000,-0.0000929939228482
17.17940000,0.0002443045091544
17.18340000,0.0005036712330672
17.18740000,0.0007306195063406
17.19140000,0.0009278292811298
17.19540000,0.0011189603101019
17.19940000,0.0013255382927833
17.20340000,0.0015465774749892
17.20740000,0.0018161496478925
17.21140000,0.0020863021281848
17.21440000,0.0023351683465836
17.21840000,0.0026509577030919
17.22240000,0.0030000460789369
17.22640000,0.0033234141246940
17.23040000,0.0036378575748811
17.23440000,0.0039280559690678
17.23840000,0.0041965400279926
17.24240000,0.0044470777528690
17.24640000,0.0046706790952597
17.25040000,0.0048937140775092
17.25440000,0.0050804785803496
17.25740000,0.0052199886045099
17.26140000,0.0053919924892346
17.26540000,0.0055761871512965
17.26940000,0.0057346040938763
17.27340000,0.0058825595056912
17.27740000,0.0060127927386266
17.28140000,0.0061217657835885
17.28540000,0.0062048587322104
17.28940000,0.0062674114122484
17.29340000,0.0062929376986579
17.29640000,0.0062753982540908
17.30040000,0.0062540644644562
17.30440000,0.0062208798407664
17.30840000,0.0061593501913556
17.31240000,0.0060786941406307
17.31640000,0.0059779514097637
17.32040000,0.0058555439405521
17.32440000,0.0057114178673303
17.32840000,0.0055460711923917
17.33240000,0.0053523928878532
17.33640000,0.0051466023215106
17.33940000,0.0049358381560601
17.34340000,0.0046887918248318
17.34740000,0.0044120384171863
17.35140000,0.0041226805599302
17.35540000,0.0038121135976465
17.35940000,0.0034890603274663
17.36340000,0.0031508210420416
17.36740000,0.0027976357709171
17.37140000,0.0024413154569407
17.37540000,0.0020587698943217
17.37940000,0.0017010294470847
17.38240000,0.0013887790168824
17.38640000,0.0010340106697801
17.39040000,0.0006664701852093
17.39440000,0.0003316982738934
17.39840000,0.0000161918860400
17.40240000,-0.0002765724515505
17.40640000,-0.0005503614057284
17.41040000,-0.0008064997453615
17.41440000,-0.0010757070092013
17.41840000,-0.0013225171899144
17.42140000,-0.0015367990698778
17.42540000,-0.0018129825664561
17.42940000,-0.0021278948271446
17.43340000,-0.0024326140921080
17.43740000,-0.0027416260182295
17.44140000,-0.0030339157924717
17.44540000,-0.0033027339715467
17.44940000,-0.0035416323606073
17.45340000,-0.0037343977029958
17.45740000,-0.0038979614914778
17.46140000,-0.0039953048161655
17.46440000,-0.0040174399896585
17.46840000,-0.0040361852083649
17.47240000,-0.0040386150481093
17.47640000,-0.0039987047641712
17.48040000,-0.0039365937577121
17.48440000,-0.0038509761467928
17.48840000,-0.0037459495950631
17.49240000,-0.0036263808814294
17.49640000,-0.0034923759976422
17.50040000,-0.0033494445906419
17.50440000,-0.0031958118961809
17.50740000,-0.0030327336135505
17.51140000,-0.0028683565454322
17.51540000,-0.0027023771804994
17.51940000,-0.0025326764096005
17.52340000,-0.0023623563293931
17.52740000,-0.0021914756761383
17.53140000,-0.0020212197562124
17.53540000,-0.0018540423006592
17.53940000,-0.0016882220862926
17.54340000,-0.0015306404952187
17.54640000,-0.0013837919414349
17.55040000,-0.0012391700354456
17.55440000,-0.0011004562965305
17.55840000,-0.0009725614510698
17.56240000,-0.0008538457502651
17.56640000,-0.0007456700100068
17.57040000,-0.0006477285630785
17.57440000,-0.0005596777535602
17.57840000,-0.0004818693858801
17.58240000,-0.0004123510616890
17.58640000,-0.0003531060988373
17.58940000,-0.0003036712915627
17.59340000,-0.0002595960745612
17.59740000,-0.0002217002266183
17.60140000,-0.0001908156913464
17.60540000,-0.0001657047969553
17.60940000,-0.0001460597394560
17.61340000,-0.0001312250416882
17.61740000,-0.0001205834157926
17.62140000,-0.0001135630087182
17.62540000,-0.0001094015343888
17.62940000,-0.0001074747276860
17.63240000,-0.0000000000000000
