expfull_T9_run05
7123	0
0.000000	0.000000000e+00
0.005000	2.983839518e-03
0.010000	4.969481716e-04
0.015001	-1.319976134e-03
0.020001	-4.970303098e-04
0.025001	-1.548992248e-03
0.030001	8.218774250e-04
0.035002	9.948552250e-04
0.040002	-1.988011721e-03
0.045002	-9.460766702e-04
0.050002	1.547786952e-03
0.055003	-7.751124614e-04
0.060003	-2.485042031e-03
0.065003	1.882729404e-03
0.070003	6.027786818e-04
0.075004	8.887509231e-04
0.080004	-5.461921740e-04
0.085004	-2.992085537e-03
0.090004	1.376685849e-03
0.095005	1.548663698e-03
0.100005	-2.266162319e-03
0.105005	-3.352710000e-04
0.110005	7.166635597e-04
0.115006	1.280622126e-03
0.120006	-1.623205775e-04
0.125006	-2.380225156e-03
0.130006	2.264532653e-03
0.135007	4.386087909e-04
0.140007	-2.193725287e-04
0.145007	3.915837256e-04
0.150007	-8.323697504e-04
0.155008	1.491502236e-03
0.160008	-2.774244295e-04
0.165008	-6.124216381e-04
0.170008	4.965101184e-04
0.175009	5.534936263e-04
0.180009	4.484851036e-04
0.185009	6.114633971e-04
0.190009	-6.694872742e-04
0.195010	-1.051482170e-03
0.200010	8.314115114e-04
0.205010	2.092335791e-03
0.210010	-5.857208153e-05
0.215011	-1.654507256e-03
0.220011	-3.925830255e-04
0.225011	-2.542490947e-03
0.230011	-9.945807852e-04
0.235012	2.866215593e-03
0.240012	-4.406354117e-04
0.245012	-3.804483612e-03
0.250012	5.532883172e-04
0.255013	1.547225733e-03
0.260013	-1.271649278e-03
0.265013	-2.877113698e-04
0.270013	1.042556605e-04
0.275014	1.004197701e-03
0.280014	2.103129952e-03
0.285014	-7.757421062e-04
0.290014	-7.747558407e-04
0.295015	3.201034882e-03
0.300015	1.107124207e-03
0.305015	-1.768747998e-03
0.310015	1.051099593e-03
0.315015	1.213077939e-03
0.320016	-1.549799824e-03
0.325016	-2.151783894e-03
0.330016	-1.157846476e-03
0.335016	-6.698841665e-04
0.340017	3.240532518e-04
0.345017	1.776968091e-03
0.350017	1.662960015e-03
0.355017	-6.119417531e-04
0.360018	2.703881439e-03
0.365018	4.959763752e-04
0.370018	-4.531789964e-03
0.375018	-1.053974740e-03
0.380019	-1.040222731e-06
0.385019	1.629380277e-04
0.390019	1.097878350e-03
0.395019	7.728806566e-04
0.400020	-4.400733533e-04
0.405020	-2.210978077e-04
0.410020	5.587488491e-05
0.415020	-1.932041000e-03
0.420021	-1.665067815e-03
0.425021	-2.211525298e-04
0.430021	2.379705839e-03
0.435021	3.755624469e-03
0.440022	-1.631964222e-04
0.445022	-3.376052044e-03
0.450022	-2.047131101e-03
0.455022	1.164697212e-03
0.460023	2.044640243e-03
0.465023	-1.162671283e-04
0.470023	-1.331221037e-03
0.475023	1.213640089e-03
0.480024	9.936372338e-04
0.485024	-4.983030472e-04
0.490024	-1.273278600e-03
0.495024	-4.935248883e-05
0.500025	2.541506375e-03
0.505025	2.086074665e-04
0.510025	-1.434325385e-03
0.515025	5.658759221e-05
0.520026	7.725386944e-04
0.525026	-1.064317399e-04
0.530026	2.175386466e-04
0.535026	-9.484176687e-04
0.540027	-1.607398925e-03
0.545027	1.939412913e-03
0.550027	2.656363968e-03
0.555027	-8.904752174e-04
0.560028	-9.384865293e-04
0.565028	8.874099710e-04
0.570028	-1.501486179e-03
0.575028	-2.879432063e-03
0.580029	1.498338897e-03
0.585029	1.385330784e-03
0.590029	-1.722529994e-03
0.595029	-8.335873981e-04
0.600030	-2.786283711e-04
0.605030	1.212284611e-03
0.610030	9.452840760e-04
0.615030	-1.101628895e-03
0.620031	7.152680513e-04
0.625031	2.751154225e-03
0.630031	-7.186887434e-04
0.635031	-2.314623899e-03
0.640031	-7.287155879e-04
0.645032	2.762213052e-04
0.650032	9.921724154e-04
0.655032	4.520533440e-05
0.660032	2.281826654e-04
0.665033	2.851661950e-04
0.670033	-1.550757152e-03
0.675033	-5.078221263e-04
0.680033	-6.708277731e-04
0.685034	-2.429754907e-03
0.690034	5.510918318e-05
0.695034	4.940739232e-04
0.700034	-2.219045183e-04
0.705035	1.488997649e-03
0.710035	1.432986740e-03
0.715035	1.269981096e-03
0.720035	-3.279539552e-04
0.725036	-1.932888662e-03
0.730036	2.749890579e-04
0.735036	-1.329945648e-03
0.740036	1.097921250e-03
0.745037	5.417695075e-03
0.750037	-1.273989384e-03
0.755037	-3.319902394e-03
0.760037	-5.560520234e-04
0.765038	3.808882238e-04
0.770038	1.880800776e-03
0.775038	-2.382003172e-03
0.780038	3.328496113e-04
0.785039	2.989705248e-03
0.790039	-2.321499083e-04
0.795039	1.096771058e-03
0.800039	-6.611561165e-04
0.805040	-1.598123678e-03
0.810040	-3.841970534e-04
0.815040	1.535694841e-03
0.820040	-4.522210170e-04
0.825041	-3.272408198e-04
0.830041	2.100626086e-03
0.835041	-2.325169838e-03
0.840041	-2.268186294e-03
0.845042	-5.562841649e-04
0.850042	4.956504324e-04
0.855042	3.257500910e-03
0.860042	2.319533402e-03
0.865043	-1.598287509e-03
0.870043	-1.827289893e-03
0.875043	-7.203579991e-04
0.880043	2.175822090e-04
0.885044	6.005497197e-04
0.890044	-1.494360868e-03
0.895044	-1.084426973e-04
0.900044	1.718453780e-03
0.905045	7.154894743e-04
0.910045	2.654979654e-04
0.915045	8.284566242e-04
0.920045	-1.216456420e-03
0.925046	-2.277417871e-03
0.930046	-6.625109618e-04
0.935046	9.443963412e-04
0.940046	1.316364398e-03
0.945046	-5.575570558e-04
0.950047	-6.045683857e-04
0.955047	9.913394605e-04
0.960047	-7.195900107e-04
0.965047	4.373394323e-04
0.970048	-4.996281135e-04
0.975048	-1.551590002e-03
0.980048	1.374252420e-03
0.985048	5.430371695e-05
0.990049	5.512656301e-04
0.995049	-5.566935010e-04
1.000049	-4.997099418e-04
1.005049	4.462298852e-04
1.010050	-2.761662674e-06
1.015050	1.594146141e-03
1.020050	5.521837654e-04
1.025050	-1.551726366e-03
1.030051	-1.724731489e-03
1.035051	2.540045069e-03
1.040051	1.336090665e-03
1.045051	-1.331791719e-03
1.050052	3.801104306e-04
1.055052	7.240798774e-04
1.060052	-1.169840581e-03
1.065052	-7.298758555e-04
1.070053	1.106020197e-03
1.075053	5.520338213e-04
1.080053	-9.979035571e-04
1.085053	1.110282603e-04
1.090054	1.106965637e-03
1.095054	-2.325879109e-03
1.100054	-2.329956957e-04
1.105054	8.289384361e-04
1.110055	-5.470074985e-04
1.115055	1.268889543e-03
1.120055	7.709004178e-04
1.125055	-3.380586495e-04
1.130056	-3.950694676e-04
1.135056	1.118919700e-04
1.140056	1.047832304e-03
1.145056	-6.012680978e-05
1.150057	-1.714059064e-03
1.155057	-3.156852413e-06
1.160057	7.137942577e-04
1.165057	7.707778359e-04
1.170058	-6.019490171e-05
1.175058	1.017835125e-04
1.180058	2.041674462e-03
1.185058	-1.820149169e-03
1.190059	7.147125112e-04
1.195059	-6.026297809e-05
1.200059	-2.374162758e-03
1.205059	3.916514154e-03
1.210060	5.506661266e-04
1.215060	-3.981124541e-03
1.220060	-3.333842601e-06
1.225060	1.163595139e-03
1.230061	-1.753526010e-04
1.235061	1.372557639e-03
1.240061	1.927516729e-03
1.245061	-1.666320079e-03
1.250061	-2.488293249e-03
1.255062	-1.102375037e-03
1.260062	8.275164149e-04
1.265062	3.141388977e-03
1.270062	1.430459542e-03
1.275063	-3.284675303e-04
1.280063	-1.934402129e-03
1.285063	-1.666428915e-03
1.290063	-3.955050409e-04
1.295064	-1.160481009e-03
1.300064	4.464263375e-04
1.305064	2.922290936e-03
1.310064	7.703832007e-04
1.315065	-1.046541013e-03
1.320065	-6.725730088e-04
1.325065	-9.975706177e-04
1.330065	1.822277062e-03
1.335066	1.258291211e-03
1.340066	-1.332594924e-03
1.345066	9.902772067e-04
1.350066	-8.826442474e-04
1.355067	-2.593573670e-03
1.360067	1.047233626e-03
1.365067	8.752284959e-04
1.370067	-6.157117472e-04
1.375068	-8.357145141e-04
1.380068	-8.257285948e-04
1.385068	2.711083821e-03
1.390068	3.791849521e-04
1.395069	-7.777717179e-04
1.400069	1.581686515e-04
1.405069	-7.787988395e-04
1.410069	1.152092584e-03
1.415070	-3.864132130e-06
1.420070	-1.264815682e-03
1.425070	-1.758828357e-04
1.430070	-1.188992210e-04
1.435071	-5.091614671e-05
1.440071	6.080378552e-04
1.445071	-3.320782444e-03
1.450071	-1.169901836e-03
1.455072	3.417858888e-03
1.460072	6.079835438e-04
1.465072	-6.639674583e-04
1.470072	1.266923974e-03
1.475073	1.763885951e-03
1.480073	-1.389972467e-03
1.485073	-2.163947964e-03
1.490073	-2.240569712e-04
1.495074	1.689101247e-04
1.500074	-3.390784556e-04
1.505074	8.168511074e-04
1.510074	9.428313403e-04
1.515075	-8.830924009e-04
1.520075	4.284847896e-05
1.525075	1.658755416e-03
1.530075	-3.281604023e-04
1.535076	-9.501433689e-04
1.540076	1.266734006e-03
1.545076	-5.011925838e-04
1.550076	-1.448159560e-03
1.555076	1.577478740e-04
1.560077	2.041641633e-03
1.565077	1.878636092e-03
1.570077	-2.594157426e-03
1.575077	-4.432767985e-04
1.580078	8.746448074e-04
1.585078	-7.792873835e-04
1.590078	-8.832958230e-04
1.595078	-4.352618711e-06
1.600079	1.820544050e-03
1.605079	6.075901679e-04
1.610079	-1.112338772e-03
1.615079	-1.285343813e-03
1.620080	-1.194147228e-04
1.625080	-9.413878357e-04
1.630080	1.103498015e-03
1.635080	1.429468430e-03
1.640081	-6.734416634e-04
1.645081	-1.664801506e-04
1.650081	-1.664936960e-04
1.655081	-1.276452636e-03
1.660082	-1.104474641e-03
1.665082	2.213348593e-03
1.670082	1.257382080e-03
1.675082	-1.667487571e-03
1.680083	-2.652452655e-03
1.685083	1.103978847e-04
1.690083	3.427221172e-03
1.695083	3.203604784e-04
1.700084	-2.165530764e-03
1.705084	1.486276047e-03
1.710084	-1.217604469e-03
1.715084	-3.369512139e-03
1.720085	1.003036276e-04
1.725085	1.984197416e-03
1.730085	1.046230028e-03
1.735085	-3.877129592e-04
1.740086	1.764167648e-03
1.745086	3.202251546e-04
1.750086	-8.367314562e-04
1.755086	-1.056734160e-03
1.760087	-9.417533428e-04
1.765087	-2.817993349e-04
1.770087	-2.818128585e-04
1.775087	3.871407086e-04
1.780088	7.701083458e-04
1.785088	1.104078394e-03
1.790088	2.241081647e-04
1.795088	1.152048994e-03
1.800089	-1.285844590e-03
1.805089	-1.113866569e-03
1.810089	2.976918666e-03
1.815089	5.204904105e-05
1.820090	-9.409156242e-04
1.825090	-1.772888209e-03
1.830090	-1.439918102e-03
1.835090	2.719841679e-04
1.840091	8.279433063e-04
1.845091	2.145864960e-03
1.850091	1.370889577e-03
1.855091	-2.547931142e-03
1.860092	-5.020452978e-04
1.865092	3.206758739e-03
1.870092	-1.334031379e-03
1.875092	-1.391042078e-03
1.880092	1.820786411e-03
1.885093	-9.990883654e-04
1.890093	2.148384136e-04
1.895093	1.045784035e-03
1.900093	-4.478957671e-03
1.905094	3.297922614e-04
1.910094	3.913602457e-03
1.915094	-1.772097893e-04
1.920094	6.067381490e-04
1.925095	1.266692188e-03
1.930095	-2.491136436e-03
1.935095	-9.432260783e-04
1.940095	3.035564692e-03
1.945096	-7.792611254e-04
1.950096	-2.768176768e-03
1.955096	1.096681666e-04
1.960096	-1.193340542e-04
1.965097	-1.773446861e-04
1.970097	-1.693585636e-04
1.975097	-8.853368242e-04
1.980097	-1.673856268e-04
1.985098	2.145821005e-04
1.990098	7.695413185e-04
1.995098	7.115306929e-04
2.000098	8.735092459e-04
2.005099	-1.219401269e-03
2.010099	-1.056422763e-03
2.015099	1.762425086e-03
2.020099	4.914741376e-04
2.025100	6.064550080e-04
2.030100	-1.685203385e-04
2.035100	-1.496468480e-03
2.040100	1.323379326e-03
2.045101	-5.115438726e-04
2.050101	-1.726497570e-03
2.055101	1.207344631e-03
2.060101	5.493635357e-04
2.065102	-1.496549279e-03
2.070102	-4.456144434e-04
2.075102	3.863311664e-04
2.080102	-2.826493838e-04
2.085103	4.343018854e-04
2.090103	1.705225903e-03
2.095103	1.150239748e-03
2.100103	-1.554640641e-03
2.105104	5.226685099e-05
2.110104	-5.027193005e-04
2.115104	-1.822667818e-03
2.120104	9.411827603e-04
2.125105	6.541834283e-04
2.130105	1.427131953e-03
2.135105	2.721753227e-04
2.140105	-1.830734671e-03
2.145106	-3.888190535e-04
2.150106	-1.822761955e-03
2.155106	-6.178346766e-04
2.160106	1.428051232e-03
2.165107	-3.408751869e-04
2.170107	-2.258942843e-04
2.175107	-4.448969500e-04
2.180107	6.540355487e-04
2.185107	2.144948765e-03
2.190108	-7.809207313e-04
2.195108	-1.717888072e-03
2.200108	-2.249749504e-04
2.205108	1.705916625e-03
2.210109	-6.759796272e-04
2.215109	-3.310100286e-04
2.220109	-2.730263104e-04
2.225109	4.329255318e-04
2.230110	-2.830526721e-04
2.235110	1.089146191e-04
2.240110	2.813768128e-03
2.245110	-1.229046407e-03
2.250111	5.478527553e-04
2.255111	-2.109029959e-03
2.260111	-2.606018929e-03
2.265111	1.101785245e-03
2.270112	1.704742165e-03
2.275112	-1.681791118e-04
2.280112	-1.681925261e-04
2.285112	2.137752689e-04
2.290113	5.957430653e-04
2.295113	2.478637024e-03
2.300113	-1.278191567e-03
2.305113	-1.774180575e-03
2.310114	9.306729501e-04
2.315114	1.704621469e-03
2.320114	-1.163250850e-03
2.325114	-2.817182887e-03
2.330115	1.877572748e-03
2.335115	2.202543360e-03
2.340115	-1.498287976e-03
2.345115	-1.498301374e-03
2.350116	-1.000339270e-03
2.355116	1.555904670e-04
2.360116	9.875361436e-04
2.365116	6.065414928e-04
2.370117	-5.034172949e-04
2.375117	-3.414386552e-04
2.380117	2.918387585e-03
2.385117	-4.464602680e-04
2.390118	-1.114440794e-03
2.395118	-7.234734145e-04
2.400118	-1.000473173e-03
2.405118	6.534320785e-04
2.410119	-3.325327991e-04
2.415119	1.876345152e-03
2.420119	8.163839175e-04
2.425119	-1.670507117e-03
2.430120	-1.695943332e-04
2.435120	-1.686077580e-04
2.440120	-8.385881730e-04
2.445120	5.383307148e-04
2.450121	2.316229877e-03
2.455121	9.402841968e-04
2.460121	-2.988535892e-03
2.465121	-1.000647056e-03
2.470122	4.028836698e-05
2.475122	3.272608832e-04
2.480122	2.489141163e-03
2.485122	1.562425686e-04
2.490122	-1.392694593e-03
2.495123	4.322022698e-04
2.500123	-5.617621909e-04
2.505123	-1.660721485e-03
2.510123	-5.037917576e-04
2.515124	1.208110669e-03
2.520124	-1.698348964e-04
2.525124	-2.268454445e-04
2.530124	7.100951107e-04
2.535125	-1.001834020e-03
2.540125	-1.115841760e-03
2.545125	1.810000954e-03
2.550125	8.250360637e-04
2.555126	-3.103784000e-03
2.560126	1.044998554e-03
2.565126	9.389904275e-04
2.570126	-1.440905833e-03
2.575127	1.426939743e-03
2.580127	-7.003051664e-06
2.585127	-2.840027611e-04
2.590127	2.085867316e-03
2.595128	2.219456794e-04
2.600128	-1.001007489e-03
2.605128	-8.960259849e-04
2.610128	-1.106028983e-03
2.615129	6.528711580e-04
2.620129	-6.190795945e-04
2.625129	-7.820849010e-04
2.630129	1.043811949e-03
2.635130	1.493776490e-03
2.640130	1.102782403e-03
2.645130	-5.041518626e-04
2.650130	-2.942045247e-03
2.655131	-7.341671827e-04
2.660131	3.424614907e-03
2.665131	8.247294961e-04
2.670131	-3.496071252e-03
2.675132	-7.242209269e-04
2.680132	1.377662359e-03
2.685132	3.177011960e-04
2.690132	1.981606032e-03
2.695133	-2.654179214e-03
2.700133	-8.392818033e-04
2.705133	2.142558200e-03
2.710133	-6.093197212e-04
2.715134	1.101582810e-03
2.720134	3.266076362e-04
2.725134	-1.384321491e-03
2.730134	-1.947307090e-03
2.735135	-5.043913701e-04
2.740135	2.153464582e-03
2.745135	4.325359524e-04
2.750135	1.368476618e-03
2.755136	1.311466134e-03
2.760136	-1.336416889e-03
2.765136	-5.044711028e-04
2.770136	7.194554010e-04
2.775137	3.274614025e-04
2.780137	-8.394944698e-04
2.785137	-1.221488957e-03
2.790137	-7.561955710e-06
2.795138	6.523923004e-04
2.800138	-5.625612047e-04
2.805138	-2.216493113e-03
2.810138	1.704300729e-03
2.815138	1.703287508e-03
2.820139	-2.053540942e-03
2.825139	-2.846412327e-04
2.830139	8.242909460e-04
2.835139	1.273255594e-03
2.840140	-5.056701545e-04
2.845140	-1.508634075e-03
2.850140	-7.721174229e-06
2.855140	1.598186563e-03
2.860141	4.332306161e-04
2.865141	-2.655630682e-03
2.870141	1.320160472e-03
2.875141	6.521800808e-04
2.880142	-2.665669947e-03
2.885142	2.697052980e-03
2.890142	1.101118245e-03
2.895142	-3.372674911e-03
2.900143	-1.278791167e-03
2.905143	1.703048896e-03
2.910143	2.038019174e-03
2.915143	4.320849383e-04
2.920144	-1.441836112e-03
2.925144	5.940504931e-04
2.930144	2.690532452e-04
2.935144	-2.749332278e-04
2.940145	-1.393891413e-03
2.945145	8.139867372e-04
2.950145	1.262951420e-03
2.955145	-2.435879842e-03
2.960146	2.119766677e-04
2.965146	7.079390431e-04
2.970146	-7.250036862e-04
2.975146	2.200839153e-03
2.980147	2.974787857e-03
2.985147	-3.330626303e-04
2.990147	-2.321978002e-03
2.995147	3.738761577e-04
3.000148	9.687657042e-05
3.005148	-6.201013703e-04
3.010148	1.206795543e-03
3.015148	-2.181475657e-04
3.020149	-1.615092050e-03
3.025149	-1.232124097e-03
3.030149	1.101747882e-03
3.035149	-2.110107312e-03
3.040150	-9.451778237e-04
3.045150	3.699580474e-03
3.050150	1.320684307e-03
3.055150	3.167205008e-04
3.060151	-1.175219298e-03
3.065151	-1.499216552e-03
3.070151	-3.902842989e-04
3.075151	7.756451520e-04
3.080152	1.425599988e-03
3.085152	-1.011293315e-03
3.090152	-1.719271671e-03
3.095152	2.106202030e-04
3.100153	1.864525656e-03
3.105153	2.429484681e-03
3.110153	-6.673761457e-04
3.115153	-3.163266536e-03
3.120153	-2.294240444e-04
3.125154	8.815081284e-04
3.130154	-1.224556535e-04
3.135154	-1.175417023e-03
3.140154	1.320447022e-03
3.145155	2.534374134e-03
3.150155	1.100431512e-03
3.155155	-6.104974820e-04
3.160155	-2.609412307e-03
3.165156	1.759359608e-03
3.170156	7.093981019e-04
3.175156	-2.111476281e-03
3.180156	4.303855145e-04
3.185157	9.853450586e-04
3.190157	-1.136140300e-04
3.195157	4.836485037e-05
3.200157	-4.476238984e-04
3.205158	-1.806501800e-04
3.210158	5.353014524e-04
3.215158	-1.546609271e-03
3.220158	1.062962709e-04
3.225159	-1.510637324e-03
3.230159	3.732568576e-04
3.235159	3.031112965e-03
3.240159	1.632409163e-04
3.245160	-1.882671568e-03
3.250160	-7.827388120e-04
3.255160	1.263147409e-03
3.260160	3.805009231e-03
3.265161	-2.278054991e-04
3.270161	-2.273717975e-03
3.275161	9.841086308e-04
3.280161	-1.614776637e-03
3.285162	-3.908499696e-04
3.290162	-1.708739101e-04
3.295162	3.160890166e-04
3.300162	1.759004916e-03
3.305163	-1.709132536e-04
3.310163	-2.828795609e-03
3.315163	1.042000855e-03
3.320163	9.849905512e-04
3.325164	-2.445853773e-03
3.330164	4.901038616e-05
3.335164	-3.919810219e-04
3.340164	1.041935334e-03
3.345165	1.539897737e-03
3.350165	-2.390278449e-04
3.355165	6.499153270e-04
3.360165	-7.730277646e-04
3.365166	-1.395010258e-03
3.370166	1.366840780e-03
3.375166	1.214835169e-03
3.380166	2.108714729e-04
3.385167	3.158532229e-04
3.390167	1.262793554e-03
3.395167	2.688293709e-04
3.400167	-2.113066530e-03
3.405168	-1.883090922e-03
3.410168	-1.711882167e-04
3.415168	-1.119154656e-03
3.420168	-1.712143629e-04
3.425168	8.807208154e-04
3.430169	5.447242757e-04
3.435169	2.107276395e-04
3.440169	-1.950179119e-03
3.445169	9.846634357e-04
3.450170	3.031549676e-03
3.455170	-1.615234783e-03
3.460170	-1.721242626e-03
3.465170	1.146603232e-03
3.470171	-3.913341632e-04
3.475171	1.099579437e-03
3.480171	1.041569240e-03
3.485171	4.760508946e-05
3.490172	-1.509331364e-03
3.495172	-4.262208980e-03
3.500172	1.490494969e-03
3.505172	4.961311178e-03
3.510173	1.529466969e-03
3.515173	-7.844322353e-04
3.520173	-2.829344671e-03
3.525173	2.256392098e-03
3.530174	2.208381427e-03
3.535174	-1.777435519e-03
3.540174	-6.753266749e-05
3.545174	-2.113445045e-03
3.550175	-2.865479455e-04
3.555175	7.743868377e-04
3.560175	-2.865739893e-04
3.565175	2.696266248e-03
3.570176	-1.385545962e-03
3.575176	-3.996430534e-03
3.580176	9.263142740e-04
3.585176	1.816257480e-03
3.590177	-1.500592355e-03
3.595177	-9.678710369e-06
3.600177	2.590180381e-03
3.605177	-1.777617747e-03
3.610178	-1.614638768e-03
3.615178	8.212283974e-04
3.620178	2.092455052e-04
3.625178	1.147186365e-03
3.630179	-1.166712796e-03
3.635179	-2.297718829e-04
3.640179	-2.867820697e-04
3.645179	-7.837706096e-04
3.650180	8.701350378e-04
3.655180	-5.068102082e-04
3.660180	-1.148424752e-04
3.665180	6.591064680e-04
3.670181	1.204066678e-03
3.675181	-1.175829219e-03
3.680181	-1.395831372e-03
3.685181	1.261024948e-03
3.690182	1.098019995e-03
3.695182	-5.069140200e-04
3.700182	-7.259162145e-04
3.705182	-1.281901829e-03
3.710183	2.670090068e-04
3.715183	-1.165933461e-03
3.720183	-1.000328865e-05
3.725183	2.369866673e-03
3.730183	1.308905911e-03
3.735184	-1.290979141e-03
3.740184	-2.217946491e-03
3.745184	7.168961769e-04
3.750184	7.638809165e-04
3.755185	-1.250882971e-04
3.760185	7.638550258e-04
3.765185	6.588472486e-04
3.770185	-1.013278155e-05
3.775186	-2.505022983e-03
3.780186	-1.558082505e-03
3.785186	1.815738582e-03
3.790186	-1.339119146e-03
3.795187	1.617940845e-04
3.800187	2.474667372e-03
3.805187	-2.972091910e-04
3.810187	-1.501162887e-03
3.815188	1.595671839e-03
3.820188	-1.167205161e-03
3.825188	-1.835185218e-03
3.830188	-4.492663167e-04
3.835189	7.056639505e-04
3.840189	9.256402153e-04
3.845189	3.246568698e-04
3.850189	2.867518863e-03
3.855190	-7.843143901e-04
3.860190	-2.553240272e-03
3.865190	-9.473321787e-04
3.870190	-2.873775468e-04
3.875191	1.515879588e-04
3.880191	1.480509685e-03
3.885191	1.987471849e-03
3.890191	-6.704102878e-04
3.895192	-1.176398286e-03
3.900192	1.041479715e-03
3.905192	-2.874677939e-04
3.910192	1.994953647e-04
3.915193	4.864683640e-04
3.920193	-2.161414253e-03
3.925193	-7.284976246e-04
3.930193	3.249293809e-03
3.935194	1.863349116e-03
3.940194	4.642562840e-05
3.945194	-2.380467850e-03
3.950194	-2.332483079e-03
3.955195	7.063545572e-04
3.960195	2.663633384e-04
3.965195	4.383420155e-04
3.970195	1.700267074e-03
3.975196	1.251276304e-03
3.980196	-7.276391979e-04
3.985196	-5.656600206e-04
3.990196	-2.333585898e-03
3.995197	4.728412337e-05
4.000197	1.987175841e-03
4.005197	4.625848032e-05
4.010197	-1.119697003e-03
4.015198	-6.776159554e-05
4.020198	4.292011166e-04
4.025198	-7.757524422e-04
4.030198	6.011669841e-04
4.035199	3.141682700e-04
4.040199	-6.797956623e-04
4.045199	-7.278061293e-04
4.050199	1.375077591e-03
4.055199	-6.786424709e-05
4.060200	-3.442711042e-03
4.065200	3.085954956e-03
4.070200	1.317029161e-03
4.075200	-3.270757956e-03
4.080201	1.319003433e-03
4.085201	-1.176886592e-03
4.090201	-1.674874903e-03
4.095201	5.430031796e-04
4.100202	2.180063625e-04
4.105202	1.595925771e-03
4.110202	1.203932254e-03
4.115202	4.597642169e-05
4.120203	-7.289982499e-04
4.125203	-9.569998281e-04
4.130203	-4.600370693e-04
4.135203	-5.090474487e-04
4.140204	1.039096080e-04
4.145204	-5.560707101e-04
4.150204	-2.310994813e-04
4.155204	-1.251174771e-04
4.160205	8.108236989e-04
4.165205	3.688669344e-03
4.170205	1.097784029e-03
4.175205	-1.780087166e-03
4.180206	-2.114083506e-03
4.185206	-2.162093913e-03
4.190206	1.929692022e-03
4.195206	8.197338630e-04
4.200207	-1.262323620e-04
4.205207	2.579621762e-03
4.210207	-3.462470564e-04
4.215207	6.006936025e-04
4.220208	1.651629147e-03
4.225208	-1.617222791e-03
4.230208	-1.062262842e-03
4.235208	-6.702948717e-04
4.240209	-1.282277510e-03
4.245209	8.096068362e-04
4.250209	1.316569155e-03
4.255209	-1.722294084e-03
4.260210	-1.253853808e-04
4.265210	2.531471180e-03
4.270210	4.855590982e-04
4.275210	-1.110375118e-03
4.280211	3.225416615e-04
4.285211	5.905157535e-04
4.290211	-1.224407683e-03
4.295211	-1.559403923e-03
4.300212	-2.335378466e-03
4.305212	-6.050309629e-05
4.310212	1.537405580e-03
4.315212	8.114285833e-04
4.320213	1.202396640e-03
4.325213	9.823947564e-04
4.330213	-9.475230047e-04
4.335213	-6.715492839e-04
4.340214	8.673623081e-04
4.345214	-5.085826993e-04
4.350214	4.853557076e-04
4.355214	-3.456161056e-04
4.360214	-3.366292389e-04
4.365215	5.423148320e-04
4.370215	-7.386348375e-04
4.375215	1.033110581e-04
4.380215	2.752899154e-04
4.385216	1.307226469e-03
4.390216	-1.235661110e-03
4.395216	-2.219625378e-03
4.400216	6.582203713e-04
4.405217	1.594161656e-03
4.410217	-1.837635458e-04
4.415217	-1.267790153e-04
4.420217	-5.097728375e-04
4.425218	-2.000712151e-03
4.430218	3.231608651e-04
4.435218	3.231482088e-04
4.440218	9.251059405e-04
4.445219	-6.985776391e-05
4.450219	-5.088488175e-04
4.455219	1.652032229e-03
4.460219	1.030957845e-04
4.465220	-2.554786102e-03
4.470220	3.700573673e-04
4.475220	1.088009409e-03
4.480220	-2.889354876e-04
4.485221	1.593959248e-03
4.490221	-7.289391065e-04
4.495221	-7.289517350e-04
4.500221	2.367883287e-03
4.505222	-1.178954848e-03
4.510222	-2.276913455e-03
4.515222	1.593883498e-03
4.520222	-9.020063320e-04
4.525223	-2.890491019e-04
4.530223	2.750788739e-03
4.535223	4.848876007e-04
4.540223	-2.890869312e-04
4.545224	-1.211316278e-05
4.550224	-1.331060880e-03
4.555224	-1.225078694e-03
4.560224	-1.341085586e-03
4.565225	1.095781934e-03
4.570225	1.583745335e-03
4.575225	-6.811558333e-04
4.580225	-1.171961667e-04
4.585226	-1.341148540e-03
4.590226	8.197325693e-04
4.595226	7.627227920e-04
4.600226	-1.504178266e-03
4.605227	-2.322534164e-04
4.610227	1.804633803e-03
4.615227	3.796913313e-04
4.620227	-8.912587135e-04
4.625228	3.696666867e-04
4.630228	-6.822941266e-04
4.635228	4.276387066e-04
4.640228	-2.803390244e-04
4.645229	-1.447294173e-03
4.650229	1.699538460e-03
4.655229	2.253498655e-03
4.660229	-7.293671520e-04
4.665229	-2.220306353e-03
4.670230	1.478499136e-03
4.675230	2.300446156e-03
4.680230	-2.172346343e-03
4.685230	-1.713381461e-03
4.690231	1.025166686e-04
4.695231	-1.236429995e-03
4.700231	-1.839412862e-03
4.705231	7.054494126e-04
4.710232	2.693339090e-03
4.715232	1.430388698e-03
4.720232	1.095392657e-03
4.725232	-7.395295925e-04
4.730233	-2.391460842e-03
4.735233	1.096355059e-03
4.740233	1.095342597e-03
4.745233	-1.503542059e-03
4.750234	1.039320336e-03
4.755234	2.073487609e-04
4.760234	-6.726204505e-04
4.765234	3.793152992e-04
4.770235	-5.096534646e-04
4.775235	-6.816574975e-04
4.780235	-3.466864688e-04
4.785235	2.162733462e-04
4.790236	7.032369024e-04
4.795236	-1.236680147e-03
4.800236	-4.381537916e-03
4.805236	1.316169302e-03
4.810237	3.085069802e-03
4.815237	9.220456323e-05
4.820237	4.271756117e-04
4.825237	-3.367992740e-04
4.830238	8.181314410e-04
4.835238	7.031246340e-04
4.840238	-8.438117259e-04
4.845238	-7.868269893e-04
4.850239	-1.838787695e-03
4.855239	1.591015628e-04
4.860239	1.765010107e-03
4.865239	-1.733830215e-03
4.870240	1.640991311e-03
4.875240	1.420989689e-03
4.880240	-2.498829915e-03
4.885240	7.709967835e-04
4.890241	1.490149450e-04
4.895241	4.839860311e-04
4.900241	4.849735503e-04
4.905241	-7.969758131e-04
4.910242	9.239270987e-04
4.915242	5.419334665e-04
4.920242	4.839238982e-04
4.925242	-2.810508879e-04
4.930243	-1.112022425e-03
4.935243	9.808621999e-04
4.940243	5.888690723e-04
4.945243	-7.390780079e-04
4.950244	-8.350856916e-04
4.955244	-8.920952912e-04
4.960244	3.688302750e-04
4.965244	-4.051440480e-04
4.970245	3.688054804e-04
4.975245	5.977818217e-04
4.980245	-5.101760631e-04
4.985245	-8.451719716e-04
4.990245	4.367525769e-04
4.995246	2.414642890e-03
5.000246	8.177090705e-04
5.005246	-2.048162320e-03
5.010246	-7.027199931e-05
5.015247	-1.515213288e-03
5.020247	-1.399231365e-03
5.025247	2.529562988e-03
5.030247	7.606376453e-04
5.035248	-1.054285432e-03
5.040248	-2.001251205e-03
5.045248	1.696554521e-03
5.050248	1.754539313e-03
5.055249	-1.338606565e-05
5.060249	-1.183932498e-04
5.065249	2.645755623e-04
5.070249	1.965665631e-04
5.075250	-1.619356444e-03
5.080250	4.835277640e-04
5.085250	9.804909785e-04
5.090250	-2.001374661e-03
5.095251	-1.055433529e-03
5.100251	1.095448328e-03
5.105251	1.494825386e-04
5.110251	5.984481275e-04
5.115252	1.199406242e-03
5.120252	-2.435350905e-04
5.125252	-9.495126755e-04
5.130252	-1.390503294e-03
5.135253	7.503790731e-04
5.140253	2.970257557e-03
5.145253	-9.495619108e-04
5.150253	-2.441500817e-03
5.155254	9.223213978e-04
5.160254	-5.696175028e-04
5.165254	-1.756491792e-04
5.170254	1.535254360e-03
5.175255	-1.839591902e-03
5.180255	-8.926507744e-04
5.185255	2.032193052e-03
5.190255	-8.456776510e-04
5.195256	-2.499608564e-03
5.200256	9.812079191e-04
5.205256	1.153187185e-03
5.210256	7.601942477e-04
5.215257	3.112040679e-04
5.220257	-7.178935598e-05
5.225257	-8.367639854e-04
5.230257	-9.497706860e-04
5.235258	-4.058097040e-04
5.240258	-2.438299274e-04
5.245258	-3.478370627e-04
5.250258	3.781149743e-04
5.255259	3.201055814e-04
5.260259	-2.328794581e-04
5.265259	1.593018474e-03
5.270259	-5.118902117e-04
5.275260	-1.839837118e-03
5.280260	2.060499998e-04
5.285260	9.230024985e-04
5.290260	-7.309283630e-04
5.295260	-1.285913285e-03
5.300261	8.079714826e-04
5.305261	-1.400029951e-05
5.310261	9.329408983e-04
5.315261	3.082822919e-03
5.320262	3.296074798e-05
5.325262	2.059400295e-04
5.330262	-1.055010143e-03
5.335262	-2.001975760e-03
5.340263	-4.640636186e-04
5.345263	-1.505024606e-03
5.350263	-6.740776795e-04
5.355263	4.239668393e-03
5.360264	3.130710760e-03
5.365264	-1.229086944e-03
5.370264	-7.781213132e-04
5.375264	-2.911574509e-04
5.380265	-2.337068979e-03
5.385265	-1.400127248e-03
5.390265	2.193683779e-03
5.395265	1.648698420e-03
5.400266	4.827436121e-04
5.405266	-1.227184431e-03
5.410266	-7.125346005e-05
5.415266	9.072641220e-05
5.420267	-2.328166745e-03
5.425267	1.007016117e-04
5.430267	7.036597981e-04
5.435267	-2.060216379e-03
5.440268	6.446384086e-04
5.445268	8.166178056e-04
5.450268	1.094591991e-03
5.455268	1.314569032e-03
5.460269	-2.232268613e-03
5.465269	-1.735305192e-03
5.470269	7.695594508e-04
5.475269	9.805369461e-04
5.480270	-7.413904654e-04
5.485270	-4.554166540e-04
5.490270	-4.534288689e-04
5.495270	2.251425950e-03
5.500271	7.024900390e-04
5.505271	-2.165380983e-03
5.510271	1.141444230e-03
5.515271	2.079385984e-03
5.520272	-4.535015091e-04
5.525272	-1.195300365e-04
5.530272	-1.195421305e-04
5.535272	-1.954463952e-03
5.540273	-3.495549955e-04
5.545273	-2.925698851e-04
5.550273	1.916309364e-03
5.555273	6.553593173e-04
5.560274	-1.008570902e-03
5.565274	1.800278840e-03
5.570274	6.543231441e-04
5.575274	-1.772569532e-03
5.580275	3.673131285e-04
5.585275	2.356203220e-03
5.590275	-1.447621708e-03
5.595275	-4.766470493e-03
5.600275	-1.471631342e-05
5.605276	2.748135714e-03
5.610276	1.141202719e-03
5.615276	-1.725668289e-03
5.620276	-6.747320338e-04
5.625277	9.221773648e-04
5.630277	-1.007739729e-03
5.635277	2.051885653e-04
5.640277	1.471793873e-04
5.645278	-7.282181846e-05
5.650278	-6.748042295e-04
5.655278	4.351291434e-04
5.660278	8.070988239e-04
5.665279	2.621136175e-04
5.670279	-7.308495475e-04
5.675279	-7.189397677e-05
5.680279	-6.390637838e-05
5.685280	5.960491489e-04
5.690280	4.830427055e-04
5.695280	-5.689175425e-04
5.700280	-2.919431655e-04
5.705281	-2.337854510e-03
5.710281	-5.699534739e-04
5.715281	2.030906587e-03
5.720281	1.533919051e-03
5.725282	-7.329814098e-04
5.730282	-1.300230522e-04
5.735282	8.649160245e-04
5.740282	1.312882013e-03
5.745283	4.293251805e-05
5.750283	-2.116973192e-03
5.755283	3.668926479e-04
5.760283	1.092844972e-03
5.765284	-1.392044741e-03
5.770284	-1.871159743e-04
5.775284	2.584735710e-03
5.780284	-6.171187233e-04
5.785285	-1.401092102e-03
5.790285	-4.541506322e-04
5.795285	-1.956088685e-03
5.800285	1.467959242e-04
5.805286	1.209731697e-03
5.810286	7.017447552e-04
5.815286	-7.322904896e-05
5.820286	-1.115189716e-03
5.825287	4.247226039e-04
5.830287	4.827078307e-04
5.835287	8.736766791e-04
5.840287	1.695624328e-03
5.845288	-1.459232378e-03
5.850288	-1.669233956e-03
5.855288	1.093618218e-03
5.860288	1.857568732e-03
5.865289	-8.373105911e-04
5.870289	-3.973441323e-04
5.875289	-1.067323066e-03
5.880289	-3.169231552e-03
5.885290	2.030500756e-03
5.890290	3.081437170e-03
5.895290	-2.615294458e-03
5.900290	-4.074149546e-04
5.905291	2.909409996e-03
5.910291	9.953635704e-05
5.915291	-1.726385685e-03
5.920291	-1.506408374e-03
5.925291	1.418435873e-03
5.930292	8.634513147e-04
5.935292	-9.524712075e-04
5.940292	1.532394693e-03
5.945292	3.764397094e-04
5.950293	-2.337438628e-03
5.955293	-1.018515359e-03
5.960293	1.150366099e-03
5.965293	4.903867273e-04
5.970294	8.939461780e-05
5.975294	1.943776196e-04
5.980294	-5.605970694e-04
5.985294	-6.746032882e-04
5.990295	-7.996089629e-04
5.995295	-8.476184224e-04
6.000295	-1.009622271e-03
6.005295	-3.976641917e-04
6.010296	1.475231858e-03
6.015296	1.857201257e-03
6.020296	-7.316831868e-04
6.025296	-1.777222423e-04
6.030297	1.647176181e-03
6.035297	5.382189396e-04
6.040297	-1.229705880e-03
6.045297	-4.547557949e-04
6.050298	2.078107812e-03
6.055298	-1.307953047e-04
6.060298	-2.368018712e-04
6.065298	-5.128000717e-04
6.070299	-1.229776575e-03
6.075299	7.011166612e-04
6.080299	5.391128618e-04
6.085299	-1.669790236e-03
6.090300	-7.328480924e-04
6.095300	6.430724583e-04
6.100300	8.908795506e-05
6.105300	3.770620342e-04
6.110301	-7.328951114e-04
6.115301	-4.659199930e-04
6.120301	-2.359430513e-04
6.125301	9.802877735e-05
6.130302	-1.506904005e-03
6.135302	1.480028454e-04
6.140302	1.971901386e-03
6.145302	-8.959692567e-04
6.150303	-7.329890004e-04
6.155303	8.149231264e-04
6.160303	7.589141622e-04
6.165303	1.532864371e-03
6.170304	-5.710438394e-04
6.175304	-1.067031149e-03
6.180304	2.526780344e-03
6.185304	1.359826049e-03
6.190305	4.087923462e-05
6.195305	2.144764035e-03
6.200305	-9.050976196e-04
6.205305	-3.113000692e-03
6.210306	-1.010115833e-03
6.215306	4.228019888e-04
6.220306	-2.931744703e-04
6.225306	-2.177093468e-03
6.230306	-1.212062848e-04
6.235307	2.756640465e-03
6.240307	4.237435642e-04
6.245307	-2.674115701e-03
6.250307	-5.712308166e-04
6.255308	5.957001156e-04
6.260308	1.254656041e-03
6.265308	4.070410883e-05
6.270308	-2.454184804e-03
6.275309	4.246619223e-04
6.280309	8.736281911e-04
6.285309	1.970562586e-03
6.290309	-1.793432858e-04
6.295310	-5.703356851e-04
6.300310	7.585873064e-04
6.305310	2.201504693e-03
6.310310	2.248490757e-03
6.315311	-2.119305989e-03
6.320311	-5.713937576e-04
6.325311	5.865376619e-04
6.330311	-1.506370988e-03
6.335312	-3.524393655e-04
6.340312	8.624892595e-04
6.345312	-9.524330567e-04
6.350312	1.924413816e-03
6.355313	1.206437541e-03
6.360313	-1.957418404e-03
6.365313	7.484368899e-04
6.370313	-1.565460863e-03
6.375314	-1.010499748e-03
6.380314	1.035388023e-03
6.385314	-1.612493289e-03
6.390314	3.174001949e-04
6.395315	1.579326543e-03
6.400315	-4.555849151e-04
6.405315	-1.335553188e-03
6.410315	6.423379474e-04
6.415316	9.193127640e-04
6.420316	9.203011612e-04
6.425316	-1.679582487e-03
6.430316	2.133128433e-04
6.435317	1.369244432e-03
6.440317	-2.062598277e-03
6.445317	-7.326752418e-04
6.450317	8.052375648e-04
6.455318	3.652476790e-04
6.460318	-2.167639242e-03
6.465318	8.721996860e-04
6.470318	1.255169324e-03
6.475319	-9.057358874e-04
6.480319	-1.948696093e-03
6.485319	-8.957594052e-04
6.490319	9.771369478e-04
6.495320	1.139117474e-03
6.500320	9.781138923e-04
6.505320	-2.938350321e-04
6.510320	9.190938016e-04
6.515321	1.589049350e-03
6.520321	-1.229823462e-03
6.525321	3.180889016e-04
6.530321	-2.177799794e-03
6.535321	-1.518843691e-03
6.540322	2.859929417e-03
6.545322	4.330373368e-04
6.550322	-4.559303990e-04
6.555322	-3.773778641e-03
6.560323	-1.697492223e-05
6.565323	5.849840047e-04
6.570323	-4.089785527e-04
6.575323	2.248879240e-03
6.580324	-4.569990923e-04
6.585324	3.169513866e-04
6.590324	4.095352176e-05
6.595324	-1.287992539e-03
6.600325	7.568954250e-04
6.605325	-1.707793169e-05
6.610325	-5.140649116e-04
6.615325	-1.508027439e-03
6.620326	2.076784781e-03
6.625326	4.798519236e-04
6.630326	-2.283023571e-03
6.635326	2.524728496e-03
6.640327	-1.624078811e-03
6.645327	-2.617041367e-03
6.650327	1.263756311e-03
6.655327	1.092753325e-03
6.660328	-1.720346644e-05
6.665328	-1.012165911e-03
6.670328	-9.631797107e-04
6.675328	1.636681001e-03
6.680329	7.567129093e-04
6.685329	-5.622335837e-04
6.690329	4.807037324e-04
6.695329	-3.042690230e-04
6.700330	6.516725795e-04
6.705330	1.923598640e-03
6.710330	-1.566241037e-03
6.715330	-2.226219928e-03
6.720331	1.034608297e-03
6.725331	2.191540029e-03
6.730331	6.996020767e-04
6.735331	-2.120270544e-03
6.740332	-2.373745161e-04
6.745332	-2.953830012e-04
6.750332	1.138535121e-03
6.755332	7.095448930e-04
6.760333	1.455613098e-04
6.765333	2.505448197e-04
6.770333	-2.331339485e-03
6.775333	-7.344293643e-04
6.780334	1.034472298e-03
6.785334	-7.448445770e-05
6.790334	1.024450171e-03
6.795334	-6.774774064e-04
6.800335	-1.173464308e-03
6.805335	1.253405003e-03
6.810335	3.945342932e-05
6.815335	-4.565334616e-04
6.820336	-8.495254160e-04
6.825336	7.563842957e-04
6.830336	4.074209792e-03
6.835336	-1.012551239e-03
6.840336	-4.387396486e-03
6.845337	-3.516062996e-04
6.850337	-1.125579491e-03
6.855337	-6.296151541e-04
6.860337	1.865250849e-03
6.865338	1.254269649e-03
6.870338	6.422885026e-04
6.875338	3.930691651e-05
6.880338	-4.576798806e-04
6.885339	-8.976694784e-04
6.890339	-2.837585283e-03
6.895339	-5.717079905e-04
6.900339	3.242093154e-03
6.905340	8.042018583e-04
6.910340	-1.614690369e-03
6.915340	-1.778015237e-05
6.920340	3.651897881e-04
6.925341	-1.116748523e-03
6.930341	2.021753798e-04
6.935341	1.970077198e-03
6.940341	8.131229099e-04
6.945342	9.761036901e-04
6.950342	-6.768261912e-04
6.955342	-3.518533733e-04
6.960342	-3.528645149e-04
6.965343	-1.509818786e-03
6.970343	5.370693319e-04
6.975343	-1.791454621e-05
6.980343	-6.298956168e-04
6.985344	4.800386053e-04
6.990344	3.170354539e-04
6.995344	-3.439431958e-04
7.000344	2.590159778e-04
7.005345	4.799939466e-04
7.010345	-1.799271105e-05
7.015345	-1.346938486e-03
7.020345	8.609417468e-04
7.025346	-1.011977260e-03
7.030346	-1.011988402e-03
7.035346	1.806861784e-03
7.040346	1.424869441e-03
7.045347	5.848996321e-04
7.050347	-1.126027326e-03
7.055347	-1.230877912e-04
7.060347	-7.930659526e-04
7.065348	-2.951015681e-04
7.070348	-5.151018594e-04
7.075348	2.018517589e-04
7.080348	1.807761648e-03
7.085349	-2.961459528e-04
7.090349	-6.871378179e-04
7.095349	1.080764112e-03
7.100349	1.204746920e-03
7.105350	9.679033691e-05
7.110350	-2.179108785e-03
7.115350	1.367705645e-03
7.120350	2.744626827e-03
7.125351	-3.775063508e-03
7.130351	-2.168153632e-03
7.135351	-8.012319473e-04
7.140351	6.986831987e-04
7.145352	1.147650050e-03
7.150352	-1.787216625e-03
7.155352	9.186392049e-04
7.160352	1.969576453e-03
7.165352	-1.672255432e-03
7.170353	-1.567271640e-03
7.175353	1.252578596e-03
7.180353	9.662442771e-05
7.185353	4.795945546e-04
7.190354	-2.473807104e-04
7.195354	-2.963893249e-04
7.200354	-4.003952302e-04
7.205354	7.565368355e-04
7.210355	1.969466150e-03
7.215355	-3.278286695e-03
7.220355	-8.404176348e-04
7.225355	2.074427964e-03
7.230356	1.915095946e-04
7.235356	-1.509417724e-03
7.240356	9.649227906e-05
7.245356	1.472413600e-03
7.250357	-9.554779441e-04
7.255357	4.784405309e-04
7.260357	-2.385351757e-04
7.265357	-2.865437891e-04
7.270358	2.075329046e-03
7.275358	5.843914252e-04
7.280358	-9.555437810e-04
7.285358	8.703554320e-04
7.290359	-1.127557236e-03
7.295359	-2.007524899e-03
7.300359	1.759278840e-03
7.305359	8.043148743e-04
7.310360	-9.646090449e-04
7.315360	-1.338601585e-03
7.320360	-1.806694856e-04
7.325360	1.740225083e-03
7.330361	-5.746719621e-04
7.335361	-1.175653321e-03
7.340361	-8.976779168e-04
7.345361	1.473194529e-03
7.350362	3.461085820e-03
7.355362	1.309180775e-03
7.360362	-9.077210693e-04
7.365362	-4.007569123e-04
7.370363	5.351861445e-04
7.375363	-1.843707719e-03
7.380363	-2.503686143e-03
7.385363	1.691096604e-03
7.390364	6.411373732e-04
7.395364	-1.681759231e-03
7.400364	-1.787764893e-03
7.405364	-7.838251555e-04
7.410365	1.807036516e-03
7.415365	4.120911817e-03
7.420365	1.032052913e-03
7.425365	-1.615827681e-03
7.430366	-8.498762172e-04
7.435366	-2.015829709e-03
7.440366	1.748974232e-03
7.445366	6.500174520e-04
7.450367	-1.786873504e-03
7.455367	-7.369359925e-04
7.460367	-1.510908749e-03
7.465367	8.700181153e-05
7.470367	2.131890387e-03
7.475368	9.269388433e-04
7.480368	-4.580038416e-04
7.485368	-1.681954443e-03
7.490368	-1.904706115e-05
7.495369	2.303827857e-03
7.500369	5.919012729e-04
7.505369	-2.227970801e-03
7.510369	-1.949995272e-03
7.515370	2.889658308e-05
7.520370	1.969790311e-03
7.525370	-6.712026617e-05
7.530370	-1.845043581e-03
7.535371	8.608125256e-04
7.540371	9.747961447e-04
7.545371	-2.065065077e-03
7.550371	-3.531600613e-04
7.555372	1.749725724e-03
7.560372	-1.291135438e-03
7.565372	3.157747546e-04
7.570372	1.147723075e-03
7.575373	-1.071178512e-03
7.580373	-2.402301341e-04
7.585373	1.251685730e-03
7.590373	-1.462191495e-03
7.595374	2.007159651e-04
7.600374	1.366647878e-03
7.605374	-1.510221318e-03
7.610374	4.786701166e-04
7.615375	2.303569622e-03
7.620375	1.356605495e-03
7.625375	3.626436841e-04
7.630375	2.303537495e-03
7.635376	-1.823509127e-04
7.640376	-3.891179153e-03
7.645376	-1.232320652e-03
7.650376	2.800470261e-03
7.655377	5.825686853e-04
7.660377	-2.342298107e-03
7.665377	-7.363877907e-04
7.670377	3.725469787e-04
7.675378	-3.544279293e-04
7.680378	-2.896313548e-03
7.685378	1.089479704e-03
7.690378	2.523398501e-03
7.695379	-1.344814000e-04
7.700379	3.144858597e-04
7.705379	1.261428625e-03
7.710379	-9.554729587e-04
7.715380	-1.300466628e-03
7.720380	4.774352689e-04
7.725380	1.524406231e-04
7.730380	1.251375930e-03
7.735381	8.603845386e-04
7.740381	-1.625503789e-03
7.745381	-1.825853934e-04
7.750381	1.356328284e-03
7.755382	-8.505737576e-04
7.760382	-1.223566015e-03
7.765382	9.743152548e-04
7.770382	1.519277845e-03
7.775382	-9.566109478e-04
7.780383	6.492994563e-04
7.785383	1.251259254e-03
7.790383	-3.451519974e-03
7.795383	-7.366641138e-04
7.800384	2.523164940e-03
7.805384	-1.290658010e-03
7.810384	-2.944587213e-03
7.815384	-5.737144145e-04
7.820385	2.580119869e-03
7.825385	6.392047961e-04
7.830385	-1.917648776e-04
7.835385	-1.817759189e-04
7.840386	-1.396726695e-03
7.845386	-9.567588814e-04
7.850386	-1.300752497e-03
7.855386	-2.122722594e-03
7.860387	9.271168365e-04
7.865387	3.411984065e-03
7.870387	3.141259433e-04
7.875387	-1.986814474e-05
7.880388	4.210996464e-04
7.885388	-2.400772041e-03
7.890388	-1.291837103e-03
7.895388	2.360972691e-03
7.900389	1.366011139e-03
7.905389	-1.463860140e-03
7.910389	1.355990644e-03
7.915389	2.140941540e-03
7.920390	-1.452892144e-03
7.925390	-3.891782641e-03
7.930390	-4.689615055e-04
7.935390	1.862913304e-03
7.940391	1.861902885e-03
7.945391	1.136928086e-03
7.950391	-6.889925477e-04
7.955391	-1.568959714e-03
7.960392	4.299314960e-04
7.965392	3.134787980e-03
7.970392	-1.405999079e-03
7.975392	-9.090339685e-04
7.980393	3.718925781e-04
7.985393	-4.600769262e-04
7.990393	4.768665506e-04
7.995393	4.198589294e-04
8.000394	1.418621838e-04
8.005394	-2.401294417e-04
8.010394	-3.451346899e-04
8.015394	9.483325555e-05
8.020395	-1.798084027e-03
8.025395	3.681530145e-05
8.030395	1.088753152e-03
8.035395	1.518721605e-03
8.040396	2.024686324e-03
8.045396	-2.056123305e-03
8.050396	-1.396166154e-03
8.055396	7.447181450e-04
8.060397	-7.462188820e-04
8.065397	5.337077804e-04
8.070397	-4.612536386e-04
8.075397	-8.422452583e-04
8.080398	1.806614070e-03
8.085398	-4.122871242e-04
8.090398	-1.683234950e-03
8.095398	-1.014278207e-03
8.100398	1.689578432e-03
8.105399	7.546140891e-04
8.110399	-1.224298892e-03
8.115399	3.662874451e-05
8.120399	1.795531887e-03
8.125400	3.615921072e-04
8.130400	-2.170293654e-03
8.135400	-1.731325565e-03
8.140400	-9.103762635e-04
8.145401	1.575491135e-03
8.150401	2.245447873e-03
8.155401	1.758461531e-03
8.160401	-4.604396041e-04
8.165402	-3.118319139e-03
8.170402	8.451300761e-05
8.175402	1.193448169e-03
8.180402	1.528421411e-03
8.185403	-5.744854111e-04
8.190403	-1.119468872e-03
8.195403	-1.825252329e-04
8.200403	-3.555269855e-04
8.205404	8.004058880e-04
8.210404	-7.756117536e-05
8.215404	-1.119520167e-03
8.220404	1.422344537e-03
8.225405	-1.835867020e-04
8.230405	-5.745777065e-04
8.235405	-4.695931068e-04
8.240405	-1.406557244e-03
8.245406	8.113234187e-04
8.250406	-7.864302235e-05
8.255406	3.734105227e-05
8.260406	-9.576202154e-04
8.265407	-2.406656979e-04
8.270407	-2.068672730e-05
8.275407	-1.356912730e-04
8.280407	7.542547462e-04
8.285408	1.967184880e-03
8.290408	1.690188316e-03
8.295408	-4.027189096e-04
8.300408	-1.836658549e-03
8.305409	-2.401640934e-03
8.310409	-1.015719290e-03
8.315409	1.089166987e-03
8.320409	8.591681353e-04
8.325410	8.001608752e-04
8.330410	-2.407980731e-04
8.335410	-1.559743342e-03
8.340410	-1.072777449e-03
8.345411	1.853068465e-03
8.350411	2.799011786e-03
8.355411	-6.885726590e-05
8.360411	-1.396802071e-03
8.365412	-1.903787261e-03
8.370412	-1.903797387e-03
8.375412	1.136042944e-03
8.380412	2.244978271e-03
8.385413	-4.029015793e-04
8.390413	-1.359248236e-04
8.395413	1.249996889e-03
8.400413	-4.609290431e-04
8.405413	-7.379255141e-04
8.410414	-1.359652219e-04
8.415414	2.460058969e-04
8.420414	7.059731827e-04
8.425414	7.059631015e-04
8.430415	1.409808186e-04
8.435415	-2.458901352e-03
8.440415	9.729197479e-04
8.445415	3.019808984e-03
8.450416	-2.228942861e-03
8.455416	-2.669931223e-03
8.460416	2.349811774e-03
8.465416	2.904774423e-03
8.470417	-9.580455876e-04
8.475417	-2.171995907e-03
8.480417	-1.570035558e-03
8.485417	-4.710996531e-04
8.490418	1.699783520e-03
8.495418	-5.661150315e-04
8.500418	4.758236894e-04
8.505418	2.626707859e-03
8.510419	-7.816908458e-05
8.515419	-1.732097726e-03
8.520419	-1.292129375e-03
8.525419	1.966700306e-03
8.530420	2.557744802e-04
8.535420	-5.751946310e-04
8.540420	3.037521414e-04
8.545420	-5.662150431e-04
8.550421	-1.790164809e-03
8.555421	-7.825900217e-05
8.560421	9.256816376e-04
8.565421	1.987074351e-04
8.570422	7.426707121e-04
8.575422	-7.929880887e-05
8.580422	6.476554740e-04
8.585422	1.030626684e-03
8.590423	-2.286220088e-03
8.595423	-1.293278878e-03
8.600423	1.804558784e-03
8.605423	6.956034069e-04
8.610424	9.725798517e-04
8.615424	-2.009283379e-03
8.620424	-3.004244352e-03
8.625424	1.077544925e-03
8.630425	1.470515680e-03
8.635425	-2.314105008e-04
8.640425	3.556646090e-05
8.645425	-7.843783063e-05
8.650426	-1.073398779e-03
8.655426	-5.184359722e-04
8.660426	1.632448326e-03
8.665426	-5.194556929e-04
8.670427	-4.134707861e-04
8.675427	4.764755575e-04
8.680427	1.030438434e-03
8.685427	8.004398824e-04
8.690428	-1.235469822e-03
8.695428	9.245499153e-05
8.700428	1.134393879e-03
8.705428	1.413370304e-03
8.710428	-1.512495601e-03
8.715429	1.029369508e-03
8.720429	1.861318743e-03
8.725429	-4.667369907e-03
8.730429	-2.448488895e-03
8.735430	9.723329905e-04
8.740430	7.523339931e-04
8.745430	-5.666109368e-04
8.750430	-1.936390974e-04
8.755431	-1.366517088e-04
8.760431	2.024232182e-03
8.765431	2.962176239e-03
8.770431	-2.784550842e-03
8.775432	-7.069414271e-05
8.780432	1.134236793e-03
8.785432	-4.706940337e-04
8.790432	1.202213888e-03
8.795433	-2.230627005e-03
8.800433	-1.407677260e-03
8.805433	9.731958455e-04
8.810433	-8.537240393e-04
8.815434	1.690141056e-03
8.820434	-2.178447715e-05
8.825434	-3.005647433e-03
8.830434	3.131795510e-04
8.835435	1.422115256e-03
8.840435	-1.838154750e-04
8.845435	2.461536407e-04
8.850435	-1.368372452e-04
8.855436	-1.570776425e-03
8.860436	1.803047879e-03
8.865436	-7.388367862e-04
8.870436	-5.188573187e-04
8.875437	3.515934481e-03
8.880437	-1.349835846e-03
8.885437	-2.450791382e-03
8.890437	2.520954337e-03
8.895438	-1.570854053e-03
8.900438	-1.952844946e-03
8.905438	1.861957702e-03
8.910438	2.550270798e-04
8.915439	5.800014205e-04
8.920439	1.248958843e-03
8.925439	-9.009450546e-04
8.930439	-2.989843277e-04
8.935440	-8.000475541e-05
8.940440	-9.689706728e-04
8.945440	3.734788276e-03
8.950440	1.307898027e-03
8.955441	-3.223888667e-03
8.960441	-7.400204958e-04
8.965441	-9.690188592e-04
8.970441	3.492212637e-05
8.975442	2.798776536e-03
8.980442	-7.909150154e-05
8.985442	-1.896011729e-03
8.990442	-2.421027018e-04
8.995443	-8.012027401e-05
9.000443	-2.622004823e-03
9.005443	6.378252123e-04
9.010443	1.364779859e-03
9.015443	-1.121107432e-03
9.020444	1.687744802e-03
9.025444	8.567761049e-04
9.030444	-1.847100449e-03
9.035444	-4.041810036e-04
9.040445	-5.201848613e-04
9.045445	9.137350358e-04
9.050445	3.476872117e-05
9.055445	-9.111942932e-04
9.060446	9.274677001e-05
9.065446	3.127264050e-04
9.070446	9.156872033e-04
9.075446	-6.812437689e-04
9.080447	-5.192612677e-04
9.085447	1.133647891e-03
9.090447	5.886651803e-04
9.095447	1.803595894e-03
9.100448	2.567384745e-05
9.105448	-2.993196725e-04
9.110448	-1.514269406e-03
9.115448	-2.116249291e-03
9.120449	1.087583599e-03
9.125449	7.995882764e-04
9.130449	9.715703292e-04
9.135449	-2.842251530e-03
9.140450	-1.236340011e-03
9.145450	1.144533387e-03
9.150450	-6.923857139e-04
9.155450	2.545582359e-04
9.160451	3.125459228e-04
9.165451	-2.244705300e-05
9.170451	7.525053711e-04
9.175451	4.175124040e-04
9.180452	3.452180265e-05
9.185452	-4.054659904e-04
9.190452	-9.684477282e-04
9.195452	8.564530648e-04
9.200453	-3.484970822e-04
9.205453	2.348360823e-03
9.210453	1.688383874e-03
9.215453	-3.444373028e-03
9.220454	2.554355493e-04
9.225454	1.353372132e-03
9.230454	-1.855615581e-04
9.235454	-1.016530073e-03
9.240455	1.516335931e-03
9.245455	1.086347699e-03
9.250455	-2.889466090e-03
9.255455	-1.896524316e-03
9.260456	1.802284346e-03
9.265456	1.908269764e-03
9.270456	-7.486088928e-04
9.275456	4.743215849e-04
9.280457	5.313094263e-04
9.285457	-2.067572071e-03
9.290457	-9.016387758e-04
9.295457	1.972978195e-04
9.300458	-1.294638121e-03
9.305458	1.966192127e-03
9.310458	6.372481769e-04
9.315458	-1.017679732e-03
9.320459	9.225634424e-05
9.325459	-2.997336869e-04
9.330459	-5.777293216e-04
9.335459	1.085179564e-03
9.340459	1.411154226e-03
9.345460	-1.732700408e-03
9.350460	-7.397585496e-04
9.355460	3.111804600e-04
9.360460	2.551739310e-04
9.365461	-1.246761460e-03
9.370461	1.391610831e-04
9.375461	-1.016791320e-03
9.380461	6.941152443e-04
9.385462	2.635010499e-03
9.390462	-2.908548191e-04
9.395462	5.310954913e-04
9.400462	3.020975083e-04
9.405463	1.134047336e-03
9.410463	-1.131850432e-03
9.415463	-2.125810769e-03
9.420463	5.890464414e-04
9.425464	4.260452339e-04
9.430464	1.143000741e-03
9.435464	1.573970322e-03
9.440464	-1.949518682e-04
9.445465	-1.074917786e-03
9.450465	-1.073927039e-03
9.455465	9.709631615e-04
9.460465	5.879728078e-04
9.465466	-1.733922156e-03
9.470466	1.969736664e-04
9.475466	9.139292136e-04
9.480466	1.248903557e-03
9.485467	-2.430322190e-04
9.490467	-2.393935572e-03
9.495467	-1.456990830e-03
9.500467	1.018878209e-03
9.505468	1.305854936e-03
9.510468	-1.237029115e-03
9.515468	-1.514024634e-03
9.520468	2.462770584e-03
9.525469	1.388757723e-04
9.530469	-3.282965020e-03
9.535469	5.318381801e-04
9.540469	4.738319104e-04
9.545470	-3.581362792e-04
9.550470	2.519713029e-03
9.555470	8.557857769e-04
9.560470	-2.012082242e-03
9.565471	2.067994981e-04
9.570471	1.362733535e-03
9.575471	5.307653723e-04
9.580471	-1.304153445e-03
9.585472	-3.120073192e-03
9.590472	-6.252050072e-04
9.595472	9.717073580e-04
9.600472	2.079643783e-03
9.605473	5.877081152e-04
9.610473	8.566858225e-04
9.615473	1.180660829e-03
9.620473	-2.728155926e-03
9.625474	-2.902849047e-04
9.630474	-7.982689561e-04
9.635474	-5.202916688e-04
9.640474	1.133617933e-03
9.645474	3.366301766e-05
9.650475	-1.180286285e-03
9.655475	-2.241243110e-03
9.660475	2.299524489e-03
9.665475	2.022529106e-03
9.670476	-1.075327499e-03
9.675476	1.966009269e-04
9.680476	-1.294334722e-03
9.685476	1.582514757e-03
9.690477	1.965739521e-04
9.695477	-2.566299109e-03
9.700477	6.455339040e-04
9.705477	1.410487298e-03
9.710478	-5.774238748e-04
9.715478	-1.457389549e-03
9.720478	6.354985299e-04
9.725478	1.190462273e-03
9.730479	-9.124432246e-04
9.735479	1.484956354e-04
9.740479	8.654514225e-04
9.745479	-2.126410328e-03
9.750480	1.075423223e-03
9.755480	1.582389354e-03
9.760480	-4.625189687e-04
9.765480	-1.189492124e-03
9.770481	1.484331418e-04
9.775481	-4.635456613e-04
9.780481	-4.635545660e-04
9.785481	9.713659415e-04
9.790482	-2.069493357e-03
9.795482	-4.065840568e-04
9.800482	1.525312016e-03
9.805482	1.075325271e-03
9.810483	-5.206050941e-04
9.815483	-1.677557050e-03
9.820483	-6.936143243e-04
9.825483	5.793141893e-04
9.830484	-8.066220194e-05
9.835484	7.502880643e-04
9.840484	-1.571606559e-03
9.845484	-8.068875070e-05
9.850485	2.691166045e-03
9.855485	-6.836767633e-04
9.860485	-2.012620217e-03
9.865485	-2.126623435e-03
9.870486	1.630182924e-03
9.875486	7.502173967e-04
9.880486	1.962358371e-04
9.885486	1.200177639e-03
9.890487	-1.857629826e-04
9.895487	1.180161021e-03
9.900487	3.581926633e-04
9.905487	-7.307625548e-04
9.910488	-1.295743546e-03
9.915488	-4.157956158e-04
9.920488	9.711273775e-04
9.925488	4.161459087e-04
9.930489	-1.123787100e-03
9.935489	-7.408147028e-04
9.940489	1.076087156e-03
9.945489	9.700836180e-04
9.950489	-4.638545867e-04
9.955490	-1.515811579e-03
9.960490	1.960954641e-04
9.965490	4.740730545e-04
9.970490	2.530751970e-04
9.975491	1.352012409e-03
9.980491	-2.392862097e-05
9.985491	-6.259077219e-04
9.990491	-1.514872700e-03
9.995492	6.930099757e-04
10.000492	1.963938750e-03
10.005492	-1.954877159e-03
10.010492	-9.029376017e-04
10.015493	1.084955915e-03
10.020493	9.699528894e-04
10.025493	-1.959984292e-04
10.030493	-1.390099065e-04
10.035494	-1.860162630e-04
10.040494	-7.979948207e-04
10.045494	-7.420062347e-04
10.050494	-1.620971648e-03
10.055495	5.309138378e-04
10.060495	1.410861903e-03
10.065495	1.074869791e-03
10.070495	2.297800992e-03
10.075496	-1.629014458e-03
10.080496	-2.069001439e-03
10.085496	3.678700553e-04
10.090496	-1.908026598e-03
10.095497	-2.412789042e-05
10.100497	2.575735599e-03
10.105497	-1.573068901e-03
10.110497	3.384344736e-05
10.115498	2.403718266e-03
10.120498	2.428159835e-04
10.125498	-2.417946614e-05
10.130498	-1.342123209e-03
10.135499	-1.573120420e-03
10.140499	-3.021915148e-04
10.145499	3.677669604e-04
10.150499	-3.022086408e-04
10.155500	-5.792035702e-04
10.160500	1.582681523e-03
10.165500	1.085697425e-03
10.170500	-2.797120099e-03
10.175501	-8.572240711e-04
10.180501	9.796770285e-04
10.185501	1.397098232e-04
10.190501	1.744622345e-03
10.195502	6.446679395e-04
10.200502	-5.782804106e-04
10.205502	-1.191258764e-03
10.210502	5.866452666e-04
10.215503	8.656230424e-04
10.220503	-1.963332089e-04
10.225503	7.966094524e-04
10.230503	-7.983205694e-04
10.235504	-5.213426763e-04
10.240504	-1.293704356e-04
10.245504	-8.463436349e-04
10.250504	1.131550595e-03
10.255505	7.505608761e-04
10.260505	6.355580768e-04
10.265505	5.775524781e-04
10.270505	-1.897334216e-03
10.275505	8.955959502e-05
10.280506	2.182448196e-03
10.285506	-1.384460593e-04
10.290506	-2.949316205e-03
10.295506	-1.621389957e-03
10.300507	2.403403622e-03
10.305507	1.744427626e-03
10.310507	-1.515420413e-03
10.315507	-7.514664008e-04
10.320508	1.027437685e-03
10.325508	3.674617577e-04
10.330508	-2.787391428e-03
10.335508	-1.573459533e-03
10.340509	2.346339249e-03
10.345509	3.104310306e-04
10.350509	3.094227090e-04
10.355509	7.973903366e-04
10.360510	-3.952384357e-03
10.365510	9.223674697e-04
10.370510	7.583671856e-04
10.375510	-9.135589102e-04
10.380511	6.353565473e-04
10.385511	7.493426019e-04
10.390511	2.403252904e-03
10.395511	-1.736551764e-03
10.400512	-1.678562940e-03
10.405512	1.849255188e-03
10.410512	2.241227591e-03
10.415512	-2.916561114e-04
10.420513	-1.133622994e-03
10.425513	-1.516612452e-03
10.430513	-3.016805164e-04
10.435513	3.012815307e-04
10.440514	1.361221101e-03
10.445514	2.042697381e-04
10.450514	-6.846948041e-04
10.455514	4.722400092e-04
10.460515	9.122100988e-04
10.465515	-6.357220106e-04
10.470515	-1.572684172e-03
10.475515	4.142098300e-04
10.480516	2.522095532e-04
10.485516	2.241103467e-03
10.490516	-1.850703471e-03
10.495516	-2.729668462e-03
10.500517	1.581111239e-03
10.505517	2.957035328e-03
10.510517	-7.517904319e-04
10.515517	-2.949690517e-03
10.520518	-1.298374498e-04
10.525518	1.189089462e-03
10.530518	2.126035170e-03
10.535518	1.941220183e-04
10.540519	-8.468349597e-04
10.545519	-7.408483574e-04
10.550519	-2.567766660e-03
10.555519	-7.418646603e-04
10.560520	3.176934383e-03
10.565520	-1.353850887e-03
10.570520	-1.123870360e-03
10.575520	3.397899034e-03
10.580520	-1.410872545e-03
10.585521	-3.113796914e-03
10.590521	1.570964476e-03
10.595521	1.026983103e-03
10.600521	4.250045872e-04
10.605522	-8.197859685e-05
10.610522	-7.989514455e-04
10.615522	4.149807186e-04
10.620522	9.679454043e-04
10.625523	-5.799865502e-04
10.630523	-3.590055227e-04
10.635523	1.637888143e-03
10.640523	-1.736953921e-03
10.645524	2.429405900e-04
10.650524	2.298831367e-03
10.655524	-4.650407388e-04
10.660524	-2.290958983e-03
10.665525	3.191867403e-05
10.670525	1.848821228e-03
10.675525	-1.907002059e-03
10.680525	-1.344037807e-03
10.685526	3.463717625e-03
10.690526	1.407810724e-03
10.695526	-8.570858904e-04
10.700526	-8.560939720e-04
10.705527	-8.571019504e-04
10.710527	-1.182093985e-03
10.715527	-1.678077603e-03
10.720527	1.293768182e-03
10.725528	4.718006106e-04
10.730528	-9.611368986e-04
10.735528	1.512733399e-03
10.740528	8.637573323e-04
10.745529	-1.066155713e-03
10.750529	-9.721683207e-04
10.755529	-1.632143832e-03
10.760529	-4.652092139e-04
10.765530	1.084706568e-03
10.770530	1.198692996e-03
10.775530	3.567264579e-04
10.780530	-1.134208149e-03
10.785531	6.336969283e-04
10.790531	-6.942456873e-04
10.795531	-1.019237639e-03
10.800531	2.192596418e-03
10.805532	-1.302972352e-04
10.810532	-2.128206872e-03
10.815532	-2.443074712e-04
10.820532	8.536306000e-04
10.825533	5.856358740e-04
10.830533	3.096415466e-04
10.835533	7.964496121e-05
10.840533	1.742555258e-03
10.845534	8.635906088e-04
10.850534	-9.623274494e-04
10.855534	1.294553641e-03
10.860534	-2.538929867e-05
10.865535	-2.836258887e-03
10.870535	-7.413698118e-04
10.875535	-1.974044333e-04
10.880535	7.957408482e-05
10.885535	-2.128325147e-03
10.890536	-2.934232620e-04
10.895536	2.574427811e-03
10.900536	-1.688370314e-03
10.905536	-5.224355036e-04
10.910537	-1.134413223e-03
10.915537	-4.654539540e-04
10.920537	4.783280015e-03
10.925537	-4.174719419e-04
10.930538	-9.054557414e-04
10.935538	1.944823451e-04
10.940538	-1.909421948e-03
10.945538	2.354360501e-03
10.950539	2.517344696e-03
10.955539	-7.994999108e-04
10.960539	-1.401478073e-03
10.965539	-6.375234272e-04
10.970540	1.025386998e-03
10.975540	-1.124514997e-03
10.980540	-7.515411026e-04
10.985540	9.113693378e-04
10.990541	5.283804326e-04
10.995541	1.799310167e-03
11.000541	-3.505918040e-04
11.005541	-2.625487621e-03
11.010542	-5.795959964e-04
11.015542	7.013332658e-04
11.020542	1.363533437e-04
11.025542	4.143319566e-04
11.030543	-5.226296557e-04
11.035543	3.133538994e-05
11.040543	-1.631590498e-03
11.045543	1.016271547e-03
11.050544	2.020214471e-03
11.055544	-9.626464674e-04
11.060544	-1.354634860e-03
11.065544	-6.846754909e-04
11.070545	3.072132024e-03
11.075545	-9.156794550e-04
11.080545	-2.234622225e-03
11.085545	1.581182402e-03
11.090546	-2.447354177e-04
11.095546	2.124385561e-05
11.100546	6.332061130e-04
11.105546	-7.276678785e-05
11.110547	3.082068432e-04
11.115547	3.081992220e-04
11.120547	-1.977835025e-04
11.125547	-4.747774872e-04
11.130548	5.291655165e-04
11.135548	-1.308096171e-04
11.140548	1.461691602e-04
11.145548	1.465096683e-03
11.150549	-3.608210761e-04
11.155549	-8.384228376e-05
11.160549	3.214443375e-05
11.165549	-2.185754027e-03
11.170550	2.112983783e-05
11.175550	3.091081092e-04
11.180550	-1.458812473e-03
11.185550	1.522033331e-03
11.190550	2.133995679e-03
11.195551	1.026042644e-03
11.200551	-5.808858381e-04
11.205551	-7.428853996e-04
11.210551	-1.573852046e-03
11.215552	-2.462815834e-03
11.220552	1.636974959e-03
11.225552	1.186989585e-03
11.230552	-1.133903743e-03
11.235553	8.902859317e-05
11.240553	8.529835141e-04
11.245553	-5.229562863e-04
11.250553	8.049708998e-04
11.255554	-7.999576253e-04
11.260554	-9.619571312e-04
11.265554	8.059484250e-04
11.270554	-1.890100928e-04
11.275555	1.024922727e-03
11.280555	7.896180851e-05
11.285555	2.409463893e-04
11.290555	-3.456879139e-03
11.295556	-1.678974044e-03
11.300556	3.242776392e-03
11.305556	1.301864447e-03
11.310556	-1.518004253e-03
11.315557	-4.080662770e-04
11.320557	2.124801702e-03
11.325557	1.016848799e-03
11.330557	-9.150635639e-04
11.335558	-2.235006028e-03
11.340558	-3.501061513e-04
11.345558	9.108244271e-04
11.350558	2.978471986e-04
11.355559	-1.346079306e-03
11.360559	1.458399235e-04
11.365559	9.687920688e-04
11.370559	-8.316354342e-05
11.375560	2.408131595e-04
11.380560	-6.381509530e-04
11.385560	1.637729735e-03
11.390560	-6.851633323e-04
11.395561	5.277696582e-04
11.400561	2.736653657e-03
11.405561	-3.563043753e-03
11.410561	-2.952081133e-03
11.415562	1.904672618e-03
11.420562	1.464686950e-03
11.425562	-1.794160036e-03
11.430562	-2.406137232e-03
11.435563	4.227163027e-04
11.440563	2.507174718e-04
11.445563	1.464650464e-03
11.450563	1.140659121e-03
11.455564	2.986932648e-04
11.460564	4.136803359e-04
11.465564	5.286674122e-04
11.470564	1.291622616e-03
11.475565	-1.900227615e-03
11.480565	-1.841237769e-03
11.485565	-2.186228043e-03
11.490565	-1.993330311e-04
11.495566	1.081596717e-03
11.500566	-9.053127672e-04
11.505566	1.407566223e-03
11.510566	2.076526093e-03
11.515566	-1.737293500e-03
11.520567	-2.072284230e-03
11.525567	5.185811051e-04
11.530567	1.522524515e-03
11.535567	7.005577572e-04
11.540568	-1.136359064e-03
11.545568	4.125575508e-04
11.550568	7.485338425e-04
11.555568	3.156193983e-05
11.560569	2.515439483e-04
11.565569	2.405373255e-04
11.570569	6.895080789e-04
11.575569	-1.020414954e-03
11.580570	-5.804437478e-04
11.585570	9.204752699e-04
11.590570	8.624709849e-04
11.595570	-1.414867581e-04
11.600571	-1.414938860e-04
11.605571	-2.464958434e-04
11.610571	-1.402446094e-03
11.615571	5.274518511e-04
11.620572	2.067368986e-03
11.625572	-8.004970296e-04
11.630572	-1.623463640e-03
11.635572	1.364426877e-04
11.640573	7.954031828e-04
11.645573	8.743093021e-05
11.650573	-5.235460890e-04
11.655573	-9.055343682e-04
11.660574	-4.665630299e-04
11.665574	7.840309902e-05
11.670574	-1.885908219e-04
11.675574	4.703697093e-04
11.680575	-1.241553117e-03
11.685575	-2.661992683e-05
11.690575	4.133513933e-04
11.695575	4.133443636e-04
11.700576	1.363509657e-04
11.705576	-9.056047942e-04
11.710576	1.416273965e-03
11.715576	1.349270252e-03
11.720577	-5.806418088e-04
11.725577	-5.716492501e-04
11.730577	-3.036694272e-04
11.735577	1.363019396e-04
11.740578	1.244240451e-03
11.745578	1.352880280e-04
11.750578	-1.574634824e-03
11.755578	-3.037043161e-04
11.760579	4.702506462e-04
11.765579	8.826248100e-05
11.770579	1.904166194e-03
11.775579	-3.617292804e-04
11.780580	-1.575676501e-03
11.785580	1.024188660e-03
11.790580	2.076129978e-03
11.795580	-1.899681355e-03
11.800581	-7.437451434e-04
11.805581	2.121030847e-05
11.810581	-9.157505076e-04
11.815581	1.129141987e-03
11.820581	2.501783285e-04
11.825582	-1.785728409e-03
11.830582	3.017536729e-05
11.835582	1.465097891e-03
11.840582	1.361563900e-04
11.845583	2.019056886e-03
11.850583	-1.345784448e-03
11.855583	-1.250795984e-03
11.860583	-2.568517401e-04
11.865584	-1.785783376e-03
11.870584	1.359055063e-03
11.875584	2.229005423e-03
11.880584	1.742022543e-03
11.885585	3.109988102e-05
11.890585	-4.730672687e-03
11.895585	-1.795823891e-03
11.900585	1.417011235e-03
11.905586	2.500618330e-04
11.910586	-1.240871626e-03
11.915586	-1.632859142e-03
11.920586	1.349987319e-03
11.925587	2.572920366e-03
11.930587	2.020302187e-04
11.935587	2.500210780e-04
11.940587	-6.959391593e-04
11.945588	-1.956883896e-03
11.950588	8.519711571e-04
11.955588	1.013956429e-03
11.960588	6.419679761e-04
11.965589	-1.182948994e-03
11.970589	1.521911196e-03
11.975589	1.243918134e-03
11.980589	8.796826919e-05
11.985590	1.929563771e-04
11.990590	-2.244930411e-03
11.995590	-1.182989371e-03
12.000590	2.994424657e-05
12.005591	9.088942999e-04
12.010591	-1.517993009e-03
12.015591	-1.346008165e-03
12.020591	1.024868508e-03
12.025592	1.234851492e-03
12.030592	4.118852989e-04
12.035592	-2.674969516e-03
12.040592	-5.230820485e-04
12.045593	1.071832825e-03
12.050593	6.318478113e-04
12.055593	6.998378131e-04
12.060593	-2.016035226e-03
12.065594	5.268330332e-04
12.070594	8.628098670e-04
12.075594	-5.811257300e-04
12.080594	3.548215985e-04
12.085595	-3.041526046e-04
12.090595	-5.241483982e-04
12.095595	-4.771573211e-04
12.100595	2.498003099e-04
12.105596	5.277800339e-04
12.110596	2.075697288e-03
12.115596	-2.341092015e-03
12.120596	-3.019065247e-03
12.125596	2.515655890e-03
12.130597	-1.322204204e-04
12.135597	2.977518580e-04
12.140597	1.024709531e-03
12.145597	-3.042316487e-04
12.150598	9.087021273e-04
12.155598	-1.892504058e-04
12.160598	-1.322597518e-04
12.165598	-1.194214045e-03
12.170599	-2.742144426e-03
12.175599	1.798625662e-03
12.180599	2.400589527e-03
12.185599	9.676535053e-04
12.190600	1.253632926e-03
12.195600	-3.052968866e-04
12.200600	-2.627189159e-03
12.205600	-4.103047150e-04
12.210601	7.476318303e-04
12.215601	-2.733652845e-05
12.220601	2.400537552e-03
12.225601	-1.298286955e-03
12.230602	-6.873234797e-04
12.235602	5.276102883e-04
12.240602	-2.015271070e-03
12.245602	-2.962230936e-03
12.250603	-5.823544621e-04
12.255603	2.352494715e-03
12.260603	4.125837141e-04
12.265603	-2.015303275e-03
12.270604	-9.643614021e-04
12.275604	1.741499061e-03
12.280604	4.695552208e-04
12.285604	6.885380386e-04
12.290605	4.705423590e-04
12.295605	-5.244150920e-04
12.300605	-2.744593398e-05
12.305605	-4.194330378e-04
12.310606	1.348473606e-03
12.315606	1.750447454e-03
12.320606	-2.455352011e-03
12.325606	-4.194585349e-04
12.330607	1.578436816e-03
12.335607	-1.910397904e-03
12.340607	-1.194439477e-03
12.345607	7.564582024e-04
12.350608	1.521414230e-03
12.355608	-1.863425585e-03
12.360608	-2.235413614e-03
12.365608	1.856378764e-03
12.370609	2.792326401e-03
12.375609	2.945600921e-05
12.380609	-3.625310144e-04
12.385609	-5.245293471e-04
12.390610	-8.585192132e-04
12.395610	-1.136511829e-03
12.400610	-5.825453677e-04
12.405610	1.856328369e-03
12.410611	-2.955720419e-04
12.415611	7.463704289e-04
12.420611	1.292337305e-03
12.425611	-8.015659435e-04
12.430612	-9.065670319e-04
12.435612	-8.595755923e-04
12.440612	-1.576546564e-03
12.445612	3.643517146e-04
12.450612	2.572236864e-03
12.455613	-1.079589709e-03
12.460613	-2.576363677e-04
12.465613	1.024294351e-03
12.470613	-4.666385130e-04
12.475614	-1.251606102e-03
12.480614	4.693030369e-04
12.485614	1.024269540e-03
12.490614	-2.675554634e-03
12.495615	8.612651857e-04
12.500615	2.295188464e-03
12.505615	1.845204428e-03
12.510615	3.542716077e-04
12.515616	-1.738631593e-03
12.520616	-4.097031277e-04
12.525616	-2.772807098e-05
12.530616	-1.427285598e-04
12.535617	-1.298677833e-03
12.540617	8.512102663e-04
12.545617	1.912151942e-03
12.550617	-4.667371513e-04
12.555618	-8.587239866e-04
12.560618	-8.497305430e-04
12.565618	-1.471706053e-03
12.570618	3.541980173e-04
12.575619	1.139153303e-03
12.580619	-3.181640225e-03
12.585619	-1.911708787e-03
12.590619	2.514067403e-03
12.595620	1.416115341e-03
12.600620	1.578101301e-03
12.605620	7.361366572e-04
12.610620	-4.678101737e-04
12.615621	-5.248134238e-04
12.620621	-1.998354603e-04
12.625621	1.913054551e-03
12.630621	2.021326829e-04
12.635622	-2.235753417e-03
12.640622	-1.193810703e-03
12.645622	6.310934979e-04
12.650622	8.711424280e-05
12.655623	-1.078834409e-03
12.660623	-3.058784403e-04
12.665623	1.081047329e-03
12.670623	1.358027708e-03
12.675624	1.568011388e-03
12.680624	-5.248916341e-04
12.685624	-2.340808277e-03
12.690624	1.014020707e-03
12.695625	1.920551761e-04
12.700625	-1.403872273e-03
12.705625	1.739967107e-03
12.710625	3.540293375e-04
12.715626	2.970261959e-04
12.720626	2.903343959e-05
12.725626	-2.340855907e-03
12.730626	-6.869432020e-04
12.735627	-1.136926989e-03
12.740627	1.462939190e-03
12.745627	2.513881575e-03
12.750627	-1.413931101e-03
12.755627	-2.073904536e-03
12.760628	8.029480390e-04
12.765628	4.699585292e-04
12.770628	-2.512900613e-03
12.775628	-2.073928089e-03
12.780629	3.011815839e-03
12.785629	3.565782717e-03
12.790629	-1.690964538e-03
12.795629	-1.079000503e-03
12.800630	2.893913830e-05
12.805630	1.405865552e-03
12.810630	1.137872894e-03
12.815630	-1.738991414e-03
12.820631	-1.356016086e-03
12.825631	9.658638615e-04
12.830631	1.462833592e-03
12.835631	-6.300692610e-04
12.840632	4.108737197e-04
12.845632	1.185829791e-03
12.850632	-1.461045793e-03
12.855632	-1.414053898e-03
12.860633	4.108505375e-04
12.865633	1.137808992e-03
12.870633	-5.821121719e-04
12.875633	-3.239987187e-03
12.880634	1.338410694e-04
12.885634	1.194783115e-03
12.890634	9.657886261e-04
12.895634	2.457709481e-03
12.900635	-1.901659990e-04
12.905635	-2.791043785e-03
12.910635	-3.631689592e-04
12.915635	7.680366869e-05
12.920636	2.587889939e-04
12.925636	1.300732018e-03
12.930636	9.657427876e-04
12.935636	-9.171702867e-04
12.940637	-9.741731823e-04
12.945637	2.977173354e-05
12.950637	-3.052174754e-04
12.955637	-9.081934950e-04
12.960638	-1.959147471e-03
12.965638	1.520675665e-03
12.970638	3.345580220e-03
12.975638	-1.195202054e-03
12.980639	-2.963120736e-03
12.985639	8.036883026e-04
12.990639	8.036826579e-04
12.995639	-1.080230301e-03
13.000640	-3.622712556e-04
13.005640	-1.079241612e-03
13.010640	1.576622108e-03
13.015640	1.080640891e-03
13.020641	-3.622937353e-04
13.025641	1.300618850e-03
13.030641	-7.452861011e-04
13.035641	-3.053133412e-04
13.040642	-2.833255733e-05
13.045642	-1.023289194e-03
13.050642	1.916454575e-04
13.055642	1.186590937e-03
13.060642	-1.405287122e-03
13.065643	-2.189254116e-03
13.070643	2.504509414e-03
13.075643	1.749541004e-03
13.080643	-2.284266096e-03
13.085644	-1.367316746e-03
13.090644	1.023560099e-03
13.095644	-1.903857097e-04
13.100644	-2.003907411e-04
13.105645	-1.903967509e-04
13.110645	-9.653641385e-04
13.115645	9.645354118e-04
13.120645	1.405508216e-03
13.125646	1.635491406e-03
13.130646	-4.104134348e-04
13.135646	1.233500207e-03
13.140646	1.070502746e-03
13.145647	-9.084053740e-04
13.150647	-8.604132033e-04
13.155647	-1.518386297e-03
13.160647	-2.846505164e-05
13.165648	2.016428897e-03
13.170648	-4.674543532e-04
13.175648	-1.357416012e-03
13.180648	-1.902394636e-03
13.185649	-1.300429680e-03
13.190649	1.463428926e-03
13.195649	2.075393402e-03
13.200649	-4.694868140e-04
13.205650	-1.079462213e-03
13.210650	2.457358389e-03
13.215650	1.334673178e-04
13.220650	-1.911437473e-03
13.225651	7.454264362e-04
13.230651	1.462385785e-03
13.235651	6.404208483e-04
13.240651	-1.959456618e-03
13.245652	-6.405268662e-04
13.250652	3.064211907e-04
13.255652	-9.645216363e-04
13.260652	5.733973585e-04
13.265653	-8.557556364e-05
13.270653	-2.485728800e-04
13.275653	-1.358523605e-03
13.280653	1.462332297e-03
13.285654	3.843209850e-03
13.290654	-4.004409394e-03
13.295654	-2.628482391e-03
13.300654	3.173226888e-03
13.305655	1.242316584e-03
13.310655	-1.022577283e-03
13.315655	-1.184574599e-03
13.320655	1.022311552e-03
13.325656	-6.976091090e-04
13.330656	-2.571522189e-03
13.335656	-9.086092598e-04
13.340656	2.493285175e-04
13.345657	1.290272056e-03
13.350657	2.074228243e-03
13.355657	-2.838535311e-03
13.360657	6.302888028e-04
13.365657	1.682231822e-03
13.370658	-1.022640333e-03
13.375658	1.185245830e-03
13.380658	-2.466579728e-03
13.385658	8.628947446e-05
13.390659	2.467167144e-03
13.395659	8.502414941e-04
13.400659	-1.243660685e-03
13.405659	-9.646795945e-04
13.410660	-2.577195529e-04
13.415660	2.482503821e-04
13.420660	1.462185494e-03
13.425660	3.052372485e-04
13.430661	-1.519678130e-03
13.435661	-1.309693612e-03
13.440661	1.854145596e-03
13.445661	8.622742968e-05
13.450662	-5.257475981e-04
13.455662	-1.437715184e-04
13.460662	5.261903993e-04
13.465662	-3.537714279e-04
13.470663	-8.607515985e-04
13.475663	2.179093748e-03
13.480663	2.481836397e-04
13.485663	-1.624729316e-03
13.490664	-1.357747540e-03
13.495664	-4.777959137e-04
13.500664	1.243114347e-03
13.505664	2.351054768e-03
13.510665	-8.607922899e-04
13.515665	-3.058246533e-04
13.520665	5.831265583e-04
13.525665	-8.038102606e-04
13.530666	7.451084947e-04
13.535666	2.514016433e-03
13.540666	-1.633784546e-03
13.545666	-9.178247963e-04
13.550667	-3.068598752e-04
13.555667	-2.236769949e-03
13.560667	1.252053406e-03
13.565667	1.137054058e-03
13.570668	-6.398635252e-04
13.575668	-8.598576965e-04
13.580668	5.250691827e-04
13.585668	-8.608676180e-04
13.590669	1.844994288e-03
13.595669	1.405010962e-03
13.600669	-1.577847260e-03
13.605669	8.020306998e-04
13.610670	-1.185876458e-03
13.615670	-2.893832378e-05
13.620670	8.030158043e-04
13.625670	-1.796861231e-03
13.630671	7.350092801e-04
13.635671	-5.829308095e-04
13.640671	-4.679413873e-04
13.645671	8.602644466e-05
13.650672	-5.259483584e-04
13.655672	2.455900044e-03
13.660672	2.188908280e-03
13.665672	-1.692905644e-03
13.670673	-2.351878113e-03
13.675673	-1.241937598e-03
13.680673	5.729682406e-04
13.685673	1.518916834e-03
13.690673	8.599443881e-04
13.695674	8.599395296e-04
13.700674	-9.179778578e-04
13.705674	-2.131922984e-03
13.710674	9.649198225e-04
13.715675	6.399309743e-04
13.720675	-2.457921455e-03
13.725675	-6.980128602e-04
13.730675	6.889140898e-04
13.735676	2.398825156e-03
13.740676	2.015839189e-03
13.745676	-3.508893820e-03
13.750676	-1.461999315e-03
13.755677	1.854832720e-03
13.760677	1.183860944e-03
13.765677	1.347848097e-03
13.770677	-4.680673422e-04
13.775678	-4.700720119e-04
13.780678	-2.010900074e-04
13.785678	-1.185046358e-03
13.790678	4.678675744e-04
13.795679	-4.690910770e-04
13.800679	-1.625038949e-03
13.805679	1.808674735e-04
13.810679	1.328651063e-04
13.815680	1.356800171e-03
13.820680	7.448255601e-04
13.825680	-5.831138227e-04
13.830680	1.022802467e-03
13.835681	-1.683069116e-03
13.840681	8.028038951e-04
13.845681	7.458020103e-04
13.850681	-1.521091152e-03
13.855682	6.297983562e-04
13.860682	-7.551381829e-04
13.865682	-5.831513102e-04
13.870682	3.010667229e-03
13.875683	1.136754762e-03
13.880683	-2.955048588e-03
13.885683	4.097812334e-04
13.890683	8.507549015e-04
13.895684	-4.111876486e-04
13.900684	-1.128157003e-03
13.905684	-9.751691506e-04
13.910684	7.577453239e-05
13.915685	1.327671191e-04
13.920685	1.997592196e-04
13.925685	1.969667550e-03
13.930685	-6.402086482e-04
13.935686	-1.798156269e-03
13.940686	1.897413541e-04
13.945686	-9.182087149e-04
13.950686	8.596992501e-04
13.955687	8.596946864e-04
13.960687	5.167070016e-04
13.965687	2.377161742e-04
13.970687	-1.359209811e-03
13.975688	-1.128225715e-03
13.980688	8.571002866e-05
13.985688	1.902616115e-03
13.990688	8.496633916e-04
13.995688	-1.244238116e-03
14.000689	-4.682808024e-04
14.005689	-1.300244380e-03
14.010689	2.768578998e-05
14.015689	9.166375618e-04
14.020690	-4.692987460e-04
14.025690	-1.433192669e-04
14.030690	6.876353752e-04
14.035690	7.916257866e-04
14.040691	-1.913303233e-04
14.045691	-5.263183047e-04
14.050691	1.069598728e-03
14.055691	1.911552857e-03
14.060692	-5.253317029e-04
14.065692	-2.409243461e-03
14.070692	-2.123261963e-03
14.075692	1.518554448e-03
14.080693	1.021574476e-03
14.085693	-1.405310547e-03
14.090693	-5.833553937e-04
14.095693	1.346545259e-03
14.100694	9.065625062e-04
14.105694	-1.740311672e-03
14.110694	-8.639742434e-05
14.115694	1.902500349e-03
14.120695	3.525722233e-04
14.125695	-1.129359242e-03
14.130695	-1.625339206e-03
14.135695	-8.741922347e-05
14.140696	8.025326421e-04
14.145696	-4.684091801e-04
14.150696	5.245376300e-04
14.155696	1.567481986e-03
14.160697	-1.080392080e-03
14.165697	-1.187391140e-03
14.170697	-1.139397819e-03
14.175697	1.347475525e-03
14.180698	7.455008323e-04
14.185698	-2.237356725e-03
14.190698	-2.294358216e-03
14.195698	1.576447067e-03
14.200699	2.837380751e-03
14.205699	-1.797395517e-03
14.210699	-1.291424681e-03
14.215699	-4.214717452e-04
14.220700	8.504614202e-04
14.225700	9.164539184e-04
14.230700	1.079441651e-03
14.235700	-2.014995764e-04
14.240701	-7.564765120e-04
14.245701	2.474698659e-04
14.250701	-1.070469524e-03
14.255701	4.674505965e-04
14.260702	-1.301466596e-03
14.265702	-2.792397458e-03
14.270702	1.289397532e-03
14.275702	1.577379167e-03
14.280703	-1.463475428e-03
14.285703	2.121344028e-03
14.290703	3.054291826e-04
14.295703	-2.850419738e-03
14.300703	1.461363972e-03
14.305704	1.356364974e-03
14.310704	2.484153227e-04
14.315704	1.334168283e-04
14.320704	2.398301260e-03
14.325705	-3.069433892e-03
14.330705	-3.624410724e-03
14.335705	2.742271934e-03
14.340705	1.356335993e-03
14.345706	3.523812663e-04
14.350706	2.473823203e-04
14.355706	2.483781656e-04
14.360706	-1.137557752e-03
14.365707	-2.961635247e-05
14.370707	7.443414837e-04
14.375707	-1.926165047e-04
14.380707	-1.916206306e-04
14.385708	7.923268923e-04
14.390708	1.126306397e-03
14.395708	-8.663799147e-05
14.400708	1.576276147e-03
14.405709	-1.926408785e-04
14.410709	-2.132549486e-03
14.415709	2.834017130e-05
14.420709	-3.066473795e-04
14.425710	1.323269998e-04
14.430710	8.592872173e-04
14.435710	-1.845583728e-03
14.440710	-1.138622515e-03
14.445711	-3.166669539e-04
14.450711	-7.768270703e-05
14.455711	2.572968231e-04
14.460711	-2.016845816e-04
14.465712	-3.636805909e-04
14.470712	6.872637342e-04
14.475712	9.642461406e-04
14.480712	-1.071657663e-03
14.485713	-1.447072209e-04
14.490713	1.624201807e-03
14.495713	-1.347156064e-04
14.500713	-1.415656528e-03
14.505714	-5.267041932e-04
14.510714	3.042510007e-04
14.515714	1.728177029e-03
14.520714	8.592158626e-04
14.525715	-2.974431380e-05
14.530715	-1.310685201e-03
14.535715	-2.967389803e-04
14.540715	2.824114007e-05
14.545716	2.952241194e-04
14.550716	6.392033167e-04
14.555716	1.992210872e-04
14.560716	2.372153492e-04
14.565717	-1.749690767e-03
14.570717	-5.737524751e-04
14.575717	1.136159553e-03
14.580717	-9.187432002e-04
14.585718	-1.692708964e-03
14.590718	1.991941281e-04
14.595718	2.350084485e-03
14.600718	-8.617613283e-04
14.605719	-1.635727069e-03
14.610719	1.242127542e-03
14.615719	-3.068000627e-04
14.620719	-8.037794128e-04
14.625719	4.671542693e-04
14.630720	1.795085153e-03
14.635720	5.241438960e-04
14.640720	-8.137940593e-04
14.645720	-1.577760246e-03
14.650721	-1.463769618e-03
14.655721	2.471424537e-04
14.660721	4.101306826e-04
14.665721	1.184088860e-03
14.670722	6.401118802e-04
14.675722	-2.978457118e-04
14.680722	-3.648461453e-04
14.685722	-5.838390957e-04
14.690723	1.853037303e-03
14.695723	1.786036887e-03
14.700723	4.101008702e-04
14.705723	-1.406813446e-03
14.710724	-1.024835932e-03
14.715724	-1.578812368e-03
14.720724	-1.462821758e-03
14.725724	6.880687507e-04
14.730725	7.340628165e-04
14.735725	8.509107740e-05
14.740725	2.809022174e-05
14.745725	1.461016074e-03
14.750726	2.708296904e-05
14.755726	-1.081866118e-03
14.760726	3.050620147e-04
14.765726	-8.692233211e-05
14.770727	-8.618878321e-04
14.775727	-1.129878267e-03
14.780727	-1.520862646e-03
14.785727	-8.693679616e-05
14.790728	-8.794034842e-05
14.795728	7.920127659e-04
14.800728	9.650006657e-04
14.805728	-2.399436404e-04
14.810729	1.852949820e-03
14.815729	4.670144295e-04
14.820729	-1.578888488e-03
14.825729	1.800214208e-04
14.830730	7.439901210e-04
14.835730	-4.689537566e-04
14.840730	4.099994594e-04
14.845730	1.402947073e-03
14.850731	-1.577909813e-03
14.855731	-1.919815207e-04
14.860731	8.009661106e-04
14.865731	-2.515874229e-03
14.870732	7.439618924e-04
14.875732	1.241933892e-03
14.880732	-1.300944506e-03
14.885732	-5.839832684e-04
14.890733	-8.049758814e-04
14.895733	9.059364700e-04
14.900733	-3.640045277e-04
14.905733	4.199534375e-04
14.910734	1.021920362e-03
14.915734	-1.692949534e-03
14.920734	1.355897026e-03
14.925734	1.679877643e-03
14.930734	-1.138987119e-03
14.935735	2.569407751e-04
14.940735	1.419430060e-04
14.945735	-1.195994594e-03
14.950735	5.149178217e-04
14.955736	-3.550427890e-04
14.960736	-9.670160857e-04
14.965736	-1.034016187e-03
14.970736	1.240868507e-03
14.975737	9.168810604e-04
14.980737	2.479105911e-04
14.985737	4.098992481e-04
14.990737	-9.770358888e-04
14.995738	-3.008583675e-05
15.000738	-1.024040295e-03
15.005738	-1.450868860e-04
15.010738	7.538655449e-04
15.015739	-1.245039456e-03
15.020739	-2.028004271e-03
15.025739	9.648451669e-04
15.030739	1.738803770e-03
15.035740	6.868522064e-04
15.040740	8.487851145e-05
15.045740	-1.407051396e-03
15.050740	-1.522049036e-03
15.055741	1.328662574e-04
15.060741	1.078816435e-03
15.065741	8.018267813e-04
15.070741	-7.001026046e-04
15.075742	-4.701171873e-04
15.080742	-6.991091845e-04
15.085742	4.098330037e-04
15.090742	5.818212918e-04
15.095743	-3.081381710e-04
15.100743	2.478312386e-04
15.105743	2.783882804e-05
15.110743	5.818083478e-04
15.115744	7.483006742e-05
15.120744	-4.221486990e-04
15.125744	9.637799096e-04
15.130744	1.574746649e-03
15.135745	-1.024128696e-03
15.140745	-1.463110292e-03
15.145745	-1.130129859e-03
15.150745	4.097912027e-04
15.155746	7.480450809e-05
15.160746	-8.051553704e-04
15.165746	2.292689066e-03
15.170746	8.017592568e-04
15.175747	-1.186146098e-03
15.180747	4.667694407e-04
15.185747	2.678794658e-05
15.190747	-3.071987561e-04
15.195748	4.097628450e-04
15.200748	-1.637139578e-03
15.205748	-1.024172849e-03
15.210748	1.021723392e-03
15.215749	6.867367679e-04
15.220749	2.776608826e-05
15.225749	-1.360168724e-03
15.230749	-2.502264143e-04
15.235749	6.877243622e-04
15.240750	1.897457860e-04
15.245750	1.078698985e-03
15.250750	-1.932415042e-04
15.255750	-1.082200828e-03
15.260751	1.345676680e-03
15.265751	3.617220410e-04
15.270751	2.477246099e-04
15.275751	1.011683993e-03
15.280752	-2.239159107e-03
15.285752	-5.752439860e-04
15.290752	2.178617520e-03
15.295752	-1.196219462e-03
15.300753	-1.856189998e-03
15.305753	2.349600097e-03
15.310753	1.460640838e-03
15.315753	-1.081237099e-03
15.320754	-2.458172340e-03
15.325754	1.126648328e-03
15.330754	2.015601627e-03
15.335754	-1.847211302e-03
15.340755	-1.473232657e-03
15.345755	7.468824081e-05
15.350755	-8.632685608e-04
15.355755	9.066414283e-04
15.360756	5.246572871e-04
15.365756	-2.621190878e-03
15.370756	1.078624186e-03
15.375756	7.926353397e-04
15.380757	-1.453214265e-04
15.385757	-1.933219687e-04
15.390757	1.135609756e-03
15.395757	1.737577250e-03
15.400758	-2.238230044e-03
15.405758	-1.138287036e-03
15.410758	1.316476144e-04
15.415758	-5.273228354e-04
15.420759	-8.043120710e-04
15.425759	5.236197441e-04
15.430759	1.681559928e-03
15.435759	-2.503478752e-04
15.440760	9.055924188e-04
15.445760	5.246083288e-04
15.450760	-2.066267038e-03
15.455760	-1.522296620e-03
15.460761	8.495838784e-04
15.465761	7.445862347e-04
15.470761	3.046050766e-04
15.475761	5.715891448e-04
15.480762	-6.423539259e-04
15.485762	-1.464316274e-03
15.490762	1.957512607e-03
15.495762	1.021555878e-03
15.500763	-5.853678360e-04
15.505763	-1.025348953e-03
15.510763	-1.348335819e-03
15.515763	2.674463527e-03
15.520764	-3.083924739e-04
15.525764	-1.463338394e-03
15.530764	-1.139357065e-03
15.535764	-1.971318862e-03
15.540765	1.680498764e-03
15.545765	2.961433033e-03
15.550765	2.565633923e-04
15.555765	-1.635346237e-03
15.560765	-4.224086047e-04
15.565766	-8.633896012e-04
15.570766	7.456157075e-05
15.575766	2.073460555e-03
15.580766	1.413490349e-03
15.585767	1.655640511e-05
15.590767	-1.856354117e-03
15.595767	-1.626368087e-03
15.600767	2.754789844e-05
15.605768	-4.704302467e-04
15.610768	-1.140399925e-03
15.615768	1.958444994e-03
15.620768	8.594964319e-04
15.625769	-1.971366922e-03
15.630769	1.653266847e-05
15.635769	8.014914440e-04
15.640769	-1.024421331e-03
15.645770	5.814970688e-04
15.650770	9.634756870e-04
15.655770	-1.082426248e-03
15.660770	-9.094373363e-04
15.665771	-7.474478778e-04
15.670771	-2.034772052e-04
15.675771	4.084901282e-04
15.680771	2.627378414e-03
15.685772	1.901411580e-03
15.690772	-1.636416917e-03
15.695772	-1.684417092e-03
15.700772	-6.324713743e-04
15.705773	2.512371388e-03
15.710773	1.957396172e-03
15.715773	-1.024459647e-03
15.720773	1.126432032e-03
15.725774	-1.187456636e-03
15.730774	-3.118364139e-03
15.735774	-7.574827736e-04
15.740774	-8.614801406e-04
15.745775	4.094548575e-04
15.750775	1.632392223e-03
15.755775	-1.129474371e-03
15.760775	5.714394922e-04
15.765776	7.446148774e-05
15.770776	-1.521462447e-03
15.775776	5.234345109e-04
15.780776	1.021407577e-03
15.785777	5.824267431e-04
15.790777	1.125397607e-03
15.795777	-3.085342673e-04
15.800777	-2.793414434e-03
15.805778	7.444207388e-05
15.810778	2.350327710e-03
15.815778	-2.018459759e-03
15.820778	-2.908418365e-03
15.825779	3.034212444e-04
15.830779	3.614160150e-04
15.835779	2.350315799e-03
15.840779	1.742820286e-05
15.845780	-8.625308655e-04
15.850780	1.575346849e-03
15.855780	6.293910394e-04
15.860780	-9.675327395e-04
15.865780	-5.275567191e-04
15.870781	9.063704092e-04
15.875781	9.053681357e-04
15.880781	-1.925801668e-04
15.885781	-2.975773123e-04
15.890782	4.663827993e-04
15.895782	-1.809507536e-03
15.900782	1.068348593e-03
15.905782	2.407280437e-03
15.910783	-6.325722971e-04
15.915783	1.323877951e-04
15.920783	-1.799519433e-03
15.925783	-1.798521745e-03
15.930784	2.340272387e-03
15.935784	1.679302653e-03
15.940784	-2.239506804e-03
15.945784	-7.375829320e-04
15.950785	5.823498996e-04
15.955785	5.143510174e-04
15.960785	-7.575886302e-04
15.965785	-2.506157867e-04
15.970786	1.413627201e-04
15.975786	6.383360675e-04
15.980786	8.493234901e-04
15.985786	-4.796133237e-04
15.990787	-3.063759712e-05
15.995787	-5.756129665e-04
16.000787	6.953223351e-04
16.005787	1.735352037e-05
16.010788	1.231291638e-03
16.015788	4.183294762e-04
16.020788	-1.936425674e-04
16.025788	-5.276282808e-04
16.030789	-1.578578717e-03
16.035789	-1.446513918e-04
16.040789	-7.476238543e-04
16.045789	-6.426311396e-04
16.050790	-5.856360578e-04
16.055790	-1.187608552e-03
16.060790	2.512207331e-03
16.065790	2.120224519e-03
16.070791	-1.521598410e-03
16.075791	-1.522600445e-03
16.080791	1.893132582e-04
16.085791	2.350204879e-03
16.090792	7.432818664e-04
16.095792	1.518241681e-03
16.100792	-2.019586327e-03
16.105792	-2.631558270e-03
16.110793	2.235200264e-03
16.115793	3.612904160e-04
16.120793	-1.913599700e-03
16.125793	-1.808606890e-03
16.130794	1.298238248e-03
16.135794	4.192794765e-04
16.140794	-1.936923747e-04
16.145794	-5.286778956e-04
16.150795	-5.846771355e-04
16.155795	2.177185004e-03
16.160795	2.728878678e-05
16.165795	8.428400600e-05
16.170795	1.882769191e-04
16.175796	-3.242556264e-03
16.180796	-4.696946354e-04
16.185796	3.229121446e-03
16.190796	1.068225806e-03
16.195797	-1.798635098e-03
16.200797	-1.579647807e-03
16.205797	-3.567098988e-04
16.210797	8.582284084e-04
16.215798	1.126213308e-03
16.220798	2.462546867e-04
16.225798	-5.847063388e-04
16.230798	-1.856645664e-03
16.235799	-1.082685633e-03
16.240799	-5.277148220e-04
16.245799	1.241196274e-03
16.250799	9.642080254e-04
16.255800	1.689170491e-03
16.260800	-8.774395563e-05
16.265800	-3.647321863e-04
16.270800	1.077195026e-03
16.275801	-1.971656829e-03
16.280801	-1.464683609e-03
16.285801	-9.097127449e-04
16.290801	4.672176887e-04
16.295802	1.240177841e-03
16.300802	-7.007284901e-04
16.305802	7.431986655e-04
16.310802	-8.047269867e-04
16.315803	-3.076685959e-05
16.320803	1.460158002e-03
16.325803	-3.077568098e-04
16.330803	1.852135153e-03
16.335804	-2.497632158e-04
16.340804	-1.798688783e-03
16.345804	-2.191671211e-03
16.350804	1.412122654e-04
16.355805	1.795129150e-03
16.360805	1.792069032e-04
16.365805	-3.657680240e-04
16.370805	1.747126299e-03
16.375806	2.720918615e-05
16.380806	-5.847624271e-04
16.385806	-2.507805711e-04
16.390806	-3.079310114e-05
16.395807	8.011642686e-04
16.400807	-1.913703867e-03
16.405807	5.801717552e-04
16.410807	2.951053435e-03
16.415808	-8.617606692e-04
16.420808	-1.406735530e-03
16.425808	7.431570385e-04
16.430808	-7.477712739e-04
16.435809	4.081702051e-04
16.440809	8.481469125e-04
16.445809	-1.081759786e-03
16.450809	-8.781031976e-05
16.455810	-1.741730584e-03
16.460810	-4.137975360e-04
16.465810	2.617051742e-03
16.470810	-1.358754278e-03
16.475810	-1.292759130e-03
16.480811	2.455054894e-03
16.485811	-2.028159437e-04
16.490811	-2.459706502e-03
16.495811	-8.057894495e-04
16.500812	9.061247561e-04
16.505812	2.120063466e-03
16.510812	2.616491293e-05
16.515812	-8.517934530e-04
16.520813	1.298099230e-03
16.525813	9.621142132e-04
16.530813	-1.196781118e-03
16.535813	-1.693758203e-03
16.540814	-3.558255510e-04
16.545814	9.631080416e-04
16.550814	7.415025872e-05
16.555814	-1.903753947e-03
16.560815	-8.048095137e-04
16.565815	-8.884623362e-05
16.570815	-5.288260802e-04
16.575815	-1.928440947e-04
16.580816	4.091248113e-04
16.585816	1.311370135e-04
16.590816	2.072040062e-03
16.595816	8.590982716e-04
16.600817	-2.898718316e-03
16.605817	-2.134757349e-03
16.610817	1.289072770e-03
16.615817	2.471225916e-04
16.620818	-3.558491765e-04
16.625818	7.430953346e-04
16.630818	-8.786520538e-05
16.635818	1.623049211e-03
16.640819	1.517053018e-03
16.645819	-8.538317460e-04
16.650819	-6.998407173e-04
16.655819	1.566046421e-03
16.660820	-5.858490983e-04
16.665820	-1.358726128e-04
16.670820	1.135063491e-03
16.675820	-1.301817990e-03
16.680821	-1.693800066e-03
16.685821	1.565038260e-03
16.690821	2.015014775e-03
16.695821	-1.129831854e-03
16.700822	-5.278628033e-04
16.705822	-8.638476038e-04
16.710822	-8.528494684e-04
16.715822	1.346041038e-03
16.720823	-1.359827156e-03
16.725823	-7.789152732e-05
16.730823	5.710752469e-04
16.735823	-1.474825397e-03
16.740824	-5.758709092e-04
16.745824	2.625970293e-03
16.750824	2.119993909e-03
16.755824	-2.190795288e-03
16.760825	4.090755462e-04
16.765825	9.160493479e-04
16.770825	-3.558893296e-04
16.775825	-1.637827509e-03
16.780826	-1.636828798e-03
16.785826	2.349973836e-03
16.790826	-6.428801561e-04
16.795826	-3.658950038e-04
16.800826	1.794997474e-03
16.805827	-5.848866549e-04
16.810827	-8.628741823e-04
16.815827	8.580399590e-04
16.820827	8.407684344e-05
16.825828	-1.578842533e-03
16.830828	-5.848926105e-04
16.835828	8.307335533e-05
16.840828	2.128971539e-03
16.845829	4.660521862e-04
16.850829	-1.139869964e-03
16.855829	1.320663127e-04
16.860829	-9.098835709e-04
16.865830	2.014971402e-03
16.870830	4.090492752e-04
16.875830	-2.239821537e-03
16.880830	1.458995378e-03
16.885831	-4.799103488e-04
16.890831	1.184006687e-03
16.895831	-8.058965195e-04
16.900831	-2.793799818e-03
16.905832	1.079008568e-03
16.910832	3.510432974e-04
16.915832	3.065908661e-03
16.920832	8.405428445e-05
16.925833	-3.682761469e-03
16.930833	1.574978814e-03
16.935833	2.460431390e-04
16.940833	-2.458824840e-03
16.945834	-1.359401566e-04
16.950834	1.507977935e-03
16.955834	1.320445964e-04
16.960834	-1.741864238e-03
16.965835	4.660261266e-04
16.970835	5.240222629e-04
16.975835	6.850133382e-04
16.980835	-3.659359582e-04
16.985836	-2.515831185e-03
16.990836	-5.849271638e-04
16.995836	1.310366334e-04
17.000836	9.149970914e-04
17.005837	5.240153576e-04
17.010837	-1.254898090e-03
17.015837	-2.509484364e-04
17.020837	-1.292898127e-03
17.025838	-2.190854896e-03
17.030838	2.397918418e-03
17.035838	1.631955168e-03
17.040838	9.049900049e-04
17.045839	-3.096487048e-05
17.050839	-2.133862331e-03
17.055839	2.940173194e-04
17.060839	2.470187293e-04
17.065840	2.014930860e-03
17.070840	2.511905520e-03
17.075840	-1.129916202e-03
17.080840	-3.071821547e-03
17.085841	1.890171623e-04
17.090841	9.159805328e-04
17.095841	1.880154856e-04
17.100841	5.229981519e-04
17.105841	5.709949427e-04
17.110842	7.339860824e-04
17.115842	-7.379423410e-04
17.120842	-1.684896585e-03
17.125842	-4.799566865e-04
17.130843	1.182960687e-03
17.135843	-4.129616119e-04
17.140843	-1.579905009e-03
17.145843	1.344950301e-03
17.150844	4.669926991e-04
17.155844	-1.244923870e-03
17.160844	1.631933820e-03
17.165844	8.479716117e-04
17.170845	-1.024937019e-03
17.175845	6.379804092e-04
17.180845	4.659881130e-04
17.185845	-2.353873914e-03
17.190846	9.629621671e-04
17.195846	-3.649732436e-04
17.200846	-2.965846025e-03
17.205846	1.909913381e-03
17.210847	1.412937109e-03
17.215847	-9.199488386e-04
17.220847	-7.579575171e-04
17.225847	-1.939859653e-04
17.230848	1.192945107e-03
17.235848	-1.359929994e-03
17.240848	7.399877750e-05
17.245848	9.629543656e-04
17.250849	-3.079837828e-04
17.255849	8.399626644e-05
17.260849	-1.187941821e-03
17.265849	-1.459937350e-04
17.270850	-4.229807574e-04
17.275850	-8.799788005e-05
17.280850	1.020946928e-03
17.285850	3.609787645e-04
17.290851	-1.684921211e-03
17.295851	1.239934280e-03
17.300851	8.489529020e-04
17.305851	-1.636925410e-03
17.310852	4.749700929e-04
17.315852	6.389614306e-04
17.320852	-1.636927194e-03
17.325852	-2.609954667e-04
17.330853	3.888799805e-03
17.335853	2.698921867e-05
17.340853	-2.736875376e-03
17.345853	3.609716653e-04
17.350854	1.239927872e-03
17.355854	-9.209663678e-04
17.360854	-1.856920863e-03
17.365854	-6.899788060e-04
17.370855	-1.798924779e-03
17.375855	5.229604721e-04
17.380855	1.297921831e-03
17.385855	7.398153355e-05
17.390856	2.014885545e-03
17.395856	-2.510034808e-04
17.400856	-3.290854425e-03
17.405856	-2.500045081e-04
17.410856	2.013883638e-03
17.415857	-8.901338212e-05
17.420857	-4.229974195e-04
17.425857	2.459692084e-04
17.430857	1.737895356e-03
17.435858	7.439438045e-04
17.440858	-1.244958794e-03
17.445858	8.009401190e-04
17.450858	5.709510017e-04
17.455859	-1.522946413e-03
17.460859	5.239524685e-04
17.465859	1.794889530e-03
17.470859	4.659545006e-04
17.475860	-2.363906684e-03
17.480860	-1.360166821e-04
17.485860	2.846836185e-03
17.490860	-1.244962900e-03
17.495861	-1.406955308e-03
17.500861	5.229493781e-04
17.505861	7.429381902e-04
17.510861	5.139490962e-04
17.515862	-1.416956265e-03
17.520862	6.859399346e-04
17.525862	3.039583853e-04
17.530862	-7.479901986e-04
17.535863	3.509554090e-04
17.540863	-9.099828814e-04
17.545863	-1.187969523e-03
17.550863	1.009922040e-03
17.555864	1.622891579e-03
17.560864	-4.700057582e-04
17.565864	-5.860003446e-04
17.570864	-1.961932942e-03
17.575865	-1.360230492e-04
17.580865	-5.860011870e-04
17.585865	-1.930207886e-04
17.590865	9.059248854e-04
17.595866	2.511845624e-03
17.600866	1.354902290e-03
17.605866	-2.019931927e-03
17.610866	-2.500192376e-04
17.615867	-2.030217821e-04
17.620867	-7.479951983e-04
17.625867	8.009283810e-04
17.630867	3.509503036e-04
17.635868	-4.810089759e-04
17.640868	3.609494011e-04
17.645868	3.609492048e-04
17.650868	1.516892147e-03
17.655869	1.402897571e-03
17.660869	-1.855942286e-03
17.665869	-2.735899168e-03
17.670869	-5.860050999e-04
17.675870	2.177858770e-03
17.680870	-2.510218936e-04
17.685870	-2.956888925e-03
17.690870	6.289345265e-04
17.695871	1.297901480e-03
17.700871	-5.850060186e-04
17.705871	-1.636954391e-03
17.710871	-3.570174762e-04
17.715872	2.233854952e-03
17.720872	8.489229794e-04
17.725872	2.696331656e-05
17.730872	1.516889925e-03
17.735872	5.129392275e-04
17.740873	-2.792898221e-03
17.745873	-3.280874290e-03
17.750873	1.077911207e-03
17.755873	1.403895106e-03
17.760874	1.019913939e-03
17.765874	2.510840541e-03
17.770874	-1.416966273e-03
17.775874	-1.856944668e-03
17.780875	1.182905752e-03
17.785875	-5.850073018e-04
17.790875	8.395976677e-05
17.795875	7.999245293e-04
17.800876	1.068911287e-03
17.805876	5.239380946e-04
17.810876	-1.025985653e-03
17.815876	-2.745901031e-03
17.820877	-7.479993045e-04
17.825877	2.406845512e-03
17.830877	-2.573909429e-03
17.835877	-1.139979939e-03
17.840878	3.008815997e-03
17.845878	8.395993283e-05
17.850878	2.459520149e-04
17.855878	-3.660178215e-04
17.860879	6.859304906e-04
17.865879	1.402895289e-03
17.870879	-1.301971568e-03
17.875879	-3.560180236e-04
17.880880	-5.280094748e-04
17.885880	-6.430037240e-04
17.890880	2.013865669e-03
17.895880	-1.636954621e-03
17.900881	-3.127881162e-03
17.905881	1.412895570e-03
17.910881	1.737879706e-03
17.915881	-1.579956942e-03
17.920882	-1.350968071e-03
17.925882	2.893823246e-03
17.930882	1.796487342e-05
17.935882	-2.678902298e-03
17.940883	7.999267183e-04
17.945883	1.125910847e-03
17.950883	6.859326645e-04
17.955883	7.429300386e-04
17.960884	-8.629907729e-04
17.965884	-1.961936519e-03
17.970884	-1.360261499e-04
17.975884	-1.416962931e-03
17.980885	-3.103090457e-05
17.985885	3.170811793e-03
17.990885	1.067915467e-03
17.995885	-6.330006290e-04
18.000886	-1.360248456e-04
18.005886	1.067916164e-03
18.010886	-1.024980630e-03
18.015886	-6.329996629e-04
18.020887	9.059248854e-04
18.025887	-3.650123274e-04
18.030887	-9.679823952e-04
18.035887	8.579280527e-04
18.040887	6.859367948e-04
18.045888	-2.965883265e-03
18.050888	-1.244967633e-03
18.055888	2.291858669e-03
18.060888	1.889624273e-04
18.065889	-1.081974737e-03
18.070889	7.429358022e-04
18.075889	1.134916841e-03
18.080889	8.009336011e-04
18.085890	9.049288201e-04
18.090890	-1.254964581e-03
18.095890	-1.626945934e-03
18.100890	-2.018926297e-03
18.105891	2.939602780e-04
18.110891	2.740840267e-03
18.115891	-4.130042058e-04
18.120891	-1.253962457e-03
18.125892	1.344910073e-03
18.130892	2.013877552e-03
18.135892	-2.238912833e-03
18.140892	-5.279966013e-04
18.145893	6.859440857e-04
18.150893	-3.080066027e-04
18.155893	1.794890364e-03
18.160893	-9.679732899e-04
18.165894	-3.101895224e-05
18.170894	-5.279940655e-04
18.175894	-3.520846386e-03
18.180894	3.039658993e-04
18.185895	1.134925476e-03
18.190895	7.329457131e-04
18.195895	1.345916026e-03
18.200895	3.609649549e-04
18.205896	1.409762574e-04
18.210896	-1.243955124e-03
18.215896	-9.099710625e-04
18.220896	1.344918505e-03
18.225897	-1.450076931e-04
18.230897	-9.679666970e-04
18.235897	2.290873498e-03
18.240897	-1.359946375e-03
18.245898	-2.352896998e-03
18.250898	-4.709890450e-04
18.255898	1.344922160e-03
18.260898	3.008840849e-03
18.265899	-7.479737795e-04
18.270899	-1.740924372e-03
18.275899	-1.359942550e-03
18.280899	-2.076906708e-03
18.285900	8.579494861e-04
18.290900	1.573914846e-03
18.295900	1.354926208e-03
18.300900	6.289625171e-04
18.305901	-5.279799656e-04
18.310901	6.859609205e-04
18.315901	-1.081951493e-03
18.320901	4.089757785e-04
18.325902	-7.009689923e-04
18.330902	-2.793865400e-03
18.335902	1.355931085e-03
18.340902	-2.509892187e-04
18.345902	1.736913634e-03
18.350903	3.065848911e-03
18.355903	-1.579921876e-03
18.360903	-1.449918013e-04
18.365903	-9.669506914e-04
18.370904	-9.679499632e-04
18.375904	-2.609840577e-04
18.380904	2.700246582e-05
18.385904	-1.929860145e-04
18.390905	1.879959461e-04
18.395905	5.809773224e-04
18.400905	-1.798904882e-03
18.405905	-1.474920100e-03
18.410906	9.629606944e-04
18.415906	1.851917695e-03
18.420906	1.297945687e-03
18.425906	-5.279637404e-04
18.430907	-4.809653010e-04
18.435907	-1.741902511e-03
18.440907	-1.684904551e-03
18.445907	1.899919860e-03
18.450908	-8.619434923e-04
18.455908	1.574937405e-03
18.460908	2.186908087e-03
18.465908	-2.850843284e-03
18.470909	-6.999482991e-04
18.475909	-1.139925848e-03
18.480909	-1.407911853e-03
18.485909	2.071917772e-03
18.490910	1.679937880e-03
18.495910	-1.913884490e-03
18.500910	-5.279518358e-04
18.505910	1.909929073e-03
18.510911	8.009844762e-04
18.515911	1.067972196e-03
18.520911	-2.029644199e-04
18.525911	-3.559560274e-04
18.530912	-9.689250000e-04
18.535912	-1.751885604e-03
18.540912	1.135973210e-03
18.545912	-3.096849105e-05
18.550913	-2.029591337e-04
18.555913	-1.741882523e-03
18.560913	1.344966525e-03
18.565913	2.176926511e-03
18.570914	-2.401847313e-03
18.575914	2.903892594e-03
18.580914	1.517961708e-03
18.585914	-1.359895776e-03
18.590915	-2.410843129e-03
18.595915	-1.463888765e-03
18.600915	2.603889345e-05
18.605915	-3.095734016e-05
18.610916	3.343877601e-03
18.615916	8.303899463e-05
18.620916	-1.798867443e-03
18.625916	1.669962892e-03
18.630917	-2.688821682e-03
18.635917	-2.065851331e-03
18.640917	2.176940946e-03
18.645917	6.860153041e-04
18.650917	1.134994233e-03
18.655918	-4.709257401e-04
18.660918	-1.196888997e-03
18.665918	-3.094532187e-05
18.670918	9.160091328e-04
18.675919	1.182997045e-03
18.680919	1.605550611e-05
18.685919	-2.076840474e-03
18.690919	-1.521866711e-03
18.695920	1.068006949e-03
18.700920	1.136004681e-03
18.705920	-5.749100668e-04
18.710920	-4.139168981e-04
18.715921	-7.009016848e-04
18.720921	4.660420076e-04
18.725921	1.136010155e-03
18.730921	-1.139876768e-03
18.735922	4.080481995e-04
18.740922	1.459997573e-03
18.745922	-2.630800046e-03
18.750922	6.860379167e-04
18.755923	1.679990162e-03
18.760923	-2.735791452e-03
18.765923	1.990653208e-04
18.770923	6.860425247e-04
18.775924	-8.791823262e-05
18.780924	-1.024870965e-03
18.785924	-5.868913330e-04
18.790924	1.623001135e-03
18.795925	2.177975024e-03
18.800925	1.980736237e-04
18.805925	-7.891154663e-05
18.810925	-6.418826417e-04
18.815926	-6.998785733e-04
18.820926	4.080681418e-04
18.825926	-1.636830031e-03
18.830926	1.298026820e-03
18.835927	1.852000807e-03
18.840927	-2.850766592e-03
18.845927	6.860606624e-04
18.850927	2.568969289e-03
18.855928	-5.848742924e-04
18.860928	-2.028918149e-04
18.865928	-2.988858171e-04
18.870928	-1.626819207e-03
18.875929	-6.998635219e-04
18.880929	9.050588164e-04
18.885929	1.890953381e-04
18.890929	1.183047745e-03
18.895930	-2.508804001e-04
18.900930	1.900992231e-04
18.905930	1.517035267e-03
18.910930	-8.638462744e-04
18.915931	-1.960790974e-03
18.920931	-1.928766062e-04
18.925931	7.411160671e-05
18.930931	-1.742797656e-03
18.935932	-1.684799149e-03
18.940932	1.843028662e-03
18.945932	1.785032887e-03
18.950932	-1.071825190e-03
18.955933	-3.087501706e-05
18.960933	-4.228543438e-04
18.965933	3.041112883e-04
18.970933	1.077074663e-03
18.975933	5.231033240e-04
18.980934	-1.138813503e-03
18.985934	-2.076765940e-03
18.990934	1.794045058e-03
18.995934	3.041197875e-04
19.000935	-3.289701974e-03
19.005935	1.957041352e-03
19.010935	2.129034341e-03
19.015935	6.861067820e-04
19.020936	1.321354967e-04
19.025936	-2.018757221e-03
19.030936	4.661220073e-04
19.035936	1.240085411e-03
19.040937	1.623068056e-03
19.045937	-3.084908682e-05
19.050937	-5.858202870e-04
19.055937	-8.618052060e-04
19.060938	-1.938365575e-04
19.065938	-3.084306038e-05
19.070938	-1.626763026e-03
19.075938	-1.928320418e-04
19.080939	-9.767919407e-04
19.085939	-3.083693791e-05
19.090939	4.661401587e-04
19.095939	8.316055130e-05
19.100940	1.125110850e-03
19.105940	1.173110052e-03
19.110940	1.910075366e-03
19.115940	-2.018729778e-03
19.120941	4.661495584e-04
19.125941	8.011346663e-04
19.130941	-2.573697713e-03
19.135941	-1.358160465e-04
19.140942	-2.508087836e-04
19.145942	8.481387646e-04
19.150942	1.404113031e-03
19.155942	-2.508039309e-04
19.160943	-3.081312378e-05
19.165943	1.891776893e-04
19.170943	2.618734938e-05
19.175943	-1.081756497e-03
19.180944	-2.458687104e-03
19.185944	-2.507940634e-04
19.190944	2.619397564e-05
19.195944	1.622117135e-03
19.200945	6.761653491e-04
19.205945	-4.697765919e-04
19.210945	2.720064862e-05
19.215945	-3.557788149e-04
19.220946	-9.677470071e-04
19.225946	-1.457857364e-04
19.230946	4.661858708e-04
19.235946	6.861767678e-04
19.240947	2.721091163e-05
19.245947	-1.937764852e-04
19.250947	-3.087690905e-04
19.255947	2.721612401e-05
19.260948	4.661962776e-04
19.265948	-6.427474117e-04
19.270948	1.355156062e-03
19.275948	-8.777118508e-05
19.280948	-1.808684750e-03
19.285949	1.297164235e-03
19.290949	4.192092121e-04
19.295949	5.242058382e-04
19.300949	-6.427349560e-04
19.305950	-1.913670628e-03
19.310950	1.297173222e-03
19.315950	6.382074554e-04
19.320950	-1.301695288e-03
19.325951	7.432059387e-04
19.330951	8.582021147e-04
19.335951	3.522288457e-04
19.340951	-1.358685139e-03
19.345952	1.312434139e-04
19.350952	1.068199177e-03
19.355952	-3.672565735e-03
19.360952	-2.507322048e-04
19.365953	1.900163856e-03
19.370953	1.297195400e-03
19.375953	-8.626964552e-04
19.380953	-8.773268688e-05
19.385954	1.992550937e-04
19.390954	-6.896992685e-04
19.395954	1.460196877e-03
19.400954	1.518195941e-03
19.405955	5.242467620e-04
19.410955	-2.507131843e-04
19.415955	-8.156834552e-04
19.420955	9.632309709e-04
19.425956	5.242545136e-04
19.430956	-2.306604267e-03
19.435956	-6.326846581e-04
19.440956	1.853195012e-03
19.445957	-3.071033678e-05
19.450957	-2.181602545e-03
19.455957	6.862583512e-04
19.460957	-2.606930741e-04
19.465958	-1.244642673e-03
19.470958	8.582558740e-04
19.475958	7.429644818e-05
19.480958	-7.476611024e-04
19.485959	-1.464623812e-03
19.490959	-3.076787042e-04
19.495959	6.862744282e-04
19.500959	-4.226689800e-04
19.505960	9.152672420e-04
19.510960	2.731297399e-05
19.515960	-1.253621955e-03
19.520960	2.015219293e-03
19.525961	8.002811288e-04
19.530961	-1.245616150e-03
19.535961	-1.081622139e-03
19.540961	2.463146167e-04
19.545962	3.043138538e-04
19.550962	-8.766476630e-05
19.555962	-2.506546456e-04
19.560962	-1.683582044e-03
19.565963	-3.076476194e-04
19.570963	-2.026506646e-04
19.575963	1.459269702e-03
19.580963	1.297279804e-03
19.585963	-1.740568609e-03
19.590964	1.020297712e-03
19.595964	-1.637569383e-03
19.600964	-1.740562160e-03
19.605964	2.847214304e-03
19.610965	-8.056038258e-04
19.615965	-1.301577252e-03
19.620965	-3.076239706e-04
19.625965	5.133378274e-04
19.630966	1.900271788e-03
19.635966	1.021317226e-03
19.640966	2.636837729e-05
19.645966	1.852280760e-03
19.650967	-1.416556212e-03
19.655967	-2.238513554e-03
19.660967	1.423715447e-04
19.665967	6.283498701e-04
19.670968	8.337891970e-05
19.675968	1.323787545e-04
19.680968	1.670305347e-03
19.685968	6.963555179e-04
19.690969	-9.095632147e-04
19.695969	-8.625632577e-04
19.700969	-3.075882849e-04
19.705969	-1.082547879e-03
19.710970	-8.625564147e-04
19.715970	5.243776472e-04
19.720970	1.460333901e-03
19.725970	-1.474519412e-03
19.730971	-2.405778056e-04
19.735971	1.135356821e-03
19.740971	1.900321511e-03
19.745971	-8.615402886e-04
19.750972	-2.458459392e-03
19.755972	2.072320054e-03
19.760972	1.173366625e-03
19.765972	-1.359506416e-03
19.770973	1.805340245e-03
19.775973	9.063868344e-04
19.780973	-3.022417515e-03
19.785973	-1.464491782e-03
19.790974	1.314320877e-04
19.795974	-1.025508608e-03
19.800974	-7.755284874e-05
19.805974	2.130340933e-03
19.810975	-8.045122793e-04
19.815975	-1.138493437e-03
19.820975	1.737367501e-03
19.825975	-1.637464048e-03
19.830976	-2.505298492e-04
19.835976	2.455339470e-03
19.840976	2.364510709e-04
19.845976	-1.349468461e-03
19.850977	-6.325012792e-04
19.855977	8.484283251e-04
19.860977	-8.752316471e-05
19.865977	-4.125047056e-04
19.870978	-1.578444869e-03
19.875978	3.514626712e-04
19.880978	4.184618643e-04
19.885978	-9.094703120e-04
19.890979	7.334513645e-04
19.895979	2.364783204e-04
19.900979	9.164473819e-04
19.905979	1.994851722e-04
19.910979	-1.082449237e-03
19.915980	1.020449840e-03
19.920980	-3.644794908e-04
19.925980	-5.844661257e-04
19.930980	6.954734554e-04
19.935981	1.183452003e-03
19.940981	1.728427754e-03
19.945981	-3.959289869e-03
19.950981	-1.024431679e-03
19.955982	1.690437339e-03
19.960982	-9.104321249e-04
19.965982	7.334895914e-04
19.970982	-6.994373188e-04
19.975983	1.299466946e-03
19.980983	-6.324354051e-04
19.985983	-1.073411097e-03
19.990983	4.665157648e-04
19.995984	-4.794350728e-04
20.000984	-2.494437558e-04
20.005984	6.285156900e-04
20.010984	5.805206946e-04
20.015985	-1.071395389e-03
20.020985	2.375428723e-04
20.025985	4.665342682e-04
20.030985	-1.244378895e-03
20.035986	-8.043978673e-04
20.040986	6.285343177e-04
20.045986	-7.483952584e-04
20.050986	1.967473823e-03
20.055987	-1.454195346e-04
20.060987	-2.238313871e-03
20.065987	2.407460286e-03
20.070987	-2.594058011e-04
20.075988	-4.793922583e-04
20.080988	3.035719496e-04
20.085988	-8.043708121e-04
20.090988	4.095722053e-04
20.095989	-9.683572624e-04
20.100989	-1.130346543e-03
20.105989	-2.572272851e-03
20.110989	1.860245132e-05
20.115990	3.009458082e-03
20.120990	-3.563735600e-04
20.125990	-2.503759950e-04
20.130990	2.177507349e-03
20.135991	2.062515798e-03
20.140991	-1.406310754e-03
20.145991	-2.678245377e-03
20.150991	-1.034323442e-03
20.155992	4.676054852e-04
20.160992	1.021581053e-03
20.165992	-1.464293826e-03
20.170992	4.666140146e-04
20.175993	-2.503478752e-04
20.180993	-1.627277292e-03
20.185993	8.486037563e-04
20.190993	1.728563323e-03
20.195994	1.896418931e-04
20.200994	-2.076243767e-03
20.205994	2.177549839e-03
20.210994	4.196392007e-04
20.215994	-1.463265283e-03
20.220995	1.957569319e-03
20.225995	1.020618311e-03
20.230995	3.616536325e-04
20.235995	2.667302168e-05
20.240996	-2.525198522e-03
20.245996	6.296491947e-04
20.250996	1.021632838e-03
20.255996	-1.521239131e-03
20.260997	5.816603550e-04
20.265997	2.349576326e-03
20.270997	-1.474232608e-03
20.275997	-1.693218878e-03
20.280998	1.910606792e-03
20.285998	-8.829190247e-05
20.290998	-8.042537058e-04
20.295998	-5.272643522e-04
20.300999	-1.083234015e-03
20.305999	2.799577960e-03
20.310999	6.396872153e-04
20.315999	-2.133173368e-03
20.321000	1.068672125e-03
20.326000	-2.602594819e-04
20.331000	-1.922598056e-04
20.336000	-4.692431518e-04
20.341001	1.069684173e-03
20.346001	1.574662370e-03
20.351001	-2.401138993e-03
20.356001	-6.992196691e-04
20.361002	2.396631085e-03
20.366002	-2.402361294e-04
20.371002	-2.180137626e-03
20.376002	-1.138185811e-03
20.381003	1.785673428e-03
20.386003	1.517689698e-03
20.391003	2.676613746e-05
20.396003	-1.081176258e-03
20.401004	-2.573099758e-03
20.406004	2.467646264e-04
20.411004	4.677568703e-04
20.416004	-1.799128487e-03
20.421005	2.454665372e-03
20.426005	2.951644056e-03
20.431005	-1.187149194e-03
20.436005	-9.091597245e-04
20.441006	-3.641833839e-04
20.446006	-8.611557781e-04
20.451006	-6.901610276e-04
20.456006	-1.025141379e-03
20.461007	2.780999454e-05
20.466007	2.397696587e-03
20.471007	-1.082129035e-03
20.476007	-2.075076994e-03
20.481008	2.731689732e-03
20.486008	2.349711728e-03
20.491008	-7.461327604e-04
20.496008	-1.693082959e-03
20.501009	-1.914068866e-03
20.506009	1.460768334e-03
20.511009	4.338629989e-03
20.516009	5.818180470e-04
20.521009	-1.416080420e-03
20.526010	-1.904053163e-03
20.531010	-1.187085178e-03
20.536010	-6.991059221e-04
20.541010	4.098427909e-04
20.546011	9.638188120e-04
20.551011	-8.040909344e-04
20.556011	8.018333472e-04
20.561011	1.632795759e-03
20.566012	-1.798032161e-03
20.571012	-2.686985125e-03
20.576012	1.125830611e-03
20.581012	1.574811838e-03
20.586013	-1.129051822e-03
20.591013	-5.840753059e-04
20.596013	7.489560846e-05
20.601013	1.795814286e-03
20.606014	2.690465278e-05
20.611014	-2.180983378e-03
20.616014	2.570786212e-03
20.621014	-2.020740135e-04
20.626015	-6.990461966e-04
20.631015	2.397804826e-03
20.636015	-1.245012584e-03
20.641015	-7.950313354e-04
20.646016	1.020882721e-03
20.651016	-6.990292695e-04
20.656016	-1.440531688e-04
20.661016	4.669201830e-04
20.666017	-8.520115165e-04
20.671017	-8.704572879e-05
20.676017	2.695208954e-05
20.681017	-1.291979592e-03
20.686018	1.289896829e-03
20.691018	1.231903126e-03
20.696018	-2.343917509e-03
20.701018	-1.578951687e-03
20.706019	1.345907885e-03
20.711019	1.967880754e-03
20.716019	2.797966164e-05
20.721019	-2.351899780e-03
20.726020	-1.358945144e-03
20.731020	-1.961911989e-03
20.736020	5.249691635e-04
20.741020	3.114845255e-03
20.746021	-3.069828973e-04
20.751021	-1.919850406e-04
20.756021	-1.578913290e-03
20.761021	6.869787641e-04
20.766022	3.286854393e-03
20.771022	-3.232821330e-03
20.776022	-1.912882722e-03
20.781022	3.669846182e-03
20.786023	2.292917476e-03
20.791023	9.069892180e-04
20.796023	-1.913868441e-03
20.801023	-2.123854539e-03
20.806024	3.050295492e-04
20.811024	-1.080898685e-03
20.816024	9.160066660e-04
20.821024	1.565978286e-03
20.826024	-2.409822520e-03
20.831025	-1.625857481e-03
20.836025	-1.081880629e-03
20.841025	-8.692595686e-05
20.846025	2.350957735e-03
20.851026	1.956980748e-03
20.856026	5.720525165e-04
20.861026	4.110640788e-04
20.866026	-1.128856516e-03
20.871027	-2.677776661e-03
20.876027	9.640478366e-04
20.881027	7.440623246e-04
20.886027	-6.418658223e-04
20.891028	9.640588505e-04
20.896028	-1.918805992e-04
20.901028	-1.138830324e-03
20.906028	-6.898487176e-04
20.911029	6.870872437e-04
20.916029	1.843034083e-03
20.921029	-2.498592440e-04
20.926029	-3.843678726e-03
20.931030	1.079082820e-03
20.936030	1.079086549e-03
20.941030	-1.520781813e-03
20.946030	7.451104559e-04
20.951031	-1.139793068e-03
20.956031	1.518079929e-03
20.961031	1.959061993e-03
20.966031	-3.638199664e-04
20.971032	-9.657865820e-04
20.976032	7.516598378e-05
20.981032	1.346107241e-03
20.986032	-4.697996367e-04
20.991033	-8.781463517e-05
20.996033	-1.683732324e-03
21.001033	-4.117910925e-04
21.006033	2.456071632e-03
21.011034	-5.267778081e-04
21.016034	-7.467631632e-04
21.021034	1.185145624e-03
21.026034	1.958111431e-03
21.031035	-1.406719194e-03
21.036035	-4.178578985e-03
21.041035	6.861855414e-04
21.046035	1.901129629e-03
21.051036	5.821983775e-04
21.056036	2.002210380e-04
21.061036	-1.692681965e-03
21.066036	-1.750675231e-03
21.071037	3.052275135e-04
21.076037	2.188138775e-03
21.081037	-4.217289335e-04
21.086037	-9.187005810e-04
21.091038	8.592158626e-04
21.096038	1.902526879e-04
21.101038	3.522486394e-04
21.106038	1.078216852e-03
21.111039	-1.300662185e-03
21.116039	-6.986878615e-04
21.121039	4.092615764e-04
21.126039	3.052706422e-04
21.131040	-3.536929840e-04
21.136040	-6.316753470e-04
21.141040	1.892882324e-04
21.146040	2.372898439e-04
21.151040	1.332989386e-04
21.156041	-2.396787279e-04
21.161041	2.073211478e-03
21.166041	-2.586698071e-04
21.171041	2.732012533e-05
21.176042	-2.496622407e-04
21.181042	-3.843481427e-03
21.186042	-1.080613329e-03
21.191042	1.242276420e-03
21.196043	1.136285665e-03
21.201043	-2.965293915e-05
21.206043	1.183291432e-03
21.211043	1.958257355e-03
21.216044	-1.195583436e-03
21.221044	-1.693554879e-03
21.226044	-2.017534875e-03
21.231044	-7.662628784e-05
21.236045	2.952228783e-03
21.241045	-1.926124222e-04
21.246045	-6.885839341e-04
21.251045	1.174328513e-03
21.256046	-5.265837096e-04
21.261046	-2.395937226e-04
21.266046	1.853307427e-03
21.271046	-5.835685718e-04
21.276047	-2.132488249e-03
21.281047	-5.265631244e-04
21.286047	5.823864547e-04
21.291047	7.343831174e-04
21.296048	-4.695535081e-04
21.301048	8.593852656e-04
21.306048	-3.635504137e-04
21.311048	-2.294451258e-03
21.316049	2.513316389e-03
21.321049	3.727260843e-03
21.326049	-1.034500718e-03
21.331049	-1.913453291e-03
21.336050	-1.787455298e-03
21.341050	8.545676103e-05
21.346050	1.786377287e-03
21.351050	4.104491857e-04
21.356051	-5.844976522e-04
21.361051	-5.844934316e-04
21.366051	-2.342402724e-03
21.371051	9.174411385e-04
21.376052	2.398372521e-03
21.381052	-1.444981369e-04
21.386052	8.594567224e-04
21.391052	1.576425706e-03
21.396053	-1.444853718e-04
21.401053	-2.180380948e-03
21.406053	-4.684608944e-04
21.411053	6.304893203e-04
21.416054	-1.444682713e-04
21.421054	-3.404303612e-03
21.426054	-2.238356676e-03
21.431054	1.901443965e-03
21.436055	3.346377187e-03
21.441055	1.425391149e-04
21.446055	1.754958220e-05
21.451055	1.127499302e-03
21.456055	-6.894069848e-04
21.461056	-1.797348143e-03
21.466056	-1.344256106e-04
21.471056	-1.924184107e-04
21.476056	-1.520348730e-03
21.481057	5.255549793e-04
21.486057	1.805763149e-04
21.491057	2.178482396e-03
21.496057	2.575812721e-04
21.501058	-2.897259142e-03
21.506058	-3.633794110e-04
21.511058	1.787519167e-03
21.516058	1.326049800e-04
21.521059	-1.798295624e-03
21.526059	1.681537593e-03
21.531059	5.825960721e-04
21.536059	-1.902277262e-03
21.541060	-4.213456899e-04
21.546060	-6.413304348e-04
21.551060	-9.083128619e-04
21.556060	1.021596639e-03
21.561061	1.785563505e-03
21.566061	-7.453075313e-04
21.571061	-1.070287082e-03
21.576061	-5.843065235e-04
21.581062	3.526518550e-04
21.586062	2.293560849e-03
21.591062	-3.063067645e-04
21.596062	-1.740231732e-03
21.601063	-6.892789385e-04
21.606063	-5.262824559e-04
21.611063	7.446595263e-04
21.616063	6.296696959e-04
21.621064	-8.602524880e-04
21.626064	-2.514166599e-03
21.631064	1.910620251e-03
21.636064	3.344554243e-03
21.641065	4.107031171e-04
21.646065	-1.807183226e-03
21.651065	-3.289105769e-03
21.656065	8.026974904e-04
21.661066	3.613563772e-03
21.666066	2.774474831e-05
21.671066	-1.244188103e-03
21.676066	-8.032052162e-04
21.681067	-6.312090909e-04
21.686067	2.628635131e-03
21.691067	4.107488398e-04
21.696067	-3.070075315e-03
21.701068	-1.253160090e-03
21.706068	1.682700094e-03
21.711068	2.743652520e-03
21.716068	4.677691105e-04
21.721069	-2.467081875e-03
21.726069	-1.441915135e-04
21.731069	8.597637398e-04
21.736069	-4.111690866e-04
21.741070	9.077706823e-04
21.746070	-7.461432917e-04
21.751070	-9.661278031e-04
21.756070	1.901735782e-03
21.761070	-5.261400990e-04
21.766071	-2.955015926e-03
21.771071	1.184785103e-03
21.776071	8.508062283e-04
21.781071	-2.294034359e-03
21.786072	-1.186084159e-03
21.791072	1.288798799e-03
21.796072	1.347800614e-03
21.801072	-1.567051265e-03
21.806073	1.518801653e-03
21.811073	3.048661077e-04
21.816073	-2.676982458e-03
21.821073	1.888966221e-05
21.826074	3.538779336e-04
21.831074	9.648526333e-04
21.836074	2.733770373e-03
21.841074	-2.908893804e-05
21.846075	-2.351969888e-03
21.851075	7.448825396e-04
21.856075	1.853832769e-03
21.861075	-3.540538212e-04
21.866076	9.648860893e-04
21.871076	2.561812330e-03
21.876076	-1.300992829e-03
21.881076	-4.110849783e-03
21.886077	-1.901953632e-03
21.891077	1.289894168e-03
21.896077	1.566885372e-03
21.901077	8.599249878e-04
21.906078	4.679491131e-04
21.911078	1.127921493e-03
21.916078	-6.309871233e-04
21.921078	-1.079960177e-03
21.926079	-1.471936029e-03
21.931079	1.021946153e-03
21.936079	4.199806427e-04
21.941079	-1.692910531e-03
21.946080	1.461939151e-03
21.951080	3.070008619e-04
21.956080	-1.748893099e-03
21.961080	3.050107620e-04
21.966081	8.602644466e-05
21.971081	-2.189856677e-03
21.976081	2.570914035e-03
21.981081	1.853954233e-03
21.986082	-2.017850359e-03
21.991082	-2.016845471e-03
21.996082	8.500184354e-04
22.001082	1.070012562e-03
22.006083	-2.685797714e-03
22.011083	7.550379719e-04
22.016083	-5.838911927e-04
22.021083	-1.633834569e-03
22.026084	5.260641510e-04
22.031084	-8.038654394e-04
22.036084	8.600576912e-04
22.041084	9.080603237e-04
22.046085	-6.888561153e-04
22.051085	4.680919731e-04
22.056085	5.740917693e-04
22.061085	-1.022824653e-03
22.066086	-8.038304043e-04
22.071086	-7.686114027e-05
22.076086	2.491278559e-04
22.081086	1.347078880e-03
22.086086	2.408031731e-03
22.091087	8.615100738e-05
22.096087	-8.127997123e-04
22.101087	-2.571708120e-03
22.106087	-8.497877642e-04
22.111088	1.186117151e-03
22.116088	1.289117162e-03
22.121088	6.301546638e-04
22.126088	-1.786721347e-03
22.131089	-6.877703154e-04
22.136089	7.931619298e-04
22.141089	-2.487817048e-04
22.146089	-6.307578013e-04
22.151090	-9.187385164e-04
22.156090	-1.917691571e-04
22.161090	2.619097689e-03
22.166090	2.064130125e-03
22.171091	-1.624683261e-03
22.176091	-6.877242099e-04
22.181091	4.112268776e-04
22.186091	-8.674346777e-05
22.191092	-1.185684242e-03
22.196092	-1.427303833e-04
22.201092	7.462310571e-04
22.206092	-2.487148169e-04
22.211093	-1.472649420e-03
22.216093	-7.671290374e-05
22.221093	2.294175655e-03
22.226093	7.628996639e-05
22.231094	3.632810547e-04
22.236094	-6.876620309e-04
22.241094	1.023259017e-03
22.246094	1.232253959e-03
22.251095	-2.571553680e-03
22.256095	-7.356387646e-04
22.261095	-3.636518243e-04
22.266095	-1.194605699e-03
22.271096	1.242279669e-03
22.276096	1.022295748e-03
22.281096	2.017252063e-03
22.286096	-2.006335580e-04
22.291097	-4.177432643e-03
22.296097	-2.456512025e-03
22.301097	1.902278826e-03
22.306097	1.300313731e-03
22.311098	9.183378188e-04
22.316098	-5.835829914e-04
22.321098	-2.791469066e-03
22.326098	2.017299677e-03
22.331099	2.074302191e-03
22.336099	1.683326749e-03
22.341099	-5.255592535e-04
22.346099	-1.577502167e-03
22.351100	-1.080521276e-03
22.356100	-4.115488401e-04
22.361100	4.694131722e-04
22.366100	-8.025188969e-04
22.371101	2.065345380e-03
22.376101	1.300388381e-03
22.381101	-1.463470275e-03
22.386101	-2.189429182e-03
22.391101	2.017369247e-03
22.396102	9.084291930e-04
22.401102	-1.739435147e-03
22.406102	1.023434333e-03
22.411102	8.504482510e-04
22.416103	-2.484922730e-04
22.421103	-1.022448779e-03
22.426103	8.650208922e-05
22.431103	3.534943839e-04
22.436104	-2.848138942e-05
22.441104	1.415453016e-03
22.446104	-1.080418752e-03
22.451104	-1.242405331e-03
22.456105	-8.604186659e-04
22.461105	-2.584428177e-04
22.466105	1.358483105e-03
22.471105	1.435483484e-04
22.476106	9.655133907e-04
22.481106	-1.738348106e-03
22.486106	-3.634102566e-04
22.491106	1.184519088e-03
22.496107	-9.643696945e-04
22.501107	2.017489118e-03
22.506107	-3.633882405e-04
22.511107	-9.653531083e-04
22.516108	6.305739027e-04
22.521108	-1.194330791e-03
22.526108	6.985816209e-04
22.531108	3.536041325e-04
22.536109	-4.683498852e-04
22.541109	-1.346301143e-03
22.546109	-2.836042267e-05
22.551109	1.242582615e-03
22.556110	2.399531266e-03
22.561110	-3.633272403e-04
22.566110	-1.749253480e-03
22.571110	1.577588438e-03
22.576111	-6.302973534e-04
22.581111	-2.483105501e-04
22.586111	1.578605175e-03
22.591111	-2.482993433e-04
22.596112	-1.080252803e-03
22.601112	-6.402688308e-04
22.606112	-8.602523856e-04
22.611112	2.496986381e-04
22.616113	-5.822547994e-04
22.621113	-1.472205378e-03
22.626113	5.826991743e-04
22.631113	1.195674669e-03
22.636114	8.673488000e-05
22.641114	-9.652077075e-04
22.646114	1.070697802e-03
22.651114	7.367199044e-04
22.656115	1.927523432e-04
22.661115	-2.294119630e-03
22.666115	-1.243165643e-03
22.671115	1.138722872e-03
22.676116	-1.127159956e-03
22.681116	7.678652037e-05
22.686116	2.122691582e-03
22.691116	8.607593796e-04
22.696116	-1.185134249e-03
22.701117	-2.481746164e-04
22.706117	1.014768985e-03
22.711117	1.462752685e-03
22.716117	-4.691465306e-04
22.721118	-6.971295655e-04
22.726118	-2.733023654e-03
22.731118	-1.022102063e-03
22.736118	2.284741020e-03
22.741119	-1.299076900e-03
22.746119	-2.951205140e-04
22.751119	1.576793178e-03
22.756119	-8.020840038e-04
22.761120	-6.870838682e-04
22.766120	-3.050968617e-04
22.771120	1.682811146e-03
22.776120	-8.610578973e-04
22.781121	-1.242033340e-03
22.786121	2.237801288e-03
22.791121	-9.170376820e-04
22.796121	-2.807558372e-05
22.801122	4.209081651e-04
22.806122	-9.070206643e-04
22.811122	-8.590171781e-04
22.816122	-5.250277557e-04
22.821123	9.079076088e-04
22.826123	-4.200211988e-04
22.831123	1.070911323e-03
22.836123	6.889359900e-04
22.841124	-1.345958022e-03
22.846124	-6.879845050e-04
22.851124	2.959729799e-04
22.856124	9.089487211e-04
22.861125	7.559621496e-04
22.866125	-8.019552998e-04
22.871125	-1.575911311e-03
22.876125	1.299953127e-03
22.881126	3.833834395e-03
22.886126	-7.439344687e-04
22.891126	-1.844874372e-03
22.896126	5.260149307e-04
22.901127	-1.632872916e-03
22.906127	7.704891502e-05
22.911127	-9.168962305e-04
22.916127	5.840358924e-04
22.921128	1.023020264e-03
22.926128	-2.015824265e-03
22.931128	-9.648699891e-04
22.936128	8.510466597e-04
22.941129	-5.248796614e-04
22.946129	6.890666125e-04
22.951129	3.550890429e-04
22.956129	-6.878536432e-04
22.961130	-1.404812361e-03
22.966130	-6.868416655e-04
22.971130	2.123026123e-03
22.976130	-3.048484086e-04
22.981131	9.660950992e-04
22.986131	8.511067943e-04
22.991131	3.641367947e-04
22.996131	1.186102407e-03
23.001131	6.321357138e-04
23.006132	-1.184768843e-03
23.011132	-1.404751955e-03
23.016132	1.186126656e-03
23.021132	-7.547717846e-04
23.026133	-1.460730973e-03
23.031133	9.661557217e-04
23.036133	2.457088467e-03
23.041133	-6.867507725e-04
23.046134	-2.570651990e-03
23.051134	1.520152869e-03
23.056134	1.740148160e-03
23.061134	-4.197394634e-04
23.066135	-2.072652023e-03
23.071135	-8.497060560e-04
23.076135	1.463186295e-03
23.081135	3.552469420e-04
23.086136	3.642526453e-04
23.091136	8.627247241e-05
23.096136	-2.072615163e-03
23.101136	-3.046959740e-04
23.106137	1.185236896e-03
23.111137	-4.666756641e-04
23.116137	-5.816638285e-04
23.121137	-1.968589414e-03
23.126138	-7.446434371e-04
23.131138	3.643082022e-04
23.136138	1.186273965e-03
23.141138	1.683255722e-03
23.146139	4.213240141e-04
23.151139	-3.046340556e-04
23.156139	-8.586005811e-04
23.161139	-4.096164420e-04
23.166140	-9.745824156e-04
23.171140	7.737207069e-05
23.176140	1.301318101e-03
23.181140	-3.525942849e-04
23.186141	-9.645579250e-04
23.191141	1.186342519e-03
23.196141	2.181299837e-03
23.201141	-6.875527582e-04
23.206142	-5.255544523e-04
23.211142	6.323948625e-04
23.216142	-2.475555615e-04
23.221142	-8.595191640e-04
23.226143	-1.413485614e-03
23.231143	-1.895395248e-04
23.236143	1.024407062e-03
23.241143	-7.454995533e-04
23.246144	-1.461458013e-03
23.251144	-9.734756957e-04
23.256144	-2.751590375e-05
23.261144	9.674414831e-04
23.266145	2.515371672e-03
23.271145	2.571375262e-03
23.276145	-4.119289236e-03
23.281145	-1.680402863e-03
23.286146	2.190413071e-03
23.291146	1.625447231e-03
23.296146	-5.814378277e-04
23.301146	3.053844293e-05
23.306147	1.233485646e-03
23.311147	-3.230288368e-03
23.316147	-1.183382674e-03
23.321147	9.675179100e-04
23.326147	8.035323813e-04
23.331148	-6.973873707e-04
23.336148	-8.583730362e-04
23.341148	2.958969981e-05
23.346148	1.925881063e-04
23.351149	1.365972914e-04
23.356149	-4.673665602e-04
23.361149	9.755688949e-04
23.366149	1.578545678e-03
23.371150	-1.863278548e-03
23.376150	-1.575286258e-03
23.381150	2.468521267e-03
23.386150	3.546317286e-04
23.391151	-2.473321842e-04
23.396151	-1.576260328e-03
23.401151	8.516267143e-04
23.406151	3.069524093e-03
23.411152	-9.062738210e-04
23.416152	-1.078258860e-03
23.421152	7.366583588e-04
23.426152	8.669684458e-05
23.431153	-1.322858667e-04
23.436153	-6.382544541e-04
23.441153	-1.892700158e-04
23.446153	-9.072281637e-04
23.451154	-1.356199539e-03
23.456154	1.846649437e-03
23.461154	3.074531895e-05
23.466154	-2.073144626e-03
23.471155	1.927504601e-04
23.476155	2.410647913e-03
23.481155	9.087283694e-04
23.486155	-1.184162095e-03
23.491156	-1.892044635e-04
23.496156	7.377565187e-04
23.501156	-1.471128224e-03
23.506156	3.647880524e-04
23.511157	5.277866342e-04
23.516157	3.558017009e-04
23.521157	-6.291432329e-04
23.526157	3.068173384e-04
23.531158	8.517971494e-04
23.536158	6.898117454e-04
23.541158	1.928428264e-04
23.546158	-1.356074336e-03
23.551159	-1.321279060e-04
23.556159	-1.241066703e-03
23.561159	-1.576043570e-03
23.566159	8.038460084e-04
23.571160	1.626812186e-03
23.576160	-1.020050931e-03
23.581160	8.038660152e-04
23.586160	1.080859068e-03
23.591161	-1.460009247e-03
23.596161	-5.240486020e-04
23.601161	-1.022017408e-03
23.606161	-1.469988669e-03
23.611162	6.329145830e-04
23.616162	4.699293126e-04
23.621162	1.798870651e-03
23.626162	-4.090140086e-04
23.631162	-1.967930590e-03
23.636163	1.797890881e-03
23.641163	-7.919749713e-04
23.646163	-9.159621287e-04
23.651163	2.400881445e-03
23.656164	8.619639067e-04
23.661164	-2.788849730e-03
23.666164	4.129995165e-04
23.671164	-2.697206958e-05
23.676165	-1.297902771e-03
23.681165	2.734905612e-03
23.686165	-1.518878335e-03
23.691165	-1.019896093e-03
23.696166	1.930510310e-04
23.701166	-1.241871576e-03
23.706166	1.521999259e-03
23.711166	4.710577721e-04
23.716167	-2.072810264e-03
23.721167	-1.988956311e-04
23.726167	4.284890613e-03
23.731167	1.301044237e-03
23.736168	-3.621706747e-03
23.741168	1.139065886e-03
23.746168	4.701056437e-04
23.751168	-1.020814157e-03
23.756169	6.331113358e-04
23.761169	7.814550119e-05
23.766169	5.841274778e-04
23.771169	-2.234726973e-03
23.776170	8.051303585e-04
23.781170	3.510004175e-03
23.786170	-8.007768639e-04
23.791170	-2.244698934e-03
23.796171	1.187139134e-03
23.801171	2.019105110e-03
23.806171	1.362046513e-04
23.811171	-1.737696245e-03
23.816172	-5.237490453e-04
23.821172	4.702089823e-04
23.826172	7.472022868e-04
23.831172	6.902120270e-04
23.836173	-1.126691648e-03
23.841173	-2.234630195e-03
23.846173	-2.014634066e-03
23.851173	1.913179660e-03
23.856174	-1.135663387e-03
23.861174	-2.671097523e-05
23.866174	4.390078711e-03
23.871174	1.685218756e-03
23.876175	-6.866575744e-04
23.881175	-3.343519880e-03
23.886175	-2.234567442e-03
23.891175	-1.193611653e-03
23.896176	-9.726155213e-04
23.901176	6.993092365e-04
23.906176	-1.326428206e-04
23.911176	-9.155972830e-04
23.916177	1.464292662e-03
23.921177	1.685288820e-03
23.926177	4.133584281e-04
23.931177	-1.738528668e-03
23.936177	-9.055626008e-04
23.941178	2.736265288e-03
23.946178	1.626326948e-03
23.951178	2.191306214e-03
23.956178	-2.119474648e-03
23.961179	-3.066420991e-03
23.966179	2.984205504e-04
23.971179	1.627362254e-03
23.976179	3.084342265e-04
23.981180	-3.009395459e-03
23.986180	1.014413685e-03
23.991180	-6.384978968e-04
23.996180	-2.176415130e-03
24.001181	3.510312220e-03
24.006181	3.902300054e-03
24.011181	-1.574423392e-03
24.016181	-1.690410558e-03
24.021182	-7.434500108e-04
24.026182	-2.176372379e-03
24.031182	8.524857583e-04
24.036182	3.075197171e-04
24.041183	-6.854242804e-04
24.046183	1.835401295e-04
24.051183	-3.034287495e-04
24.056183	1.025513042e-03
24.061184	-1.241368263e-03
24.066184	-1.288358772e-03
24.071184	1.800496455e-03
24.076184	6.335610532e-04
24.081185	6.895654931e-04
24.086185	5.755783011e-04
24.091185	-1.125330816e-03
24.096185	1.464548983e-03
24.101186	-9.733238681e-04
24.106186	-1.883552644e-04
24.111186	6.916086712e-04
24.116186	-2.569223679e-03
24.121187	9.096124136e-04
24.126187	-2.846195576e-03
24.131187	-1.313218893e-04
24.136187	4.676448841e-03
24.141188	6.906521814e-04
24.146188	-1.135250730e-03
24.151188	-7.432627475e-04
24.156188	-1.135236192e-03
24.161189	6.336840619e-04
24.166189	-2.627618869e-05
24.171189	-2.942557179e-04
24.176189	-5.712347992e-04
24.181190	-2.552430471e-04
24.186190	1.962655145e-03
24.191190	-8.481992657e-04
24.196190	5.757379957e-04
24.201191	1.789685593e-03
24.206191	2.517685747e-04
24.211191	-6.861779541e-04
24.216191	-3.564029043e-03
24.221192	-1.412127569e-03
24.226192	2.793672868e-03
24.231192	1.694734279e-03
24.236192	-8.001356303e-04
24.241193	-3.505995155e-03
24.246193	-1.910066304e-03
24.251193	1.570769823e-03
24.256193	1.025804007e-03
24.261193	4.708386882e-04
24.266194	-1.345064593e-03
24.271194	-1.126067977e-03
24.276194	2.181776686e-03
24.281194	1.235830621e-03
24.286195	8.058591787e-04
24.291195	-8.480520464e-04
24.296195	-2.129981566e-03
24.301195	-4.180583656e-04
24.306196	3.099132462e-04
24.311196	3.659179210e-04
24.316196	2.094232731e-05
24.321196	2.076848626e-03
24.326197	2.297845199e-03
24.331197	3.559481820e-04
24.336197	-1.355960144e-03
24.341197	-2.232909542e-03
24.346198	5.289620516e-04
24.351198	1.301931495e-03
24.356198	-2.459848784e-04
24.361198	2.989957915e-04
24.366199	-1.459910192e-03
24.371199	-1.736889075e-03
24.376199	1.464960903e-03
24.381199	7.903658557e-05
24.386200	-1.573874593e-03
24.391200	7.010210034e-04
24.396200	6.330318642e-04
24.401200	2.990558154e-04
24.406201	1.026027578e-03
24.411201	-1.182856224e-03
24.416201	-3.508896168e-04
24.421201	1.800012109e-03
24.426202	1.245046958e-03
24.431202	3.111422899e-05
24.436202	-1.468804425e-03
24.441202	6.340996824e-04
24.446203	1.580060712e-03
24.451203	-2.731719596e-03
24.456203	5.281276100e-04
24.461203	5.771327806e-04
24.466204	-2.071729320e-03
24.471204	-3.608058989e-04
24.476204	-6.367847254e-04
24.481204	1.418121784e-03
24.486205	8.919476778e-05
24.491205	-2.579196376e-05
24.496205	-1.135729743e-03
24.501205	-1.688694918e-03
24.506206	-6.377389937e-04
24.511206	4.232164436e-04
24.516206	1.753158653e-03
24.521206	-1.517672795e-03
24.526207	-6.377084384e-04
24.531207	7.926394142e-05
24.536207	6.912414915e-04
24.541207	5.862543182e-04
24.546208	-9.626618152e-04
24.551208	7.492616374e-04
24.556208	4.142857935e-04
24.561208	-2.014587035e-03
24.566208	-1.239617473e-03
24.571209	6.812957180e-04
24.576209	1.026286443e-03
24.581209	-1.876461354e-04
24.586209	1.579274647e-03
24.591210	-7.996006115e-04
24.596210	2.236666801e-05
24.601210	1.522300599e-03
24.606210	-1.793528549e-03
24.611211	1.026340457e-03
24.616211	-2.560005558e-05
24.621211	-1.077540563e-03
24.626211	-1.020535621e-03
24.631212	-1.296514292e-03
24.636212	5.864008330e-04
24.641212	2.355321571e-03
24.646212	-1.631474529e-03
24.651213	-7.425104908e-04
24.656213	5.864319074e-04
24.661213	-4.185108723e-04
24.666213	9.684286826e-04
24.671214	-1.630435673e-03
24.676214	1.131436251e-03
24.681214	7.574624502e-04
24.686214	-2.014393380e-03
24.691215	2.068413575e-03
24.696215	2.575396449e-03
24.701215	-1.851377951e-03
24.706215	-1.852370077e-03
24.711216	1.141490470e-03
24.716216	1.351487975e-03
24.721216	4.715391051e-04
24.726216	-1.874206310e-04
24.731217	1.962481454e-03
24.736217	-5.703860842e-04
24.741217	-2.625277132e-03
24.746217	1.350535141e-03
24.751218	-7.433539779e-04
24.756218	-1.076329721e-03
24.761218	2.737490536e-03
24.766218	-4.073468666e-04
24.771219	-2.511235474e-03
24.776219	-1.973414123e-04
24.781219	5.876278709e-04
24.786219	1.302600602e-03
24.791220	2.996578530e-04
24.796220	-3.593018140e-04
24.801220	-9.632641818e-04
24.806220	-8.329954733e-05
24.811221	9.126593856e-04
24.816221	1.695628802e-03
24.821221	-1.345213663e-03
24.826221	-3.602541737e-04
24.831222	2.727601867e-03
24.836222	-3.065105203e-03
24.841222	-6.842143731e-04
24.846222	2.020660523e-03
24.851223	4.237470534e-04
24.856223	1.377690963e-04
24.861223	-1.248154743e-03
24.866223	-2.451961007e-04
24.871223	1.743714042e-03
24.876224	1.947982359e-04
24.881224	-1.355117516e-03
24.886224	-5.801476381e-04
24.891224	-1.402099193e-03
24.896225	-4.071401277e-04
24.901225	2.020748449e-03
24.906225	8.538138800e-04
24.911225	-6.361047945e-04
24.916226	-5.691000581e-04
24.921226	-2.511878185e-05
24.926226	-1.469039705e-03
24.931226	8.889169943e-05
24.936227	5.868752532e-04
24.941227	3.291056309e-05
24.946227	8.538782372e-04
24.951227	-6.940375451e-04
24.956228	-6.270327695e-04
24.961228	2.020845043e-03
24.966228	1.628872408e-03
24.971228	-2.013940295e-03
24.976229	-1.018981151e-03
24.981229	-7.989838776e-04
24.986229	8.898053950e-05
24.991229	1.025942551e-03
24.996230	-8.199483238e-05
25.001230	1.073956416e-03
25.006230	-1.735897231e-03
25.011230	-2.117870314e-03
25.016231	1.246972280e-03
25.021231	-3.029433354e-04
25.026231	-6.369187652e-04
25.031231	3.580404320e-04
25.036232	1.799977645e-03
25.041232	1.962977780e-03
25.046232	1.915988252e-03
25.051232	-2.174802335e-03
25.056233	-4.231692976e-03
25.061233	3.670889580e-04
25.066233	3.110998913e-04
25.071233	7.390870198e-04
25.076234	3.571139998e-04
25.081234	-1.955764023e-03
25.086234	-3.018371912e-04
25.091234	1.964059540e-03
25.096235	1.246103068e-03
25.101235	6.441408944e-04
25.106235	-8.567770495e-04
25.111235	4.721657947e-04
25.116236	1.638116662e-03
25.121236	-1.018744400e-03
25.126236	-9.037418207e-04
25.131236	-7.987387447e-04
25.136237	-1.132714068e-03
25.141237	2.522260501e-04
25.146237	7.962075447e-04
25.151237	8.542129520e-04
25.156238	4.252423213e-04
25.161238	-1.898635084e-03
25.166238	-6.846865291e-04
25.171238	1.734202752e-03
25.176239	2.329520638e-05
25.181239	-2.346838124e-04
25.186239	9.030849400e-05
25.191239	-9.706310130e-04
25.196239	-4.746471090e-04
25.201240	4.243169748e-04
25.206240	-5.686258629e-04
25.211240	7.973152573e-04
25.216240	2.517238968e-03
25.221241	-2.127524202e-03
25.226241	-1.630540318e-03
25.231241	-1.876029667e-04
25.236241	1.074343294e-03
25.241242	1.362337473e-03
25.246242	7.603754390e-04
25.251242	-1.908484908e-03
25.256242	-2.844430502e-03
25.261243	1.964341294e-03
25.266243	-2.455248966e-05
25.271243	1.523379735e-03
25.276243	1.408393772e-03
25.281244	-5.785000954e-04
25.286244	-5.784917055e-04
25.291244	-1.018461666e-03
25.296244	1.963400040e-03
25.301245	-3.594772803e-04
25.306245	-1.792398377e-03
25.311245	2.055117483e-04
25.316245	-1.874605002e-04
25.321246	2.346423267e-03
25.326246	-1.864436981e-04
25.331246	-1.898351046e-03
25.336246	3.005492153e-04
25.341247	-8.563854258e-04
25.346247	3.675628087e-04
25.351247	2.623460281e-03
25.356247	1.945882276e-04
25.361248	-4.633709419e-04
25.366248	-4.063652799e-04
25.371248	-2.950231661e-03
25.376248	-8.083285578e-04
25.381249	1.294576469e-03
25.386249	5.306225378e-04
25.391249	-1.515268323e-03
25.396249	-2.835194893e-03
25.401250	6.456423642e-04
25.406250	7.976433908e-04
25.411250	2.996763978e-04
25.416250	1.582621796e-03
25.421251	-2.429063201e-05
25.426251	-2.428210910e-05
25.431251	1.027674667e-03
25.436251	-1.972565387e-04
25.441252	2.047322227e-04
25.446252	1.916656546e-03
25.451252	-3.582229932e-04
25.456252	-1.735146703e-03
25.461253	-9.131785838e-04
25.466253	-7.981756803e-04
25.471253	1.361726628e-03
25.476253	4.147817837e-04
25.481254	-2.844049321e-03
25.486254	-1.861714968e-04
25.491254	-1.391652247e-04
25.496254	-1.353096915e-03
25.501254	2.690712741e-03
25.506255	2.852713370e-03
25.511255	-1.190079139e-03
25.516255	-8.080893229e-04
25.521255	-1.076067527e-03
25.526256	1.476815500e-03
25.531256	-2.410203916e-05
25.536256	-2.068992813e-03
25.541256	-1.290796162e-04
25.546257	-7.990380209e-04
25.551257	8.078915661e-04
25.556257	-8.205600675e-05
25.561257	6.349173716e-04
25.566258	3.589396035e-04
25.571258	3.679478200e-04
25.576258	8.649320349e-04
25.581258	8.097927100e-05
25.586259	-8.549660109e-04
25.591259	2.529881610e-04
25.596259	9.119644253e-04
25.601259	4.729947084e-04
25.606260	-1.782885620e-03
25.611260	-3.579470235e-04
25.616260	1.190985477e-03
25.621260	-1.457875504e-03
25.626261	-1.018888389e-03
25.631261	1.247008854e-03
25.636261	2.958933356e-03
25.641261	-2.288799754e-03
25.646262	-2.508780202e-03
25.651262	1.525030086e-03
25.656262	5.780854108e-04
25.661262	1.075069705e-03
25.666263	2.356015436e-03
25.671263	-8.185587826e-05
25.676263	-1.180793058e-03
25.681263	-9.597951678e-04
25.686264	6.361350862e-04
25.691264	2.022075675e-03
25.696264	3.318229640e-05
25.701264	-8.467656333e-04
25.706265	-9.127536016e-04
25.711265	-9.127448121e-04
25.716265	1.802130422e-03
25.721265	8.081881194e-04
25.726266	-2.508639903e-03
25.731266	-1.294690816e-03
25.736266	1.467182125e-03
25.741266	-3.007220839e-04
25.746267	-3.226569323e-03
25.751267	7.502438625e-04
25.756267	8.562474791e-04
25.761267	-1.075648644e-03
25.766268	-1.400623816e-03
25.771268	1.859224659e-03
25.776268	2.290212307e-03
25.781268	5.213081837e-04
25.786269	3.334104882e-05
25.791269	-2.011549488e-03
25.796269	5.883314780e-04
25.801269	3.683511731e-04
25.806269	-2.069520017e-03
25.811270	1.383802465e-04
25.816270	1.295332216e-03
25.821270	-5.205695578e-04
25.826270	-1.064533901e-03
25.831271	-1.285710458e-04
25.836271	8.142752840e-05
25.841271	7.414039702e-04
25.846271	2.021349917e-03
25.851272	-2.915273808e-04
25.856272	-7.404963699e-04
25.861272	2.447492492e-05
25.866272	-1.954418789e-03
25.871273	1.384871859e-04
25.876273	1.687419927e-03
25.881273	-7.304521778e-04
25.886273	-6.924450966e-04
25.891274	-3.574526213e-04
25.896274	5.885098016e-04
25.901274	7.505107965e-04
25.906274	-8.043935509e-05
25.911275	-3.584167060e-04
25.916275	-1.677342842e-03
25.921275	-3.573987948e-04
25.926275	1.190534041e-03
25.931276	7.025670389e-04
25.936276	5.885816431e-04
25.941276	-2.523679847e-04
25.946276	6.355973369e-04
25.951277	-1.897269047e-03
25.956277	1.396397609e-04
25.961277	2.901512908e-03
25.966277	-5.783068761e-04
25.971278	-2.011227354e-03
25.976278	-1.561240459e-03
25.981278	5.886628129e-04
25.986278	-1.382923821e-04
25.991279	3.370820279e-05
25.996279	8.086791287e-04
26.001279	3.587103208e-04
26.006279	1.957273990e-04
26.011280	-2.288141341e-03
26.016280	6.937210337e-04
26.021280	2.566637968e-03
26.026280	-7.401902722e-04
26.031281	3.117670588e-04
26.036281	4.737681763e-04
26.041281	-1.562122575e-03
26.046281	-1.074137485e-03
26.051282	-5.291551953e-04
26.056282	1.916733583e-03
26.061282	-9.611157296e-04
26.066282	-2.125049355e-03
26.071283	9.148102162e-04
26.076283	1.027813780e-03
26.081283	1.581795655e-03
26.086283	2.438706070e-04
26.091284	1.398848595e-04
26.096284	-7.870603975e-04
26.101284	7.518730395e-04
26.106284	4.158987183e-04
26.111284	-1.562994774e-03
26.116285	-2.420505993e-04
26.121285	-6.340221522e-04
26.126285	1.189897287e-03
26.131285	3.396332683e-05
26.136286	-1.293962168e-03
26.141286	7.989440521e-04
26.146286	-1.130951819e-03
26.151286	-6.829646676e-04
26.156287	1.973913821e-03
26.161287	3.501840556e-05
26.166287	-1.513896190e-03
26.171287	-5.779330272e-04
26.176288	-1.466880082e-03
26.181288	-3.579254201e-04
26.186288	3.690480379e-04
26.191288	1.965978702e-03
26.196289	1.689001559e-03
26.201289	3.690757292e-04
26.206289	3.590854605e-04
26.211289	-2.842747779e-03
26.216290	-4.628556106e-04
26.221290	3.015982499e-03
26.226290	-1.676777380e-03
26.231290	-1.790762510e-03
26.236291	2.451465981e-04
26.241291	-1.351765570e-03
26.246291	2.357061247e-03
26.251291	4.171659617e-04
26.256292	-1.016754211e-03
26.261292	2.462083934e-03
26.266292	1.402074530e-04
26.271292	-1.455704737e-03
26.276293	-1.399698191e-03
26.281293	-1.857486053e-04
26.286293	1.851160499e-03
26.291293	-4.147187148e-04
26.296294	-6.826962117e-04
26.301294	7.612420769e-04
26.306294	-1.628631023e-03
26.311294	4.172776600e-04
26.316295	4.752841438e-04
26.321295	8.562747425e-04
26.326295	2.184218760e-03
26.331295	-1.398595631e-03
26.336296	-1.780567484e-03
26.341296	6.943201214e-04
26.346296	1.133307889e-03
26.351296	1.393661548e-04
26.356297	1.403754779e-04
26.361297	-1.341542241e-03
26.366297	1.640320446e-03
26.371297	5.793820251e-04
26.376298	-1.790491997e-03
26.381298	2.300316148e-03
26.386298	4.164182262e-04
26.391298	-1.953455783e-03
26.396299	1.421387597e-03
26.401299	9.144219501e-04
26.406299	-1.686440682e-03
26.411299	1.086432325e-03
26.416300	1.087441701e-03
26.421300	-1.131439710e-03
26.426300	-7.494490679e-04
26.431300	-2.182369136e-03
26.436300	-1.236406230e-03
26.441301	1.410473002e-03
26.446301	-1.514373657e-03
26.451301	-1.455367104e-03
26.456301	1.631490497e-03
26.461302	3.457852263e-05
26.466302	4.745663462e-04
26.471302	1.965502472e-03
26.476302	-2.335276471e-03
26.481303	-2.393264136e-03
26.486303	3.897435876e-03
26.491303	8.005977176e-04
26.496303	-2.728219185e-03
26.501304	1.305591869e-03
26.506304	7.516286254e-04
26.511304	1.526600008e-03
26.516304	9.268006364e-05
26.521305	-2.784168891e-03
26.526305	-1.350229913e-03
26.531305	9.136682384e-04
26.536305	-7.402408665e-04
26.541306	-9.582206085e-04
26.546306	1.077688772e-03
26.551306	5.887223702e-04
26.556306	-5.762107729e-04
26.561307	8.276635990e-05
26.566307	1.974682842e-03
26.571307	-8.531684800e-04
26.576307	-3.062050248e-03
26.581308	9.137637281e-04
26.586308	2.788681064e-03
26.591308	-9.011278364e-04
26.596308	-2.011063650e-03
26.601309	3.584523665e-05
26.606309	3.457686487e-03
26.611309	1.028815572e-03
26.616309	-1.399055388e-03
26.621310	-2.068012875e-03
26.626310	-1.732019797e-03
26.631310	1.468832347e-03
26.636310	2.682782243e-03
26.641311	9.291927316e-05
26.646311	-6.340353389e-04
26.651311	5.229173732e-04
26.656311	-1.340981298e-03
26.661312	-3.570200665e-04
26.666312	1.191913375e-03
26.671312	-6.239876444e-04
26.676312	-1.465936574e-03
26.681313	-1.627918950e-03
26.686313	-6.809558771e-04
26.691313	6.479884080e-04
26.696313	3.130145550e-04
26.701314	2.902896816e-03
26.706314	7.520123066e-04
26.711314	-1.236880168e-03
26.716314	1.191010075e-03
26.721315	-1.292858040e-03
26.726315	-5.188864229e-04
26.731315	2.128993011e-03
26.736315	1.411005081e-04
26.741315	-5.768544655e-04
26.746316	-1.512798711e-03
26.751316	-1.062811133e-03
26.756316	1.526071224e-03
26.761316	4.171355017e-04
26.766317	-2.183317553e-05
26.771317	1.862083876e-03
26.776317	-2.418028864e-04
26.781317	-5.767766670e-04
26.786318	-3.118641874e-03
26.791318	-9.107407444e-04
26.796318	3.572048475e-03
26.801318	-5.187405191e-04
26.806319	-1.789668234e-03
26.811319	-7.957073666e-04
26.816319	1.412193784e-03
26.821319	2.552604742e-04
26.826320	-8.536751927e-04
26.831320	9.242471238e-04
26.836320	-7.856589695e-04
26.841320	-1.799599297e-03
26.846321	3.532022796e-05
26.851321	1.364264649e-03
26.856321	5.803130197e-04
26.861321	-1.626568604e-03
26.866322	1.030310502e-03
26.871322	3.075219717e-03
26.876322	6.383494211e-04
26.881322	-2.287496815e-03
26.886323	-1.275932444e-04
26.891323	9.153652796e-04
26.896323	-1.522504950e-03
26.901323	9.243845147e-04
26.906324	9.723919986e-04
26.911324	-2.286437831e-03
26.916324	-1.836450115e-03
26.921324	4.754460083e-04
26.926325	2.243368897e-03
26.931325	-2.984961881e-04
26.936325	3.134835760e-04
26.941325	1.966412134e-03
26.946326	3.605010171e-04
26.951326	1.135472775e-03
26.956326	-3.061310874e-03
26.961326	-5.764232278e-04
26.966327	3.655651215e-05
26.971327	-2.449311294e-03
26.976327	1.354511479e-03
26.981327	1.087534521e-03
26.986328	-2.413901889e-04
26.991328	-6.903581849e-04
26.996328	8.675750924e-04
27.001328	2.081525296e-03
27.006329	8.585953884e-04
27.011329	1.986377888e-04
27.016329	5.326312953e-04
27.021329	-6.812990430e-04
27.026330	1.087623880e-03
27.031330	2.407568894e-03
27.036330	-8.532607333e-04
27.041330	-2.992780286e-04
27.046330	4.756938085e-04
27.051331	-2.344157500e-03
27.056331	-1.262566409e-04
27.061331	3.630568514e-03
27.066331	5.237313363e-04
27.071332	-1.293169297e-03
27.076332	3.707588322e-04
27.081332	7.537499820e-04
27.086332	-5.181774492e-04
27.091333	-7.818909516e-05
27.096333	2.468049203e-04
27.101333	4.178065156e-04
27.106333	1.861745492e-03
27.111334	1.307782761e-03
27.116334	1.966760362e-03
27.121334	4.758437329e-04
27.126334	1.919782726e-03
27.131335	4.758637929e-04
27.136335	-7.960635972e-04
27.141335	9.828589283e-04
27.146335	-5.750543843e-04
27.151336	1.632847046e-03
27.156336	1.307873086e-03
27.161336	-8.530105509e-04
27.166336	6.959233096e-04
27.171337	1.087914091e-03
27.176337	-1.407953054e-03
27.181337	8.009483511e-04
27.186337	3.699601182e-05
27.191338	1.919913462e-03
27.196338	3.295855858e-03
27.201338	-1.130916275e-03
27.206338	-1.014911888e-03
27.211339	1.420412934e-04
27.216339	1.192999693e-03
27.221339	1.088014964e-03
27.226339	1.365011447e-03
27.231340	3.710704590e-04
27.236340	-7.789733538e-05
27.241340	-2.515767280e-03
27.246340	1.910025116e-03
27.251341	1.977031951e-03
27.256341	-2.783723706e-03
27.261341	1.307085182e-03
27.266341	4.761362043e-04
27.271342	-1.348763872e-03
27.276342	1.366112719e-03
27.281342	8.011506676e-04
27.286342	-2.401681608e-03
27.291343	-1.454718032e-03
27.296343	6.961863204e-04
27.301343	3.908038482e-03
27.306343	3.132255067e-04
27.311344	-1.348682556e-03
27.316344	9.732134005e-04
27.321344	-1.684645657e-03
27.326344	-8.516764443e-04
27.331345	-2.406963065e-04
27.336345	2.025202420e-03
27.341345	6.482803624e-04
27.346345	-7.376412489e-04
27.351346	4.763092415e-04
27.356346	-4.606344495e-04
27.361346	1.299289189e-03
27.366346	2.130258533e-03
27.371346	1.862281944e-03
27.376347	-3.280454825e-03
27.381347	-1.349539582e-03
27.386347	3.239244910e-03
27.391347	3.641271852e-05
27.396348	-1.616495718e-03
27.401348	-8.995207385e-04
27.406348	7.534082001e-04
27.411348	3.044405469e-04
27.416349	-4.695111145e-04
27.421349	3.714577811e-04
27.426349	4.284652481e-04
27.431349	-1.789415366e-03
27.436350	-1.354864529e-04
27.441350	2.627387909e-03
27.446350	-1.846381713e-03
27.451350	-3.117308898e-03
27.456351	1.920453562e-03
27.461351	9.255128079e-04
27.466351	-4.124110686e-04
27.471351	1.194520185e-03
27.476352	4.765658164e-04
27.481352	-1.512326023e-03
27.486352	-1.674307735e-03
27.491352	-5.743515252e-04
27.496353	1.079577436e-03
27.501353	1.967544083e-03
27.506353	-3.453317983e-04
27.511353	9.166164584e-04
27.516354	1.747585921e-03
27.521354	6.486503313e-04
27.526354	5.826639286e-04
27.531354	-2.400178974e-03
27.536355	-1.894193507e-03
27.541355	3.908531387e-03
27.546355	1.470661686e-03
27.551355	-9.672080103e-04
27.556356	-3.552277424e-04
27.561356	1.527576455e-04
27.566356	8.117356092e-04
27.571356	-7.471773126e-04
27.576357	-6.901697267e-04
27.581357	-4.031734513e-04
27.586357	1.471744709e-03
27.591357	1.146771099e-03
27.596358	-1.251559219e-04
27.601358	-2.501393632e-04
27.606358	5.338324827e-04
27.611358	1.585791149e-03
27.616359	2.073777564e-03
27.621359	1.910796008e-03
27.626359	-1.120044459e-03
27.631359	-1.893995950e-03
27.636360	2.025821649e-03
27.641360	8.592752511e-05
27.646360	-1.567980665e-03
27.651360	1.519451718e-04
27.656361	-1.176978998e-03
27.661361	-1.682943650e-03
27.666361	-1.350093404e-04
27.671361	2.913851134e-03
27.676361	1.471932538e-03
27.681362	-1.242923430e-03
27.686362	3.620080909e-04
27.691362	8.119964337e-04
27.696362	-7.269173742e-04
27.701363	1.990475604e-04
27.706363	-1.186873766e-03
27.711363	-1.892828541e-03
27.716363	4.770653707e-04
27.721364	-1.348940200e-04
27.726364	5.350835275e-04
27.731364	1.252058767e-03
27.736364	-6.898351853e-04
27.741365	-4.608359320e-04
27.746365	9.751039490e-04
27.751365	6.981281018e-04
27.756365	-1.061774788e-03
27.761366	-1.511742117e-03
27.766366	-8.517640467e-04
27.771366	1.529129366e-03
27.776366	1.414145569e-03
27.781367	-1.902680708e-03
27.786367	-1.118708722e-03
27.791367	1.031196069e-03
27.796367	1.022207073e-03
27.801368	-8.516901740e-04
27.806368	-5.176960359e-04
27.811368	1.587210985e-03
27.816368	3.152841349e-04
27.821369	-1.673607440e-03
27.826369	-3.546617415e-04
27.831369	1.137275450e-03
27.836369	5.933128027e-04
27.841370	1.193293882e-03
27.846370	-1.963584715e-05
27.851370	-6.785928257e-04
27.856370	-1.346089799e-04
27.861371	-1.291541453e-03
27.866371	1.261343572e-03
27.871371	1.080363094e-03
27.876371	-7.756931819e-05
27.881372	1.203378291e-03
27.886372	1.577370523e-03
27.891372	-6.885073718e-04
27.896372	9.264238185e-04
27.901373	-5.734917505e-04
27.906373	-1.950835855e-05
27.911373	5.344750372e-04
27.916373	-1.510413710e-03
27.921374	3.725043154e-04
27.926374	3.635154183e-04
27.931374	1.032493172e-03
27.936374	-5.174199108e-04
27.941375	6.405337949e-04
27.946375	4.785524395e-04
27.951375	1.413517123e-03
27.956375	-1.291339127e-03
27.961376	-1.452320520e-03
27.966376	1.586540672e-03
27.971376	-1.511296233e-03
27.976376	8.595978279e-04
27.981376	1.137594854e-03
27.986377	1.749575453e-03
27.991377	4.296510974e-04
27.996377	-2.390199465e-03
28.001377	7.456569821e-04
28.006378	8.570017008e-05
28.011378	-3.442679526e-04
28.016378	-1.242680471e-04
28.021378	-1.342568234e-04
28.026379	-1.925174510e-05
28.031379	9.177129001e-04
28.036379	-5.742029606e-04
28.041379	-1.778132985e-03
28.046380	7.557531096e-04
28.051380	8.579682328e-05
28.056380	1.079758683e-03
28.061380	-5.161520428e-04
28.066381	2.578206471e-04
28.071381	-1.290092433e-03
28.076381	-3.531277538e-04
28.081381	3.851676165e-03
28.086382	2.678632541e-04
28.091382	1.428801873e-04
28.096382	-3.060869372e-04
28.101382	-1.127035758e-03
28.106383	-1.672998103e-03
28.111383	4.299092422e-04
28.116383	6.979068610e-04
28.121383	-1.232987341e-03
28.126384	1.643881941e-03
28.131384	1.439665441e-04
28.136384	-2.960009934e-04
28.141384	-1.128949194e-03
28.146385	-1.289930449e-03
28.151385	2.973870619e-03
28.156385	-4.009525214e-04
28.161385	-2.733826918e-03
28.166386	8.600071214e-04
28.171386	1.911966213e-03
28.176386	9.606639531e-05
28.181386	-7.258823172e-04
28.186387	1.430857882e-04
28.191387	2.480914809e-04
28.196387	-3.528680922e-04
28.201387	1.032074641e-03
28.206388	-1.127808233e-03
28.211388	5.371207329e-04
28.216388	2.361041881e-03
28.221388	-5.748028078e-04
28.226389	9.281341385e-04
28.231389	-1.394740698e-03
28.236389	-2.791661084e-03
28.241389	-4.107673187e-04
28.246390	1.865131616e-03
28.251390	1.425164163e-03
28.256390	-7.675104325e-05
28.261390	3.632382210e-04
28.266391	-1.175675158e-03
28.271391	-1.394653468e-03
28.276391	7.552516870e-04
28.281391	1.912903559e-04
28.286391	2.075208603e-03
28.291392	1.759235080e-03
28.296392	-2.331552736e-03
28.301392	-1.796568116e-03
28.306392	-1.404576458e-03
28.311393	1.645284449e-03
28.316393	-4.586010996e-04
28.321393	-2.179505485e-03
28.326393	1.577320652e-03
28.331394	1.864317494e-03
28.336394	9.283745027e-04
28.341394	-1.815599254e-04
28.346394	3.164265474e-04
28.351395	1.253391428e-03
28.356395	-1.462463985e-03
28.361395	-1.844434211e-03
28.366395	2.027386298e-03
28.371396	8.614546462e-04
28.376396	-3.832303448e-03
28.381396	-1.118425962e-03
28.386396	4.205093292e-04
28.391397	1.970444083e-03
28.396397	4.072351686e-03
28.401397	-1.175379137e-03
28.406397	-6.293949827e-04
28.411398	-1.012365124e-03
28.416398	-1.730318782e-03
28.421398	2.686474957e-03
28.426398	9.661339561e-05
28.431399	-2.121266462e-03
28.436399	-4.673367916e-04
28.441399	9.756032618e-04
28.446399	-1.949241805e-03
28.451400	-4.003069591e-04
28.456400	3.795497676e-03
28.461400	-1.844213821e-03
28.466400	-1.802846211e-04
28.471401	1.195658750e-03
28.476401	-2.952568391e-04
28.481401	3.873779814e-05
28.486401	-8.512073486e-04
28.491402	1.195703028e-03
28.496402	-7.921880977e-04
28.501402	-2.063114491e-03
28.506402	-2.951903793e-04
28.511403	2.007963098e-04
28.516403	-5.151573752e-04
28.521403	-1.231655629e-04
28.526403	5.938102652e-04
28.531404	1.530775274e-03
28.536404	5.938324751e-04
28.541404	-2.789989945e-03
28.546404	-1.347049817e-03
28.551405	1.204835759e-03
28.556405	4.618678934e-03
28.561405	-2.470705669e-04
28.566405	-2.886929569e-03
28.571406	1.539319658e-04
28.576406	2.132845747e-03
28.581406	9.695704308e-05
28.586406	-6.199965435e-04
28.591407	6.409525693e-04
28.596407	-7.439681492e-04
28.601407	-1.345927382e-03
28.606407	-3.429655673e-04
28.611407	3.902680028e-05
28.616408	-9.549131387e-04
28.621408	2.409932492e-03
28.626408	1.081009040e-03
28.631408	-1.623846719e-03
28.636409	-7.928764215e-04
28.641409	5.360693811e-04
28.646409	-1.798842127e-04
28.651409	-6.587863338e-05
28.656410	1.034078445e-03
28.661410	9.770924432e-04
28.666410	1.913057596e-03
28.671410	4.791393404e-04
28.676411	-3.612648156e-03
28.681411	-1.231754077e-03
28.686411	1.866104734e-03
28.691411	8.611653882e-04
28.696412	-6.867472421e-04
28.701412	1.196171349e-03
28.706412	1.587163340e-03
28.711412	8.142125953e-04
28.716413	2.602510808e-04
28.721413	-1.393656318e-03
28.726413	2.592736051e-04
28.731413	-9.066577929e-04
28.736414	-1.288627755e-03
28.741414	-4.576573848e-04
28.746414	-1.232608007e-03
28.751414	8.613002389e-04
28.756415	2.133248925e-03
28.761415	7.563279275e-04
28.766415	-1.345557402e-03
28.771415	-8.965682191e-04
28.776416	-1.760018629e-05
28.781416	1.454030723e-04
28.786416	3.744030876e-04
28.791416	1.033381953e-03
28.796417	-5.145306084e-04
28.801417	8.745106804e-05
28.806417	1.750380554e-03
28.811417	-2.855079911e-04
28.816418	-2.282398451e-03
28.821418	-1.314929615e-04
28.826418	1.195453067e-03
28.831418	-9.544298564e-04
28.836419	-1.393396946e-03
28.841419	-9.064095851e-04
28.846419	9.765091054e-04
28.851419	1.139512412e-03
28.856420	-7.441653949e-05
28.861420	3.165755575e-04
28.866420	-5.713694239e-04
28.871420	-4.563637428e-04
28.876421	2.247514580e-03
28.881421	-1.404294421e-03
28.886421	-1.948256311e-03
28.891421	-8.392995146e-04
28.896422	4.226497588e-04
28.901422	-1.313116295e-04
28.906422	-1.452235283e-03
28.911422	1.588626485e-03
28.916422	-4.662610537e-04
28.921423	-1.241211557e-03
28.926423	1.474666210e-03
28.931423	9.867015948e-04
28.936423	-1.776151102e-03
28.941424	9.197276584e-04
28.946424	1.416714598e-03
28.951424	-2.398086337e-03
28.956424	-1.127137466e-03
28.961425	-2.841675374e-04
28.966425	1.704746020e-03
28.971425	7.468045522e-04
28.976425	-1.242086194e-03
28.981426	7.098291936e-04
28.986426	2.086772870e-03
28.991426	-5.720849062e-04
28.996426	-2.731967227e-03
29.001427	4.228889944e-04
29.006427	2.257810154e-03
29.011427	1.588854496e-03
29.016427	-1.068003362e-03
29.021428	-1.565967425e-03
29.026428	-5.720048806e-04
29.031428	-1.507947390e-03
29.036428	-2.939956620e-04
29.041429	2.745866243e-03
29.046429	2.028912970e-03
29.051429	-1.508901526e-03
29.056429	-2.369526377e-04
29.061430	-5.229271031e-04
29.066430	-1.319348690e-04
29.071430	1.865978315e-03
29.076430	-1.832828244e-03
29.081431	1.197034179e-03
29.086431	2.076002420e-03
29.091431	-2.061782533e-03
29.096431	-3.988528534e-04
29.101432	1.149082487e-03
29.106432	-1.345783281e-03
29.111432	-1.947742168e-03
29.116432	5.951442348e-04
29.121433	2.021750726e-04
29.126433	2.031865314e-04
29.131433	3.120650396e-05
29.136433	-1.957684136e-03
29.141434	1.207171685e-03
29.146434	-2.837434466e-04
29.151434	-2.119641603e-03
29.156434	1.694182301e-03
29.161435	1.971180206e-03
29.166435	-1.020661074e-03
29.171435	1.092246518e-03
29.176435	1.322246744e-03
29.181436	-1.956580407e-03
29.186436	4.803112558e-04
29.191436	1.484273416e-03
29.196436	-3.036270727e-04
29.201437	-1.623550581e-03
29.206437	-5.615912639e-04
29.211437	7.013581684e-04
29.216437	-3.515784646e-04
29.221437	3.753973417e-04
29.226438	9.842254124e-05
29.231438	-1.068508474e-03
29.236438	2.966304611e-03
29.241438	-1.125482508e-03
29.246439	-3.554351432e-03
29.251439	1.092431557e-03
29.256439	8.634544141e-04
29.261439	1.035457548e-03
29.266440	-1.335414216e-03
29.271440	-1.020418110e-03
29.276440	6.425116872e-04
29.281440	-3.424282491e-04
29.286441	5.385400232e-04
29.291441	9.215327969e-04
29.296441	-5.143849436e-04
29.301441	-1.213926554e-04
29.306442	-2.353754231e-04
29.311442	8.625821903e-04
29.316442	-7.436008496e-05
29.321442	-6.283211980e-04
29.326443	2.036495103e-04
29.331443	1.556635118e-04
29.336443	5.386563142e-04
29.341443	-3.502883064e-04
29.346444	-1.125238532e-03
29.351444	4.806941168e-04
29.356444	2.607165954e-04
29.361444	-2.120154616e-03
29.366445	-7.332111848e-04
29.371445	-8.951915499e-04
29.376445	1.139720011e-03
29.381445	2.411669109e-03
29.386446	-1.229140104e-03
29.391446	-5.131636478e-04
29.396446	7.577855090e-04
29.401446	-1.115110668e-03
29.406447	1.035795205e-03
29.411447	1.856766509e-03
29.416447	-1.737044997e-03
29.421447	-1.679036153e-03
29.426448	1.589814735e-03
29.431448	2.086801989e-03
29.436448	-1.565006651e-03
29.441448	-9.520250968e-04
29.446449	1.647858714e-03
29.451449	3.179358564e-04
29.456449	1.359896316e-03
29.461449	-1.229964551e-03
29.466450	-6.749801284e-04
29.471450	2.029898532e-03
29.476450	-1.067937336e-03
29.481450	-5.129529033e-04
29.486451	1.197974665e-03
29.491451	3.080301876e-04
29.496451	1.560494088e-04
29.501451	-7.292757892e-05
29.506452	1.695997148e-03
29.511452	-2.328793096e-03
29.516452	-2.616767172e-03
29.521452	2.793978403e-03
29.526453	7.580903229e-04
29.531453	-1.276797803e-03
29.536453	-6.268180102e-04
29.541453	1.461557351e-04
29.546453	-7.807868879e-04
29.551454	-1.308070856e-04
29.556454	-7.379810869e-05
29.561454	3.191943424e-04
29.566454	1.533146409e-03
29.571455	-9.527195065e-04
29.576455	-1.123699301e-03
29.581455	5.862283747e-04
29.586455	-5.717028602e-04
29.591456	-2.347076358e-04
29.596456	-7.316713813e-04
29.601456	8.152643253e-04
29.606456	3.129162304e-03
29.611457	8.932366587e-05
29.616457	-2.166553536e-03
29.621457	-5.126230813e-04
29.626457	1.036312542e-03
29.631458	1.093321565e-03
29.636458	-5.125876008e-04
29.641458	-2.224491549e-03
29.646458	-6.275582747e-04
29.651459	3.245263039e-03
29.656459	9.942964283e-05
29.661459	-1.287490281e-03
29.666459	1.580380481e-03
29.671460	9.784219462e-04
29.676460	-2.558392203e-03
29.681460	-2.395388365e-03
29.686460	3.184899852e-04
29.691461	2.145069644e-04
29.696461	3.195136653e-04
29.701461	4.815175652e-04
29.706461	1.475480539e-03
29.711462	-4.074149546e-04
29.716462	-1.888330221e-03
29.721462	-7.340762569e-05
29.726462	2.737465976e-03
29.731463	-6.238439539e-05
29.736463	-1.554299109e-03
29.741463	-1.354297054e-03
29.746463	-6.273209216e-04
29.751464	2.641530165e-03
29.756464	7.016375019e-04
29.761464	1.036632927e-03
29.766464	-8.372629765e-04
29.771465	-3.055141955e-03
29.776465	8.636771710e-04
29.781465	-7.326481790e-05
29.786465	-4.542341553e-04
29.791466	-4.542222323e-04
29.796466	-3.502154224e-04
29.801466	1.810690200e-03
29.806466	6.447594911e-04
29.811467	-5.691688535e-04
29.816467	-1.612105607e-03
29.821467	1.637746456e-03
29.826467	1.695755546e-03
29.831468	-3.054998790e-03
29.836468	7.018283404e-04
29.841468	8.748317825e-04
29.846468	-1.391044790e-03
29.851468	-7.309766842e-05
29.856469	-7.208575625e-05
29.861469	-1.945981604e-03
29.866469	-4.080452958e-04
29.871469	1.532871190e-03
29.876470	-2.350298630e-04
29.881470	-6.839957992e-04
29.886470	4.298041627e-05
29.891470	2.747859330e-03
29.896471	1.475933889e-03
29.901471	8.169782951e-04
29.906471	-1.610890273e-03
29.911471	-3.332793569e-03
29.916472	9.220091103e-04
29.921472	-5.689055432e-04
29.926472	1.000735488e-04
29.931472	2.422971278e-03
29.936473	-1.239836519e-03
29.941473	-2.060784120e-03
29.946473	3.771079603e-04
29.951473	1.372071030e-03
29.956474	1.582072719e-03
29.961474	-5.218117561e-04
29.966474	-3.990629079e-03
29.971474	9.311408198e-04
29.976475	4.237990169e-03
29.981475	-1.008739680e-03
29.986475	-1.767685719e-04
29.991475	5.872058843e-04
29.996476	-2.892610881e-03
30.001476	-6.747079456e-04
30.006476	-2.917147382e-04
30.011476	3.112676496e-04
30.016477	2.308181465e-03
30.021477	-1.945597210e-03
30.026477	4.822954086e-04
30.031477	1.475258622e-03
30.036478	-2.394538934e-03
30.041478	1.974258209e-03
30.046478	8.163272461e-04
30.051478	-3.274459430e-03
30.056479	7.033569560e-04
30.061479	-4.535740476e-04
30.066479	-1.009534614e-03
30.071479	1.474205554e-04
30.076480	-1.782472413e-03
30.081480	6.544197940e-04
30.086480	3.082312447e-03
30.091480	4.254552500e-04
30.096481	-7.314757338e-04
30.101481	-1.897406272e-03
30.106481	-1.945391805e-03
30.111481	-6.744422219e-04
30.116482	-6.834296682e-04
30.121482	5.975194290e-04
30.126482	1.811471825e-03
30.131482	1.304508885e-03
30.136483	1.475779240e-04
30.141483	-1.610323469e-03
30.146483	-1.888297666e-03
30.151483	-2.923640476e-04
30.156483	-1.436558995e-05
30.161484	-4.063341700e-04
30.166484	5.406313829e-04
30.171484	-6.132686098e-05
30.176484	-3.389151001e-03
30.181485	9.796462207e-04
30.186485	3.131552507e-03
30.191485	1.199659701e-03
30.196485	-1.726184204e-03
30.201486	-2.280144792e-03
30.206486	2.366638768e-03
30.211486	-2.912183123e-04
30.216486	-7.121696807e-05
30.221487	1.085738285e-03
30.226487	-6.741629627e-04
30.231487	-5.121587570e-04
30.236487	-2.776035206e-03
30.241488	-1.667077580e-03
30.246488	1.083799272e-03
30.251488	8.748217398e-04
30.256488	-3.481059080e-04
30.261489	-2.440988326e-04
30.266489	-1.114043840e-03
30.271489	-1.391018017e-03
30.276489	1.489184257e-04
30.281490	4.269169525e-04
30.286490	-8.360087111e-04
30.291490	-1.123982335e-03
30.296490	-2.336910453e-03
30.301491	-1.274950483e-03
30.306491	-1.122945744e-03
30.311491	-7.098527657e-05
30.316491	-7.879377834e-04
30.321492	-3.225805626e-03
30.326492	1.419978049e-03
30.331492	-5.689118754e-04
30.336492	-3.655747783e-03
30.341493	-1.829825375e-03
30.346493	-1.839812645e-03
30.351493	-2.671759476e-03
30.356493	-3.990682347e-03
30.361494	-8.358253052e-04
30.366494	-6.838205338e-04
30.371494	-3.110688890e-03
30.376494	-2.938685098e-03
30.381495	-4.496596198e-03
30.386495	-8.447635918e-04
30.391495	-7.887540844e-04
30.396495	-6.157503300e-04
30.401496	4.832078742e-04
30.406496	-4.220548451e-03
30.411496	-6.157135193e-04
30.416496	2.032168493e-03
30.421497	-2.117615077e-03
30.426497	-6.256761926e-04
30.431497	2.472183690e-03
30.436497	-6.726493107e-04
30.441498	-1.112615377e-03
30.446498	1.974245055e-03
30.451498	-1.286391970e-04
30.456498	-2.776496636e-03
30.461498	1.420309199e-03
30.466499	1.812302218e-03
30.471499	-8.355552139e-04
30.476499	-1.755753740e-04
30.481499	-1.399502851e-03
30.486500	-1.285530632e-04
30.491500	-3.965275640e-04
30.496500	4.834414640e-04
30.501500	2.080375223e-03
30.506501	2.634769305e-04
30.511501	-3.964782760e-04
30.516501	1.698430993e-03
30.521501	-2.904588307e-04
30.526502	-2.117356621e-03
30.531502	-1.121393281e-03
30.536502	-1.112381385e-03
30.541502	4.925520019e-04
30.546503	-4.053914783e-04
30.551503	1.248539503e-03
30.556503	4.835894853e-04
30.561503	-1.447303170e-03
30.566504	-2.813481751e-04
30.571504	1.200591278e-03
30.576504	-1.853281804e-04
30.581504	-1.561248128e-03
30.586505	3.216716062e-04
30.591505	1.983602215e-03
30.596505	8.186718951e-04
30.601505	-6.252446971e-04
30.606506	-7.872243523e-04
30.611506	-7.024724587e-05
30.616506	-1.282320121e-04
30.621506	-2.833086561e-03
30.626507	8.757433668e-04
30.631507	2.921655106e-03
30.636507	-1.180130713e-03
30.641507	-5.671484747e-04
30.646508	-9.491172869e-04
30.651508	-5.681236310e-04
30.656508	3.522687521e-03
30.661508	4.838494226e-04
30.666509	-1.723029602e-03
30.671509	-1.944006321e-03
30.676509	1.419840604e-03
30.681509	1.420852969e-03
30.686510	-1.942969129e-03
30.691510	-1.007002755e-03
30.696510	4.839363197e-04
30.701510	5.979431357e-04
30.706511	-1.760063621e-04
30.711511	4.279763543e-04
30.716511	-4.049702361e-04
30.721511	-3.224819077e-03
30.726512	1.085981288e-03
30.731512	3.312884174e-03
30.736512	-8.918965272e-04
30.741512	-9.018835910e-04
30.746513	-9.498687830e-04
30.751513	-1.121847872e-03
30.756513	2.749974103e-03
30.761513	1.201062758e-03
30.766514	-2.498742770e-03
30.771514	-1.285260551e-05
30.776514	-1.848316825e-04
30.781514	-4.528060344e-04
30.786514	2.310070512e-03
30.791515	-1.226743023e-03
30.796515	-1.168733404e-03
30.801515	3.467051010e-03
30.806515	1.492267103e-04
30.811516	-7.867147656e-04
30.816516	-6.973755544e-05
30.821516	-1.112673763e-03
30.826516	9.232385666e-04
30.831517	4.272754556e-04
30.836517	1.593011310e-04
30.841517	-4.046586299e-04
30.846517	1.097279978e-03
30.851518	1.096292527e-03
30.856518	-1.399572186e-03
30.861518	7.613340119e-04
30.866518	-2.058514757e-03
30.871519	-4.045836136e-04
30.876519	1.374341383e-03
30.881519	-6.715454539e-04
30.886519	-1.275596988e-04
30.891520	-5.665255843e-04
30.896520	-3.375243284e-04
30.901520	-1.252779268e-05
30.906520	-1.251526670e-05
30.911521	-2.904890626e-04
30.916521	2.080406831e-03
30.921521	-1.754696557e-04
30.926521	-2.277353716e-03
30.931522	1.976449554e-03
30.936522	1.316494562e-03
30.941522	7.045372117e-04
30.946522	-5.093905223e-04
30.951523	-2.995255680e-03
30.956523	-2.323790508e-04
30.961523	1.421552136e-03
30.966523	-1.456293731e-03
30.971524	-8.923089182e-04
30.976524	-2.893260218e-04
30.981524	8.676296239e-04
30.986524	9.816365805e-04
30.991525	4.376759087e-04
30.996525	-7.292541134e-04
31.001525	-3.167121608e-03
31.006525	1.928640277e-03
31.011526	2.195639719e-03
31.016526	-1.063187381e-03
31.021526	3.227570184e-04
31.026526	2.067753085e-04
31.031527	-6.721688645e-04
31.036527	-1.398120562e-03
31.041527	8.677805573e-04
31.046527	8.197955118e-04
31.051528	-6.141213495e-04
31.056528	-3.951195248e-04
31.061528	2.078634120e-04
31.066528	4.278651922e-04
31.071529	8.668562014e-04
31.076529	1.478838703e-03
31.081529	-7.770377077e-04
31.086529	-1.397994547e-03
31.091529	-1.789962648e-03
31.096530	1.029568456e-04
31.101530	2.969828428e-03
31.106530	4.849632944e-04
31.111530	-2.878858596e-03
31.116531	-3.369710188e-04
31.121531	2.749889750e-03
31.126531	1.641956887e-03
31.131531	-9.479030692e-04
31.136532	-1.560860278e-03
31.141532	9.307099387e-05
31.146532	8.770450665e-04
31.151532	-2.162792744e-03
31.156533	-5.088614645e-04
31.161533	4.271051377e-04
31.166533	-1.063808866e-03
31.171533	1.318086608e-03
31.176534	1.862072500e-03
31.181534	1.364109655e-03
31.186534	-5.087855475e-04
31.191534	1.929107180e-03
31.196535	-9.477386276e-04
31.201535	-1.838682131e-03
31.206535	1.421170167e-03
31.211535	-1.174666922e-05
31.216536	-2.496611752e-03
31.221536	4.852542287e-04
31.226536	1.022857466e-04
31.231536	-1.616617011e-03
31.236537	1.040264964e-03
31.241537	1.033237418e-04
31.246537	8.672988442e-04
31.251537	1.023491652e-04
31.256538	-1.617553532e-03
31.261538	2.563669728e-04
31.266538	1.872300172e-03
31.271538	-2.162488636e-03
31.276539	-4.035624677e-04
31.281539	9.823820523e-04
31.286539	-1.665474980e-03
31.291539	3.133301648e-03
31.296540	1.756382096e-03
31.301540	-2.496395975e-03
31.306540	-1.119451001e-03
31.311540	-1.164876262e-04
31.316541	9.824710280e-04
31.321541	5.905030315e-04
31.326541	-2.325340799e-03
31.331541	4.555528805e-05
31.336542	1.700486600e-03
31.341542	7.625454716e-04
31.346542	1.364528588e-03
31.351542	-2.162285174e-03
31.356543	-2.313674309e-04
31.361543	1.585555923e-03
31.366543	-2.496230531e-03
31.371543	-3.051190487e-03
31.376544	7.626346344e-04
31.381544	1.757598434e-03
31.386544	5.436709027e-04
31.391544	1.593632001e-03
31.396544	1.087669645e-03
31.401545	-1.893170954e-03
31.406545	-2.220142111e-03
31.411545	-1.168181103e-03
31.416545	1.260712169e-03
31.421546	1.861695368e-03
31.426546	1.607918113e-04
31.431546	-2.716053891e-03
31.436546	-9.571276519e-04
31.441547	1.699754414e-03
31.446547	1.097796803e-03
31.451547	1.317798758e-03
31.456547	-6.710906176e-04
31.461548	-1.388042565e-03
31.466548	3.138864918e-04
31.471548	3.718964243e-04
31.476548	-5.650446939e-04
31.481549	-3.940403160e-04
31.486549	1.593874680e-03
31.491549	1.317901052e-03
31.496549	-2.438901333e-03
31.501550	-4.029886920e-04
31.506550	1.203945055e-03
31.511550	-1.616903368e-03
31.516550	-5.079451183e-04
31.521551	1.537967039e-03
31.526551	-9.009001691e-04
31.531551	3.810495766e-04
31.536551	1.040760166e-04
31.541552	-2.878918841e-04
31.546552	4.610450309e-05
31.551552	-3.458633933e-04
31.556552	2.475010655e-03
31.561553	1.365078083e-03
31.566553	-1.258357436e-04
31.571553	-2.218719954e-03
31.576553	-2.878674656e-03
31.581554	3.086044739e-03
31.586554	1.146153008e-03
31.591554	-2.332663012e-03
31.596554	2.092247779e-04
31.601555	2.182371761e-04
31.606555	2.475138990e-03
31.611555	1.528198421e-03
31.616555	-2.438593582e-03
31.621556	-6.706677066e-04
31.626556	1.145255810e-03
31.631556	-9.466284246e-04
31.636556	-3.456451342e-04
31.641557	-2.228539646e-03
31.646557	2.763499848e-04
31.651557	2.035276316e-03
31.656557	-1.616531167e-03
31.661558	4.639989054e-05
31.666558	2.140309748e-03
31.671558	5.444011302e-04
31.676558	-2.381442058e-03
31.681559	-2.885321458e-04
31.686559	6.494345871e-04
31.691559	-1.167463151e-03
31.696559	4.864683640e-04
31.701560	-1.558418154e-03
31.706560	-2.276369949e-03
31.711560	9.834825678e-04
31.716560	1.816454478e-03
31.721560	2.255445773e-03
31.726561	-2.304190403e-04
31.731561	-1.502343572e-03
31.736561	1.365528238e-03
31.741561	1.758521804e-03
31.746562	-3.453617931e-04
31.751562	-3.165210166e-03
31.756562	-7.743148820e-04
31.761562	1.375592259e-03
31.766563	7.066380780e-04
31.771563	-6.222836336e-04
31.776563	-1.004251929e-03
31.781563	3.246956077e-04
31.786564	-2.312641242e-04
31.791564	3.147219349e-04
31.796564	-8.992054239e-04
31.801564	3.817444822e-04
31.806565	5.849488418e-03
31.811565	7.063441624e-03
31.816565	6.949460161e-03
31.821565	5.629538027e-03
31.826566	3.478656774e-03
31.831566	1.863749155e-03
31.836566	2.360737643e-03
31.841566	4.530643832e-03
31.846567	8.788364261e-04
31.851567	4.868686523e-04
31.856567	5.017658702e-03
31.861567	3.029769445e-03
31.866568	-1.386000370e-03
31.871568	3.694257860e-05
31.876568	2.417838402e-03
31.881568	2.695837680e-03
31.886569	1.519757840e-04
31.891569	1.097942205e-03
31.896569	1.480936324e-03
31.901569	-8.309369790e-04
31.906570	1.041983846e-03
31.911570	2.140942749e-03
31.916570	-1.003889571e-03
31.921570	-2.944781117e-03
31.926571	-2.878988519e-04
31.931571	1.271037429e-03
31.936571	-1.442816085e-03
31.941571	-4.598514642e-04
31.946572	2.101285557e-04
31.951572	2.101415370e-04
31.956572	1.538089192e-03
31.961572	4.871538788e-04
31.966573	-6.217785789e-04
31.971573	-1.003746798e-03
31.976573	3.145062090e-03
31.981573	2.313116011e-03
31.986574	-1.615677714e-03
31.991574	3.822369948e-04
31.996574	-3.437142925e-04
32.001574	-1.060666021e-03
32.006575	7.162595652e-04
32.011575	2.035207683e-03
32.016575	-1.246730531e-04
32.021575	-2.446545819e-03
32.026575	7.653091825e-04
32.031576	1.596281315e-03
32.036576	2.093625591e-04
32.041576	-1.726056337e-04
32.046576	1.205339595e-03
32.051577	3.153963964e-04
32.056577	-1.004525648e-03
32.061577	3.254219483e-04
32.066577	1.262388879e-03
32.071578	4.746167529e-05
32.076578	-1.166465576e-03
32.081578	1.090436425e-03
32.086578	1.524956008e-04
32.091579	1.625081429e-04
32.096579	9.284834967e-04
32.101579	-1.835367496e-03
32.106579	2.036455068e-03
32.111580	1.041517056e-03
32.116580	-3.547244153e-03
32.121580	-6.693726858e-04
32.126580	1.042556142e-03
32.131581	2.476498648e-03
32.136581	2.676203661e-04
32.141581	-3.443364753e-04
32.146581	3.256436194e-04
32.151582	2.106623325e-04
32.156582	1.146629345e-03
32.161582	3.726804806e-04
32.166582	-1.003238768e-03
32.171583	1.492651509e-03
32.176583	2.695605394e-03
32.181583	-1.812400100e-04
32.186583	8.797208646e-04
32.191584	2.752641796e-03
32.196584	-5.631820070e-04
32.201584	-1.663114820e-03
32.206584	2.678032632e-04
32.211585	-7.831319571e-04
32.216585	-2.055056304e-03
32.221585	7.648180522e-04
32.226585	-7.260955178e-04
32.231586	-2.112014251e-03
32.236586	9.848464838e-04
32.241586	4.398863823e-04
32.246586	4.888970618e-04
32.251587	1.090880539e-03
32.256587	-1.500978858e-03
32.261587	-5.703679809e-05
32.266587	2.371856809e-03
32.271588	2.589738527e-04
32.276588	4.309784920e-04
32.281588	7.169775251e-04
32.286588	-7.259383850e-04
32.291589	-9.549140140e-04
32.296589	4.880281077e-04
32.301589	5.450384130e-04
32.306589	-1.239155657e-04
32.311590	-1.059856408e-03
32.316590	-6.678625773e-04
32.321590	-5.058574304e-04
32.326590	1.042079536e-03
32.331590	-5.068311435e-04
32.336591	-2.389725391e-03
32.341591	1.435099568e-03
32.346591	3.366017700e-03
32.351591	-3.427867153e-04
32.356592	-1.394721836e-03
32.361592	-6.777439773e-04
32.366592	3.308073070e-03
32.371592	2.199140759e-03
32.376593	-2.494615193e-03
32.381593	1.214215486e-03
32.386593	9.292426447e-04
32.391593	-3.602521271e-03
32.396594	-8.316444440e-04
32.401594	1.043276462e-03
32.406594	1.425270816e-03
32.411594	1.533465365e-04
32.416595	-2.665501639e-03
32.421595	-1.662537830e-03
32.426595	-8.606043324e-06
32.431595	4.188200646e-03
32.436596	1.319354937e-03
32.441596	-1.280504004e-03
32.446596	-6.105238043e-04
32.451596	-2.273428836e-03
32.456597	-1.949431612e-03
32.461597	4.314644223e-04
32.466597	7.094639119e-04
32.471597	-7.824495249e-04
32.476598	-7.264391111e-04
32.481598	3.825195039e-04
32.486598	1.540475710e-03
32.491598	1.425494541e-03
32.496599	3.265617794e-04
32.501599	-1.719324394e-03
32.506599	-2.446275452e-03
32.511599	1.205558074e-03
32.516600	2.314516700e-03
32.521600	-1.442285297e-03
32.526600	-1.939247663e-03
32.531600	1.043618780e-03
32.536601	1.597604715e-03
32.541601	-8.303090678e-06
32.546601	-1.060238148e-03
32.551601	8.706800530e-04
32.556602	7.097011678e-04
32.561602	-5.052258661e-04
32.566602	2.687492562e-04
32.571602	-3.902051259e-04
32.576603	1.367721593e-03
32.581603	-3.431810342e-04
32.586603	-2.876043223e-03
32.591603	2.118180738e-04
32.596604	9.867931565e-04
32.601604	-2.281338647e-04
32.606604	-1.232071264e-03
32.611604	1.367814046e-03
32.616605	1.263832376e-03
32.621605	1.321842738e-03
32.626605	1.434850396e-03
32.631605	-2.436945909e-03
32.636606	-5.620249264e-04
32.641606	-2.270281845e-04
32.646606	8.139338286e-04
32.651606	9.279414454e-04
32.656606	-1.164942367e-03
32.661607	-2.849724289e-04
32.666607	-2.435853385e-03
32.671607	-8.399186662e-04
32.676607	4.310320418e-04
32.681608	1.650583613e-04
32.686608	3.644900405e-03
32.691608	-1.614827602e-03
32.696608	-2.006795079e-03
32.701609	1.599040770e-03
32.706609	3.841137817e-04
32.711609	-1.228480340e-04
32.716609	-1.001791548e-03
32.721610	7.661347244e-04
32.726610	-5.627866498e-04
32.731610	-1.001751805e-03
32.736610	7.671744236e-04
32.741611	1.598146796e-03
32.746611	-3.417445147e-04
32.751611	-1.707396712e-04
32.756611	-7.256991120e-04
32.761612	-5.616939212e-04
32.766612	2.210182975e-03
32.771612	2.258193875e-03
32.776612	-1.115626884e-03
32.781613	-2.550543027e-03
32.786613	4.848106258e-03
32.791613	2.257246986e-03
32.796613	-2.263517343e-03
32.801614	5.038209448e-05
32.806614	-3.425853006e-04
32.811614	1.483338146e-03
32.816614	-1.215696240e-04
32.821615	-9.545153697e-04
32.826615	3.834320876e-04
32.831615	-3.895166068e-04
32.836615	1.044426131e-03
32.841616	4.894667154e-04
32.846616	-2.168389245e-03
32.851616	-5.614550137e-04
32.856616	2.315416744e-03
32.861617	-2.274448695e-04
32.866617	-1.124372372e-04
32.871617	2.695572619e-04
32.876617	-1.728331158e-03
32.881618	8.245565459e-04
32.886618	1.484537374e-03
32.891618	-3.423594536e-04
32.896618	3.471466222e-03
32.901619	3.472479472e-03
32.906619	4.416418777e-04
32.911619	-7.242874605e-04
32.916619	-1.278246904e-03
32.921620	-2.272853004e-04
32.926620	3.746983920e-04
32.931620	-4.462479122e-04
32.936620	3.277273218e-04
32.941621	3.356591626e-03
32.946621	-2.158123760e-03
32.951621	-1.048165051e-03
32.956621	1.426726511e-03
32.961621	-1.221839724e-04
32.966622	9.867747903e-04
32.971622	2.363720371e-03
32.976622	1.321784951e-03
32.981622	-2.181259695e-04
32.986623	8.777444812e-03
32.991623	1.065136595e-02
32.996623	5.078653429e-03
33.001623	6.684587752e-03
33.006624	6.014634041e-03
33.011624	3.194786096e-03
33.016624	3.204798936e-03
33.021624	-3.890109304e-04
33.026625	-1.172959028e-03
33.031625	4.188790534e-03
33.036625	4.247800968e-03
33.041625	-2.269655532e-04
33.046626	-8.399220577e-04
33.051626	7.680121809e-04
33.056626	1.218003387e-03
33.061626	-6.098933440e-04
33.066627	1.483017040e-03
33.071627	2.803965402e-03
33.076627	-7.228477449e-04
33.081627	1.217070170e-03
33.086628	-5.618289648e-04
33.091628	4.321354893e-04
33.096628	8.721271977e-04
33.101628	-3.987969229e-04
33.106629	-9.427568057e-04
33.111629	-2.837758666e-04
33.116629	1.876131235e-03
33.121629	1.599158221e-03
33.126630	1.312185701e-03
33.131630	-1.554659899e-03
33.136630	1.217217101e-03
33.141630	7.672526035e-04
33.146631	-9.536493683e-04
33.151631	1.542241213e-03
33.156631	9.972813928e-04
33.161631	-1.718571628e-03
33.166632	-6.363967083e-05
33.171632	-8.955853690e-04
33.176632	-1.392547546e-03
33.181632	-1.089406674e-02
33.186633	-3.433390022e-02
33.191633	-2.156251514e-02
33.196633	2.211328673e-03
33.201633	-5.035243871e-04
33.206634	-2.329421178e-03
33.211634	-1.680169582e-02
33.216634	-3.918958105e-02
33.221634	-1.692566295e-02
33.226635	1.752431556e-03
33.231635	1.101476969e-03
33.236635	2.431424932e-03
33.241635	-5.588167147e-03
33.246636	-4.154224298e-03
33.251636	-2.183934087e-02
33.256636	-3.272779181e-02
33.261636	-8.905950348e-03
33.266636	-7.713371378e-04
33.271637	-6.083317578e-04
33.276637	-1.730749683e-02
33.281637	-3.621655319e-02
33.286637	-1.051180435e-02
33.291638	-1.392462305e-02
33.296638	-3.775543727e-02
33.301638	-2.676196469e-02
33.306638	-3.554651912e-02
33.311639	-4.593699455e-02
33.316639	-4.173218800e-02
33.321639	-4.388306877e-02
33.326639	-4.659692185e-02
33.331640	-4.466600343e-02
33.336640	-4.571693831e-02
33.341640	-4.295506077e-02
33.346640	-4.173210751e-02
33.351641	-3.173258603e-02
33.356641	-2.112209460e-02
33.361641	-3.958117307e-02
33.366641	-1.967913874e-02
33.371642	-6.080635332e-04
33.376642	-4.096878474e-03
33.381642	1.342427299e-02
33.386642	3.299232375e-02
33.391643	1.481023166e-02
33.396643	-1.000977069e-03
33.401643	1.054746823e-02
33.406643	3.376633939e-02
33.411644	2.568875021e-02
33.416644	2.584900250e-03
33.421644	2.232394261e-02
33.426644	3.841116462e-02
33.431645	1.248845335e-02
33.436645	5.901790821e-03
33.441645	3.287647722e-02
33.446645	2.520186822e-02
33.451646	5.194865921e-03
33.456646	4.916893039e-03
33.461646	2.087045699e-03
33.466646	7.229806143e-03
33.471647	3.116664200e-02
33.476647	2.309905234e-02
33.481647	3.034052899e-03
33.486647	2.365099259e-03
33.491648	3.254068976e-03
33.496648	1.092371406e-04
33.501648	1.438185215e-03
33.506648	-1.057678545e-03
33.511649	5.519011366e-03
33.516649	3.454059709e-02
33.521649	2.652100507e-02
33.526649	1.543247330e-03
33.531650	1.364466545e-02
33.536650	3.541960768e-02
33.541650	2.045035757e-02
33.546650	8.062980434e-03
33.551651	2.983792267e-02
33.556651	2.624311298e-02
33.561651	7.345056149e-03
33.566651	2.542118035e-02
33.571651	3.392977523e-02
33.576652	1.718261259e-02
33.581652	3.458876975e-02
33.586652	2.929204380e-02
33.591652	4.859259262e-03
33.596653	5.912220935e-03
33.601653	2.979005972e-02
33.606653	3.303991332e-02
33.611653	8.723123079e-03
33.616654	2.040465315e-03
33.621654	-1.774333534e-03
33.626654	1.380524741e-03
33.631654	2.235951386e-04
33.636655	-1.009330724e-03
33.641655	1.648552003e-03
33.646655	3.296303730e-04
33.651655	2.872518760e-03
33.656656	7.116385523e-04
33.661656	-1.784225174e-03
33.666656	2.374583719e-03
33.671656	5.271143504e-05
33.676657	-1.171214862e-03
33.681657	4.337196739e-04
33.686657	-2.722321035e-04
33.691657	2.489645518e-03
33.696658	-1.784130736e-03
33.701658	-3.541030808e-03
33.706658	8.837650083e-04
33.711658	4.338006426e-04
33.716659	-9.411182183e-04
33.721659	1.094795124e-03
33.726659	9.308166916e-04
33.731659	-2.161133824e-04
33.736660	-2.592883493e-02
33.741660	-3.648230224e-02
33.746660	-3.876892776e-03
33.751660	1.198871024e-03
33.756661	-7.795672976e-03
33.761661	-2.653073778e-02
33.766661	-3.410135183e-02
33.771661	-8.073618776e-03
33.776662	-5.033754813e-03
33.781662	-3.421630565e-02
33.786662	-2.863456673e-02
33.791662	-3.158806514e-03
33.796663	-2.939803773e-03
33.801663	-5.393222941e-05
33.806663	5.307602294e-05
33.811663	-2.049807007e-03
33.816664	-1.668812231e-03
33.821664	3.301029502e-04
33.826664	-1.437796556e-03
33.831664	-2.442733596e-03
33.836665	1.259354021e-02
33.841665	3.547842789e-02
33.846665	2.039418350e-02
33.851665	7.691624876e-04
33.856666	4.917971910e-03
33.861666	2.574696074e-02
33.866666	2.950378945e-02
33.871666	6.572931078e-03
33.876667	5.024020807e-03
33.881667	2.097178326e-03
33.886667	-5.016802900e-04
33.891667	3.533134747e-03
33.896667	2.464810952e-02
33.901668	2.995286208e-02
33.906668	7.508979756e-03
33.911668	5.138109929e-03
33.916668	3.924183186e-03
33.921669	-6.165798901e-04
33.926669	2.508716914e-02
33.931669	3.393074761e-02
33.936669	9.172979126e-03
33.941670	1.103389656e-03
33.946670	3.312294530e-03
33.951670	2.685714977e-02
33.956670	2.961902744e-02
33.961671	1.049198195e-02
33.966671	3.809324257e-03
33.971671	1.375984828e-02
33.976671	3.194196735e-02
33.981672	1.525180198e-02
33.986672	1.649484705e-03
33.991672	5.023332276e-03
33.996672	4.087391872e-03
34.001673	-4.433716823e-04
34.006673	-1.683716581e-04
34.011673	3.206178395e-04
34.016673	-5.013281697e-04
34.021674	4.087459637e-03
34.026674	8.756312017e-04
34.031674	-1.878219764e-03
34.036674	1.429631063e-03
34.041675	1.046663462e-03
34.046675	1.219668510e-03
34.051675	8.187017966e-04
34.056675	-3.045094560e-03
34.061676	-2.652100331e-03
34.066676	-7.306857775e-03
34.071676	-2.869179217e-02
34.076676	-2.647288776e-02
34.081677	-4.037977895e-03
34.086677	3.298207941e-04
34.091677	1.161793432e-03
34.096677	3.035714811e-03
34.101678	-1.228061861e-03
34.106678	-6.150784479e-04
34.111678	-3.539920988e-03
34.116678	-4.650852764e-03
34.121679	-5.032820401e-03
34.126679	-2.730371120e-02
34.131679	-2.625374928e-02
34.136679	-5.309766056e-03
34.141680	-3.769828239e-03
34.146680	-1.331934597e-03
34.151680	2.653882894e-03
34.156680	2.872885698e-03
34.161681	2.160299817e-04
34.166681	-3.321782394e-03
34.171681	-4.974687499e-03
34.176681	-8.928747260e-04
34.181682	-1.039539366e-02
34.186682	-2.746654025e-02
34.191682	-1.968590944e-02
34.196682	-4.649635580e-03
34.201682	7.131141799e-04
34.206683	5.316023171e-05
34.211683	-2.259712399e-03
34.216683	-1.389741612e-03
34.221683	1.021985786e-04
34.226684	-1.087774543e-04
34.231684	-6.176617842e-05
34.236684	-4.037556997e-03
34.241684	-3.320578679e-03
34.246685	-1.723643651e-03
34.251685	-3.980519031e-03
34.256685	-2.652570768e-03
34.261685	-3.100535137e-03
34.266686	4.943016066e-04
34.271686	1.764252725e-03
34.276686	7.703152176e-04
34.281686	2.816228163e-03
34.286687	1.430309941e-03
34.291687	2.262282609e-03
34.296687	3.428238847e-03
34.301687	2.491298539e-03
34.306688	-1.218505355e-03
34.311688	1.535372766e-03
34.316688	3.419293686e-03
34.321688	-3.263363955e-03
34.326689	-1.667428866e-03
34.331689	5.914211753e-03
34.336689	1.525376589e-02
34.341689	1.436382328e-02
34.346690	1.601464734e-03
34.351690	-3.425274366e-03
34.356690	9.915219528e-04
34.361690	-1.084388219e-02
34.366691	-1.851949098e-02
34.371691	-3.923195442e-03
34.376691	8.855815961e-04
34.381691	-3.361062276e-06
34.386692	2.636394126e-04
34.391692	-6.143037855e-04
34.396692	-1.083150665e-04
34.401692	-9.402605263e-04
34.406693	-5.002685592e-04
34.411693	2.921576714e-03
34.416693	-1.829175955e-03
34.421693	-2.651121904e-03
34.426694	1.430690903e-03
34.431694	5.130522504e-03
34.436694	2.111374982e-02
34.441694	2.420961113e-02
34.446695	8.456399737e-03
34.451695	1.984731733e-03
34.456695	5.988135333e-04
34.461695	1.822766940e-03
34.466696	3.753685567e-03
34.471696	9.338379124e-04
34.476696	-1.265040291e-03
34.481696	-9.400426572e-04
34.486697	-2.382490320e-02
34.491697	-3.278144895e-02
34.496697	-5.537775599e-03
34.501697	1.660883883e-03
34.506697	-1.493947288e-03
34.511698	-2.268895538e-03
34.516698	3.319901357e-04
34.521698	1.153963325e-03
34.526698	-2.229553092e-04
34.531699	-5.095014307e-05
34.536699	-1.388870695e-03
34.541699	9.340286580e-04
34.546699	8.860446483e-04
34.551700	-2.488775695e-03
34.556700	-1.713800190e-03
34.561700	-4.998462794e-04
34.566700	1.096088840e-03
34.571701	8.122756791e-03
34.576701	2.133312053e-02
34.581701	2.027218636e-02
34.586701	7.567824992e-03
34.591702	4.585985320e-03
34.596702	2.874083173e-03
34.601702	3.312219068e-04
34.606702	5.522246707e-04
34.611703	9.912167111e-04
34.616703	-1.943625270e-03
34.621703	2.172820607e-04
34.626703	-3.376769993e-04
34.631704	2.743065328e-04
34.636704	3.984137665e-03
34.641704	1.708263268e-03
34.646704	2.743474508e-04
34.651705	1.268312193e-03
34.656705	1.431317816e-03
34.661705	-1.770511026e-03
34.666705	-1.665502550e-03
34.671706	2.043328635e-03
34.676706	-1.819467689e-03
34.681706	4.944321216e-04
34.686706	3.649290561e-03
34.691707	-4.951382899e-05
34.696707	6.574650363e-04
34.701707	-2.440368918e-03
34.706707	-3.817287533e-03
34.711708	1.650457125e-03
34.716708	1.709467869e-03
34.721708	-1.655352948e-03
34.726708	1.603500379e-03
34.731709	6.095629252e-04
34.736709	-1.054341569e-03
34.741709	-2.379670652e-06
34.746709	-1.173603638e-04
34.751710	-1.173467137e-04
34.756710	1.709577061e-03
34.761710	2.205566312e-03
34.766710	-4.422897729e-04
34.771711	7.246664705e-04
34.776711	-6.622516461e-04
34.781711	-1.829180585e-03
34.786711	1.594664631e-03
34.791712	2.923612907e-03
34.796712	-3.042079952e-03
34.801712	-6.186911585e-03
34.806712	3.897785260e-04
34.811713	-1.111133980e-03
34.816713	-6.856837659e-03
34.821713	-1.879523669e-02
34.826713	-2.702481817e-02
34.831713	-9.398671640e-03
34.836714	-1.388052070e-03
34.841714	-2.324992318e-03
34.846714	1.268844540e-03
34.851714	9.918718255e-04
34.856715	-1.827975790e-03
34.861715	-6.610195394e-04
34.866715	-2.210275245e-04
34.871715	-1.608945584e-03
34.876716	-1.660029091e-04
34.881716	-4.899500353e-05
34.886716	6.109861905e-04
34.891716	-2.047869343e-03
34.896717	1.030385048e-04
34.901717	-1.942667236e-06
34.906717	-8.908852714e-04
34.911717	1.317019773e-03
34.916718	1.221038160e-03
34.921718	1.222051775e-03
34.926718	-2.161768091e-03
34.931718	-2.162754377e-03
34.936719	4.371313861e-04
34.941719	-1.769746379e-03
34.946719	-2.649689423e-03
34.951719	-9.967570729e-04
34.956720	-3.098640002e-03
34.961720	-1.127122428e-02
34.966720	-1.923381889e-02
34.971720	-2.023775583e-02
34.976721	-9.178286237e-03
34.981721	4.041077097e-03
34.986721	5.528684979e-05
34.991721	-2.831557460e-03
34.996722	-1.435612465e-03
35.001722	8.735900812e-03
35.006722	2.602806378e-02
35.011722	1.890542786e-02
35.016723	5.695091419e-03
35.021723	2.092282333e-03
35.026723	4.383773704e-04
35.031723	1.547336487e-03
35.036724	5.523991059e-04
35.041724	-6.045303052e-04
35.046724	1.767366681e-03
35.051724	1.260405295e-03
35.056725	-1.330453572e-03
35.061725	-1.215445556e-03
35.066725	4.954839480e-04
35.071725	2.765083953e-04
35.076726	-4.414426096e-04
35.081726	5.554661592e-05
35.086726	3.815442538e-04
35.091726	1.269514245e-03
35.096727	5.558764141e-05
35.101727	-2.203851055e-04
35.106727	6.105876909e-04
35.111727	-1.493295130e-03
35.116728	2.369528513e-03
35.121728	2.426539386e-03
35.126728	-3.654147793e-03
35.131728	-2.161207562e-03
35.136728	-2.037199984e-03
35.141729	-1.210369108e-02
35.146729	-2.780790482e-02
35.151729	-1.818236468e-02
35.156729	5.527273183e-04
35.161730	-1.654150433e-03
35.166730	-1.215158350e-03
35.171730	7.157603369e-04
35.176730	6.007796736e-04
35.181731	-3.361605526e-04
35.186731	-9.951144543e-04
35.191731	1.441779342e-03
35.196731	-1.760049461e-03
35.201732	-1.161166538e-04
35.206732	4.388697248e-04
35.211732	-2.715961390e-03
35.216732	2.759051056e-04
35.221733	-4.806527427e-05
35.226733	8.009552008e-03
35.231733	1.784608178e-02
35.236733	1.359230473e-02
35.241734	1.139342658e-02
35.246734	5.141747823e-03
35.251734	-1.722900782e-03
35.256734	-1.639637917e-04
35.261735	4.400201787e-04
35.266735	4.390339111e-04
35.271735	3.330528091e-04
35.276735	-2.160810819e-03
35.281736	8.310556783e-04
35.286736	3.707927833e-03
35.291736	-1.884783345e-03
35.296736	-1.051810638e-03
35.301737	4.971268458e-04
35.306737	-1.607755918e-03
35.311737	-1.214761566e-03
35.316737	2.045091749e-03
35.321738	7.731680081e-04
35.326738	-2.266668759e-03
35.331738	1.882140824e-03
35.336738	2.992099905e-03
35.341739	4.358046393e-03
35.346739	4.970029972e-03
35.351739	2.292768833e-04
35.356739	-3.356816364e-04
35.361740	1.260253538e-03
35.366740	5.533020036e-04
35.371740	2.495220157e-03
35.376740	3.039207083e-03
35.381741	-2.161523377e-03
35.386741	-2.206051738e-04
35.391741	-8.325613805e-04
35.396741	3.823925370e-04
35.401742	1.515167964e-02
35.406742	2.470922314e-02
35.411742	1.403176211e-02
35.416742	4.922223950e-03
35.421743	4.588254068e-03
35.426743	3.144338791e-03
35.431743	1.881414610e-03
35.436743	1.930425887e-03
35.441743	3.317371344e-03
35.446744	2.195374332e-04
35.451744	-1.549361856e-03
35.456744	8.315347036e-04
35.461744	9.365432268e-04
35.466745	-7.743589151e-04
35.471745	-1.386315120e-03
35.476745	-3.696133056e-07
35.481745	5.664127145e-05
35.486746	1.385589582e-03
35.491746	3.593494653e-03
35.496746	9.663209739e-03
35.501746	1.309605455e-02
35.506747	9.454247398e-03
35.511747	7.245369755e-03
35.516747	7.025394267e-03
35.521747	3.479582395e-03
35.526748	-1.051181021e-03
35.531748	1.147753093e-04
35.536748	8.787514151e-04
35.541748	2.767947188e-04
35.546749	-8.679750968e-03
35.551749	-2.482494300e-02
35.556749	-1.878422649e-02
35.561749	-1.654055531e-03
35.566750	9.948278457e-04
35.571750	9.938415845e-04
35.576750	6.598717047e-04
35.581750	-1.491008791e-03
35.586751	-1.110013844e-03
35.591751	2.599817339e-03
35.596751	1.051907180e-03
35.601751	-3.488855744e-03
35.606752	-1.815924355e-03
35.611752	0.000000000e+00
