expfull_T9_run06
8038	0
0.000000	0.000000000e+00
0.005000	-6.603637067e-04
0.010000	-2.820663865e-03
0.015001	2.933700653e-03
0.020001	9.353936315e-04
0.025001	8.770044213e-04
0.030001	5.464757866e-05
0.035001	-1.932659908e-03
0.040002	1.325810356e-03
0.045002	5.504515237e-04
0.050002	-1.112869688e-03
0.055002	-7.302775784e-04
0.060003	-1.276646111e-03
0.065003	4.338897380e-04
0.070003	5.494931609e-04
0.075003	1.160075614e-03
0.080003	2.137240307e-04
0.085004	-2.167566757e-03
0.090004	1.923868224e-03
0.095004	3.855417247e-04
0.100004	8.241314694e-04
0.105004	2.591664911e-03
0.110005	-3.164482886e-03
0.115005	-1.891928470e-03
0.120005	2.205903592e-04
0.125005	-1.281737658e-03
0.130006	2.302718813e-03
0.135006	1.700352670e-03
0.140006	-1.443905778e-03
0.145006	-1.330302251e-03
0.150006	5.422267555e-04
0.155007	1.306802705e-03
0.160007	-1.446472300e-03
0.165007	1.600679816e-04
0.170007	1.535618052e-03
0.175007	-1.285654067e-03
0.180008	-5.680761159e-04
0.185008	9.794666737e-04
0.190008	3.091034327e-04
0.195008	1.036680967e-03
0.200008	-3.396523595e-04
0.205009	-2.950933362e-03
0.210009	-1.460388145e-03
0.215009	2.641046456e-03
0.220009	1.483703862e-03
0.225010	3.063621176e-04
0.230010	1.357925943e-03
0.235010	-1.776332887e-03
0.240010	-1.451738256e-03
0.245010	1.299753556e-03
0.250011	8.593806019e-04
0.255011	6.969958734e-04
0.260011	-2.036533915e-05
0.265011	-1.454696172e-03
0.270011	3.708348854e-04
0.275012	1.689387426e-03
0.280012	-8.538964142e-04
0.285012	-1.513260068e-03
0.290012	3.122710033e-04
0.295012	-1.294052523e-03
0.300013	1.850422675e-03
0.305013	6.350825904e-04
0.310013	-1.793206101e-03
0.315013	-6.266470927e-04
0.320014	-2.128975007e-03
0.325014	-7.424253117e-04
0.330014	-1.308427792e-04
0.335014	1.961677014e-03
0.340014	1.685297175e-03
0.345015	3.549619934e-04
0.350015	-2.741334648e-05
0.355015	-1.240753476e-03
0.360015	-3.531826122e-04
0.365015	1.184360719e-03
0.370016	-2.589696542e-04
0.375016	-1.405312605e-03
0.380016	-2.976239790e-05
0.385016	2.292747694e-03
0.390017	-1.961463571e-03
0.395017	-2.190845353e-03
0.400017	1.899589850e-03
0.405017	-4.717011753e-04
0.410017	1.516823090e-03
0.415018	8.564595868e-04
0.420018	-1.638826170e-03
0.425018	-2.052783771e-04
0.430018	7.502896719e-04
0.435018	-3.406855766e-05
0.440019	-6.464340689e-04
0.445019	-1.498465584e-04
0.450019	1.847478206e-04
0.455019	6.333373754e-04
0.460019	9.009346038e-04
0.465020	-3.704029615e-04
0.470020	-2.302712518e-03
0.475020	-2.001930135e-04
0.480020	-3.145795791e-04
0.485021	-8.119499128e-04
0.490021	1.070578929e-03
0.495021	-2.017585598e-04
0.500021	-4.311402299e-04
0.505021	1.834372403e-03
0.510022	1.126011039e-03
0.515022	-9.192936774e-04
0.520022	-8.146894734e-04
0.525022	-1.428054845e-03
0.530022	5.124715885e-04
0.535023	1.067056747e-03
0.540023	-8.732523862e-04
0.545023	-8.746436597e-04
0.550023	5.109063121e-04
0.555024	5.695125097e-04
0.560024	9.501050722e-04
0.565024	-3.792299133e-04
0.570024	7.293318205e-04
0.575024	6.719429595e-04
0.580025	-3.247282278e-03
0.585025	6.711604284e-04
0.590025	-1.611955784e-04
0.595025	-7.635613222e-04
0.600025	1.281960757e-03
0.605026	-4.293579893e-04
0.610026	-6.017419289e-04
0.615026	-3.831424261e-04
0.620026	1.050405610e-03
0.625026	-8.239062014e-04
0.630027	-9.852905775e-04
0.635027	-4.317052374e-04
0.640027	3.888687986e-04
0.645027	3.534344342e-03
0.650028	-3.137764161e-03
0.655028	-2.479183238e-03
0.660028	2.987193998e-03
0.665028	5.292715587e-05
0.670028	-2.547353828e-03
0.675029	-5.978275683e-04
0.680029	3.655601089e-03
0.685029	1.715292168e-03
0.690029	-2.319927989e-03
0.695029	-3.894008914e-04
0.700030	1.877111980e-03
0.705030	-6.091737768e-04
0.710030	9.383695719e-04
0.715030	7.749854169e-04
0.720031	-1.825295484e-03
0.725031	-2.287541859e-04
0.730031	-2.102065870e-03
0.735031	-1.319490068e-03
0.740031	9.350233799e-04
0.745032	6.016464793e-04
0.750032	2.160189432e-03
0.755032	1.374831698e-03
0.760032	-1.744936589e-04
0.765032	-2.096803204e-03
0.770033	-7.202525053e-04
0.775033	-6.067142071e-05
0.780033	-2.048978142e-03
0.785033	1.373485904e-03
0.790033	1.429092606e-03
0.795034	-1.334181254e-03
0.800034	7.123411158e-04
0.805034	-1.276965516e-03
0.810034	-1.449349117e-03
0.815035	1.533133628e-03
0.820035	1.206756570e-03
0.825035	-5.045618007e-04
0.830035	-3.419595551e-04
0.835035	-1.223597144e-04
0.840036	-1.002713261e-03
0.845036	4.878327524e-04
0.850036	1.424402247e-03
0.855036	1.319015897e-03
0.860036	9.836393010e-04
0.865037	-7.366786080e-04
0.870037	-2.218006632e-03
0.875037	5.434855965e-04
0.880037	9.311391420e-05
0.885037	-5.662489031e-04
0.890038	-1.618595060e-03
0.895038	-3.000416556e-04
0.900038	3.027426647e-03
0.905038	-7.083279770e-05
0.910039	-1.457164762e-03
0.915039	6.553550477e-04
0.920039	1.479858662e-04
0.925039	-2.233303911e-03
0.930039	-1.507725307e-03
0.935040	1.695748325e-03
0.940040	-8.475345556e-04
0.945040	-1.067915841e-03
0.950040	2.745531983e-03
0.955040	-4.577229027e-04
0.960041	-2.732017134e-03
0.965041	-6.304967469e-04
0.970041	2.083997682e-03
0.975041	1.415635446e-03
0.980042	-2.956825918e-04
0.985042	-1.128037857e-03
0.990042	-1.129428316e-03
0.995042	-6.808378278e-04
1.000042	7.437113233e-04
1.005043	3.033394984e-04
1.010043	-1.617969571e-03
1.015043	3.035585605e-04
1.020043	1.134132925e-03
1.025043	1.362732806e-03
1.030044	8.239662879e-05
1.035044	-1.848911956e-03
1.040044	-1.238328222e-03
1.045044	-3.017582865e-04
1.050044	-6.941320346e-04
1.055045	3.004354685e-04
1.060045	2.019972269e-03
1.065045	2.506568964e-04
1.070045	-5.806982027e-04
1.075046	1.928787141e-04
1.080046	1.129448738e-03
1.085046	3.550912628e-04
1.090046	-9.742426866e-04
1.095046	-2.131583910e-03
1.100047	-2.906323226e-05
1.105047	1.905372331e-04
1.110047	-4.108275060e-04
1.115047	2.837644660e-03
1.120047	-2.026167225e-04
1.125048	-8.519793881e-04
1.130048	8.359081007e-05
1.135048	-2.583686335e-03
1.140048	-1.461797426e-04
1.145049	1.296369017e-03
1.150049	-1.084920204e-03
1.155049	-2.413254021e-03
1.160049	4.001084137e-03
1.165049	3.388720013e-03
1.170050	-2.586416889e-03
1.175050	-1.525851863e-03
1.180050	-5.892815697e-04
1.185050	-8.096622449e-04
1.190050	5.178915120e-04
1.195051	-2.084676978e-04
1.200051	1.790057660e-03
1.205051	2.448639803e-03
1.210051	-2.532539098e-03
1.215051	-1.911955317e-03
1.220052	8.985356977e-04
1.225052	1.731765322e-04
1.230052	-1.090159826e-03
1.235052	1.174354364e-03
1.240053	-2.084897402e-03
1.245053	-5.943503915e-04
1.250053	1.000192228e-03
1.255053	-5.381324051e-04
1.260053	3.994380789e-04
1.265054	-1.590867375e-03
1.270054	1.181625398e-03
1.275054	2.224191479e-03
1.280054	-2.150949076e-04
1.285054	-9.324542325e-04
1.290055	-1.869804222e-03
1.295055	-2.539165549e-03
1.300055	-5.986374358e-04
1.305055	2.392846167e-03
1.310056	1.724484843e-03
1.315056	2.168188950e-06
1.320056	-3.332072109e-04
1.325056	-9.255717070e-04
1.330056	-6.009750366e-04
1.335057	8.325746662e-04
1.340057	-9.267403415e-04
1.345057	1.500767282e-03
1.350057	4.484223536e-04
1.355057	-1.434887352e-03
1.360058	1.662591934e-03
1.365058	2.762612047e-04
1.370058	-1.550050867e-03
1.375058	-1.321449985e-03
1.380058	-6.638672606e-04
1.385059	-2.712732930e-04
1.390059	1.498262354e-03
1.395059	-3.290495938e-04
1.400059	-1.543387495e-03
1.405060	2.731462106e-04
1.410060	-1.773156408e-03
1.415060	-9.425808969e-04
1.420060	2.545882024e-03
1.425060	6.635725071e-04
1.430061	-2.157697211e-03
1.435061	-1.212126503e-03
1.440061	-3.315530249e-04
1.445061	-6.495351681e-05
1.450061	1.099607964e-03
1.455062	-3.817184378e-04
1.460062	-3.911071848e-04
1.465062	-1.892432705e-03
1.470062	1.596030388e-03
1.475062	1.710636440e-03
1.480063	-2.543572394e-03
1.485063	-1.110022187e-03
1.490063	6.005163024e-04
1.495063	2.263056843e-03
1.500064	1.597569512e-04
1.505064	-2.316154530e-04
1.510064	-9.489740280e-04
1.515064	-3.383888466e-04
1.520064	-4.437733133e-04
1.525065	-1.668110355e-03
1.530065	1.371371975e-03
1.535065	3.290272595e-04
1.540065	-3.403332400e-04
1.545065	6.432362484e-04
1.550066	-1.781177746e-04
1.555066	-8.374786424e-04
1.560066	-4.568835520e-04
1.565066	-2.272820457e-04
1.570067	-7.680097069e-06
1.575067	1.749856712e-03
1.580067	-5.724336084e-04
1.585067	-1.337789873e-03
1.590067	2.097558892e-04
1.595068	-1.003581358e-03
1.600068	-2.870003516e-04
1.605068	-1.071355735e-03
1.610068	9.261710387e-04
1.615068	-5.091567266e-04
1.620069	-1.790490997e-03
1.625069	1.249991648e-03
1.630069	6.466286920e-04
1.635069	-1.390673492e-03
1.640069	-5.680968218e-04
1.645070	2.414388358e-03
1.650070	1.698030268e-03
1.655070	-7.402548488e-04
1.660070	-1.898594174e-03
1.665071	-2.506193175e-05
1.670071	1.303493419e-03
1.675071	-1.726766537e-03
1.680071	-5.712038168e-04
1.685071	1.187333377e-03
1.690072	-1.574937873e-03
1.695072	3.635917349e-04
1.700072	-7.577789081e-05
1.705072	1.538241611e-04
1.710072	2.584315291e-04
1.715073	-4.679258767e-04
1.720073	1.426600951e-04
1.725073	-1.243669308e-03
1.730073	-2.500995214e-04
1.735074	-3.554831540e-04
1.740074	3.041008243e-04
1.745074	1.469663386e-03
1.750074	7.523057438e-04
1.755074	-9.690093427e-04
1.760075	-1.026394905e-03
1.765075	6.941442280e-04
1.770075	1.410725917e-03
1.775075	1.293922737e-04
1.780075	-8.198667972e-05
1.785076	-1.296323119e-03
1.790076	-5.217438025e-04
1.795076	8.058121072e-04
1.800076	-5.895165999e-04
1.805076	2.392969237e-03
1.810077	2.506722205e-04
1.815077	-3.621551482e-03
1.820077	2.968947656e-04
1.825077	-1.136432224e-03
1.830078	-3.628526922e-04
1.835078	1.347687164e-03
1.840078	-1.300588285e-03
1.845078	9.079305173e-04
1.850078	1.452519838e-03
1.855079	-1.416746182e-03
1.860079	-3.651782969e-04
1.865079	1.894106667e-04
1.870079	-5.279464583e-04
1.875079	7.364055856e-05
1.880080	2.932437815e-04
1.885080	3.498539325e-04
1.890080	-2.088430192e-03
1.895080	1.955011092e-03
1.900080	-2.532827307e-04
1.905081	-4.574487012e-03
1.910081	1.456870117e-03
1.915081	2.173452442e-03
1.920081	-5.988173958e-04
1.925082	-2.912106657e-03
1.930082	-8.685804818e-04
1.935082	1.396936311e-03
1.940082	1.120560820e-03
1.945082	1.722148156e-03
1.950083	-7.061361179e-04
1.955083	-1.424492813e-03
1.960083	-4.299220579e-04
1.965083	-1.204276334e-03
1.970083	-1.205663336e-03
1.975084	1.508834621e-03
1.980084	2.387410384e-03
1.985084	-3.987376728e-05
1.990084	-1.473200007e-03
1.995085	-1.045605065e-03
2.000085	-5.970109897e-04
2.005085	2.845647655e-04
2.010085	-1.761735409e-03
2.015085	-6.551691380e-04
2.020086	2.050329414e-03
2.025086	3.216893191e-03
2.030086	-2.146266360e-03
2.035086	-5.301519430e-03
2.040086	7.768363189e-04
2.045087	2.057395363e-03
2.050087	9.970536095e-04
2.055087	-1.488227748e-03
2.060087	-1.919596101e-03
2.065087	1.712863397e-03
2.070088	8.895117009e-04
2.075088	-8.797998925e-04
2.080088	-1.442162597e-03
2.085088	-8.215753945e-04
2.090089	1.939921128e-03
2.095089	4.955958645e-04
2.100089	3.902138988e-04
2.105089	-3.261421564e-04
2.110089	-1.598474631e-03
2.115090	8.290361660e-04
2.120090	2.539577365e-03
2.125090	-1.159652213e-03
2.130090	-3.262949381e-03
2.135090	1.105479285e-03
2.140091	-2.049773263e-03
2.145091	-2.156154959e-03
2.150091	1.877287977e-03
2.155091	1.151932556e-03
2.160092	-4.923839047e-04
2.165092	-1.048746434e-03
2.170092	-2.841649017e-04
2.175092	1.264383441e-03
2.180092	3.270371312e-04
2.185093	-2.656222473e-03
2.190093	1.642720591e-04
2.195093	2.591783267e-03
2.200093	-6.694644813e-04
2.205093	-7.258479850e-04
2.210094	-9.462245145e-04
2.215094	-2.658537808e-03
2.220094	-2.046949533e-03
2.225094	-6.123960988e-04
2.230094	2.972066276e-03
2.235095	-6.241670949e-04
2.240095	-6.725507526e-04
2.245095	2.596925047e-03
2.250095	-9.493103619e-04
2.255096	-1.446674917e-03
2.260096	1.588714595e-04
2.265096	4.349077431e-05
2.270096	2.050983808e-04
2.275096	3.767055907e-04
2.280097	-1.505600153e-03
2.285097	-2.060962089e-03
2.290097	1.149516453e-03
2.295097	2.258084075e-03
2.300097	-1.335149073e-03
2.305098	9.203700106e-04
2.310098	-1.403916844e-03
2.315098	-3.937194816e-03
2.320098	3.089122222e-03
2.325099	1.472805456e-03
2.330099	-1.453455784e-03
2.335099	2.100885449e-04
2.340099	7.546803091e-04
2.345099	-7.946391851e-04
2.350100	-1.731984579e-03
2.355100	1.862478053e-03
2.360100	2.081630915e-04
2.365100	-1.513149004e-03
2.370100	1.973935300e-04
2.375101	-3.479683310e-04
2.380101	-1.064322919e-03
2.385101	-7.397215818e-04
2.390101	-2.313682332e-05
2.395101	5.304548692e-04
2.400102	-8.190401140e-05
2.405102	-1.401232911e-03
2.410102	6.432957000e-04
2.415102	-7.420303460e-04
2.420103	-7.344338250e-05
2.425103	1.034125011e-03
2.430103	-1.460153965e-03
2.435103	1.569333060e-03
2.440103	7.459833485e-04
2.445104	-8.983315515e-04
2.450104	-1.241701540e-03
2.455104	-2.570029770e-03
2.460104	1.079431134e-03
2.465104	2.512985949e-03
2.470105	2.566971225e-04
2.475105	1.413263731e-03
2.480105	-3.005947922e-05
2.485105	-2.794326695e-03
2.490105	-1.245776605e-03
2.495106	-1.570147134e-03
2.500106	-1.465535809e-03
2.505106	-4.819616932e-04
2.510106	3.953466206e-03
2.515107	5.882246299e-04
2.520107	-3.464987769e-03
2.525107	4.624617420e-04
2.530107	3.570821436e-04
2.535107	2.345613861e-03
2.540108	-7.996368850e-04
2.545108	-1.468992499e-03
2.550108	2.621450257e-03
2.555108	-2.081734393e-03
2.560108	-7.531745623e-04
2.565109	1.071364285e-03
2.570109	-8.119397445e-04
2.575109	1.128594250e-03
2.580109	-1.749667565e-03
2.585110	-2.084037128e-03
2.590110	1.849009540e-05
2.595110	1.786031542e-03
2.600110	-5.842516719e-04
2.605110	-1.196609333e-03
2.610111	2.061869038e-03
2.615111	-5.284047619e-04
2.620111	-1.312755044e-03
2.625111	-4.119239785e-05
2.630111	-4.815571909e-04
2.635112	-1.638891577e-03
2.640112	2.059568341e-03
2.645112	6.732437202e-04
2.650112	-1.639041639e-03
2.655112	-6.464669851e-04
2.660113	-2.137787063e-03
2.665113	2.775621538e-03
2.670113	2.893436764e-04
2.675113	-2.578917969e-03
2.680114	2.773472128e-03
2.685114	5.081849998e-04
2.690114	-2.417074136e-03
2.695114	-4.865389668e-04
2.700114	2.494951708e-03
2.705115	6.667161258e-05
2.710115	-2.475603621e-03
2.715115	6.590579111e-05
2.720115	-8.234394082e-04
2.725115	-3.805695904e-03
2.730116	-4.892192284e-04
2.735116	2.932253031e-03
2.740116	2.359845160e-04
2.745116	-3.253250370e-03
2.750117	3.312150810e-04
2.755117	1.114799231e-03
2.760117	2.344539109e-04
2.765117	-4.349003159e-04
2.770117	-1.324245189e-03
2.775118	3.962993954e-04
2.780118	-9.900243565e-04
2.785118	-1.594420002e-04
2.790118	1.055124121e-03
2.795118	-6.091877543e-04
2.800119	-1.709523490e-03
2.805119	2.162930122e-03
2.810119	9.375997483e-04
2.815119	4.825517289e-05
2.820119	2.788631814e-04
2.825120	-1.758432691e-03
2.830120	5.070891700e-04
2.835120	-4.972503993e-04
2.840120	8.303112683e-04
2.845121	1.881884663e-03
2.850121	-1.827340206e-03
2.855121	-1.664729081e-03
2.860121	4.947974730e-04
2.865121	-9.975212190e-04
2.870122	-2.048858560e-03
2.875122	1.686656391e-04
2.880122	1.707218639e-03
2.885122	1.314853481e-03
2.890122	-6.064468656e-04
2.895123	-2.375753617e-03
2.900123	-1.774160784e-03
2.905123	4.333640447e-04
2.910123	1.207949618e-03
2.915124	-3.313667404e-04
2.920124	6.052120386e-04
2.925124	-1.383085228e-03
2.930124	-1.384466641e-03
2.935124	2.362993152e-03
2.940125	7.086818398e-04
2.945125	-1.108622532e-03
2.950125	-1.548985207e-03
2.955125	-3.384288747e-03
2.960125	-5.637895057e-04
2.965126	2.589695662e-03
2.970126	-1.998491139e-03
2.975126	5.440199850e-04
2.980126	3.305521866e-03
2.985126	-2.936594757e-03
2.990127	-1.839022308e-03
2.995127	3.858355294e-03
3.000127	-6.718337528e-04
3.005127	-3.273104487e-03
3.010128	1.917294701e-03
3.015128	1.479887896e-04
3.020128	-2.720270526e-03
3.025128	-7.317355759e-04
3.030128	1.648782803e-03
3.035129	8.164373382e-04
3.040129	-5.708845773e-04
3.045129	2.037019486e-04
3.050129	1.588262667e-03
3.055129	6.419221770e-04
3.060130	-2.952306093e-03
3.065130	-2.273715355e-03
3.070130	1.645738112e-03
3.075130	1.587360146e-03
3.080130	-1.672882129e-03
3.085131	-6.883042095e-04
3.090131	-5.166918101e-04
3.095131	-1.830862373e-04
3.100131	1.193475185e-03
3.105132	-3.458398181e-04
3.110132	-3.166100514e-03
3.115132	-1.293559995e-03
3.120132	9.709639540e-04
3.125132	-7.963412419e-04
3.130133	1.982365852e-04
3.135133	-2.413399164e-05
3.140133	-1.295460090e-03
3.145133	-9.598542322e-04
3.150133	4.247072210e-04
3.155134	1.360287734e-03
3.160134	1.350908319e-03
3.165134	1.955774935e-04
3.170134	-2.453690001e-03
3.175135	-2.461632272e-04
3.180135	5.274243362e-04
3.185135	-1.518868591e-03
3.190135	-2.177220285e-03
3.195135	2.492973611e-04
3.200136	2.513821908e-03
3.205136	-3.064380770e-04
3.210136	-2.408728443e-03
3.215136	-1.242157264e-03
3.220136	3.613954385e-04
3.225137	1.460969532e-03
3.230137	1.241599544e-03
3.235137	-2.076639115e-03
3.240137	-2.793987928e-03
3.245137	2.453410585e-03
3.250138	6.851063747e-04
3.255138	-1.514179538e-03
3.260138	-9.125840775e-04
3.265138	7.989643951e-04
3.270139	-2.533699948e-04
3.275139	-2.414657362e-03
3.280139	1.236809037e-03
3.285139	-1.420457240e-03
3.290139	-1.687824731e-03
3.295140	5.767005458e-04
3.300140	1.292291486e-03
3.305140	1.903886872e-03
3.310140	-1.862332226e-03
3.315140	-1.088743625e-03
3.320141	1.788755878e-03
3.325141	1.071407724e-03
3.330141	-9.278860768e-04
3.335141	-1.146255292e-03
3.340142	-4.206644607e-04
3.345142	-1.578993773e-03
3.350142	-1.195388374e-03
3.355142	-3.168039058e-04
3.360142	4.557850926e-04
3.365143	-9.856964996e-05
3.370143	-5.379292248e-04
3.375143	4.556505303e-04
3.380143	-8.636716829e-04
3.385143	-1.476023809e-03
3.390144	-1.257411100e-03
3.395144	3.971408111e-04
3.400144	2.825659972e-03
3.405144	9.603610906e-04
3.410144	-1.592908603e-03
3.415145	-1.813277095e-03
3.420145	-7.047018501e-04
3.425145	-2.650982226e-04
3.430145	-1.144438674e-03
3.435146	-3.808486921e-04
3.440146	8.897198512e-04
3.445146	1.167330504e-03
3.450146	1.386943655e-03
3.455146	1.118577522e-03
3.460147	-1.806676005e-03
3.465147	-8.220951416e-04
3.470147	7.734598778e-04
3.475147	-1.042840510e-03
3.480147	-6.522343578e-04
3.485148	3.413462889e-04
3.490148	-1.043972235e-03
3.495148	-3.310253394e-03
3.500148	5.032079056e-04
3.505148	3.877687845e-03
3.510149	5.034537516e-04
3.515149	-1.877822369e-03
3.520149	1.677139983e-04
3.525149	-8.846183435e-04
3.530150	-1.821955516e-03
3.535150	-2.204316159e-03
3.540150	1.944131280e-03
3.545150	1.379778431e-03
3.550150	-2.769422495e-03
3.555151	-5.591413555e-05
3.560151	3.356926394e-04
3.565151	1.743228847e-04
3.570151	2.789419028e-04
3.575151	2.685658351e-04
3.580152	-6.597712986e-04
3.585152	-2.533068354e-03
3.590152	3.824317427e-04
3.595152	1.539006404e-03
3.600153	-1.884224858e-03
3.605153	-1.655610797e-03
3.610153	2.320844520e-03
3.615153	8.285315779e-04
3.620153	-4.987883120e-04
3.625154	-2.115095915e-03
3.630154	-2.805496801e-04
3.635154	2.260528598e-04
3.640154	-2.108224196e-03
3.645154	2.041224091e-03
3.650155	1.371876582e-03
3.655155	-1.171391491e-03
3.660155	-1.098122486e-04
3.665155	-1.220140945e-03
3.670155	-2.444464768e-03
3.675156	-2.359339900e-04
3.680156	-4.473006431e-04
3.685156	-7.816620419e-04
3.690156	-1.498007213e-03
3.695157	-1.337389496e-03
3.700157	2.696064182e-03
3.705157	2.753686351e-03
3.710157	-2.551464230e-03
3.715157	-1.443886458e-03
3.720158	2.092588451e-03
3.725158	6.592739617e-04
3.730158	-5.180513292e-04
3.735158	-2.404382182e-04
3.740158	-3.458088371e-04
3.745159	-7.019555314e-05
3.750159	-8.345381647e-04
3.755159	-6.719200050e-04
3.760159	-1.179273416e-03
3.765160	-6.246717750e-04
3.770160	2.629158027e-04
3.775160	-3.274309107e-03
3.780160	-6.257960463e-04
3.785160	3.097896313e-04
3.790161	-9.525315265e-04
3.795161	9.904932606e-05
3.800161	2.036703437e-04
3.805161	9.202654784e-04
3.810161	1.369871970e-03
3.815162	7.005259130e-04
3.820162	-5.817941285e-04
3.825162	-1.949110524e-03
3.830162	3.164192113e-04
3.835162	5.830336806e-04
3.840163	-3.613162727e-03
3.845163	-1.118642558e-03
3.850163	-8.430283337e-04
3.855163	-8.514020326e-04
3.860164	1.576121111e-03
3.865164	4.757937666e-04
3.870164	-1.355542493e-04
3.875164	-2.419236142e-04
3.880164	6.476648703e-04
3.885165	-2.516708072e-04
3.890165	-2.183962675e-03
3.895165	3.685554926e-04
3.900165	1.468135264e-03
3.905165	1.409764140e-03
3.910166	-1.678478569e-03
3.915166	-1.572856549e-03
3.920166	1.189652952e-03
3.925166	8.532937907e-04
3.930167	-7.440119014e-04
3.935167	-1.067371521e-03
3.940167	-1.086743974e-03
3.945167	-7.531313348e-04
3.950167	-2.475259364e-04
3.955168	1.405030915e-03
3.960168	1.128669537e-03
3.965168	-7.446241373e-04
3.970168	-1.910205861e-04
3.975168	-1.185351406e-03
3.980169	-1.358716961e-03
3.985169	-8.621108546e-04
3.990169	8.447623437e-05
3.995169	8.010731144e-04
4.000169	4.087170251e-04
4.005170	-7.576062261e-04
4.010170	-9.779695081e-04
4.015170	-2.852262670e-03
4.020170	-1.377502009e-04
4.025171	1.352814171e-03
4.030171	-2.078412885e-03
4.035171	5.211045981e-04
4.040171	3.282615266e-03
4.045171	-6.465905502e-04
4.050172	-2.069814143e-04
4.055172	-1.860283559e-03
4.060172	-7.527026282e-04
4.065172	1.397834163e-03
4.070172	-1.976394927e-03
4.075173	1.251440360e-04
4.080173	-1.356165157e-03
4.085173	-3.145811900e-04
4.090173	-5.919412949e-04
4.095173	-3.020210223e-03
4.100174	1.395230946e-03
4.105174	1.336861708e-03
4.110174	-1.206402204e-03
4.115174	2.391649364e-04
4.120175	-3.641810677e-04
4.125175	7.342887401e-05
4.130175	8.960225534e-04
4.135175	-5.952856844e-04
4.140175	-1.647612472e-03
4.145176	-1.532988652e-03
4.150176	5.705509517e-04
4.155176	4.541846560e-04
4.160176	-1.210116009e-03
4.165176	-7.125082193e-04
4.170177	8.930526780e-04
4.175177	-1.420220345e-03
4.180177	-2.089562967e-03
4.185177	1.749701584e-04
4.190178	-7.043634691e-04
4.195178	5.923334578e-05
4.200178	-7.731021743e-04
4.205178	1.168444832e-03
4.210178	4.601041578e-04
4.215179	-2.672356624e-04
4.220179	1.272328524e-03
4.225179	-2.150896979e-03
4.230179	-1.540293336e-03
4.235179	5.632471050e-04
4.240180	2.288908833e-04
4.245180	-1.712397207e-03
4.250180	-1.989755744e-03
4.255180	1.127849391e-04
4.260180	2.157328129e-03
4.265181	6.180232077e-04
4.270181	-1.323264632e-03
4.275181	-1.054646051e-03
4.280181	-5.480375018e-04
4.285182	8.365339004e-04
4.290182	-1.107958503e-04
4.295182	-5.501470724e-04
4.300182	5.459602078e-06
4.305182	-1.679027883e-04
4.310183	6.071784079e-05
4.315183	-1.163599922e-03
4.320183	1.649742060e-04
4.325183	4.995904964e-04
4.330183	2.692307742e-04
4.335184	1.768797810e-03
4.340184	-2.704382053e-03
4.345184	-3.048736792e-03
4.350184	5.457416402e-04
4.355185	-1.050559956e-03
4.360185	3.240126311e-04
4.365185	1.616503851e-04
4.370185	-2.591602040e-03
4.375185	9.348795293e-04
4.380186	1.814473292e-03
4.385186	-1.435757923e-03
4.390186	-2.268091528e-03
4.395186	-1.226504474e-03
4.400186	9.330352671e-04
4.405187	5.976807618e-04
4.410187	-3.386482299e-04
4.415187	-2.985904682e-03
4.420187	-1.390340840e-03
4.425187	1.763157047e-03
4.430188	-6.751081038e-04
4.435188	-1.391446157e-03
4.440188	7.100964558e-04
4.445188	1.981674284e-03
4.450189	3.193764652e-04
4.455189	-3.056848687e-03
4.460189	1.536471511e-04
4.465189	1.205234509e-03
4.470189	-7.820493323e-04
4.475190	3.255357575e-04
4.480190	-1.672747512e-03
4.485190	-2.227091906e-03
4.490190	-3.445394918e-04
4.495190	-2.399116990e-04
4.500191	-1.559223525e-03
4.505191	1.595275158e-03
4.510191	5.909500928e-04
4.515191	-1.780317006e-03
4.520192	7.612078059e-04
4.525192	1.975788890e-03
4.530192	-1.121447292e-03
4.535192	-1.734788658e-03
4.540192	1.038726537e-03
4.545193	-4.055795157e-04
4.550193	-2.117874162e-03
4.555193	-1.228278990e-03
4.560193	3.230051776e-05
4.565193	5.289124461e-04
4.570194	-3.504172768e-04
4.575194	-4.557797372e-04
4.580194	-6.281393056e-04
4.585194	-6.865036499e-04
4.590194	2.191007674e-03
4.595195	-6.292395491e-04
4.600195	-3.172498453e-03
4.605195	-7.919659126e-04
4.610195	1.032590238e-03
4.615196	7.452359180e-04
4.620196	-6.320721688e-04
4.625196	-3.544503168e-04
4.630196	-4.688118033e-04
4.635196	9.379808285e-05
4.640197	1.504294603e-04
4.645197	-1.929221616e-04
4.650197	3.516886501e-04
4.655197	7.423060406e-04
4.660197	4.749513622e-04
4.665198	-9.023562357e-04
4.670198	-2.346660941e-03
4.675198	3.588585916e-04
4.680198	5.314854908e-04
4.685198	-8.558214647e-04
4.690199	-1.972150456e-04
4.695199	-2.185496430e-03
4.700199	-5.799300210e-04
4.705199	9.116412723e-04
4.710200	-3.026727377e-04
4.715200	2.509384047e-04
4.720200	-2.350316734e-03
4.725200	-6.967520832e-04
4.730200	1.511789110e-03
4.735201	-1.022468702e-03
4.740201	-3.628617735e-04
4.745201	-8.602057728e-04
4.750201	-2.485967002e-04
4.755201	-2.906849036e-03
4.760202	-2.085248749e-03
4.765202	3.555147433e-03
4.770202	1.517868955e-03
4.775202	1.852490041e-03
4.780203	-1.637726768e-03
4.785203	-2.584051300e-03
4.790203	-9.204863496e-04
4.795203	-1.581822843e-03
4.800203	1.124698031e-03
4.805204	-1.810542011e-03
4.810204	-1.687911551e-03
4.815204	1.866447400e-04
4.820204	1.282829805e-04
4.825204	-9.207185950e-05
4.830205	-2.074310915e-04
4.835205	4.611765183e-04
4.840205	2.908197294e-04
4.845205	-4.275137865e-04
4.850205	-2.416793399e-03
4.855206	1.234688060e-03
4.860206	3.543615775e-04
4.865206	-6.489596375e-04
4.870206	-5.443277367e-04
4.875207	-3.077584018e-03
4.880207	7.358908617e-04
4.885207	1.394499463e-03
4.890207	-9.680079305e-05
4.895207	1.228265206e-04
4.900208	6.194421562e-04
4.905208	-8.238599616e-04
4.910208	-2.702466264e-04
4.915208	-9.785797684e-04
4.920208	-4.809639460e-04
4.925209	-7.673148514e-04
4.930209	-3.286964145e-04
4.935209	1.505862937e-03
4.940209	-8.174014964e-04
4.945210	-2.157897922e-04
4.950210	-1.001574406e-04
4.955210	1.113428451e-03
4.960210	1.311243514e-05
4.965210	-4.576055709e-03
4.970211	-2.865490699e-03
4.975211	2.439922064e-03
4.980211	2.047576285e-03
4.985211	-3.534549558e-03
4.990211	-2.808942586e-03
4.995212	-1.204372795e-03
5.000212	3.351998081e-04
5.005212	3.871687865e-03
5.010212	1.548424244e-03
5.015212	-2.265776152e-03
5.020213	-1.377175735e-03
5.025213	5.053826289e-04
5.030213	-8.239228699e-04
5.035213	-3.089188656e-03
5.040214	-1.713608637e-03
5.045214	1.545891625e-03
5.050214	-2.404361154e-06
5.055214	-1.437705075e-03
5.060214	-7.690948681e-04
5.065215	4.030340386e-03
5.070215	3.301358066e-04
5.075215	-3.867047657e-03
5.080215	-1.675656242e-04
5.085215	6.640379730e-04
5.090216	-8.852574978e-04
5.095216	-9.426161188e-04
5.100216	2.095894155e-03
5.105216	-2.173687699e-04
5.110216	-3.094607741e-03
5.115217	-1.557033698e-03
5.120217	4.985184598e-04
5.125217	9.381391401e-04
5.130217	3.258044488e-04
5.135218	-1.223490486e-03
5.140218	-2.159811331e-03
5.145218	-1.491200113e-03
5.150218	1.613694764e-04
5.155218	2.866894515e-03
5.160219	1.155606743e-03
5.165219	-4.485514471e-03
5.170219	-1.722991667e-03
5.175219	1.976491500e-03
5.180219	8.191804987e-04
5.185220	-6.014222048e-05
5.190220	-1.562438485e-03
5.195220	3.751976503e-03
5.200220	-2.812124133e-04
5.205221	-6.256318995e-03
5.210221	-2.249342011e-04
5.215221	6.546689215e-04
5.220221	-1.400603552e-03
5.225221	-4.560030614e-04
5.230222	-5.613580263e-04
5.235222	-7.327101341e-04
5.240222	3.748836332e-04
5.245222	-1.890379639e-03
5.250222	3.181676058e-04
5.255223	1.204770919e-03
5.260223	-1.395477977e-03
5.265223	-2.378860228e-04
5.270223	5.367222190e-04
5.275223	3.733702612e-04
5.280224	3.720115014e-04
5.285224	-4.023144482e-04
5.290224	-2.886779571e-04
5.295224	-2.890365748e-04
5.300225	-1.789331582e-03
5.305225	3.623256346e-05
5.310225	5.328530749e-04
5.315225	-2.994700478e-04
5.320225	-1.723768028e-03
5.325226	2.067919162e-04
5.330226	-1.865496195e-04
5.335226	-1.284861225e-03
5.340226	-7.127071893e-05
5.345226	1.026324764e-03
5.350227	-4.069724631e-04
5.355227	-3.724189811e-03
5.360227	-2.290608376e-03
5.365227	1.799860555e-03
5.370228	-3.504060470e-04
5.375228	-1.899698048e-03
5.380228	3.012736246e-03
5.385228	-1.804859815e-04
5.390228	-1.566784701e-03
5.395229	-8.591720715e-04
5.400229	-1.844487654e-03
5.405229	-1.289868417e-03
5.410229	-2.927902802e-05
5.415229	-5.836126820e-04
5.420230	1.429994564e-04
5.425230	2.244553405e-03
5.430230	9.632507396e-04
5.435230	3.619193287e-04
5.440230	-9.673811769e-04
5.445231	-6.917496163e-04
5.450231	-5.761112139e-04
5.455231	-2.574383187e-03
5.460231	-3.578336686e-04
5.465232	4.737745900e-04
5.470232	-1.572495160e-03
5.475232	-2.078830089e-03
5.480232	-9.132357900e-04
5.485232	9.123306111e-04
5.490233	-5.889619735e-04
5.495233	7.956232383e-04
5.500233	1.362951092e-04
5.505233	-2.185962502e-03
5.510233	1.073543466e-03
5.515234	-4.667471475e-04
5.520234	-6.390956530e-04
5.525234	-5.914534149e-04
5.530234	-1.022790820e-03
5.535235	1.625741354e-03
5.540235	-6.495178004e-04
5.545235	-2.848780110e-03
5.550235	-4.792359239e-04
5.555235	2.943759420e-04
5.560236	-6.889376911e-04
5.565236	2.956653646e-04
5.570236	6.292960649e-04
5.575236	-8.059982254e-04
5.580236	-1.563807834e-04
5.585237	-1.035698500e-03
5.590237	-8.630607199e-04
5.595237	7.254479972e-05
5.600237	-1.419746752e-03
5.605237	8.468025086e-04
5.610238	2.671370560e-03
5.615238	-1.697798911e-03
5.620238	-1.419165232e-03
5.625238	1.284147495e-04
5.630239	-7.049043309e-04
5.635239	-1.861209662e-03
5.640239	-9.246035992e-04
5.645239	6.719745676e-04
5.650239	-1.919269773e-03
5.655240	-1.031661438e-03
5.660240	-1.146010587e-03
5.665240	1.062541914e-03
5.670240	1.152281867e-04
5.675240	-2.867999218e-03
5.680241	-5.934493167e-04
5.685241	8.401362804e-04
5.690241	-8.701448590e-04
5.695241	-1.033491472e-03
5.700241	1.279057083e-03
5.705242	1.555691961e-03
5.710242	-1.044551209e-03
5.715242	-3.309808506e-03
5.720242	3.416835863e-04
5.725243	8.373094505e-04
5.730243	1.113944659e-03
5.735243	2.836268328e-04
5.740243	-7.116839368e-04
5.745243	1.759255854e-04
5.750244	-5.983944141e-04
5.755244	5.582038447e-04
5.760244	-2.205031756e-03
5.765244	-4.355293261e-03
5.770244	-8.757932176e-04
5.775245	1.990732863e-03
5.780245	-1.211483873e-03
5.785245	-1.709815099e-03
5.790245	1.109713173e-03
5.795246	3.933913171e-04
5.800246	-7.739113650e-04
5.805246	-1.882216480e-03
5.810246	1.664281261e-03
5.815246	3.909832706e-04
5.820247	-3.098220770e-03
5.825247	1.166246754e-03
5.830247	6.679161320e-04
5.835247	-5.563836646e-04
5.840247	-1.110711779e-03
5.845248	-3.204974582e-03
5.850248	-1.159412712e-03
5.855248	2.157095378e-03
5.860248	4.458165515e-04
5.865248	-2.235063526e-04
5.870249	5.313073300e-05
5.875249	-1.716145433e-03
5.880249	1.983346770e-03
5.885249	6.550520565e-04
5.890250	-3.208135192e-03
5.895250	-2.042535430e-03
5.900250	6.639991146e-04
5.905250	-1.683163404e-04
5.910250	-7.816410052e-04
5.915251	1.043931068e-03
5.920251	-2.053288224e-03
5.925251	-6.676973726e-04
5.930251	1.262870458e-03
5.935251	-6.104004847e-04
5.940252	1.157174388e-03
5.945252	-4.491077288e-04
5.950252	-2.714361858e-03
5.955252	4.717110904e-05
5.960253	-1.827099448e-03
5.965253	-2.945401964e-03
5.970253	4.612146507e-05
5.975253	4.947526993e-04
5.980253	-4.515568975e-04
5.985254	9.250351593e-04
5.990254	-7.292443045e-04
5.995254	-1.724551618e-03
6.000254	2.031939816e-03
6.005254	1.315620820e-03
6.010255	-1.284618289e-03
6.015255	-2.604911557e-03
6.020255	-1.449309653e-03
6.025255	2.308182085e-03
6.030255	7.588987274e-04
6.035256	-1.679346898e-03
6.040256	-2.663654053e-03
6.045256	-3.990987850e-04
6.050256	2.086447190e-03
6.055257	-6.187868449e-04
6.060257	-2.951491358e-04
6.065257	-1.452448613e-03
6.070257	-2.168766704e-03
6.075257	-3.531919946e-04
6.080258	6.504171856e-04
6.085258	9.850547786e-04
6.090258	5.927232415e-04
6.095258	-1.510535738e-03
6.100258	-4.331764228e-03
6.105259	-1.846217483e-03
6.110259	1.910275486e-03
6.115259	2.138917991e-03
6.120259	-1.743317400e-04
6.125260	-2.068599151e-03
6.130260	-7.490026558e-04
6.135260	2.076092892e-04
6.140260	-9.026911252e-04
6.145260	-2.307577670e-05
6.150261	-5.214019775e-04
6.155261	-2.337672269e-03
6.160261	-9.030802215e-04
6.165261	4.145168542e-04
6.170261	1.696115526e-03
6.175262	-2.415854934e-05
6.180262	-6.954769952e-04
6.185262	-1.680782067e-03
6.190262	-3.448053938e-03
6.195262	1.302398123e-03
6.200263	1.138058482e-03
6.205263	-1.021196567e-03
6.210263	-2.627474974e-03
6.215263	-6.879035373e-04
6.220264	1.912639967e-03
6.225264	5.253524967e-04
6.230264	-1.300916303e-03
6.235264	-1.301262391e-03
6.240264	-1.960580488e-03
6.245265	-6.809806611e-04
6.250265	1.134596530e-03
6.255265	1.892907648e-04
6.260265	-4.710270027e-04
6.265265	-9.203536375e-04
6.270266	-5.287158298e-04
6.275266	-2.956958479e-03
6.280266	-3.342779676e-05
6.285266	2.532146757e-04
6.290266	1.398741668e-04
6.295267	1.855269939e-04
6.300267	-9.717691406e-04
6.305267	1.954761776e-03
6.310267	4.054823933e-04
6.315268	-1.688773827e-03
6.320268	-1.355132839e-03
6.325268	-6.955055898e-04
6.330268	-1.192829251e-03
6.335268	9.577349770e-04
6.340269	-3.705533324e-04
6.345269	-1.633844323e-03
6.350269	-1.854179428e-03
6.355269	-1.252549284e-03
6.360269	1.289998700e-03
6.365270	-1.309235398e-03
6.370270	-2.857513949e-03
6.375270	-1.449729474e-04
6.380270	2.502570881e-03
6.385271	2.953204684e-04
6.390271	-7.479791847e-04
6.395271	-3.663391356e-04
6.400271	-1.589631016e-03
6.405271	-8.150074700e-04
6.410272	-5.383627521e-04
6.415272	-1.198678264e-03
6.420272	-6.440451768e-04
6.425272	1.391525241e-03
6.430272	-4.827386184e-04
6.435273	-9.230631561e-04
6.440273	3.475398923e-04
6.445273	-1.812711629e-03
6.450273	-1.535066363e-03
6.455273	1.275202995e-04
6.460274	3.941661788e-04
6.465274	-1.259106526e-03
6.470274	-1.364444738e-03
6.475274	1.115438020e-05
6.480275	3.357980990e-04
6.485275	-1.595462531e-03
6.490275	-2.035786254e-03
6.495275	-1.099168240e-03
6.500275	-3.155436695e-04
6.505276	4.590813566e-04
6.510276	7.827255642e-04
6.515276	-7.085532598e-04
6.520276	-2.811806081e-03
6.525276	-1.642601077e-04
6.530277	1.222339364e-03
6.535277	-8.149160296e-04
6.540277	1.787002414e-04
6.545277	-5.486105013e-04
6.550278	-3.289612894e-04
6.555278	3.886668994e-04
6.560278	-9.886160806e-04
6.565278	-9.319597379e-04
6.570278	5.016383424e-04
6.575279	3.383041559e-04
6.580279	-1.103975769e-03
6.585279	-1.544298070e-03
6.590279	5.002744261e-04
6.595279	6.619267722e-04
6.600280	-2.645273840e-03
6.605280	1.182684220e-04
6.610280	1.157883798e-03
6.615280	-9.933655621e-04
6.620280	-2.090659500e-03
6.625281	-7.730556745e-04
6.630281	1.271517426e-03
6.635281	-2.767571767e-04
6.640281	-2.819989550e-03
6.645282	-7.174186786e-04
6.650282	1.547145406e-03
6.655282	-9.380891970e-04
6.660282	1.385472540e-03
6.665282	2.761797943e-04
6.670283	-2.994021323e-03
6.675283	-1.744803707e-04
6.680283	-9.397874612e-04
6.685283	1.688261313e-04
6.690283	1.114891986e-04
6.695284	-1.829767841e-03
6.700284	5.407925158e-04
6.705284	-1.992439290e-03
6.710284	-1.658792481e-03
6.715284	7.687656901e-04
6.720285	-1.496477239e-03
6.725285	-5.879217884e-06
6.730285	1.485718838e-03
6.735285	-5.035355538e-04
6.740286	-1.118907417e-04
6.745286	-1.212288639e-04
6.750286	-1.394513359e-03
6.755286	-3.328967005e-04
6.760286	-5.622252709e-04
6.765287	2.114037430e-04
6.770287	-3.339112855e-04
6.775287	-9.462233981e-04
6.780287	-6.215751301e-04
6.785287	-2.274842985e-03
6.790288	1.098676265e-03
6.795288	1.513786542e-04
6.800288	-1.223900746e-03
6.805288	-5.928767776e-05
6.810289	9.336834238e-05
6.815289	6.960053757e-04
6.820289	-1.169252955e-03
6.825289	-3.491491846e-03
6.830289	8.659863373e-04
6.835290	-1.331353205e-05
6.840290	-2.106561892e-03
6.845290	1.580051973e-04
6.850290	-2.002240168e-03
6.855290	-6.836328445e-04
6.860291	3.300006083e-05
6.865291	5.966395263e-04
6.870291	-8.376362832e-04
6.875291	-1.790006858e-04
6.880291	1.474592836e-03
6.885292	-2.396579493e-03
6.890292	4.799623724e-04
6.895292	3.166331083e-04
6.900292	-1.890609482e-03
6.905293	1.253921265e-03
6.910293	-5.723373086e-04
6.915293	-8.496614285e-04
6.920293	8.596314091e-05
6.925293	-1.846290706e-03
6.930294	-2.667591542e-03
6.935294	-1.118992707e-03
6.940294	1.413564521e-03
6.945294	1.422829857e-04
6.950294	-2.343946996e-03
6.955295	1.516120362e-04
6.960295	-1.512652611e-03
6.965295	-1.132003818e-03
6.970295	7.515813798e-04
6.975296	3.122650721e-04
6.980296	-7.400251860e-04
6.985296	-1.131343368e-03
6.990296	-1.074680451e-03
6.995296	1.026895908e-03
7.000297	2.795486454e-03
7.005297	-1.295674657e-03
7.010297	-2.127973758e-03
7.015297	-2.128308027e-03
7.020297	9.202286101e-04
7.025298	2.133843068e-03
7.030298	-2.128310399e-03
7.035298	-1.956651636e-03
7.040298	-3.040555363e-04
7.045298	3.545827549e-04
7.050299	-3.450589753e-03
7.055299	-9.070311613e-04
7.060299	4.445408506e-03
7.065299	-5.257143634e-04
7.070300	-3.565918960e-03
7.075300	-1.798327171e-03
7.080300	9.642225443e-04
7.085300	-4.220518843e-04
7.090300	-3.012275224e-03
7.095301	-1.464673792e-03
7.100301	1.574864510e-03
7.105301	-3.140027564e-05
7.110301	-1.580667395e-03
7.115301	-3.660515333e-04
7.120302	-2.523889457e-04
7.125302	2.452574544e-04
7.130302	-7.490328549e-04
7.135302	-1.353339606e-03
7.140303	-8.086949540e-04
7.145303	-1.490550931e-04
7.150303	1.897526088e-03
7.155303	-2.299628119e-03
7.160303	-2.405955562e-03
7.165304	1.513546511e-03
7.170304	4.612593086e-04
7.175304	2.989344817e-04
7.180304	2.986028730e-04
7.185304	-1.422655743e-03
7.190305	-2.417945035e-03
7.195305	-2.026293006e-03
7.200305	-1.919628821e-03
7.205305	-4.770211558e-04
7.210305	1.452565959e-03
7.215306	3.432819058e-04
7.220306	-3.240897211e-03
7.225306	6.296079182e-04
7.230306	1.508239887e-03
7.235307	-6.989973211e-04
7.240307	-3.935590982e-05
7.245307	-1.589620788e-03
7.250307	-1.694946803e-03
7.255307	-1.207297858e-03
7.260308	-1.427618837e-03
7.265308	-7.589773957e-04
7.270308	1.296548072e-04
7.275308	-7.596375813e-04
7.280308	6.159741544e-04
7.285309	-3.773136632e-04
7.290309	5.693164124e-04
7.295309	2.899985110e-04
7.300309	-1.316263089e-03
7.305309	-8.756113279e-04
7.310310	-1.487914873e-03
7.315310	1.736853242e-04
7.320310	-6.486091589e-04
7.325310	-1.755891485e-03
7.330311	-2.082862088e-04
7.335311	1.005333300e-03
7.340311	-3.812791557e-03
7.345311	-1.816205054e-03
7.350311	2.829269305e-03
7.355312	-1.049351202e-04
7.360312	-1.873188861e-03
7.365312	-5.935716485e-04
7.370312	2.850626357e-04
7.375312	-2.315155606e-03
7.380313	2.550309933e-03
7.385313	1.710824947e-04
7.390313	-2.755121686e-03
7.395313	1.162384267e-03
7.400314	-1.216842920e-03
7.405314	4.467586917e-04
7.410314	8.374143191e-04
7.415314	-1.428817404e-03
7.420314	-1.601137757e-03
7.425315	-2.235236932e-04
7.430315	-1.160811469e-03
7.435315	-2.204094669e-03
7.440315	1.055439915e-03
7.445315	9.971151519e-04
7.450316	-1.603101833e-03
7.455316	-3.314827738e-04
7.460316	6.017365162e-05
7.465316	-1.327094470e-03
7.470316	-1.002435038e-03
7.475317	-1.049759761e-03
7.480317	-8.200961344e-04
7.485317	-7.724247131e-04
7.490317	-1.165734524e-03
7.495318	-7.260795410e-04
7.500318	-7.164062560e-04
7.505318	1.142323314e-04
7.510318	-3.350747682e-04
7.515318	7.155546683e-04
7.520319	1.155210075e-03
7.525319	-1.550001193e-03
7.530319	-2.936268256e-03
7.535319	-1.171787338e-05
7.540319	1.717883222e-03
7.545320	6.666022209e-04
7.550320	-2.278598454e-03
7.555320	-4.486830267e-03
7.560320	1.105607510e-03
7.565321	1.104282366e-03
7.570321	-5.019746958e-04
7.575321	-6.742924243e-04
7.580321	-1.840567956e-03
7.585321	1.570225529e-04
7.590322	-1.112908520e-04
7.595322	-1.382561679e-03
7.600322	-2.839328261e-04
7.605322	-9.532289854e-04
7.610322	-1.785862350e-04
7.615323	-2.849060747e-04
7.620323	-2.665129489e-03
7.625323	8.143989199e-04
7.630323	9.850676026e-04
7.635323	1.157736287e-03
7.640324	-3.915219895e-04
7.645324	-2.609751837e-03
7.650324	-1.013143223e-03
7.655324	-6.224834304e-04
7.660325	-1.338776653e-03
7.665325	1.048387018e-04
7.670325	9.254805363e-04
7.675325	-2.407933622e-04
7.680325	7.628408922e-04
7.685326	-1.895369624e-03
7.690326	-3.329631909e-03
7.695326	-7.300650102e-04
7.700326	8.665444676e-04
7.705326	7.612261386e-04
7.710327	-7.106130386e-05
7.715327	-1.228334891e-03
7.720327	-1.668638767e-03
7.725327	1.959597910e-04
7.730328	-1.285299809e-03
7.735328	-2.614565761e-03
7.740328	1.197950530e-03
7.745328	1.752604935e-03
7.750328	-1.564576533e-03
7.755329	-2.224870480e-03
7.760329	-2.942741085e-04
7.765329	-1.011565466e-03
7.770329	-1.403870504e-03
7.775329	1.447423129e-04
7.780330	2.594159697e-04
7.785330	-5.258721568e-04
7.790330	-8.031817176e-04
7.795330	-1.175487166e-03
7.800330	7.561098626e-04
7.805331	-1.128131354e-03
7.810331	-3.165366000e-03
7.815331	1.414119107e-03
7.820331	1.575791474e-03
7.825332	-6.804336308e-04
7.830332	-1.789707241e-03
7.835332	-1.370977779e-04
7.840332	8.357244123e-05
7.845332	-2.287647440e-03
7.850333	-6.260380933e-04
7.855333	-1.351327532e-03
7.860333	-1.303649631e-03
7.865333	-3.580096861e-04
7.870333	1.859576458e-03
7.875334	3.573202906e-04
7.880334	-2.682870630e-03
7.885334	-8.562676555e-04
7.890334	-1.792547536e-03
7.895334	5.290346439e-04
7.900335	-8.572259952e-04
7.905335	-1.966498281e-03
7.910335	1.684027861e-03
7.915335	7.477484237e-04
7.920336	-1.633469707e-03
7.925336	-2.130767565e-03
7.930336	-2.350077112e-03
7.935336	9.664636243e-04
7.940336	2.352086258e-03
7.945337	-1.441265554e-04
7.950337	-2.801332459e-03
7.955337	-2.953644399e-03
7.960337	1.078866449e-03
7.965337	3.515790471e-04
7.970338	-1.807647598e-03
7.975338	-2.075954267e-03
7.980338	-6.333333339e-04
7.985338	2.943095066e-04
7.990339	-1.857917077e-03
7.995339	9.626457441e-04
8.000339	8.473330406e-04
8.005339	-1.027905010e-03
8.010339	-1.256212747e-03
8.015340	5.793921635e-04
8.020340	-3.289912542e-05
8.025340	-1.697145756e-03
8.030340	9.024270563e-04
8.035340	1.851404854e-04
8.040341	2.283049149e-05
8.045341	-3.026357103e-03
8.050341	2.991853120e-04
8.055341	5.758569897e-04
8.060341	-1.259381766e-03
8.065342	-8.687147376e-04
8.070342	-2.302970301e-03
8.075342	-3.133708352e-04
8.080342	1.339242999e-03
8.085343	1.898287613e-05
8.090343	-2.857211235e-03
8.095343	7.843186049e-04
8.100343	-8.129295108e-04
8.105343	2.387102374e-04
8.110344	4.003877816e-04
8.115344	-3.251773001e-03
8.120344	-2.744109933e-03
8.125344	-9.285021898e-04
8.130344	3.276004433e-03
8.135345	7.382494940e-05
8.140345	-2.813367788e-03
8.145345	-7.687693829e-04
8.150345	-9.911263349e-05
8.155346	2.061481040e-03
8.160346	-1.418686211e-03
8.165346	-2.698946575e-03
8.170346	4.536053449e-04
8.175346	-2.366589594e-03
8.180347	-1.600936364e-03
8.185347	-1.493121061e-04
8.190347	-7.036027711e-04
8.195347	-2.262850767e-03
8.200347	-6.572327590e-04
8.205348	3.769265827e-03
8.210348	9.490715288e-04
8.215348	-2.254106452e-03
8.220348	-8.774783753e-04
8.225348	-7.147987752e-04
8.230349	-4.961214558e-04
8.235349	1.329487874e-03
8.240349	-1.481706255e-03
8.245349	-4.797878897e-03
8.250350	9.604373574e-06
8.255350	1.132870247e-04
8.260350	-2.200117182e-04
8.265350	1.165616804e-03
8.270350	-1.655576348e-03
8.275351	-6.609310765e-04
8.280351	-8.812342379e-04
8.285351	-5.475607776e-04
8.290351	-2.128872673e-04
8.295351	-8.831710871e-04
8.300352	-1.714447994e-03
8.305352	-1.436771791e-03
8.310352	5.598316775e-04
8.315352	-1.820379327e-03
8.320352	-1.160719030e-03
8.325353	1.275866075e-03
8.330353	6.635804468e-04
8.335353	-7.226722980e-04
8.340353	-4.449954465e-04
8.345354	-6.082998188e-04
8.350354	-9.915947778e-04
8.355354	-7.139176474e-04
8.360354	6.527134397e-04
8.365354	-1.555503923e-03
8.370355	-1.708808253e-03
8.375355	-1.710118931e-03
8.380355	-1.824424727e-03
8.385355	1.320131500e-03
8.390355	2.485771661e-03
8.395356	-4.484143839e-04
8.400356	-2.217649692e-03
8.405356	-1.328997515e-03
8.410356	-2.873517255e-04
8.415357	6.592981818e-04
8.420357	-8.229489110e-04
8.425357	-2.792817430e-04
8.430357	-2.774485732e-03
8.435357	-3.098781603e-03
8.440358	1.097731084e-03
8.445358	3.858304702e-03
8.450358	9.901168911e-04
8.455358	-2.545042568e-03
8.460358	-1.331403128e-03
8.465359	-5.587449112e-04
8.470359	-6.740489792e-04
8.475359	-4.383200691e-03
8.480359	-2.165603410e-03
8.485359	2.594886230e-03
8.490360	-7.312814252e-04
8.495360	-7.895874370e-04
8.500360	1.045026447e-03
8.505360	-1.717164819e-03
8.510361	-1.335489188e-03
8.515361	2.031375199e-04
8.520361	-1.791542930e-04
8.525361	-7.244391058e-04
8.530361	-2.847655541e-04
8.535362	-5.150635226e-04
8.540362	-3.335251669e-03
8.545362	-1.280646254e-03
8.550362	1.261938582e-03
8.555362	-6.782865623e-04
8.560363	-5.166006640e-04
8.565363	8.120358884e-04
8.570363	-1.779161391e-03
8.575363	-1.339486985e-03
8.580364	7.061194766e-04
8.585364	-6.231309826e-04
8.590364	-4.034469710e-04
8.595364	-1.063725582e-03
8.600364	-1.837999269e-03
8.605365	1.861537596e-03
8.610365	8.662734635e-04
8.615365	-3.215859791e-03
8.620365	3.686822324e-04
8.625365	-5.205861046e-04
8.630366	-2.948789145e-03
8.635366	4.257620615e-04
8.640366	-1.228473579e-03
8.645366	-1.181781188e-03
8.650366	-3.021239911e-04
8.655367	1.533492800e-03
8.660367	3.092393251e-04
8.665367	-3.390909156e-03
8.670367	-6.283313506e-04
8.675368	-1.125615337e-03
8.680368	-1.728894737e-03
8.685368	1.357214013e-04
8.690368	-2.732461848e-03
8.695368	4.790974159e-04
8.700369	3.241675798e-03
8.705369	-8.504553067e-04
8.710369	-1.624726884e-03
8.715369	-1.291045307e-03
8.720369	-2.734288349e-03
8.725370	4.202739073e-04
8.730370	1.527922983e-03
8.735370	-1.359258594e-03
8.740370	1.893719920e-04
8.745371	9.407232357e-05
8.750371	-2.506121122e-03
8.755371	-4.235128696e-04
8.760371	1.871578420e-04
8.765371	-2.011052344e-03
8.770372	3.125459886e-04
8.775372	-2.344644558e-03
8.780372	-1.523982356e-03
8.785372	1.956418571e-04
8.790372	-7.986188526e-04
8.795373	5.200225430e-04
8.800373	4.637222886e-04
8.805373	2.534286557e-04
8.810373	-7.988292080e-04
8.815373	-2.463061047e-03
8.820374	7.485006369e-04
8.825374	1.236177822e-03
8.830374	-1.575005131e-03
8.835374	-8.013398674e-04
8.840375	-1.690604052e-03
8.845375	-8.397388416e-05
8.850375	-4.762589295e-04
8.855375	-1.749506553e-03
8.860375	-1.414822203e-03
8.865376	-1.634114284e-03
8.870376	-2.905361699e-03
8.875376	1.912059304e-04
8.880376	1.900832419e-03
8.885376	-2.352288368e-03
8.890377	-1.252635840e-03
8.895377	7.339792075e-04
8.900377	7.436781100e-04
8.905377	-1.578524093e-03
8.910377	-2.076803472e-03
8.915378	1.402748716e-03
8.920378	-9.774507347e-04
8.925378	-2.087703891e-03
8.930378	1.868996422e-04
8.935379	-2.523817453e-04
8.940379	-8.166577385e-04
8.945379	-1.696920246e-03
8.950379	2.436978320e-04
8.955379	1.620339903e-03
8.960380	-1.859812158e-03
8.965380	-2.252094945e-03
8.970380	2.325004802e-04
8.975380	-9.278494794e-05
8.980380	-3.690723532e-04
8.985381	-2.741270861e-03
8.990381	-1.479623227e-03
8.995381	3.949985358e-04
9.000381	1.072671109e-03
9.005382	1.674347002e-03
9.010382	-2.035794326e-03
9.015382	-3.020051043e-03
9.020382	1.674451744e-03
9.025382	7.841912427e-04
9.030383	-1.147025057e-03
9.035383	1.236230884e-04
9.040383	-1.644599918e-03
9.045383	-2.915843880e-03
9.050383	-2.755148411e-03
9.055384	7.244065459e-04
9.060384	7.821065778e-04
9.065384	-1.751083521e-03
9.070384	1.116497662e-03
9.075384	-1.101705582e-03
9.080385	-3.415904660e-03
9.085385	7.896201372e-04
9.090385	1.392297678e-03
9.095385	-9.888982619e-04
9.100386	-5.392140393e-04
9.105386	6.346380139e-05
9.110386	-1.323773950e-03
9.115386	-3.580974744e-03
9.120386	-7.133925611e-04
9.125387	1.552215226e-03
9.130387	-1.869935911e-03
9.135387	-2.702196675e-03
9.140387	-1.153558211e-03
9.145387	2.230876395e-04
9.150388	8.917635857e-04
9.155388	6.714772954e-04
9.160388	-2.751673197e-03
9.165388	1.004872225e-03
9.170389	-7.733477578e-04
9.175389	-1.269621953e-03
9.180389	1.443967958e-03
9.185389	-1.759191352e-03
9.190389	2.266343178e-03
9.195390	1.386085654e-03
9.200390	-2.591040563e-03
9.205390	-4.369259841e-03
9.210390	-1.329683136e-03
9.215390	1.661895704e-03
9.220391	-8.242932764e-04
9.225391	6.673493137e-04
9.230391	-1.649095371e-04
9.235391	-3.645056102e-03
9.240391	3.884790975e-04
9.245392	1.880122092e-03
9.250392	-1.991007604e-03
9.255392	-1.447324244e-03
9.260392	-1.218627438e-03
9.265393	-1.208921252e-03
9.270393	-6.072400447e-04
9.275393	-7.795259451e-04
9.280393	5.501246228e-04
9.285393	-5.501217592e-04
9.290394	-6.654097697e-04
9.295394	-1.162681495e-03
9.300394	-1.325967268e-03
9.305394	8.726469921e-04
9.310394	-6.085827399e-04
9.315395	-2.540793263e-03
9.320395	-1.222141415e-03
9.325395	5.474914274e-04
9.330395	-3.427629351e-04
9.335396	-2.190601543e-04
9.340396	-2.207267795e-03
9.345396	-3.436385265e-04
9.350396	7.650228304e-04
9.355396	1.617568196e-04
9.360397	2.194629073e-04
9.365397	-1.882739393e-03
9.370397	-1.167060977e-03
9.375397	-2.496295821e-03
9.380397	-1.225640714e-03
9.385398	1.259963022e-03
9.390398	-1.127397175e-05
9.395398	-2.106475954e-03
9.400398	1.021398250e-04
9.405398	3.798375145e-04
9.410399	-2.880314803e-03
9.415399	-8.356917686e-04
9.420399	6.559547971e-04
9.425399	-7.030456713e-05
9.430400	-2.719482359e-03
9.435400	-1.065842348e-03
9.440400	8.737856494e-04
9.445400	-3.874506374e-04
9.450400	2.052346328e-04
9.455401	-4.080289009e-04
9.460401	-1.727262421e-03
9.465401	-2.491519351e-03
9.470401	-8.958761614e-04
9.475401	-5.141814361e-04
9.480402	-8.954542825e-04
9.485402	3.182054012e-04
9.490402	2.599190775e-04
9.495402	-4.573392238e-04
9.500402	-2.054560140e-03
9.505403	-1.337878986e-03
9.510403	3.183641069e-03
9.515403	-1.815046337e-04
9.520403	-2.494694801e-03
9.525404	2.579005099e-04
9.530404	-1.014333553e-03
9.535404	-2.610553786e-03
9.540404	-1.290897453e-03
9.545404	5.337375891e-04
9.550405	-8.434916100e-04
9.555405	-1.455753115e-03
9.560405	1.978894836e-04
9.565405	-1.235337031e-03
9.570405	7.622912020e-04
9.575406	1.086990417e-03
9.580406	-1.571183887e-03
9.585406	-1.954454469e-03
9.590406	-3.607671142e-03
9.595407	-5.680865332e-04
9.600407	1.581535886e-03
9.605407	5.882915643e-04
9.610407	-9.029315545e-04
9.615407	-1.239203501e-03
9.620408	4.714379342e-04
9.625408	-8.567917766e-04
9.630408	-3.886949276e-03
9.635408	-2.363897165e-04
9.640408	8.831085633e-05
9.645409	-2.453867004e-03
9.650409	4.137260428e-04
9.655409	6.904289635e-04
9.660409	-1.738753369e-03
9.665409	-1.013069261e-03
9.670410	-1.127349460e-03
9.675410	-1.184631969e-03
9.680410	-1.241914374e-03
9.685410	-6.882225581e-04
9.690411	1.634394418e-03
9.695411	-1.242768200e-03
9.700411	-1.464043235e-03
9.705411	6.295837580e-04
9.710411	-1.071628366e-03
9.715412	-2.066870294e-03
9.720412	2.467476949e-04
9.725412	9.734330236e-04
9.730412	-1.245756733e-03
9.735412	-1.303037978e-03
9.740413	-1.016333692e-03
9.745413	-1.131612269e-03
9.750413	4.650367294e-04
9.755413	-5.302043545e-04
9.760414	-1.582442918e-03
9.765414	-1.026749499e-03
9.770414	5.319015324e-04
9.775414	-2.543479826e-04
9.780414	-1.305586165e-03
9.785415	3.580607363e-04
9.790415	-1.249153679e-03
9.795415	-1.965405735e-03
9.800415	-5.797467382e-04
9.805415	2.519358354e-04
9.810416	-1.030291924e-03
9.815416	-3.018489666e-03
9.820416	-1.249846471e-03
9.825416	1.981797168e-05
9.830416	-1.356405380e-03
9.835417	2.972430070e-04
9.840417	4.599546675e-04
9.845417	-1.528242437e-03
9.850417	1.941076025e-05
9.855418	-1.438634484e-04
9.860418	-3.631351779e-04
9.865418	-1.472369095e-03
9.870418	-1.358654719e-03
9.875418	3.519921057e-04
9.880419	3.527114826e-04
9.885419	-2.132463712e-03
9.890419	-1.588767126e-03
9.895419	-1.972031160e-03
9.900419	-2.631283394e-03
9.905420	2.062237695e-03
9.910420	3.436899503e-03
9.915420	-1.476172186e-03
9.920420	-3.349372560e-03
9.925420	1.871979752e-04
9.930421	1.343869448e-03
9.935421	-3.417208252e-03
9.940421	-1.199581515e-03
9.945421	1.229036390e-03
9.950422	-1.649120762e-03
9.955422	-3.446815635e-05
9.960422	-1.086702454e-03
9.965422	-1.812950455e-03
9.970422	-1.201255034e-03
9.975423	-3.125712400e-04
9.980423	-3.228492520e-04
9.985423	1.748513218e-04
9.990423	-4.184017756e-04
9.995423	-9.469361458e-05
10.000424	-3.037846937e-03
10.005424	1.737390876e-04
10.010424	8.994305412e-04
10.015424	-2.197715933e-03
10.020425	6.788846077e-04
10.025425	-1.482301305e-03
10.030425	-2.093552776e-03
10.035425	-2.109097996e-04
10.040425	1.060759171e-03
10.045426	-6.514453317e-04
10.050426	-2.477644896e-03
10.055426	-8.239917847e-04
10.060426	7.816634685e-04
10.065426	-7.565479721e-04
10.070427	-2.128475098e-04
10.075427	-2.701214772e-04
10.080427	-1.312353606e-03
10.085427	-7.106552752e-04
10.090427	-1.924879900e-03
10.095428	4.447437455e-04
10.100428	1.554420880e-03
10.105428	-3.024660858e-03
10.110428	-2.040978168e-03
10.115429	6.076340927e-04
10.120429	-1.095569163e-03
10.125429	-1.210839586e-03
10.130429	-2.156074737e-03
10.135429	5.105371964e-04
10.140430	8.352484591e-04
10.145430	-1.048946583e-03
10.150430	-4.372472614e-04
10.155430	-1.105493602e-03
10.160430	-2.979688741e-03
10.165431	-4.608746470e-05
10.170431	7.746034395e-04
10.175431	-2.436534728e-03
10.180431	4.990667910e-04
10.185432	-6.021605498e-04
10.190432	-2.045373292e-03
10.195432	7.752334276e-04
10.200432	-7.169770199e-04
10.205432	-4.402623027e-04
10.210433	-1.596486766e-03
10.215433	-1.606759671e-03
10.220433	2.748873785e-04
10.225433	-1.101327435e-03
10.230433	-1.052602510e-03
10.235434	-6.608920070e-04
10.240434	-6.621647441e-04
10.245434	-2.224560547e-04
10.250434	5.522385522e-04
10.255434	-1.053965858e-03
10.260435	-9.972406128e-04
10.265435	7.224142886e-04
10.270435	-9.977849620e-04
10.275435	-2.213005497e-03
10.280436	-1.716298452e-03
10.285436	1.037313084e-03
10.290436	-6.291199284e-05
10.295436	-2.098097347e-03
10.300436	4.445234588e-04
10.305437	-6.077033203e-04
10.310437	-2.051913382e-03
10.315437	-2.167179636e-03
10.320437	-1.220490773e-03
10.325437	-6.481065361e-05
10.330438	1.541850469e-03
10.335438	-3.883384493e-04
10.340438	-3.324484638e-03
10.345438	-1.327839705e-03
10.350439	1.058291901e-04
10.355439	6.515358168e-04
10.360439	1.062887753e-04
10.365439	-1.548911129e-03
10.370439	-1.166197264e-03
10.375440	-5.634926090e-04
10.380440	5.921887292e-04
10.385440	1.049397853e-04
10.390440	-8.322899829e-04
10.395440	-1.176544763e-03
10.400441	-2.113774309e-03
10.405441	-2.220038949e-03
10.410441	-4.503829569e-04
10.415441	5.433060227e-04
10.420441	9.340206602e-04
10.425442	-6.721799866e-04
10.430442	-3.769317355e-03
10.435442	9.225056562e-05
10.440442	4.839656065e-04
10.445443	-2.232726812e-04
10.450443	1.697377806e-03
10.455443	-1.342761420e-03
10.460443	-3.933919556e-03
10.465443	-8.363185981e-04
10.470444	2.146287343e-03
10.475444	-1.298838028e-04
10.480444	-7.321257569e-04
10.485444	-2.223329936e-03
10.490444	-8.476554659e-04
10.495445	1.034997637e-03
10.500445	-2.444121983e-03
10.505445	-1.612424130e-03
10.510445	-1.068713964e-03
10.515445	-1.900945390e-03
10.520446	7.576753974e-04
10.525446	1.034397212e-03
10.530446	-1.556759356e-03
10.535446	-2.225997239e-03
10.540447	-1.070312327e-03
10.545447	3.633609196e-04
10.550447	-8.988515034e-04
10.555447	-2.228060975e-03
10.560447	2.585679975e-04
10.565448	-1.615618160e-03
10.570448	-2.123862077e-03
10.575448	5.917575319e-04
10.580448	-4.024655699e-04
10.585448	-7.774443931e-05
10.590449	-3.834850259e-03
10.595449	-3.061147925e-03
10.600449	1.249404674e-03
10.605449	1.307137567e-03
10.610450	4.269103123e-04
10.615450	-8.033263192e-05
10.620450	4.653799257e-04
10.625450	-1.618795982e-03
10.630450	-1.180078665e-03
10.635451	9.060351658e-05
10.640451	-6.256300080e-04
10.645451	9.107587050e-05
10.650451	1.419755934e-03
10.655451	-1.410387689e-03
10.660452	-2.023625125e-03
10.665452	-3.029613284e-04
10.670452	-2.338138293e-03
10.675452	-3.112368567e-03
10.680452	-2.348663887e-03
10.685453	1.187923427e-03
10.690453	2.239616133e-03
10.695453	-1.403492140e-03
10.700453	-2.283717356e-03
10.705454	1.023880114e-03
10.710454	-7.443072535e-04
10.715454	-1.852522469e-03
10.720454	3.551219445e-04
10.725454	-1.357067455e-03
10.730455	5.255909554e-04
10.735455	8.023175187e-04
10.740455	-2.016824640e-03
10.745455	-2.504065481e-03
10.750455	-2.943169603e-05
10.755456	-6.986645989e-04
10.760456	2.569935776e-03
10.765456	-1.350159167e-03
10.770456	-5.173258107e-03
10.775457	-3.073678222e-05
10.780457	1.191950730e-03
10.785457	5.807160549e-04
10.790457	-1.742445976e-03
10.795457	-1.972696563e-03
10.800458	-2.191947502e-03
10.805458	-1.245247725e-03
10.810458	1.133391498e-03
10.815458	-4.728003363e-04
10.820458	-1.304024890e-03
10.825459	1.131612263e-03
10.830459	-9.135606293e-04
10.835459	-3.407714385e-03
10.840459	-4.740979862e-04
10.845459	7.395913961e-04
10.850460	-2.136545831e-03
10.855460	-2.185802711e-03
10.860460	7.884248888e-05
10.865460	-2.185320322e-03
10.870461	-8.096372282e-04
10.875461	1.894989676e-03
10.880461	-1.193137880e-03
10.885461	4.125358144e-04
10.890461	2.029427060e-05
10.895462	-2.856841879e-03
10.900462	-5.341982157e-04
10.905462	5.164994524e-04
10.910462	-1.194685750e-03
10.915462	-1.968910534e-03
10.920463	-1.529186635e-03
10.925463	-5.924836756e-04
10.930463	-2.304668374e-03
10.935463	7.497368190e-05
10.940464	1.227146505e-04
10.945464	-2.142446273e-03
10.950464	1.127158424e-03
10.955464	-4.220326026e-04
10.960464	-7.572749455e-04
10.965465	-4.805431004e-04
10.970465	-1.034775934e-03
10.975465	-1.198025216e-03
10.980465	-2.584222570e-03
10.985465	-1.035544151e-03
10.990466	1.881481531e-04
10.995466	2.828884038e-04
11.000466	-1.573485640e-04
11.005466	6.833603139e-04
11.010466	-5.978407922e-04
11.015467	-2.365021192e-03
11.020467	4.056062679e-04
11.025467	8.443326412e-04
11.030467	-2.031800427e-03
11.035468	-2.309043487e-03
11.040468	8.445682119e-04
11.045468	1.063304371e-03
11.050468	-1.430844416e-03
11.055468	-1.491530589e-04
11.060469	-1.364355798e-03
11.065469	-2.091579096e-03
11.070469	1.225026396e-03
11.075469	-1.815098676e-03
11.080469	-1.872350009e-03
11.085470	-3.806668495e-04
11.090470	-2.914813009e-03
11.095470	-2.141099198e-03
11.100470	-2.427340362e-03
11.105470	1.386244891e-03
11.110471	-1.099902835e-03
11.115471	-1.759127846e-03
11.120471	1.854401439e-05
11.125471	-9.856661469e-04
11.130472	1.222987688e-03
11.135472	1.881707306e-03
11.140472	-4.424465810e-04
11.145472	-3.748558748e-03
11.150472	-2.200876441e-03
11.155473	-1.265168090e-03
11.160473	-5.954483512e-04
11.165473	4.562553206e-04
11.170473	-4.419582771e-04
11.175473	-1.103181798e-03
11.180474	-1.045435663e-03
11.185474	-1.322675217e-03
11.190474	-4.919615958e-04
11.195474	-9.891915951e-04
11.200475	-6.544567251e-04
11.205475	1.553198912e-03
11.210475	-6.079602385e-04
11.215475	-3.705079617e-03
11.220475	-1.210435786e-03
11.225476	-1.152688592e-03
11.230476	6.629842399e-04
11.235476	9.967199760e-04
11.240476	-9.914457968e-04
11.245476	-5.517143157e-04
11.250477	-1.268933700e-03
11.255477	-1.766162286e-03
11.260477	-5.548429782e-05
11.265477	-1.607292555e-04
11.270477	-1.871906056e-03
11.275478	-9.451944988e-04
11.280478	3.825001877e-04
11.285478	1.434206685e-03
11.290478	-9.359417233e-04
11.295479	-4.139054723e-03
11.300479	-1.223426840e-03
11.305479	1.318217006e-03
11.310479	-1.271921609e-03
11.315479	-1.596156107e-03
11.320480	2.755164794e-04
11.325480	-6.136938443e-04
11.330480	-1.110920657e-03
11.335480	-2.162123880e-03
11.340480	-1.597395448e-03
11.345481	9.442493459e-04
11.350481	-9.489178496e-04
11.355481	-1.666134749e-03
11.360481	-6.054268549e-04
11.365482	5.502771328e-04
11.370482	-1.218894841e-03
11.375482	-1.886113383e-03
11.380482	-1.332383535e-03
11.385482	-5.496632690e-04
11.390483	8.180323316e-04
11.395483	7.117904983e-04
11.400483	1.095697974e-04
11.405483	-1.114624433e-03
11.410483	-2.442814138e-03
11.415484	-2.434060367e-03
11.420484	5.475675701e-04
11.425484	9.313056925e-04
11.430484	-1.382841763e-03
11.435484	-1.173096031e-03
11.440485	-8.963530172e-04
11.445485	-2.712521213e-03
11.450485	-1.833803465e-03
11.455485	3.987224884e-05
11.460486	5.946039624e-04
11.465486	-1.882535752e-03
11.470486	-4.958390473e-04
11.475486	5.468723505e-04
11.480486	-2.944224046e-03
11.485487	-8.985549016e-04
11.490487	-9.457969661e-04
11.495487	-1.444019804e-03
11.500487	-1.004282261e-03
11.505487	8.693946494e-04
11.510488	1.204136881e-03
11.515488	-3.270916989e-03
11.520488	-1.340242134e-03
11.525488	4.294396619e-04
11.530488	-2.773667737e-03
11.535489	-8.919904460e-04
11.540489	1.641659343e-03
11.545489	-2.151293923e-05
11.550489	-2.994629602e-03
11.555490	-1.331942552e-03
11.560490	3.687430082e-04
11.565490	-7.874502724e-04
11.570490	-2.278629240e-03
11.575490	-1.296725559e-05
11.580491	-1.762022443e-04
11.585491	-1.180401483e-03
11.590491	1.027263320e-03
11.595491	-2.280838067e-03
11.600491	-1.889096087e-03
11.605492	1.313526924e-03
11.610492	-1.465798529e-05
11.615492	2.040916861e-04
11.620492	-1.345083619e-03
11.625493	-3.944214320e-03
11.630493	-1.562146302e-05
11.635493	-2.938502529e-04
11.640493	-1.394044097e-03
11.645493	1.646586743e-03
11.650494	2.514056380e-04
11.655494	-1.785748147e-03
11.660494	-3.057934221e-03
11.665494	-3.612150592e-03
11.670494	-8.975053360e-04
11.675495	2.582060894e-04
11.680495	3.059645772e-04
11.685495	2.351638539e-03
11.690495	1.089452769e-03
11.695495	-1.395681068e-03
11.700496	-1.787903454e-03
11.705496	-1.014175118e-03
11.710496	-1.128409039e-03
11.715496	-7.769219524e-05
11.720497	-1.014891007e-03
11.725497	-4.007002636e-03
11.730497	-6.323838853e-04
11.735497	2.693237063e-03
11.740497	-2.188593686e-05
11.745498	-2.736008857e-03
11.750498	-1.179312599e-03
11.755498	-8.059681676e-05
11.760498	-9.587971553e-04
11.765498	6.948953579e-04
11.770499	-1.084266566e-03
11.775499	-1.237497254e-03
11.780499	9.231741452e-04
11.785499	-4.114849343e-03
11.790500	-3.456114067e-03
11.795500	-4.064799646e-04
11.800500	-7.273067540e-05
11.805500	3.100166599e-04
11.810500	-9.120266798e-05
11.815501	-3.342301132e-03
11.820501	-2.013593508e-03
11.825501	2.564976550e-03
11.830501	7.488176577e-04
11.835501	-1.794310312e-03
11.840502	-2.015536532e-03
11.845502	5.851178133e-04
11.850502	1.359014969e-04
11.855502	-2.962202470e-03
11.860502	-1.680491877e-03
11.865503	-2.467876009e-04
11.870503	1.023923703e-03
11.875503	-7.452360779e-04
11.880503	-9.744609799e-04
11.885504	-1.576669957e-03
11.890504	-2.073883260e-03
11.895504	1.404735114e-03
11.900504	-2.238344660e-03
11.905504	-2.514566958e-03
11.910505	-8.690368918e-05
11.915505	-8.621046004e-04
11.920505	-2.132284418e-03
11.925505	7.538853980e-05
11.930505	3.611430472e-04
11.935506	-6.900456794e-04
11.940506	-7.002783858e-04
11.945506	8.345539257e-05
11.950506	-1.799697717e-03
11.955507	-1.522942213e-03
11.960507	1.688689071e-03
11.965507	-9.214328690e-04
11.970507	-1.858625563e-03
11.975507	-1.637867194e-03
11.980508	-5.871438653e-04
11.985508	-2.136310262e-03
11.990508	-1.142584272e-03
11.995508	1.075089987e-03
12.000508	4.068866358e-04
12.005509	-1.745253721e-03
12.010509	-1.410499318e-03
12.015509	2.011124426e-03
12.020509	3.469637659e-04
12.025509	-1.641183045e-03
12.030510	-2.960358074e-03
12.035510	-1.860635462e-03
12.040510	5.090334685e-04
12.045510	1.268191135e-04
12.050511	-1.747331908e-03
12.055511	-1.470573934e-03
12.060511	-1.192815879e-03
12.065511	-1.250043508e-03
12.070511	1.731600238e-03
12.075512	-1.252503138e-03
12.080512	-1.088739757e-03
12.085512	1.098409325e-05
12.090512	-1.089198728e-03
12.095512	-2.004656901e-04
12.100513	-2.696589120e-03
12.105513	-2.141841684e-03
12.110513	1.567772212e-03
12.115513	2.375997562e-04
12.120513	-1.645549147e-03
12.125514	-2.304749782e-03
12.130514	-1.311020323e-03
12.135514	-5.372814194e-04
12.140514	-4.225144721e-04
12.145515	-2.117514676e-04
12.150515	-1.646918605e-03
12.155515	-7.581840749e-04
12.160515	-1.207392735e-03
12.165515	3.983116672e-04
12.170516	-1.369840864e-03
12.175516	-8.740891860e-04
12.180516	2.926341891e-04
12.185516	-3.406436160e-03
12.190516	-1.036763501e-03
12.195517	-4.920134000e-04
12.200517	4.537198371e-04
12.205517	-2.031401444e-03
12.210517	-1.868634785e-03
12.215518	2.330498519e-04
12.220518	-1.927084824e-03
12.225518	-3.783765083e-04
12.230518	1.896301174e-03
12.235518	-5.408213905e-04
12.240519	-4.078897186e-03
12.245519	1.266990642e-04
12.250519	3.944622755e-04
12.255519	-5.527229137e-04
12.260519	-3.639817315e-03
12.265520	-1.536131512e-03
12.270520	5.085569169e-04
12.275520	-7.066164171e-04
12.280520	1.151240753e-04
12.285520	-6.580677335e-04
12.290521	1.167630475e-03
12.295521	-2.810425301e-03
12.300521	-4.358583900e-03
12.305521	-4.799059416e-05
12.310522	4.487644202e-04
12.315522	5.075381163e-04
12.320522	5.643120229e-04
12.325522	-2.047800871e-03
12.330522	-2.372010572e-03
12.335523	-9.852926342e-04
12.340523	1.704352154e-04
12.345523	3.332052599e-04
12.350523	-1.069990231e-04
12.355523	-1.091180133e-03
12.360524	7.550634683e-06
12.365524	-1.771596543e-03
12.370524	-9.978517541e-04
12.375524	-3.761003997e-04
12.380525	-2.976212417e-03
12.385525	-3.275466856e-04
12.390525	2.157126120e-03
12.395525	-1.266950610e-03
12.400525	-5.413996582e-03
12.405526	-1.715374830e-03
12.410526	3.873146636e-04
12.415526	3.310957515e-04
12.420526	7.788556134e-04
12.425526	-1.545266961e-03
12.430527	-2.376452660e-03
12.435527	-2.155682802e-03
12.440527	-3.309807720e-04
12.445527	9.977423979e-04
12.450527	3.955475025e-04
12.455528	-6.086302352e-04
12.460528	-3.103744679e-03
12.465528	-2.540988551e-03
12.470528	-5.522927091e-04
12.475529	-3.325217959e-04
12.480529	4.982233587e-04
12.485529	7.759920682e-04
12.490529	5.467823840e-04
12.495529	-1.279359515e-03
12.500530	-6.586049567e-04
12.505530	-3.818356973e-04
12.510530	-2.207977216e-03
12.515530	-1.442228419e-03
12.520530	-1.720435266e-03
12.525531	-1.931644824e-03
12.530531	-3.349308527e-04
12.535531	-7.841300736e-04
12.540531	5.545950827e-04
12.545532	-4.405807523e-04
12.550532	-2.333718416e-03
12.555532	1.814888075e-03
12.560532	-1.827175237e-03
12.565532	-2.927346114e-03
12.570533	-6.136615007e-04
12.575533	-1.282850383e-03
12.580533	5.387587629e-05
12.585533	-1.653318158e-04
12.590533	-2.602445413e-03
12.595534	-1.828694920e-03
12.600534	4.359925344e-04
12.605534	-8.351700789e-04
12.610534	2.262482340e-03
12.615534	1.038317990e-03
12.620535	-2.221759974e-03
12.625535	-3.044941057e-03
12.630535	-3.656130993e-03
12.635535	1.486435426e-03
12.640536	1.706210539e-03
12.645536	-3.101801205e-03
12.650536	-2.214054136e-03
12.655536	-5.123414246e-04
12.660536	-6.577916211e-06
12.665537	4.911860591e-04
12.670537	-3.969911188e-04
12.675537	4.897566323e-04
12.680537	-2.062349793e-03
12.685537	-4.375466215e-03
12.690538	1.703061957e-03
12.695538	2.697805645e-03
12.700538	-2.549186092e-03
12.705538	-3.324367160e-03
12.710538	-6.196955324e-04
12.715539	7.090345185e-04
12.720539	-7.831157886e-04
12.725539	-1.118314984e-03
12.730539	-1.672504774e-03
12.735540	-5.057673461e-04
12.740540	1.261944748e-03
12.745540	-2.505108535e-03
12.750540	-2.552319290e-03
12.755540	8.703230752e-04
12.760541	-7.848192984e-04
12.765541	-2.113975355e-03
12.770541	1.527163707e-04
12.775541	1.203459741e-03
12.780541	-2.391599928e-03
12.785542	-3.490765214e-03
12.790542	7.058452609e-04
12.795542	1.986551525e-04
12.800542	-2.287450985e-03
12.805543	2.072319822e-04
12.810543	3.700138754e-04
12.815543	-1.446120261e-03
12.820543	2.645963084e-04
12.825543	-6.960035569e-05
12.830544	-2.115724361e-03
12.835544	-2.279927969e-03
12.840544	-9.501947421e-04
12.845544	-2.424350349e-04
12.850544	-2.614544712e-03
12.855545	-2.231770978e-03
12.860545	1.084878585e-03
12.865545	-1.772777303e-04
12.870545	-6.264683597e-04
12.875545	9.792540787e-04
12.880546	-1.066868634e-03
12.885546	-2.118033371e-03
12.890546	-4.553129595e-04
12.895546	-4.085239553e-04
12.900547	-7.427186803e-04
12.905547	-1.067913657e-03
12.910547	-1.288112953e-03
12.915547	-2.559267592e-03
12.920547	-6.855553425e-04
12.925548	1.140159071e-03
12.930548	-1.230948578e-03
12.935548	-2.471982336e-04
12.940548	-1.241363960e-03
12.945548	-1.451562772e-03
12.950549	6.411409786e-04
12.955549	-7.450077511e-04
12.960549	-2.007161604e-03
12.965549	-2.896331130e-03
12.970550	-2.618549967e-03
12.975550	2.466027675e-03
12.980550	2.073837483e-03
12.985550	-1.730208026e-03
12.990550	-2.180395501e-03
12.995551	-1.521629828e-03
13.000551	3.709784507e-05
13.005551	-6.220803843e-04
13.010551	5.816625892e-04
13.015551	-2.516412050e-03
13.020552	-3.280585440e-03
13.025552	-1.186879781e-03
13.030552	1.191813933e-03
13.035552	1.029615430e-03
13.040552	-3.558395433e-03
13.045553	-1.627682347e-03
13.050553	-8.059221469e-04
13.055553	1.908757985e-03
13.060553	-9.023276394e-04
13.065554	-2.843449992e-03
13.070554	-3.177357742e-05
13.075554	-1.074933713e-03
13.080554	-1.238130999e-03
13.085554	-8.073533206e-04
13.090555	-4.155738588e-04
13.095555	-1.563729023e-03
13.100555	6.919717305e-04
13.105555	-6.451751651e-04
13.110555	-2.289308924e-03
13.115556	9.693497296e-04
13.120556	-7.997784715e-04
13.125556	-2.682901712e-03
13.130556	-2.463113917e-03
13.135556	5.855541571e-04
13.140557	1.130328446e-03
13.145557	-1.191775672e-03
13.150557	-1.029984896e-03
13.155557	-2.072142980e-03
13.160558	-3.343291231e-03
13.165558	-1.021591571e-03
13.170558	1.351575767e-04
13.175558	-1.088992272e-03
13.180558	-9.072015556e-04
13.185559	-8.594050309e-04
13.190559	-8.116083749e-04
13.195559	-1.680772738e-03
13.200559	-7.460133979e-04
13.205559	1.452692524e-03
13.210560	1.345475767e-04
13.215560	-1.624578555e-03
13.220560	-8.684423583e-05
13.225560	-8.610118352e-04
13.230561	-8.724488506e-05
13.235561	1.755053929e-05
13.240561	-2.849527994e-03
13.245561	-2.075760649e-03
13.250561	-3.070353261e-04
13.255562	1.317464747e-04
13.260562	-2.469342801e-03
13.265562	-2.468542180e-03
13.270562	6.291273655e-04
13.275562	2.595383854e-05
13.280563	1.575532062e-05
13.285563	-2.249347531e-03
13.290563	-1.962558367e-03
13.295563	1.793083961e-03
13.300563	1.620892834e-03
13.305564	1.877552625e-04
13.310564	-2.135344472e-03
13.315564	-3.244495506e-03
13.320564	-6.448035422e-04
13.325565	-6.929992620e-04
13.330565	-1.697154348e-03
13.335565	-9.803822134e-04
13.340565	-6.355941864e-04
13.345565	-1.974734683e-03
13.350566	-7.609832075e-04
13.355566	1.016744506e-03
13.360566	-7.043794100e-04
13.365566	-1.754531621e-03
13.370566	-2.577693317e-03
13.375567	-8.099646501e-04
13.380567	5.767802908e-04
13.385567	-5.903664339e-04
13.390567	-2.139496842e-03
13.395568	-1.919702063e-03
13.400568	-8.679423996e-04
13.405568	-1.365116979e-03
13.410568	5.086081252e-04
13.415568	1.454372677e-03
13.420569	-1.862682033e-03
13.425569	-3.573804649e-03
13.430569	9.558084625e-04
13.435569	7.846208683e-04
13.440569	-1.251487581e-03
13.445570	-5.357124881e-04
13.450570	-1.596861978e-03
13.455570	5.068545769e-04
13.460570	-8.122837171e-04
13.465570	1.334821636e-04
13.470571	-1.693634343e-03
13.475571	-3.911734151e-03
13.480571	1.117859107e-03
13.485571	-1.482224251e-03
13.490572	-1.540415170e-03
13.495572	-1.808597059e-03
13.500572	-2.420764241e-03
13.505572	7.249095002e-04
13.510572	-5.942274627e-04
13.515573	-9.844118610e-05
13.520573	-7.586058014e-04
13.525573	-2.249735078e-03
13.530573	8.379417871e-04
13.535573	-4.331965427e-04
13.540574	-3.253269115e-03
13.545574	7.803680723e-04
13.550574	4.551900649e-04
13.555574	-3.082851688e-03
13.560575	-4.921529668e-04
13.565575	1.726561648e-03
13.570575	-1.581489448e-03
13.575575	-2.260651790e-03
13.580575	-1.679314367e-04
13.585576	-1.038085420e-03
13.590576	-2.806201225e-03
13.595576	-1.869431495e-03
13.600576	1.447237538e-03
13.605576	1.181035360e-04
13.610577	-2.759964708e-03
13.615577	3.947115900e-04
13.620577	-1.592394134e-03
13.625577	-1.268597631e-03
13.630577	-3.228273457e-04
13.635578	-2.310932625e-03
13.640578	-1.431159276e-03
13.645578	4.515717148e-04
13.650578	1.140125507e-05
13.655579	-2.263691330e-03
13.660579	-7.149457864e-04
13.665579	1.083475782e-05
13.670579	5.076251380e-04
13.675579	3.354439950e-04
13.680580	-1.815653172e-03
13.685580	-1.652848239e-03
13.690580	-1.491043129e-03
13.695580	-2.762177175e-03
13.700580	1.145131799e-04
13.705581	1.395271285e-03
13.710581	-1.596789446e-03
13.715581	-3.422899442e-03
13.720581	-1.100185078e-03
13.725581	-5.841630924e-05
13.730582	1.713869949e-04
13.735582	-1.537860535e-04
13.740582	-2.601869025e-03
13.745582	-1.493102557e-03
13.750583	-2.926228260e-03
13.755583	-8.245035913e-04
13.760583	1.383216721e-03
13.765583	-1.169057397e-04
13.770583	-1.102049884e-03
13.775584	-1.379223889e-03
13.780584	1.125272968e-04
13.785584	-2.096564588e-03
13.790584	1.681541188e-04
13.795584	-8.829865553e-04
13.800585	-2.537101548e-03
13.805585	-6.633658718e-04
13.810585	-2.805668935e-04
13.815585	-2.727518930e-04
13.820586	-1.878868379e-03
13.825586	-9.990900516e-04
13.830586	-1.104269859e-03
13.835586	6.249658026e-05
13.840586	-1.106800756e-04
13.845587	-1.831791014e-03
13.850587	7.789146541e-04
13.855587	-5.223371960e-05
13.860587	-1.057374586e-03
13.865587	-1.325546541e-03
13.870588	-2.042699339e-03
13.875588	-1.105922074e-03
13.880588	7.678156297e-04
13.885588	-1.326278424e-03
13.890588	-2.377416530e-03
13.895589	6.052745963e-04
13.900589	-1.881802401e-03
13.905589	-1.499000853e-03
13.910589	-7.246153151e-06
13.915590	-1.213377015e-03
13.920590	-3.905937008e-04
13.925590	-6.478919553e-05
13.930590	5.550029899e-04
13.935590	-5.061334722e-04
13.940591	-1.939254039e-03
13.945591	1.052438062e-03
13.950591	-6.116724460e-04
13.955591	-3.269740707e-03
13.960591	-1.004017441e-03
13.965592	-8.892029107e-04
13.970592	-2.265325077e-03
13.975592	-2.103512266e-03
13.980592	1.041174304e-03
13.985593	1.050339042e-04
13.990593	-1.769066620e-03
13.995593	-1.053276736e-03
14.000593	-1.387442232e-03
14.005593	-7.276497031e-04
14.010594	-5.668358977e-04
14.015594	-2.544931336e-03
14.020594	-1.770143271e-03
14.025594	-1.283342868e-03
14.030594	-1.560509962e-03
14.035595	1.211193907e-03
14.040595	1.048022256e-03
14.045595	-2.384010765e-03
14.050595	-3.372757717e-04
14.055595	1.870452537e-03
14.060596	-2.001561434e-03
14.065596	-1.943741766e-03
14.070596	-2.278905312e-03
14.075596	-1.113132313e-03
14.080597	1.486580071e-03
14.085597	-1.496470882e-03
14.090597	6.552607546e-04
14.095597	-9.508482622e-04
14.100597	-2.604955109e-03
14.105598	-7.223920405e-05
14.110598	-2.721303624e-03
14.115598	9.940035315e-05
14.120598	-1.113724630e-03
14.125598	-9.419081533e-04
14.130599	-6.180979793e-04
14.135599	-4.604105072e-03
14.140599	7.004943517e-04
14.145599	3.357206097e-03
14.150600	-3.323686410e-03
14.155600	-3.543852505e-03
14.160600	3.188085578e-04
14.165600	-4.553337927e-04
14.170600	-2.168436225e-03
14.175601	3.162836287e-04
14.180601	2.691108893e-04
14.185601	-2.215958426e-03
14.190601	-3.422122754e-04
14.195601	-1.174351347e-03
14.200602	-1.289520657e-03
14.205602	-1.774859121e-05
14.210602	-7.348921230e-04
14.215602	-1.281042762e-03
14.220602	-2.872585073e-04
14.225603	1.435497367e-04
14.230603	-1.509553592e-03
14.235603	-9.467506655e-04
14.240603	-5.079423486e-04
14.245604	6.978336113e-04
14.250604	-7.942759888e-04
14.255604	-2.276385875e-03
14.260604	-8.416192048e-04
14.265604	5.341501025e-04
14.270605	-1.511935477e-03
14.275605	-3.825009608e-03
14.280605	-1.617275136e-03
14.285605	-2.151459918e-05
14.290605	-6.868431775e-05
14.295606	-6.708303857e-04
14.300606	-8.439944910e-04
14.305606	-2.125111517e-03
14.310606	2.556164508e-04
14.315606	1.039412215e-03
14.320607	-1.121667117e-03
14.325607	-1.570818840e-03
14.330607	-2.335957039e-03
14.335607	-5.102048688e-04
14.340608	-5.193748199e-04
14.345608	-9.025287884e-04
14.350608	-2.917247305e-04
14.355608	-1.342850123e-03
14.360608	-1.839998848e-03
14.365609	-2.347147011e-03
14.370609	-7.973821829e-04
14.375609	4.833941799e-04
14.380609	-9.037162875e-04
14.385609	-1.678852545e-03
14.390610	-9.530522547e-04
14.395610	-6.262349226e-04
14.400610	-1.907349328e-03
14.405610	-1.182548582e-03
14.410611	6.442056166e-04
14.415611	4.720446419e-04
14.420611	-2.177011255e-03
14.425611	-8.482355436e-04
14.430611	2.615495837e-04
14.435612	-1.737533436e-03
14.440612	-1.633705412e-03
14.445612	-1.229889959e-03
14.450612	-5.700852134e-04
14.455612	-1.298221526e-03
14.460613	-1.786367868e-03
14.465613	-1.844532288e-03
14.470613	-3.627618134e-04
14.475613	1.082010367e-03
14.480613	8.148552170e-04
14.485614	-3.555125968e-03
14.490614	-1.242390145e-03
14.495614	-1.241556234e-03
14.500614	-3.335633428e-03
14.505615	1.910513797e-04
14.510615	-1.415046211e-03
14.515615	1.437222493e-04
14.520615	2.361462930e-03
14.525615	-2.180509859e-03
14.530616	-2.630655870e-03
14.535616	1.089021594e-03
14.540616	-1.014054108e-03
14.545616	-2.076173774e-03
14.550616	-8.043921831e-04
14.555617	-3.545756282e-04
14.560617	-2.457650775e-03
14.565617	-1.129871139e-03
14.570617	-1.830752226e-04
14.575618	-7.472151528e-04
14.580618	-1.082364646e-03
14.585618	2.554151227e-04
14.590618	2.406160587e-03
14.595618	-2.689786785e-03
14.600619	-2.898941060e-03
14.605619	6.377461031e-04
14.610619	-1.629320704e-03
14.615619	-4.390366444e-03
14.620619	1.411225179e-03
14.625620	1.631053426e-03
14.630620	3.029473940e-04
14.635620	-6.351750208e-04
14.640620	-4.153463558e-04
14.645620	2.127384033e-03
14.650621	3.293172899e-03
14.655621	1.025171648e-02
14.660621	3.942822308e-03
14.665621	-2.356072147e-03
14.670622	6.926375018e-04
14.675622	2.241410839e-03
14.680622	1.964261676e-03
14.685622	1.409124430e-03
14.690622	-9.719353169e-04
14.695623	-3.065007125e-03
14.700623	-3.122840981e-04
14.705623	3.465277825e-04
14.710623	-1.411557799e-03
14.715623	-4.647578406e-04
14.720624	6.273796876e-03
14.725624	1.588023023e-02
14.730624	2.058387144e-02
14.735624	1.390099521e-02
14.740624	1.521360471e-03
14.745625	2.502552360e-04
14.750625	3.395963011e-03
14.755625	-2.463947528e-03
14.760625	-2.571996909e-04
14.765626	2.620519858e-03
14.770626	1.014429516e-03
14.775626	1.632862244e-02
14.780626	2.804796781e-02
14.785626	1.051455269e-02
14.790627	4.688204770e-04
14.795627	2.619571667e-03
14.800627	2.170433147e-03
14.805627	-6.406051641e-04
14.810627	-2.878835311e-05
14.815628	2.467300797e-02
14.820628	2.864768258e-02
14.825628	6.986443467e-03
14.830628	2.293485589e-03
14.835629	2.016340765e-03
14.840629	-1.472667841e-03
14.845629	1.825733996e-02
14.850629	3.339854232e-02
14.855629	1.400220809e-02
14.860630	2.234550793e-03
14.865630	-2.594992640e-04
14.870630	4.443145913e-03
14.875630	2.749001403e-02
14.880630	2.665789398e-02
14.885631	6.487593388e-03
14.890631	1.947630714e-03
14.895631	-1.312386048e-03
14.900631	1.163091084e-02
14.905631	3.401780776e-02
14.910632	1.809232802e-02
14.915632	1.287885669e-03
14.920632	1.506722220e-03
14.925632	1.621563318e-03
14.930633	2.589238113e-02
14.935633	3.213296298e-02
14.940633	9.573765139e-03
14.945633	1.300117740e-04
14.950633	2.174771810e-03
14.955634	2.918947407e-02
14.960634	2.925631819e-02
14.965634	5.711162831e-03
14.970634	-1.419687821e-03
14.975634	9.477697856e-03
14.980635	3.406350373e-02
14.985635	2.029793460e-02
14.990635	2.440538967e-03
14.995635	9.295096493e-03
15.000636	3.296394178e-02
15.005636	2.146327725e-02
15.010636	2.669921842e-03
15.015636	5.758639482e-03
15.020636	2.626261942e-02
15.025637	3.411913534e-02
15.030637	1.952347096e-03
15.035637	1.178977937e-02
15.040637	3.831550475e-02
15.045637	1.842219693e-02
15.050638	-1.422112824e-03
15.055638	1.642398071e-02
15.060638	3.644198237e-02
15.065638	1.665367067e-02
15.070638	2.668113257e-03
15.075639	3.146074358e-02
15.080639	2.924168794e-02
15.085639	5.592540373e-03
15.090639	1.511563895e-03
15.095640	2.234153214e-02
15.100640	3.549382582e-02
15.105640	9.243789014e-03
15.110640	-9.839264749e-04
15.115640	2.461484030e-02
15.120641	3.395429608e-02
15.125641	8.297234719e-03
15.130641	1.997353384e-03
15.135641	2.847608344e-02
15.140641	3.290174798e-02
15.145642	6.422722007e-03
15.150642	2.144993766e-02
15.155642	3.588417858e-02
15.160642	1.029411538e-02
15.165643	2.195647402e-02
15.170643	3.427780488e-02
15.175643	9.461709311e-03
15.180643	2.001511536e-02
15.185643	3.936214899e-02
15.190644	1.344710040e-02
15.195644	9.844106653e-03
15.200644	3.681981750e-02
15.205644	2.068435500e-02
15.210644	2.134318112e-02
15.215645	3.538444039e-02
15.220645	2.029093417e-02
15.225645	3.654210010e-02
15.230645	2.139959625e-02
15.235645	2.311037850e-02
15.240646	3.830958943e-02
15.245646	1.238454282e-02
15.250646	2.814773014e-02
15.255646	3.190442628e-02
15.260647	2.708648585e-02
15.265647	3.499200651e-02
15.270647	1.790958598e-02
15.275647	3.421775092e-02
15.280647	3.134972844e-02
15.285648	3.300251458e-02
15.290648	2.830956971e-02
15.295648	1.382703974e-02
15.300648	3.648193649e-02
15.305648	3.975065473e-02
15.310649	3.653864769e-02
15.315649	2.935080923e-02
15.320649	3.720833349e-02
15.325649	2.604266385e-02
15.330649	3.736004180e-02
15.335650	2.592738376e-02
15.340650	1.741960194e-02
15.345650	4.283838287e-02
15.350650	3.985536727e-02
15.355651	3.079160943e-02
15.360651	2.604166897e-02
15.365651	3.636608999e-02
15.370651	2.570640020e-02
15.375651	3.853471542e-02
15.380652	2.344121376e-02
15.385652	2.769489256e-02
15.390652	3.332551316e-02
15.395652	2.648066245e-02
15.400652	3.819902541e-02
15.405653	1.907169537e-02
15.410653	3.393592534e-02
15.415653	2.708207559e-02
15.420653	2.896585579e-02
15.425654	3.355352158e-02
15.430654	2.061992984e-02
15.435654	4.034995437e-02
15.440654	1.646982669e-02
15.445654	1.111691421e-02
15.450655	3.814163011e-02
15.455655	2.050423837e-02
15.460655	1.238844338e-02
15.465655	3.703226058e-02
15.470655	2.127778950e-02
15.475656	4.482362664e-03
15.480656	3.448895309e-02
15.485656	2.763410538e-02
15.490656	2.771020787e-03
15.495656	2.167008224e-02
15.500657	3.680230343e-02
15.505657	1.055127806e-02
15.510657	3.995707547e-04
15.515657	2.973719053e-02
15.520658	3.095000202e-02
15.525658	4.537984048e-03
15.530658	1.154990539e-03
15.535658	8.678535092e-03
15.540658	3.355034478e-02
15.545659	2.459258790e-02
15.550659	2.712378642e-03
15.555659	1.211306119e-03
15.560659	7.729893966e-03
15.565659	3.310968286e-02
15.570660	2.249899671e-02
15.575660	8.287792822e-04
15.580660	2.214585167e-03
15.585660	1.675366375e-04
15.590661	3.752249648e-03
15.595661	2.896104664e-02
15.600661	2.885591627e-02
15.605661	2.758887253e-03
15.610661	-2.051043501e-03
15.615662	2.929611085e-03
15.620662	4.925800844e-04
15.625662	-2.384432132e-03
15.630662	1.673257926e-04
15.635662	2.811871484e-04
15.640663	-2.547826670e-03
15.645663	-2.327969517e-03
15.650663	-1.764126794e-03
15.655663	7.206346887e-04
15.660663	1.208480919e-03
15.665664	9.313597039e-04
15.670664	-1.162684389e-03
15.675664	-2.988739692e-03
15.680664	-2.825879116e-03
15.685665	-2.271035004e-03
15.690665	1.656666353e-03
15.695665	-1.696467680e-02
15.700665	-3.449606599e-02
15.705665	-1.244413207e-02
15.710666	-2.931666754e-03
15.715666	-4.757720904e-03
15.720666	-7.250231301e-04
15.725666	-1.719445659e-02
15.730666	-3.742073073e-02
15.735667	-1.757670241e-02
15.740667	-7.725451583e-04
15.745667	-3.210572515e-03
15.750667	-6.862548295e-03
15.755667	-3.311156655e-02
15.760668	-2.858088872e-02
15.765668	-1.384171050e-03
15.770668	-1.939277459e-03
15.775668	-5.869240739e-03
15.780669	-2.321520686e-03
15.785669	-1.442687414e-03
15.790669	-5.209657167e-03
15.795669	-4.090833774e-03
15.800669	-1.998051501e-03
15.805670	1.701662836e-03
15.810670	1.214554702e-03
15.815670	-2.552414328e-03
15.820670	-1.166601524e-03
15.825670	-3.347651046e-04
15.830671	4.709052413e-05
15.835671	-2.772918047e-03
15.840671	-2.871512668e-04
15.845671	1.617019575e-04
15.850672	-6.123928602e-04
15.855672	-1.004503717e-03
15.860672	-7.856403142e-04
15.865672	-2.439697416e-03
15.870672	-1.444866599e-03
15.875673	2.091856669e-03
15.880673	1.097772040e-03
15.885673	1.154643030e-03
15.890673	-1.164295731e-04
15.895673	-7.285299506e-04
15.900674	-9.486467905e-04
15.905674	-7.867796691e-04
15.910674	-1.226886899e-03
15.915674	-2.161973012e-03
15.920674	-7.861568877e-04
15.925675	3.786683209e-04
15.930675	-9.973986742e-04
15.935675	-1.723493062e-03
15.940675	-6.816622072e-04
15.945676	1.258130748e-03
15.950676	5.400364568e-04
15.955676	-3.931898649e-03
15.960676	-3.760030355e-03
15.965676	4.368421124e-05
15.970677	-1.300388713e-02
15.975677	-3.831793863e-02
15.980677	-1.968685182e-02
15.985677	-4.486619518e-03
15.990677	-3.411148794e-02
15.995678	-2.841485270e-02
16.000678	-1.891237856e-02
16.005678	-3.693173824e-02
16.010678	-2.997315603e-02
16.015679	-3.533605165e-02
16.020679	-3.168432904e-02
16.025679	-3.654024584e-02
16.030679	-3.521142453e-02
16.035679	-3.820441997e-02
16.040680	-4.936906906e-02
16.045680	-4.572634534e-02
16.050680	-4.820436216e-02
16.055680	-4.345268514e-02
16.060680	-4.683566333e-02
16.065681	-4.870070569e-02
16.070681	-4.731488563e-02
16.075681	-4.755399658e-02
16.080681	-4.970502638e-02
16.085681	-5.650185921e-02
16.090682	-6.932043676e-02
16.095682	-5.196029276e-02
16.100682	-4.793658359e-02
16.105682	-6.208510436e-02
16.110683	-6.540108393e-02
16.115683	-6.600317834e-02
16.120683	-5.483877111e-02
16.125683	-6.285955092e-02
16.130683	-6.987637311e-02
16.135684	-6.385374761e-02
16.140684	-6.651075422e-02
16.145684	-6.351900002e-02
16.150684	-6.704696944e-02
16.155684	-7.396779497e-02
16.160685	-7.241897919e-02
16.165685	-7.047917983e-02
16.170685	-7.496210821e-02
16.175685	-8.690072057e-02
16.180686	-9.011370246e-02
16.185686	-7.861430754e-02
16.190686	-7.374863141e-02
16.195686	-7.728559914e-02
16.200686	-8.175952703e-02
16.205687	-8.761939605e-02
16.210687	-8.955043138e-02
16.215687	-8.518173346e-02
16.220687	-8.170199774e-02
16.225687	-7.927421731e-02
16.230688	-6.739283725e-02
16.235688	-6.872189735e-02
16.240688	-7.772663211e-02
16.245688	-7.496386528e-02
16.250688	-6.208752679e-02
16.255689	-5.390598925e-02
16.260689	-5.733695957e-02
16.265689	-4.428862793e-02
16.270689	-3.925195671e-02
16.275690	-5.069458716e-02
16.280690	-4.539792666e-02
16.285690	-2.930972322e-02
16.290690	-3.771348198e-02
16.295690	-2.920595708e-02
16.300691	-3.467283997e-02
16.305691	-3.367899644e-02
16.310691	-1.301198627e-02
16.315691	-3.721607487e-02
16.320691	-2.826056822e-02
16.325692	-4.830674664e-03
16.330692	-5.766748637e-03
16.335692	-2.090822062e-02
16.340692	-3.505673452e-02
16.345692	-1.522168807e-02
16.350693	-1.896365675e-03
16.355693	-1.562492719e-03
16.360693	-9.116330464e-04
16.365693	-2.842663839e-03
16.370694	-4.936687579e-03
16.375694	-3.998839625e-03
16.380694	2.407485880e-02
16.385694	3.452230415e-02
16.390694	8.437297431e-03
16.395695	2.576434016e-03
16.400695	3.209407185e-02
16.405695	3.059402397e-02
16.410695	2.103531766e-02
16.415695	3.602457147e-02
16.420696	2.357698785e-02
16.425696	3.208451656e-02
16.430696	2.899753665e-02
16.435696	3.054536053e-02
16.440697	3.545904194e-02
16.445697	3.601290822e-02
16.450697	3.281093377e-02
16.455697	3.120489185e-02
16.460697	4.042839126e-02
16.465698	3.867035607e-02
16.470698	4.171011776e-02
16.475698	4.308695005e-02
16.480698	4.513175419e-02
16.485698	4.457666863e-02
16.490699	4.618349162e-02
16.495699	4.435746020e-02
16.500699	4.618227424e-02
16.505699	4.452823583e-02
16.510699	4.507510431e-02
16.515700	4.590596091e-02
16.520700	4.663082215e-02
16.525700	4.380283406e-02
16.530700	4.529466310e-02
16.535701	4.557954342e-02
16.540701	3.799875714e-02
16.545701	4.314243190e-02
16.550701	4.790212307e-02
16.555701	3.528455063e-02
16.560702	3.468246926e-02
16.565702	3.451936945e-02
16.570702	3.219636129e-02
16.575702	3.590509773e-02
16.580702	1.213199865e-02
16.585703	9.865988519e-03
16.590703	3.446084051e-02
16.595703	2.224525221e-02
16.600703	1.473026582e-03
16.605704	5.008771234e-03
16.610704	2.963752477e-03
16.615704	-5.252049568e-04
16.620704	5.736433831e-04
16.625704	-6.314105190e-04
16.630705	8.545429963e-05
16.635705	5.263309587e-04
16.640705	-9.253359215e-03
16.645705	-3.462338872e-02
16.650705	-2.340996802e-02
16.655706	-2.954938721e-03
16.660706	-2.715901718e-02
16.665706	-4.618131503e-02
16.670706	-4.153461553e-02
16.675706	-4.054076112e-02
16.680707	-6.164897015e-02
16.685707	-5.982215073e-02
16.690707	-5.668638662e-02
16.695707	-7.160985724e-02
16.700708	-7.060500256e-02
16.705708	-7.579588523e-02
16.710708	-7.414305770e-02
16.715708	-8.033589763e-02
16.720708	-9.050756883e-02
16.725709	-9.310856064e-02
16.730709	-9.337565118e-02
16.735709	-9.530667107e-02
16.740709	-9.609073941e-02
16.745709	-9.376793924e-02
16.750710	-1.025536683e-01
16.755710	-1.053726500e-01
16.760710	-1.001249733e-01
16.765710	-1.004510603e-01
16.770711	-1.024950743e-01
16.775711	-9.907431979e-02
16.780711	-9.293768016e-02
16.785711	-9.028889261e-02
16.790711	-8.536720121e-02
16.795712	-8.359837608e-02
16.800712	-7.944865168e-02
16.805712	-7.326501331e-02
16.810712	-7.072322048e-02
16.815712	-6.949837172e-02
16.820713	-6.762455030e-02
16.825713	-6.519775216e-02
16.830713	-6.502585834e-02
16.835713	-6.474696890e-02
16.840713	-6.060924281e-02
16.845714	-5.839243518e-02
16.850714	-5.817154284e-02
16.855714	-5.635471797e-02
16.860714	-5.546585364e-02
16.865715	-5.413900771e-02
16.870715	-5.193019900e-02
16.875715	-5.236927796e-02
16.880715	-5.391930971e-02
16.885715	-5.519035312e-02
16.890716	-5.546643854e-02
16.895716	-5.740845323e-02
16.900716	-5.767653870e-02
16.905716	-5.573471764e-02
16.910716	-5.713175497e-02
16.915717	-5.475195217e-02
16.920717	-5.330710962e-02
16.925717	-5.530512104e-02
16.930717	-5.646316791e-02
16.935717	-5.789620298e-02
16.940718	-5.574438978e-02
16.945718	-5.497251797e-02
16.950718	-6.049637927e-02
16.955718	-6.083046030e-02
16.960719	-6.293446620e-02
16.965719	-6.497147479e-02
16.970719	-6.464658330e-02
16.975719	-7.138439243e-02
16.980719	-7.480834181e-02
16.985720	-7.487343335e-02
16.990720	-7.757841289e-02
16.995720	-7.663454688e-02
17.000720	-7.669063835e-02
17.005720	-8.216750001e-02
17.010721	-8.221659149e-02
17.015721	-8.006477606e-02
17.020721	-7.448310580e-02
17.025721	-7.625312391e-02
17.030722	-7.387131778e-02
17.035722	-6.663571715e-02
17.040722	-6.321295482e-02
17.045722	-6.004818142e-02
17.050722	-5.281258033e-02
17.055723	-4.601596050e-02
17.060723	-4.591105702e-02
17.065723	-4.187831979e-02
17.070723	-4.098944922e-02
17.075723	-4.120853155e-02
17.080724	-4.419049669e-02
17.085724	-4.148570260e-02
17.090724	-3.945087999e-02
17.095724	-3.905898761e-02
17.100724	-3.507124744e-02
17.105725	-3.729024415e-02
17.110725	-3.789230922e-02
17.115725	-3.623846972e-02
17.120725	-3.015981753e-02
17.125726	-4.087445371e-02
17.130726	-4.076954814e-02
17.135726	-3.861972905e-02
17.140726	-4.430757775e-02
17.145726	-3.707097389e-02
17.150727	-3.568512199e-02
17.155727	-3.700315538e-02
17.160727	-2.949956237e-02
17.165727	-3.657535153e-02
17.170727	-1.860420171e-02
17.175728	-5.391850124e-03
17.180728	-7.829835323e-03
17.185728	-2.744139132e-03
17.190728	-2.639231768e-03
17.195729	3.995514431e-04
17.200729	-3.347377702e-03
17.205729	-7.565752126e-04
17.210729	-9.766534836e-04
17.215729	5.721934498e-04
17.220730	-3.576718068e-03
17.225730	-2.525849738e-03
17.230730	1.230904100e-03
17.235730	-2.248035355e-03
17.240730	7.917491573e-04
17.245731	4.442507934e-03
17.250731	2.013875652e-02
17.255731	3.367509677e-02
17.260731	6.153176702e-03
17.265731	7.148048599e-03
17.270732	3.488778753e-02
17.275732	2.196224950e-02
17.280732	1.508030591e-03
17.285732	3.202065249e-02
17.290733	3.174357903e-02
17.295733	6.861548158e-03
17.300733	3.909309768e-02
17.305733	2.760249975e-02
17.310733	1.493695175e-02
17.315734	3.947682760e-02
17.320734	1.704069385e-02
17.325734	3.025105000e-02
17.330734	3.069094736e-02
17.335734	2.483011181e-02
17.340735	3.638853839e-02
17.345735	2.268003563e-02
17.350735	3.963723378e-02
17.355735	2.604472640e-02
17.360735	3.329033631e-02
17.365736	2.831046433e-02
17.370736	2.577648888e-02
17.375736	4.014279755e-02
17.380736	9.795000795e-03
17.385737	3.356791123e-02
17.390737	2.958999755e-02
17.395737	2.013531606e-02
17.400737	3.676952939e-02
17.405737	2.211606846e-02
17.410738	3.327851392e-02
17.415738	3.163550206e-02
17.420738	3.318435513e-02
17.425738	3.433122537e-02
17.430738	3.510511157e-02
17.435739	3.887087115e-02
17.440739	3.815482077e-02
17.445739	4.610840323e-02
17.450739	4.091754274e-02
17.455740	4.246639685e-02
17.460740	4.499820947e-02
17.465740	4.787400766e-02
17.470740	5.008483417e-02
17.475740	5.047673790e-02
17.480741	4.810475888e-02
17.485741	5.141253937e-02
17.490741	5.141246015e-02
17.495741	4.787553094e-02
17.500741	5.318022727e-02
17.505742	5.136422544e-02
17.510742	4.759730642e-02
17.515742	5.212803600e-02
17.520742	5.064802038e-02
17.525742	5.019896124e-02
17.530743	4.991989505e-02
17.535743	4.788390344e-02
17.540743	4.953875561e-02
17.545743	5.013965258e-02
17.550744	5.063755407e-02
17.555744	5.190842296e-02
17.560744	5.058840177e-02
17.565744	4.600051918e-02
17.570744	4.770137030e-02
17.575745	5.030218344e-02
17.580745	4.600028918e-02
17.585745	4.439528082e-02
17.590745	4.538916249e-02
17.595745	4.278719666e-02
17.600746	4.406006682e-02
17.605746	4.550392988e-02
17.610746	4.511187087e-02
17.615746	4.920162214e-02
17.620747	5.030949988e-02
17.625747	4.328572230e-02
17.630747	4.533056065e-02
17.635747	5.202120232e-02
17.640747	4.709933613e-02
17.645748	4.787322878e-02
17.650748	4.776715886e-02
17.655748	4.682212463e-02
17.660748	4.373418135e-02
17.665748	4.379010502e-02
17.670749	4.737587928e-02
17.675749	5.013768861e-02
17.680749	5.019561264e-02
17.685749	4.638170087e-02
17.690749	5.290035148e-02
17.695750	5.368424521e-02
17.700750	4.660047242e-02
17.705750	4.516746037e-02
17.710750	4.439342056e-02
17.715751	4.792019868e-02
17.720751	4.202137629e-02
17.725751	4.057836527e-02
17.730751	3.809339854e-02
17.735751	3.063664261e-02
17.740752	3.349444982e-02
17.745752	2.643067754e-02
17.750752	3.511023841e-02
17.755752	2.078977387e-02
17.760752	1.896478009e-02
17.765753	3.598898786e-02
17.770753	1.488181132e-02
17.775753	1.338180422e-02
17.780753	3.438384391e-02
17.785754	2.162231424e-02
17.790754	1.111568917e-02
17.795754	3.289169653e-02
17.800754	2.405900085e-02
17.805754	2.053863403e-03
17.810755	1.636418751e-02
17.815755	3.461134498e-02
17.820755	1.481511440e-02
17.825755	5.696431589e-03
17.830755	3.113228494e-02
17.835756	2.980327240e-02
17.840756	7.693140460e-03
17.845756	1.995313320e-03
17.850756	3.601176891e-03
17.855756	2.774808561e-02
17.860757	2.470814631e-02
17.865757	4.433937337e-03
17.870757	1.775982159e-03
17.875757	-2.143919403e-03
17.880758	9.538818634e-04
17.885758	-2.536037614e-03
17.890758	-4.431934687e-04
17.895758	-1.187477618e-02
17.900758	-3.370791804e-02
17.905759	-1.679870118e-02
17.910759	-1.646409726e-03
17.915759	-1.154005699e-02
17.920759	-3.536211399e-02
17.925759	-2.774450286e-02
17.930760	-9.877024551e-04
17.935760	-3.032681642e-03
17.940760	-4.142700291e-03
17.945760	-2.861820084e-03
17.950760	-3.310866435e-03
17.955761	-2.153980673e-03
17.960761	1.611794707e-03
17.965761	4.557787626e-04
17.970761	1.611665019e-03
17.975762	-7.113011826e-04
17.980762	-2.097306930e-03
17.985762	2.315755877e-02
17.990762	3.063317788e-02
17.995762	6.258146569e-03
18.000763	5.434554330e-05
18.005763	-1.821638690e-03
18.010763	8.931827270e-04
18.015763	3.046028105e-03
18.020763	1.277039791e-03
18.025764	-1.265915580e-03
18.030764	-1.647962352e-03
18.035764	1.333848509e-03
18.040764	-2.873035912e-03
18.045765	1.387419204e-02
18.050765	3.244934271e-02
18.055765	1.271911643e-02
18.060765	-4.923858878e-04
18.065765	6.735028159e-04
18.070766	8.406113455e-03
18.075766	3.410196319e-02
18.080766	2.432431600e-02
18.085766	1.382669946e-02
18.090766	3.653867606e-02
18.095767	1.984032254e-02
18.100767	2.581400861e-02
18.105767	3.455157773e-02
18.110767	2.730482421e-02
18.115767	3.488444270e-02
18.120768	2.604375702e-02
18.125768	3.681624053e-02
18.130768	3.062144305e-02
18.135768	3.609015157e-02
18.140769	3.997092752e-02
18.145769	3.421611186e-02
18.150769	3.481802703e-02
18.155769	3.797183423e-02
18.160769	3.272399754e-02
18.165770	3.477985157e-02
18.170770	3.808765270e-02
18.175770	3.388177232e-02
18.180770	3.405270666e-02
18.185770	3.990240055e-02
18.190771	3.747544526e-02
18.195771	3.665342212e-02
18.200771	4.018021488e-02
18.205771	4.035114998e-02
18.210772	4.466290979e-02
18.215772	4.631778231e-02
18.220772	4.875462186e-02
18.225772	4.726362797e-02
18.230772	4.726357107e-02
18.235773	4.421364353e-02
18.240773	4.946136459e-02
18.245773	5.306515546e-02
18.250773	4.748233569e-02
18.255773	5.422199400e-02
18.260774	5.521689585e-02
18.265774	4.472028472e-02
18.270774	4.903004643e-02
18.275774	4.802703338e-02
18.280774	4.615405734e-02
18.285775	5.096179841e-02
18.290775	4.825685792e-02
18.295775	4.002615170e-02
18.300775	4.232999931e-02
18.305776	4.210995400e-02
18.310776	4.002598781e-02
18.315776	4.742561998e-02
18.320776	5.056943260e-02
18.325776	4.632455842e-02
18.330777	4.167970134e-02
18.335777	4.089568083e-02
18.340777	4.140260578e-02
18.345777	3.819968806e-02
18.350777	4.244345499e-02
18.355778	4.536927792e-02
18.360778	4.841809578e-02
18.365778	3.703352530e-02
18.370778	3.355462003e-02
18.375779	3.863935210e-02
18.380779	3.995724390e-02
18.385779	4.189910942e-02
18.390779	3.847720235e-02
18.395779	3.637223963e-02
18.400780	4.222393995e-02
18.405780	4.399281341e-02
18.410780	3.111530755e-02
18.415780	3.294117890e-02
18.420780	4.438464292e-02
18.425781	4.488057092e-02
18.430781	4.460353182e-02
18.435781	3.951869656e-02
18.440781	4.250951931e-02
18.445781	2.946102176e-02
18.450782	2.990195284e-02
18.455782	5.742273677e-02
18.460782	4.039640821e-02
18.465782	3.471859898e-02
18.470783	3.603849344e-02
18.475783	3.453750756e-02
18.480783	3.532042506e-02
18.485783	2.310489344e-02
18.490783	3.951814903e-02
18.495784	2.614466676e-02
18.500784	2.769255247e-02
18.505784	3.250030022e-02
18.510784	7.456312856e-03
18.515784	1.426197626e-02
18.520785	3.333212020e-02
18.525785	2.033162304e-02
18.530785	2.437333374e-03
18.535785	3.432243572e-03
18.540785	-1.548592901e-03
18.545786	3.332800215e-04
18.550786	-2.323654606e-03
18.555786	6.121739678e-04
18.560786	3.316012522e-03
18.565787	1.408850938e-02
18.570787	1.889825902e-02
18.575787	7.962675894e-03
18.580787	8.238617920e-03
18.585787	5.246698550e-03
18.590788	-2.211157712e-04
18.595788	6.108031558e-04
18.600788	8.787461292e-04
18.605788	4.957168346e-04
18.610788	-1.654237448e-03
18.615789	-2.764235638e-03
18.620789	-3.843815329e-04
18.625789	1.155508312e-03
18.630789	-3.432342075e-03
18.635790	-1.597464424e-03
18.640790	1.546357922e-03
18.645790	-1.501557251e-03
18.650790	-1.214613561e-03
18.655790	-9.386692540e-04
18.660791	-2.047666118e-03
18.665791	-2.706681894e-03
18.670791	-1.214788647e-03
18.675791	5.611411509e-05
18.680791	6.090474480e-04
18.685792	2.750185114e-04
18.690792	-9.379730335e-04
18.695792	-1.712982982e-03
18.700792	-1.169048660e-03
18.705792	1.598525584e-04
18.710793	-3.041054155e-03
18.715793	-9.381854234e-04
18.720793	1.660662447e-03
18.725793	-9.962668567e-04
18.730794	-2.487245406e-03
18.735794	-1.436331497e-03
18.740794	-3.364195121e-04
18.745794	-1.273421076e-03
18.750794	-1.641582064e-02
18.755795	-3.377512613e-02
18.760795	-1.774384614e-02
18.765795	-3.266247142e-04
18.770795	-4.915470797e-03
18.775795	-2.697957634e-02
18.780796	-3.305835900e-02
18.785796	-7.238492964e-03
18.790796	-1.774408776e-02
18.795796	-3.941420939e-02
18.800797	-2.172199855e-02
18.805797	-2.984669376e-02
18.810797	-3.128067229e-02
18.815797	-2.741887504e-02
18.820797	-3.930941024e-02
18.825798	-3.702554583e-02
18.830798	-3.713957967e-02
18.835798	-4.460630184e-02
18.840798	-6.378252776e-02
18.845798	-4.482536915e-02
18.850799	-4.344846554e-02
18.855799	-5.864785950e-02
18.860799	-5.957585794e-02
18.865799	-6.511066105e-02
18.870799	-5.881196536e-02
18.875800	-6.427977100e-02
18.880800	-7.146750363e-02
18.885800	-7.019659447e-02
18.890800	-7.666735716e-02
18.895801	-7.461148096e-02
18.900801	-7.930631859e-02
18.905801	-8.661904515e-02
18.910801	-8.086432520e-02
18.915801	-8.456420453e-02
18.920802	-9.407483751e-02
18.925802	-9.545081499e-02
18.930802	-8.075047344e-02
18.935802	-8.053051823e-02
18.940802	-8.418139887e-02
18.945803	-8.307348097e-02
18.950803	-8.583539897e-02
18.955803	-8.236458088e-02
18.960803	-8.401854552e-02
18.965803	-8.329261083e-02
18.970804	-7.577996353e-02
18.975804	-6.958526024e-02
18.980804	-8.190677230e-02
18.985804	-8.649561183e-02
18.990805	-7.893396600e-02
18.995805	-7.859901383e-02
19.000805	-6.709953452e-02
19.005805	-6.898348804e-02
19.010805	-8.064502715e-02
19.015806	-7.030149841e-02
19.020806	-6.743465276e-02
19.025806	-6.854363850e-02
19.030806	-6.090499470e-02
19.035806	-6.223497077e-02
19.040807	-6.516987870e-02
19.045807	-6.069510040e-02
19.050807	-5.881221214e-02
19.055807	-5.637534719e-02
19.060808	-4.830772066e-02
19.065808	-4.732179393e-02
19.070808	-4.903275280e-02
19.075808	-4.133811000e-02
19.080808	-3.990420180e-02
19.085809	-3.073762106e-02
19.090809	-2.205801953e-02
19.095809	-4.140623039e-02
19.100809	-2.283204777e-02
19.105809	-8.013705869e-03
19.110810	-2.868186034e-02
19.115810	-2.913287121e-02
19.120810	-6.582856429e-03
19.125810	-2.987038449e-03
19.130810	-8.292843177e-03
19.135811	-8.015884280e-03
19.140811	-2.626314041e-02
19.145811	-3.079397751e-02
19.150811	-5.970058146e-03
19.155812	1.379601709e-03
19.160812	-1.449307043e-03
19.165812	-1.715324225e-03
19.170812	-4.364240297e-03
19.175812	-4.708253869e-03
19.180813	-2.882359222e-03
19.185813	-7.796178878e-03
19.190813	-2.945628888e-02
19.195813	-2.542448724e-02
19.200813	-1.554525930e-03
19.205814	-3.396046342e-04
19.210814	-5.205425560e-03
19.215814	-1.597899604e-02
19.220814	-3.388426421e-02
19.225815	-1.973489030e-02
19.230815	-2.824633213e-03
19.235815	-2.698063610e-02
19.240815	-3.249642857e-02
19.245815	-1.624814298e-02
19.250816	-3.786925280e-02
19.255816	-3.482940730e-02
19.260816	-3.471543767e-02
19.265816	-3.592841168e-02
19.270816	-3.509747213e-02
19.275817	-3.554647820e-02
19.280817	-3.488753106e-02
19.285817	-3.636949306e-02
19.290817	-3.503957404e-02
19.295817	-3.449462161e-02
19.300818	-2.559602295e-02
19.305818	-3.852949916e-02
19.310818	-2.625504322e-02
19.315818	-3.471470868e-02
19.320819	-2.626509038e-02
19.325819	-2.874100905e-02
19.330819	-3.736366714e-02
19.335819	-2.537619828e-02
19.340819	-3.803268516e-02
19.345820	-3.305291909e-02
19.350820	-3.924567952e-02
19.355820	-4.267855673e-02
19.360820	-4.748637552e-02
19.365820	-5.057226712e-02
19.370821	-5.134825644e-02
19.375821	-5.517311642e-02
19.380821	-6.246682929e-02
19.385821	-6.428177412e-02
19.390822	-6.328783781e-02
19.395822	-6.754167901e-02
19.400822	-6.925162784e-02
19.405822	-7.147055494e-02
19.410822	-7.291351477e-02
19.415823	-7.755133909e-02
19.420823	-7.920528968e-02
19.425823	-8.114222812e-02
19.430823	-8.285517590e-02
19.435823	-8.180524059e-02
19.440824	-8.247323234e-02
19.445824	-8.230125952e-02
19.450824	-7.550456722e-02
19.455824	-6.843088650e-02
19.460824	-6.599300922e-02
19.465825	-6.688199084e-02
19.470825	-6.632903340e-02
19.475825	-6.263020909e-02
19.480825	-6.085930294e-02
19.485826	-6.030434513e-02
19.490826	-5.847944096e-02
19.495826	-5.975240540e-02
19.500826	-5.881546331e-02
19.505826	-5.892847658e-02
19.510827	-5.698957663e-02
19.515827	-5.339574665e-02
19.520827	-5.821156021e-02
19.525827	-5.909054042e-02
19.530827	-5.538371477e-02
19.535828	-5.222886557e-02
19.540828	-4.997097822e-02
19.545828	-4.754409788e-02
19.550828	-4.499322264e-02
19.555828	-4.455225785e-02
19.560829	-4.677018026e-02
19.565829	-3.521468606e-02
19.570829	-3.598766938e-02
19.575829	-2.918997330e-02
19.580830	-1.968039197e-02
19.585830	-4.161847812e-02
19.590830	-2.398924049e-02
19.595830	-5.093056376e-03
19.600830	-2.267332670e-02
19.605831	-3.438184564e-02
19.610831	-1.193681143e-02
19.615831	-3.218195506e-03
19.620831	-5.149128239e-03
19.625831	-1.693536081e-04
19.630832	-2.110285611e-03
19.635832	-2.493283467e-03
19.640832	-3.315262572e-03
19.645832	-2.168324942e-03
19.650833	-2.941305816e-03
19.655833	-1.659373599e-03
19.660833	-1.001414793e-03
19.665833	-6.646756870e-05
19.670833	-1.384424742e-03
19.675834	-5.604725092e-04
19.680834	-7.804758938e-04
19.685834	2.153387253e-03
19.690834	1.923384598e-03
19.695834	-8.305109725e-04
19.700835	2.077356162e-02
19.705835	3.033314467e-02
19.710835	5.747174526e-03
19.715835	-1.670522839e-03
19.720835	5.402166028e-03
19.725836	3.249500684e-02
19.730836	2.984610790e-02
19.735836	3.261223208e-03
19.740836	2.718819861e-02
19.745837	2.910910651e-02
19.750837	1.668262243e-02
19.755837	3.652877119e-02
19.760837	2.828811007e-02
19.765837	3.465383026e-02
19.770838	3.072498677e-02
19.775838	2.906104747e-02
19.780838	3.481779392e-02
19.785838	3.188090886e-02
19.790838	4.122050383e-02
19.795839	3.978755535e-02
19.800839	3.906957674e-02
19.805839	3.719664721e-02
19.810839	4.569527842e-02
19.815840	4.509329535e-02
19.820840	4.421232425e-02
19.825840	4.630622727e-02
19.830840	4.421230787e-02
19.835840	4.254937037e-02
19.840841	4.541824101e-02
19.845841	4.741614871e-02
19.850841	4.764513151e-02
19.855841	4.713714568e-02
19.860841	4.773911298e-02
19.865842	4.691814072e-02
19.870842	5.057097907e-02
19.875842	5.321786019e-02
19.880842	5.575974592e-02
19.885842	5.542575364e-02
19.890843	5.492876841e-02
19.895843	6.046352780e-02
19.900843	6.444035334e-02
19.905843	6.515731714e-02
19.910844	6.266141722e-02
19.915844	6.399035541e-02
19.920844	6.936312242e-02
19.925844	7.052006820e-02
19.930844	6.875013813e-02
19.935845	7.013707447e-02
19.940845	7.178299999e-02
19.945845	7.167599993e-02
19.950845	7.184798821e-02
19.955845	7.100701955e-02
19.960846	7.405688620e-02
19.965846	7.643678139e-02
19.970846	7.493584115e-02
19.975846	7.604379054e-02
19.980847	7.262093203e-02
19.985847	7.239393828e-02
19.990847	7.167696544e-02
19.995847	6.787112362e-02
20.000847	6.902807170e-02
20.005848	6.824510212e-02
20.010848	6.923905740e-02
20.015848	7.107397721e-02
20.020848	6.654316687e-02
20.025848	6.388527734e-02
20.030849	6.482123569e-02
20.035849	6.482223381e-02
20.040849	6.051241473e-02
20.045849	5.868549060e-02
20.050849	6.100739085e-02
20.055850	5.853249448e-02
20.060850	5.913546786e-02
20.065850	6.100838759e-02
20.070850	5.841649663e-02
20.075851	5.465065557e-02
20.080851	5.614359186e-02
20.085851	6.378026801e-02
20.090851	5.935345541e-02
20.095851	5.542562182e-02
20.100852	5.708955148e-02
20.105852	5.791051700e-02
20.110852	5.967944251e-02
20.115852	5.963244512e-02
20.120852	5.394368690e-02
20.125853	4.968086843e-02
20.130853	5.730954629e-02
20.135853	5.542562733e-02
20.140853	4.879090981e-02
20.145853	4.813193926e-02
20.150854	4.630601830e-02
20.155854	4.222419307e-02
20.160854	4.222519502e-02
20.165854	4.310415993e-02
20.170855	3.994929589e-02
20.175855	3.867735222e-02
20.180855	3.912733576e-02
20.185855	3.569548392e-02
20.190855	3.945232766e-02
20.195856	3.100268871e-02
20.200856	3.624946963e-02
20.205856	2.929076782e-02
20.210856	1.745727270e-02
20.215856	3.005574261e-02
20.220857	1.717929198e-02
20.225857	3.643869423e-03
20.230857	1.378969515e-03
20.235857	2.613692487e-02
20.240858	3.000676535e-02
20.245858	5.851793332e-03
20.250858	9.300066021e-04
20.255858	2.974924863e-03
20.260858	2.151964782e-03
20.265859	-9.448988057e-04
20.270859	-1.890853369e-03
20.275859	7.660395763e-04
20.280859	8.240427835e-04
20.285859	-1.775841248e-03
20.290860	-3.998935726e-04
20.295860	-1.173854658e-03
20.300860	-2.100809108e-03
20.305860	-2.932767430e-03
20.310860	-1.498821599e-03
20.315861	1.216070114e-03
20.320861	1.426068106e-03
20.325861	9.290962042e-04
20.330861	-3.037728536e-03
20.335862	-1.938767747e-03
20.340862	-2.368323524e-04
20.345862	-8.967967365e-04
20.350862	-2.493721271e-03
20.355862	-2.827699160e-03
20.360863	-1.498747350e-03
20.365863	7.671649156e-04
20.370863	1.158156770e-03
20.375863	-1.938703450e-03
20.380863	3.752072417e-04
20.385864	-1.221716221e-03
20.390864	-2.435655757e-03
20.395864	3.172367951e-04
20.400864	-4.041569195e-03
20.405865	-4.978520007e-03
20.410865	-4.041550059e-03
20.415865	-3.926545134e-03
20.420865	-2.884579328e-03
20.425865	-1.612623114e-03
20.430866	-8.866436151e-04
20.435866	-3.210534748e-03
20.440866	-2.215566339e-03
20.445866	-1.126447184e-04
20.450866	-7.816055071e-04
20.455867	-1.786200319e-04
20.460867	-2.110527007e-03
20.465867	-1.059560205e-03
20.470867	3.263925568e-04
20.475867	-1.823504723e-03
20.480868	-1.383511577e-03
20.485868	1.206390636e-03
20.490868	-1.116498856e-03
20.495868	-3.267395481e-03
20.500869	1.427418011e-03
20.505869	1.923409549e-03
20.510869	1.158454664e-03
20.515869	-1.325427241e-03
20.520869	-2.827350597e-03
20.525870	-8.394216559e-04
20.530870	-4.474249462e-04
20.535870	-1.441369365e-03
20.540870	9.875413523e-04
20.545870	1.264543393e-03
20.550871	-1.613320749e-03
20.555871	-6.193487787e-04
20.560871	5.063707144e-05
20.565871	-1.268292660e-03
20.570871	-2.100242871e-03
20.575872	-2.665204240e-03
20.580872	-1.316174468e-02
20.585872	-3.183893837e-02
20.590872	-1.774852020e-02
20.595873	1.704670928e-03
20.600873	-8.382058767e-04
20.605873	-3.879061431e-03
20.610873	-5.369982498e-03
20.615873	-2.158102659e-03
20.620874	1.078174113e-04
20.625874	-4.374976439e-03
20.630874	-4.709945870e-03
20.635874	-2.271192656e-04
20.640874	-7.462796025e-03
20.645875	-2.293912349e-02
20.650875	-2.365607613e-02
20.655875	-1.222354336e-02
20.660875	-4.538851641e-03
20.665876	4.329551643e-04
20.670876	4.339727224e-04
20.675876	5.100670198e-05
20.680876	-1.058928366e-03
20.685876	-1.879875524e-03
20.690877	-6.936662763e-06
20.695877	3.170679760e-04
20.700877	-1.669829325e-03
20.705877	-2.376780702e-03
20.710877	-3.094731459e-03
20.715878	-1.000801196e-03
20.720878	-1.118197292e-04
20.725878	-3.762645769e-03
20.730878	-3.332644551e-03
20.735878	-1.115718887e-03
20.740879	-3.371603569e-03
20.745879	-1.271118798e-02
20.750879	-2.974444627e-02
20.755879	-2.223174437e-02
20.760880	-3.983497146e-03
20.765880	-1.831567811e-03
20.770880	-6.655965503e-04
20.775880	1.541330760e-03
20.780880	1.322361003e-03
20.785881	-1.000519464e-03
20.790881	-3.209404608e-03
20.795881	-2.759402249e-03
20.800881	-2.998370548e-03
20.805881	-1.315891834e-02
20.810882	-3.509696700e-02
20.815882	-2.267047144e-02
20.820882	5.058811254e-05
20.825882	-2.052300452e-03
20.830883	-5.923113961e-03
20.835883	-3.073903993e-02
20.840883	-2.935207589e-02
20.845883	-4.040125339e-03
20.850883	-3.763113970e-03
20.855884	-4.976039322e-03
20.860884	-6.965931604e-03
20.865884	-3.338678865e-02
20.870884	-3.101586539e-02
20.875884	-1.383096984e-03
20.880885	5.488451866e-04
20.885885	-1.889027351e-03
20.890885	-1.611014802e-03
20.895885	-3.150925079e-03
20.900885	-1.348446264e-02
20.905886	-3.554650314e-02
20.910886	-2.283301684e-02
20.915886	6.540131676e-04
20.920886	-3.380790643e-03
20.925887	-3.150774990e-03
20.930887	-9.418430267e-04
20.935887	-4.039686075e-03
20.940887	-1.796707015e-02
20.945887	-3.068050551e-02
20.950888	-1.846499688e-02
20.955888	-1.993668419e-03
20.960888	-1.276672329e-03
20.965888	-6.582420918e-03
20.970888	-1.758492800e-02
20.975889	-3.598612146e-02
20.980889	-1.713489306e-02
20.985889	2.757291389e-03
20.990889	-2.109475035e-03
20.995890	-4.919328452e-03
21.000890	-6.859218575e-03
21.005890	-5.425251486e-03
21.010890	-2.504039245e-02
21.015890	-3.056513023e-02
21.020891	-8.733026902e-03
21.025891	-1.554302594e-03
21.030891	1.006558946e-04
21.035891	-9.992687463e-04
21.040891	-2.873160443e-03
21.045892	-1.464963244e-02
21.050892	-3.465675557e-02
21.055892	-2.084431140e-02
21.060892	-3.933998329e-03
21.065892	-9.990929991e-04
21.070893	-1.381046990e-03
21.075893	-3.980906861e-03
21.080893	-8.129700955e-03
21.085893	-3.487753743e-02
21.090894	-2.935174111e-02
21.095894	-2.880832024e-03
21.100894	-6.192071158e-05
21.105894	-8.368569842e-04
21.110894	-2.384760355e-03
21.115895	-9.987878751e-04
21.120895	-3.297848659e-04
21.125895	-2.652654946e-03
21.130895	-2.719620450e-03
21.135895	2.732845588e-04
21.140896	1.104281315e-03
21.145896	-3.484492154e-03
21.150896	-1.600539703e-03
21.155896	3.198289404e-03
21.160896	-1.715469839e-03
21.165897	-4.430322091e-03
21.170897	-7.304459663e-04
21.175897	2.270459925e-03
21.180897	-2.710295869e-03
21.185898	-3.713220041e-03
21.190898	-2.431240866e-03
21.195898	-1.934228281e-03
21.200898	-4.442576132e-04
21.205898	8.747204519e-04
21.210899	-1.829130893e-03
21.215899	-2.814054913e-03
21.220899	-1.993055292e-03
21.225899	-5.863856739e-03
21.230899	-3.205934639e-03
21.235900	-5.471803777e-03
21.240900	-1.062455045e-02
21.245900	-3.932798800e-03
21.250900	-1.264876513e-03
21.255901	-2.430791645e-03
21.260901	-5.261636084e-03
21.265901	-1.641712768e-02
21.270901	-1.431318089e-02
21.275901	-6.035495510e-03
21.280902	-1.102668267e-03
21.285902	8.382858862e-04
21.290902	-1.389583185e-03
21.295902	-1.284550944e-03
21.300902	-1.274514525e-03
21.305903	-2.097442663e-03
21.310903	-1.437433477e-03
21.315903	-1.174521002e-04
21.320903	1.115756502e-04
21.325903	-9.403421766e-04
21.330904	-4.152168341e-03
21.335904	-2.708191608e-03
21.340904	1.163682414e-03
21.345904	-8.821926920e-04
21.350905	-8.921539020e-04
21.355905	-1.666082592e-03
21.360905	1.267831778e-03
21.365905	1.807315860e-02
21.370905	1.829318826e-02
21.375906	7.405688665e-03
21.380906	5.407812592e-03
21.385906	-1.168869336e-03
21.390906	-3.204743495e-03
21.395906	1.221108732e-03
21.400907	2.378099605e-03
21.405907	-1.553710133e-02
21.410907	-2.940747348e-02
21.415907	-9.122292564e-03
21.420908	-1.712565995e-03
21.425908	-3.758438664e-03
21.430908	-2.225476656e-04
21.435908	-1.875436679e-03
21.440908	-4.915266780e-03
21.445909	-1.625374513e-02
21.450909	-3.173004803e-02
21.455909	-1.846956828e-02
21.460909	-4.313126330e-03
21.465909	-4.639070649e-03
21.470910	-8.900848065e-03
21.475910	-3.061988571e-02
21.480910	-2.741797904e-02
21.485910	-5.803852295e-03
21.490910	-1.044011325e-03
21.495911	-2.983886353e-03
21.500911	-8.355615830e-03
21.505911	-2.614581902e-02
21.510911	-2.762871295e-02
21.515912	-8.958460567e-03
21.520912	-1.779721167e-03
21.525912	-4.695553934e-03
21.530912	-3.308568847e-03
21.535912	-1.586999265e-02
21.540913	-3.852498866e-02
21.545913	-1.651887670e-02
21.550913	1.155418943e-03
21.555913	-2.267391431e-03
21.560913	-2.763325657e-03
21.565914	-3.596245454e-03
21.570914	-4.360168022e-03
21.575914	-2.515124194e-02
21.580914	-3.333384989e-02
21.585915	-1.055376950e-02
21.590915	-1.272117070e-03
21.595915	-2.372024643e-03
21.600915	-1.464545867e-02
21.605915	-3.708946164e-02
21.610916	-2.017113215e-02
21.615916	-7.749074815e-04
21.620916	-5.789127287e-05
21.625916	-2.094758237e-03
21.630916	-7.747672710e-04
21.635917	3.822307528e-04
21.640917	-6.912412997e-03
21.645917	-3.699501773e-03
21.650917	5.073674915e-04
21.655917	-2.208469794e-03
21.660918	-2.993388737e-03
21.665918	-2.381366712e-03
21.670918	-1.376361185e-03
21.675918	1.491565567e-03
21.680919	1.988592920e-03
21.685919	-4.531082296e-03
21.690919	-1.214174110e-03
21.695919	-1.381259148e-02
21.700919	-3.470965711e-02
21.705920	-1.569641348e-02
21.710920	-8.219943494e-04
21.715920	-9.939375907e-04
21.720920	-1.108883095e-03
21.725920	-4.148704528e-03
21.730921	-4.864624267e-03
21.735921	-1.767705394e-03
21.740921	-1.452911449e-02
21.745921	-3.774808038e-02
21.750921	-1.442401802e-02
21.755922	-1.816501483e-03
21.760922	-7.513209287e-03
21.765922	4.405047262e-04
21.770922	-2.714310468e-03
21.775923	-4.367189144e-03
21.780923	-1.370574205e-02
21.785923	-3.437481475e-02
21.790923	-1.978738103e-02
21.795923	1.654762422e-03
21.800924	-2.750998862e-03
21.805924	-6.020808122e-03
21.810924	-2.045924169e-03
21.815924	-7.629260169e-04
21.820924	-3.812744142e-03
21.825925	-7.130550762e-03
21.830925	-6.412528217e-03
21.835925	-1.624805839e-02
21.840925	-2.668656287e-02
21.845926	-9.558235136e-03
21.850926	-1.605518501e-03
21.855926	-7.245021042e-04
21.860926	-1.048434505e-03
21.865926	-5.409195724e-03
21.870927	-3.259232634e-03
21.875927	7.196531209e-04
21.880927	-4.366076928e-03
21.885927	-5.407978152e-03
21.890927	-1.757078046e-03
21.895928	-1.824020274e-03
21.900928	-3.429897149e-03
21.905928	-1.508334818e-02
21.910928	-2.459288989e-02
21.915928	-1.718414824e-02
21.920929	-1.048776163e-03
21.925929	-2.158673294e-03
21.930929	-5.628470290e-03
21.935929	-1.651582631e-03
21.940930	-3.094465200e-03
21.945930	-4.804336305e-03
21.950930	-3.591331093e-03
21.955930	-2.055855548e-02
21.960930	-2.862715673e-02
21.965931	-9.012930674e-03
21.970931	-4.854049666e-03
21.975931	-2.586088393e-03
21.980931	-2.653028045e-03
21.985931	-3.093951700e-03
21.990932	-6.793737134e-03
21.995932	-3.210660672e-02
22.000932	-2.558682483e-02
22.005932	-3.810689165e-03
22.010933	-4.355607657e-03
22.015933	-4.470544215e-03
22.020933	7.212945433e-04
22.025933	-1.376203296e-02
22.030933	-3.647401168e-02
22.035934	-1.895069492e-02
22.040934	-5.082223168e-03
22.045934	-9.221988296e-03
22.050934	-3.029003606e-02
22.055934	-2.901603026e-02
22.060935	-5.739956472e-03
22.065935	-6.679856565e-03
22.070935	-3.122575638e-02
22.075935	-3.138668917e-02
22.080935	-4.794755268e-03
22.085936	-9.946476312e-03
22.090936	-3.415938963e-02
22.095936	-2.900854686e-02
22.100936	-3.418569903e-03
22.105937	-1.846387118e-02
22.110937	-3.680703258e-02
22.115937	-1.750678868e-02
22.120937	-2.366368392e-03
22.125937	-2.138950053e-02
22.130938	-3.541984405e-02
22.135938	-1.674257315e-02
22.140938	-2.873098415e-03
22.145938	-1.961032679e-02
22.150938	-3.663554282e-02
22.155939	-1.817626209e-02
22.160939	-4.917760860e-03
22.165939	-1.403731138e-02
22.170939	-3.194048960e-02
22.175939	-2.326079393e-02
22.180940	-4.584521633e-03
22.185940	-1.497401774e-02
22.190940	-3.497010669e-02
22.195940	-2.243057395e-02
22.200941	-6.791172381e-03
22.205941	-3.376596521e-02
22.210941	-2.957007851e-02
22.215941	-8.836892301e-03
22.220941	-3.194084867e-02
22.225942	-3.039084942e-02
22.230942	-1.960924114e-02
22.235942	-3.901435377e-02
22.240942	-2.486688778e-02
22.245942	-3.498039377e-02
22.250943	-3.077350633e-02
22.255943	-2.552566284e-02
22.260943	-3.652813072e-02
22.265943	-2.999934120e-02
22.270944	-3.934887880e-02
22.275944	-3.100416591e-02
22.280944	-3.519892161e-02
22.285944	-3.436789008e-02
22.290944	-3.652873165e-02
22.295945	-3.376478172e-02
22.300945	-3.585862582e-02
22.305945	-3.508459128e-02
22.310945	-3.524751689e-02
22.315945	-4.111620061e-02
22.320946	-4.117313041e-02
22.325946	-4.343896647e-02
22.330946	-3.669018431e-02
22.335946	-3.989198041e-02
22.340946	-4.531268236e-02
22.345947	-4.409766529e-02
22.350947	-4.072373954e-02
22.355947	-4.619143905e-02
22.360947	-4.653535548e-02
22.365948	-4.127950901e-02
22.370948	-4.547426199e-02
22.375948	-4.852306338e-02
22.380948	-4.956494964e-02
22.385948	-5.232876279e-02
22.390949	-4.536998772e-02
22.395949	-4.425996470e-02
22.400949	-4.475587349e-02
22.405949	-4.840764842e-02
22.410949	-4.443274632e-02
22.415950	-4.123081133e-02
22.420950	-4.531156764e-02
22.425950	-4.569248054e-02
22.430950	-4.078061754e-02
22.435951	-4.194549693e-02
22.440951	-4.165843769e-02
22.445951	-4.094239647e-02
22.450951	-4.333122356e-02
22.455951	-4.149822936e-02
22.460952	-4.077118816e-02
22.465952	-3.712727038e-02
22.470952	-3.874212966e-02
22.475952	-4.072097336e-02
22.480952	-3.883898049e-02
22.485953	-3.690898949e-02
22.490953	-3.685091904e-02
22.495953	-3.641886429e-02
22.500953	-3.846570436e-02
22.505953	-3.093395010e-02
22.510954	-3.591266565e-02
22.515954	-3.238574142e-02
22.520954	-2.856182961e-02
22.525954	-4.116022189e-02
22.530955	-2.408887105e-02
22.535955	-3.614328607e-02
22.540955	-2.430771310e-02
22.545955	-2.574257774e-02
22.550955	-3.701302553e-02
22.555956	-3.005124561e-02
22.560956	-3.658089395e-02
22.565956	-2.315238772e-02
22.570956	-3.807368023e-02
22.575956	-2.905698678e-02
22.580957	-3.076883863e-02
22.585957	-3.557755913e-02
22.590957	-2.801580359e-02
22.595957	-4.073018885e-02
22.600958	-1.971900282e-02
22.605958	-3.176241621e-02
22.610958	-3.159934660e-02
22.615958	-1.944178502e-02
22.620958	-4.165876692e-02
22.625959	-2.237650689e-02
22.630959	-1.645768054e-02
22.635959	-3.833967619e-02
22.640959	-1.762447642e-02
22.645959	-9.325750450e-03
22.650960	-3.640852530e-02
22.655960	-2.817879611e-02
22.660960	-3.964743979e-03
22.665960	-1.833205710e-02
22.670960	-3.723917774e-02
22.675961	-1.696395828e-02
22.680961	-1.373540189e-03
22.685961	-1.203100989e-02
22.690961	-3.247806468e-02
22.695962	-2.607425693e-02
22.700962	-7.949945591e-03
22.705962	-5.951950873e-03
22.710962	-2.463107997e-02
22.715962	-3.475457139e-02
22.720963	-9.277570971e-03
22.725963	-4.737683347e-03
22.730963	-8.991423010e-03
22.735963	-2.684758622e-02
22.740963	-2.927540294e-02
22.745964	-7.393249469e-03
22.750964	-2.807363044e-03
22.755964	-4.901193467e-03
22.760964	-9.381922614e-03
22.765964	-2.728508294e-02
22.770965	-3.099584440e-02
22.775965	-5.244853943e-03
22.780965	3.502857054e-03
22.785965	-1.198861981e-03
22.790966	-4.965620478e-03
22.795966	-4.067576461e-03
22.800966	-4.620470822e-03
22.805966	-4.410397358e-03
22.810966	-6.898209442e-03
22.815967	-2.784123947e-02
22.820967	-2.861412392e-02
22.825967	-4.574059471e-03
22.830967	2.918174866e-04
22.835967	-2.030000882e-03
22.840968	-1.140955137e-03
22.845968	-4.457731052e-03
22.850968	-2.966710512e-03
22.855968	-2.747635934e-03
22.860969	-1.181016797e-02
22.865969	-2.740042329e-02
22.870969	-2.364349815e-02
22.875969	-3.626261772e-03
22.880969	-7.572987147e-04
22.885970	7.907204570e-04
22.890970	5.128171379e-04
22.895970	-5.184856410e-03
22.900970	-6.665708464e-03
22.905970	-2.133815114e-03
22.910971	-3.577668437e-03
22.915971	-2.618662490e-02
22.920971	-2.833644801e-02
22.925971	-5.946310673e-03
22.930971	-4.131301468e-03
22.935972	-4.133215135e-03
22.940972	-1.125282709e-02
22.945972	-3.219685320e-02
22.950972	-2.297315728e-02
22.955973	-7.285735072e-03
22.960973	-8.662589740e-03
22.965973	-2.921563181e-02
22.970973	-2.628966848e-02
22.975973	-6.061438054e-03
22.980974	-5.956354911e-03
22.985974	-1.667281314e-02
22.990974	-3.584891280e-02
22.995974	-1.672963479e-02
23.000974	-4.455066644e-03
23.005975	-2.479711646e-02
23.010975	-3.165173756e-02
23.015975	-1.429238439e-02
23.020975	-6.892609112e-03
23.025976	-2.485475916e-02
23.030976	-3.501623956e-02
23.035976	-1.291508669e-02
23.040976	-1.346997380e-02
23.045976	-3.695588923e-02
23.050977	-2.263540627e-02
23.055977	-7.933939300e-03
23.060977	-3.281679509e-02
23.065977	-3.231972602e-02
23.070977	-2.888778115e-02
23.075978	-3.717533960e-02
23.080978	-1.086836358e-02
23.085978	-1.219621660e-02
23.090978	-3.463217517e-02
23.095978	-2.606844697e-02
23.100979	-6.164199087e-03
23.105979	-1.119289471e-02
23.110979	-3.259589645e-02
23.115979	-2.944093850e-02
23.120980	-6.222830423e-03
23.125980	-6.116743001e-03
23.130980	-1.484428117e-02
23.135980	-2.877159889e-02
23.140980	-1.843894430e-02
23.145981	-2.187540315e-03
23.150981	-3.411395802e-03
23.155981	-2.742331339e-03
23.160981	-9.153157866e-04
23.165981	1.250620868e-02
23.170982	1.809706507e-02
23.175982	9.752512012e-03
23.180982	6.874727490e-03
23.185982	6.710828136e-03
23.190983	9.591656700e-04
23.195983	1.997145417e-02
23.200983	3.711082216e-02
23.205983	1.351091633e-02
23.210983	-3.024039917e-04
23.215984	1.897687379e-02
23.220984	3.539027313e-02
23.225984	1.140738412e-02
23.230984	8.203614896e-03
23.235984	3.750446868e-02
23.240985	1.941833028e-02
23.245985	2.345125490e-02
23.250985	4.120459837e-02
23.255985	8.922061881e-03
23.260985	2.743837332e-02
23.265986	3.280124219e-02
23.270986	1.632003668e-02
23.275986	3.694025943e-02
23.280986	2.169400190e-02
23.285987	3.103270292e-02
23.290987	3.036382808e-02
23.295987	2.716306065e-02
23.300987	3.816469166e-02
23.305987	2.583231142e-02
23.310988	3.655895437e-02
23.315988	3.268821593e-02
23.320988	3.710412654e-02
23.325988	2.280183036e-02
23.330988	3.484741802e-02
23.335989	2.643687251e-02
23.340989	2.451405228e-02
23.345989	3.877754642e-02
23.350989	3.390285155e-02
23.355989	3.632884752e-02
23.360990	2.418046111e-02
23.365990	3.755499351e-02
23.370990	3.119836201e-02
23.375990	3.723020580e-02
23.380991	2.682774602e-02
23.385991	3.362555765e-02
23.390991	2.783390281e-02
23.395991	3.274479468e-02
23.400991	2.937203766e-02
23.405992	3.004210949e-02
23.410992	3.628294546e-02
23.415992	3.008930840e-02
23.420992	3.683812314e-02
23.425992	2.545270633e-02
23.430993	3.716231119e-02
23.435993	2.683085003e-02
23.440993	3.871244790e-02
23.445993	2.622707829e-02
23.450994	3.220292666e-02
23.455994	2.970813407e-02
23.460994	1.102002769e-02
23.465994	4.153183699e-02
23.470994	2.064582403e-02
23.475995	1.268326368e-02
23.480995	4.303408024e-02
23.485995	1.927018965e-02
23.490995	-3.461744509e-03
23.495995	2.666008220e-02
23.500996	3.546281228e-02
23.505996	9.146030446e-03
23.510996	5.834965528e-04
23.515996	1.911543768e-03
23.520996	-2.516165012e-03
23.525997	-3.541528345e-04
23.530997	3.010808525e-03
23.535997	2.015954746e-03
23.540997	-1.242802969e-03
23.545998	-1.070705893e-03
23.550998	2.835205679e-05
23.555998	-2.246446904e-03
23.560998	-2.514330744e-03
23.565998	-1.813246308e-04
23.570999	-2.733111413e-03
23.575999	1.127830260e-03
23.580999	1.634914176e-03
23.585999	7.495771413e-03
23.590999	2.948994527e-02
23.596000	1.882150311e-02
23.601000	-4.665737163e-04
23.606000	1.683441330e-03
23.611000	-4.118206585e-03
23.616001	7.323415094e-03
23.621001	3.817021477e-02
23.626001	2.430190906e-02
23.631001	-5.239322557e-04
23.636001	-2.349747880e-03
23.641002	2.238164910e-03
23.646002	3.187101676e-02
23.651002	3.087916624e-02
23.656002	3.119449959e-03
23.661002	3.546748527e-04
23.666003	2.485474475e-02
23.671003	3.352648540e-02
23.676003	3.788853509e-03
23.681003	1.667441593e-02
23.686003	4.165146620e-02
23.691004	9.149951850e-03
23.696004	2.014459482e-02
23.701004	4.109781602e-02
23.706004	1.435205825e-02
23.711005	3.181642756e-02
23.716005	2.987461920e-02
23.721005	3.125267034e-02
23.726005	3.286871154e-02
23.731005	2.209527780e-02
23.736006	3.866168589e-02
23.741006	2.340344245e-02
23.746006	3.684398327e-02
23.751006	2.595855486e-02
23.756006	2.811757394e-02
23.761007	3.474140400e-02
23.766007	2.401796917e-02
23.771007	3.933043141e-02
23.776007	1.352063604e-02
23.781007	2.252736574e-02
23.786008	3.541193128e-02
23.791008	9.152155419e-03
23.796008	2.127564759e-03
23.801008	1.148628013e-02
23.806009	3.214251699e-02
23.811009	2.263203209e-02
23.816009	2.650920348e-04
23.821009	1.860136915e-03
23.826009	1.084282392e-03
23.831010	-2.116469249e-03
23.836010	1.355496552e-03
23.841010	1.249614083e-03
23.846010	-3.665064503e-03
23.851010	-6.240800035e-04
23.856011	-6.239665235e-04
23.861011	-1.235826969e-03
23.866011	5.892094866e-04
23.871011	2.022262696e-03
23.876012	-1.015494531e-03
23.881012	-9.003851904e-04
23.886012	1.919609697e-03
23.891012	1.029761908e-03
23.896012	-1.131031888e-03
23.901013	-1.732891586e-03
23.906013	-2.553741859e-03
23.911013	-8.426992557e-04
23.916013	-8.535835525e-04
23.921013	-1.349447156e-03
23.926014	-3.443742034e-04
23.931014	1.285618220e-02
23.936014	2.971858361e-02
23.941014	1.076350267e-02
23.946014	6.970452757e-04
23.951015	1.528126331e-03
23.956015	-2.333593646e-03
23.961015	1.758349547e-03
23.966015	1.656483894e-02
23.971016	3.524316443e-02
23.976016	1.600209663e-02
23.981016	7.112590396e-03
23.986016	3.198465392e-02
23.991016	2.248317391e-02
23.996017	8.947864945e-03
24.001017	3.729078185e-02
24.006017	2.551339871e-02
24.011017	1.684388403e-02
24.016017	3.524522258e-02
24.021018	2.125993341e-02
24.026018	3.546545001e-02
24.031018	2.966281446e-02
24.036018	2.911895625e-02
24.041019	3.740672401e-02
24.046019	7.993089236e-03
24.051019	2.430051752e-02
24.056019	3.376423590e-02
24.061019	1.330822204e-02
24.066020	3.574239119e-02
24.071020	2.932978264e-02
24.076020	-7.485163922e-05
24.081020	2.391825189e-02
24.086020	3.215102330e-02
24.091021	9.438105941e-03
24.096021	5.412396999e-03
24.101021	7.774417570e-03
24.106021	2.573677734e-02
24.111021	2.475194000e-02
24.116022	2.755992994e-03
24.121022	7.571989044e-04
24.126022	9.783109085e-04
24.131022	9.314344122e-04
24.136023	2.468490954e-03
24.141023	2.143626527e-03
24.146023	1.533774319e-03
24.151023	2.336797136e-02
24.156023	2.900685470e-02
24.161024	3.913040251e-03
24.166024	1.209277338e-03
24.171024	1.858372519e-03
24.176024	-4.554066248e-04
24.181024	7.403383390e-03
24.186025	2.441978557e-02
24.191025	2.568085540e-02
24.196025	6.561788835e-03
24.201025	1.011861083e-04
24.206026	-2.775568312e-03
24.211026	3.972269643e-03
24.216026	3.475414683e-03
24.221026	1.518604267e-02
24.226026	3.475233797e-02
24.231027	1.420033313e-02
24.236027	-1.341883811e-03
24.241027	-1.503752238e-03
24.246027	-2.267595015e-03
24.251027	-2.612455399e-03
24.256028	3.685434542e-04
24.261028	2.176751418e-04
24.266028	-8.901524816e-04
24.271028	-2.320547779e-04
24.276028	-2.383837881e-03
24.281029	1.097140514e-03
24.286029	3.232993204e-04
24.291029	-2.278464284e-03
24.296029	-3.654279683e-03
24.301030	2.206598461e-03
24.306030	3.410674048e-03
24.311030	2.855824301e-03
24.316030	2.785489204e-02
24.321030	2.779702153e-02
24.326031	2.971200518e-03
24.331031	-7.265154945e-04
24.336031	-1.387360027e-03
24.341031	1.871629512e-03
24.346031	-1.151585537e-04
24.351032	5.294740146e-03
24.356032	3.205173457e-02
24.361032	2.426019287e-02
24.366032	1.309293578e-03
24.371032	5.454544227e-04
24.376033	-1.052349255e-03
24.381033	1.627280363e-04
24.386033	2.036777554e-03
24.391033	1.146944314e-03
24.396034	1.052077539e-03
24.401034	1.990167144e-03
24.406034	-1.672548181e-03
24.411034	-1.892409228e-03
24.416034	-1.133548186e-04
24.421035	-8.301945202e-04
24.426035	3.258865716e-04
24.431035	1.060261031e-04
24.436035	-1.661768639e-03
24.441035	-1.938626404e-03
24.446036	1.149373415e-03
24.451036	-1.224419076e-04
24.456036	-4.644119397e-03
24.461036	-5.857936888e-03
24.466037	-3.763894381e-03
24.471037	-2.504286147e-02
24.476037	-3.271840476e-02
24.481037	-5.368431855e-03
24.486037	-4.977316622e-03
24.491038	-2.931271360e-03
24.496038	-8.016923801e-03
24.501038	-3.736454818e-02
24.506038	-2.271803634e-02
24.511038	-2.490760790e-03
24.516039	-5.980480271e-03
24.521039	-6.655726381e-04
24.526039	-2.067259203e-02
24.531039	-3.686577287e-02
24.536039	-1.116072868e-02
24.541040	-4.144892538e-03
24.546040	-4.154758588e-03
24.551040	1.101943929e-04
24.556040	-2.595557151e-03
24.561041	-2.662420354e-03
24.566041	-1.464777846e-02
24.571041	-3.449280342e-02
24.576041	-2.078624974e-02
24.581041	9.999617746e-04
24.586042	-2.098772257e-03
24.591042	-6.636982302e-04
24.596042	-2.765474213e-03
24.601042	-5.472224420e-03
24.606042	-2.488215587e-03
24.611043	-2.048098832e-03
24.616043	-2.410202892e-02
24.621043	-3.072661256e-02
24.626043	-7.956441443e-03
24.631044	-3.539492602e-03
24.636044	-3.539356488e-03
24.641044	-2.106280940e-03
24.646044	-1.524958768e-02
24.651044	-3.420464806e-02
24.656045	-2.034409860e-02
24.661045	-3.098692405e-03
24.666045	-2.429583773e-03
24.671045	-5.465264292e-04
24.676045	-2.216047343e-02
24.681046	-3.498779256e-02
24.686046	-1.365055901e-02
24.691046	-3.481852136e-03
24.696046	-1.931779968e-03
24.701046	1.825198843e-03
24.706047	-1.790682703e-02
24.711047	-3.978476185e-02
24.716047	-1.724357845e-02
24.721047	1.548763925e-03
24.726048	-4.855826028e-03
24.731048	-3.374749934e-03
24.736048	2.044159468e-03
24.741048	-1.033417696e-02
24.746048	-3.663892322e-02
24.751049	-2.104744438e-02
24.756049	-2.705081940e-03
24.761049	-5.640817858e-03
24.766049	-3.860753430e-03
24.771049	-1.929695255e-03
24.776050	-1.050592369e-03
24.781050	3.354891803e-04
24.786050	-1.316300420e-03
24.791050	-7.141853702e-04
24.796051	9.958828816e-04
24.801051	-2.090845495e-03
24.806051	-3.593640837e-03
24.811051	-2.766402384e-04
24.816051	-1.025063415e-04
24.821052	-1.023649303e-04
24.826052	-1.211176393e-03
24.831052	8.928761666e-04
24.836052	-1.585527241e-02
24.841052	-3.653325435e-02
24.846053	-1.448004656e-02
24.851053	-3.533368066e-03
24.856053	-3.189240230e-03
24.861053	1.398707949e-03
24.866053	-9.330505590e-04
24.871054	-1.890314637e-02
24.876054	-3.974312044e-02
24.881054	-1.762291449e-02
24.886054	-2.194424887e-03
24.891055	-2.690523454e-02
24.896055	-3.769563382e-02
24.901055	-8.281736313e-03
24.906055	-1.706822021e-02
24.911055	-4.288798231e-02
24.916056	-1.436104680e-02
24.921056	-2.110061699e-02
24.926056	-4.260056168e-02
24.931056	-1.348365074e-02
24.936056	-2.779289980e-02
24.941057	-3.762733830e-02
24.946057	-6.626506745e-03
24.951057	-2.508557956e-02
24.956057	-4.072577166e-02
24.961057	-8.826977723e-03
24.966058	-1.596652969e-02
24.971058	-4.155629982e-02
24.976058	-1.982807456e-02
24.981058	2.225137074e-03
24.986059	-1.966478939e-02
24.991059	-4.100173914e-02
24.996059	-1.612964650e-02
25.001059	-7.101532450e-04
25.006059	-3.308896458e-03
25.011060	-2.778971244e-02
25.016060	-3.778914182e-02
25.021060	-1.049615104e-02
25.026060	-4.844643516e-05
25.031060	5.726746441e-04
25.036061	3.998295036e-04
25.041061	-4.889851613e-04
25.046061	-4.903650303e-03
25.051061	-3.804548907e-03
25.056062	-1.325000062e-02
25.061062	-3.419296508e-02
25.066062	-1.812349751e-02
25.071062	-1.042072682e-03
25.076062	-1.203917154e-03
25.081063	-2.476714417e-03
25.086063	-2.858549286e-03
25.091063	-1.365463449e-03
25.096063	-2.751255500e-03
25.101063	-1.260169295e-03
25.106064	1.234874516e-03
25.111064	2.300667485e-04
25.116064	-2.427670847e-03
25.121064	-2.187531077e-03
25.126064	-1.527408959e-03
25.131065	-2.325533817e-02
25.136065	-3.579765642e-02
25.141065	-1.087556180e-02
25.146065	-2.528764777e-03
25.151066	-1.536656018e-03
25.156066	1.254244978e-04
25.161066	-2.711627026e-02
25.166066	-3.458180275e-02
25.171066	-8.332763501e-03
25.176067	-2.529857857e-03
25.181067	-2.796694912e-03
25.186067	-4.297479546e-03
25.191067	-2.674337665e-02
25.196067	-3.507787147e-02
25.201068	-1.053975889e-02
25.206068	2.899346323e-04
25.211068	2.350894425e-04
25.216068	-3.741589448e-03
25.221069	-4.011425247e-03
25.226069	-4.900234681e-03
25.231069	-3.066099021e-02
25.236069	-3.054584190e-02
25.241069	-5.117765891e-03
25.246070	-2.135738759e-03
25.251070	-2.413573374e-03
25.256070	-4.052015900e-05
25.261070	-1.590300603e-03
25.266070	-9.791724586e-04
25.271071	9.628994378e-04
25.276071	-3.071775305e-03
25.281071	-5.509517566e-03
25.286071	6.843746141e-04
25.291071	7.905248567e-04
25.296072	-2.420184233e-03
25.301072	2.586715517e-05
25.306072	1.077977742e-03
25.311072	-2.965695636e-03
25.316073	-1.913584768e-03
25.321073	-1.588442960e-03
25.326073	-1.694282752e-03
25.331073	9.647604556e-04
25.336073	-1.147994027e-03
25.341074	1.604843355e-02
25.346074	3.584475111e-02
25.351074	1.300887504e-02
25.356074	-2.743301015e-03
25.361074	5.737151583e-04
25.366075	1.902815695e-03
25.371075	2.721390031e-02
25.376075	3.488973224e-02
25.381075	5.603130304e-03
25.386075	-1.080429122e-03
25.391076	2.476721581e-04
25.396076	1.417723969e-02
25.401076	3.687943568e-02
25.406076	1.449354208e-02
25.411077	-3.066555832e-03
25.416077	1.854393928e-03
25.421077	-6.973395721e-04
25.426077	2.074491050e-02
25.431077	3.848731747e-02
25.436078	1.013467751e-02
25.441078	-2.177641900e-03
25.446078	1.580357972e-03
25.451078	1.292529395e-03
25.456078	2.986447824e-02
25.461079	3.280051336e-02
25.466079	3.616909441e-03
25.471079	-5.121560543e-03
25.476079	2.983697554e-04
25.481080	3.208418314e-02
25.486080	3.369027530e-02
25.491080	5.223641705e-03
25.496080	-2.787858381e-03
25.501080	1.439957406e-02
25.506081	3.843271660e-02
25.511081	1.649280704e-02
25.516081	-2.682219514e-03
25.521081	5.722585580e-03
25.526081	3.313558548e-02
25.531082	2.704700491e-02
25.536082	2.673199166e-03
25.541082	1.028430593e-03
25.546082	2.286066750e-02
25.551082	3.827017666e-02
25.556083	9.536556189e-03
25.561083	-7.987408665e-05
25.566083	-6.926856839e-04
25.571083	-2.078464393e-03
25.576084	5.609372610e-03
25.581084	2.954552135e-02
25.586084	2.827273827e-02
25.591084	2.405997319e-03
25.596084	8.325900250e-05
25.601085	4.644062683e-04
25.606085	-3.553954455e-04
25.611085	-6.802179913e-04
25.616085	-1.940747566e-04
25.621085	-1.186868724e-03
25.626086	-3.547398697e-04
25.631086	3.623939956e-04
25.636086	-1.358368712e-03
25.641086	-1.684190382e-03
25.646087	1.690831292e-03
25.651087	2.158415327e-02
25.656087	3.264284968e-02
25.661087	9.424998444e-03
25.666087	-1.404377521e-03
25.671088	-1.127223904e-03
25.676088	-8.710247280e-05
25.681088	1.414999524e-03
25.686088	2.241727549e-02
25.691088	3.639984899e-02
25.696089	8.106213778e-03
25.701089	-2.016191169e-03
25.706089	1.138841490e-03
25.711089	-8.479078668e-04
25.716089	1.932040426e-02
25.721090	3.551288497e-02
25.726090	1.164506308e-02
25.731090	3.647080199e-04
25.736090	-1.853030858e-03
25.741091	-2.951817005e-03
25.746091	1.753151096e-03
25.751091	1.794563264e-02
25.756091	3.650801391e-02
25.761091	1.457111118e-02
25.766092	5.868716466e-04
25.771092	-1.343878422e-03
25.776092	9.781914664e-04
25.781092	8.533651619e-04
25.786092	-1.516365893e-03
25.791093	1.925656960e-03
25.796093	1.081544914e-02
25.801093	3.154074002e-02
25.806093	1.799448304e-02
25.811094	1.944064236e-04
25.816094	6.455566834e-04
25.821094	-2.499140572e-03
25.826094	6.562645153e-03
25.831094	3.269770766e-02
25.836095	2.689612339e-02
25.841095	-7.985331945e-04
25.846095	9.048219825e-03
25.851095	3.779317231e-02
25.856095	2.319596124e-02
25.861096	2.521007799e-03
25.866096	3.385585097e-02
25.871096	2.635133981e-02
25.876096	1.175512925e-02
25.881096	3.856016475e-02
25.886097	2.098908050e-02
25.891097	9.545736764e-03
25.896097	3.905665804e-02
25.901097	2.159356962e-02
25.906098	1.888785611e-02
25.911098	3.895117807e-02
25.916098	1.634430800e-02
25.921098	2.949892294e-02
25.926098	2.844713990e-02
25.931099	2.026365916e-02
25.936099	3.762309636e-02
25.941099	2.143095520e-02
25.946099	3.038874864e-02
25.951099	3.088590066e-02
25.956100	2.900215370e-02
25.961100	3.562704639e-02
25.966100	3.408828509e-02
25.971100	3.702333438e-02
25.976100	3.408863249e-02
25.981101	3.723267320e-02
25.986101	3.392698731e-02
25.991101	4.249179863e-02
25.996101	4.198499443e-02
26.001102	4.122120125e-02
26.006102	4.171635487e-02
26.011102	4.027459070e-02
26.016102	4.652750065e-02
26.021102	4.487274577e-02
26.026103	4.475792578e-02
26.031103	5.094383899e-02
26.036103	5.310392289e-02
26.041103	5.470903045e-02
26.046103	5.702310810e-02
26.051104	5.951917818e-02
26.056104	5.719545261e-02
26.061104	5.691864044e-02
26.066104	6.073465501e-02
26.071105	6.294073792e-02
26.076105	6.149697561e-02
26.081105	5.923424813e-02
26.086105	6.278027468e-02
26.091105	6.250146342e-02
26.096106	5.962476236e-02
26.101106	6.498771235e-02
26.106106	6.537987307e-02
26.111106	6.316314446e-02
26.116106	7.168096119e-02
26.121107	6.736832166e-02
26.126107	6.260770123e-02
26.131107	6.797265195e-02
26.136107	7.023773414e-02
26.141107	7.101187963e-02
26.146108	6.604126866e-02
26.151108	6.494149381e-02
26.156108	6.941548296e-02
26.161108	6.421688205e-02
26.166109	6.382407767e-02
26.171109	6.753209968e-02
26.176109	6.267848456e-02
26.181109	6.172270443e-02
26.186109	6.509574104e-02
26.191110	6.825978664e-02
26.196110	6.924592465e-02
26.201110	6.614823582e-02
26.206110	6.311754428e-02
26.211110	5.936288356e-02
26.216111	6.432385371e-02
26.221111	6.531599214e-02
26.226111	6.278328005e-02
26.231111	6.715427560e-02
26.236112	5.857981976e-02
26.241112	5.664708266e-02
26.246112	6.218202930e-02
26.251112	5.073169571e-02
26.256112	5.399173901e-02
26.261113	5.305496025e-02
26.266113	4.437450971e-02
26.271113	4.454668425e-02
26.276113	4.537983091e-02
26.281113	4.316210697e-02
26.286114	4.780709240e-02
26.291114	4.753028650e-02
26.296114	4.199570349e-02
26.301114	4.023696065e-02
26.306114	3.808623454e-02
26.311115	3.503754662e-02
26.316115	2.780203621e-02
26.321115	3.581188004e-02
26.326115	2.757241244e-02
26.331116	3.614623264e-02
26.336116	2.426391965e-02
26.341116	2.812793967e-02
26.346116	3.675975782e-02
26.351116	8.683131346e-03
26.356117	9.784268821e-03
26.361117	3.172352357e-02
26.366117	2.652092839e-02
26.371117	2.041150073e-03
26.376117	3.543271100e-03
26.381118	-6.063682867e-04
26.386118	4.357724988e-04
26.391118	1.611907742e-03
26.396118	5.031399263e-04
26.401119	-6.065084413e-05
26.406119	-1.542402588e-03
26.411119	-1.436221474e-03
26.416119	4.948824579e-04
26.421119	-1.044866424e-03
26.426120	-1.558306446e-02
26.431120	-3.702496987e-02
26.436120	-1.900554702e-02
26.441120	-1.817088830e-03
26.446120	-3.266559530e-02
26.451121	-3.266540862e-02
26.456121	-2.226466245e-02
26.461121	-4.006372138e-02
26.466121	-1.889943097e-02
26.471121	-2.580995096e-02
26.476122	-3.697429059e-02
26.481122	-1.619298354e-02
26.486122	-3.227211468e-02
26.491122	-2.945204639e-02
26.496123	-6.241841850e-03
26.501123	-2.459487624e-02
26.506123	-3.967904899e-02
26.511123	-1.099207609e-02
26.516123	-9.997929768e-03
26.521124	-3.652461733e-02
26.526124	-2.563588995e-02
26.531124	-3.964619265e-03
26.536124	-1.214808358e-02
26.541124	-3.144807678e-02
26.546125	-2.542414275e-02
26.551125	-5.579794132e-03
26.556125	-1.259787649e-03
26.561125	-1.479588692e-03
26.566125	-2.367361300e-03
26.571126	-3.198136190e-03
26.576126	-5.684840788e-03
26.581126	-3.475744202e-03
26.586126	-1.372642991e-03
26.591127	-1.640441197e-03
26.596127	-2.203226771e-03
26.601127	-1.879049790e-03
26.606127	1.666990822e-03
26.611127	-1.371689454e-03
26.616128	9.994012058e-04
26.621128	2.996507844e-03
26.626128	2.662713369e-03
26.631128	2.841581379e-02
26.636128	2.627409618e-02
26.641129	1.506337315e-03
26.646129	1.769084354e-02
26.651129	3.632224622e-02
26.656129	1.444036549e-02
26.661130	9.966747341e-03
26.666130	3.659881146e-02
26.671130	2.040669006e-02
26.676130	1.228122704e-02
26.681130	3.659938959e-02
26.686131	1.780737874e-02
26.691131	1.681261401e-02
26.696131	4.003182352e-02
26.701131	2.106782036e-02
26.706131	3.112358784e-02
26.711132	3.129577420e-02
26.716132	3.472682261e-02
26.721132	3.411504245e-02
26.726132	2.670855029e-02
26.731132	3.854224311e-02
26.736133	3.395463179e-02
26.741133	4.157350345e-02
26.746133	4.284364422e-02
26.751133	4.158289235e-02
26.756134	4.257704507e-02
26.761134	4.693605537e-02
26.766134	3.903158538e-02
26.771134	4.666845707e-02
26.776134	5.893313282e-02
26.781135	5.086667009e-02
26.786135	5.451771105e-02
26.791135	4.771219516e-02
26.796135	4.411854332e-02
26.801135	6.158199948e-02
26.806136	6.125720941e-02
26.811136	5.634461385e-02
26.816136	5.539885036e-02
26.821136	5.367811984e-02
26.826137	5.888709585e-02
26.831137	5.893529064e-02
26.836137	6.180336610e-02
26.841137	6.656436149e-02
26.846137	5.965385150e-02
26.851138	5.263734614e-02
26.856138	5.927126257e-02
26.861138	6.324829171e-02
26.866138	6.374546840e-02
26.871138	6.495961486e-02
26.876139	6.164295340e-02
26.881139	5.976923094e-02
26.886139	5.921545270e-02
26.891139	5.755272156e-02
26.896139	5.844088249e-02
26.901140	5.573619577e-02
26.906140	5.186555857e-02
26.911140	5.424465673e-02
26.916140	5.380587440e-02
26.921141	5.125418172e-02
26.926141	5.197135068e-02
26.931141	5.341448902e-02
26.936141	5.059440811e-02
26.941141	5.031791956e-02
26.946142	5.418985539e-02
26.951142	5.048061255e-02
26.956142	4.926636413e-02
26.961142	4.799631820e-02
26.966142	4.495614741e-02
26.971143	4.905687420e-02
26.976143	4.865629183e-02
26.981143	4.788172544e-02
26.986143	4.961175307e-02
26.991143	4.811151769e-02
26.996144	4.666868000e-02
27.001144	4.336162143e-02
27.006144	3.931779421e-02
27.011144	3.892611239e-02
27.016145	4.032255494e-02
27.021145	3.965298515e-02
27.026145	4.076174015e-02
27.031145	4.192869282e-02
27.036145	3.329706075e-02
27.041146	3.484539752e-02
27.046146	3.544747451e-02
27.051146	3.655703014e-02
27.056146	4.258977731e-02
27.061146	3.827856285e-02
27.066147	3.390915100e-02
27.071147	3.782888808e-02
27.076147	3.528709906e-02
27.081147	3.540129764e-02
27.086148	3.977041607e-02
27.091148	3.413145866e-02
27.096148	3.335679529e-02
27.101148	3.357608994e-02
27.106148	2.904568595e-02
27.111149	3.611999043e-02
27.116149	2.567193742e-02
27.121149	3.429427658e-02
27.126149	2.496457644e-02
27.131149	3.120731668e-02
27.136150	3.771754571e-02
27.141150	2.484149622e-02
27.146150	3.999265942e-02
27.151150	2.673432639e-02
27.156150	2.954471269e-02
27.161151	1.727133819e-02
27.166151	1.412677705e-02
27.171151	3.701131326e-02
27.176151	2.203195379e-02
27.181152	1.240636763e-02
27.186152	3.230923056e-02
27.191152	2.220466495e-02
27.196152	2.683157533e-02
27.201152	3.308401698e-02
27.206153	3.192707268e-02
27.211153	3.274984463e-02
27.216153	2.009358778e-02
27.221153	2.982458257e-02
27.226153	2.413723072e-02
27.231154	1.854527497e-02
27.236154	3.109695064e-02
27.241154	2.523750648e-02
27.246154	2.982631978e-02
27.251155	3.518850044e-02
27.256155	8.986918517e-03
27.261155	1.175040954e-02
27.266155	3.601158989e-02
27.271155	2.237107617e-02
27.276156	2.475178380e-02
27.281156	3.231247210e-02
27.286156	2.059337736e-02
27.291156	3.231288972e-02
27.296156	2.772449313e-02
27.301157	3.242880297e-02
27.306157	2.972372685e-02
27.311157	1.114002359e-02
27.316157	3.065110649e-02
27.321157	3.154977807e-02
27.326158	3.348030607e-02
27.331158	2.850072696e-02
27.336158	1.838716550e-02
27.341158	3.557524746e-02
27.346159	3.436180918e-02
27.351159	4.143521993e-02
27.356159	2.363608460e-02
27.361159	2.695315476e-02
27.366159	3.226834039e-02
27.371160	1.081776015e-02
27.376160	3.535683157e-02
27.381160	3.066344163e-02
27.386160	3.203979466e-02
27.391160	3.298686600e-02
27.396161	3.430572172e-02
27.401161	3.402884517e-02
27.406161	1.590482490e-02
27.411161	3.734612847e-02
27.416162	2.447078607e-02
27.421162	2.817974118e-02
27.426162	3.712697447e-02
27.431162	1.672755124e-02
27.436162	3.680251334e-02
27.441163	1.806681988e-02
27.446163	1.745465870e-02
27.451163	4.183143893e-02
27.456163	1.518128117e-02
27.461163	2.562895180e-02
27.466164	3.608632215e-02
27.471164	5.401935692e-03
27.476164	2.305880518e-03
27.481164	3.149915745e-02
27.486164	3.233073613e-02
27.491165	4.523628290e-03
27.496165	4.033240299e-05
27.501165	2.679741307e-02
27.506165	3.398562294e-02
27.511166	7.392164195e-03
27.516166	5.388692312e-04
27.521166	4.305124472e-03
27.526166	2.983745767e-02
27.531166	2.961788203e-02
27.536167	3.311911743e-03
27.541167	1.925685793e-03
27.546167	1.036338920e-03
27.551167	2.104420681e-02
27.556167	3.459944821e-02
27.561168	1.088396881e-02
27.566168	-1.757466589e-04
27.571168	1.324205878e-03
27.576168	-2.823902163e-03
27.581168	4.853088924e-03
27.586169	3.343479446e-02
27.591169	2.846342168e-02
27.596169	3.361501909e-03
27.601169	2.176519581e-04
27.606170	-3.364075884e-04
27.611170	1.026909150e-04
27.616170	-7.770545782e-04
27.621170	-8.334348278e-04
27.626170	-2.781408652e-04
27.631171	1.432604271e-03
27.636171	-1.999532574e-03
27.641171	-3.355852007e-04
27.646171	-6.028558790e-04
27.651171	-1.548897672e-03
27.656172	4.875343015e-04
27.661172	-1.940244460e-03
27.666172	-2.380407305e-03
27.671172	-1.051844959e-03
27.676173	3.260691090e-03
27.681173	-1.022701858e-02
27.686173	-3.973664932e-02
27.691173	-2.404019520e-02
27.696173	-1.269740654e-03
27.701174	1.158475863e-03
27.706174	-2.222311400e-02
27.711174	-4.123598882e-02
27.716174	-1.061746627e-02
27.721174	-7.788366232e-03
27.726175	-3.437221991e-02
27.731175	-2.896082902e-02
27.736175	-9.907937617e-04
27.741175	-2.399029892e-02
27.746175	-4.178872431e-02
27.751176	-9.335178625e-03
27.756176	-1.265261728e-02
27.761176	-3.863369562e-02
27.766176	-2.349151611e-02
27.771177	-2.652877825e-03
27.776177	-8.999587637e-03
27.781177	-3.404420514e-02
27.786177	-3.084181927e-02
27.791177	-5.519570437e-03
27.796178	-1.536563148e-02
27.801178	-3.354633929e-02
27.806178	-1.884384015e-02
27.811178	-7.103862368e-04
27.816178	-3.473446869e-03
27.821179	-4.973660879e-03
27.826179	-1.469452648e-02
27.831179	-3.133679870e-02
27.836179	-2.199767157e-02
27.841180	-2.649068389e-03
27.846180	-3.643403202e-03
27.851180	-5.402205501e-03
27.856180	-2.533703721e-03
27.861180	-1.138580524e-02
27.866181	-3.072346239e-02
27.871181	-2.099255098e-02
27.876181	-4.971205949e-03
27.881181	-2.484887349e-03
27.886181	2.302216837e-04
27.891182	-2.647532203e-03
27.896182	-1.701147982e-03
27.901182	-2.417693183e-03
27.906182	-4.692072256e-03
27.911182	-1.734821135e-02
27.916183	-3.089331266e-02
27.921183	-1.657379440e-02
27.926183	-1.088125424e-03
27.931183	-2.750029819e-03
27.936184	-1.316465237e-03
27.941184	-8.766584260e-04
27.946184	-1.650500071e-03
27.951184	-1.619015837e-02
27.956184	-3.574760395e-02
27.961185	-1.695417423e-02
27.966185	-1.649596580e-03
27.971185	-3.131207613e-03
27.976185	2.335761495e-04
27.981185	-5.578151177e-03
27.986186	-2.535548669e-02
27.991186	-3.143460244e-02
27.996186	-8.062865822e-03
28.001186	-1.208429284e-03
28.006187	-4.075780732e-03
28.011187	-3.232484941e-05
28.016187	-3.081568342e-03
28.021187	-1.110150111e-02
28.026187	-2.950259394e-02
28.031188	-2.634719993e-02
28.036188	-3.682632356e-03
28.041188	-1.809383780e-03
28.046188	-3.252194586e-03
28.051188	-1.425943769e-03
28.056189	-4.293293972e-03
28.061189	-4.235667974e-03
28.066189	-3.356376664e-03
28.071189	-2.199896973e-03
28.076189	4.586192043e-04
28.081190	-8.128979883e-04
28.086190	-2.638691573e-03
28.091190	-2.303276599e-03
28.096190	-5.924197751e-04
28.101191	3.890719719e-03
28.106191	-3.148725439e-04
28.111191	-2.139965538e-03
28.116191	2.980609739e-04
28.121191	-1.919615140e-03
28.126192	9.570930345e-04
28.131192	2.506257577e-03
28.136192	-3.126926901e-04
28.141192	-1.144727014e-03
28.146192	2.155412176e-05
28.151193	7.918235237e-05
28.156193	-1.746609498e-03
28.161193	-1.640683066e-03
28.166193	6.251519797e-04
28.171193	5.769851873e-04
28.176194	-7.511272535e-04
28.181194	-2.691013651e-03
28.186194	-3.905230671e-03
28.191194	-1.744990534e-03
28.196195	7.406359410e-04
28.201195	-8.073665662e-04
28.206195	-1.361411062e-03
28.211195	7.920327849e-03
28.216195	2.997402577e-02
28.221196	2.406700843e-02
28.226196	1.966077319e-03
28.231196	-6.912774483e-04
28.236196	1.564959731e-03
28.241196	1.345401927e-03
28.246197	6.659809786e-03
28.251197	3.352130487e-02
28.256197	2.721340538e-02
28.261197	1.738218090e-03
28.266198	-2.353175059e-03
28.271198	-1.797964950e-03
28.276198	-2.017521894e-03
28.281198	6.212263308e-03
28.286198	3.656341141e-02
28.291199	2.898376666e-02
28.296199	1.405269337e-03
28.301199	-1.854758175e-03
28.306199	-6.400751470e-04
28.311199	-7.576444172e-05
28.316200	-2.121443035e-03
28.321200	-2.699691283e-05
28.326200	3.614983767e-03
28.331200	2.417654773e-02
28.336200	3.076280391e-02
28.341201	8.490382887e-03
28.346201	2.990654037e-04
28.351201	-5.321637859e-04
28.356201	-1.631581491e-03
28.361202	-5.226926337e-04
28.366202	1.083075294e-03
28.371202	5.863324221e-04
28.376202	4.725734462e-04
28.381202	-3.594549762e-04
28.386203	-3.179099066e-03
28.391203	-1.734923682e-03
28.396203	-3.341018943e-03
28.401203	-3.075622061e-02
28.406203	-3.169324398e-02
28.411204	-4.219470915e-03
28.416204	-2.288115562e-03
28.421204	-9.117365731e-04
28.426204	-9.591971384e-04
28.431205	-3.396756319e-03
28.436205	-1.685091171e-03
28.441205	-1.456163081e-03
28.446205	-2.010301693e-03
28.451205	-1.407289208e-03
28.456206	-1.569444184e-03
28.461206	1.030983917e-03
28.466206	9.157271976e-04
28.471206	-1.014452507e-03
28.476206	-6.223304804e-04
28.481207	-2.505511933e-03
28.486207	1.744498170e-02
28.491207	3.678320139e-02
28.496207	1.351702624e-02
28.501207	-6.211355116e-04
28.506208	-5.158006067e-04
28.511208	3.843554187e-03
28.516208	3.425130550e-02
28.521208	2.872637931e-02
28.526209	8.611997353e-04
28.531209	-1.460861912e-03
28.536209	1.496198239e-02
28.541209	3.651820932e-02
28.546209	1.722816693e-02
28.551210	-7.908291971e-04
28.556210	4.804575194e-04
28.561210	2.497116061e-02
28.566210	3.690219594e-02
28.571210	7.392787119e-03
28.576211	-4.651861519e-03
28.581211	1.788912466e-02
28.586211	4.099418706e-02
28.591211	1.296651594e-02
28.596211	-6.261666281e-04
28.601212	1.314792802e-03
28.606212	1.955326187e-02
28.611212	3.740064762e-02
28.616212	1.053962768e-02
28.621213	-2.323737896e-04
28.626213	-1.618572794e-03
28.631213	8.227052457e-03
28.636213	3.674248684e-02
28.641213	2.468824017e-02
28.646214	8.773917230e-04
28.651214	-7.285973686e-04
28.656214	-1.177635357e-03
28.661214	2.689811825e-02
28.666214	3.636096056e-02
28.671215	6.078186912e-03
28.676215	5.443648334e-04
28.681215	2.988146548e-02
28.686215	3.209891524e-02
28.691216	4.531027048e-03
28.696216	3.093355239e-02
28.701216	3.353308632e-02
28.706216	2.925427272e-03
28.711216	3.458633018e-02
28.716217	2.745507674e-02
28.721217	1.193057902e-02
28.726217	4.326589609e-02
28.731217	2.044890757e-02
28.736217	2.591692081e-02
28.741218	3.657551425e-02
28.746218	1.441789816e-02
28.751218	3.829703172e-02
28.756218	2.304062348e-02
28.761218	5.356118224e-03
28.766219	3.907183539e-02
28.771219	3.105192092e-02
28.776219	-6.173914766e-04
28.781219	1.536577733e-02
28.786220	3.791576804e-02
28.791220	1.474499595e-02
28.796220	-1.447971663e-03
28.801220	-1.218934914e-03
28.806220	1.047715627e-03
28.811221	4.469717336e-03
28.816221	6.849663314e-03
28.821221	1.906769260e-02
28.826221	1.497611299e-02
28.831221	1.488431600e-03
28.836222	-4.520389012e-04
28.841222	-6.142846229e-04
28.846222	-1.868017169e-02
28.851222	-2.487476160e-02
28.856223	-4.418380528e-03
28.861223	1.049535689e-03
28.866223	-2.323673399e-03
28.871223	1.213324863e-03
28.876223	-2.360247552e-02
28.881224	-3.874348568e-02
28.886224	-1.155728902e-02
28.891224	-3.421985104e-03
28.896224	-3.335672444e-04
28.901224	-9.338536900e-03
28.906225	-3.835115876e-02
28.911225	-2.355313666e-02
28.916225	-2.712970422e-03
28.921225	-1.709163652e-03
28.926225	-4.608469606e-05
28.931226	2.216534953e-04
28.936226	-1.906827959e-02
28.941226	-4.134068619e-02
28.946226	-1.658238525e-02
28.951227	-8.189031006e-04
28.956227	-2.538880105e-03
28.961227	-6.293476263e-05
28.966227	2.431609910e-03
28.971227	-1.790057819e-02
28.976228	-3.967600502e-02
28.981228	-1.684812147e-02
28.986228	6.647873819e-04
28.991228	2.820545454e-04
28.996228	-2.862406971e-02
29.001229	-3.763783663e-02
29.006229	-6.953585349e-03
29.011229	-1.370870457e-03
29.016229	-3.492299740e-02
29.021230	-3.382309235e-02
29.026230	1.124216581e-04
29.031230	-7.840489510e-03
29.036230	-4.022726536e-02
29.041230	-2.923407899e-02
29.046231	2.550426618e-03
29.051231	-1.175911477e-02
29.056231	-3.906920523e-02
29.061231	-2.541853099e-02
29.066231	-1.644585523e-03
29.071232	-1.262148902e-03
29.076232	-3.022616883e-02
29.081232	-3.691783226e-02
29.086232	-7.953206245e-03
29.091232	-1.261036484e-03
29.096233	-1.104976835e-02
29.101233	-3.828316102e-02
29.106233	-2.270136754e-02
29.111233	-7.155452614e-04
29.116234	-5.456590520e-03
29.121234	-2.961221312e-02
29.126234	-3.370298569e-02
29.131234	-6.898967086e-03
29.136234	-1.870525788e-03
29.141235	-8.389895121e-03
29.146235	-3.762150208e-02
29.151235	-2.684820382e-02
29.156235	-3.800525491e-03
29.161235	-6.562953531e-03
29.166236	-1.972574082e-02
29.171236	-3.292652638e-02
29.176236	-1.214535155e-02
29.181236	-2.135720249e-03
29.186236	-4.458366341e-03
29.191237	-2.862278343e-03
29.196237	-1.198393103e-03
29.201237	1.561131445e-05
29.206237	-3.473184907e-03
29.211238	-2.803957177e-03
29.216238	-3.682763745e-03
29.221238	-2.363063343e-03
29.226238	-1.368949030e-03
29.231238	-1.416390474e-03
29.236239	-1.082347965e-03
29.241239	-3.169236163e-04
29.246239	-9.283408189e-04
29.251239	-7.559911122e-04
29.256239	-9.181271187e-04
29.261240	-1.586941543e-03
29.266240	1.128200778e-03
29.271240	6.881768917e-04
29.276240	-9.267971000e-04
29.281241	-7.544467008e-04
29.286241	-4.771006347e-04
29.291241	1.396977897e-03
29.296241	3.615241962e-03
29.301241	-1.412786851e-03
29.306242	-5.456557250e-03
29.311242	2.409597533e-04
29.316242	3.118496347e-03
29.321242	-4.751927754e-04
29.326242	-1.803277770e-03
29.331243	-2.072865363e-04
29.336243	2.422533850e-04
29.341243	4.728026992e-04
29.346243	6.353550091e-04
29.351243	-8.082245185e-04
29.356244	-9.226602438e-04
29.361244	-4.287658136e-03
29.366244	-1.257514736e-02
29.371244	-2.351932391e-02
29.376245	-2.285959198e-02
29.381245	-9.046617201e-03
29.386245	-3.571252392e-04
29.391245	6.369928708e-04
29.396245	-2.573810753e-03
29.401246	-3.176324769e-03
29.406246	-2.459294576e-03
29.411246	-1.359280495e-03
29.416246	-1.961894164e-03
29.421246	-1.846138154e-03
29.426247	-2.492447821e-04
29.431247	-1.693622445e-03
29.436247	-1.023489580e-03
29.441247	8.612477875e-05
29.446248	2.074002042e-03
29.451248	4.680316815e-04
29.456248	-1.194636163e-03
29.461248	1.920669124e-04
29.466248	-1.519598628e-03
29.471249	-9.076625005e-04
29.476249	-4.672189931e-04
29.481249	-2.015091132e-03
29.486249	1.197035174e-03
29.491249	1.932082982e-02
29.496250	2.258125431e-02
29.501250	7.879939903e-03
29.506250	2.516829974e-03
29.511250	1.522335072e-03
29.516250	1.303607415e-03
29.521251	-4.640545033e-04
29.526251	-7.490893490e-03
29.531251	-2.727769176e-02
29.536251	-2.389287163e-02
29.541252	-2.786802201e-03
29.546252	2.533327525e-04
29.551252	-1.781917149e-03
29.556252	-1.571562079e-03
29.561252	-2.126274481e-03
29.566253	-2.565691655e-03
29.571253	-7.393047129e-04
29.576253	-3.471568924e-04
29.581253	9.268902023e-05
29.586253	1.469795336e-03
29.591254	-7.817430652e-05
29.596254	-2.946287905e-03
29.601254	-1.235395393e-03
29.606254	-7.947489498e-04
29.611255	-5.166955057e-04
29.616255	-1.014109094e-03
29.621255	-1.616518122e-03
29.626255	1.524724925e-04
29.631255	-1.818476684e-04
29.636256	-1.624720750e-03
29.641256	-7.928900930e-04
29.646256	-1.289603036e-03
29.651256	-1.593361648e-02
29.656256	-3.538672607e-02
29.661257	-1.775990652e-02
29.666257	-3.659237469e-03
29.671257	-3.658970907e-03
29.676257	-9.748546221e-03
29.681257	-3.406594916e-02
29.686258	-2.079754439e-02
29.691258	-3.160924592e-03
29.696258	-7.326603380e-04
29.701258	-1.372344271e-02
29.706259	-3.786945234e-02
29.711259	-2.179076609e-02
29.716259	-5.377593889e-03
29.721259	-2.095806609e-02
29.726259	-3.239981353e-02
29.731260	-1.543316444e-02
29.736260	-3.990781201e-03
29.741260	-7.086781891e-03
29.746260	-2.333712515e-02
29.751260	-3.079304090e-02
29.756261	-8.911999472e-03
29.761261	-2.278111947e-03
29.766261	-3.711282530e-03
29.771261	-3.940542637e-04
29.776261	-2.382301106e-03
29.781262	-7.973495190e-03
29.786262	-1.498992878e-02
29.791262	-2.542891725e-02
29.796262	-1.896622169e-02
29.801263	-4.101282008e-03
29.806263	-3.432040774e-03
29.811263	-3.221579992e-03
29.816263	-4.320163639e-03
29.821263	-2.200464447e-02
29.826264	-3.404926414e-02
29.831264	-1.016930573e-02
29.836264	-2.330667582e-03
29.841264	-2.924975672e-02
29.846264	-3.002345347e-02
29.851265	-3.534505154e-03
29.856265	-1.995799649e-03
29.861265	-7.855180595e-03
29.866265	-2.319444213e-03
29.871266	-1.752812883e-02
29.876266	-3.543219914e-02
29.881266	-1.603664963e-02
29.886266	-1.204526046e-04
29.891266	-2.872364543e-03
29.896267	-3.599162171e-03
29.901267	-1.161893741e-03
29.906267	-1.763696444e-03
29.911267	-7.517180772e-03
29.916267	-4.314744431e-03
29.921268	-1.769750531e-02
29.926268	-3.282939196e-02
29.931268	-1.171351424e-02
29.936268	-1.654310419e-04
29.941268	-1.159016375e-03
29.946269	5.428842010e-04
29.951269	1.035756044e-04
29.956269	-3.267332635e-04
29.961269	-1.101227439e-03
29.966270	1.213047631e-03
29.971270	-4.092054375e-03
29.976270	-4.091781047e-03
29.981270	-8.796436873e-04
29.986270	2.494886901e-03
29.991271	-8.314984992e-04
29.996271	-6.356290649e-03
30.001271	-6.298619205e-03
30.006271	-2.072353406e-02
30.011271	-2.259628061e-02
30.016272	-1.198535595e-02
30.021272	-4.423801992e-03
30.026272	2.152793809e-03
30.031272	-3.305700385e-03
30.036273	-3.476818482e-03
30.041273	-2.042304497e-03
30.046273	-7.136859164e-04
30.051273	-1.149625411e-02
30.056273	-3.232529654e-02
30.061274	-2.221134985e-02
30.066274	-1.878635986e-03
30.071274	-5.975148482e-04
30.076274	-1.428704108e-03
30.081274	-2.536471437e-02
30.086275	-3.641537043e-02
30.091275	-1.231571563e-02
30.096275	-1.647491652e-03
30.101275	-2.403516707e-02
30.106275	-3.625107334e-02
30.111276	-8.395877209e-03
30.116276	-3.970088325e-03
30.121276	-1.425487608e-02
30.126276	-2.562961755e-02
30.131277	-2.844932137e-02
30.136277	-1.917723738e-02
30.141277	-3.348735416e-02
30.146277	-2.369739189e-02
30.151277	-1.092585583e-02
30.156278	-3.646889638e-02
30.161278	-2.546608517e-02
30.166278	-1.982514669e-02
30.171278	-3.967912794e-02
30.176278	-2.464278730e-02
30.181279	-3.442169519e-02
30.186279	-2.790159352e-02
30.191279	-3.138056811e-02
30.196279	-3.607409113e-02
30.201279	-2.651511789e-02
30.206280	-3.519427184e-02
30.211280	-2.617927533e-02
30.216280	-3.740212129e-02
30.221280	-3.767883091e-02
30.226281	-4.127259988e-02
30.231281	-3.337665553e-02
30.236281	-3.944601940e-02
30.241281	-2.739195101e-02
30.246281	-2.712428315e-02
30.251282	-3.701788468e-02
30.256282	-8.712504489e-03
30.261282	-3.502811004e-02
30.266282	-3.286802193e-02
30.271282	-9.152046978e-03
30.276283	-2.811646366e-02
30.281283	-3.308697312e-02
30.286283	-7.716967927e-03
30.291283	-1.418801360e-02
30.296284	-4.038882327e-02
30.301284	-2.082117192e-02
30.306284	1.742568784e-05
30.311284	-2.744543019e-02
30.316284	-3.910775538e-02
30.321285	-9.263239016e-03
30.326285	-2.800631907e-03
30.331285	-3.596214592e-02
30.336285	-3.087628027e-02
30.341285	-4.128932252e-03
30.346286	-3.115220600e-02
30.351286	-3.705917430e-02
30.356286	-3.736204554e-03
30.361286	-1.915496964e-02
30.366286	-4.053838191e-02
30.371287	-1.595224170e-02
30.376287	-1.641466030e-03
30.381287	-3.148471956e-02
30.386287	-3.722039437e-02
30.391288	-5.053574897e-03
30.396288	-6.464792123e-04
30.401288	-1.612264102e-02
30.406288	-3.628210430e-02
30.411288	-2.174263758e-02
30.416289	-1.686904462e-03
30.421289	-2.967267284e-03
30.426289	-1.582042935e-03
30.431289	-1.887382718e-02
30.436289	-3.496086236e-02
30.441290	-1.776470757e-02
30.446290	-2.622465644e-03
30.451290	-2.239198316e-03
30.456290	-2.736593570e-03
30.461291	-2.429219653e-02
30.466291	-3.257956154e-02
30.471291	-1.052651188e-02
30.476291	5.821015700e-04
30.481291	-2.017704083e-03
30.486292	-4.006735508e-03
30.491292	-1.920500718e-02
30.496292	-3.406869293e-02
30.501292	-1.511261143e-02
30.506292	-3.125634565e-03
30.511293	-2.571073229e-03
30.516293	-3.277858349e-03
30.521293	-3.257643200e-02
30.526293	-3.252844889e-02
30.531293	-3.726283911e-03
30.536294	3.657280763e-04
30.541294	-2.999243897e-03
30.546294	-1.002526066e-02
30.551294	-3.308139816e-02
30.556295	-2.484106150e-02
30.561295	-3.065098216e-03
30.566295	-3.112610219e-03
30.571295	-2.940131437e-03
30.576295	-8.463339524e-04
30.581296	-2.003133483e-02
30.586296	-3.650125064e-02
30.591296	-1.306235718e-02
30.596296	-2.342299784e-05
30.601296	-3.836974711e-03
30.606297	-1.236598063e-03
30.611297	-1.952980787e-03
30.616297	-3.883711959e-03
30.621297	-1.618620792e-03
30.626298	2.253602388e-03
30.631298	-7.696688702e-03
30.636298	-3.246485189e-02
30.641298	-2.423421305e-02
30.646298	-5.048738243e-03
30.651299	-4.101490618e-03
30.656299	-7.941428820e-04
30.661299	4.868908081e-04
30.666299	-8.517139646e-03
30.671299	-3.550250817e-02
30.676300	-2.218638407e-02
30.681300	-2.006350665e-03
30.686300	-2.273450866e-03
30.691300	-1.466223740e-02
30.696300	-3.854083703e-02
30.701301	-2.013012825e-02
30.706301	-3.994023004e-03
30.711301	-2.831140374e-02
30.716301	-3.604448700e-02
30.721302	-5.646385688e-03
30.726302	-1.626654643e-02
30.731302	-4.290692833e-02
30.736302	-1.504181939e-02
30.741302	-1.106529824e-02
30.746303	-4.019177451e-02
30.751303	-2.178046472e-02
30.756303	-2.776079961e-03
30.761303	-3.245733241e-02
30.766303	-3.526732322e-02
30.771304	-7.852394489e-03
30.776304	-8.444010600e-04
30.781304	-1.902534034e-02
30.786304	-3.620432196e-02
30.791304	-1.371898396e-02
30.796305	-4.599079598e-03
30.801305	-3.041854721e-03
30.806305	-1.053648001e-03
30.811305	-3.711244347e-03
30.816306	-4.875903843e-03
30.821306	-3.233844906e-02
30.826306	-2.625941525e-02
30.831306	-2.113146798e-03
30.836306	-3.813783177e-03
30.841307	-4.147477367e-03
30.846307	-1.395302196e-03
30.851307	7.748977342e-04
30.856307	-1.857199061e-02
30.861307	-3.698191855e-02
30.866308	-1.061774335e-02
30.871308	3.740832408e-04
30.876308	-6.134348627e-03
30.881308	-8.282809439e-04
30.886309	-6.248758702e-03
30.891309	-3.531823441e-02
30.896309	-2.879821785e-02
30.901309	-5.912894552e-03
30.906309	-6.648239029e-04
30.911310	-1.232603675e-02
30.916310	-3.703669662e-02
30.921310	-1.741123480e-02
30.926310	-2.479574015e-03
30.931310	-4.201207569e-03
30.936311	-2.708494444e-02
30.941311	-3.388036283e-02
30.946311	-8.071162489e-03
30.951311	-1.933128633e-03
30.956311	-1.912010645e-02
30.961312	-3.858298775e-02
30.966312	-1.287778260e-02
30.971312	-4.752832520e-03
30.976312	-3.509225270e-02
30.981313	-3.392600760e-02
30.986313	-3.862986674e-03
30.991313	-1.762710880e-02
30.996313	-4.150580231e-02
31.001313	-1.536061509e-02
31.006314	-1.784621476e-02
31.011314	-4.122792902e-02
31.016314	-1.442376942e-02
31.021314	-1.961425419e-02
31.026314	-3.796718120e-02
31.031315	-1.271195568e-02
31.036315	-2.497514050e-02
31.041315	-3.707733204e-02
31.046315	-9.384209499e-03
31.051316	-1.442170015e-02
31.056316	-3.873937385e-02
31.061316	-1.983087883e-02
31.066316	-3.972254491e-03
31.071316	-2.862491369e-02
31.076317	-3.419838114e-02
31.081317	-8.110189901e-03
31.086317	-2.375823031e-02
31.091317	-3.912928235e-02
31.096317	-9.993219946e-03
31.101318	-1.424674281e-02
31.106318	-3.863141267e-02
31.111318	-2.065987695e-02
31.116318	1.010502153e-03
31.121318	-9.771743706e-03
31.126319	-3.757826819e-02
31.131319	-2.756039510e-02
31.136319	-1.473202724e-03
31.141319	-5.019754743e-03
31.146320	-3.033238449e-02
31.151320	-3.459490597e-02
31.156320	-6.289807170e-03
31.161320	5.162025967e-04
31.166320	-1.253094641e-02
31.171321	-3.762358498e-02
31.176321	-2.385886974e-02
31.181321	-6.485545827e-04
31.186321	-8.448925484e-03
31.191321	-3.535748672e-02
31.196322	-2.727853019e-02
31.201322	-1.039342968e-03
31.206322	-7.453772192e-03
31.211322	-2.955353677e-02
31.216323	-3.364406425e-02
31.221323	-6.333922008e-03
31.226323	-1.305835629e-03
31.231323	-1.783283592e-02
31.236323	-3.927362792e-02
31.241324	-1.744925286e-02
31.246324	2.452203768e-03
31.251324	-2.967266722e-03
31.256324	-2.364992241e-03
31.261324	-4.620596579e-03
31.266325	-3.510343422e-03
31.271325	-2.418816706e-02
31.276325	-3.497040985e-02
31.281325	-7.381278244e-03
31.286325	3.888544870e-03
31.291326	-7.559576676e-04
31.296326	-2.466584408e-03
31.301326	-5.393159533e-03
31.306326	-3.786926605e-03
31.311327	-5.448555127e-03
31.316327	-2.921224714e-02
31.321327	-3.087587538e-02
31.326327	-3.965714128e-03
31.331327	2.974067244e-04
31.336328	1.447147614e-04
31.341328	8.519864615e-04
31.346328	-2.961550205e-03
31.351328	-3.123241494e-03
31.356328	-2.903948827e-03
31.361329	-2.626658519e-03
31.366329	-1.352389468e-02
31.371329	-3.385473106e-02
31.376329	-1.837808442e-02
31.381329	-3.504412134e-03
31.386330	-3.284118925e-03
31.391330	5.680205095e-04
31.396330	3.583321303e-04
31.401330	1.028606567e-03
31.406331	-7.400155703e-04
31.411331	-3.577287387e-04
31.416331	-5.864159247e-04
31.421331	-3.281998498e-03
31.426331	-5.557598767e-03
31.431332	-1.684459446e-03
31.436332	-6.596947804e-03
31.441332	-3.235955270e-02
31.446332	-2.527654908e-02
31.451332	7.436523113e-04
31.456333	6.869586126e-04
31.461333	-2.170616323e-03
31.466333	-4.053232469e-03
31.471333	5.828752996e-04
31.476334	-1.356422104e-02
31.481334	-3.761489769e-02
31.486334	-1.848740360e-02
31.491334	3.136984808e-03
31.496334	-1.356200303e-02
31.501335	-4.114152978e-02
31.506335	-1.991912406e-02
31.511335	-2.071575259e-03
31.516335	-3.710678585e-02
31.521335	-2.881783188e-02
31.526336	-1.455513091e-02
31.531336	-3.991575110e-02
31.536336	-2.428610785e-02
31.541336	-2.848162456e-02
31.546336	-3.400708483e-02
31.551337	-2.158030560e-02
31.556337	-3.980822750e-02
31.561337	-2.809841770e-02
31.566337	-3.887165525e-02
31.571338	-2.698885259e-02
31.576338	-2.511562575e-02
31.581338	-3.798177434e-02
31.586338	-1.857529015e-02
31.591338	-3.809615661e-02
31.596339	-2.390045146e-02
31.601339	-2.610805125e-02
31.606339	-3.974916653e-02
31.611339	-2.134563937e-02
31.616339	-3.892558759e-02
31.621340	-2.609782401e-02
31.626340	-2.737746264e-02
31.631340	-3.676375771e-02
31.636340	-1.775025592e-02
31.641341	-3.947902788e-02
31.646341	-2.466234809e-02
31.651341	-1.764433780e-02
31.656341	-3.709720590e-02
31.661341	-1.593379472e-02
31.666342	-3.284277042e-02
31.671342	-3.615932189e-02
31.676342	-2.002369742e-02
31.681342	-4.095850226e-02
31.686342	-1.835915145e-02
31.691343	-2.421859481e-02
31.696343	-3.830968932e-02
31.701343	-2.205806929e-02
31.706343	-3.896804418e-02
31.711343	-2.007853572e-02
31.716344	-2.902484783e-02
31.721344	-3.775316908e-02
31.726344	-2.002161127e-02
31.731344	-3.913849220e-02
31.736345	-2.592674271e-02
31.741345	-3.604100486e-02
31.746345	-3.266583844e-02
31.751345	-2.753274640e-02
31.756345	-3.659405288e-02
31.761346	-1.990345032e-02
31.766346	-3.864034668e-02
31.771346	-2.421364801e-02
31.776346	-2.299938947e-02
31.781346	-4.056933500e-02
31.786347	-1.481611593e-02
31.791347	-2.305645654e-02
31.796347	-3.796851439e-02
31.801347	-1.204330233e-02
31.806347	-1.183300069e-02
31.811348	-3.787258682e-02
31.816348	-2.166896259e-02
31.821348	-1.545504346e-03
31.826348	-8.074916792e-03
31.831349	-2.852173950e-02
31.836349	-3.310923403e-02
31.841349	-6.573047107e-03
31.846349	-3.140881229e-03
31.851349	-2.711588033e-03
31.856350	-1.526174484e-02
31.861350	-3.619554635e-02
31.866350	-1.735503292e-02
31.871350	6.655153521e-04
31.876350	-2.699030253e-03
31.881351	-6.303565597e-03
31.886351	-2.420649506e-02
31.891351	-3.525671477e-02
31.896351	-1.060444700e-02
31.901352	2.158324581e-03
31.906352	-1.435210767e-03
31.911352	-6.521682771e-03
31.916352	-3.366503861e-03
31.921352	-1.441572305e-02
31.926353	-3.503553667e-02
31.931353	-1.552405046e-02
31.936353	1.883524980e-03
31.941353	-1.050777195e-04
31.946353	-3.536619194e-03
31.951354	-4.808252086e-03
31.956354	-4.577948519e-03
31.961354	-8.945450063e-03
31.966354	-2.348452057e-02
31.971354	-2.685006438e-02
31.976355	-7.177584165e-03
31.981355	2.326326961e-03
31.986355	-8.182259381e-04
31.991355	-2.969820815e-03
31.996356	2.803555411e-04
32.001356	3.681411978e-06
32.006356	-3.742845617e-03
32.011356	-1.428629333e-03
32.016356	3.396101746e-04
32.021357	4.059218794e-04
32.026357	1.525303658e-05
32.031357	-1.265378010e-03
32.036357	-2.976990705e-03
32.041357	-1.972718375e-03
32.046358	-4.048526851e-05
32.051358	-2.306074220e-03
32.056358	-1.206805642e-03
32.061358	1.393399437e-03
32.066359	-2.468121626e-03
32.071359	7.751760807e-03
32.076359	3.151606949e-02
32.081359	2.184179497e-02
32.086359	1.729962753e-03
32.091360	8.983137752e-04
32.096360	3.996498391e-03
32.101360	-1.690944679e-03
32.106360	1.178680036e-02
32.111360	3.533211895e-02
32.116361	1.272439303e-02
32.121361	1.999163758e-03
32.126361	6.378294645e-03
32.131361	-2.845998035e-03
32.136361	1.936037774e-02
32.141362	3.565900390e-02
32.146362	1.124535502e-02
32.151362	1.572081724e-03
32.156362	5.099249247e-03
32.161363	2.881556150e-02
32.166363	2.754393251e-02
32.171363	5.435186436e-03
32.176363	2.892611478e-03
32.181363	1.941922870e-02
32.186364	3.616783660e-02
32.191364	1.229016583e-02
32.196364	-1.416935760e-03
32.201364	1.639162750e-02
32.206364	3.755504872e-02
32.211365	1.515831556e-02
32.216365	-1.740650436e-03
32.221365	1.638389980e-02
32.226365	3.749032379e-02
32.231366	1.417562988e-02
32.236366	2.455444825e-03
32.241366	6.270601669e-03
32.246366	1.191168124e-02
32.251366	3.556099794e-02
32.256367	1.671911497e-02
32.261367	1.301087036e-03
32.266367	-1.985305014e-04
32.271367	-1.355162481e-03
32.276367	-8.578644452e-04
32.281368	-1.355524166e-03
32.286368	9.106991022e-04
32.291368	1.408997362e-03
32.296368	1.198325748e-03
32.301368	-7.422724852e-04
32.306369	-9.139455747e-04
32.311369	-1.572597944e-03
32.316369	-2.288247809e-03
32.321369	1.792899185e-03
32.326370	-1.583503397e-02
32.331370	-3.616685249e-02
32.336370	-1.549840799e-02
32.341370	5.232334703e-04
32.346370	-1.351366764e-03
32.351371	-2.335004658e-03
32.356371	-3.395639202e-03
32.361371	-9.104238867e-04
32.366371	-8.521056619e-04
32.371371	-2.562712404e-03
32.376372	-1.625431243e-03
32.381372	-1.019074739e-02
32.386372	-3.467138916e-02
32.391372	-2.296156414e-02
32.396372	-6.301890469e-04
32.401373	2.133015193e-03
32.406373	1.807350388e-03
32.411373	-1.729178294e-03
32.416373	-6.211666810e-03
32.421374	-4.165431844e-03
32.426374	2.027048357e-04
32.431374	-1.402905304e-03
32.436374	-7.596320984e-03
32.441374	-3.311891765e-02
32.446375	-2.588290212e-02
32.451375	1.084277528e-03
32.456375	1.199594913e-03
32.461375	-7.310009360e-04
32.466375	-3.388565898e-03
32.471376	-3.886222283e-03
32.476376	-4.869857991e-03
32.481376	-7.877082370e-04
32.486376	-1.333885369e-02
32.491377	-3.511360827e-02
32.496377	-1.565010992e-02
32.501377	8.195153535e-04
32.506377	-1.016083739e-03
32.511377	-2.009718417e-03
32.516378	-3.213344112e-03
32.521378	-4.932947860e-03
32.526378	-2.455779292e-02
32.531378	-3.184216073e-02
32.536378	-1.000876210e-02
32.541379	7.081075937e-04
32.546379	-2.886416287e-03
32.551379	-5.705972915e-03
32.556379	-4.549697903e-03
32.561379	-2.891534151e-02
32.566380	-3.023296151e-02
32.571380	2.120728696e-04
32.576380	2.603951664e-04
32.581380	-1.937187298e-03
32.586381	-2.874823057e-03
32.591381	-4.595425558e-03
32.596381	-7.585974168e-03
32.601381	-2.576687912e-02
32.606381	-2.863443277e-02
32.611382	-8.024980994e-03
32.616382	-9.989536400e-04
32.621382	-3.101539444e-03
32.626382	-3.216209386e-03
32.631382	-1.956119160e-02
32.636383	-3.504721013e-02
32.641383	-1.177987045e-02
32.646383	2.597845940e-03
32.651383	-3.539568407e-03
32.656384	-3.214256479e-03
32.661384	-1.133858648e-02
32.666384	-3.554223515e-02
32.671384	-2.277145025e-02
32.676384	9.368713426e-04
32.681385	-1.385704120e-03
32.686385	-1.434375837e-03
32.691385	-5.696868941e-03
32.696385	-3.535634117e-03
32.701385	-1.950963086e-02
32.706386	-3.571161787e-02
32.711386	-9.394406219e-03
32.716386	2.162430875e-03
32.721386	-3.487002960e-03
32.726386	-3.094692685e-03
32.731387	-5.245274589e-03
32.736387	-7.404856027e-03
32.741387	-3.128251724e-02
32.746387	-2.719236330e-02
32.751388	-2.482082892e-03
32.756388	-1.103813883e-03
32.761388	-1.485470228e-03
32.766388	-1.926123988e-03
32.771388	-7.795547662e-03
32.776389	-3.481807505e-02
32.781389	-2.989395585e-02
32.786389	-2.258798775e-03
32.791389	3.884170578e-04
32.796389	1.163712283e-03
32.801390	-1.597842560e-03
32.806390	-4.637385543e-03
32.811390	-2.535146286e-03
32.816390	-1.874845854e-03
32.821391	-6.949302372e-03
32.826391	-2.872505121e-02
32.831391	-2.784575981e-02
32.836391	-1.769535855e-03
32.841391	5.771555231e-05
32.846392	-1.814876204e-03
32.851392	-1.977540323e-03
32.856392	-3.802789219e-04
32.861392	-1.594898306e-03
32.866392	-2.473531842e-03
32.871393	-2.310209439e-03
32.876393	-1.153929024e-03
32.881393	-3.973480079e-03
32.886393	-5.412959220e-04
32.891393	-1.977415142e-02
32.896394	-3.590913809e-02
32.901394	-6.342060952e-03
32.906394	-2.193906798e-03
32.911394	-2.805550901e-03
32.916395	3.991491191e-03
32.921395	-7.589773957e-04
32.926395	-6.560401373e-03
32.931395	-4.075176354e-03
32.936395	-1.646948837e-03
32.941396	-5.956628998e-04
32.946396	-5.231135947e-03
32.951396	-3.502554299e-02
32.956396	-2.524762653e-02
32.961396	2.120544751e-03
32.966397	-1.032990754e-03
32.971397	-1.090657342e-03
32.976397	-1.032328762e-03
32.981397	-3.688885077e-03
32.986397	-1.748636066e-03
32.991398	-7.608056521e-03
32.996398	-3.524355430e-02
33.001398	-2.662058817e-02
33.006398	-1.699312480e-03
33.011399	-9.720116715e-04
33.016399	-6.376941315e-04
33.021399	-2.139298727e-03
33.026399	-2.446802085e-02
33.031399	-3.606219768e-02
33.036400	-8.322040935e-03
33.041400	-2.079973285e-03
33.046400	-1.973645598e-03
33.051400	-1.357882164e-02
33.056400	-3.651151769e-02
33.061401	-1.787897467e-02
33.066401	-1.685328236e-03
33.071401	-6.886775267e-03
33.076401	-2.617662533e-02
33.081402	-3.109808406e-02
33.086402	-6.931775085e-03
33.091402	-6.827446585e-03
33.096402	-2.861319058e-02
33.101402	-3.075276685e-02
33.106403	-9.034353841e-03
33.111403	-2.064952849e-02
33.116403	-3.827444845e-02
33.121403	-1.489210570e-02
33.126403	-1.152791474e-02
33.131404	-3.866643139e-02
33.136404	-2.367773278e-02
33.141404	-1.201389322e-02
33.146404	-3.723149101e-02
33.151404	-2.185980839e-02
33.156405	-1.671569237e-02
33.161405	-4.071034173e-02
33.166405	-1.876093755e-02
33.171405	-1.792863861e-02
33.176406	-3.843443554e-02
33.181406	-1.488909874e-02
33.186406	-2.146548567e-02
33.191406	-3.822244120e-02
33.196406	-1.511808547e-02
33.201407	-2.743922877e-02
33.206407	-3.594553362e-02
33.211407	-7.699395494e-03
33.216407	-2.809719637e-02
33.221407	-3.943238113e-02
33.226408	-1.174221921e-02
33.231408	-2.903415144e-02
33.236408	-3.201468992e-02
33.241408	-1.428310585e-02
33.246409	-3.810376123e-02
33.251409	-2.493998347e-02
33.256409	-1.825893098e-02
33.261409	-3.798775948e-02
33.266409	-1.527438608e-02
33.271410	-1.676698705e-02
33.276410	-4.058764196e-02
33.281410	-1.980518651e-02
33.286410	-2.722574234e-03
33.291410	-3.141002271e-02
33.296411	-3.450655534e-02
33.301411	-6.764394440e-03
33.306411	-2.941220077e-03
33.311411	-1.001558393e-02
33.316411	-3.196331757e-02
33.321412	-2.345434149e-02
33.326412	-3.330857421e-03
33.331412	-5.320436395e-03
33.336412	-2.499219112e-03
33.341413	-2.498882237e-03
33.346413	-1.433404384e-02
33.351413	-3.527681951e-02
33.356413	-1.531632806e-02
33.361413	-5.096181807e-04
33.366414	-6.149041974e-03
33.371414	-2.879843125e-03
33.376414	-8.435919610e-04
33.381414	-6.928725410e-05
33.386414	-2.167103445e-02
33.391415	-3.527312050e-02
33.396415	-9.626869321e-03
33.401415	-2.886817057e-03
33.406415	-5.315376265e-03
33.411415	-7.742306850e-04
33.416416	-2.847671895e-02
33.421416	-3.289219374e-02
33.426416	-5.093033312e-03
33.431416	-3.993741600e-03
33.436417	-1.775497217e-03
33.441417	-1.763448687e-02
33.446417	-3.809028169e-02
33.451417	-1.387696895e-02
33.456417	-1.049173765e-03
33.461418	-3.981710772e-03
33.466418	-7.795076157e-04
33.471418	-1.830042640e-02
33.476418	-3.659631227e-02
33.481418	-1.338795649e-02
33.486419	-1.056139826e-03
33.491419	-4.802641887e-03
33.496419	-1.991421706e-03
33.501419	9.337937215e-04
33.506420	-1.934000789e-02
33.511420	-3.991179680e-02
33.516420	-1.238262355e-02
33.521420	2.378090742e-03
33.526420	2.185219806e-04
33.531421	-1.289360191e-07
33.536421	-4.369603917e-03
33.541421	-6.578170373e-03
33.546421	-1.328052760e-03
33.551421	1.215179614e-03
33.556422	-2.761311713e-03
33.561422	-4.708643203e-05
33.566422	8.322166655e-04
33.571422	-2.379306843e-03
33.576422	7.189023962e-04
33.581423	3.148140054e-03
33.586423	-1.813309088e-03
33.591423	-1.707972821e-03
33.596423	-2.836923592e-04
33.601424	4.636305514e-06
33.606424	-2.198209122e-02
33.611424	-3.558517386e-02
33.616424	-1.022290729e-02
33.621424	1.772925663e-03
33.626425	1.440281013e-03
33.631425	-1.485253707e-03
33.636425	-5.022762425e-03
33.641425	-1.982549749e-03
33.646425	-3.358149911e-03
33.651426	-4.741749659e-03
33.656426	-2.033474732e-02
33.661426	-3.150093245e-02
33.666426	-7.180620986e-03
33.671427	6.693883603e-04
33.676427	-4.139065912e-03
33.681427	-4.522707577e-03
33.686427	-2.532449745e-03
33.691427	-1.286466977e-02
33.696428	-3.447141204e-02
33.701428	-1.872673672e-02
33.706428	-3.525038327e-03
33.711428	-3.525695772e-03
33.716428	-7.044726993e-04
33.721429	-1.341859136e-02
33.726429	-3.552931183e-02
33.731429	-1.673476529e-02
33.736429	1.340811793e-03
33.741429	-6.783501029e-03
33.746430	-5.625207057e-03
33.751430	-4.573908479e-03
33.756430	-2.463871519e-02
33.761430	-3.044112609e-02
33.766431	-6.332804158e-03
33.771431	1.302654319e-04
33.776431	-8.733485596e-04
33.781431	-4.792838939e-03
33.786431	-2.631586871e-03
33.791432	-1.034310835e-03
33.796432	-1.206959739e-03
33.801432	1.733224606e-05
33.806432	-9.182841858e-04
33.811432	1.958937915e-03
33.816433	-2.743518779e-03
33.821433	-8.994909775e-03
33.826433	-2.192001795e-02
33.831433	-2.817040884e-02
33.836434	-7.167954296e-03
33.841434	2.562977868e-03
33.846434	-2.025483217e-03
33.851434	-2.351124835e-03
33.856434	4.041030914e-04
33.861435	-1.306479704e-03
33.866435	-2.960064842e-03
33.871435	8.541184367e-04
33.876435	-9.724592268e-04
33.881435	-1.966072108e-03
33.886436	1.514125538e-03
33.891436	1.865269515e-04
33.896436	-3.893954930e-03
33.901436	-5.777501184e-04
33.906436	3.585555959e-04
33.911437	9.038779473e-04
33.916437	-1.361680539e-03
33.921437	-1.742318813e-03
33.926437	1.250900044e-03
33.931438	-2.955575995e-03
33.936438	-3.510206681e-03
33.941438	-1.798933296e-03
33.946438	-4.226456469e-04
33.951438	-1.843053667e-02
33.956439	-3.301757255e-02
33.961439	-9.808209696e-03
33.966439	-4.112615754e-04
33.971439	-6.824643539e-03
33.976439	-3.564435277e-03
33.981440	-2.236145093e-03
33.986440	-3.620739899e-03
33.991440	-1.854176113e-02
33.996440	-3.378976844e-02
34.001440	-1.256832079e-02
34.006441	1.684422174e-03
34.011441	-1.355102161e-03
34.016441	-9.607719083e-04
34.021441	-1.726392441e-03
34.026442	-1.620049845e-03
34.031442	-3.999601858e-03
34.036442	-3.399280049e-03
34.041442	1.294868385e-03
34.046442	2.062618912e-04
34.051443	-1.724308860e-03
34.056443	-2.172942327e-03
34.061443	-6.378416555e-03
34.066443	-1.130086034e-02
34.071443	-2.604988772e-02
34.076444	-1.758989834e-02
34.081444	-6.802668814e-04
34.086444	-5.749233961e-04
34.091444	-1.234547431e-03
34.096445	4.287301894e-04
34.101445	1.091050288e-03
34.106445	-1.673484356e-03
34.111445	-3.939040071e-03
34.116445	-3.391714891e-03
34.121446	-2.454406163e-03
34.126446	-3.421471446e-04
34.131446	-2.779695293e-03
34.136446	-2.864625074e-02
34.141446	-2.770094207e-02
34.146447	-3.275628125e-03
34.151447	-1.946335586e-03
34.156447	-4.383883386e-03
34.161447	-1.831642521e-03
34.166447	-1.874057706e-02
34.171448	-3.676846413e-02
34.176448	-1.052022700e-02
34.181448	-2.002238610e-03
34.186448	-4.869767776e-03
34.191449	-7.363312718e-03
34.196449	-3.339286043e-02
34.201449	-2.598482474e-02
34.206449	-3.987407092e-03
34.211449	-3.549075974e-03
34.216450	-9.478364234e-04
34.221450	-3.652372012e-03
34.226450	-2.681404081e-02
34.231450	-3.195647298e-02
34.236450	-6.807188455e-03
34.241451	2.427770385e-03
34.246451	-4.597581797e-03
34.251451	-4.653229200e-03
34.256451	-3.037947328e-03
34.261452	-2.493620013e-03
34.266452	-2.373651597e-04
34.271452	-1.440963653e-03
34.276452	2.793140448e-04
34.281452	-1.215680842e-02
34.286453	-2.504091183e-02
34.291453	-1.703090041e-02
34.296453	-9.516867907e-03
34.301453	-1.055875456e-03
34.306453	-4.445503658e-04
34.311454	-8.271830964e-04
34.316454	-7.118368572e-04
34.321454	-1.495452463e-03
34.326454	-3.320023899e-03
34.331454	-1.215761722e-03
34.336455	-1.654548240e-04
34.341455	8.293538254e-03
34.346455	2.022538426e-02
34.351455	2.143968442e-02
34.356456	1.171744799e-02
34.361456	1.003253659e-03
34.366456	9.456079034e-04
34.371456	-2.322901749e-03
34.376456	7.743189661e-04
34.381457	7.350392358e-03
34.386457	-2.646832014e-03
34.391457	1.150092072e-02
34.396457	3.659420978e-02
34.401457	1.680740037e-02
34.406458	-7.145049289e-04
34.411458	-1.096136355e-03
34.416458	3.425024567e-03
34.421458	2.923528359e-02
34.426459	3.223650904e-02
34.431459	4.152051582e-03
34.436459	2.245707189e-04
34.441459	2.662820222e-03
34.446459	2.062441211e-02
34.451460	3.493315882e-02
34.456460	9.344595947e-03
34.461460	-5.376322966e-04
34.466460	2.606587628e-03
34.471460	1.741331351e-02
34.476461	3.234603412e-02
34.481461	1.604807795e-02
34.486461	6.770825872e-04
34.491461	1.938382617e-03
34.496461	2.493712623e-03
34.501462	1.842039145e-02
34.506462	3.306412470e-02
34.511462	1.238835441e-02
34.516462	1.282178746e-03
34.521463	1.177537042e-03
34.526463	8.584577153e-03
34.531463	3.449883322e-02
34.536463	2.355565092e-02
34.541463	3.328862002e-03
34.546464	3.272218592e-03
34.551464	1.289816502e-02
34.556464	3.583054775e-02
34.561464	1.648372182e-02
34.566464	1.237722202e-03
34.571465	1.841051157e-03
34.576465	1.598780638e-02
34.581465	3.776323845e-02
34.586465	1.439058340e-02
34.591465	-2.054434226e-04
34.596466	6.758740793e-04
34.601466	3.839094968e-03
34.606466	1.107614332e-02
34.611466	3.307356638e-02
34.616467	2.046345574e-02
34.621467	-4.803017596e-04
34.626467	2.894910470e-03
34.631467	-9.755702536e-04
34.636467	-3.680100311e-03
34.641468	2.950866924e-04
34.646468	2.017369210e-03
34.651468	-5.821651030e-04
34.656468	1.836088057e-03
34.661468	-1.984700646e-04
34.666469	2.498666839e-04
34.671469	-3.956599291e-03
34.676469	-4.183933247e-04
34.681469	-1.164156189e-02
34.686470	-3.330128822e-02
34.691470	-1.677163248e-02
34.696470	-3.571835597e-03
34.701470	-4.737430023e-03
34.706470	-7.982406621e-04
34.711471	-5.788936374e-04
34.716471	-2.330057460e-02
34.721471	-3.484672897e-02
34.726471	-9.533444921e-03
34.731471	-1.629423223e-03
34.736472	-3.338994157e-03
34.741472	-6.378508683e-03
34.746472	-2.822122650e-02
34.751472	-2.794288147e-02
34.756472	-3.891543575e-03
34.761473	-3.671195960e-03
34.766473	-1.740920727e-03
34.771473	8.013286415e-04
34.776473	-1.543862617e-02
34.781474	-3.688736024e-02
34.786474	-1.848678256e-02
34.791474	1.748717439e-03
34.796474	-5.553615789e-03
34.801474	-6.326225602e-03
34.806475	1.742790050e-03
34.811475	2.297124143e-03
34.816475	-3.276282085e-03
34.821475	-1.460001333e-03
34.826475	-1.574638710e-03
34.831476	-2.923352102e-04
34.836476	-1.782914168e-03
34.841476	-1.955548901e-03
34.846476	-6.262472060e-04
34.851477	3.408289414e-05
34.856477	-1.855496619e-04
34.861477	-4.051821560e-04
34.866477	-1.178791118e-03
34.871477	-5.664587362e-04
34.876478	7.038458304e-04
34.881478	7.522022296e-04
34.886478	-1.617338869e-03
34.891478	-1.740414468e-04
34.896478	8.592734071e-04
34.901479	4.206506848e-04
34.906479	1.643957612e-03
34.911479	-1.778538568e-03
34.916479	-2.714140050e-03
34.921479	4.780836433e-04
34.926480	2.141372175e-03
34.931480	-2.851659560e-04
34.936480	-7.917853683e-04
34.941480	-1.335403152e-03
34.946481	-6.760718404e-04
34.951481	-2.894618539e-03
34.956481	-2.609227635e-02
34.961481	-2.791783957e-02
34.966481	-4.825458449e-03
34.971482	-2.826183603e-03
34.976482	-4.706744318e-03
34.981482	-5.105624284e-04
34.986482	-1.830144894e-02
34.991482	-3.632032573e-02
34.996483	-1.239197966e-02
35.001483	-4.511256555e-04
35.006483	-4.313602038e-03
35.011483	-2.603314465e-03
35.016483	-2.172972603e-03
35.021484	-2.261874621e-02
35.026484	-3.514985509e-02
35.031484	-7.791653909e-03
35.036484	-6.695953177e-04
35.041485	-3.881098859e-03
35.046485	-1.557836835e-03
35.051485	-9.935002301e-04
35.056485	-2.265085782e-03
35.061485	-2.946957256e-02
35.066486	-3.338804585e-02
35.071486	-3.258961591e-03
35.076486	4.422424111e-04
35.081486	-2.320279675e-03
35.086486	-2.989890373e-03
35.091487	-5.596323449e-04
35.096487	-5.602712666e-04
35.101487	-5.509105527e-04
35.106487	-3.092441705e-03
35.111488	-6.084953690e-03
35.116488	-2.597674964e-02
35.121488	-2.868127371e-02
35.126488	-3.090996495e-03
35.131488	-3.857496441e-04
35.136489	-4.433856779e-04
35.141489	-3.319902224e-03
35.146489	-4.084508187e-03
35.151489	1.716731896e-04
35.156489	-8.288606610e-03
35.161490	-3.404315364e-02
35.166490	-2.442519925e-02
35.171490	2.301181033e-04
35.176490	-2.764984387e-04
35.181490	-1.398455561e-02
35.186491	-3.553128062e-02
35.191491	-2.154651095e-02
35.196491	-5.465830020e-03
35.201491	-2.641957998e-02
35.206492	-3.370390901e-02
35.211492	-9.708563235e-03
35.216492	-5.522378134e-03
35.221492	-3.006997560e-02
35.226492	-3.171454334e-02
35.231493	-5.904274226e-03
35.236493	-1.491652971e-02
35.241493	-3.779319773e-02
35.246493	-2.050056757e-02
35.251493	-2.039986834e-03
35.256494	-2.115681398e-02
35.261494	-3.734976494e-02
35.266494	-1.629229406e-02
35.271494	7.237570526e-05
35.276495	-1.424465457e-02
35.281495	-3.734831251e-02
35.286495	-1.978169350e-02
35.291495	-6.128908609e-03
35.296495	-1.863725933e-03
35.301496	-1.772369055e-02
35.306496	-3.756748632e-02
35.311496	-1.087825352e-02
35.316496	-2.141260079e-03
35.321496	-4.185809790e-03
35.326497	-1.700551361e-03
35.331497	6.773750094e-05
35.336497	-9.728545751e-04
35.341497	-2.186439265e-03
35.346497	1.838242625e-04
35.351498	-1.861725066e-03
35.356498	-2.252344454e-03
35.361498	2.909119144e-04
35.366498	1.237235997e-03
35.371499	7.886192358e-04
35.376499	1.501629993e-05
35.381499	-1.629549679e-03
35.386499	2.474463330e-05
35.391499	3.169975835e-03
35.396500	-7.584932129e-04
35.401500	-1.360103155e-03
35.406500	-9.687551106e-04
35.411500	1.930675055e-02
35.416500	3.345551584e-02
35.421501	1.002687324e-02
35.426501	-6.413099253e-04
35.431501	3.114895838e-03
35.436501	1.405333227e-03
35.441502	-2.963116678e-03
35.446502	2.064035405e-03
35.451502	2.850367216e-03
35.456502	-1.299091800e-03
35.461502	-1.308726155e-03
35.466503	-2.674303007e-03
35.471503	-1.330453268e-04
35.476503	1.685243039e-03
35.481503	-1.207880835e-02
35.486503	-3.375052467e-02
35.491504	-1.921077511e-02
35.496504	2.240681667e-03
35.501504	-2.438473925e-04
35.506504	-5.835244767e-03
35.511504	-2.681012617e-03
35.516505	-1.514696189e-03
35.521505	-6.437121742e-03
35.526505	-2.644490811e-02
35.531505	-2.644254221e-02
35.536506	-3.395152606e-03
35.541506	-3.672774729e-03
35.546506	-3.337422768e-03
35.551506	-2.119704509e-05
35.556506	-4.063659499e-03
35.561507	-2.699532161e-02
35.566507	-3.013982200e-02
35.571507	-6.051476122e-03
35.576507	-2.285269193e-03
35.581507	-4.663801873e-03
35.586508	-2.341533659e-03
35.591508	-2.455522586e-02
35.596508	-3.246952385e-02
35.601508	-3.785372359e-03
35.606508	-3.114033984e-03
35.611509	-6.534522196e-03
35.616509	-2.673318861e-03
35.621509	-1.792989181e-03
35.626509	-1.703997617e-02
35.631510	-3.588181081e-02
35.636510	-1.239343881e-02
35.641510	1.086357275e-03
35.646510	-4.937020285e-03
35.651510	-1.457800393e-03
35.656511	9.150131817e-05
35.661511	-1.609944531e-02
35.666511	-3.527426546e-02
35.671511	-1.449477833e-02
35.676511	6.479476780e-04
35.681512	-6.529380620e-03
35.686512	-1.675218610e-03
35.691512	-1.963508997e-02
35.696512	-3.378112287e-02
35.701513	-1.266664961e-02
35.706513	-2.495712645e-03
35.711513	-1.897364658e-02
35.716513	-3.427663025e-02
35.721513	-1.460609561e-02
35.726514	-8.917968507e-03
35.731514	-3.139864792e-02
35.736514	-2.830241090e-02
35.741514	-6.535964845e-03
35.746514	-2.145696438e-02
35.751515	-3.737192175e-02
35.756515	-1.504149944e-02
35.761515	-2.249881503e-02
35.766515	-3.560389130e-02
35.771515	-1.553737291e-02
35.776516	-2.173074190e-02
35.781516	-3.621475959e-02
35.786516	-1.232540301e-02
35.791516	-1.961672533e-02
35.796517	-4.007448977e-02
35.801517	-1.454320259e-02
35.806517	-1.829867456e-02
35.811517	-3.731949973e-02
35.816517	-1.454009581e-02
35.821518	-7.849010223e-03
35.826518	-3.167963145e-02
35.831518	-3.013032792e-02
35.836518	-5.638996328e-03
35.841518	-2.011301382e-02
35.846519	-3.669694187e-02
35.851519	-1.564546439e-02
35.856519	-2.747461788e-04
35.861519	-1.674567886e-02
35.866520	-3.786141471e-02
35.871520	-1.580697952e-02
35.876520	-3.543129473e-03
35.881520	-7.406596103e-03
35.886520	-1.487477146e-03
35.891521	-2.061329705e-02
35.896521	-3.509631360e-02
35.901521	-8.561067947e-03
35.906521	8.369038218e-04
35.911521	-8.950311531e-03
35.916522	-1.112273572e-03
35.921522	-1.712878038e-03
35.926522	-2.698466143e-03
35.931522	-9.781795852e-03
35.936522	-3.039955209e-02
35.941523	-2.309649122e-02
35.946523	-9.280600996e-04
35.951523	2.292612551e-04
35.956523	5.066199414e-04
35.961524	-1.059836171e-04
35.966524	-4.033446684e-03
35.971524	-3.975078570e-03
35.976524	-1.375818059e-03
35.981524	-1.204454634e-03
35.986525	-4.851143756e-04
35.991525	1.446174585e-03
35.996525	1.283552308e-03
36.001525	-1.869943204e-03
36.006525	-2.482546317e-03
36.011526	-1.012762249e-04
36.016526	-1.476846915e-03
36.021526	-2.749421920e-03
36.026526	1.169783161e-03
36.031527	1.391144959e-03
36.036527	1.057530320e-03
36.041527	-4.900328393e-04
36.046527	-2.249586968e-03
36.051527	-5.282885229e-04
36.056528	-1.588872168e-03
36.061528	-3.175545610e-04
36.066528	-4.221786105e-04
36.071528	-8.147904101e-04
36.076528	1.613478325e-03
36.081529	-3.145948367e-03
36.086529	-8.660343024e-03
36.091529	-4.234158791e-03
36.096529	-1.103949866e-02
36.101529	-2.346660030e-02
36.106530	-1.247369413e-02
36.111530	-8.108163097e-04
36.116530	1.234469037e-03
36.121530	1.062848356e-03
36.126531	-3.849571422e-03
36.131531	-1.306307030e-03
36.136531	1.237957367e-03
36.141531	-1.917536703e-03
36.146531	-7.522137887e-04
36.151532	1.861187906e-04
36.156532	-2.251405556e-03
36.161532	-6.930991486e-04
36.166532	9.142052304e-04
36.171532	-1.914302409e-03
36.176533	-1.474948452e-03
36.181533	5.494128904e-03
36.186533	2.075085518e-02
36.191533	2.119020928e-02
36.196533	9.700068846e-03
36.201534	4.616657024e-03
36.206534	-1.300719418e-03
36.211534	-9.193626752e-04
36.216534	2.007886252e-03
36.221535	1.023300960e-03
36.226535	4.780514817e-03
36.231535	4.397904114e-03
36.236535	4.895256177e-03
36.241535	3.235946577e-02
36.246536	2.417718566e-02
36.251536	-4.395230528e-03
36.256536	2.019871000e-03
36.261536	3.016202154e-03
36.266536	1.191419858e-02
36.271537	3.605954906e-02
36.276537	1.959062031e-02
36.281537	9.082002041e-05
36.286537	1.468135264e-03
36.291538	1.887477143e-02
36.296538	3.766834888e-02
36.301538	1.246279051e-02
36.306538	3.706766056e-04
36.311538	2.767089379e-02
36.316539	3.385500566e-02
36.321539	7.110512670e-03
36.326539	2.556910459e-02
36.331539	4.015586059e-02
36.336539	5.945684046e-03
36.341540	2.198737850e-02
36.346540	3.635414396e-02
36.351540	1.600238040e-02
36.356540	3.662188104e-02
36.361540	2.413678428e-02
36.366541	2.606907674e-02
36.371541	3.689999223e-02
36.376541	1.794416976e-02
36.381541	3.960762639e-02
36.386542	2.585058375e-02
36.391542	3.138572379e-02
36.396542	3.491494886e-02
36.401542	1.689508695e-02
36.406542	3.801156699e-02
36.411543	1.938073106e-02
36.416543	2.225898388e-02
36.421543	3.916964224e-02
36.426543	1.274813651e-02
36.431543	2.955279945e-02
36.436544	3.608189778e-02
36.441544	5.246579188e-03
36.446544	2.740401547e-02
36.451544	4.165678670e-02
36.456545	6.232662660e-03
36.461545	8.212670984e-04
36.466545	3.823505719e-02
36.471545	2.751088680e-02
36.476545	-8.405367179e-04
36.481546	1.539737783e-03
36.486546	1.844939675e-02
36.491546	3.558104636e-02
36.496546	1.336536306e-02
36.501546	4.412861449e-04
36.506547	1.761605771e-03
36.511547	7.680234749e-04
36.516547	2.596733149e-02
36.521547	3.386137274e-02
36.526547	9.389785277e-03
36.531548	1.715486199e-03
36.536548	-2.820533452e-04
36.541548	-2.221595304e-03
36.546548	2.736748885e-04
36.551549	3.531912799e-03
36.556549	2.371243380e-02
36.561549	3.520432295e-02
36.566549	1.087572978e-02
36.571549	-9.963911047e-04
36.576550	-5.560335938e-04
36.581550	-3.366666774e-04
36.586550	6.676670245e-04
36.591550	2.760599114e-04
36.596550	1.548382344e-03
36.601551	-1.767100807e-03
36.606551	2.681893860e-04
36.611551	2.167065908e-02
36.616551	3.311455074e-02
36.621551	1.044088792e-02
36.626552	-6.672648678e-04
36.631552	-5.591413555e-05
36.636552	1.174551949e-04
36.641552	3.042707977e-03
36.646553	3.293481828e-02
36.651553	3.266920634e-02
36.656553	3.816805584e-03
36.661553	-1.105608981e-03
36.666553	4.651524031e-03
36.671554	3.494361760e-02
36.676554	2.841627116e-02
36.681554	3.209716145e-03
36.686554	-1.876691264e-03
36.691554	1.227008651e-02
36.696555	3.924732072e-02
36.701555	1.836158282e-02
36.706555	-1.206210887e-03
36.711555	1.060070395e-03
36.716556	1.763574546e-02
36.721556	3.780626827e-02
36.726556	1.620156103e-02
36.731556	-2.113661319e-04
36.736556	2.447898705e-03
36.741557	-4.286018800e-04
36.746557	-3.802263444e-04
36.751557	1.962630365e-02
36.756557	3.494103247e-02
36.761557	1.300333963e-02
36.766558	-4.572976910e-05
36.771558	1.390587166e-03
36.776558	6.259973880e-04
36.781558	-8.665615073e-04
36.786558	4.527605054e-04
36.791559	1.390098742e-03
36.796559	-2.193371446e-03
36.801559	-1.371028257e-03
36.806559	2.721176436e-03
36.811560	2.568561012e-03
36.816560	1.206053701e-02
36.821560	3.239405372e-02
36.826560	1.859101675e-02
36.831560	1.891746571e-04
36.836561	1.394501899e-03
36.841561	1.452877774e-03
36.846561	4.572983422e-04
36.851561	-1.196253174e-03
36.856561	-9.738841280e-04
36.861562	1.254478023e-04
36.866562	-3.141550272e-04
36.871562	6.311835061e-04
36.876562	-5.243889111e-04
36.881563	3.459528781e-04
36.886563	8.443104663e-04
36.891563	-6.362480646e-04
36.896563	1.628034784e-03
36.901563	1.399423289e-03
36.906564	5.668374220e-04
36.911564	-3.732601524e-03
36.916564	1.450600469e-02
36.921564	3.445453849e-02
36.926564	1.423077434e-02
36.931565	3.597410692e-04
36.936565	1.735061891e-03
36.941565	7.351141541e-05
36.946565	-1.025062873e-03
36.951565	1.910191973e-03
36.956566	8.016181845e-04
36.961566	-7.479368824e-04
36.966566	-2.495786761e-04
36.971566	1.917819832e-04
36.976567	-5.268081752e-04
36.981567	-5.744267230e-04
36.986567	2.629816994e-03
36.991567	-1.298637057e-03
36.996567	-1.633243332e-03
37.001568	2.500564637e-04
37.006568	4.224287846e-04
37.011568	1.368205468e-04
37.016568	1.579139139e-03
37.021568	-1.314086530e-04
37.026569	-1.906953653e-03
37.031569	-1.352597328e-03
37.036569	-7.327168089e-05
37.041569	5.290826853e-04
37.046570	2.544742435e-04
37.051570	3.108518159e-04
37.056570	-3.072624837e-03
37.061570	1.297570044e-03
37.066570	1.143956625e-03
37.071571	-3.386471323e-03
37.076571	-1.731161308e-03
37.081571	2.407043549e-03
37.086571	3.686369567e-03
37.091571	1.260852587e-03
37.096572	-8.496777023e-04
37.101572	-1.568266928e-03
37.106572	9.319652145e-03
37.111572	3.165108642e-02
37.116572	2.292283665e-02
37.121573	2.419085823e-03
37.126573	-7.334001024e-04
37.131573	-2.338951531e-03
37.136573	-1.126622310e-03
37.141574	2.525603575e-03
37.146574	6.540635247e-04
37.151574	8.884095532e-03
37.156574	3.657630301e-02
37.161574	2.088034877e-02
37.166575	8.075800079e-04
37.171575	2.251899652e-03
37.176575	1.009994802e-02
37.181575	3.503027269e-02
37.186575	2.232619188e-02
37.191576	1.421458539e-03
37.196576	-2.115010615e-03
37.201576	1.867648955e-02
37.206576	3.845403271e-02
37.211576	1.352447004e-02
37.216577	-2.103486691e-03
37.221577	1.270326718e-02
37.226577	3.823656662e-02
37.231577	2.204363394e-02
37.236578	4.186771783e-03
37.241578	3.920164411e-03
37.246578	1.055426471e-02
37.251578	3.005581988e-02
37.256578	2.022061801e-02
37.261579	3.643701800e-03
37.266579	-1.127575428e-04
37.271579	1.876539716e-03
37.276579	3.807839467e-03
37.281579	2.199045072e-02
37.286580	3.287837108e-02
37.291580	1.066269398e-02
37.296580	5.495041597e-04
37.301580	-1.438029886e-03
37.306581	-1.495645664e-03
37.311581	1.220621070e-03
37.316581	1.269000870e-03
37.321581	1.210385238e-03
37.326581	4.467995066e-04
37.331582	1.270146575e-03
37.336582	-1.417566161e-06
37.341582	5.999389753e-04
37.346582	4.033175571e-03
37.351582	5.637046507e-04
37.356583	-4.139713957e-03
37.361583	2.094404074e-03
37.366583	2.036788702e-03
37.371583	-1.872663443e-03
37.376583	7.296085603e-04
37.381584	-4.949572699e-04
37.386584	-2.159504426e-03
37.391584	1.493723151e-03
37.396584	1.112121706e-03
37.401585	-2.367348457e-03
37.406585	-7.130360918e-04
37.411585	1.055271476e-03
37.416585	5.026774084e-04
37.421585	-1.543853332e-03
37.426586	-5.023323330e-03
37.431586	-1.647083755e-03
37.436586	8.951911868e-04
37.441586	1.116070691e-04
37.446586	3.889780341e-04
37.451587	-1.704550519e-03
37.456587	1.010717223e-03
37.461587	5.061214154e-04
37.466587	-3.967306210e-03
37.471588	-1.148042777e-03
37.476588	1.280237254e-03
37.481588	1.614606030e-03
37.486588	-1.040898487e-03
37.491588	-2.971433688e-03
37.496589	-1.538111375e-03
37.501589	1.780131111e-03
37.506589	3.164455563e-03
37.511589	3.767813136e-03
37.516589	-5.886191265e-04
37.521590	1.852795415e-02
37.526590	3.212076149e-02
37.531590	8.139160790e-03
37.536590	6.748603269e-04
37.541590	-1.487214552e-04
37.546591	4.636359570e-04
37.551591	6.280123804e-04
37.556591	1.228370364e-03
37.561591	2.175713677e-03
37.566592	1.184068768e-02
37.571592	3.621603847e-02
37.576592	1.903914975e-02
37.581592	-2.085571670e-03
37.586592	2.341624366e-03
37.591593	3.000980067e-03
37.596593	7.344597616e-04
37.601593	2.605677062e-02
37.606593	3.185190882e-02
37.611593	6.158381150e-03
37.616594	1.520961416e-03
37.621594	4.273228630e-03
37.626594	2.926155379e-02
37.631594	3.130785097e-02
37.636595	4.160385056e-03
37.641595	-8.305121757e-05
37.646595	2.224738667e-02
37.651595	3.511422554e-02
37.656595	1.389250868e-02
37.661596	2.460377095e-03
37.666596	2.340687374e-02
37.671596	3.555674310e-02
37.676596	1.002320905e-02
37.681596	2.241922903e-03
37.686597	2.445836586e-02
37.691597	3.175144111e-02
37.696597	8.045829733e-03
37.701597	5.389326584e-03
37.706597	3.312953563e-02
37.711598	2.915408842e-02
37.716598	5.342481651e-03
37.721598	4.453903717e-03
37.726598	2.771130281e-02
37.731599	3.279747180e-02
37.736599	7.390932717e-03
37.741599	1.587563127e-03
37.746599	2.030415472e-02
37.751599	3.583988110e-02
37.756600	1.385319725e-02
37.761600	-7.382804752e-05
37.766600	5.786308354e-03
37.771600	2.689179888e-02
37.776600	3.241794949e-02
37.781601	6.006453244e-03
37.786601	5.060878102e-03
37.791601	4.899269773e-03
37.796601	1.993601756e-02
37.801601	3.142691560e-02
37.806602	9.708220675e-03
37.811602	1.640947404e-03
37.816602	4.405215255e-03
37.821602	8.982406326e-03
37.826603	3.247879587e-02
37.831603	2.077167692e-02
37.836603	2.694827868e-03
37.841603	6.278061162e-03
37.846603	-6.322609297e-04
37.851604	4.300915227e-03
37.856604	2.955723037e-02
37.861604	2.507380554e-02
37.866604	6.222989448e-03
37.871604	6.062381527e-03
37.876605	1.044979403e-03
37.881605	1.523876338e-02
37.886605	3.209243468e-02
37.891605	1.237365550e-02
37.896606	5.021352413e-03
37.901606	2.584841080e-03
37.906606	1.026090133e-02
37.911606	3.409227715e-02
37.916606	1.856932033e-02
37.921607	5.290268481e-03
37.926607	6.446605064e-03
37.931607	2.635214732e-02
37.936607	3.055935469e-02
37.941607	7.012737960e-03
37.946608	2.237347285e-02
37.951608	3.536630808e-02
37.956608	8.888815598e-03
37.961608	1.259804421e-02
37.966608	3.858032919e-02
37.971609	2.010249786e-02
37.976609	9.501332849e-03
37.981609	3.332270946e-02
37.986609	2.795232289e-02
37.991610	1.160640134e-02
37.996610	3.465281087e-02
38.001610	2.723451113e-02
38.006610	9.388653213e-03
38.011610	3.344002024e-02
38.016611	2.547774363e-02
38.021611	3.207073258e-03
38.026611	2.780141736e-02
38.031611	3.520049000e-02
38.036611	8.723997899e-03
38.041612	1.922793905e-02
38.046612	3.714256626e-02
38.051612	1.415292650e-02
38.056612	7.517593874e-03
38.061613	3.166595705e-02
38.066613	2.680154945e-02
38.071613	5.312846198e-03
38.076613	1.885765869e-02
38.081613	3.669628930e-02
38.086614	1.790347191e-02
38.091614	5.141399033e-03
38.096614	2.896477615e-02
38.101614	2.996912008e-02
38.106614	4.482586387e-03
38.111615	1.116468981e-02
38.116615	3.532305284e-02
38.121615	2.449189831e-02
38.126615	3.270184021e-03
38.131615	1.713298332e-02
38.136616	3.692053162e-02
38.141616	1.531583364e-02
38.146616	1.122539364e-02
38.151616	3.698868884e-02
38.156617	2.173172199e-02
38.161617	5.194809392e-03
38.166617	2.094952870e-02
38.171617	3.549829913e-02
38.176617	1.233666728e-02
38.181618	1.371499575e-02
38.186618	3.765036856e-02
38.191618	1.819657969e-02
38.196618	9.958315668e-03
38.201618	3.394268648e-02
38.206619	2.571242216e-02
38.211619	4.214719979e-03
38.216619	2.295131319e-02
38.221619	3.543517134e-02
38.226619	1.194855350e-02
38.231620	1.731373481e-03
38.236620	2.505577241e-02
38.241620	3.538872179e-02
38.246620	1.001918381e-02
38.251621	-1.316948709e-03
38.256621	9.962960613e-03
38.261621	3.522827743e-02
38.266621	2.753399069e-02
38.271621	3.475298018e-04
38.276622	1.079647442e-02
38.281622	3.311691610e-02
38.286622	2.262074815e-02
38.291622	9.610532039e-04
38.296622	1.522383633e-02
38.301623	3.809925458e-02
38.306623	1.908644756e-02
38.311623	3.724485881e-03
38.316623	2.361803054e-02
38.321624	3.229805030e-02
38.326624	1.151631831e-02
38.331624	1.024575971e-02
38.336624	3.677302340e-02
38.341624	3.114364951e-02
38.346625	1.682364384e-02
38.351625	1.549608773e-02
38.356625	1.821136036e-02
38.361625	1.350794733e-02
38.366625	8.594543215e-03
38.371626	1.384270860e-02
38.376626	2.339369171e-02
38.381626	2.235112366e-02
38.386626	5.938206837e-03
38.391626	1.378404074e-04
38.396627	5.302116288e-04
38.401627	1.434301428e-02
38.406627	3.423555937e-02
38.411627	1.897959364e-02
38.416628	4.392599582e-03
38.421628	1.525109022e-03
38.426628	-1.236386008e-03
38.431628	3.667794208e-03
38.436628	2.495628028e-02
38.441629	2.916249011e-02
38.446629	9.202723812e-03
38.451629	3.841339037e-03
38.456629	1.998814140e-04
38.461629	4.673080014e-03
38.466630	2.937542158e-02
38.471630	2.706190775e-02
38.476630	6.939148484e-03
38.481630	2.303733075e-03
38.486631	3.959051164e-03
38.491631	2.782842812e-02
38.496631	2.700585123e-02
38.501631	7.392070498e-03
38.506631	1.417711918e-03
38.511632	2.135825541e-02
38.516632	3.662399698e-02
38.521632	1.331037308e-02
38.526632	3.130192769e-03
38.531632	1.882591618e-02
38.536633	3.601457636e-02
38.541633	1.534684044e-02
38.546633	-5.680968218e-04
38.551633	1.882946983e-02
38.556633	3.491717673e-02
38.561634	1.556838501e-02
38.566634	2.416330771e-03
38.571634	5.619583614e-03
38.576634	3.054891600e-02
38.581635	2.790141676e-02
38.586635	6.011732787e-03
38.591635	2.523269218e-03
38.596635	1.192025974e-02
38.601635	3.879150995e-02
38.606636	1.756079813e-02
38.611636	2.476825912e-03
38.616636	2.603085489e-04
38.621636	8.491348568e-03
38.626636	3.492161755e-02
38.631637	2.447344900e-02
38.636637	4.466685437e-03
38.641637	4.965053144e-03
38.646637	3.071835088e-02
38.651638	2.834684021e-02
38.656638	2.977303936e-03
38.661638	4.077646212e-03
38.666638	3.061391085e-02
38.671638	3.160825765e-02
38.676639	8.342632310e-03
38.681639	3.398893471e-02
38.686639	2.934252055e-02
38.691639	5.293928433e-03
38.696639	3.287314899e-02
38.701640	3.100861703e-02
38.706640	2.249136694e-02
38.711640	3.630417080e-02
38.716640	2.376409118e-02
38.721640	3.497800519e-02
38.726641	3.393543849e-02
38.731641	3.453780211e-02
38.736641	3.243528035e-02
38.741641	3.653649577e-02
38.746642	2.917719676e-02
38.751642	1.829004724e-02
38.756642	4.001751593e-02
38.761642	2.116670384e-02
38.766642	3.161565041e-02
38.771643	3.040209111e-02
38.776643	2.287879915e-02
38.781643	3.946548573e-02
38.786643	1.707882353e-02
38.791643	2.315795532e-02
38.796644	3.632078701e-02
38.801644	1.188821154e-02
38.806644	1.880024961e-03
38.811644	2.043407455e-03
38.816644	2.608577827e-02
38.821645	3.426782107e-02
38.826645	8.133317786e-03
38.831645	-7.079181523e-04
38.836645	2.265345375e-03
38.841646	2.265734872e-03
38.846646	-5.447565252e-04
38.851646	4.215431343e-03
38.856646	2.421497357e-02
38.861646	2.780021125e-02
38.866647	9.684368370e-03
38.871647	3.461536151e-04
38.876647	-1.268388356e-03
38.881647	5.480715341e-03
38.886647	3.330196109e-03
38.891648	-2.596163134e-03
38.896648	2.205718205e-02
38.901648	3.156916876e-02
38.906648	9.181506982e-03
38.911649	3.054156315e-03
38.916649	7.261367814e-03
38.921649	3.234469486e-02
38.926649	2.664732602e-02
38.931649	1.222332692e-02
38.936650	3.826361347e-02
38.941650	1.996777844e-02
38.946650	1.288446838e-02
38.951650	3.682084411e-02
38.956650	3.472832263e-02
38.961651	3.533068700e-02
38.966651	2.682343732e-02
38.971651	3.506347813e-02
38.976651	3.284596200e-02
38.981651	3.588622314e-02
38.986652	3.068583342e-02
38.991652	1.648182518e-02
38.996652	3.600238812e-02
39.001652	3.766670761e-02
39.006653	4.003699720e-02
39.011653	2.576499189e-02
39.016653	3.654792509e-02
39.021653	2.953261236e-02
39.026653	2.677111943e-02
39.031654	3.638710210e-02
39.036654	1.157254353e-02
39.041654	3.103510906e-02
39.046654	3.047052310e-02
39.051654	1.704148220e-02
39.056655	3.849296350e-02
39.061655	2.003313576e-02
39.066655	1.578070610e-02
39.071655	3.987007569e-02
39.076656	2.185122931e-02
39.081656	2.848633841e-02
39.086656	3.031165131e-02
39.091656	1.467370409e-02
39.096656	3.804610412e-02
39.101657	2.467306097e-02
39.106657	4.561303339e-03
39.111657	3.358346404e-02
39.116657	3.263789441e-02
39.121657	2.898544712e-03
39.126658	2.047819024e-02
39.131658	3.998975393e-02
39.136658	1.196233174e-02
39.141658	7.431914057e-03
39.146658	3.590009832e-02
39.151659	2.898878153e-02
39.156659	-5.215777823e-04
39.161659	1.313023425e-02
39.166659	3.987749147e-02
39.171660	1.915375992e-02
39.176660	8.679251079e-04
39.181660	4.347168171e-03
39.186660	9.585336726e-03
39.191660	2.815894030e-02
39.196661	2.308454580e-02
39.201661	6.232650289e-03
39.206661	3.795144090e-03
39.211661	2.486848863e-04
39.216661	-1.241861410e-03
39.221662	4.847271174e-03
39.226662	4.130692110e-03
39.231662	-5.717180731e-04
39.236662	-1.735096095e-05
39.241663	-9.059227038e-04
39.246663	-1.885624746e-04
39.251663	1.532755231e-03
39.256663	7.021810643e-04
39.261663	1.304546199e-03
39.266664	-7.319768520e-04
39.271664	-2.996490233e-03
39.276664	-1.237174082e-03
39.281664	2.691050188e-03
39.286664	5.985295533e-04
39.291665	-1.121006873e-03
39.296665	-6.816347568e-04
39.301665	-3.272134262e-03
39.306665	-3.108750431e-03
39.311665	1.251455602e-03
39.316666	2.474794546e-03
39.321666	-1.387651028e-03
39.326666	-5.707077230e-03
39.331666	-8.861552778e-03
39.336667	-1.532288821e-02
39.341667	-2.410712522e-02
39.346667	-1.172725889e-02
39.351667	1.091588854e-03
39.356667	-6.199477774e-04
39.361668	9.873749897e-04
39.366668	-1.268138575e-03
39.371668	-3.868637513e-03
39.376668	-2.396308997e-03
39.381668	-2.500913661e-03
39.386669	5.136911954e-05
39.391669	2.088673728e-03
39.396669	-2.766729628e-03
39.401669	-2.652343531e-03
39.406669	2.089846506e-03
39.411670	9.342864254e-04
39.416670	-5.572594109e-04
39.421670	2.979981705e-03
39.426670	1.432438259e-03
39.431671	3.037761244e-03
39.436671	2.603717782e-02
39.441671	2.558858785e-02
39.446671	5.791817610e-03
39.451671	2.753337376e-03
39.456672	-6.591270034e-04
39.461672	-1.987679665e-03
39.466672	1.176912855e-02
39.471672	3.509253147e-02
39.476672	2.338241867e-02
39.481673	2.544692602e-03
39.486673	1.022175844e-02
39.491673	3.493210262e-02
39.496673	2.132907006e-02
39.501674	4.143189304e-03
39.506674	3.637721476e-02
39.511674	2.775497119e-02
39.516674	7.738210398e-03
39.521674	3.924526667e-02
39.526675	2.780414257e-02
39.531675	1.646701406e-02
39.536675	4.234330892e-02
39.541675	1.703177249e-02
39.546675	2.542480809e-02
39.551676	3.454481290e-02
39.556676	2.051279860e-02
39.561676	4.196328101e-02
39.566676	1.863966040e-02
39.571676	2.057096980e-02
39.576677	3.979454658e-02
39.581677	1.331605965e-02
39.586677	3.300861658e-02
39.591677	3.384067258e-02
39.596678	6.693314013e-03
39.601678	3.140395836e-02
39.606678	3.051478731e-02
39.611678	3.157137668e-03
39.616678	2.317488086e-02
39.621679	3.865091648e-02
39.626679	9.849428030e-03
39.631679	3.761377278e-03
39.636679	3.289743418e-02
39.641679	3.257313924e-02
39.646680	5.923159667e-03
39.651680	3.322661182e-03
39.656680	3.130256709e-02
39.661680	3.168584220e-02
39.666681	5.982022567e-03
39.671681	7.436422382e-05
39.676681	1.272091979e-02
39.681681	3.699268283e-02
39.686681	1.914673030e-02
39.691682	2.958203591e-04
39.696682	2.724208869e-03
39.701682	1.542876201e-02
39.706682	3.705133732e-02
39.711682	1.947277349e-02
39.716683	1.120142465e-03
39.721683	-1.030275004e-03
39.726683	2.411625567e-04
39.731683	1.732290815e-03
39.736683	9.586150338e-04
39.741684	1.294292257e-03
39.746684	1.853306913e-04
39.751684	-1.745396053e-03
39.756684	5.051907423e-03
39.761685	2.168499419e-02
39.766685	2.406568479e-02
39.771685	1.329303268e-02
39.776685	4.881380542e-03
39.781685	2.931664191e-04
39.786686	-3.132834203e-05
39.791686	1.355504397e-03
39.796686	3.039404494e-04
39.801686	-1.925470107e-04
39.806686	1.633867118e-03
39.811687	-1.081326332e-03
39.816687	-1.243327949e-03
39.821687	6.314841426e-04
39.826687	1.520637999e-03
39.831687	3.566242863e-03
39.836688	4.695655978e-04
39.841688	6.597697504e-03
39.846688	3.158563037e-02
39.851688	2.208392448e-02
39.856689	1.570685131e-03
39.861689	1.685071841e-03
39.866689	9.210957693e-04
39.871689	-6.266470927e-04
39.876689	1.955096424e-04
39.881690	2.681295897e-03
39.886690	4.947391464e-03
39.891690	2.706754587e-02
39.896690	3.142705275e-02
39.901690	5.502842678e-03
39.906691	-2.947607709e-03
39.911691	6.880367497e-03
39.916691	3.103673565e-02
39.921691	2.640092365e-02
39.926692	4.673335800e-03
39.931692	1.374504306e-02
39.936692	3.446985661e-02
39.941692	2.153669617e-02
39.946692	9.492198077e-03
39.951693	3.711891922e-02
39.956693	2.474003530e-02
39.961693	1.142449107e-02
39.966693	3.695760092e-02
39.971693	2.390974535e-02
39.976694	9.934929063e-03
39.981694	3.989345143e-02
39.986694	2.590823558e-02
39.991694	1.035980996e-03
39.996694	2.933177381e-02
40.001695	3.580339127e-02
40.006695	2.691085802e-03
40.011695	1.186878861e-02
40.016695	4.182731099e-02
40.021696	2.005132524e-02
40.026696	1.153417549e-03
40.031696	3.687701833e-03
40.036696	2.142944182e-02
40.041696	3.613131059e-02
40.046697	1.109736288e-02
40.051697	-2.779635140e-04
40.056697	3.860952794e-03
40.061697	-1.233139717e-03
40.066697	1.701927599e-03
40.071698	4.750890090e-03
40.076698	1.147634420e-03
40.081698	2.600636954e-04
40.086698	-5.543126574e-05
40.091699	-6.483919383e-05
40.096699	3.032621249e-03
40.101699	7.793011239e-03
40.106699	5.853385092e-03
40.111699	8.166901620e-04
40.116700	3.636962353e-03
40.121700	4.754806672e-03
40.126700	7.693672047e-04
40.131700	-1.275254489e-03
40.136700	-6.025961532e-03
40.141701	-1.216310983e-02
40.146701	-2.326134920e-03
40.151701	5.425352247e-04
40.156701	-3.319209479e-03
40.161701	1.702343653e-04
40.166702	-2.787549280e-04
40.171702	-1.458885696e-02
40.176702	-3.558997551e-02
40.181702	-1.907078370e-02
40.186703	0.000000000e+00
