expfull_T9_run16
10406	0
0.000000	0.000000000e+00
0.005000	-1.213945340e-03
0.010000	-2.150903382e-03
0.015001	-2.199929219e-04
0.020001	-2.199939249e-04
0.025001	5.539695837e-04
0.030001	2.045900172e-03
0.035002	8.229552439e-04
0.040002	3.819744610e-04
0.045002	-2.322902516e-03
0.050002	1.149846971e-04
0.055003	7.169560920e-04
0.060003	-3.316859950e-03
0.065003	8.309488591e-04
0.070003	-2.200039550e-04
0.075003	1.149796820e-04
0.080004	2.044890188e-03
0.085004	1.596909726e-03
0.090004	-7.739825658e-04
0.095004	-2.705894986e-03
0.100005	-2.379910936e-03
0.105005	1.214923228e-03
0.110005	3.871800401e-03
0.115005	2.769642303e-04
0.120006	-1.329963091e-03
0.125006	-8.319869275e-04
0.130006	3.829563612e-04
0.135006	-7.169942062e-04
0.140006	2.159872879e-03
0.145007	-1.376965951e-03
0.150007	-1.604956500e-03
0.155007	5.449439185e-04
0.160007	-1.491963687e-03
0.165008	-3.309889767e-08
0.170008	2.322859387e-03
0.175008	1.443898687e-03
0.180008	-6.600058464e-04
0.185008	-6.120090502e-04
0.190009	6.599316250e-04
0.195009	4.489402965e-04
0.200009	-1.271981798e-03
0.205009	7.169260027e-04
0.210010	-4.970193377e-04
0.215010	-1.385979580e-03
0.220010	4.969330810e-04
0.225010	1.165901404e-03
0.230011	5.795120353e-05
0.235011	-6.120190795e-04
0.240011	1.619444293e-04
0.245011	-9.360062298e-04
0.250011	-9.940045733e-04
0.255012	7.169159735e-04
0.260012	2.542831248e-03
0.265012	1.156893793e-03
0.270012	-1.385990611e-03
0.275013	-9.950095419e-04
0.280013	-3.250412647e-04
0.285013	1.883856449e-03
0.290013	1.139366012e-04
0.295014	-6.120311141e-04
0.300014	-6.110321628e-04
0.305014	-9.370182184e-04
0.310014	2.045844007e-03
0.315014	1.049319997e-04
0.320015	-2.045970379e-03
0.325015	3.339194942e-04
0.330015	-6.619450944e-08
0.335015	-6.590369818e-04
0.340016	-4.970454124e-04
0.345016	5.692818360e-05
0.350016	8.788894917e-04
0.355016	-1.150659357e-04
0.360017	-7.740367230e-04
0.365017	1.271868464e-03
0.370017	6.118977227e-04
0.375017	-1.653999383e-03
0.380017	-1.271017946e-03
0.385018	1.930834238e-03
0.390018	6.588915567e-04
0.395018	4.399005952e-04
0.400018	1.710841316e-03
0.405019	-3.250663346e-04
0.410019	-1.214026576e-03
0.415019	-1.150779686e-04
0.420019	1.166862248e-03
0.425019	-8.320470992e-04
0.430020	-4.500656167e-04
0.435020	-4.808505131e-05
0.440020	-1.816004990e-03
0.445020	8.798703941e-04
0.450021	1.987818589e-03
0.455021	-5.708864926e-05
0.460021	6.118796741e-04
0.465021	1.327845843e-03
0.470022	-1.444028062e-03
0.475022	-2.876963361e-03
0.480022	1.768822615e-03
0.485022	8.318645740e-04
0.490022	-1.874012357e-03
0.495023	-4.400791093e-04
0.500023	-5.540748849e-04
0.505023	1.768817602e-03
0.510023	9.938521334e-04
0.515024	3.248818048e-04
0.520024	-9.370613343e-04
0.525024	-2.762978614e-03
0.530024	2.427782374e-03
0.535025	1.442826534e-03
0.540025	-4.970855185e-04
0.545025	5.548652442e-04
0.550025	-5.710769772e-05
0.555025	6.018610843e-04
0.560026	7.738521956e-04
0.565026	-8.890725574e-04
0.570026	-7.740788327e-04
0.575026	-9.940697480e-04
0.580027	1.490815311e-03
0.585027	7.828467709e-04
0.590027	-2.771056300e-04
0.595027	-4.970965452e-04
0.600028	6.108516500e-04
0.605028	-1.166067876e-03
0.610028	-3.341070259e-04
0.615028	4.091689037e-03
0.620028	-4.971015569e-04
0.625029	-2.715000863e-03
0.630029	-9.940807738e-04
0.635029	3.348572886e-04
0.640029	-8.230906188e-04
0.645030	-1.989038159e-03
0.650030	1.434803846e-03
0.655030	3.479709080e-03
0.660030	-5.551069157e-04
0.665030	-1.042085589e-03
0.670031	-1.166080905e-03
0.675031	-1.151300965e-04
0.680031	1.280804894e-03
0.685031	4.398424521e-04
0.690032	-9.950927545e-04
0.695032	-1.051091189e-03
0.700032	-1.721324938e-04
0.705032	-1.320080859e-03
0.710033	9.378146079e-04
0.715033	2.485742629e-03
0.720033	-1.052096154e-03
0.725033	-1.435079595e-03
0.730033	2.217751911e-03
0.735034	1.434786810e-03
0.740034	-8.321102490e-04
0.745034	-3.351340387e-04
0.750034	-1.214094738e-03
0.755035	9.938030220e-04
0.760035	3.153702983e-03
0.765035	-1.156100403e-03
0.770035	-2.274050144e-03
0.775036	3.818270748e-04
0.780036	-4.411361922e-04
0.785036	-1.621499864e-04
0.790036	-5.615584840e-05
0.795036	-1.215103710e-03
0.800037	6.688089063e-04
0.805037	-1.151561488e-04
0.810037	-9.951168021e-04
0.815037	1.883750192e-03
0.820038	1.099785137e-03
0.825038	1.618271434e-04
0.830038	-4.401462563e-04
0.835038	-1.549096410e-03
0.840039	2.207730328e-03
0.845039	-3.251545343e-04
0.850039	-2.314064339e-03
0.855039	-1.166117977e-03
0.860039	-4.971496531e-04
0.865040	7.747910234e-04
0.870040	4.782335510e-05
0.875040	1.098774165e-03
0.880040	7.747880185e-04
0.885041	-1.214121786e-03
0.890041	-1.769097341e-03
0.895041	3.918025746e-04
0.900041	2.877687589e-03
0.905041	1.605744909e-03
0.910042	-1.932093873e-03
0.915042	1.628090683e-04
0.920042	4.781333961e-05
0.925042	-1.989094264e-03
0.930043	-4.391663341e-04
0.935043	-2.771747633e-04
0.940043	1.213755872e-03
0.945043	5.537851321e-04
0.950044	-2.771777675e-04
0.955044	-2.771787688e-04
0.960044	-6.031648229e-04
0.965044	-5.719085858e-05
0.970044	3.257905794e-04
0.975045	-1.631880010e-04
0.980045	-2.151097851e-03
0.985045	1.627950492e-04
0.990045	1.987710371e-03
0.995046	1.987709370e-03
1.000046	-2.706076409e-03
1.005046	-1.549130460e-03
1.010046	2.810668631e-03
1.015047	1.214740807e-03
1.020047	7.837595678e-04
1.025047	-9.941599111e-04
1.030047	9.367505505e-04
1.035047	-2.691951549e-04
1.040048	-6.691778157e-04
1.045048	2.150691885e-03
1.050048	-4.401903175e-04
1.055048	-1.385147990e-03
1.060049	4.397673321e-04
1.065049	1.717786191e-04
1.070049	-1.632070219e-04
1.075049	-8.321773488e-04
1.080050	2.767708020e-04
1.085050	-2.202074111e-04
1.090050	-2.103122075e-03
1.095050	-7.171866251e-04
1.100050	5.677688578e-05
1.105051	1.155725495e-03
1.110051	1.826693729e-03
1.115051	-1.142182761e-04
1.120051	-4.502038710e-04
1.125052	-8.221878154e-04
1.130052	-3.252116038e-04
1.135052	4.387523658e-04
1.140052	3.827539328e-04
1.145053	1.491702084e-03
1.150053	3.917515189e-04
1.155053	-1.214175846e-03
1.160053	-1.664156214e-03
1.165053	-1.883147173e-03
1.170054	-3.822169950e-04
1.175054	-1.632280368e-04
1.180054	9.357205730e-04
1.185054	1.939673539e-03
1.190055	7.747259540e-04
1.195055	4.775828694e-05
1.200055	1.605685851e-03
1.205055	3.347431271e-04
1.210055	-1.721163605e-03
1.215056	-8.322053660e-04
1.220056	2.297449404e-04
1.225056	5.775182642e-05
1.230056	-8.902057075e-04
1.235057	2.187424440e-04
1.240057	3.917335116e-04
1.245057	1.214694776e-03
1.250057	-3.922325419e-04
1.255058	-9.952058942e-04
1.260058	5.774482508e-05
1.265058	1.988655288e-03
1.270058	-1.386190967e-03
1.275058	-3.040116130e-03
1.280059	1.385679935e-03
1.285059	3.593577697e-03
1.290059	5.547160371e-04
1.295059	-1.433193812e-03
1.300060	6.587092688e-04
1.305060	1.617310566e-04
1.310060	-1.711184065e-03
1.315060	1.165683023e-03
1.320061	3.907175572e-04
1.325061	-1.328204626e-03
1.330061	1.627260115e-04
1.335061	7.156996564e-04
1.340061	3.337161716e-04
1.345062	-2.925135401e-03
1.350062	3.827119255e-04
1.355062	1.156675437e-03
1.360062	-1.722646268e-04
1.365063	2.427615162e-03
1.370063	-3.252596109e-04
1.375063	-1.826191789e-03
1.380063	6.116954280e-04
1.385064	-1.377214375e-03
1.390064	-1.664202215e-03
1.395064	-4.392593815e-04
1.400064	1.376656354e-03
1.405064	2.599599280e-03
1.410065	-6.022549062e-04
1.415065	-2.495169110e-03
1.420065	2.044621729e-03
1.425065	1.940625498e-03
1.430066	-9.932409759e-04
1.435066	6.016848932e-04
1.440066	-1.664212209e-03
1.445066	-6.602592418e-04
1.450066	6.686788236e-04
1.455067	-9.942459261e-04
1.460067	-5.728988719e-05
1.465067	-1.722856135e-04
1.470067	5.546800541e-04
1.475068	1.108653654e-03
1.480068	4.386833747e-04
1.485068	-4.982746624e-04
1.490068	-1.883212158e-03
1.495069	-1.622920660e-04
1.500069	1.940610511e-03
1.505069	7.746629742e-04
1.510069	7.736620212e-04
1.515069	-1.224247368e-03
1.520070	-2.202944010e-04
1.525070	1.940605517e-03
1.530070	-1.443240323e-03
1.535070	-1.386243936e-03
1.540071	2.276810630e-04
1.545071	-3.094817446e-07
1.550071	-6.692798064e-04
1.555071	1.604614931e-03
1.560072	2.776747760e-04
1.565072	-2.208212238e-03
1.570072	2.766728248e-04
1.575072	-1.214259811e-03
1.580072	-3.832989109e-04
1.585073	2.255579091e-03
1.590073	7.076490694e-04
1.595073	-8.222817777e-04
1.600073	-2.113107907e-04
1.605074	-3.923034901e-04
1.610074	-1.166269000e-03
1.615074	1.002630552e-03
1.620074	1.711597046e-03
1.625075	-1.723175702e-04
1.630075	-9.372834927e-04
1.635075	-1.156274450e-03
1.640075	1.270613273e-03
1.645075	2.035577199e-03
1.650076	5.766689361e-05
1.655076	-1.759250794e-03
1.660076	-5.553069960e-04
1.665076	9.936209835e-04
1.670077	-3.343191249e-04
1.675077	-5.543100357e-04
1.680077	-4.403162605e-04
1.685077	2.704538542e-03
1.690077	9.366186077e-04
1.695078	-2.322232963e-03
1.700078	-1.043292604e-03
1.705078	2.541542024e-03
1.710078	2.982520807e-03
1.715079	-2.428232094e-03
1.720079	-1.109293568e-03
1.725079	-1.329284479e-03
1.730079	-2.705222386e-03
1.735080	1.156599542e-03
1.740080	5.446266047e-04
1.745080	1.605576960e-03
1.750080	4.486290114e-04
1.755080	-2.323244888e-03
1.760081	-6.693217225e-04
1.765081	2.437534823e-03
1.770081	2.102549185e-03
1.775081	-3.814180514e-03
1.780082	-7.743208973e-04
1.785082	1.327581728e-03
1.790082	-2.773456794e-04
1.795082	1.596567400e-03
1.800083	-1.989269178e-03
1.805083	1.107587826e-03
1.810083	-4.393422400e-04
1.815083	-2.380254241e-03
1.820083	1.881549347e-03
1.825084	-7.173324845e-04
1.830084	-5.736374275e-05
1.835084	9.935870715e-04
1.840084	-1.883282013e-03
1.845085	-3.693467695e-07
1.850085	2.264525805e-03
1.855085	4.486080728e-04
1.860085	-3.253574356e-04
1.865086	-1.500304558e-03
1.870086	-1.500305555e-03
1.875086	-4.973525392e-04
1.880086	2.379514552e-03
1.885086	1.165569218e-03
1.890087	-2.193682753e-04
1.895087	-3.793130194e-07
1.900087	-9.953346882e-04
1.905087	1.213563032e-03
1.910088	-5.737968874e-05
1.915088	-6.113552839e-04
1.920088	2.541499153e-03
1.925088	7.255814214e-04
1.930088	-1.768305224e-03
1.935089	-1.167333776e-03
1.940089	-1.214332617e-03
1.945089	-2.773765752e-04
1.950089	1.327548839e-03
1.955090	-2.203811808e-04
1.960090	-1.605318674e-03
1.965090	5.545812930e-04
1.970090	-5.543688547e-04
1.975091	8.215670591e-04
1.980091	2.761477113e-03
1.985091	1.145974837e-04
1.990091	-8.313601375e-04
1.995091	-2.203891479e-04
2.000092	-1.989309034e-03
2.005092	1.625912999e-04
2.010092	1.490529415e-03
2.015092	-2.151304593e-03
2.020093	-5.740159984e-05
2.025093	1.987503640e-03
2.030093	4.965710079e-04
2.035093	-1.064023397e-04
2.040094	2.285813050e-04
2.045094	-1.500340415e-03
2.050094	-4.403900118e-04
2.055094	-1.156358178e-03
2.060094	-4.121766160e-07
2.065095	1.604513238e-03
2.070095	6.605555257e-04
2.075095	2.208483554e-03
2.080095	-1.712337661e-03
2.085096	-2.104320683e-03
2.090096	1.625743788e-04
2.095096	2.103484388e-03
2.100096	8.875391472e-04
2.105097	-2.161322049e-03
2.110097	5.455528383e-04
2.115097	5.055536774e-04
2.120097	-3.354087571e-04
2.125097	1.711496392e-03
2.130098	-4.261065748e-07
2.135098	-1.443360939e-03
2.140098	-1.634206223e-04
2.145098	-1.597355867e-03
2.150099	1.328508979e-03
2.155099	-1.004385046e-03
2.160099	3.825503650e-04
2.165099	3.374412186e-03
2.170100	-7.653989875e-04
2.175100	-1.492366649e-03
2.180100	-5.554106049e-04
2.185100	1.443496746e-03
2.190100	-4.404178663e-04
2.195101	-1.167385527e-03
2.200101	2.150461347e-03
2.205101	-3.824235082e-04
2.210101	9.945123615e-04
2.215102	1.548485966e-03
2.220102	-5.744139182e-05
2.225102	4.395348265e-04
2.230102	-2.649324535e-03
2.235102	-2.104350518e-03
2.240103	3.825344582e-04
2.245103	1.434485230e-03
2.250103	-1.492381560e-03
2.255103	-1.100400527e-03
2.260104	8.315098963e-04
2.265104	1.376483914e-03
2.270104	-2.204438563e-04
2.275104	-3.824374221e-04
2.280105	1.156491020e-03
2.285105	8.785027734e-04
2.290105	-8.314198157e-04
2.295105	-1.826375188e-03
2.300105	-1.377396768e-03
2.305106	5.653648890e-05
2.310106	4.965153214e-04
2.315106	1.491468707e-03
2.320106	8.214984335e-04
2.325107	7.734996412e-04
2.330107	1.108483288e-03
2.335107	-2.371358145e-03
2.340107	-8.234301148e-04
2.345108	2.093435146e-03
2.350108	4.852791760e-05
2.355108	-1.377407692e-03
2.360108	-2.774591209e-04
2.365108	-6.124447538e-04
2.370109	-7.184408864e-04
2.375109	2.045431390e-03
2.380109	2.599404996e-03
2.385109	-7.174439104e-04
2.390110	-5.747516431e-05
2.395110	6.594909683e-04
2.400110	-3.374325063e-03
2.405110	-9.374377934e-04
2.410111	1.719439389e-03
2.415111	-1.826399017e-03
2.420111	-6.694530585e-04
2.425111	2.322408764e-03
2.430111	6.684836089e-04
2.435112	-2.103390286e-03
2.440112	-3.924697281e-04
2.445112	-2.684764056e-04
2.450112	1.156457265e-03
2.455113	1.156456273e-03
2.460113	-2.093395705e-03
2.465113	9.934617629e-04
2.470113	1.825422623e-03
2.475113	2.045411544e-03
2.480114	-1.387432043e-03
2.485114	-2.208395391e-03
2.490114	4.484817924e-04
2.495114	-1.492430203e-03
2.500115	1.624929224e-04
2.505115	1.433433655e-03
2.510115	1.433432663e-03
2.515115	-5.554771315e-04
2.520116	-1.654427733e-03
2.525116	-1.156451558e-03
2.530116	6.024667993e-04
2.535116	2.035400104e-03
2.540116	6.584622491e-04
2.545117	-2.104988980e-04
2.550117	5.544650352e-04
2.555117	1.624820175e-04
2.560117	-2.209410216e-03
2.565118	-7.754769568e-04
2.570118	1.606412836e-03
2.575118	-3.354991130e-04
2.580118	3.814670213e-04
2.585119	-2.205063675e-04
2.590119	-2.428406120e-03
2.595119	3.344662039e-04
2.600119	2.484366635e-03
2.605119	-1.606446782e-03
2.610120	-1.328460519e-03
2.615120	1.051429367e-03
2.620120	-7.184904685e-04
2.625120	1.710397170e-03
2.630121	2.437362846e-03
2.635121	-1.769445251e-03
2.640121	-3.432369992e-03
2.645121	-1.710449937e-03
2.650122	9.364277068e-04
2.655122	2.206368486e-03
2.660122	1.500399867e-03
2.665122	-1.596459124e-03
2.670122	-1.721454383e-03
2.675123	1.816382408e-03
2.680123	1.271406407e-03
2.685123	3.914457651e-04
2.690123	-2.215271183e-04
2.695124	7.734262706e-04
2.700124	9.374177614e-04
2.705124	-8.325020728e-04
2.710124	-2.685289222e-04
2.715124	-1.272483878e-03
2.720125	-4.495226024e-04
2.725125	6.114277607e-04
2.730125	-6.035175203e-04
2.735125	-3.925281842e-04
2.740126	5.645023961e-05
2.745126	2.045358054e-03
2.750126	3.824333138e-04
2.755126	-3.925321412e-04
2.760127	-2.045457339e-03
2.765127	-1.596478915e-03
2.770127	2.207345680e-03
2.775127	-9.945084955e-04
2.780127	-6.605247985e-04
2.785128	1.653368115e-03
2.790128	-1.386493489e-03
2.795128	-8.235202914e-04
2.800128	3.316288899e-03
2.805129	4.743779541e-05
2.810129	-2.208459754e-03
2.815129	2.764253184e-04
2.820129	7.154042015e-04
2.825130	-1.051515769e-03
2.830130	-3.255500450e-04
2.835130	8.303959634e-04
2.840130	-1.108516121e-03
2.845130	-2.205578243e-04
2.850131	2.194210133e-04
2.855131	6.114020517e-04
2.860131	1.710350674e-03
2.865131	-5.545464628e-04
2.870132	-1.654497015e-03
2.875132	-1.155685671e-04
2.880132	1.155372169e-03
2.885132	-5.757320224e-05
2.890133	-8.315387017e-04
2.895133	-4.405576170e-04
2.900133	5.641860755e-05
2.905133	8.883794723e-04
2.910133	8.313810981e-04
2.915134	1.988327062e-03
2.920134	5.543918237e-04
2.925134	-1.989492520e-03
2.930134	-2.820455406e-03
2.935135	-9.465423168e-04
2.940135	3.144269121e-03
2.945135	-6.605574045e-04
2.950135	-7.175557782e-04
2.955135	8.883695987e-04
2.960136	-1.377527491e-03
2.965136	6.013807838e-04
2.970136	2.193973117e-04
2.975136	-8.315554863e-04
2.980137	1.107354623e-03
2.985137	-1.635880881e-04
2.990137	8.223657166e-04
2.995137	1.548331442e-03
3.000138	-2.486484537e-03
3.005138	-4.405793341e-04
3.010138	1.490331142e-03
3.015138	-5.759886783e-05
3.020138	-1.376539377e-03
3.025139	1.548325523e-03
3.030139	6.013679576e-04
3.035139	-1.607531745e-03
3.040139	-3.345910987e-04
3.045140	1.156339552e-03
3.050140	7.823557140e-04
3.055140	-9.375664091e-04
3.060140	-1.777528881e-03
3.065141	-2.775986423e-04
3.070141	3.333723572e-04
3.075141	1.500317864e-03
3.080141	4.393655255e-04
3.085141	9.933391386e-04
3.090142	7.733482401e-04
3.095142	-1.606543621e-03
3.100142	-2.776055421e-04
3.105142	-1.988528077e-03
3.110143	-3.256053122e-04
3.115143	1.547307824e-03
3.120143	-4.975993965e-04
3.125143	3.253618833e-04
3.130144	1.767294782e-03
3.135144	-6.605948784e-04
3.140144	-1.720547262e-03
3.145144	1.613654624e-04
3.150144	6.683412312e-04
3.155145	1.051322686e-03
3.160145	8.793295870e-04
3.165145	-1.874545125e-03
3.170145	-1.435566239e-03
3.175146	1.213311319e-03
3.180146	6.593357354e-04
3.185146	-3.356196279e-04
3.190146	6.113359671e-04
3.195146	1.713551569e-04
3.200147	7.733265706e-04
3.205147	-2.296284257e-04
3.210147	-1.052591675e-03
3.215147	-7.176080191e-04
3.220148	1.214302414e-03
3.225148	1.328296203e-03
3.230148	-6.036161983e-04
3.235148	-5.864217080e-05
3.240149	-1.720566951e-03
3.245149	-1.146415709e-04
3.250149	8.303141165e-04
3.255149	-2.116390909e-04
3.260149	1.051302016e-03
3.265150	7.073168051e-04
3.270150	-2.151553092e-03
3.275150	-2.208551462e-03
3.280150	2.044252553e-03
3.285151	1.547274357e-03
3.290151	-7.836197489e-04
3.295151	-9.366137170e-04
3.300151	4.963195960e-04
3.305152	-3.356432395e-04
3.310152	3.343250576e-04
3.315152	9.362964725e-04
3.320152	-1.989570352e-03
3.325152	-2.046568721e-03
3.330153	4.963136981e-04
3.335153	-3.256495956e-04
3.340153	8.312963727e-04
3.345153	5.543080906e-04
3.350154	-2.776547443e-04
3.355154	-6.136403211e-04
3.360154	1.433264840e-03
3.365154	4.973067741e-04
3.370155	-4.082484213e-03
3.375155	5.732498370e-05
3.380155	1.376263525e-03
3.385155	1.489257361e-03
3.390155	2.322218186e-03
3.395156	1.623162409e-04
3.400156	9.352798164e-04
3.405156	-7.746427611e-04
3.410156	-8.896384701e-04
3.415157	1.133145600e-04
3.420157	-3.700511548e-03
3.425157	1.662241574e-03
3.430157	2.485202858e-03
3.435158	-8.316460378e-04
3.440158	1.713069926e-04
3.445158	7.162810227e-04
3.450158	-1.051638895e-03
3.455158	-1.386624516e-03
3.460159	6.582807381e-04
3.465159	6.682792985e-04
3.470159	-1.056861943e-04
3.475159	4.962852226e-04
3.480160	-5.769035719e-05
3.485160	-2.380584827e-03
3.490160	-1.052646698e-03
3.495160	3.374149341e-03
3.500160	2.877171148e-03
3.505161	-1.444631666e-03
3.510161	-2.935564284e-03
3.515161	-2.206897486e-04
3.520161	8.302610820e-04
3.525162	1.663221908e-03
3.530162	1.490228860e-03
3.535162	-1.272645435e-03
3.540162	-3.256898361e-04
3.545163	-2.715581233e-03
3.550163	-1.777625221e-03
3.555163	1.328231387e-03
3.560163	7.252580548e-04
3.565163	-7.176767628e-04
3.570164	2.810160497e-03
3.575164	1.385224854e-03
3.580164	-3.422555676e-03
3.585164	-7.746780682e-04
3.590165	5.532600627e-04
3.595165	2.044190720e-03
3.600165	1.815200240e-03
3.605165	-9.946718990e-04
3.610166	-1.816635189e-03
3.615166	1.491212158e-03
3.620166	1.213223925e-03
3.625166	-1.549650369e-03
3.630166	-1.109671522e-03
3.635167	-5.556979022e-04
3.640167	-8.796840256e-04
3.645167	2.657152822e-03
3.650167	3.316121628e-03
3.655168	-3.374572565e-03
3.660168	-9.386852354e-04
3.665168	1.767189715e-03
3.670168	-3.039590861e-03
3.675169	-1.491662816e-03
3.680169	2.427156518e-03
3.685169	-1.727252491e-04
3.690169	-3.260584641e-03
3.695169	-9.956894706e-04
3.700170	3.584099556e-03
3.705170	1.768181842e-03
3.710170	-2.093642061e-03
3.715170	-1.057341896e-04
3.720171	1.155207015e-03
3.725171	3.812415256e-04
3.730171	1.386194468e-03
3.735171	1.663180790e-03
3.740171	-1.827660124e-03
3.745172	3.812376151e-04
3.750172	1.548183130e-03
3.755172	-3.365592538e-03
3.760172	-1.166694340e-03
3.765173	2.810122335e-03
3.770173	-4.874755567e-05
3.775173	-1.769669624e-03
3.780173	3.242333880e-04
3.785174	1.142420396e-04
3.790174	-4.407334903e-04
3.795174	1.212189742e-03
3.800174	1.768163272e-03
3.805174	8.322052118e-04
3.810175	-9.377146094e-04
3.815175	-8.337203544e-04
3.820175	8.792001271e-04
3.825175	-2.207659309e-03
3.830176	-1.597688254e-03
3.835176	1.767156483e-03
3.840176	1.768155461e-03
3.845176	1.987144443e-03
3.850177	-3.212618110e-03
3.855177	-3.154621745e-03
3.860177	2.273128402e-03
3.865177	6.682010164e-04
3.870177	-6.117412707e-04
3.875178	-1.166716799e-03
3.880178	5.532033621e-04
3.885178	1.939138838e-03
3.890178	-3.347578737e-04
3.895179	-6.127461027e-04
3.900179	4.382047330e-04
3.905179	-8.317380121e-04
3.910179	-3.347617750e-04
3.915180	2.322115425e-03
3.920180	-2.207689522e-04
3.925180	2.192098985e-04
3.930180	2.762063101e-04
3.935180	-2.266678067e-03
3.940181	1.142117882e-04
3.945181	6.681854123e-04
3.950181	7.161822368e-04
3.955181	3.331988230e-04
3.960182	-1.272728516e-03
3.965182	1.622047145e-04
3.970182	4.961884261e-04
3.975182	-1.386726212e-03
3.980182	-2.160691698e-03
3.985183	1.165154829e-03
3.990183	1.328146382e-03
3.995183	-6.127655964e-04
4.000183	-4.879243007e-05
4.005184	9.931588198e-04
4.010184	8.781631188e-04
4.015184	-1.147923253e-04
4.020184	3.341861142e-04
4.025185	-1.214743837e-03
4.030185	4.391793528e-04
4.035185	-1.057966321e-04
4.040185	-1.654726583e-03
4.045185	2.265092710e-03
4.050186	1.653119797e-03
4.055186	-3.357899794e-04
4.060186	-1.931717775e-03
4.065186	-1.377744149e-03
4.070187	1.433125992e-03
4.075187	1.050142580e-03
4.080187	4.961670084e-04
4.085187	-1.166757715e-03
4.090188	-8.897713881e-04
4.095188	8.791465298e-04
4.100188	8.881451447e-04
4.105188	2.281744336e-04
4.110188	-7.177831641e-04
4.115189	-5.781439767e-05
4.120189	1.376118881e-03
4.125189	-3.358035955e-04
4.130189	-6.027923254e-04
4.135190	-4.398007710e-04
4.140190	1.155125126e-03
4.145190	1.041723426e-04
4.150190	-3.097681816e-03
4.155191	-6.607945251e-04
4.160191	1.882087905e-03
4.165191	1.825089547e-03
4.170191	-1.638202273e-04
4.175191	-2.820699374e-03
4.180192	1.051654963e-04
4.185192	2.264065534e-03
4.190192	-1.638241122e-04
4.195192	-1.213776940e-03
4.200193	-1.728256415e-04
4.205193	6.581352858e-04
4.210193	1.223108409e-03
4.215193	-1.156783437e-03
4.220193	-1.664761116e-03
4.225194	-1.158331087e-04
4.230194	2.281501482e-04
4.235194	1.662083428e-03
4.240194	-6.698106188e-04
4.245195	-2.208321760e-04
4.250195	1.214101058e-03
4.255195	-1.158389306e-04
4.260195	-1.931756636e-03
4.265196	-4.398260150e-04
4.270196	1.327091997e-03
4.275196	-3.928301097e-04
4.280196	5.614833365e-05
4.285196	-1.329789087e-03
4.290197	-6.118229774e-04
4.295197	1.443081830e-03
4.300197	-7.178200562e-04
4.305197	1.595072922e-03
4.310198	-1.158495969e-04
4.315198	-2.485741900e-03
4.320198	-6.028292060e-04
4.325198	1.107091421e-03
4.330199	2.044047490e-03
4.335199	3.341249252e-04
4.340199	1.376076180e-03
4.345199	-4.498410655e-04
4.350199	-9.948170456e-04
4.355200	9.930908350e-04
4.360200	-1.271806282e-03
4.365200	-2.485751588e-03
4.370200	-2.208564077e-04
4.375201	7.730970486e-04
4.380201	-4.978456436e-04
4.385201	2.045036790e-03
4.390201	1.490061269e-03
4.395202	-4.986908864e-05
4.400202	-1.434806554e-03
4.405202	8.790863806e-04
4.410202	-2.878610795e-04
4.415202	-3.536713079e-03
4.420203	2.437012043e-03
4.425203	3.200976045e-03
4.430203	-1.711799658e-03
4.435203	-2.151780451e-03
4.440204	2.761072563e-04
4.445204	-1.329820075e-03
4.450204	1.873032099e-03
4.455204	9.930714803e-04
4.460205	-8.839112215e-07
4.465205	-2.198748368e-04
4.470205	8.300760534e-04
4.475205	2.264009337e-03
4.480205	-1.108836976e-03
4.485206	-9.378457826e-04
4.490206	-3.838721502e-04
4.495206	3.330940087e-04
4.500206	-1.386828095e-03
4.505207	2.680950566e-04
4.510207	1.050058235e-03
4.515207	3.330901442e-04
4.520207	-8.955076694e-07
4.525207	-2.648775061e-03
4.530208	-8.974392719e-07
4.535208	2.670893071e-04
4.540208	5.540751824e-04
4.545208	-2.688880481e-04
4.550209	-7.178684267e-04
4.555209	2.809968847e-03
4.560209	-4.978804444e-04
4.565209	-1.874818273e-03
4.570210	1.156041789e-03
4.575210	-1.728982411e-04
4.580210	-9.378641304e-04
4.585210	4.480713559e-04
4.590210	4.960681903e-04
4.595211	-2.778972861e-04
4.600211	-1.052862717e-03
4.605211	-1.159066430e-04
4.610211	4.960643320e-04
4.615212	9.360431934e-04
4.620212	6.110571306e-04
4.625212	1.777002705e-03
4.630212	-9.468733626e-04
4.635213	-1.664841406e-03
4.640213	-9.186651461e-07
4.645213	9.940347497e-04
4.650213	1.986988256e-03
4.655213	-8.808812080e-04
4.660214	1.385013931e-03
4.665214	-6.128954231e-04
4.670214	-1.883838110e-03
4.675214	-8.798851078e-04
4.680215	-1.596853196e-03
4.685215	4.390524889e-04
4.690215	-8.328901523e-04
4.695215	-9.948836875e-04
4.700216	2.818940476e-03
4.705216	1.375005721e-03
4.710216	-2.323825641e-03
4.715216	-1.319872637e-03
4.720216	-7.748985884e-04
4.725217	4.390447865e-04
4.730217	1.709985548e-03
4.735217	-4.979141763e-04
4.740217	-2.209278391e-04
4.745218	7.730256233e-04
4.750218	-4.893764966e-05
4.755218	9.930136121e-04
4.760218	4.960354379e-04
4.765218	3.810397489e-04
4.770219	-1.159384251e-04
4.775219	5.705268108e-05
4.780219	6.110263183e-04
4.785219	-9.949010072e-04
4.790220	-2.160848507e-03
4.795220	-7.179156305e-04
4.800220	-1.629420387e-04
4.805220	4.380294440e-04
4.810221	2.320942146e-03
4.815221	-1.329891414e-03
4.820221	-5.795069706e-05
4.825221	2.044951919e-03
4.830221	-1.052906997e-03
4.835222	8.310056597e-04
4.840222	1.620353732e-04
4.845222	-6.699274396e-04
4.850222	8.880001650e-04
4.855223	-5.459350456e-04
4.860223	-9.379180324e-04
4.865223	2.760253450e-04
4.870223	-5.549375132e-04
4.875224	-1.281905140e-03
4.880224	8.779948632e-04
4.885224	1.833950070e-03
4.890224	8.889924395e-04
4.895224	-9.469243385e-04
4.900225	1.154978324e-03
4.905225	1.767949258e-03
4.910225	-2.428859266e-03
4.915225	-1.769890441e-03
4.920226	7.729920021e-04
4.925226	1.824942808e-03
4.930226	-1.051926239e-03
4.935226	-1.109924538e-03
4.940227	-6.129482846e-04
4.945227	1.140174234e-04
4.950227	1.269963462e-03
4.955227	1.107969931e-03
4.960227	-1.606906543e-03
4.965228	1.620113888e-04
4.970228	3.373863159e-03
4.975228	-2.789703075e-04
4.980228	1.710081017e-04
4.985229	-1.663908721e-03
4.990229	-1.998894318e-03
4.995229	5.601050091e-05
5.000229	2.321905646e-03
5.005229	6.679805251e-04
5.010230	-2.037896361e-03
5.015230	-9.907158123e-07
5.020230	-1.882905382e-03
5.025230	-5.549672292e-04
5.030231	1.823922735e-03
5.035231	-1.159892718e-04
5.040231	1.318943976e-03
5.045231	-4.409762842e-04
5.050232	-2.209896131e-03
5.055232	7.159687533e-04
5.060232	2.759879709e-04
5.065232	-8.319621832e-04
5.070232	-5.799862793e-05
5.075233	-1.059973834e-04
5.080233	1.270938524e-03
5.085233	5.599327641e-05
5.090233	-4.989822326e-04
5.095234	1.039891636e-04
5.100234	-9.949614026e-04
5.105234	1.987900870e-03
5.110234	1.155938061e-03
5.115235	-3.643842812e-03
5.120235	-1.434945051e-03
5.125235	3.372833544e-03
5.130235	1.432921539e-03
5.135235	-2.290032126e-04
5.140236	2.849722651e-04
5.145236	-1.100965141e-03
5.150236	-9.469731570e-04
5.155236	2.321876003e-03
5.160237	-7.749829529e-04
5.165237	-2.103922972e-03
5.170237	-2.210102634e-04
5.175237	9.349357790e-04
5.180238	-2.200122181e-04
5.185238	-8.319851119e-04
5.190238	3.534813705e-03
5.195238	1.709669918e-04
5.200238	-2.265922225e-03
5.205239	-7.749915416e-04
5.210239	5.529466151e-04
5.215239	1.709892612e-03
5.220239	7.739345747e-04
5.225240	3.909511819e-04
5.230240	-1.769950689e-03
5.235240	-1.160274786e-04
5.240240	2.589847497e-03
5.245240	-2.780219573e-04
5.250241	-2.209934327e-03
5.255241	-3.350212499e-04
5.260241	1.619550095e-04
5.265241	-2.700261358e-04
5.270242	8.309224300e-04
5.275242	-1.280981686e-03
5.280242	-1.157988278e-03
5.285242	1.775876244e-03
5.290243	4.379366394e-04
5.295243	-5.804157092e-05
5.300243	-7.750096482e-04
5.305243	2.199437785e-04
5.310243	5.695030017e-05
5.315244	-8.340097989e-04
5.320244	1.929862519e-03
5.325244	2.704826033e-03
5.330244	-2.323944337e-03
5.335245	-3.585887425e-03
5.340245	3.329319358e-04
5.345245	2.669340107e-04
5.350245	2.759326468e-04
5.355246	8.879036352e-04
5.360246	-1.328995665e-03
5.365246	-1.110006657e-03
5.370246	1.049893355e-03
5.375246	-1.060545927e-04
5.380247	5.539141954e-04
5.385247	1.546867715e-03
5.390247	-1.330001323e-03
5.395247	-4.980404211e-04
5.400248	1.432870091e-03
5.405248	-7.750296208e-04
5.410248	-6.610357978e-04
5.415248	2.034839639e-03
5.420249	1.710853545e-03
5.425249	-2.590950156e-03
5.430249	9.448867672e-04
5.435249	-1.160655349e-04
5.440249	-3.929891610e-03
5.445250	7.728918052e-04
5.450250	2.189162572e-04
5.455250	-1.874988681e-03
5.460250	5.592183265e-05
5.465251	1.767842388e-03
5.470251	-5.807483817e-05
5.475251	2.034828248e-03
5.480251	2.759079504e-04
5.485252	-1.378017161e-03
5.490252	2.761792069e-03
5.495252	7.168848849e-04
5.500252	-1.101032707e-03
5.505252	-2.780713902e-04
5.510253	-9.950394634e-04
5.515253	1.489845650e-03
5.520253	3.808955505e-04
5.525253	-2.543971285e-03
5.530254	4.388909957e-04
5.535254	2.713785738e-03
5.540254	4.388891007e-04
5.545254	-1.387028124e-03
5.550254	-3.840750589e-04
5.555255	2.188963460e-04
5.560255	3.338901262e-04
5.565255	-1.273037139e-03
5.570255	-1.999004798e-03
5.575256	-1.330036419e-03
5.580256	1.499832877e-03
5.585256	1.107849904e-03
5.590256	9.358568439e-04
5.595257	7.248655720e-04
5.600257	-1.053053852e-03
5.605257	-1.167049571e-03
5.610257	1.767814911e-03
5.615257	2.484781091e-03
5.620258	-9.960602495e-04
5.625258	-8.810664681e-04
5.630258	-9.950621868e-04
5.635258	9.938456710e-04
5.640259	-1.151044263e-04
5.645259	-2.780978980e-04
5.650259	3.908704828e-04
5.655259	-1.216056781e-03
5.660260	-9.380704721e-04
5.665260	8.218478860e-04
5.670260	3.200737863e-03
5.675260	-1.216060560e-03
5.680260	-2.877985301e-03
5.685261	2.379772672e-03
5.690261	1.547809875e-03
5.695261	-1.330059111e-03
5.700261	1.212823347e-03
5.705262	-7.760864007e-04
5.710262	-1.818039568e-03
5.715262	-2.201137816e-04
5.720262	2.808746393e-03
5.725263	-1.641182367e-04
5.730263	-2.543010102e-03
5.735263	-7.750921092e-04
5.740263	5.538460120e-04
5.745263	8.208328266e-04
5.750264	-1.053082193e-03
5.755264	-1.827047647e-03
5.760264	3.908497130e-04
5.765264	7.258334102e-04
5.770265	-8.900934381e-04
5.775265	2.311758806e-03
5.780265	2.278534157e-04
5.785265	-2.486023088e-03
5.790265	1.618545570e-04
5.795266	1.164807627e-03
5.800266	1.594786969e-03
5.805266	3.238443027e-04
5.810266	-4.401216095e-04
5.815267	1.384793771e-03
5.820267	-2.211335344e-04
5.825267	-1.435078813e-03
5.830267	-1.435079755e-03
5.835268	-9.471030715e-04
5.840268	2.091756647e-03
5.845268	1.278792983e-03
5.850268	9.448073556e-04
5.855268	8.218120542e-04
5.860269	-3.040011812e-03
5.865269	7.728124191e-04
5.870269	2.541730369e-03
5.875269	1.049797837e-03
5.880270	-2.764028229e-03
5.885270	-1.988064750e-03
5.890270	4.378230765e-04
5.895270	-1.445091527e-03
5.900271	-6.121306607e-04
5.905271	1.106789582e-03
5.910271	7.248061573e-04
5.915271	-7.171286660e-04
5.920271	1.155784516e-03
5.925272	3.328213118e-04
5.930272	-6.041366657e-04
5.935272	9.357917851e-04
5.940272	2.678214740e-04
5.945273	-2.429055806e-03
5.950273	2.268214758e-04
5.955273	6.008033888e-04
5.960273	-8.321318462e-04
5.965274	1.155776064e-03
5.970274	-2.781591247e-04
5.975274	1.996735627e-03
5.980274	9.347833817e-04
5.985274	-3.814999767e-03
5.990275	1.385760827e-03
5.995275	8.777831807e-04
6.000275	-1.110126606e-03
6.005275	3.210674336e-03
6.010276	-4.411591560e-04
6.015276	-2.878048356e-03
6.020276	1.098768359e-03
6.025276	9.927722818e-04
6.030276	-3.841655193e-04
6.035277	9.927704073e-04
6.040277	-2.047091144e-03
6.045277	-6.601556758e-04
6.050277	2.541696574e-03
6.055278	-3.931697916e-04
6.060278	-1.884102365e-03
6.065278	-1.875103714e-03
6.070278	1.001763437e-03
6.075279	2.484694505e-03
6.080279	-2.291819932e-04
6.085279	-2.047099573e-03
6.090279	-1.493125910e-03
6.095279	1.326743855e-03
6.100280	2.541687211e-03
6.105280	-1.167143665e-03
6.110280	-1.321137540e-03
6.115280	-5.819638418e-05
6.120281	-7.271666455e-04
6.125281	-2.691885803e-04
6.130281	4.957754089e-04
6.135281	4.387770874e-04
6.140282	3.337809668e-04
6.145282	6.577651764e-04
6.150282	1.037896429e-04
6.155282	7.167606019e-04
6.160282	2.277820884e-04
6.165283	6.097636391e-04
6.170283	-1.722014400e-04
6.175283	-1.664133965e-03
6.180283	8.297507496e-04
6.185284	-6.031844806e-04
6.190284	3.337716237e-04
6.195284	7.727505616e-04
6.200284	-1.550143861e-03
6.205285	5.527587817e-04
6.210285	5.578063600e-05
6.215285	-8.901769227e-04
6.220285	-1.387155068e-03
6.225285	1.108729556e-03
6.230286	2.541662919e-03
6.235286	8.297404825e-04
6.240286	-1.053174114e-03
6.245286	-9.471799064e-04
6.250287	3.337604266e-04
6.255287	-1.225145828e-06
6.260287	-1.769145014e-03
6.265287	-1.493158601e-03
6.270287	1.986680907e-03
6.275288	2.541654528e-03
6.280288	-1.989138655e-03
6.285288	1.137639895e-04
6.290288	1.929679793e-03
6.295289	-9.471892261e-04
6.300289	-1.216177824e-03
6.305289	1.718686674e-03
6.310289	4.957418178e-04
6.315290	-2.276132016e-03
6.320290	4.397425235e-04
6.325290	-4.923598637e-05
6.330290	6.677302081e-04
6.335290	-1.272181772e-03
6.340291	-1.493172570e-03
6.345291	5.527326896e-04
6.350291	3.237422591e-04
6.355291	6.007286284e-04
6.360292	1.767674191e-03
6.365292	-1.329184740e-03
6.370292	-1.158193510e-03
6.375292	3.267602626e-03
6.380293	-1.248418469e-06
6.385293	-4.427046413e-03
6.390293	-2.782375766e-04
6.395293	-8.902104453e-04
6.400293	1.604674229e-03
6.405294	3.535584762e-03
6.410294	-2.324147483e-03
6.415294	-6.612246608e-04
6.420294	1.037393349e-04
6.425295	2.264639323e-03
6.430295	1.327681357e-03
6.435295	-2.104162212e-03
6.440295	-8.812192157e-04
6.445296	-1.043212716e-03
6.450296	-1.261420163e-06
6.455296	1.037328377e-04
6.460296	-1.162580029e-04
6.465296	1.661659547e-03
6.470297	-3.352498167e-04
6.475297	-1.387202509e-03
6.480297	2.757203140e-04
6.485297	-1.435202163e-03
6.490298	1.137258876e-04
6.495298	4.692515011e-03
6.500298	-4.412505191e-04
6.505298	-3.643104632e-03
6.510299	5.527020523e-04
6.515299	1.432660777e-03
6.520299	-1.444208237e-03
6.525299	-6.612450642e-04
6.530299	8.876829873e-04
6.535300	2.667105344e-04
6.540300	4.671969570e-05
6.545300	-8.812386808e-04
6.550300	1.107669197e-03
6.555301	1.825635351e-03
6.560301	-1.435216056e-03
6.565301	-7.192498104e-04
6.570301	1.595643120e-03
6.575301	8.786750703e-04
6.580302	-1.770204397e-03
6.585302	1.489645206e-03
6.590302	7.156797695e-04
6.595302	-9.952427049e-04
6.600303	1.661634546e-03
6.605303	-1.655214292e-03
6.610303	-2.324184543e-03
6.615303	-3.362766175e-04
6.620304	1.327646163e-03
6.625304	1.930617591e-03
6.630304	-3.156150091e-03
6.635304	-1.053247438e-03
6.640304	2.713578920e-03
6.645305	6.106744199e-04
6.650305	7.636664815e-04
6.655305	-1.632919383e-04
6.660305	-1.632928613e-04
6.665306	8.296606862e-04
6.670306	-2.782894342e-04
6.675306	-1.445236849e-03
6.680306	1.049647831e-03
6.685307	-2.212948154e-04
6.690307	-4.412856506e-04
6.695307	-5.830413360e-05
6.700307	7.736567967e-04
6.705307	1.107640561e-03
6.710308	-4.512888803e-04
6.715308	-1.884224098e-03
6.720308	8.306504960e-04
6.725308	1.498618946e-03
6.730309	-9.952676238e-04
6.735309	1.626783600e-04
6.740309	-1.827231319e-03
6.745309	4.956612496e-04
6.750310	-7.662818079e-04
6.755310	-6.132897438e-04
6.760310	1.317620798e-03
6.765310	-1.378256509e-03
6.770310	6.676487601e-04
6.775311	1.929589976e-03
6.780311	-2.783097058e-04
6.785311	-3.933053531e-04
6.790311	9.936301323e-04
6.795312	-2.314219114e-03
6.800312	-7.762905518e-04
6.805312	2.043579230e-03
6.810312	9.926264996e-04
6.815312	-2.783161437e-04
6.820313	-8.322916617e-04
6.825313	1.212613655e-03
6.830313	5.566578498e-05
6.835313	-1.712254070e-03
6.840314	-7.183005643e-04
6.845314	4.666344146e-05
6.850314	3.816471630e-04
6.855314	-3.843186338e-04
6.860315	1.489594524e-03
6.865315	1.375598833e-03
6.870315	-2.869207450e-03
6.875315	-1.597266689e-03
6.880315	1.603585625e-03
6.885316	7.726228095e-04
6.890316	-8.893019044e-04
6.895316	3.236415615e-04
6.900316	1.212599883e-03
6.905317	-1.345371447e-06
6.910317	3.806361966e-04
6.915317	-1.347205355e-06
6.920317	-1.932259585e-03
6.925318	-3.263341374e-04
6.930318	-5.834734182e-05
6.935318	-1.272292596e-03
6.940318	1.221592137e-03
6.945318	6.006196939e-04
6.950319	2.666340919e-04
6.955319	-1.063497218e-04
6.960319	-9.953098764e-04
6.965319	4.956208448e-04
6.970320	9.925971415e-04
6.975320	7.726063132e-04
6.980320	-2.693468258e-04
6.985320	1.107589123e-03
6.990321	7.166061354e-04
6.995321	-1.387298310e-03
7.000321	-1.770281664e-03
7.005321	4.956135239e-04
7.010321	4.956126094e-04
7.015322	-1.435299768e-03
7.020322	-6.703357576e-04
7.025322	2.703508629e-03
7.030322	1.604558104e-03
7.035323	-1.932280636e-03
7.040323	2.186198253e-04
7.045323	-6.133429407e-04
7.050323	1.606206575e-04
7.055323	2.159528089e-03
7.060324	-3.146229542e-03
7.065324	-1.110323806e-03
7.070324	1.432558683e-03
7.075324	-6.703458066e-04
7.080325	-2.783646928e-04
7.085325	5.561908043e-05
7.090325	3.821445495e-03
7.095325	3.336045090e-04
7.100326	-1.386317540e-03
7.105326	-1.550310933e-03
7.110326	-3.204236008e-03
7.115326	3.201469361e-03
7.120326	2.207514025e-03
7.125327	-1.436319807e-03
7.130327	-1.885300132e-03
7.135327	7.735770400e-04
7.140327	-1.633809094e-04
7.145328	1.036059374e-04
7.150328	2.760483202e-03
7.155328	-2.683788282e-04
7.160328	-1.550320959e-03
7.165329	-5.563674446e-04
7.170329	-1.272335526e-03
7.175329	1.824521564e-03
7.180329	7.155715023e-04
7.185329	-2.496282136e-03
7.190330	3.335871971e-04
7.195330	4.475810602e-04
7.200330	1.155547688e-03
7.205330	-6.133721118e-04
7.210331	-2.926266969e-03
7.215331	2.159498926e-03
7.220331	1.211541483e-03
7.225331	-1.273345488e-03
7.230332	-4.983819308e-04
7.235332	-2.303951276e-04
7.240332	2.102496994e-03
7.245332	-2.152308820e-03
7.250332	-3.373929474e-04
7.255333	1.432524989e-03
7.260333	4.395696101e-04
7.265333	6.675582481e-04
7.270333	4.955652264e-04
7.275334	1.605796785e-04
7.280334	-1.264355892e-03
7.285334	-2.208313517e-03
7.290334	-5.073924161e-04
7.295334	2.149484852e-03
7.300335	-1.157364428e-03
7.305335	-1.321357815e-03
7.310335	-1.744113128e-04
7.315335	1.049531659e-03
7.320336	-3.834035435e-04
7.325336	7.065455729e-04
7.330336	3.095435130e-03
7.335336	-5.463987891e-04
7.340337	-2.161325647e-03
7.345337	-7.753901015e-04
7.350337	1.384509955e-03
7.355337	9.925270231e-04
7.360337	-1.492359944e-03
7.365338	-7.753937244e-04
7.370338	1.546498905e-03
7.375338	1.269510701e-03
7.380338	4.656587078e-05
7.385339	-7.183999586e-04
7.390339	6.675355878e-04
7.395339	-8.333964953e-04
7.400339	-8.333973999e-04
7.405340	-2.784237514e-04
7.410340	-3.354220423e-04
7.415340	1.107510891e-03
7.420340	1.705529491e-04
7.425340	-3.934220951e-04
7.430341	1.375495891e-03
7.435341	4.385379497e-04
7.440341	8.295191186e-04
7.445341	-1.817360418e-03
7.450342	-9.374016702e-04
7.455342	2.703430485e-03
7.460342	-1.053398158e-03
7.465342	-7.764117612e-04
7.470343	-1.989357047e-03
7.475343	1.213495191e-03
7.480343	1.880463706e-03
7.485343	-2.214408184e-04
7.490343	1.615407186e-04
7.495344	-7.184198350e-04
7.500344	-1.272395336e-03
7.505344	3.905275130e-04
7.510344	1.212488922e-03
7.515345	-3.354410028e-04
7.520345	-3.364418584e-04
7.525345	-1.608384438e-03
7.530345	-1.607385385e-03
7.535345	1.441473916e-03
7.540346	-1.492392460e-03
7.545346	-1.721382861e-03
7.550346	3.267387491e-03
7.555346	1.269478199e-03
7.560347	3.245206278e-04
7.565347	3.259385156e-03
7.570347	8.874930136e-04
7.575347	-3.204320266e-03
7.580348	3.325166608e-04
7.585348	-1.074640646e-04
7.590348	-2.659347954e-03
7.595348	-6.124427091e-04
7.600348	6.105003164e-04
7.605349	6.574972623e-04
7.610349	-5.554480200e-04
7.615349	-1.157421317e-03
7.620349	2.646403369e-03
7.625350	6.004962805e-04
7.630350	-9.384340540e-04
7.635350	9.444787111e-04
7.640350	5.534957404e-04
7.645351	-2.161380674e-03
7.650351	-7.764450744e-04
7.655351	1.987427297e-03
7.660351	3.815000352e-04
7.665351	7.724812101e-04
7.670352	-4.424639790e-04
7.675352	5.551229021e-05
7.680352	1.882427624e-03
7.685352	-7.764513563e-04
7.690353	-2.716363303e-03
7.695353	-1.634812563e-04
7.700353	1.135051465e-04
7.705353	-1.712412027e-03
7.710354	-1.272433097e-03
7.715354	2.809378845e-03
7.720354	1.708428430e-03
7.725354	-4.414738873e-04
7.730354	3.334896827e-04
7.735355	-1.053447618e-03
7.740355	2.184931644e-04
7.745355	1.134970833e-04
7.750355	-1.387434990e-03
7.755356	-8.334612866e-04
7.760356	5.524742696e-04
7.765356	1.614913024e-04
7.770356	-4.984793310e-04
7.775357	-2.047409203e-03
7.780357	1.049447903e-03
7.785357	1.776413676e-03
7.790357	-2.323399231e-03
7.795357	-2.784938895e-04
7.800358	1.709414066e-03
7.805358	2.754789218e-04
7.810358	9.924451534e-04
7.815358	-9.474667901e-04
7.820359	-6.614807966e-04
7.825359	1.766406985e-03
7.830359	-1.329451955e-03
7.835359	5.524608617e-04
7.840359	9.924397947e-04
7.845360	-3.155370910e-03
7.850360	-9.954708395e-04
7.855360	9.454392722e-04
7.860360	-1.065133852e-04
7.865361	-1.388455497e-03
7.870361	-5.951732420e-05
7.875361	2.761352440e-03
7.880361	2.436366449e-03
7.885362	-8.804823559e-04
7.890362	-1.722444641e-03
7.895362	8.774352563e-04
7.900362	-6.034977302e-04
7.905362	1.442407569e-03
7.910363	-4.505065271e-04
7.915363	-2.785153041e-04
7.920363	3.038331719e-03
7.925363	5.424452717e-04
7.930364	-3.265157745e-04
7.935364	-2.983394840e-03
7.940364	-7.764969218e-04
7.945364	1.603393064e-03
7.950365	-7.754987472e-04
7.955365	1.108413981e-03
7.960365	-1.770454905e-03
7.965365	-9.964912825e-04
7.970365	1.375399071e-03
7.975366	-8.904979209e-04
7.980366	-4.985167831e-04
7.985366	-1.214484843e-03
7.990366	-1.635339204e-04
7.995367	-2.225321036e-04
8.000367	6.094288604e-04
8.005367	7.734204528e-04
8.010367	1.034502846e-04
8.015368	5.524288099e-04
8.020368	2.541336725e-03
8.025368	2.149353811e-03
8.030368	-1.598475228e-03
8.035368	6.104226004e-04
8.040369	-1.550226240e-06
8.045369	-6.705204393e-04
8.050369	-5.555265990e-04
8.055369	-1.990461690e-03
8.060370	1.098395791e-03
8.065370	-1.100504270e-03
8.070370	-3.481395986e-03
8.075370	2.084339389e-04
8.080370	2.875310769e-03
8.085371	1.107390947e-03
8.090371	8.214031748e-04
8.095371	1.327379089e-03
8.100371	-2.429449536e-03
8.105372	-4.415415724e-04
8.110372	1.106386566e-03
8.115372	9.933908619e-04
8.120372	9.923900228e-04
8.125373	4.374145851e-04
8.130373	1.432368079e-03
8.135373	-1.550496033e-03
8.140373	-6.125399253e-04
8.145373	5.642851652e-05
8.150374	-9.955241328e-04
8.155374	-6.135425316e-04
8.160374	-6.045438280e-04
8.165374	-4.985495718e-04
8.170375	1.327365822e-03
8.175375	3.152281261e-03
8.180375	-1.722496101e-03
8.185375	-9.475325179e-04
8.190376	1.134179518e-04
8.195376	-1.378514522e-03
8.200376	-1.492510178e-03
8.205376	-1.549508447e-03
8.210376	2.980282968e-03
8.215377	2.101322389e-03
8.220377	1.134126574e-04
8.225377	-9.955373763e-04
8.230377	1.040368390e-03
8.235378	8.203775958e-04
8.240378	-2.038492199e-03
8.245378	1.164360060e-03
8.250378	1.044077809e-04
8.255379	-1.550517218e-03
8.260379	-3.099447076e-03
8.265379	1.767328889e-03
8.270379	2.436297334e-03
8.275379	-1.101541327e-03
8.280380	-3.355773289e-04
8.285380	-1.593523125e-06
8.290380	-1.645869295e-04
8.295380	-8.325571812e-04
8.300381	1.710325341e-03
8.305381	-1.735891560e-04
8.310381	-8.345597282e-04
8.315381	1.662324904e-03
8.320381	-9.955541047e-04
8.325382	-2.439488776e-03
8.330382	7.733630279e-04
8.335382	-4.960011585e-05
8.340382	1.327335869e-03
8.345383	1.432330177e-03
8.350383	-2.047511142e-03
8.355383	5.533687229e-04
8.360383	1.767312182e-03
8.365384	-1.770526476e-03
8.370384	2.753788359e-04
8.375384	6.573604435e-04
8.380384	2.183796945e-04
8.385384	6.583586430e-04
8.390385	-1.550540950e-03
8.395385	-1.760532199e-03
8.400385	-1.215558064e-03
8.405385	1.709306947e-03
8.410386	-1.053567245e-03
8.415386	-2.323509891e-03
8.420386	1.709304318e-03
8.425386	2.597262726e-03
8.430387	3.038241630e-03
8.435387	-1.721540997e-03
8.440387	-2.216106484e-04
8.445387	9.923328136e-04
8.450387	-2.706498461e-03
8.455388	1.939287643e-03
8.460388	2.321269253e-03
8.465388	-2.105528642e-03
8.470388	-1.665549691e-03
8.475389	1.490304730e-03
8.480389	8.313340714e-04
8.485389	-1.044580787e-03
8.490389	-1.770548374e-03
8.495390	-1.630357493e-06
8.500390	-5.962857200e-05
8.505390	-1.998540542e-03
8.510390	-6.706023046e-04
8.515390	1.164312686e-03
8.520391	6.103372143e-04
8.525391	-2.786228977e-04
8.530391	2.159264446e-03
8.535391	1.049314467e-03
8.540392	-2.324531706e-03
8.545392	-6.706084152e-04
8.550392	2.588241286e-03
8.555392	1.929270629e-03
8.560392	-1.540571142e-03
8.565393	-2.983505851e-03
8.570393	-1.607569813e-03
8.575393	5.523302778e-04
8.580393	-6.036175904e-04
8.585394	1.432288187e-03
8.590394	2.751226839e-03
8.595394	-2.126381314e-04
8.600394	-7.186158019e-04
8.605395	-1.736416611e-04
8.610395	-9.386074560e-04
8.615395	-2.206412471e-04
8.620395	-1.652158616e-06
8.625395	1.033421570e-04
8.630396	-8.326157969e-04
8.635396	-3.266398670e-04
8.640396	1.603270772e-03
8.645396	-5.965384825e-05
8.650397	-3.155512764e-03
8.655397	1.270283432e-03
8.660397	1.881254548e-03
8.665397	-2.209558746e-03
8.670398	2.646217735e-03
8.675398	-6.706310474e-04
8.680398	-7.096301276e-04
8.685398	3.210189270e-03
8.690398	-1.941575376e-03
8.695399	-1.608591512e-03
8.700399	1.652258101e-03
8.705399	9.922874949e-04
8.710399	-8.816274487e-04
8.715400	-1.636612368e-04
8.720400	6.103024077e-04
8.725400	-1.052622210e-03
8.730400	-5.866865230e-05
8.735401	2.753151669e-04
8.740401	2.753143003e-04
8.745401	9.922805590e-04
8.750401	1.098274833e-03
8.755401	1.613169283e-04
8.760402	-2.315570366e-03
8.765402	-9.966317086e-04
8.770402	1.489253441e-03
8.775402	-5.556536599e-04
8.780403	-6.706492525e-04
8.785403	6.102911477e-04
8.790403	7.242850557e-04
8.795403	-1.646750481e-04
8.800404	-7.846474856e-04
8.805404	-2.306737514e-04
8.810404	-8.806448130e-04
8.815404	3.322987060e-04
8.820404	-4.416666699e-04
8.825405	5.630963256e-05
8.830405	4.952886403e-04
8.835405	1.603031366e-04
8.840405	2.541193103e-03
8.845406	4.382886632e-04
8.850406	4.372878458e-04
8.855406	2.272966113e-04
8.860406	-3.423536851e-03
8.865406	1.375242249e-03
8.870407	2.981167751e-03
8.875407	-1.549625363e-03
8.880407	-5.566717550e-04
8.885407	1.122967089e-04
8.890408	-5.566734791e-04
8.895408	4.382800378e-04
8.900408	8.782590019e-04
8.905408	-5.869889774e-05
8.910409	-2.209601135e-03
8.915409	-4.986804461e-04
8.920409	1.709217455e-03
8.925409	-2.047611146e-03
8.930409	-1.492637453e-03
8.935410	1.938204373e-03
8.940410	2.272819626e-04
8.945410	1.602841743e-04
8.950410	-8.326711563e-04
8.955411	-3.266952166e-04
8.960411	2.752763216e-04
8.965411	-6.126838228e-04
8.970411	7.722518147e-04
8.975412	1.489218080e-03
8.980412	-6.136863551e-04
8.985412	-9.956696992e-04
8.990412	1.938194916e-03
8.995412	-6.706863182e-04
9.000413	-1.224661776e-03
9.005413	1.106230488e-03
9.010413	1.049232244e-03
9.015413	-9.956748502e-04
9.020414	1.702708302e-04
9.025414	1.132725859e-04
9.030414	-1.329662109e-03
9.035414	9.922305681e-04
9.040415	-1.329663824e-03
9.045415	6.012467812e-04
9.050415	1.106222770e-03
9.055415	-2.152628660e-03
9.060415	1.318211336e-03
9.065416	1.154217999e-03
9.070416	-1.053681620e-03
9.075416	1.767188180e-03
9.080416	4.586058071e-03
9.085417	-3.538570249e-03
9.090417	-2.371624613e-03
9.095417	1.384202317e-03
9.100417	-8.336968417e-04
9.105417	1.032593411e-04
9.110418	-1.492668337e-03
9.115418	-8.806972520e-04
9.120418	5.522361894e-04
9.125418	7.152278611e-04
9.130419	1.652184045e-03
9.135419	-3.937229995e-04
9.140419	-9.386988651e-04
9.145419	1.661181070e-03
9.150420	-2.104647111e-03
9.155420	-1.157391616e-04
9.160420	2.761128073e-03
9.165420	-3.277311482e-04
9.170420	-1.493678540e-03
9.175421	-1.167694340e-03
9.180421	5.624868609e-05
9.185421	1.107199644e-03
9.190421	1.489181277e-03
9.195422	-4.417310380e-04
9.200422	-1.884665728e-03
9.205422	-6.137248561e-04
9.210422	1.719167323e-03
9.215423	6.672147057e-04
9.220423	-3.213608200e-03
9.225423	-1.167702862e-03
9.230423	2.435131088e-03
9.235423	3.332266143e-04
9.240424	8.782007748e-04
9.245424	1.709161822e-03
9.250424	-1.330699643e-03
9.255424	-1.330700493e-03
9.260425	-9.387193171e-04
9.265425	6.582066095e-04
9.270425	3.902180474e-04
9.275425	-1.378701693e-03
9.280426	-6.137376182e-04
9.285426	3.332181118e-04
9.290426	2.182225353e-04
9.295426	-4.987454391e-04
9.300426	2.752182235e-04
9.305427	1.097179686e-03
9.310427	1.132239537e-04
9.315427	-1.100721232e-03
9.320427	-2.787597698e-04
9.325428	1.097176292e-03
9.330428	2.980089107e-03
9.335428	3.902070120e-04
9.340428	-2.104679439e-03
9.345428	-5.557513088e-04
9.350429	-1.377714467e-03
9.355429	-1.827694682e-03
9.360429	-6.137511912e-04
9.365429	2.426108576e-03
9.370430	1.709140604e-03
9.375430	3.332028480e-04
9.380430	-3.267677371e-04
9.385430	-4.997606512e-04
9.390431	1.098165233e-03
9.395431	-4.407650485e-04
9.400431	1.718135114e-03
9.405431	1.155160083e-03
9.410431	-1.665711419e-03
9.415432	2.272009411e-04
9.420432	1.987119399e-03
9.425432	2.082001221e-04
9.430432	-2.267687197e-03
9.435433	7.821721145e-04
9.440433	6.581769554e-04
9.445433	-2.821664329e-03
9.450433	1.701976420e-04
9.455434	-2.217852286e-04
9.460434	-6.707654856e-04
9.465434	1.872117073e-03
9.470434	6.101740927e-04
9.475434	1.131960371e-04
9.480435	-4.997766997e-04
9.485435	-7.287670430e-04
9.490435	-5.557758180e-04
9.495435	-4.987792741e-04
9.500436	1.701892093e-04
9.505436	7.811603523e-04
9.510436	-4.987818012e-04
9.515436	-3.927875034e-04
9.520437	5.521683260e-04
9.525437	-7.187742397e-04
9.530437	-4.507873692e-04
9.535437	1.375128066e-03
9.540437	-4.407895103e-04
9.545438	-1.875724556e-03
9.550438	1.601812516e-04
9.555438	2.181777515e-04
9.560438	-1.813001889e-06
9.565439	1.432120408e-03
9.570439	2.751726169e-04
9.575439	-2.788028220e-04
9.580439	1.327122702e-03
9.585439	-3.278022549e-04
9.590440	-5.567925947e-04
9.595440	-7.277855936e-04
9.600440	-1.052771531e-03
9.605440	8.871386795e-04
9.610441	3.901606283e-04
9.615441	-4.418020628e-04
9.620441	7.151440496e-04
9.625441	9.931304647e-04
9.630442	4.381550736e-04
9.635442	-3.319673458e-03
9.640442	4.951507841e-04
9.645442	2.655050909e-03
9.650442	-2.209726866e-03
9.655443	-1.224772866e-03
9.660443	-1.648223045e-04
9.665443	6.671387108e-04
9.670443	1.652092711e-03
9.675444	1.260109848e-03
9.680444	-9.957875499e-04
9.685444	-1.638265340e-04
9.690444	1.050116967e-03
9.695445	-1.078307739e-04
9.700445	-1.885750088e-03
9.705445	-1.224781230e-03
9.710445	-1.273779819e-03
9.715445	1.327100088e-03
9.720446	2.990023003e-03
9.725446	-4.998178133e-04
9.730446	-1.501772706e-03
9.735446	5.531322364e-04
9.740447	1.049108660e-03
9.745447	-4.988211977e-04
9.750447	-4.984261884e-05
9.755447	4.381341721e-04
9.760448	-1.738386013e-04
9.765448	-1.101796886e-03
9.770448	8.781114967e-04
9.775448	6.581207504e-04
9.780448	-1.320789345e-03
9.785449	1.031445312e-04
9.790449	2.264044615e-03
9.795449	-1.215796658e-03
9.800449	-1.770772043e-03
9.805450	1.701381288e-04
9.810450	-3.938368437e-04
9.815450	5.431193623e-04
9.820450	1.547072497e-03
9.825451	1.489074324e-03
9.830451	-1.648506706e-04
9.835451	-2.706734950e-03
9.840451	-3.358444927e-04
9.845451	5.521139611e-04
9.850452	4.951157437e-04
9.855452	-1.052814110e-03
9.860452	-6.048354819e-04
9.865452	9.440926653e-04
9.870453	-1.167811329e-03
9.875453	-1.109814818e-03
9.880453	-4.988436623e-04
9.885453	1.603059130e-03
9.890453	1.701240045e-04
9.895454	3.801135466e-04
9.900454	-9.958241922e-04
9.905454	-7.758351083e-04
9.910454	1.155075526e-03
9.915455	2.436015962e-03
9.920455	1.211071301e-03
9.925455	-1.493805502e-03
9.930455	-1.769793675e-03
9.935456	-1.052827378e-03
9.940456	1.131183326e-04
9.945456	7.150899030e-04
9.950456	7.720864621e-04
9.955456	-4.988560892e-04
9.960457	-1.282820969e-03
9.965457	5.430944806e-04
9.970457	2.273014332e-03
9.975457	-4.418620100e-04
9.980458	-1.224826935e-03
9.985458	-2.788711363e-04
9.990458	5.520899359e-04
9.995458	1.384050962e-03
10.000459	-4.418661403e-04
10.005459	-1.887140056e-06
10.010459	1.987020838e-03
10.015459	2.760984629e-04
10.020459	-1.889615653e-06
10.025460	-1.713811944e-03
10.030460	1.701008485e-04
10.035460	4.380877361e-04
10.040460	-7.858569672e-04
10.045461	2.264002365e-03
10.050461	-1.378831426e-03
10.055461	-3.368800261e-04
10.060461	3.314951704e-03
10.065462	-2.372788322e-03
10.070462	-3.155753244e-03
10.075462	7.150684456e-04
10.080462	-1.540828939e-03
10.085462	-5.889771182e-05
10.090463	2.482984914e-03
10.095463	9.920524542e-04
10.100463	-1.769821729e-03
10.105463	-1.827819892e-03
10.110464	1.537024999e-03
10.115464	7.720592533e-04
10.120464	-1.100855690e-03
10.125464	-2.209805663e-03
10.130464	9.340493614e-04
10.135465	3.534929283e-03
10.140465	-6.608791490e-04
10.145465	-2.324803674e-03
10.150465	8.200513052e-04
10.155466	1.212032511e-03
10.160466	3.330719939e-04
10.165466	5.508392032e-05
10.170466	-1.216858578e-03
10.175467	1.490016485e-03
10.180467	-5.558905240e-04
10.185467	-7.758812561e-04
10.190467	1.767001327e-03
10.195467	-1.875832459e-03
10.200468	-1.713840705e-03
10.205468	1.040032204e-03
10.210468	1.766998052e-03
10.215468	1.442012135e-03
10.220469	-2.763795836e-03
10.225469	-2.764796608e-03
10.230469	1.326015000e-03
10.235469	2.760948387e-03
10.240470	3.230593533e-04
10.245470	1.600660098e-04
10.250470	7.730370864e-04
10.255470	-1.435862447e-03
10.260470	-6.618987516e-04
10.265471	3.230552691e-04
10.270471	4.950465665e-04
10.275471	9.450251176e-04
10.280471	-1.215876615e-03
10.285472	-1.388869499e-03
10.290472	1.545995114e-03
10.295472	6.670346012e-04
10.300472	-1.167882078e-03
10.305473	-6.139082946e-04
10.310473	8.870220688e-04
10.315473	-7.759024965e-04
10.320473	-1.712860349e-03
10.325473	1.938971390e-03
10.330474	1.316999095e-03
10.335474	-1.282882507e-03
10.340474	5.520325430e-04
10.345474	-5.469178809e-04
10.350475	-5.559182818e-04
10.355475	1.268997228e-03
10.360475	-1.069404951e-04
10.365475	-4.989233347e-04
10.370475	-6.139188747e-04
10.375476	-1.739398615e-04
10.380476	2.750387392e-04
10.385476	2.270401277e-04
10.390476	1.130445426e-04
10.395477	-1.281892308e-03
10.400477	2.180381047e-04
10.405477	1.048999191e-03
10.410477	-5.895081762e-05
10.415478	-1.215898580e-03
10.420478	-9.389120914e-04
10.425478	1.546973113e-03
10.430478	1.096992935e-03
10.435478	-7.769219511e-04
10.440479	1.130364316e-04
10.445479	-1.932870568e-03
10.450479	-3.369445557e-04
10.455479	1.814955964e-03
10.460480	-1.961534949e-06
10.465480	8.869968945e-04
10.470480	-1.549892177e-03
10.475480	6.000084354e-04
10.480481	7.150023537e-04
10.485481	-1.655889743e-03
10.490481	-1.649589150e-04
10.495481	-1.712888747e-03
10.500481	-6.609377897e-04
10.505482	3.257881714e-03
10.510482	1.153977376e-03
10.515482	1.106978723e-03
10.520482	9.439853894e-04
10.525483	-2.496857646e-03
10.530483	-6.129448356e-04
10.535483	4.470057559e-04
10.540483	9.919799607e-04
10.545484	2.750120290e-04
10.550484	-4.419559025e-04
10.555484	1.986931920e-03
10.560484	-3.939597155e-04
10.565484	-3.156833836e-03
10.570485	-1.100928911e-03
10.575485	1.717941031e-03
10.580485	1.096968699e-03
10.585485	-2.879686029e-04
10.590486	1.489949070e-03
10.595486	1.718937765e-03
10.600486	-1.378920994e-03
10.605486	-3.369695748e-04
10.610486	1.708935811e-03
10.615487	-9.379436268e-04
10.620487	-1.987346750e-06
10.625487	1.650936059e-03
10.630487	9.919654707e-04
10.635488	-2.046895993e-03
10.640488	-7.759550719e-04
10.645488	-2.709790294e-04
10.650488	-1.492923803e-03
10.655489	-1.663916765e-03
10.660489	-1.110942923e-03
10.665489	2.425894102e-03
10.670489	5.519792238e-04
10.675489	-1.321935654e-03
10.680490	8.299648739e-04
10.685490	1.154949171e-03
10.690490	2.148902794e-03
10.695490	-4.989765946e-04
10.700491	-2.219900961e-04
10.705491	-2.000983964e-06
10.710491	-3.203854971e-03
10.715491	-1.942913589e-03
10.720492	1.546925592e-03
10.725492	9.449523945e-04
10.730492	-4.519843522e-04
10.735492	8.289561137e-04
10.740492	2.492879019e-03
10.745493	-3.359920692e-04
10.750493	-1.052959993e-03
10.755493	5.519656176e-04
10.760493	-6.619795186e-04
10.765494	-2.220004914e-04
10.770494	-2.496896980e-03
10.775494	-1.549941198e-03
10.780494	1.822903350e-03
10.785495	4.949634415e-04
10.790495	-1.640071407e-04
10.795495	1.268926358e-03
10.800495	1.871897913e-03
10.805495	-9.479735856e-04
10.810496	-2.038924360e-03
10.815496	3.899634728e-04
10.820496	-5.901673685e-05
10.825496	2.169698121e-04
10.830497	-3.041881557e-03
10.835497	4.389580411e-04
10.840497	2.483863481e-03
10.845497	-2.315917232e-03
10.850498	-2.790114250e-04
10.855498	2.079654506e-04
10.860498	1.488905921e-03
10.865498	-2.120168821e-04
10.870498	-2.104930882e-03
10.875499	1.593898723e-03
10.880499	5.519457046e-04
10.885499	1.326909376e-03
10.890499	9.919239423e-04
10.895500	-3.040891936e-03
10.900500	-1.931943578e-03
10.905500	2.481853244e-03
10.910500	4.949435562e-04
10.915500	-9.379915330e-04
10.920501	-9.969896207e-04
10.925501	-8.339978870e-04
10.930501	1.374900037e-03
10.935501	4.379422064e-04
10.940502	-5.470134229e-04
10.945502	-2.220291162e-04
10.950502	-5.903738153e-05
10.955502	-7.190079117e-04
10.960503	1.316897945e-03
10.965503	-6.620121077e-04
10.970503	-1.263985297e-03
10.975503	2.808827163e-03
10.980503	8.769149560e-04
10.985504	-3.850279710e-04
10.990504	-9.950007924e-04
10.995504	5.595022865e-05
11.000504	1.325891209e-03
11.005505	-9.390057296e-04
11.010505	3.799330041e-04
11.015505	-5.560248691e-04
11.020505	-9.960054840e-04
11.025506	1.096897762e-03
11.030506	1.212891655e-03
11.035506	-3.270385241e-04
11.040506	-1.273995892e-03
11.045506	-5.560296009e-04
11.050507	2.760817525e-03
11.055507	1.545872446e-03
11.060507	-2.487943381e-03
11.065507	-2.601938941e-03
11.070508	-2.790462395e-04
11.075508	3.037800887e-03
11.080508	4.949166983e-04
11.085508	-6.620310393e-04
11.090509	1.546866890e-03
11.095509	1.259879263e-03
11.100509	-3.376908914e-03
11.105509	-1.070596311e-04
11.110509	2.043840959e-03
11.115510	-2.429954692e-03
11.120510	-9.390238401e-04
11.125510	-1.216011925e-03
11.130510	-4.410482438e-04
11.135511	1.708852393e-03
11.140511	8.288919567e-04
11.145511	-1.111019878e-03
11.150511	-2.209970272e-03
11.155511	1.823843983e-03
11.160512	1.756846271e-03
11.165512	-1.111023013e-03
11.170512	1.119201279e-04
11.175512	-1.053027239e-03
11.180513	9.348808266e-04
11.185513	8.868822445e-04
11.190513	-2.220676899e-04
11.195513	-2.220684724e-04
11.200514	2.703796587e-03
11.205514	2.099823498e-03
11.210514	-3.089939320e-03
11.215514	-1.779000211e-03
11.220514	-5.907985579e-05
11.225515	-1.650757770e-04
11.230515	6.568857527e-04
11.235515	5.528897401e-04
11.240515	-4.420654194e-04
11.245516	-1.609012692e-03
11.250516	-2.429975830e-03
11.255516	2.378802895e-03
11.260516	2.368802573e-03
11.265517	-1.054041260e-03
11.270517	7.718742372e-04
11.275517	1.129036733e-04
11.280517	7.158752461e-04
11.285517	4.948846000e-04
11.290518	-2.315987293e-03
11.295518	-2.094169908e-06
11.300518	1.431839302e-03
11.305518	-3.940777533e-04
11.310519	1.823819772e-03
11.315519	-5.560718816e-04
11.320519	-3.930917914e-03
11.325519	2.100804738e-03
11.330520	3.209753113e-03
11.335520	-5.570749457e-04
11.340520	-7.280678822e-04
11.345520	-9.960563711e-04
11.350520	-2.372994011e-03
11.355521	-7.760680112e-04
11.360521	1.028909100e-04
11.365521	4.378747740e-04
11.370521	6.098661119e-04
11.375522	5.489078328e-05
11.380522	-9.490639582e-04
11.385522	-1.071033397e-04
11.390522	1.163837609e-03
11.395522	3.199743483e-03
11.400523	9.918439460e-04
11.405523	-2.048017443e-03
11.410523	4.388677525e-04
11.415523	-4.990900138e-04
11.420524	-1.217057867e-03
11.425524	1.608781772e-04
11.430524	-4.410949943e-04
11.435524	-1.273057620e-03
11.440525	4.368632025e-04
11.445525	1.937793608e-03
11.450525	2.598762528e-03
11.455525	3.318656985e-04
11.460525	-3.596954927e-03
11.465526	-2.104024154e-03
11.470526	6.578484347e-04
11.475526	1.488809561e-03
11.480526	-1.054074613e-03
11.485527	-4.421034445e-04
11.490527	4.478549773e-04
11.495527	-3.941071876e-04
11.500527	-5.571004848e-04
11.505528	-7.760912141e-04
11.510528	1.211816865e-03
11.515528	1.765790693e-03
11.520528	7.718354985e-04
11.525528	-1.885043446e-03
11.530529	6.578391860e-04
11.535529	2.990731447e-03
11.540529	-8.240944023e-04
11.545529	-1.609059179e-03
11.550530	-2.791209288e-04
11.555530	-1.273076122e-03
11.560530	1.985773683e-03
11.565530	2.378754895e-03
11.570531	-9.390937410e-04
11.575531	5.418375865e-04
11.580531	1.594788538e-03
11.585531	-1.761058355e-03
11.590531	-1.437073978e-03
11.595532	1.814776149e-03
11.600532	-1.158088304e-03
11.605532	-1.876056150e-03
11.610532	2.205755921e-03
11.615533	-2.791309065e-04
11.620533	-4.411242449e-04
11.625533	7.718193725e-04
11.630533	-1.169092397e-03
11.635533	1.431787580e-03
11.640534	2.215750868e-03
11.645534	-1.171429283e-04
11.650534	-2.277044656e-03
11.655534	-1.264091867e-03
11.660535	-1.551079473e-03
11.665535	-8.911104987e-04
11.670535	6.098199154e-04
11.675535	5.584455264e-05
11.680536	9.918008727e-04
11.685536	1.651769848e-03
11.690536	-4.991322911e-04
11.695536	-1.274097520e-03
11.700536	7.238101074e-04
11.705537	-1.071525536e-04
11.710537	6.588115623e-04
11.715537	-7.761234046e-04
11.720537	-1.661521357e-04
11.725538	5.518141816e-04
11.730538	-3.361458650e-04
11.735538	-7.761264524e-04
11.740538	-4.511421152e-04
11.745539	8.197988475e-04
11.750539	-9.961186490e-04
11.755539	1.660758765e-03
11.760539	1.163780792e-03
11.765539	-2.267062655e-03
11.770540	-3.941492932e-04
11.775540	1.048783784e-03
11.780540	3.151686601e-03
11.785540	-3.371541863e-04
11.790541	-3.653002905e-03
11.795541	1.766747825e-03
11.800541	1.325767286e-03
11.805541	-2.650051171e-03
11.810542	-1.607099751e-03
11.815542	1.373762810e-03
11.820542	2.769698044e-03
11.825542	1.374761247e-03
11.830542	-1.943087378e-03
11.835543	-2.373068420e-03
11.840543	9.437787359e-04
11.845543	-3.841611319e-04
11.850543	-1.005133416e-03
11.855544	1.154766790e-03
11.860544	-9.391379555e-04
11.865544	7.717828378e-04
11.870544	1.546746547e-03
11.875544	-4.421630121e-04
11.880545	1.488747695e-03
11.885545	7.157823814e-04
11.890545	-2.268081556e-03
11.895545	-9.491427883e-04
11.900546	2.598693779e-03
11.905546	1.995720672e-03
11.910546	-1.551117451e-03
11.915546	-2.220087531e-03
11.920547	1.608025442e-04
11.925547	1.698013774e-04
11.930547	-8.821511417e-04
11.935547	-8.911514828e-04
11.940547	4.580480176e-05
11.945548	-3.271788493e-04
11.950548	8.867647351e-04
11.955548	2.425693418e-03
11.960548	1.880717654e-03
11.965549	-3.851792012e-04
11.970549	-9.481541396e-04
11.975549	1.037968735e-04
11.980549	-6.041714162e-04
11.985550	-3.941817965e-04
11.990550	2.647872365e-04
11.995550	-8.821609243e-04
12.000550	-2.095106059e-03
12.005550	-3.319050689e-03
12.010551	1.880710138e-03
12.015551	3.037656338e-03
12.020551	-2.659083201e-03
12.025551	-5.920316282e-05
12.030552	-1.172012534e-04
12.035552	-2.791945753e-04
12.040552	2.157692937e-03
12.045552	1.440725063e-03
12.050553	-1.933120986e-03
12.055553	2.747770268e-04
12.060553	8.767486761e-04
12.065553	-1.942122820e-03
12.070553	2.158688399e-03
12.075554	8.867459727e-04
12.080554	-2.000122405e-03
12.085554	-3.941967883e-04
12.090554	1.326723555e-03
12.095555	2.492669346e-03
12.100555	-7.771814694e-04
12.105555	-1.551146728e-03
12.110555	-1.072136828e-04
12.115556	2.263676859e-03
12.120556	-4.511994029e-04
12.125556	-3.262071263e-03
12.130556	7.147456435e-04
12.135556	2.808648887e-03
12.140557	-3.852054121e-04
12.145557	-3.090082132e-03
12.150557	9.927299156e-04
12.155557	2.865643293e-03
12.160558	-4.422057784e-04
12.165558	-1.599153474e-03
12.170558	-1.111176593e-03
12.175558	-1.742202990e-04
12.180558	7.237377834e-04
12.185559	-7.191967979e-04
12.190559	-7.281971287e-04
12.195559	-1.072263451e-04
12.200559	-1.378168812e-03
12.205560	7.627322791e-04
12.210560	1.545695636e-03
12.215560	-5.023192942e-05
12.220560	8.767248249e-04
12.225561	2.747516850e-04
12.230561	9.927180225e-04
12.235561	-1.780155576e-03
12.240561	-2.870106340e-03
12.245561	1.106710571e-03
12.250562	3.797431637e-04
12.255562	9.347169759e-04
12.260562	1.607517236e-04
12.265562	4.477378242e-04
12.270563	-7.192094084e-04
12.275563	1.597495490e-04
12.280563	2.157657200e-03
12.285563	3.327401376e-04
12.290564	-2.245241843e-06
12.295564	-9.492025605e-04
12.300564	1.037484199e-04
12.305564	7.817165945e-04
12.310564	-1.159195148e-03
12.315565	-5.002261019e-04
12.320565	1.603676690e-03
12.325565	-3.362350974e-04
12.330565	7.627137751e-04
12.335566	1.431682364e-03
12.340566	-2.650131212e-03
12.345566	-1.330192472e-03
12.350566	1.928657365e-03
12.355567	-9.402118269e-04
12.360567	-2.650134159e-03
12.365567	5.574103328e-05
12.370567	2.922608844e-03
12.375567	-6.712271053e-04
12.380568	-1.551187492e-03
12.385568	9.916951742e-04
12.390568	-1.072551713e-04
12.395568	-6.622304593e-04
12.400569	1.211682882e-03
12.405569	6.097097494e-04
12.410569	-1.885176588e-03
12.415569	3.797188264e-04
12.420569	2.100639184e-03
12.425570	-6.612349110e-04
12.430570	-1.713187410e-03
12.435570	6.087053919e-04
12.440570	1.871646749e-03
12.445571	-1.742601733e-04
12.450571	-6.622385310e-04
12.455571	-6.612393094e-04
12.460571	-8.342321096e-04
12.465572	1.374665874e-03
12.470572	-1.642642936e-04
12.475572	-5.127020639e-05
12.480572	8.286887136e-04
12.485572	-1.053225727e-03
12.490573	-8.912338859e-04
12.495573	2.922590509e-03
12.500573	6.576936301e-04
12.505573	-1.876190915e-03
12.510574	9.916768552e-04
12.515574	-1.005232311e-03
12.520574	-6.042514272e-04
12.525574	1.326659306e-03
12.530575	-5.927787488e-05
12.535575	-9.392382556e-04
12.540575	-1.599208723e-03
12.545575	-9.962371000e-04
12.550575	1.651640759e-03
12.555576	1.105665065e-03
12.560576	-4.422646864e-04
12.565576	4.571221055e-05
12.570576	1.154660635e-03
12.575577	1.607054824e-04
12.580577	-7.192548965e-04
12.585577	-1.713210048e-03
12.590577	-1.159236176e-03
12.595578	1.880623711e-03
12.600578	4.570712048e-05
12.605578	-1.608217769e-03
12.610578	-2.792794305e-04
12.615578	2.043613333e-03
12.620579	1.718627509e-03
12.625579	-1.608220672e-03
12.630579	7.716694782e-04
12.635579	-1.656219922e-03
12.640580	-3.434139124e-03
12.645580	1.106651944e-03
12.650580	7.716665792e-04
12.655580	1.596939155e-04
12.660580	9.436572447e-04
12.665581	6.576696342e-04
12.670581	-8.902601128e-04
12.675581	-3.272866501e-04
12.680581	-2.802895282e-04
12.685582	-4.512824107e-04
12.690582	1.824612511e-03
12.695582	5.516701559e-04
12.700582	4.366747064e-04
12.705583	5.469149913e-05
12.710583	-1.771225500e-03
12.715583	-4.412872026e-04
12.720583	1.766610838e-03
12.725583	3.226763248e-04
12.730584	-1.073046806e-04
12.735584	8.866490231e-04
12.740584	-6.722802165e-04
12.745584	-1.653041832e-04
12.750585	-8.812720745e-04
12.755585	-1.388249548e-03
12.760585	-3.942958435e-04
12.765585	1.126801907e-04
12.770586	6.576544828e-04
12.775586	1.153631022e-03
12.780586	2.266728062e-04
12.785586	-2.793047122e-04
12.790586	-2.318131330e-06
12.795587	-6.042912476e-04
12.800587	1.606729586e-04
12.805587	-8.912795246e-04
12.810587	-6.142929429e-04
12.815588	-3.363064068e-04
12.820588	4.466569750e-04
12.825588	3.209529573e-03
12.830588	1.651600291e-03
12.835589	-1.173193159e-04
12.840589	-6.042977031e-04
12.845589	-5.932340787e-05
12.850589	4.376530884e-04
12.855589	-1.073226388e-04
12.860590	-1.886241786e-03
12.865590	1.153618113e-03
12.870590	1.604596719e-03
12.875590	6.666390118e-04
12.880591	-2.803182825e-04
12.885591	1.596608288e-04
12.890591	-1.163272308e-04
12.895591	-2.650211760e-03
12.900591	-6.053062379e-04
12.905592	1.374602264e-03
12.910592	5.426396986e-04
12.915592	9.916183985e-04
12.920592	4.476426282e-04
12.925593	-1.876251528e-03
12.930593	-2.803254181e-04
12.935593	1.155608028e-03
12.940593	-5.573141421e-04
12.945594	-8.343021534e-04
12.950594	1.107608093e-03
12.955594	-1.331280789e-03
12.960594	-1.331281500e-03
12.965594	3.896388798e-04
12.970595	1.488587779e-03
12.975595	3.151510819e-03
12.980595	-5.563198776e-04
12.985595	-1.779264513e-03
12.990596	1.488584938e-03
12.995596	7.236193036e-04
13.000596	5.464926797e-05
13.005596	-1.743409417e-04
13.010597	-2.096253526e-03
13.015597	-2.430238921e-03
13.020597	-1.110300152e-03
13.025597	7.716128483e-04
13.030597	2.263543731e-03
13.035598	-2.223429927e-04
13.040598	-1.991262591e-03
13.045598	2.148546880e-03
13.050598	1.026399828e-04
13.055599	3.326287299e-04
13.060599	-4.423364430e-04
13.065599	-2.220255628e-03
13.070599	5.526165223e-04
13.075600	9.445978425e-04
13.080600	9.915949814e-04
13.085600	-1.494291740e-03
13.090600	9.915935697e-04
13.095600	-7.193286856e-04
13.100601	-7.763267775e-04
13.105601	7.626019535e-04
13.110601	-7.193308009e-04
13.115601	1.163582158e-03
13.120602	6.096068546e-04
13.125602	7.146013361e-04
13.130602	-4.513459063e-04
13.135602	-4.993444092e-04
13.140603	-1.083630404e-04
13.145603	-1.054320369e-03
13.150603	1.431564943e-03
13.155603	1.269571668e-03
13.160603	-3.873193225e-03
13.165604	-2.048277605e-03
13.170604	3.371473183e-03
13.175604	1.986535984e-03
13.180604	8.295883308e-04
13.185605	-1.599301000e-03
13.190605	-6.143468641e-04
13.195605	1.326563439e-03
13.200605	-1.656300490e-03
13.205605	1.373559882e-03
13.210606	-4.993549405e-04
13.215606	-1.933289891e-03
13.220606	5.515954702e-04
13.225606	6.005925236e-04
13.230607	1.606119981e-04
13.235607	-6.053535799e-04
13.240607	2.176079859e-04
13.245607	2.186072410e-04
13.250608	7.145838003e-04
13.255608	3.795984616e-04
13.260608	-3.363694078e-04
13.265608	-9.973397988e-04
13.270608	-2.713737843e-04
13.275609	1.986521988e-03
13.280609	6.585821795e-04
13.285609	-2.545271613e-03
13.290609	1.210555476e-03
13.295610	1.546539373e-03
13.300610	-1.607316711e-03
13.305610	9.435656277e-04
13.310610	1.984517201e-03
13.315611	-1.445326228e-03
13.320611	-6.043654837e-04
13.325611	-1.653863076e-04
13.330611	-2.879262565e-03
13.335611	5.460221480e-05
13.340612	1.823520410e-03
13.345612	1.605959650e-04
13.350612	-4.993744681e-04
13.355612	-1.653904764e-04
13.360613	-1.653911704e-04
13.365613	-9.963537625e-04
13.370613	1.035951083e-04
13.375613	2.091503264e-03
13.380614	1.595911542e-04
13.385614	-2.211300827e-03
13.390614	-9.393598418e-04
13.395614	9.355534960e-04
13.400614	-5.940157501e-05
13.405615	1.717516257e-03
13.410615	-5.040337158e-05
13.415615	-3.042266878e-03
13.420615	-1.330346066e-03
13.425616	2.091496342e-03
13.430616	9.335487463e-04
13.435616	-4.423888541e-04
13.440616	1.766509172e-03
13.445616	1.049541356e-03
13.450617	2.175788136e-04
13.455617	-1.494343380e-03
13.460617	-5.573870318e-04
13.465617	-1.053364979e-03
13.470618	2.378476972e-03
13.475618	2.425474128e-03
13.480618	-2.430303910e-03
13.485618	-1.876330000e-03
13.490619	5.415584452e-04
13.495619	4.945599121e-04
13.500619	-7.673829124e-04
13.505619	-2.794059752e-04
13.510619	5.457802332e-05
13.515620	-8.343819028e-04
13.520620	-2.304102835e-04
13.525620	2.378469406e-03
13.530620	-1.599348887e-03
13.535621	-3.374074372e-04
13.540621	2.980439745e-03
13.545621	3.895578574e-04
13.550621	-9.493814344e-04
13.555622	-4.994027526e-04
13.560622	-6.043986235e-04
13.565622	-1.666350615e-03
13.570622	-1.713349145e-03
13.575622	2.598452463e-03
13.580623	7.715355474e-04
13.585623	-2.224195613e-04
13.590623	1.431503918e-03
13.595623	-2.325324505e-03
13.600624	2.745555999e-04
13.605624	2.175575301e-04
13.610624	-1.713354616e-03
13.615624	1.651490415e-03
13.620625	2.091469558e-03
13.625625	-2.435113511e-06
13.630625	-1.934347212e-03
13.635625	-3.854189168e-04
13.640625	-3.844196444e-04
13.645626	-8.343996931e-04
13.650626	-5.943590850e-05
13.655626	-2.224291159e-04
13.660626	-6.043722448e-05
13.665627	-7.764050761e-04
13.670627	1.603485119e-03
13.675627	6.095300146e-04
13.680627	-2.794299042e-04
13.685627	1.154503666e-03
13.690628	-7.194110891e-04
13.695628	4.375351826e-04
13.700628	1.097504242e-03
13.705628	-1.934357418e-03
13.710629	-1.054398445e-03
13.715629	1.709474146e-03
13.720629	1.995460355e-03
13.725629	-1.551377692e-03
13.730630	-1.111398543e-03
13.735630	2.745372303e-04
13.740630	-1.744428601e-04
13.745630	4.375284024e-04
13.750630	5.554524047e-05
13.755631	-9.394098148e-04
13.760631	-6.045079378e-05
13.765631	4.375256965e-04
13.770631	-1.264396942e-03
13.775632	1.115392922e-04
13.780632	1.488475481e-03
13.785632	6.665124945e-04
13.790632	-2.457506478e-06
13.795633	-5.564327801e-04
13.800633	-7.284255683e-04
13.805633	6.575102085e-04
13.810633	1.278481061e-03
13.815633	-3.364455640e-04
13.820634	1.211482786e-03
13.825634	-1.551391203e-03
13.830634	-1.714384402e-03
13.835634	9.914908532e-04
13.840635	7.635006343e-04
13.845635	-9.394219548e-04
13.850635	-1.102415153e-03
13.855635	7.145008641e-04
13.860636	9.924874458e-04
13.865636	5.035091951e-04
13.870636	-7.774327418e-04
13.875636	7.054985907e-04
13.880636	-1.164643912e-04
13.885637	-2.038376937e-03
13.890637	8.284909388e-04
13.895637	1.986437174e-03
13.900637	-8.334341979e-04
13.905638	-6.154448632e-04
13.910638	2.255159069e-04
13.915638	-8.814340059e-04
13.920638	-1.168421516e-03
13.925638	7.144914785e-04
13.930639	1.432457889e-03
13.935639	1.106472168e-03
13.940639	1.048474159e-03
13.945639	-3.364630060e-04
13.950640	-1.074741736e-04
13.955640	-2.106383186e-03
13.960640	-6.714496488e-04
13.965640	1.106468162e-03
13.970641	-1.045433835e-03
13.975641	2.745049759e-04
13.980641	-1.164777630e-04
13.985641	5.514909426e-04
13.990641	5.514902766e-04
13.995642	-2.304745340e-04
14.000642	-1.225429578e-03
14.005642	-2.153387694e-03
14.010642	1.277454327e-03
14.015643	3.753340137e-03
14.020643	-2.304778595e-04
14.025643	-2.210387740e-03
14.030643	-1.819406332e-03
14.035644	-1.174850331e-04
14.040644	1.025042161e-04
14.045644	1.605008932e-04
14.050644	9.344647417e-04
14.055644	2.272402731e-03
14.060645	1.603432742e-03
14.065645	-1.828410562e-03
14.070645	6.094769923e-04
14.075645	-1.654881357e-04
14.080646	2.744910282e-04
14.085646	6.004754192e-04
14.090646	-2.048403784e-03
14.095646	-1.111447407e-03
14.100647	1.024962691e-04
14.105647	6.094723621e-04
14.110647	6.574695007e-04
14.115647	9.914535264e-04
14.120647	-1.493433195e-03
14.125648	-1.551431196e-03
14.130648	-5.050067696e-05
14.135648	5.524710158e-04
14.140648	2.368387092e-03
14.145649	-2.504855305e-06
14.150649	-1.159452465e-03
14.155649	-8.344680249e-04
14.160649	2.174830821e-04
14.165650	-2.507488795e-06
14.170650	1.431426104e-03
14.175650	2.215389499e-03
14.180650	-1.331448526e-03
14.185650	2.654775934e-04
14.190651	5.548656516e-05
14.195651	-1.876425508e-03
14.200651	7.234546239e-04
14.205651	-2.268408848e-03
14.210652	-1.111462553e-03
14.215652	4.137296122e-03
14.220652	1.603411652e-03
14.225652	-8.244776782e-04
14.230652	-5.951340888e-05
14.235653	-9.974710559e-04
14.240653	-2.268413434e-03
14.245653	7.624469382e-04
14.250653	1.431415610e-03
14.255654	-2.755393068e-03
14.260654	-1.388456399e-03
14.265654	2.750353172e-03
14.270654	1.775397223e-03
14.275655	-1.436456158e-03
14.280655	-3.826347228e-03
14.285655	1.694689009e-04
14.290655	2.826346424e-03
14.295655	-5.952190368e-05
14.300656	-9.484817944e-04
14.305656	9.334312633e-04
14.310656	-4.995036843e-04
14.315656	-2.209425931e-03
14.320657	1.823388503e-03
14.325657	2.148372951e-03
14.330657	-2.795163746e-04
14.335657	6.084422599e-04
14.340658	1.604621510e-04
14.345658	2.754562284e-04
14.350658	6.084403106e-04
14.355658	7.134348470e-04
14.360658	-4.995101854e-04
14.365659	-3.099391623e-03
14.370659	6.574354681e-04
14.375659	1.928376544e-03
14.380659	-9.394926051e-04
14.385660	-5.475112264e-04
14.390660	-1.331475927e-03
14.395660	-2.795248095e-04
14.400660	1.384398248e-03
14.405661	-1.175335315e-04
14.410661	-1.217483743e-03
14.415661	1.694520161e-04
14.420661	-3.365254298e-04
14.425661	-4.515208031e-04
14.430662	1.154404915e-03
14.435662	5.445470514e-05
14.440662	-4.435231067e-04
14.445662	-5.954135841e-05
14.450663	-3.845271019e-04
14.455663	-7.195123866e-04
14.460663	8.204163591e-04
14.465663	-2.795338495e-04
14.470663	-3.285322468e-04
14.475664	7.144192873e-04
14.480664	4.374313444e-04
14.485664	9.434075008e-04
14.490664	5.524247853e-04
14.495665	-1.608476775e-03
14.500665	-1.609477371e-03
14.505665	1.823364582e-03
14.510665	-1.645449098e-04
14.515666	3.804294598e-04
14.520666	4.544417810e-05
14.525666	-5.575288155e-04
14.530666	1.718366188e-03
14.535666	-1.044507768e-03
14.540667	-1.886469803e-03
14.545667	-1.608483190e-03
14.550667	6.094144734e-04
14.555667	1.431376144e-03
14.560668	4.374210799e-04
14.565668	1.048392426e-03
14.570668	-7.195271500e-04
14.575668	-2.795479633e-04
14.580669	-1.608487667e-03
14.585669	7.234047712e-04
14.590669	2.042343656e-03
14.595669	-3.156418605e-03
14.600669	-6.615336403e-04
14.605670	2.100339083e-03
14.610670	9.343919071e-04
14.615670	1.154381183e-03
14.620670	-3.375510452e-04
14.625671	-4.696351820e-03
14.630671	-1.321507202e-03
14.635671	3.859254611e-03
14.640671	1.756350398e-03
14.645672	-1.608495951e-03
14.650672	-3.367415935e-03
14.655672	1.001383109e-03
14.660672	3.812253588e-03
14.665672	1.211372210e-03
14.670673	1.096376848e-03
14.675673	-8.345352489e-04
14.680673	-2.373465319e-03
14.685673	6.573950740e-04
14.690674	1.594172739e-04
14.695674	-2.928441773e-03
14.700674	-1.645691373e-04
14.705674	4.032237795e-03
14.710674	4.943993815e-04
14.715675	-1.656502627e-03
14.720675	-1.388515547e-03
14.725675	2.744075717e-04
14.730675	8.283815387e-04
14.735676	-6.715503171e-04
14.740676	2.043324567e-03
14.745676	-2.582253595e-06
14.750676	-8.335447827e-04
14.755677	3.649249039e-03
14.760677	1.268357578e-03
14.765677	-2.105488352e-03
14.770677	-4.093397831e-03
14.775677	-2.927451923e-03
14.780678	1.488344972e-03
14.785678	1.985321555e-03
14.790678	-2.587923064e-06
14.795678	-7.195556770e-04
14.800679	1.488342457e-03
14.805679	-4.995670209e-04
14.810679	-9.395474748e-04
14.815679	3.793914206e-04
14.820680	3.323929480e-04
14.825680	-7.765568311e-04
14.830680	6.573767921e-04
14.835680	1.880320090e-03
14.840680	-1.217538492e-03
14.845681	-1.216539164e-03
14.850681	3.755232241e-03
14.855681	1.211348259e-03
14.860681	-4.037411697e-03
14.865682	-1.216541667e-03
14.870682	2.320295534e-03
14.875682	-6.715679059e-04
14.880682	1.383337247e-03
14.885683	2.712275687e-03
14.890683	-3.271450568e-03
14.895683	-2.601077438e-06
14.900683	2.434286561e-03
14.905683	-5.575768777e-04
14.910684	-2.439491210e-03
14.915684	-2.795908706e-04
14.920684	2.833826927e-04
14.925684	-7.765693283e-04
14.930685	-1.502536663e-03
14.935685	8.193562497e-04
14.940685	1.106342469e-03
14.945685	-1.655998311e-04
14.950685	5.438946039e-05
14.955686	-1.435542844e-03
14.960686	-1.216553506e-03
14.965686	3.793726961e-04
14.970686	1.259331727e-03
14.975687	4.463683835e-04
14.980687	6.663576763e-04
14.985687	1.048339542e-03
14.990687	-1.166076620e-04
14.995688	-1.999521945e-03
15.000688	-6.061146791e-05
15.005688	1.822301577e-03
15.010688	-2.706030767e-04
15.015688	-1.166107560e-04
15.020689	-7.765811127e-04
15.025689	-1.379554083e-03
15.030689	1.023773492e-04
15.035689	-7.185856249e-04
15.040690	-5.961645750e-05
15.045690	3.313649981e-04
15.050690	-8.245826154e-04
15.055690	9.343361171e-04
15.060691	3.793609480e-04
15.065691	-7.765866647e-04
15.070691	1.163323770e-03
15.075691	1.023718015e-04
15.080691	-6.715933254e-04
15.085692	-9.965790390e-04
15.090692	8.863340097e-04
15.095692	1.440307994e-03
15.100692	-6.145983974e-04
15.105693	-1.746191857e-04
15.110693	-7.195948109e-04
15.115693	-4.426081250e-04
15.120693	2.753583410e-04
15.125694	-1.076247113e-04
15.130694	-9.965845631e-04
15.135694	9.343262870e-04
15.140694	2.090272671e-03
15.145694	5.436541100e-05
15.150695	-1.493564224e-03
15.155695	-3.946152256e-04
15.160695	8.283280878e-04
15.165695	9.913200030e-04
15.170696	-9.965894570e-04
15.175696	-8.815953405e-04
15.180696	1.049315512e-03
15.185696	1.211307474e-03
15.190697	-6.146094131e-04
15.195697	-1.990546933e-03
15.200697	-1.101588303e-03
15.205697	8.193230088e-04
15.210697	2.424248810e-03
15.215698	-2.870509020e-03
15.220698	-3.276262269e-04
15.225698	1.546287241e-03
15.230698	-1.942553395e-03
15.235699	2.205255810e-03
15.240699	2.206255156e-03
15.245699	-1.331583232e-03
15.250699	-3.286298270e-04
15.255699	8.293164713e-04
15.260700	-3.366306736e-04
15.265700	1.023485917e-04
15.270700	1.708274350e-03
15.275700	-2.647805903e-06
15.280701	-1.379585275e-03
15.285701	1.660274734e-03
15.290701	-8.916088609e-04
15.295701	-1.551579204e-03
15.300702	1.440283006e-03
15.305702	-7.766159476e-04
15.310702	3.233330126e-04
15.315702	-1.076478297e-04
15.320702	-8.256155127e-04
15.325703	1.756265498e-03
15.330703	1.033406855e-04
15.335703	-2.153556433e-03
15.340703	-2.105559236e-03
15.345704	8.293055899e-04
15.350704	3.371188436e-03
15.355704	3.223276319e-04
15.360704	-1.379594932e-03
15.365705	-1.159605621e-03
15.370705	4.373205546e-04
15.375705	-4.416397438e-04
15.380705	1.374276391e-03
15.385705	1.096288537e-03
15.390706	-3.147517474e-03
15.395706	6.083097116e-04
15.400706	1.488268763e-03
15.405706	-1.875577595e-03
15.410707	-5.566386712e-04
15.415707	2.205234091e-03
15.420707	-1.159612221e-03
15.425707	2.173240440e-04
15.430708	2.425222208e-03
15.435708	6.573026733e-04
15.440708	-1.933579126e-03
15.445708	-1.876582337e-03
15.450708	2.253227703e-03
15.455709	2.320224034e-03
15.460709	-2.670052200e-06
15.465709	4.373091769e-04
15.470709	-2.696590031e-04
15.475710	-1.494603432e-03
15.480710	-6.066977796e-05
15.485710	-1.053624844e-03
15.490710	-1.216617966e-03
15.495710	-1.746663373e-04
15.500711	2.173150944e-04
15.505711	1.049276352e-03
15.510711	1.154270943e-03
15.515711	-1.494608193e-03
15.520712	-1.331616260e-03
15.525712	1.928233673e-03
15.530712	1.546250595e-03
15.535712	-6.046513742e-04
15.540713	-4.996567815e-04
15.545713	-7.196472871e-04
15.550713	-9.406377466e-04
15.555713	9.332757373e-04
15.560713	-1.378618848e-03
15.565714	-5.867996279e-05
15.570714	3.419159978e-03
15.575714	-2.236735802e-04
15.580714	-1.607610714e-03
15.585715	8.292769574e-04
15.590715	-1.437619690e-03
15.595715	-1.168632614e-03
15.600715	7.142804593e-04
15.605716	2.989175560e-03
15.610716	-2.226777581e-04
15.615716	-1.388624886e-03
15.620716	-1.215633407e-03
15.625716	1.430244684e-03
15.630717	4.308112137e-03
15.635717	-1.492622472e-03
15.640717	-3.319539291e-03
15.645717	-2.765565280e-03
15.650718	-4.426723786e-04
15.655718	2.655184989e-03
15.660718	2.922172160e-03
15.665718	-1.332633333e-03
15.670719	-3.042555515e-03
15.675719	-4.996726994e-04
15.680719	1.880217590e-03
15.685719	-6.136686445e-04
15.690719	-2.316867450e-04
15.695720	1.880215833e-03
15.700720	1.106250736e-03
15.705720	3.892830264e-04
15.710720	7.142675403e-04
15.715721	3.792823159e-04
15.720721	-9.396577915e-04
15.725721	-1.168647876e-03
15.730721	-6.626716596e-04
15.735721	4.942747079e-04
15.740722	-3.366877735e-04
15.745722	8.862555684e-04
15.750722	-8.346661055e-04
15.755722	-1.828621113e-03
15.760723	1.489226173e-03
15.765723	-1.077011854e-04
15.770723	-7.686714599e-04
15.775723	-1.746992765e-04
15.780724	2.750166029e-03
15.785724	-7.196754501e-04
15.790724	-3.366554664e-03
15.795724	2.597171303e-03
15.800724	-1.747021800e-04
15.805725	-1.168657185e-03
15.810725	3.892708006e-04
15.815725	-2.210610568e-03
15.820725	-1.159659336e-03
15.825726	1.765205973e-03
15.830726	7.142535828e-04
15.835726	1.049237644e-03
15.840726	-1.168661237e-03
15.845727	-1.331654342e-03
15.850727	1.325223256e-03
15.855727	-1.657089587e-04
15.860727	2.172729033e-04
15.865727	2.172723264e-04
15.870728	-4.996953756e-04
15.875728	4.942584725e-04
15.880728	-2.227092289e-04
15.885728	9.442366875e-04
15.890729	3.152134874e-03
15.895729	-1.169667536e-03
15.900729	-2.545605021e-03
15.905729	-2.722193546e-06
15.910730	-8.916820072e-04
15.915730	1.049228422e-03
15.920730	1.709197587e-03
15.925730	-8.346863435e-04
15.930730	2.376165857e-03
15.935731	-5.072343756e-05
15.940731	-1.770645148e-03
15.945731	4.372530411e-04
15.950731	-1.713648907e-03
15.955732	3.802545093e-04
15.960732	-4.997057145e-04
15.965732	-7.196961994e-04
15.970732	1.708191904e-03
15.975732	-5.577047705e-04
15.980733	7.722336770e-04
15.985733	1.154215591e-03
15.990733	-3.947139573e-04
15.995733	-1.493664138e-03
16.000734	-2.227229844e-04
16.005734	1.326205423e-03
16.010734	-6.627039500e-04
16.015734	1.106214371e-03
16.020735	-1.273677074e-03
16.025735	-1.446669711e-03
16.030735	1.879177221e-03
16.035735	-1.713658606e-03
16.040735	-2.601618459e-03
16.045736	4.462412203e-04
16.050736	1.048213050e-03
16.055736	-2.317288284e-04
16.060736	1.756179453e-03
16.065737	1.546188515e-03
16.070737	-1.379677893e-03
16.075737	-1.933653058e-03
16.080737	1.661181543e-03
16.085738	8.762169692e-04
16.090738	-1.388679745e-03
16.095738	2.157157103e-03
16.100738	1.431189826e-03
16.105738	3.322396502e-04
16.110739	-8.347074070e-04
16.115739	-1.886659737e-03
16.120739	2.262428168e-04
16.125739	8.772124040e-04
16.130740	-1.273689535e-03
16.135740	7.242182918e-04
16.140740	-1.747410518e-04
16.145740	-1.747416149e-04
16.150741	-1.494681655e-03
16.155741	2.262388737e-04
16.160741	4.309051104e-03
16.165741	-7.867158040e-04
16.170741	-1.713673862e-03
16.175742	1.326186191e-03
16.180742	-7.777179012e-04
16.185742	-3.847364815e-04
16.190742	1.269187121e-03
16.195743	-1.657476441e-04
16.200743	-2.267651827e-03
16.205743	-4.517356512e-04
16.210743	1.707164798e-03
16.215744	-1.045709535e-03
16.220744	1.212186375e-03
16.225744	-2.887453624e-04
16.230744	3.892229922e-04
16.235744	6.662097331e-04
16.240745	-1.446693943e-03
16.245745	-8.347225616e-04
16.250745	6.662080590e-04
16.255745	1.107187281e-03
16.260746	6.092095577e-04
16.265746	-5.007401052e-04
16.270746	-1.494695087e-03
16.275746	9.921903267e-04
16.280746	-1.167593813e-04
16.285747	-7.777296301e-04
16.290747	1.211178617e-03
16.295747	1.431167975e-03
16.300747	3.892151958e-04
16.305748	-1.216711723e-03
16.310748	-1.446701732e-03
16.315748	-9.397255330e-04
16.320748	2.182208178e-04
16.325749	-5.567442020e-04
16.330749	-7.207372363e-04
16.335749	-1.216715048e-03
16.340749	2.320122226e-03
16.345749	3.419071283e-03
16.350750	-8.337342675e-04
16.355750	-6.147448613e-04
16.360750	-1.599700251e-03
16.365750	-2.774025965e-06
16.370751	1.814142112e-03
16.375751	8.861841098e-04
16.380751	-6.047480783e-04
16.385751	-8.917354702e-04
16.390752	-1.274718460e-03
16.395752	9.441792471e-04
16.400752	1.766141008e-03
16.405752	4.362014391e-04
16.410752	4.362008894e-04
16.415753	-1.771698422e-03
16.420753	3.892019458e-04
16.425753	5.521671091e-05
16.430753	-2.163682095e-03
16.435754	-6.077906752e-05
16.440754	2.655095854e-03
16.445754	1.766136067e-03
16.450754	-1.827699693e-03
16.455755	-1.885697581e-03
16.460755	1.650139744e-03
16.465755	-4.427648378e-04
16.470755	-9.967399832e-04
16.475755	-3.277712036e-04
16.480756	-2.602667440e-03
16.485756	7.141799281e-04
16.490756	1.383148708e-03
16.495756	-8.347501404e-04
16.500757	-9.967432577e-04
16.505757	2.378101452e-03
16.510757	-7.767544343e-04
16.515757	-6.717597930e-04
16.520757	2.320102478e-03
16.525758	-1.159738506e-03
16.530758	-1.667845790e-04
16.535758	6.571770968e-04
16.540758	1.611992956e-04
16.545759	-9.397507658e-04
16.550759	-3.387788646e-04
16.555759	2.043111377e-03
16.560759	1.929116062e-03
16.565760	-2.823666552e-03
16.570760	-1.656720601e-03
16.575760	4.941802329e-04
16.580760	2.171923925e-04
16.585760	1.049153704e-03
16.590761	4.941786106e-04
16.595761	1.049152623e-03
16.600761	5.511749168e-04
16.605761	-1.747923355e-04
16.610762	-1.053752572e-03
16.615762	-1.102750865e-03
16.620762	-9.977562183e-04
16.625762	-9.967568029e-04
16.630763	1.049148848e-03
16.635763	1.823112822e-03
16.640763	-1.111753145e-03
16.645763	-1.177992579e-04
16.650763	2.741822312e-04
16.655764	1.374131258e-03
16.660764	-2.797934418e-04
16.665764	-8.827663306e-04
16.670764	-3.847897006e-04
16.675765	-1.168754290e-03
16.680765	9.911461370e-04
16.685765	7.811552299e-04
16.690765	5.521651942e-04
16.695766	-1.666733599e-03
16.700766	-1.494742020e-03
16.705766	7.141561617e-04
16.710766	3.142044302e-03
16.715766	4.951651345e-04
16.720767	-2.822683267e-03
16.725767	-1.656737263e-03
16.730767	3.891683937e-04
16.735767	-6.081150664e-05
16.740768	-8.347765512e-04
16.745768	1.929096185e-03
16.750768	-5.981315029e-05
16.755768	-3.857987351e-04
16.760768	1.766102063e-03
16.765769	7.141497659e-04
16.770769	-3.204671077e-03
16.775769	-2.228083345e-04
16.780769	3.419024147e-03
16.785770	-1.436753733e-03
16.790770	-2.708077253e-04
16.795770	2.206078173e-03
16.800770	-9.977754518e-04
16.805771	-4.094633982e-03
16.810771	1.594104645e-03
16.815771	2.482063401e-03
16.820771	-7.197903148e-04
16.825771	-1.655747927e-03
16.830772	-1.493755883e-03
16.835772	1.430109522e-03
16.840772	6.081466833e-04
16.845772	2.171640834e-04
16.850773	1.031687832e-04
16.855773	8.291349688e-04
16.860773	1.049124355e-03
16.865773	-1.331767001e-03
16.870774	-1.446762255e-03
16.875774	2.320064500e-03
16.880774	6.661398115e-04
16.885774	-1.770748976e-03
16.890774	-1.168777103e-03
16.895775	-8.917903288e-04
16.900775	1.383104837e-03
16.905775	5.416524767e-05
16.910775	-1.551761640e-03
16.915776	1.986075616e-03
16.920776	1.212110581e-03
16.925776	-4.998114460e-04
16.930776	2.434053505e-03
16.935777	-1.656759443e-03
16.940777	-1.942746852e-03
16.945777	1.708085225e-03
16.950777	9.911175781e-04
16.955777	1.163109170e-03
16.960778	-1.656762053e-03
16.965778	8.761212863e-04
16.970778	2.377051944e-03
16.975778	-2.267735601e-03
16.980779	-2.879708061e-03
16.985779	-4.428203193e-04
16.990779	1.488090623e-03
16.995779	-1.550770557e-03
17.000779	-1.159789004e-03
17.005780	1.985066277e-03
17.010780	1.814073599e-03
17.015780	3.891384171e-04
17.020780	-1.054795893e-03
17.025781	-9.498012256e-04
17.030781	-3.858276032e-04
17.035781	3.891363450e-04
17.040781	-2.798334983e-04
17.045782	1.317092761e-03
17.050782	1.384089172e-03
17.055782	-1.054799515e-03
17.060782	4.361316058e-04
17.065782	2.271406725e-04
17.070783	-3.848317828e-04
17.075783	-6.158217069e-04
17.080783	1.373086581e-03
17.085783	-7.768153553e-04
17.090784	-2.870719859e-03
17.095784	-6.048242709e-04
17.100784	4.371274386e-04
17.105784	2.540030501e-03
17.110785	-1.178481421e-04
17.115785	-2.898407693e-04
17.120785	-7.768189533e-04
17.125785	-5.468300119e-04
17.130785	-1.648480395e-04
17.135786	9.331011042e-04
17.140786	1.766062399e-03
17.145786	-3.147712804e-03
17.150786	9.330995684e-04
17.155787	1.928053436e-03
17.160787	-2.602739327e-03
17.165787	-9.398160869e-04
17.170787	4.461198536e-04
17.175788	1.986048733e-03
17.180788	-1.722781717e-03
17.185788	-2.383751920e-03
17.190788	1.048090212e-03
17.195788	-5.985949517e-05
17.200789	1.106086534e-03
17.205789	1.691289872e-04
17.210789	-9.398206731e-04
17.215789	2.865004357e-03
17.220790	4.371151745e-04
17.225790	-1.436799409e-03
17.230790	-3.378503066e-04
17.235790	-4.998433860e-04
17.240790	1.441067111e-03
17.245791	-2.228571003e-04
17.250791	1.601248325e-04
17.255791	2.741190994e-04
17.260791	-5.578432589e-04
17.265792	-1.658617379e-04
17.270792	-8.348315693e-04
17.275792	1.601223043e-04
17.280792	-1.608797091e-03
17.285793	-8.918304705e-04
17.290793	3.323975719e-03
17.295793	1.431062010e-03
17.300793	-5.568473426e-04
17.305793	-4.998504597e-04
17.310794	3.791087344e-04
17.315794	-2.874253720e-06
17.320794	-9.978291352e-04
17.325794	-5.087305818e-05
17.330795	8.300860453e-04
17.335795	-7.198433884e-04
17.340795	8.760829324e-04
17.345795	1.601152599e-04
17.350796	-2.593758969e-03
17.355796	8.280836296e-04
17.360796	1.546050208e-03
17.365796	1.871034806e-03
17.370796	-1.111828922e-03
17.375797	1.121144575e-04
17.380797	1.985028080e-03
17.385797	-2.880749311e-03
17.390797	1.121129594e-04
17.395798	1.384054139e-03
17.400798	-9.488393906e-04
17.405798	-1.112832369e-03
17.410798	-1.045835939e-03
17.415799	7.720802065e-04
17.420799	-6.718540829e-04
17.425799	1.268056470e-03
17.430799	4.940914612e-04
17.435799	-3.042746862e-03
17.440800	-1.378823654e-03
17.445800	3.648945313e-03
17.450800	2.587993465e-03
17.455800	-2.937753661e-03
17.460801	-1.551817705e-03
17.465801	2.816981479e-03
17.470801	-1.101839328e-03
17.475801	-1.876804288e-03
17.480802	2.701985268e-03
17.485802	7.050763371e-04
17.490802	-1.102841259e-03
17.495802	-2.128825595e-04
17.500802	7.630721970e-04
17.505803	4.510462467e-05
17.510803	-8.828533188e-04
17.515803	-1.045846338e-03
17.520803	1.154052299e-03
17.525804	4.510265512e-05
17.530804	-2.895635783e-06
17.535804	-1.648886995e-04
17.540804	-5.089441762e-05
17.545804	-2.897109383e-06
17.550805	-9.498541796e-04
17.555805	1.823018186e-03
17.560805	-5.089637978e-05
17.565805	-1.771817961e-03
17.570806	3.220855385e-04
17.575806	-9.968544740e-04
17.580806	-3.848830236e-04
17.585806	1.431033223e-03
17.590807	-2.440789732e-03
17.595807	-8.348638566e-04
17.600807	7.720619736e-04
17.605807	1.384033425e-03
17.610807	5.510711313e-04
17.615808	-2.325797444e-03
17.620808	7.140626835e-04
17.625808	1.593021894e-03
17.630808	7.710590968e-04
17.635809	-7.678708254e-04
17.640809	-2.267802535e-03
17.645809	1.546022105e-03
17.650809	1.937003692e-03
17.655810	-2.105811419e-03
17.660810	-4.518877410e-04
17.665810	2.644969775e-03
17.670810	5.520652561e-04
17.675810	-2.488795796e-03
17.680811	-8.918695035e-04
17.685811	2.205987968e-03
17.690811	-1.876825308e-03
17.695811	5.510628844e-04
17.700812	2.922953644e-03
17.705812	-1.053864491e-03
17.710812	-1.322852639e-03
17.715812	-7.208807231e-04
17.720813	2.921951762e-03
17.725813	-2.799019062e-04
17.730813	-3.538752960e-03
17.735813	3.890664578e-04
17.740813	2.155984959e-03
17.745814	1.039035694e-03
17.750814	-1.502848234e-03
17.755814	5.520570633e-04
17.760814	1.000036043e-03
17.765815	-3.859008877e-04
17.770815	-8.908782122e-04
17.775815	-2.382810282e-03
17.780815	-2.229097976e-04
17.785815	2.816950339e-03
17.790816	-3.379054809e-04
17.795816	-2.927787206e-03
17.800816	1.268019928e-03
17.805816	6.560475114e-04
17.810817	9.350342423e-04
17.815817	-1.053875038e-03
17.820817	-1.991832506e-03
17.825817	2.654953950e-03
17.830818	1.383011796e-03
17.835818	-1.446858922e-03
17.840818	-6.718949316e-04
17.845818	-2.488812096e-03
17.850818	-1.933838018e-03
17.855819	3.037933539e-03
17.860819	1.268014220e-03
17.865819	-1.551856956e-03
17.870819	-2.799157511e-04
17.875820	1.716992212e-03
17.880820	3.890526284e-04
17.885820	-1.330868982e-03
17.890820	-9.968847683e-04
17.895821	-2.930816041e-06
17.900821	1.039020936e-03
17.905821	-3.379164000e-04
17.910821	-1.436866482e-03
17.915821	2.099970874e-03
17.920822	-6.093051441e-05
17.925822	-1.551862622e-03
17.930822	2.491951488e-03
17.935822	-2.219245439e-04
17.940823	-1.837850919e-03
17.945823	1.268006199e-03
17.950823	1.440997798e-03
17.955823	3.220486353e-04
17.960824	2.261959216e-03
17.965824	5.505993992e-05
17.970824	-2.822808571e-03
17.975824	1.163008201e-03
17.980824	1.439995033e-03
17.985825	-2.268835375e-03
17.990825	6.000326124e-04
17.995825	-3.379248468e-04
18.000825	-1.608867037e-03
18.005826	1.269000538e-03
18.010826	1.822974671e-03
18.015826	-2.650820660e-03
18.020826	-6.619123221e-04
18.025826	2.644935585e-03
18.030827	3.790390170e-04
18.035827	-1.713865483e-03
18.040827	1.487987239e-03
18.045827	1.544984162e-03
18.050828	-2.765818641e-03
18.055828	-2.277841480e-03
18.060828	-1.053898064e-03
18.065828	1.937964288e-03
18.070829	-2.947179364e-06
18.075829	-7.199147672e-04
18.080829	1.382988347e-03
18.085829	1.545980411e-03
18.090829	-3.379336686e-04
18.095830	-9.409064824e-04
18.100830	1.120447757e-04
18.105830	-1.722871550e-03
18.110830	-1.388887325e-03
18.115831	8.290105184e-04
18.120831	-3.379364343e-04
18.125831	1.592974568e-03
18.130831	1.937958290e-03
18.135832	-1.321892697e-03
18.140832	1.048998133e-03
18.145832	-1.749462053e-04
18.150832	-6.149264897e-04
18.155832	7.230117039e-04
18.160833	-5.489304324e-04
18.165833	-4.519353377e-04
18.170833	-2.439844644e-03
18.175833	-3.849393246e-04
18.180834	1.430976954e-03
18.185834	3.310269326e-04
18.190834	1.324980901e-03
18.195834	-4.519380792e-04
18.200835	-1.215903505e-03
18.205835	1.120351495e-04
18.210835	-8.919192720e-04
18.215835	3.310241976e-04
18.220835	2.260285570e-04
18.225836	-2.799486972e-04
18.230836	1.869952270e-03
18.235836	7.140048189e-04
18.240836	-2.047868996e-03
18.245837	5.510113852e-04
18.250837	1.544965357e-03
18.255837	-9.969185444e-04
18.260837	-6.619343571e-04
18.265837	1.211979267e-03
18.270838	-5.569400760e-04
18.275838	-1.494897520e-03
18.280838	5.510082181e-04
18.285838	-6.719361581e-04
18.290839	7.139998419e-04
18.295839	2.539915668e-03
18.300839	6.570015540e-04
18.305839	4.460107782e-04
18.310840	-1.933880548e-03
18.315840	-3.711799475e-03
18.320840	-6.149419236e-04
18.325840	1.659953317e-03
18.330840	1.879942781e-03
18.335841	1.650952832e-03
18.340841	-4.429516052e-04
18.345841	7.139948977e-04
18.350841	-4.999498877e-04
18.355842	-1.933884586e-03
18.360842	1.047978241e-03
18.365842	1.110207557e-04
18.370842	-2.974464073e-06
18.375843	8.199873544e-04
18.380843	-2.975356801e-06
18.385843	3.320088373e-04
18.390843	4.370035773e-04
18.395843	-1.332915713e-03
18.400844	4.950000274e-04
18.405844	2.750096697e-04
18.410844	-1.771896919e-03
18.415844	-1.089736126e-04
18.420845	1.324960194e-03
18.425845	1.096970204e-03
18.430845	-1.502911028e-03
18.435845	-5.569548462e-04
18.440846	-5.097848955e-05
18.445846	-8.349429854e-04
18.450846	-2.799688749e-04
18.455846	-7.679469420e-04
18.460846	3.790000256e-04
18.465847	1.708938603e-03
18.470847	4.369964833e-04
18.475847	-1.217928075e-03
18.480847	7.139829008e-04
18.485848	1.600078615e-04
18.490848	3.428857536e-03
18.495848	5.509890537e-04
18.500848	-3.874808452e-03
18.505849	1.765932466e-03
18.510849	-2.765860178e-03
18.515849	-8.349491547e-04
18.520849	9.919666378e-04
18.525849	-1.216932517e-03
18.530850	1.324950493e-03
18.535850	2.170008577e-04
18.540850	2.597891250e-03
18.545850	-1.713911480e-03
18.550851	-1.665914117e-03
18.555851	-1.054942569e-03
18.560851	-1.933902703e-03
18.565851	3.199861465e-03
18.570851	1.544936911e-03
18.575852	-6.629622864e-04
18.580852	-1.216937321e-03
18.585852	-2.047899654e-03
18.590852	6.559759315e-04
18.595853	1.429940009e-03
18.600853	-1.330933832e-03
18.605853	-1.111944307e-03
18.610853	1.879918074e-03
18.615854	3.763831258e-03
18.620854	-2.996456033e-06
18.625854	-2.325890378e-03
18.630854	1.373939542e-03
18.635854	-2.809850074e-04
18.640855	-3.205851327e-03
18.645855	8.769610338e-04
18.650855	1.153947902e-03
18.655855	-2.999480525e-06
18.660856	-1.079950972e-04
18.665856	-5.479753537e-04
18.670856	-1.179954998e-04
18.675856	-2.229911157e-04
18.680857	5.509729661e-04
18.685857	1.047949749e-03
18.690857	-2.799897910e-04
18.695857	-8.339648189e-04
18.700857	1.430930901e-03
18.705858	3.309809079e-04
18.710858	7.809598470e-04
18.715858	-1.942915684e-03
18.720858	-1.551934039e-03
18.725859	2.816865212e-03
18.730859	-6.000330297e-05
18.735859	-4.999835556e-04
18.740859	-8.349686223e-04
18.745860	-6.149791357e-04
18.750860	1.382928829e-03
18.755860	-1.216952386e-03
18.760860	1.599840528e-04
18.765860	1.210935439e-03
18.770861	-9.399663618e-04
18.775861	5.398763811e-05
18.780861	3.309745131e-04
18.785861	5.519639560e-04
18.790862	-2.219909370e-03
18.795862	-6.100878504e-05
18.800862	6.659574583e-04
18.805862	-1.989921186e-03
18.810862	1.019824722e-04
18.815863	1.869900986e-03
18.820863	1.048938207e-03
18.825863	-4.999911924e-04
18.830863	-8.919736406e-04
18.835864	1.689772906e-04
18.840864	-1.080104299e-04
18.845864	6.569540736e-04
18.850864	-2.230059985e-04
18.855865	2.169734070e-04
18.860865	1.707904624e-03
18.865865	4.359625260e-04
18.870865	1.153929186e-03
18.875865	-1.379955048e-03
18.880866	-3.205871744e-03
18.885866	6.659503042e-04
18.890866	1.048932325e-03
18.895866	2.079704673e-04
18.900867	1.267921448e-03
18.905867	-1.713942243e-03
18.910867	1.599714155e-04
18.915867	-9.969759524e-04
18.920868	-2.268918047e-03
18.925868	-1.080175467e-04
18.930868	8.289390752e-04
18.935868	2.261872956e-03
18.940868	4.939536037e-04
18.945869	1.589685483e-04
18.950869	-2.268920542e-03
18.955869	-2.800121532e-04
18.960869	1.870888808e-03
18.965870	2.739616169e-04
18.970870	1.545902881e-03
18.975870	-8.339884083e-04
18.980870	-9.409839157e-04
18.985871	2.739599628e-04
18.990871	4.379520305e-04
18.995871	-9.399852001e-04
19.000871	-2.720162405e-04
19.005871	1.487902651e-03
19.010872	-6.140013834e-04
19.015872	4.949473569e-04
19.020872	3.789522644e-04
19.025872	-2.822901333e-03
19.030873	1.689610714e-04
19.035873	1.382904999e-03
19.040873	-6.150038022e-04
19.045873	-3.380169126e-04
19.050873	1.162913856e-03
19.055874	4.939441210e-04
19.060874	-2.334926577e-03
19.065874	6.089380305e-04
19.070874	-2.700220753e-04
19.075875	1.029604143e-04
19.080875	3.303813239e-03
19.085875	-6.060078931e-04
19.090875	-3.035948320e-06
19.095876	-2.230262682e-04
19.100876	-3.204889949e-03
19.105876	2.310856733e-03
19.110876	1.439896263e-03
19.115876	-1.265980072e-03
19.120877	1.488893205e-03
19.125877	-4.520182049e-04
19.130877	-2.325932686e-03
19.135877	1.211904690e-03
19.140878	7.709245054e-04
19.145878	-8.260026755e-04
19.150878	5.509337843e-04
19.155878	-1.493972855e-03
19.160879	3.229434311e-04
19.165879	2.482843991e-03
19.170879	1.679497318e-04
19.175879	-9.979972091e-04
19.180879	-5.000204449e-04
19.185880	-1.770962571e-03
19.190880	-1.493975673e-03
19.195880	1.589481342e-04
19.200880	1.095904771e-03
19.205881	1.599472862e-04
19.210881	1.048906124e-03
19.215881	-6.620158257e-04
19.220881	-9.400034794e-04
19.225882	-3.380314812e-04
19.230882	-6.150191802e-04
19.235882	2.596833149e-03
19.240882	-7.770125507e-04
19.245882	-1.331987502e-03
19.250883	-7.200159613e-04
19.255883	3.319354058e-04
19.260883	1.210894705e-03
19.265883	-1.551979007e-03
19.270884	5.509241717e-04
19.275884	-5.000280364e-04
19.280884	4.939259914e-04
19.285884	3.889304092e-04
19.290884	-1.989960909e-03
19.295885	8.189099013e-04
19.300885	5.394458127e-05
19.305885	5.394418589e-05
19.310885	-7.300202624e-04
19.315886	-2.800412900e-04
19.320886	1.994854006e-03
19.325886	9.339022587e-04
19.330886	9.339018647e-04
19.335887	-1.378992477e-03
19.340887	-7.200230857e-04
19.345887	3.789261314e-04
19.350887	-1.331995811e-03
19.355887	-1.274998817e-03
19.360888	5.519170215e-04
19.365888	3.429784672e-03
19.370888	3.309263707e-04
19.375888	-8.360205133e-04
19.380889	1.316880379e-03
19.385889	-1.712981084e-03
19.390889	-8.830195311e-04
19.395889	1.926851239e-03
19.400890	-1.331999725e-03
19.405890	-7.770255615e-04
19.410890	1.599310870e-04
19.415890	1.488869762e-03
19.420890	6.659071085e-04
19.425891	-8.830222578e-04
19.430891	-6.150349341e-04
19.435891	1.589291894e-04
19.440891	1.105885381e-03
19.445892	-2.095968193e-03
19.450892	-1.180592727e-04
19.455892	1.038887291e-03
19.460892	3.319193208e-04
19.465893	-1.102015316e-03
19.470893	-3.380507320e-04
19.475893	2.169234351e-04
19.480893	-2.800541628e-04
19.485893	2.041838987e-03
19.490894	-6.050400318e-04
19.495894	-1.332007083e-03
19.500894	5.509061957e-04
19.505894	1.048882978e-03
19.510895	4.369106545e-04
19.515895	-1.055021320e-03
19.520895	-2.800572377e-04
19.525895	4.369095044e-04
19.530896	-3.380553443e-04
19.535896	1.717850004e-03
19.540896	-2.230613819e-04
19.545896	-5.580464040e-04
19.550896	1.599202936e-04
19.555897	-1.494004251e-03
19.560897	4.459064178e-04
19.565897	-7.870374293e-04
19.570897	8.278881415e-04
19.575898	2.931791292e-03
19.580898	-1.779993041e-03
19.585898	-1.332013961e-03
19.590898	9.428813492e-04
19.595898	-1.818992391e-03
19.600899	-3.950580609e-04
19.605899	8.188858979e-04
19.610899	1.382859660e-03
19.615899	-1.054028980e-03
19.620900	-1.112026699e-03
19.625900	9.428787008e-04
19.630900	2.169116110e-04
19.635900	6.558911057e-04
19.640901	-1.876993132e-03
19.645901	-6.007681833e-05
19.650901	2.367811480e-03
19.655901	-5.570547825e-04
19.660901	6.658887668e-04
19.665902	1.162865604e-03
19.670902	-6.720506355e-04
19.675902	-1.494013321e-03
19.680902	1.119126686e-04
19.685903	2.864786068e-03
19.690903	4.358970651e-04
19.695903	-9.410401723e-04
19.700903	4.948936130e-04
19.705904	-1.875998048e-03
19.710904	-7.200514243e-04
19.715904	3.361761041e-03
19.720904	-1.160031995e-03
19.725904	-2.325978905e-03
19.730905	7.138813380e-04
19.735905	5.508884403e-04
19.740905	-5.000637418e-04
19.745905	5.491044036e-05
19.750906	2.319806218e-03
19.755906	-1.217031978e-03
19.760906	-1.943999015e-03
19.765906	4.938888318e-04
19.770907	2.738985495e-04
19.775907	-6.150610584e-04
19.780907	2.169004252e-04
19.785907	3.208762872e-03
19.790907	-9.970446490e-04
19.795908	-1.944001596e-03
19.800908	2.262805143e-03
19.805908	-1.159038324e-03
19.810908	2.738956049e-04
19.815909	5.508825375e-04
19.820909	-2.153993803e-03
19.825909	-1.750849078e-04
19.830909	1.430841090e-03
19.835909	-2.800808251e-04
19.840910	-9.970483157e-04
19.845910	1.105854896e-03
19.850910	-2.717970137e-03
19.855910	-1.437029236e-03
19.860911	2.596785439e-03
19.865911	1.707825836e-03
19.870911	-9.400531157e-04
19.875911	2.748908125e-04
19.880912	2.654781325e-03
19.885912	-1.170043659e-03
19.890912	-3.596932743e-03
19.895912	-1.542027328e-03
19.900912	6.558715306e-04
19.905913	2.068917557e-04
19.910913	2.205799739e-03
19.915913	1.105849813e-03
19.920913	-2.154001075e-03
19.925914	7.228666527e-04
19.930914	2.089803615e-03
19.935914	-5.570753789e-04
19.940914	-3.101139880e-06
19.945915	-1.494033136e-03
19.950915	-1.819018594e-03
19.955915	1.315837306e-03
19.960915	-1.610028894e-03
19.965915	-6.620727189e-04
19.970916	2.874764750e-03
19.975916	5.988687477e-04
19.980916	-1.828020331e-03
19.985916	8.858548739e-04
19.990917	4.928725363e-04
19.995917	-6.630748172e-04
20.000917	-1.169051973e-03
20.005917	1.593820986e-03
20.010918	1.325832918e-03
20.015918	-8.350683546e-04
20.020918	2.376784018e-03
20.025918	5.489012825e-05
20.030918	-2.800948665e-04
20.035919	-2.154009297e-03
20.040919	-2.602989064e-03
20.045919	4.358712423e-04
20.050919	-1.651015551e-04
20.055920	1.048842429e-03
20.060920	7.708548226e-04
20.065920	-2.327003485e-03
20.070920	1.879803269e-03
20.075920	3.151744595e-03
20.080921	-5.010882645e-04
20.085921	2.648762624e-04
20.090921	-1.503043025e-03
20.095921	5.518624011e-04
20.100922	4.458669105e-04
20.105922	-3.042973467e-03
20.110922	-1.389049654e-03
20.115922	1.118811743e-04
20.120923	7.138532227e-04
20.125923	8.278476464e-04
20.130923	1.219829324e-03
20.135923	1.870799127e-03
20.140923	6.578543949e-04
20.145924	-2.326009135e-03
20.150924	1.047835817e-03
20.155924	9.908380831e-04
20.160924	-3.376961989e-03
20.165925	-4.430968615e-04
20.170925	1.152829614e-03
20.175925	-8.250800397e-04
20.180925	-7.770825867e-04
20.185926	-3.371031068e-04
20.190926	-7.680836908e-04
20.195926	9.908353128e-04
20.200926	1.430814794e-03
20.205926	4.358600701e-04
20.210927	-8.920793848e-04
20.215927	-4.421003617e-04
20.220927	6.658484920e-04
20.225927	1.095828433e-03
20.230928	-2.801088203e-04
20.235928	3.888601627e-04
20.240928	-1.181169338e-04
20.245928	-1.275064227e-03
20.250929	-3.122891224e-06
20.255929	-3.123233105e-06
20.260929	-6.620933592e-04
20.265929	-9.390809999e-04
20.270929	1.821792066e-03
20.275930	1.764794338e-03
20.280930	8.198373268e-04
20.285930	-1.112074430e-03
20.290930	-8.260878833e-04
20.295931	-2.801132573e-04
20.300931	-6.720956232e-04
20.305931	4.202680516e-03
20.310931	-7.770914867e-04
20.315931	-2.489013329e-03
20.320932	1.765791239e-03
20.325932	-7.860920886e-04
20.330932	-6.061006793e-04
20.335932	2.042777525e-03
20.340933	-4.521084146e-04
20.345933	-1.992038142e-03
20.350933	1.108650983e-04
20.355933	-2.154031386e-03
20.360934	1.268811331e-03
20.365934	1.822785595e-03
20.370934	2.738562817e-04
20.375934	1.650792810e-03
20.380934	-1.494063324e-03
20.385935	-6.631017606e-04
20.390935	5.386503036e-05
20.395935	-1.331071801e-03
20.400935	-2.321225239e-04
20.405936	1.018618287e-04
20.410936	2.258558102e-04
20.415936	1.545794955e-03
20.420936	1.018608304e-04
20.425937	-7.690995659e-04
20.430937	-1.274076743e-03
20.435937	-5.091121506e-04
20.440937	1.764783254e-03
20.445937	-6.631057520e-04
20.450938	-2.801236435e-04
20.455938	1.823779557e-03
20.460938	-1.081321904e-04
20.465938	4.938398777e-04
20.470939	-1.181323914e-04
20.475939	-2.107041524e-03
20.480939	-1.054090134e-03
20.485939	1.382797800e-03
20.490940	-4.431188056e-04
20.495940	-6.013669449e-05
20.500940	2.644738952e-03
20.505940	-6.113730414e-05
20.510940	-1.657064454e-03
20.515941	-2.801279172e-04
20.520941	-1.081361303e-04
20.525941	5.518332819e-04
20.530941	8.758181002e-04
20.535942	-8.921011620e-04
20.540942	7.718222171e-04
20.545942	5.518319789e-04
20.550942	-2.231328119e-04
20.555943	4.938339885e-04
20.560943	8.188187626e-04
20.565943	-3.861263117e-04
20.570943	-1.599071019e-03
20.575943	-2.106048096e-03
20.580944	-2.231347561e-04
20.585944	1.985763637e-03
20.590944	-2.231354019e-04
20.595944	-3.145811422e-06
20.600945	1.096803431e-03
20.605945	-9.981008342e-04
20.610945	-3.861292163e-04
20.615945	2.168428145e-04
20.620945	8.768122322e-04
20.625946	1.994760651e-03
20.630946	3.888339661e-04
20.635946	-2.775021283e-03
20.640946	-6.151206400e-04
20.645947	3.888330064e-04
20.650947	-2.154050715e-03
20.655947	1.588429138e-04
20.660947	1.984758872e-03
20.665948	3.888317310e-04
20.670948	-1.751427275e-04
20.675948	1.325788133e-03
20.680948	-3.151249170e-06
20.685948	-1.181462936e-04
20.690949	5.484545722e-05
20.695949	-9.401092382e-04
20.700949	-5.581270695e-04
20.705949	-9.491094581e-04
20.710950	8.858060903e-04
20.715950	1.765765426e-03
20.720950	-1.332092844e-03
20.725950	-1.877068170e-03
20.730951	2.168355038e-04
20.735951	2.644723864e-03
20.740951	-1.771073974e-03
20.745951	-2.049061541e-03
20.750951	1.544773358e-03
20.755952	-1.217100316e-03
20.760952	-5.001335035e-04
20.765952	3.151698738e-03
20.770952	1.118378109e-04
20.775953	-2.441045445e-03
20.780953	1.487774097e-03
20.785953	-3.157851750e-06
20.790953	-3.381428031e-04
20.795954	-1.332097539e-03
20.800954	-9.391158685e-04
20.805954	1.545769883e-03
20.810954	1.324779705e-03
20.815954	-3.861421541e-04
20.820955	-2.602040859e-03
20.825955	3.798221056e-04
20.830955	3.788218425e-04
20.835955	2.258285490e-04
20.840956	1.984747590e-03
20.845956	-1.944072572e-03
20.850956	-2.711495875e-04
20.855956	4.031652810e-03
20.860956	9.337945479e-04
20.865957	-3.320010711e-03
20.870957	-1.494094741e-03
20.875957	3.150691977e-03
20.880957	-5.001409284e-04
20.885958	-2.106067598e-03
20.890958	5.383305914e-05
20.895958	-1.054116444e-03
20.900958	5.988074605e-04
20.905959	-3.165242087e-06
20.910959	-5.001427587e-04
20.915959	2.098737772e-03
20.920959	3.318184859e-04
20.925959	-1.494098095e-03
20.930960	1.153780190e-03
20.935960	1.602759300e-03
20.940960	1.162779172e-03
20.945960	4.948094978e-04
20.950961	-1.054119782e-03
20.955961	-1.113117378e-03
20.960961	-4.531479411e-04
20.965961	-9.391259589e-04
20.970962	9.437874037e-04
20.975962	1.870744600e-03
20.980962	-1.495101368e-03
20.985962	-6.116741734e-05
20.990962	5.998019758e-04
20.995963	-7.681356001e-04
21.000963	8.857882640e-04
21.005963	-1.389107725e-03
21.010963	-1.055123338e-03
21.015964	1.382764581e-03
21.020964	-6.151441080e-04
21.025964	-7.291391787e-04
21.030964	-2.801600630e-04
21.035965	-1.494104698e-03
21.040965	1.688187562e-04
21.045965	8.277882442e-04
21.050965	7.707905614e-04
21.055965	1.382762205e-03
21.060966	-7.201416671e-04
21.065966	7.617900871e-04
21.070966	1.373761731e-03
21.075966	-1.160122378e-03
21.080967	8.287861307e-04
21.085967	1.603750302e-03
21.090967	-3.951583364e-04
21.095967	-2.384067433e-03
21.100967	-2.594058098e-03
21.105968	9.337798483e-04
21.110968	2.319716007e-03
21.115968	-6.051501730e-04
21.120968	-2.660056242e-03
21.125969	1.545750618e-03
21.130969	1.152768346e-03
21.135969	-1.113128048e-03
21.140969	2.168106799e-04
21.145970	7.707849879e-04
21.150970	1.325759250e-03
21.155970	-1.608106514e-03
21.160970	-2.651058982e-03
21.165970	5.381670271e-05
21.170971	3.093677028e-03
21.175971	1.659742488e-03
21.180971	-6.151534903e-04
21.185971	-1.446115677e-03
21.190972	-1.666105878e-03
21.195972	1.765736475e-03
21.200972	2.258067975e-04
21.205972	3.887990366e-04
21.210973	-3.951653035e-04
21.215973	-1.161130469e-03
21.220973	-2.231737629e-04
21.225973	-2.321736363e-04
21.230973	3.313663492e-03
21.235974	-1.217129045e-03
21.240974	-2.106088569e-03
21.245974	-6.621550620e-04
21.250974	9.437710174e-04
21.255975	3.036674768e-03
21.260975	-1.112135282e-03
21.265975	-1.332125479e-03
21.270975	6.077852875e-04
21.275976	-4.431668068e-04
21.280976	-2.048093500e-03
21.285976	-2.231774594e-04
21.290976	2.587693372e-03
21.295976	1.210756227e-03
21.300977	-1.877102469e-03
21.305977	-7.201557992e-04
21.310977	5.417860562e-04
21.315977	7.137778891e-04
21.320978	8.287723357e-04
21.325978	-1.169136335e-03
21.330978	-1.829106354e-03
21.335978	2.434697860e-03
21.340978	2.156710327e-03
21.345979	-1.055142680e-03
21.350979	5.480614668e-05
21.355979	1.598010538e-04
21.360979	4.937854615e-04
21.365980	1.118026985e-04
21.370980	-7.301589731e-04
21.375980	-7.211596631e-04
21.380980	-3.861753001e-04
21.385981	2.167967752e-04
21.390981	7.717710517e-04
21.395981	1.545735287e-03
21.400981	-4.421738379e-04
21.405981	-2.164095159e-03
21.410982	-9.501510968e-04
21.415982	-1.216139176e-03
21.420982	5.380231949e-05
21.425982	3.787871436e-04
21.430983	1.545733362e-03
21.435983	1.487735747e-03
21.440983	-1.772115054e-03
21.445983	-9.401534745e-04
21.450984	-1.886110373e-03
21.455984	5.507776167e-04
21.460984	3.323650201e-03
21.465984	-2.221874854e-04
21.470984	-2.049103988e-03
21.475985	1.325740995e-03
21.480985	1.708723163e-03
21.485985	-2.489084628e-03
21.490985	1.324740228e-03
21.495986	1.487732484e-03
21.500986	-1.284140689e-03
21.505986	7.147673861e-04
21.510986	-1.160146914e-03
21.515987	-6.119757264e-05
21.520987	1.597920255e-04
21.525987	-5.001779818e-04
21.530987	1.277740228e-03
21.535987	-1.771120242e-03
21.540988	-1.504132752e-03
21.545988	2.098701781e-03
21.550988	8.857571306e-04
21.555988	-2.105105997e-03
21.560989	-1.389139093e-03
21.565989	2.041703328e-03
21.570989	5.507714247e-04
21.575989	-1.171982128e-04
21.580989	2.205695011e-03
21.585990	-3.291890231e-04
21.590990	-1.877118311e-03
21.595990	-8.341663979e-04
21.600990	-3.381894040e-04
21.605991	4.937721844e-04
21.610991	-1.331144402e-03
21.615991	-1.055157320e-03
21.620991	7.227608945e-04
21.625992	7.137610443e-04
21.630992	3.217787552e-04
21.635992	9.917477732e-04
21.640992	1.927704595e-03
21.645992	-4.441869090e-04
21.650993	-1.651999626e-04
21.655993	-2.708083626e-03
21.660993	-2.231978251e-04
21.665993	3.753619567e-03
21.670994	-1.160155384e-03
21.675994	-6.721780187e-04
21.680994	1.927702510e-03
21.685994	-1.082043972e-04
21.690995	1.105739681e-03
21.695995	1.597827971e-04
21.700995	-3.158065329e-03
21.705995	-1.772129136e-03
21.710995	-6.020789007e-05
21.715996	1.324728349e-03
21.720996	7.717534475e-04
21.725996	-6.020866177e-05
21.730996	-1.877125608e-03
21.735997	-1.656135997e-03
21.740997	1.372724865e-03
21.745997	-6.120964076e-05
21.750997	-9.971669801e-04
21.755998	1.487718826e-03
21.760998	5.378432088e-05
21.765998	-8.341752185e-04
21.770998	1.268728104e-03
21.775998	-6.051862265e-04
21.780999	3.877679902e-04
21.785999	9.327427482e-04
21.790999	-1.885128298e-03
21.795999	2.319678648e-03
21.801000	1.927696368e-03
21.806000	1.117793807e-04
21.811000	-1.662081248e-04
21.816000	-2.106119426e-03
21.821001	5.378128504e-05
21.826001	-3.951983792e-04
21.831001	1.373720260e-03
21.836001	2.596663935e-03
21.841001	-2.802044035e-04
21.846002	-7.201844791e-04
21.851002	-1.600144380e-03
21.856002	2.425670776e-03
21.861002	1.316721375e-03
21.866003	-3.101076306e-03
21.871003	-1.266160690e-03
21.876003	-4.431986730e-04
21.881003	-8.341809933e-04
21.886003	9.917350361e-04
21.891004	1.096729974e-03
21.896004	-1.715141341e-03
21.901004	1.107746894e-04
21.906004	-1.599147153e-03
21.911005	-1.752126898e-04
21.916005	2.749652952e-03
21.921005	-1.662135937e-04
21.926005	-5.121911177e-05
21.931006	3.317630826e-04
21.936006	-7.771863138e-04
21.941006	-1.055173812e-03
21.946006	6.077496948e-04
21.951006	-2.222124930e-04
21.956007	3.797596615e-04
21.961007	5.507515779e-04
21.966007	-1.437157514e-03
21.971007	1.153723445e-03
21.976008	1.210720589e-03
21.981008	-2.823094692e-03
21.986008	-3.382088723e-04
21.991008	1.707697076e-03
21.996009	-6.621944992e-04
22.001009	-3.282100541e-04
22.006009	2.737621034e-04
22.011009	-2.802127357e-04
22.016009	1.017695095e-04
22.021010	-6.151978553e-04
22.026010	-4.422060268e-04
22.031010	5.507482046e-04
22.036010	8.277352653e-04
22.041011	3.317577687e-04
22.046011	3.787553755e-04
22.051011	1.765691543e-03
22.056011	4.377521949e-04
22.061012	7.127393488e-04
22.066012	-1.600154836e-03
22.071012	-9.971827205e-04
22.076012	8.757311651e-04
22.081012	-6.142007538e-04
22.086013	-3.372136902e-04
22.091013	-3.862116790e-04
22.096013	6.077425104e-04
22.101013	8.767299417e-04
22.106014	-1.652225167e-04
22.111014	1.162716359e-03
22.116014	-1.112179565e-03
22.121014	-1.552159624e-03
22.126014	2.539652522e-03
22.131015	-5.002083255e-04
22.136015	-5.572059449e-04
22.141015	2.481654483e-03
22.146015	-1.218176103e-03
22.151016	-1.877146119e-03
22.156016	1.488699316e-03
22.161016	-3.942145784e-04
22.166016	-1.160179688e-03
22.171017	1.095716642e-03
22.176017	-1.274174922e-03
22.181017	-1.082286143e-04
22.186017	3.475606828e-03
22.191017	1.649690321e-03
22.196018	-5.002113297e-04
22.201018	-7.671993167e-04
22.206018	-1.437168826e-03
22.211018	-1.331173914e-03
22.216019	-2.802223312e-04
22.221019	-1.113184366e-03
22.226019	3.797469521e-04
22.231019	1.048716051e-03
22.236020	6.087359981e-04
22.241020	-1.217180506e-03
22.246020	7.127307766e-04
22.251020	1.812680115e-03
22.256020	-1.216181230e-03
22.261021	-2.985100346e-03
22.266021	1.706684299e-03
22.271021	1.984671327e-03
22.276021	-3.372224324e-04
22.281022	1.822678306e-03
22.286022	-3.817063321e-03
22.291022	-2.326131908e-03
22.296022	3.590596571e-03
22.301023	3.887431615e-04
22.306023	-1.054190899e-03
22.311023	1.602687054e-03
22.316023	2.257499675e-04
22.321023	-2.232296675e-04
22.326024	-7.872040295e-04
22.331024	-5.572147965e-04
22.336024	7.807236345e-04
22.341024	-9.981950182e-04
22.346025	-1.752329737e-04
22.351025	-1.182358073e-04
22.356025	-8.262035650e-04
22.361025	2.747457340e-04
22.366025	-3.942238113e-04
22.371026	3.307427280e-04
22.376026	1.822674100e-03
22.381026	5.997299572e-04
22.386026	-2.718118129e-03
22.391027	-1.275184509e-03
22.396027	2.376647827e-03
22.401027	9.917111131e-04
22.406027	-1.714165032e-03
22.411028	-3.292287519e-04
22.416028	-2.232338284e-04
22.421028	-1.274185856e-03
22.426028	2.147657028e-03
22.431028	1.985664241e-03
22.436029	-2.802320773e-04
22.441029	1.209699391e-03
22.446029	-7.772097190e-04
22.451029	-1.331184532e-03
22.456030	-1.055197401e-03
22.461030	-1.103195414e-03
22.466030	1.545682915e-03
22.471030	1.258695861e-03
22.476031	1.687456253e-04
22.481031	-5.472217582e-04
22.486031	9.327101708e-04
22.491031	-1.390183530e-03
22.496031	-1.714168886e-03
22.501032	1.268694130e-03
22.506032	2.367643529e-03
22.511032	-2.242378366e-04
22.516032	-1.437182430e-03
22.521033	-2.765121751e-03
22.526033	-2.049154790e-03
22.531033	8.857104294e-04
22.536033	2.434639198e-03
22.541034	5.417257838e-04
22.546034	-1.389185887e-03
22.551034	7.707148671e-04
22.556034	5.517247003e-04
22.561034	4.947271060e-04
22.566035	-2.164151185e-03
22.571035	4.357293966e-04
22.576035	2.737366175e-04
22.581035	-1.652434607e-04
22.586036	2.759622220e-03
22.591036	-2.211150063e-03
22.596036	-6.632212450e-04
22.601036	2.157382470e-04
22.606036	-3.817077043e-03
22.611037	1.545676856e-03
22.616037	3.199600815e-03
22.621037	4.937246820e-04
22.626037	3.887292924e-04
22.631038	-1.275194616e-03
22.636038	-3.952351677e-04
22.641038	1.545675633e-03
22.646038	4.937236655e-04
22.651039	-3.253749212e-06
22.656039	-5.582285043e-04
22.661039	1.707667397e-03
22.666039	7.807096985e-04
22.671039	-1.771173492e-03
22.676040	-1.609181121e-03
22.681040	-8.262172225e-04
22.686040	2.737321416e-04
22.691040	-6.025274435e-05
22.696041	-1.054207369e-03
22.701041	5.997165951e-04
22.706041	6.557138283e-04
22.711041	-1.218200447e-03
22.716042	1.660667351e-03
22.721042	8.287053005e-04
22.726042	-8.352186022e-04
22.731042	-1.662494738e-04
22.736042	-2.812443984e-04
22.741043	6.577123509e-04
22.746043	1.117371885e-04
22.751043	2.157322236e-04
22.756043	8.197043337e-04
22.761044	-7.202252524e-04
22.766044	-6.125566346e-05
22.771044	-1.389194969e-03
22.776044	-1.160205664e-03
22.781045	2.931606521e-03
22.786045	-6.052315001e-04
22.791045	-4.430056316e-03
22.796045	3.217256085e-04
22.801045	2.654618446e-03
22.806046	1.488671714e-03
22.811046	2.167298432e-04
22.816046	-4.442400422e-04
22.821046	-9.492170800e-04
22.826047	-2.048166882e-03
22.831047	-1.102210449e-03
22.836047	1.382675421e-03
22.841047	-6.632309596e-04
22.846048	-1.389197863e-03
22.851048	3.696568751e-03
22.856048	-1.182565197e-04
22.861048	-2.709137911e-03
22.866048	2.271633518e-03
22.871049	1.544666662e-03
22.876049	2.647251616e-04
22.881049	6.577069536e-04
22.886049	-1.265205064e-03
22.891050	9.326939681e-04
22.896050	4.937139086e-04
22.901050	-1.829179768e-03
22.906050	3.227213742e-04
22.911050	-3.852463506e-04
22.916051	-2.154165428e-03
22.921051	-1.437198489e-03
22.926051	3.787180605e-04
22.931051	3.084593803e-03
22.936052	1.496666428e-03
22.941052	-2.269161084e-03
22.946052	-2.440153428e-03
22.951052	4.367144753e-04
22.956053	7.716989311e-04
22.961053	-5.126351793e-05
22.966053	-7.212329818e-04
22.971053	2.090637903e-03
22.976053	1.593660508e-03
22.981054	-2.049172642e-03
22.986054	-4.432464600e-04
22.991054	8.856924224e-04
22.996054	6.087049411e-04
23.001055	7.706973317e-04
23.006055	-2.802546607e-04
23.011055	-1.991176391e-03
23.016055	2.204631039e-03
23.021056	1.870646173e-03
23.026056	-1.992176887e-03
23.031056	-3.862507026e-04
23.036056	8.766912087e-04
23.041056	-7.202357472e-04
23.046057	-2.049174991e-03
23.051057	4.367108461e-04
23.056057	1.000684808e-03
23.061057	-6.126667665e-05
23.066058	1.593657263e-03
23.071058	-5.002469034e-04
23.076058	-1.935181285e-03
23.081058	6.087018944e-04
23.086059	1.765648669e-03
23.091059	-9.972248225e-04
23.096059	-9.972249984e-04
23.101059	8.756889479e-04
23.106059	3.877111476e-04
23.111060	-2.985134374e-03
23.116060	-1.838187139e-03
23.121060	2.596609340e-03
23.126060	1.000682343e-03
23.131061	-8.922310360e-04
23.136061	-1.609198335e-03
23.141061	1.219671781e-03
23.146061	1.602654047e-03
23.151061	-7.292392021e-04
23.156062	1.152674335e-03
23.161062	-5.572474328e-04
23.166062	-9.392300897e-04
23.171062	1.104676020e-03
23.176063	-8.352352008e-04
23.181063	3.797089200e-04
23.186063	1.936637360e-03
23.191063	-2.651152448e-03
23.196064	-2.000182467e-03
23.201064	1.984634649e-03
23.206064	1.993634067e-03
23.211064	-2.269170641e-03
23.216064	-1.608201117e-03
23.221065	5.302481842e-03
23.226065	4.357048279e-04
23.231065	-1.991184061e-03
23.236065	1.048676386e-03
23.241066	1.153671404e-03
23.246066	-6.722450395e-04
23.251066	-5.002530924e-04
23.256066	1.277665219e-03
23.261067	-9.412332048e-04
23.266067	5.986960195e-04
23.271067	1.106672562e-03
23.276067	-2.431165384e-03
23.281067	-1.552205852e-03
23.286068	1.373659825e-03
23.291068	3.217078956e-04
23.296068	-1.934188830e-03
23.301068	2.827093561e-04
23.306069	2.586603553e-03
23.311069	-1.331216968e-03
23.316069	-1.160224971e-03
23.321069	-1.182729097e-04
23.326070	9.436782348e-04
23.331070	3.887035200e-04
23.336070	2.647090438e-04
23.341070	2.647088825e-04
23.346070	-1.160225942e-03
23.351071	-3.862615905e-04
23.356071	-9.402363498e-04
23.361071	-1.771198408e-03
23.366071	1.017155540e-04
23.371072	4.936974211e-04
23.376072	2.167099625e-04
23.381072	3.199573031e-03
23.386072	6.086916715e-04
23.391072	-7.202475515e-04
23.396073	-6.127792498e-05
23.401073	-9.402377801e-04
23.406073	-9.972353240e-04
23.411073	3.877010158e-04
23.416074	1.937629791e-03
23.421074	-1.503212594e-03
23.426074	-1.284222792e-03
23.431074	7.706828296e-04
23.436075	1.220662041e-03
23.441075	6.086899464e-04
23.446075	-1.724203239e-03
23.451075	-1.829198580e-03
23.456075	1.545646520e-03
23.461076	2.816588090e-03
23.466076	-2.232726782e-04
23.471076	-7.772474305e-04
23.476076	-1.103232636e-03
23.481077	8.856760139e-04
23.486077	7.616815467e-04
23.491077	-1.389219981e-03
23.496077	-7.682486064e-04
23.501078	2.147617542e-03
23.506078	-5.572585840e-04
23.511078	4.936930759e-04
23.516078	-6.128162788e-05
23.521078	-2.317178340e-03
23.526079	3.317000521e-04
23.531079	-1.723205875e-03
23.536079	9.336721505e-04
23.541079	5.371234957e-05
23.546080	-8.922444249e-04
23.551080	-3.282704333e-04
23.556080	1.822630794e-03
23.561080	1.812631104e-03
23.566081	-1.437220030e-03
23.571081	8.866732663e-04
23.576081	1.017091117e-04
23.581081	-2.499171778e-03
23.586081	-2.049192557e-03
23.591082	1.048665251e-03
23.596082	2.099616916e-03
23.601082	1.162659733e-03
23.606082	5.371043529e-05
23.611083	-5.582616493e-04
23.616083	-3.372719272e-04
23.621083	3.796950535e-04
23.626083	1.117071971e-04
23.631083	1.879625989e-03
23.636084	1.984621031e-03
23.641084	-3.702118360e-03
23.646084	1.117066231e-04
23.651084	4.936889655e-04
23.656085	-2.269184492e-03
23.661085	2.167013814e-04
23.666085	6.566810653e-04
23.671085	1.381647682e-03
23.676086	-2.268185105e-03
23.681086	-1.551218120e-03
23.686086	6.556805468e-04
23.691086	-6.722587041e-04
23.696086	3.256561009e-03
23.701087	2.424599017e-03
23.706087	-1.992198601e-03
23.711087	-3.862723758e-04
23.716087	-2.232799883e-04
23.721088	5.470712671e-05
23.726088	8.856688867e-04
23.731088	-1.934201953e-03
23.736088	-7.772551395e-04
23.741089	2.166991477e-04
23.746089	6.556788822e-04
23.751089	8.186712719e-04
23.756089	1.545637802e-03
23.761089	-3.852737967e-04
23.766090	-2.163192410e-03
23.771090	1.324647527e-03
23.776090	-2.232816312e-04
23.781090	-5.572664521e-04
23.786091	2.166979250e-04
23.791091	2.736951771e-04
23.796091	1.162654282e-03
23.801091	8.766672614e-04
23.806092	-9.972469481e-04
23.811092	-6.632623954e-04
23.816092	-4.432726154e-04
23.821092	-9.402499602e-04
23.826092	2.166968585e-04
23.831093	1.258648950e-03
23.836093	-5.002705303e-04
23.841093	-1.494225086e-03
23.846093	1.210650757e-03
23.851094	3.886883154e-04
23.856094	-1.886207505e-03
23.861094	-1.217238309e-03
23.866094	1.267647622e-03
23.871095	1.707627319e-03
23.876095	-6.029174699e-05
23.881095	-1.217238827e-03
23.886095	-3.282797167e-04
23.891095	-2.802820458e-04
23.896096	-6.129221516e-05
23.901096	3.141560798e-03
23.906096	1.708626374e-03
23.911096	-2.546178659e-03
23.916097	-2.489181399e-03
23.921097	-1.082906959e-04
23.926097	1.708625867e-03
23.931097	2.424592912e-03
23.936097	-4.442756680e-04
23.941098	-1.992204817e-03
23.946098	-5.572707373e-04
23.951098	-1.389232714e-03
23.956098	-1.322235911e-03
23.961099	1.382639939e-03
23.966099	2.147604740e-03
23.971099	4.936804530e-04
23.976099	-1.160243833e-03
23.981100	-1.652895777e-04
23.986100	-4.522765412e-04
23.991100	-2.221195554e-03
23.996100	2.319596117e-03
24.001100	1.325641570e-03
24.006101	-2.603178404e-03
24.011101	-6.052701348e-04
24.016101	3.093560143e-03
24.021101	4.356818934e-04
24.026102	-1.380234962e-03
24.031102	1.162648320e-03
24.036102	-2.105201960e-03
24.041102	-1.331237568e-03
24.046103	1.764620360e-03
24.051103	7.136684300e-04
24.056103	-6.632685522e-04
24.061103	-1.752910454e-04
24.066103	-1.609225414e-03
24.071104	1.104650031e-03
24.076104	2.367592004e-03
24.081104	1.048652364e-03
24.086104	-1.082947036e-04
24.091105	2.166902787e-04
24.096105	5.986726478e-04
24.101105	-1.160246817e-03
24.106105	-2.142903069e-04
24.111106	-2.278195787e-03
24.116106	-4.522796245e-04
24.121106	2.597580417e-03
24.126106	-7.202675653e-04
24.131106	-2.709176482e-03
24.136107	6.086712718e-04
24.141107	2.319592708e-03
24.146107	1.593625883e-03
24.151107	4.936762056e-04
24.156108	-3.205154306e-03
24.161108	-3.320149145e-03
24.166108	1.544627680e-03
24.171108	1.707620095e-03
24.176108	-8.922608047e-04
24.181109	1.325637388e-03
24.186109	1.707619762e-03
24.191109	-1.275243576e-03
24.196109	-7.202691328e-04
24.201110	3.796803219e-04
24.206110	3.306824592e-04
24.211110	6.076696494e-04
24.216110	3.796799946e-04
24.221111	-1.551231577e-03
24.226111	-7.682675858e-04
24.231111	1.822613508e-03
24.236111	2.166870360e-04
24.241111	-1.389239435e-03
24.246112	-2.232930041e-04
24.251112	-3.862856372e-04
24.256112	-1.991212153e-03
24.261112	2.425585219e-03
24.266113	1.210640821e-03
24.271113	-1.055255387e-03
24.276113	4.366760989e-04
24.281113	-5.130163097e-05
24.286114	-8.352657888e-04
24.291114	2.166858722e-04
24.296114	4.366756811e-04
24.301114	-5.582788013e-04
24.306114	1.879609312e-03
24.311115	5.469288583e-05
24.316115	-1.112253709e-03
24.321115	2.042601530e-03
24.326115	-1.217249100e-03
24.331116	-2.546188266e-03
24.336116	-3.852874508e-04
24.341116	8.766545845e-04
24.346116	4.366746578e-04
24.351117	-5.012824351e-04
24.356117	1.047646442e-03
24.361117	-4.432852949e-04
24.366117	-7.772700806e-04
24.371117	1.105643483e-03
24.376118	-5.582803205e-04
24.381118	-2.985169140e-03
24.386118	4.936712473e-04
24.391118	2.586575184e-03
24.396119	9.336508768e-04
24.401119	-3.759134044e-03
24.406119	-3.282914548e-04
24.411119	3.035554207e-03
24.416119	-2.164207467e-03
24.421120	2.166832664e-04
24.426120	1.488624848e-03
24.431120	2.539576564e-03
24.436120	1.382629517e-03
24.441121	-3.263157557e-03
24.446121	2.166827886e-04
24.451121	-2.802945183e-04
24.456121	-2.049213503e-03
24.461122	1.105641744e-03
24.466122	1.984601348e-03
24.471122	-1.054259406e-03
24.476122	-1.656231897e-03
24.481122	-6.632775191e-04
24.486123	3.216772256e-04
24.491123	1.812608770e-03
24.496123	4.456713559e-04
24.501123	-1.217252486e-03
24.506124	-2.823178942e-03
24.511124	1.708613173e-03
24.516124	3.810516704e-03
24.521124	-3.292935651e-04
24.526125	-9.972630270e-04
24.531125	-2.802959917e-04
24.536125	-1.944219786e-03
24.541125	-1.389245322e-03
24.546125	2.157591957e-03
24.551126	1.116856786e-04
24.556126	-4.432889626e-04
24.561126	1.487622412e-03
24.566126	8.756503848e-04
24.571127	-1.666233151e-03
24.576127	2.166804258e-04
24.581127	-6.130691459e-05
24.586127	-5.130745960e-05
24.591128	1.325629318e-03
24.596128	-1.943220883e-03
24.601128	-1.083051038e-04
24.606128	-3.310003427e-06
24.611128	-1.332249153e-03
24.616129	-6.052825711e-04
24.621129	6.566594811e-04
24.626129	7.616545827e-04
24.631129	7.226562871e-04
24.636130	-3.282956075e-04
24.641130	1.596819343e-04
24.646130	2.166792379e-04
24.651130	-2.233006704e-04
24.656130	2.261585309e-03
24.661131	2.204587840e-03
24.666131	-3.712140944e-03
24.671131	-1.886224748e-03
24.676131	2.931554263e-03
24.681132	1.162635292e-03
24.686132	-8.352731795e-04
24.691132	-1.829227684e-03
24.696132	2.166784257e-04
24.701133	2.736757327e-04
24.706133	1.439622192e-03
24.711133	4.936654873e-04
24.716133	-9.492684290e-04
24.721133	-2.163212845e-03
24.726134	-9.972663846e-04
24.731134	1.774606440e-03
24.736134	-3.852946003e-04
24.741134	-2.326205682e-03
24.746135	-3.952942958e-04
24.751135	2.319581143e-03
24.756135	9.906420026e-04
24.761135	5.986599000e-04
24.766136	2.596568215e-03
24.771136	-1.083078346e-04
24.776136	-2.651191312e-03
24.781136	-4.522922118e-04
24.786136	-5.572874719e-04
24.791137	-1.829229224e-03
24.796137	1.152633976e-03
24.801137	7.236535721e-04
24.806137	-3.282982664e-04
24.811138	-6.031062727e-05
24.816138	7.136538118e-04
24.821138	1.267628338e-03
24.826138	-1.771232394e-03
24.831139	-7.202806546e-04
24.836139	2.636741571e-04
24.841139	-5.002908842e-04
24.846139	6.086581967e-04
24.851139	3.361531900e-03
24.856140	2.596566905e-03
24.861140	-1.323253431e-03
24.866140	-3.539151895e-03
24.871140	-6.722834182e-04
24.876141	-3.314161229e-06
24.881141	-1.083094156e-04
24.886141	2.098589324e-03
24.891141	7.136527588e-04
24.896142	4.366653916e-04
24.901142	-3.314501663e-06
24.906142	-1.666238319e-03
24.911142	-1.217258973e-03
24.916142	1.716606435e-03
24.921143	-1.183094958e-04
24.926143	-3.215167563e-03
24.931143	-6.622846847e-04
24.936143	3.371530289e-03
24.941144	-3.315030645e-06
24.946144	-5.002923077e-04
24.951144	2.759558155e-03
24.956144	-5.002924363e-04
24.961144	-8.922745268e-04
24.966145	7.126518196e-04
24.971145	-6.632851533e-04
24.976145	-8.342773759e-04
24.981145	2.376575335e-03
24.986146	-8.822753000e-04
24.991146	-1.829231942e-03
24.996146	5.506588724e-04
25.001146	-1.389252239e-03
25.006147	1.324623262e-03
25.011147	3.648516644e-03
25.016147	-6.722852964e-04
25.021147	-4.209123183e-03
25.026147	1.106633015e-03
25.031148	1.219627775e-03
25.036148	1.209628174e-03
25.041148	4.936609438e-04
25.046148	-3.262166900e-03
25.051149	-2.105220008e-03
25.056149	1.016787420e-04
25.061149	2.318577034e-03
25.066149	4.456628541e-04
25.071150	-1.169263155e-03
25.076150	4.936605391e-04
25.081150	1.686753840e-04
25.086150	-3.100174787e-03
25.091150	9.906375825e-04
25.096151	1.870597178e-03
25.101151	-1.494248590e-03
25.106151	1.545611969e-03
25.111151	2.032589585e-03
25.116152	-1.218261409e-03
25.121152	-2.928183059e-03
25.126152	3.886648010e-04
25.131152	9.336397589e-04
25.136153	-1.446251170e-03
25.141153	-7.202845106e-04
25.146153	1.821598885e-03
25.151153	1.602608874e-03
25.156153	-1.713239138e-03
25.161154	-5.582921472e-04
25.166154	4.936595666e-04
25.171154	1.116770303e-04
25.176154	2.042588442e-03
25.181155	-8.922770372e-04
25.186155	-6.131518919e-05
25.191155	2.319575591e-03
25.196155	-7.202850733e-04
25.201155	-2.441206214e-03
25.206156	-1.389254498e-03
25.211156	7.806459579e-04
25.216156	1.210626194e-03
25.221156	-2.049224382e-03
25.226157	-1.876232362e-03
25.231157	6.566514515e-04
25.236157	5.506562644e-04
25.241157	2.539565021e-03
25.246158	1.016767578e-04
25.251158	-6.152904137e-04
25.256158	1.116762069e-04
25.261158	-1.992227369e-03
25.266158	2.736686880e-04
25.271159	2.654559473e-03
25.276159	8.186436096e-04
25.281159	-9.492753712e-04
25.286159	3.306658959e-04
25.291160	3.886631927e-04
25.296160	6.566508611e-04
25.301160	-1.663114472e-04
25.306160	-2.211217726e-03
25.311161	6.566507322e-04
25.316161	4.456603643e-04
25.321161	-7.782835568e-04
25.326161	7.616457916e-04
25.331161	-1.608245584e-03
25.336162	-8.252815262e-04
25.341162	7.226474563e-04
25.346162	-1.054271108e-03
25.351162	8.756403603e-04
25.356163	-3.863018163e-04
25.361163	1.211624875e-03
25.366163	1.430614794e-03
25.371163	-1.332258560e-03
25.376164	-8.922787728e-04
25.381164	2.214578731e-03
25.386164	3.256530917e-03
25.391164	-1.772238539e-03
25.396164	-2.317213588e-03
25.401165	7.136474021e-04
25.406165	-3.373044460e-04
25.411165	-6.722891227e-04
25.416165	-2.803071324e-04
25.421166	-1.160266820e-03
25.426166	1.821596418e-03
25.431166	-1.083151259e-04
25.436166	-5.002971876e-04
25.441166	-7.872840633e-04
25.446167	-2.001228435e-03
25.451167	-1.663126052e-04
25.456167	1.696719551e-04
25.461167	2.100583384e-03
25.466168	1.544608844e-03
25.471168	4.936569996e-04
25.476168	1.707601304e-03
25.481168	-1.112269430e-03
25.486169	-2.765193671e-03
25.491169	1.660603363e-03
25.496169	6.556494113e-04
25.501169	-1.667244109e-03
25.506169	-6.052928332e-04
25.511170	1.162626072e-03
25.516170	8.186418148e-04
25.521170	-1.183152533e-04
25.526170	-1.379257465e-03
25.531171	1.985588218e-03
25.536171	1.104628583e-03
25.541171	-5.002978553e-04
25.546171	1.593606105e-03
25.551172	-1.934232162e-03
25.556172	-1.877234804e-03
25.561172	1.650603408e-03
25.566172	2.424567893e-03
25.571172	-1.820237499e-03
25.576173	-1.160267787e-03
25.581173	-6.152928017e-04
25.586173	-1.608247298e-03
25.591173	2.482565102e-03
25.596174	1.821595383e-03
25.601174	-2.431209639e-03
25.606174	2.736663100e-04
25.611174	1.152625983e-03
25.616175	-7.772855498e-04
25.621175	1.596714643e-04
25.626175	2.204577676e-03
25.631175	1.382615342e-03
25.636175	-1.169267670e-03
25.641176	-1.657245318e-03
25.646176	1.220622702e-03
25.651176	-8.922804381e-04
25.656176	-1.724242312e-03
25.661177	1.267620481e-03
25.666177	-1.663137901e-04
25.671177	-2.268217433e-03
25.676177	-2.803086046e-04
25.681177	2.482564690e-03
25.686178	1.937589659e-03
25.691178	4.456580479e-04
25.696178	-1.390257790e-03
25.701178	-1.112270555e-03
25.706179	-1.713243018e-03
25.711179	-1.183161681e-04
25.716179	1.381615038e-03
25.721179	-6.031886344e-05
25.726180	-5.092982941e-04
25.731180	2.256679885e-04
25.736180	1.116731985e-04
25.741180	7.616433790e-04
25.746180	-1.183162889e-04
25.751181	-1.542251014e-03
25.756181	7.136455317e-04
25.761181	-1.389258060e-03
25.766181	3.886604025e-04
25.771182	4.366581868e-04
25.776182	-3.321653467e-06
25.781182	1.162624871e-03
25.786182	-7.782861475e-04
25.791183	-1.183164224e-04
25.796183	-5.572963074e-04
25.801183	1.660601983e-03
25.806183	4.936554780e-04
25.811183	-3.541159528e-03
25.816184	-6.052941568e-04
25.821184	2.205576946e-03
25.826184	1.488609809e-03
25.831184	-1.183165206e-04
25.836185	-2.326215294e-03
25.841185	1.325617250e-03
25.846185	5.367556135e-05
25.851185	-3.865144760e-03
25.856186	2.098581777e-03
25.861186	2.644556734e-03
25.866186	-6.142938487e-04
25.871186	-1.332260937e-03
25.876186	3.216632180e-04
25.881187	1.822594388e-03
25.886187	-1.160268848e-03
25.891187	1.596706222e-04
25.896187	-6.052943095e-04
25.901188	9.326351655e-04
25.906188	3.216631735e-04
25.911188	-2.374213220e-03
25.916188	1.047629874e-03
25.921189	1.116727839e-04
25.926189	-8.822816461e-04
25.931189	-5.572965527e-04
25.936189	-5.572965575e-04
25.941189	7.706425484e-04
25.946190	1.372614942e-03
25.951190	1.096627593e-03
25.956190	-3.283070737e-04
25.961190	1.716599159e-03
25.966191	7.136451437e-04
25.971191	-2.323114844e-04
25.976191	6.566477521e-04
25.981191	-2.766195304e-03
25.986191	2.166679224e-04
25.991192	2.596558797e-03
25.996192	4.456574199e-04
26.001192	-4.423018658e-04
26.006192	-2.323114950e-04
26.011193	-2.489208011e-03
26.016193	-1.055273760e-03
26.021193	1.430612256e-03
26.026193	2.256675061e-04
26.031194	-1.055273758e-03
26.036194	-8.922812309e-04
26.041194	-2.803092899e-04
26.046194	7.146450906e-04
26.051194	2.042584203e-03
26.056195	-3.863044234e-04
26.061195	-1.437256232e-03
26.066195	6.076500069e-04
26.071195	1.268619703e-03
26.076196	-8.342838697e-04
26.081196	-1.447255759e-03
26.086196	-1.753140770e-04
26.091196	7.226447538e-04
26.096197	2.736653455e-04
26.101197	1.048629817e-03
26.106197	1.383614462e-03
26.111197	-1.227265816e-03
26.116197	-2.049228121e-03
26.121198	-7.772864368e-04
26.126198	7.706425932e-04
26.131198	1.545607066e-03
26.136198	-9.402789423e-04
26.141199	1.586706756e-04
26.146199	-3.953039154e-04
26.151199	-8.832815321e-04
26.156199	1.596706543e-04
26.161200	6.086500761e-04
26.166200	-9.402788923e-04
26.171200	-3.321844858e-06
26.176200	2.979541393e-03
26.181200	-5.572964240e-04
26.186201	-2.097225804e-03
26.191201	-2.766195119e-03
26.196201	1.210622544e-03
26.201201	8.766378694e-04
26.206202	-6.152937101e-04
26.211202	3.036538856e-03
26.216202	1.488609844e-03
26.221202	-1.160268685e-03
26.226202	-6.131906227e-05
26.231203	5.367567794e-05
26.236203	-2.708197670e-03
26.241203	-1.331260792e-03
26.246203	7.706428440e-04
26.251204	1.324617457e-03
26.256204	1.927589824e-03
26.261204	1.316617853e-03
26.266204	-2.211220371e-03
26.271205	-2.374212882e-03
26.276205	1.544607446e-03
26.281205	7.706429500e-04
26.286205	-3.321545357e-06
26.291205	-7.202886539e-04
26.296206	5.467582893e-05
26.301206	2.042584695e-03
26.306206	1.596710494e-04
26.311206	-2.164222376e-03
26.316207	-6.131878155e-05
26.321207	6.086505171e-04
26.326207	-8.832810552e-04
26.331207	-2.323108848e-04
26.336208	3.796610741e-04
26.341208	1.325617719e-03
26.346208	-1.083165112e-04
26.351208	-1.772240196e-03
26.356208	-6.632910233e-04
26.361209	9.336357743e-04
26.366209	1.593605534e-03
26.371209	-1.083164067e-04
26.376209	-2.243110663e-04
26.381210	-8.352830295e-04
26.386210	-8.342830529e-04
26.391210	9.336359061e-04
26.396210	6.656482170e-04
26.401211	2.271574604e-03
26.406211	-3.383057021e-04
26.411211	-3.874143551e-03
26.416211	-3.321013910e-06
26.421211	7.706435223e-04
26.426212	-5.002981768e-04
26.431212	9.326361445e-04
26.436212	-6.031830050e-05
26.441212	-3.320888244e-06
26.446213	-2.233107751e-04
26.451213	6.656484901e-04
26.456213	9.906336154e-04
26.461213	-8.912800670e-04
26.466213	-6.052931530e-04
26.471214	1.153626223e-03
26.476214	-5.572952984e-04
26.481214	-1.657244835e-03
26.486214	1.016745427e-04
26.491215	-3.383052543e-04
26.496215	1.686715286e-04
26.501215	-7.202876809e-04
26.506215	-3.383051662e-04
26.511216	1.602605868e-03
26.516216	1.116742614e-04
26.521216	-8.922796741e-04
26.526216	1.316619073e-03
26.531216	8.286414792e-04
26.536217	-9.982747204e-04
26.541217	1.153626641e-03
26.546217	7.226464347e-04
26.551217	-1.103269810e-03
26.556218	1.593606564e-03
26.561218	6.556496048e-04
26.566218	-1.217264484e-03
26.571218	-3.853025979e-04
26.576219	-1.173148519e-04
26.581219	-9.492766701e-04
26.586219	5.506545887e-04
26.591219	1.994588415e-03
26.596219	-5.572945390e-04
26.601220	8.756397926e-04
26.606220	-6.062922212e-04
26.611220	-1.173146061e-04
26.616220	4.366600291e-04
26.621221	-4.432995858e-04
26.626221	2.156702356e-04
26.631221	3.886623407e-04
26.636221	-1.876233770e-03
26.641222	-9.492762359e-04
26.646222	8.186427385e-04
26.651222	-5.582940868e-04
26.656222	1.880594122e-03
26.661222	-1.217263794e-03
26.666223	-1.772238307e-03
26.671223	2.042586813e-03
26.676223	2.481566724e-03
26.681223	-3.320167211e-03
26.686224	-3.482159742e-03
26.691224	3.265530899e-03
26.696224	8.186431367e-04
26.701224	1.016760530e-04
26.706224	7.226476216e-04
26.711225	4.936581634e-04
26.716225	-1.183137337e-04
26.721225	-2.766192279e-03
26.726225	-1.666242671e-03
26.731226	-2.223088362e-04
26.736226	2.874549208e-03
26.741226	-2.233087029e-04
26.746226	-1.437252996e-03
26.751227	1.372618208e-03
26.756227	1.927592806e-03
26.761227	3.886634152e-04
26.766227	-7.202856912e-04
26.771227	-2.803058197e-04
26.776228	-5.012956407e-04
26.781228	1.373618436e-03
26.786228	-6.142903666e-04
26.791228	-3.863007736e-04
26.796229	-1.045270511e-03
26.801229	-2.268214388e-03
26.806229	2.090585797e-03
26.811229	2.204580618e-03
26.816230	-8.262803603e-04
26.821230	7.136490787e-04
26.826230	-3.373026834e-04
26.831230	-1.160264899e-03
26.836230	1.325621166e-03
26.841231	-2.326211338e-03
26.846231	-1.332256863e-03
26.851231	1.650606416e-03
26.856231	-5.582922498e-04
26.861232	6.656516803e-04
26.866232	2.147583781e-03
26.871232	-2.881185585e-03
26.876232	-1.322257014e-03
26.881233	2.539565964e-03
26.886233	5.368000114e-05
26.891233	-1.886230996e-03
26.896233	1.016779066e-04
26.901233	2.100586305e-03
26.906234	-9.972715963e-04
26.911234	-9.982714962e-04
26.916234	1.596754634e-04
26.921234	-5.002942205e-04
26.926235	-8.252792640e-04
26.931235	1.105632254e-03
26.936235	8.756428553e-04
26.941235	-4.432966118e-04
26.946235	-8.822764271e-04
26.951236	1.096632891e-03
26.956236	1.487615021e-03
26.961236	-1.437250809e-03
26.966236	-1.771235438e-03
26.971237	4.356634279e-04
26.976237	2.261579763e-03
26.981237	2.736709722e-04
26.986237	-1.753083822e-04
26.991238	-1.159263206e-03
26.996238	-1.160263101e-03
27.001238	1.038636133e-03
27.006238	-4.422959022e-04
27.011238	-1.599242793e-03
27.016239	2.424572765e-03
27.021239	5.986565490e-04
27.026239	-1.992224591e-03
27.031239	9.906386982e-04
27.036240	2.166742482e-04
27.041240	6.656537234e-04
27.046240	-1.083107260e-04
27.051240	-1.771234414e-03
27.056241	1.535614021e-03
27.061241	8.756443459e-04
27.066241	-7.682802122e-04
27.071241	1.686768897e-04
27.076241	2.646725522e-04
27.081242	1.927596367e-03
27.086242	1.277626235e-03
27.091242	-1.886228629e-03
27.096242	-1.495246491e-03
27.101243	3.886671920e-04
27.106243	1.316624709e-03
27.111243	-6.131204297e-05
27.116243	3.316700044e-04
27.121244	1.596779575e-04
27.126244	-1.663070280e-04
27.131244	-1.657238597e-03
27.136244	-1.112263518e-03
27.141244	1.116804289e-04
27.146245	-1.753063436e-04
27.151245	-7.202812864e-04
27.156245	-1.265256229e-03
27.161245	1.430620227e-03
27.166246	-6.142859387e-04
27.171246	9.906405411e-04
27.176246	1.267627911e-03
27.181246	-1.753058564e-04
27.186247	-3.952956985e-04
27.191247	-1.045265825e-03
27.196247	4.936636829e-04
27.201247	-2.803007571e-04
27.206247	-6.632831243e-04
27.211248	9.326437705e-04
27.216248	1.211631051e-03
27.221248	6.086587716e-04
27.226248	8.856461443e-04
27.231249	6.566567176e-04
27.236249	8.276489510e-04
27.241249	-2.233027860e-04
27.246249	-3.377158099e-03
27.251249	-2.163213687e-03
27.256250	-2.802999483e-04
27.261250	5.368481292e-05
27.266250	3.786699871e-04
27.271250	1.267629302e-03
27.276251	2.214585958e-03
27.281251	6.566574694e-04
27.286251	-1.772231083e-03
27.291251	-1.217256453e-03
27.296252	5.416629737e-04
27.301252	2.491573643e-03
27.306252	-1.599238705e-03
27.311252	-3.158167145e-03
27.316252	1.706609871e-03
27.321253	3.796707932e-04
27.326253	1.686805470e-04
27.331253	7.796526119e-04
27.336253	-2.995174223e-03
27.341254	-7.862754262e-04
27.346254	2.319582243e-03
27.351254	7.226555466e-04
27.356254	3.796713544e-04
27.361255	-3.952930301e-04
27.366255	4.456684913e-04
27.371255	1.153636111e-03
27.376255	-2.001219148e-03
27.381255	-2.373202009e-03
27.386256	1.602615772e-03
27.391256	-3.382951490e-04
27.396256	-1.054262236e-03
27.401256	-7.782748074e-04
27.406257	8.276516407e-04
27.411257	2.874557869e-03
27.416257	-5.572846872e-04
27.421257	-1.389246455e-03
27.426258	-1.274251642e-03
27.431258	2.736774669e-04
27.436258	6.086621928e-04
27.441258	-3.282947590e-04
27.446258	1.764609362e-03
27.451259	-1.609235851e-03
27.456259	-1.494241037e-03
27.461259	3.370535988e-03
27.466259	-3.382938650e-04
27.471260	-2.602189971e-03
27.476260	8.856501903e-04
27.481260	2.652569261e-03
27.486260	-2.823179573e-03
27.491260	-3.215161510e-03
27.496261	1.812608043e-03
27.501261	1.326630416e-03
27.506261	2.271587178e-03
27.511261	-1.610234740e-03
27.516262	-1.886221995e-03
27.521262	1.985600563e-03
27.526262	1.116865784e-04
27.531262	-1.045260281e-03
27.536263	1.267633759e-03
27.541263	2.864560628e-03
27.546263	-7.772722922e-04
27.551263	-1.657231851e-03
27.556263	-6.722769205e-04
27.561264	-2.802948005e-04
27.566264	1.324631703e-03
27.571264	-3.952893399e-04
27.576264	1.268634459e-03
27.581265	-5.002843366e-04
27.586265	-1.389243480e-03
27.591265	1.487624703e-03
27.596265	-1.083020242e-04
27.601266	-7.202738678e-04
27.606266	-7.782711123e-04
27.611266	1.219637375e-03
27.616266	1.325632611e-03
27.621266	-5.572809550e-04
27.626267	-2.802935583e-04
27.631267	-3.306161206e-06
27.636267	-9.402631013e-04
27.641267	2.166839479e-04
27.646268	-1.183005936e-04
27.651268	-1.828222090e-03
27.656268	-1.652982406e-04
27.661268	7.706589428e-04
27.666269	-7.202725943e-04
27.671269	1.016898166e-04
27.676269	2.807565845e-03
27.681269	-6.632749067e-04
27.686269	-2.097209056e-03
27.691270	-3.304965748e-06
27.696270	7.136622610e-04
27.701270	5.469257838e-05
27.706270	5.506699387e-04
27.711271	-8.362663641e-04
27.716271	-1.169250993e-03
27.721271	1.603621966e-03
27.726271	3.316803917e-04
27.731271	2.099599432e-03
27.736272	-8.352658930e-04
27.741272	-1.112253088e-03
27.746272	2.424584843e-03
27.751272	-1.886217390e-03
27.756273	-8.832632732e-04
27.761273	2.318590019e-03
27.766273	-2.985166684e-03
27.771273	-1.111252502e-03
27.776274	2.099600378e-03
27.781274	-7.682680156e-04
27.786274	-1.991211833e-03
27.791274	4.469492226e-05
27.796274	1.095646841e-03
27.801275	3.886793652e-04
27.806275	9.336544849e-04
27.811275	-9.972568693e-04
27.816275	-1.045254560e-03
27.821276	-3.382868668e-04
27.826276	1.984606732e-03
27.831276	5.516725453e-04
27.836276	4.366779281e-04
27.841277	1.095647823e-03
27.846277	-2.232915896e-04
27.851277	4.456778473e-04
27.856277	-1.446235292e-03
27.861277	-1.112250495e-03
27.866278	1.162645307e-03
27.871278	-5.572757179e-04
27.876278	-8.922602456e-04
27.881278	1.162645644e-03
27.886279	7.706637307e-04
27.891279	-1.054252479e-03
27.896279	-2.232904669e-04
27.901279	1.152646557e-03
27.906280	5.469701480e-05
27.911280	2.482585804e-03
27.916280	-4.432799223e-04
27.921280	-3.980117634e-03
27.926280	8.756598314e-04
27.931281	2.424588925e-03
27.936281	-1.159246631e-03
27.941281	-5.002767302e-04
27.946281	-9.402564393e-04
27.951282	-6.632690230e-04
27.956282	6.566705716e-04
27.961282	2.262597053e-03
27.966282	3.590536282e-03
27.971282	8.856604253e-04
27.976283	-1.772217586e-03
27.981283	-1.772217467e-03
27.986283	-1.182931845e-04
27.991283	-1.742904976e-04
27.996284	-1.713219814e-03
28.001284	5.506765004e-04
28.006284	-8.352598306e-04
28.011284	-1.217242195e-03
28.016285	4.936794755e-04
28.021285	-3.382822557e-04
28.026285	3.886845324e-04
28.031285	-1.322236896e-03
28.036285	5.416777610e-04
28.041286	1.927614335e-03
28.046286	9.426596200e-04
28.051286	-6.722662085e-04
28.056286	2.736905402e-04
28.061287	7.226700768e-04
28.066287	1.026986280e-04
28.071287	4.936808246e-04
28.076287	-5.492712289e-04
28.081288	1.048655627e-03
28.086288	8.196662516e-04
28.091288	-2.880163976e-03
28.096288	-3.292808152e-04
28.101288	8.276662617e-04
28.106289	-1.828211833e-03
28.111289	4.470241548e-05
28.116289	4.936819554e-04
28.121289	2.099608447e-03
28.126290	1.096654562e-03
28.131290	-1.494226511e-03
28.136290	-1.438228951e-03
28.141290	-2.546178020e-03
28.146291	8.766651621e-04
28.151291	2.261601788e-03
28.156291	-1.217238569e-03
28.161291	-2.708170076e-03
28.166291	1.993614465e-03
28.171292	3.811531239e-03
28.176292	-2.892805979e-04
28.181292	-5.012707469e-04
28.186292	4.466859179e-04
28.191293	-1.943204368e-03
28.196293	-3.293186358e-06
28.201293	1.324646056e-03
28.206293	-1.610219240e-03
28.211294	5.516817634e-04
28.216294	1.325646408e-03
28.221294	-1.934203986e-03
28.226294	1.107023829e-04
28.231294	8.756674410e-04
28.236295	-1.551221146e-03
28.241295	2.262604115e-03
28.246295	-1.494223490e-03
28.251295	8.286701340e-04
28.256296	6.566781556e-04
28.261296	-1.829207724e-03
28.266296	-6.128865230e-05
28.271296	-4.432710012e-04
28.276296	3.141564761e-03
28.281297	8.286709501e-04
28.286297	-1.991199614e-03
28.291297	-1.829206905e-03
28.296297	-1.820207180e-03
28.301298	-6.028773874e-05
28.306298	3.036570400e-03
28.311298	3.786924097e-04
28.316298	-1.742820961e-04
28.321299	1.325649267e-03
28.326299	-1.657213821e-03
28.331299	-1.652820904e-04
28.336299	7.126777929e-04
28.341299	-1.830205469e-03
28.346300	1.597034293e-04
28.351300	1.659634794e-03
28.356300	1.937622189e-03
28.361300	-6.722579993e-04
28.366301	-7.772530431e-04
28.371301	-2.222783480e-04
28.376301	-2.384179077e-03
28.381301	1.153658847e-03
28.386302	1.487643676e-03
28.391302	1.107069554e-04
28.396302	-6.622574585e-04
28.401302	-1.169234068e-03
28.406302	2.736999136e-04
28.411303	2.826996455e-04
28.416303	1.545641881e-03
28.421303	-4.522663643e-04
28.426303	-2.221185109e-03
28.431304	1.106662446e-03
28.436304	3.485553514e-03
28.441304	1.017088181e-04
28.446304	-2.049192411e-03
28.451305	-1.380222938e-03
28.456305	2.737013726e-04
28.461305	-9.402428173e-04
28.466305	-7.772501430e-04
28.471305	1.707636067e-03
28.476306	-1.752774485e-04
28.481306	7.716792798e-04
28.486306	1.545643941e-03
28.491306	5.371249892e-05
28.496307	-1.772203628e-03
28.501307	-9.982389667e-04
28.506307	1.927627025e-03
28.511307	-6.722536132e-04
28.516307	-1.045236360e-03
28.521308	-5.002611975e-04
28.526308	1.765635057e-03
28.531308	1.823632549e-03
28.536308	-1.274225254e-03
28.541309	-1.715204882e-03
28.546309	-6.128056568e-05
28.551309	1.095666538e-03
28.556309	1.017122669e-04
28.561310	-6.052551633e-04
28.566310	-2.096186646e-03
28.571310	8.196798077e-04
28.576310	1.152664694e-03
28.581310	-1.662746745e-04
28.586311	9.336750450e-04
28.591311	4.366979880e-04
28.596311	-2.373173016e-03
28.601311	-1.332220591e-03
28.606312	1.209663013e-03
28.611312	2.042624976e-03
28.616312	1.488650534e-03
28.621312	-7.202480246e-04
28.626313	-5.002579543e-04
28.631313	4.936966280e-04
28.636313	1.210663911e-03
28.641313	-7.212473473e-04
28.646313	-5.582546623e-04
28.651314	5.471739027e-05
28.656314	-1.437214042e-03
28.661314	-7.202467568e-04
28.666314	2.931585957e-03
28.671315	-5.002565240e-04
28.676315	-2.938144580e-03
28.681315	1.927632472e-03
28.686315	-1.082740153e-04
28.691316	-1.437212919e-03
28.696316	1.535650929e-03
28.701316	7.706861670e-04
28.706316	-5.027602753e-05
28.711316	2.177118470e-04
28.716317	-5.002550695e-04
28.721317	-3.952597207e-04
28.726317	-1.170224023e-03
28.731317	2.213620982e-03
28.736318	8.276846953e-04
28.741318	-2.164177956e-03
28.746318	9.916775047e-04
28.751318	9.916776696e-04
28.756318	-6.152484834e-04
28.761319	-2.106179955e-03
28.766319	1.117185145e-04
28.771319	6.656932795e-04
28.776319	2.737114193e-04
28.781320	9.906787111e-04
28.786320	2.737117529e-04
28.791320	-1.169221917e-03
28.796320	-3.597110425e-03
28.801321	-1.552204021e-03
28.806321	3.810550251e-03
28.811321	3.371570547e-03
28.816321	-2.708150513e-03
28.821321	-1.332213434e-03
28.826322	2.539609202e-03
28.831322	7.236926366e-04
28.836322	-1.887187478e-03
28.841322	-5.582482428e-04
28.846323	-2.232634322e-04
28.851323	-4.432531742e-04
28.856323	9.346838150e-04
28.861323	9.336840323e-04
28.866324	1.267668890e-03
28.871324	-1.886186325e-03
28.876324	-1.657196653e-03
28.881324	1.117224103e-04
28.886324	1.048679621e-03
28.891325	1.095677640e-03
28.896325	1.429662499e-03
28.901325	2.827152635e-04
28.906325	-2.708147423e-03
28.911326	9.916831041e-04
28.916326	2.042635090e-03
28.921326	5.417040866e-04
28.926326	-1.169217288e-03
28.931327	-1.600197351e-03
28.936327	-1.992179201e-03
28.941327	-3.270221661e-06
28.946327	2.434618171e-03
28.951327	2.702606060e-03
28.956328	9.906847334e-04
28.961328	-6.026690023e-05
28.966328	-9.492259614e-04
28.971328	-1.992177961e-03
28.976329	-8.832286312e-04
28.981329	3.317158391e-04
28.986329	5.997037301e-04
28.991329	-1.169214981e-03
28.996329	8.856909756e-04
29.001330	4.937091288e-04
29.006330	3.307167825e-04
29.011330	1.162678815e-03
29.016330	-1.182622695e-04
29.021331	-1.772186252e-03
29.026331	-1.934178643e-03
29.031331	-3.382516384e-04
29.036331	1.488664775e-03
29.041332	1.268675044e-03
29.046332	-2.164167369e-03
29.051332	-1.494197906e-03
29.056332	1.765652805e-03
29.061332	1.267675822e-03
29.066333	4.457136944e-04
29.071333	-1.552194512e-03
29.076333	-2.164166267e-03
29.081333	-6.026255242e-05
29.086334	9.906894436e-04
29.091334	1.105684356e-03
29.096334	-7.192317814e-04
29.101334	2.167254883e-04
29.106335	1.382672213e-03
29.111335	9.906903724e-04
29.116335	1.017313202e-04
29.121335	-1.552192656e-03
29.126335	-7.782279571e-04
29.131336	-2.232532166e-04
29.136336	5.517114371e-04
29.141336	-4.422427993e-04
29.146336	-1.274204463e-03
29.151337	1.153684400e-03
29.156337	5.987100365e-04
29.161337	-2.049168362e-03
29.166337	-1.599188805e-03
29.171338	-3.261792517e-06
29.176338	4.937156100e-04
29.181338	1.210682926e-03
29.186338	2.157287378e-04
29.191338	-3.261029789e-06
29.196339	-1.379197748e-03
29.201339	1.325678418e-03
29.206339	1.487671182e-03
29.211339	-1.552189240e-03
29.216340	-3.952420963e-04
29.221340	8.277020214e-04
29.226340	1.603666635e-03
29.231340	5.517150629e-04
29.236341	1.587332760e-04
29.241341	-2.222490609e-04
29.246341	-2.802462072e-04
29.251341	-1.182534403e-04
29.256341	-1.332197583e-03
29.261342	7.707061889e-04
29.266342	2.434630089e-03
29.271342	-1.182526585e-04
29.276342	-1.161204640e-03
29.281343	-1.652501109e-04
29.286343	1.607351386e-04
29.291343	-4.432369706e-04
29.296343	-6.642266403e-04
29.301343	-2.049162940e-03
29.306344	1.431677653e-03
29.311344	2.167335593e-04
29.316344	-7.772206667e-04
29.321344	2.759617359e-03
29.326345	-3.206108898e-03
29.331345	-3.645088570e-03
29.336345	3.533582469e-03
29.341345	1.984653691e-03
29.346346	-2.326148447e-03
29.351346	-9.972091814e-04
29.356346	5.987178421e-04
29.361346	9.327027292e-04
29.366346	1.822662124e-03
29.371347	-4.422338229e-04
29.376347	-9.402107873e-04
29.381347	7.707109649e-04
29.386347	5.997190080e-04
29.391348	4.947240254e-04
29.396348	-3.862353770e-04
29.401348	-1.333191753e-03
29.406348	3.797299090e-04
29.411349	5.517222269e-04
29.416349	-1.103201686e-03
29.421349	9.907025078e-04
29.426349	-4.522311249e-04
29.431349	-1.332190571e-03
29.436350	9.907031239e-04
29.441350	-2.802383941e-04
29.446350	-3.250888456e-06
29.451350	2.157650235e-03
29.456351	4.937267373e-04
29.461351	-2.326143757e-03
29.466351	1.117446668e-04
29.471351	2.758623508e-03
29.476352	-7.202167698e-04
29.481352	-1.877163512e-03
29.486352	7.707152840e-04
29.491352	-1.331188129e-03
29.496352	1.048702956e-03
29.501353	9.337084381e-04
29.506353	-2.881116432e-03
29.511353	-1.886161843e-03
29.516353	4.367318562e-04
29.521354	1.382688692e-03
29.526354	-3.852300330e-04
29.531354	-1.182420638e-04
29.536354	1.984661724e-03
29.541354	-2.431135588e-03
29.546355	-9.972011255e-04
29.551355	2.978616785e-03
29.556355	-7.782107415e-04
29.561355	-3.852285477e-04
29.566356	2.167440637e-04
29.571356	-1.182403627e-04
29.576356	9.427112038e-04
29.581356	1.880668410e-03
29.586357	-1.388181490e-03
29.591357	-1.552173755e-03
29.596357	1.095705048e-03
29.601357	1.602682017e-03
29.606357	2.827427552e-04
29.611358	-1.170190408e-03
29.616358	-1.111192897e-03
29.621358	-8.342053808e-04
29.626358	3.787392195e-04
29.631359	1.602683316e-03
29.636359	-5.572174297e-04
29.641359	-1.055194378e-03
29.646359	-1.322181918e-03
29.651360	-5.002193889e-04
29.656360	9.907124667e-04
29.661360	1.937669265e-03
29.666360	8.757181778e-04
29.671360	-1.504172478e-03
29.676361	-1.274182804e-03
29.681361	-1.082360457e-04
29.686361	2.099662937e-03
29.691361	3.787420664e-04
29.696362	-1.886153861e-03
29.701362	-2.802272757e-04
29.706362	1.716681382e-03
29.711362	-5.482145442e-04
29.716363	1.027558294e-04
29.721363	-9.971935125e-04
29.726363	1.587537071e-04
29.731363	5.987337560e-04
29.736363	1.277702847e-03
29.741364	1.545690783e-03
29.746364	-3.272088085e-03
29.751364	-1.055189512e-03
29.756364	8.857217170e-04
29.761365	1.117574302e-04
29.766365	5.376031471e-05
29.771365	-2.001145237e-03
29.776365	2.167532924e-04
29.781365	2.434651822e-03
29.786366	-6.123350875e-05
29.791366	8.847233433e-04
29.796366	-1.652282867e-04
29.801366	-1.608161897e-03
29.806367	3.307494263e-04
29.811367	1.984673817e-03
29.816367	7.047327342e-04
29.821367	1.267707149e-03
29.826368	-8.251966573e-04
29.831368	-1.657158281e-03
29.836368	1.765685002e-03
29.841368	2.077566671e-04
29.846368	-1.715154932e-03
29.851369	2.267562560e-04
29.856369	3.227520849e-04
29.861369	-8.931919301e-04
29.866369	-2.722201722e-04
29.871370	-1.379169184e-03
29.876370	1.870682033e-03
29.881370	3.810593315e-03
29.886370	-1.111180776e-03
29.891371	-3.231346091e-06
29.896371	-3.292161660e-04
29.901371	-1.609157244e-03
29.906371	-2.660108822e-03
29.911371	-1.172251859e-04
29.916372	1.487701458e-03
29.921372	1.107648285e-04
29.926372	1.822686567e-03
29.931372	-2.603110264e-03
29.936373	-6.631989784e-04
29.941373	1.382707447e-03
29.946373	2.177610986e-04
29.951373	1.822687745e-03
29.956374	-6.162001896e-04
29.961374	-1.389164510e-03
29.966374	1.603698496e-03
29.971374	1.602698779e-03
29.976374	-2.327120791e-03
29.981375	-1.112176261e-03
29.986375	-1.172216444e-04
29.991375	-3.952086595e-04
29.996375	4.457530189e-04
30.001376	4.937510571e-04
30.006376	5.997464363e-04
30.011376	-8.251879871e-04
30.016376	7.227412763e-04
30.021376	-7.771897077e-04
30.026377	-5.581995085e-04
30.031377	2.042681475e-03
30.036377	-1.274166198e-03
30.041377	-3.382088723e-04
30.046378	7.707405211e-04
30.051378	7.137433766e-04
30.056378	1.430710744e-03
30.061378	-1.082184494e-04
30.066379	-6.141950062e-04
30.071379	-6.122011837e-05
30.076379	-3.222534251e-06
30.081379	-5.001995028e-04
30.086379	-7.691869250e-04
30.091380	2.747654514e-04
30.096380	-2.892084443e-04
30.101380	1.017738731e-04
30.106380	3.307636185e-04
30.111381	-3.282059205e-04
30.116381	1.106728530e-03
30.121381	9.327367539e-04
30.126381	-3.382047237e-04
30.131382	-8.821795343e-04
30.136382	-6.151915294e-04
30.141382	-1.781137820e-03
30.146382	1.325719970e-03
30.151382	5.377853927e-05
30.156383	-1.992127402e-03
30.161383	8.857408882e-04
30.166383	2.167718110e-04
30.171383	-2.001126244e-03
30.176384	5.507569952e-04
30.181384	2.214680950e-03
30.186384	-5.921453642e-05
30.191384	-8.351787062e-04
30.196385	-6.121394402e-05
30.201385	2.737709468e-04
30.206385	-3.216101483e-06
30.211385	5.517587028e-04
30.216385	-1.265157735e-03
30.221386	-6.121268715e-05
30.226386	1.210729243e-03
30.231386	-1.771133778e-03
30.236386	-3.951966154e-04
30.241387	9.337427024e-04
30.246387	1.325724982e-03
30.251387	3.887681980e-04
30.256387	-2.431102249e-03
30.261388	1.587792520e-04
30.266388	-8.341749639e-04
30.271388	-5.001900230e-04
30.276388	1.372724354e-03
30.281388	2.702663628e-03
30.286389	1.659711706e-03
30.291389	-1.160158739e-03
30.296389	-8.351733843e-04
30.301389	-1.652038475e-04
30.306390	-2.488097080e-03
30.311390	-1.447144553e-03
30.316390	1.153736447e-03
30.321390	2.167796672e-04
30.326390	3.887720390e-04
30.331391	2.257797710e-04
30.336391	-6.151814100e-04
30.341391	-1.494140848e-03
30.346391	9.427476732e-04
30.351392	4.937685196e-04
30.356392	1.593718344e-03
30.361392	1.258733964e-03
30.366392	-2.766081227e-03
30.371393	-1.762127000e-03
30.376393	2.424681285e-03
30.381393	1.813709561e-03
30.386393	-2.141971930e-04
30.391393	4.357732661e-04
30.396394	1.096743221e-03
30.401394	-5.481810923e-04
30.406394	-3.100063819e-03
30.411394	-6.721748810e-04
30.416395	9.427513338e-04
30.421395	5.027717717e-04
30.426395	4.479303521e-05
30.431395	4.367753261e-04
30.436396	-4.431840609e-04
30.441396	-7.291706829e-04
30.446396	4.937735071e-04
30.451396	-5.481784512e-04
30.456396	2.737841253e-04
30.461397	5.987694899e-04
30.466397	1.708718862e-03
30.471397	3.887796514e-04
30.476397	-3.381867484e-04
30.481398	-7.771663528e-04
30.486398	-8.251638845e-04
30.491398	1.602725058e-03
30.496398	-6.151729773e-04
30.501399	-1.781119247e-03
30.506399	-1.054152312e-03
30.511399	1.104748966e-03
30.516399	2.737873366e-04
30.521399	4.947774732e-04
30.526400	6.087725160e-04
30.531400	-1.657123317e-03
30.536400	3.877831895e-04
30.541400	3.787838728e-04
30.546401	-1.388134838e-03
30.551401	7.147690092e-04
30.556401	1.047754013e-03
30.561401	8.857617122e-04
30.566401	-3.951792812e-04
30.571402	-1.447130774e-03
30.576402	-6.019409595e-05
30.581402	7.797676626e-04
30.586402	3.307885228e-04
30.591403	-1.054147701e-03
30.596403	-1.599122438e-03
30.601403	1.373741522e-03
30.606403	2.204703695e-03
30.611404	-1.651873645e-04
30.616404	-3.381791573e-04
30.621404	-9.981486206e-04
30.626404	-8.341558645e-04
30.631404	4.367861354e-04
30.636405	2.539689988e-03
30.641405	-7.201602628e-04
30.646405	-2.154094236e-03
30.651405	4.357872879e-04
30.656406	8.767673451e-04
30.661406	6.087799107e-04
30.666406	-1.552120728e-03
30.671406	-1.226135397e-03
30.676407	5.507834048e-04
30.681407	7.797731839e-04
30.686407	1.383745769e-03
30.691407	9.347666356e-04
30.696407	-2.241799440e-04
30.701408	-1.667113502e-03
30.706408	1.598030097e-04
30.711408	3.317954040e-04
30.716408	4.937882571e-04
30.721409	-2.231785869e-04
30.726409	-1.389124844e-03
30.731409	-1.227131990e-03
30.736409	-3.861702681e-04
30.741410	3.266662522e-03
30.746410	1.268754414e-03
30.751410	-8.351488334e-04
30.756410	-7.201538230e-04
30.761410	-1.091815542e-04
30.766411	6.567836081e-04
30.771411	-2.220084196e-03
30.776411	-6.061579143e-04
30.781411	1.430748973e-03
30.786412	2.482701023e-03
30.791412	5.381267913e-05
30.796412	-1.055136187e-03
30.801412	6.087878034e-04
30.806412	-1.332122915e-03
30.811413	-2.163084526e-03
30.816413	5.517912760e-04
30.821413	1.984725859e-03
30.826413	-1.217127040e-03
30.831414	-3.861648544e-04
30.836414	4.357977443e-04
30.841414	-4.421617108e-04
30.846414	-9.971359754e-04
30.851415	-3.181262083e-06
30.856415	1.268760705e-03
30.861415	1.104768514e-03
30.866415	-4.431602200e-04
30.871415	-6.721494304e-04
30.876416	-3.381644543e-04
30.881416	1.488752067e-03
30.886416	-1.054131044e-03
30.891416	-1.495110533e-03
30.896417	3.705651290e-03
30.901417	1.488753232e-03
30.906417	-7.871421204e-04
30.911417	-1.160124726e-03
30.916418	-1.265119619e-03
30.921418	-1.661697161e-04
30.926418	-1.169123435e-03
30.931418	-1.283117915e-03
30.936418	2.099727267e-03
30.941419	1.047775795e-03
30.946419	-2.880043810e-03
30.951419	1.383760978e-03
30.956419	1.267766592e-03
30.961420	6.557949472e-04
30.966420	-7.771390536e-04
30.971420	-2.489060262e-03
30.976420	1.439759887e-03
30.981421	5.518008989e-04
30.986421	1.708748146e-03
30.991421	-7.771375724e-04
30.996421	-2.441060980e-03
31.001421	2.738148332e-04
31.006422	2.319721321e-03
31.011422	-3.951538972e-04
31.016422	1.118231549e-04
31.021422	-6.051436717e-04
31.026423	-2.049077165e-03
31.031423	3.972647023e-03
31.036423	6.567993623e-04
31.041423	-2.708046051e-03
31.046423	-6.061421288e-04
31.051424	4.368103494e-04
31.056424	-6.721385018e-04
31.061424	-4.431487007e-04
31.066424	5.508060250e-04
31.071425	-1.389104724e-03
31.076425	2.168219422e-04
31.081425	9.907867560e-04
31.086425	-3.851498514e-04
31.091426	1.822749213e-03
31.096426	6.078052245e-04
31.101426	-1.389102909e-03
31.106426	-2.321556544e-04
31.111426	6.078061349e-04
31.116427	-7.201326716e-04
31.121427	-9.391223260e-04
31.126427	8.857943014e-04
31.131427	2.168252803e-04
31.136428	4.938128849e-04
31.141428	2.158259368e-04
31.146428	-8.341256143e-04
31.151428	2.748238435e-04
31.156429	1.764755833e-03
31.161429	-4.431426229e-04
31.166429	-1.055114255e-03
31.171429	-3.951442095e-04
31.176429	4.378179045e-04
31.181430	7.708029440e-04
31.186430	-4.441410395e-04
31.191430	4.458184619e-04
31.196430	-7.771251543e-04
31.201431	8.767993179e-04
31.206431	-5.571346232e-04
31.211431	-1.829075992e-03
31.216431	1.268782273e-03
31.221432	9.427975304e-04
31.226432	-4.441385645e-04
31.231432	-2.311480200e-04
31.236432	-3.158162994e-06
31.241432	2.738294477e-04
31.246433	-8.341194384e-04
31.251433	-1.715078732e-03
31.256433	-2.231468292e-04
31.261433	1.708764900e-03
31.266434	1.325782773e-03
31.271434	-1.275097656e-03
31.276434	-3.381403051e-04
31.281434	2.377735478e-03
31.286434	-9.401120757e-04
31.291435	-1.772073614e-03
31.296435	-1.666078160e-03
31.301435	-1.609080458e-03
31.306435	8.858054595e-04
31.311436	-4.421333357e-04
31.316436	-6.015053508e-05
31.321436	2.758720528e-03
31.326436	8.858067223e-04
31.331437	-9.971066247e-04
31.336437	2.168380294e-04
31.341437	-8.351134188e-04
31.346437	-1.495082840e-03
31.351437	-2.231408445e-04
31.356438	4.368292120e-04
31.361438	2.205748421e-03
31.366438	1.325789087e-03
31.371438	6.658196676e-04
31.376439	-2.801366388e-04
31.381439	-1.610075338e-03
31.386439	1.707772849e-03
31.391439	2.748388729e-04
31.396440	-1.714069610e-03
31.401440	-3.381323802e-04
31.406440	1.707774130e-03
31.411440	4.948300681e-04
31.416440	-7.781112429e-04
31.421441	-2.317040357e-03
31.426441	1.106802972e-03
31.431441	2.538737637e-03
31.436441	-6.641151818e-04
31.441442	4.948320002e-04
31.446442	-6.014222973e-05
31.451442	-7.871085731e-04
31.456442	-5.001214086e-04
31.461443	-1.876057994e-03
31.466443	-6.151154877e-04
31.471443	1.429791072e-03
31.476443	1.373793965e-03
31.481443	1.268799104e-03
31.486444	2.434745968e-03
31.491444	1.588506491e-04
31.496444	-2.546024999e-03
31.501444	-9.970956956e-04
31.506445	-1.275082623e-03
31.511445	-1.102090228e-03
31.516445	-2.221302495e-04
31.521445	7.128272075e-04
31.526446	-5.581141888e-04
31.531446	1.708782196e-03
31.536446	3.428703661e-03
31.541446	-7.771031630e-04
31.546446	-1.944049327e-03
31.551447	-9.410949857e-04
31.556447	4.948395022e-04
31.561447	-1.713058930e-03
31.566447	-1.552065982e-03
31.571448	7.708278372e-04
31.576448	3.533701483e-03
31.581448	5.988363847e-04
31.586448	-2.871004183e-03
31.591448	3.888466757e-04
31.596449	1.870779057e-03
31.601449	-7.770991991e-04
31.606449	-2.374025644e-03
31.611449	2.042772167e-03
31.616450	7.708308217e-04
31.621450	-9.500899365e-04
31.626450	3.788494614e-04
31.631450	-3.861151293e-04
31.636451	-7.190995272e-04
31.641451	2.168578909e-04
31.646451	8.848275972e-04
31.651451	2.178585143e-04
31.656451	-9.490876431e-04
31.661452	-3.861131216e-04
31.666452	-2.231202597e-04
31.671452	-3.130010885e-06
31.676452	2.748575789e-04
31.681453	-3.129338239e-06
31.686453	1.267812722e-03
31.691453	-5.581032174e-04
31.696453	-1.217072665e-03
31.701454	3.798544497e-04
31.706454	1.153819299e-03
31.711454	-1.045079537e-03
31.716454	-1.651195472e-04
31.721454	9.908277883e-04
31.726455	-7.780907631e-04
31.731455	5.418490536e-04
31.736455	3.218594803e-04
31.741455	6.088466611e-04
31.746456	5.518496147e-04
31.751456	-1.657048761e-03
31.756456	-3.291093098e-04
31.761456	1.210820421e-03
31.766457	-3.371082606e-04
31.771457	5.387415342e-05
31.776457	-1.091180311e-04
31.781457	6.568471896e-04
31.786457	-3.941042791e-04
31.791458	-7.200889890e-04
31.796458	5.387586566e-05
31.801458	-1.714042727e-03
31.806458	1.927790629e-03
31.811459	1.649803719e-03
31.816459	-1.275061824e-03
31.821459	-1.111068999e-03
31.826459	8.768401948e-04
31.831459	5.387827477e-05
31.836460	-7.680836908e-04
31.841460	3.888636057e-04
31.846460	1.211826217e-03
31.851460	2.168721840e-04
31.856461	-5.000945947e-04
31.861461	-2.717992552e-03
31.866461	-2.049022879e-03
31.871461	3.094741614e-03
31.876462	4.358638778e-04
31.881462	1.162830892e-03
31.886462	-6.011268440e-05
31.891462	-2.221013253e-03
31.896462	8.858446381e-04
31.901463	-2.711019638e-04
31.906463	-2.268010051e-03
31.911463	-1.829029830e-03
31.916463	1.706808393e-03
31.921464	4.193694712e-03
31.926464	-6.620822871e-04
31.931464	-8.830718034e-04
31.936464	6.558579836e-04
31.941465	-9.490680750e-04
31.946465	1.545817879e-03
31.951465	5.388664025e-05
31.956465	-6.720797202e-04
31.961465	5.518645112e-04
31.966466	-2.707985663e-03
31.971466	-3.380939762e-04
31.976466	2.204789779e-03
31.981466	-5.000858416e-04
31.986467	-7.200754007e-04
31.991467	2.738793779e-04
31.996467	6.088643724e-04
32.001467	-1.081023981e-04
32.006468	1.430827393e-03
32.011468	6.568632364e-04
32.016468	-1.877020223e-03
32.021468	-1.275047469e-03
32.026468	-5.000826472e-04
32.031469	1.598874479e-04
32.036469	-8.920639607e-04
32.041469	-1.332043430e-03
32.046469	-3.104007733e-06
32.051470	2.268858041e-04
32.056470	1.985805511e-03
32.061470	4.368768914e-04
32.066470	1.678895835e-04
32.071470	1.372834692e-03
32.076471	-1.494033495e-03
32.081471	8.858577395e-04
32.086471	2.644777448e-03
32.091471	-7.780652460e-04
32.096472	-2.430989095e-03
32.101472	6.658692662e-04
32.106472	4.368801266e-04
32.111472	-8.910586230e-04
32.116473	1.267842747e-03
32.121473	4.358812560e-04
32.126473	-9.400552920e-04
32.131473	1.106851214e-03
32.136473	-1.226041454e-03
32.141474	-2.822967869e-03
32.146474	-5.109460336e-05
32.151474	1.209847942e-03
32.156474	-5.570706764e-04
32.161475	7.148713654e-04
32.166475	1.706826246e-03
32.171475	-9.410519778e-04
32.176475	6.088773184e-04
32.181476	2.168956566e-04
32.186476	-1.331033002e-03
32.191476	-5.570681245e-04
32.196476	-8.920523989e-04
32.201476	1.765826096e-03
32.206477	1.688996859e-04
32.211477	-8.830517128e-04
32.216477	-8.350535468e-04
32.221477	8.188709835e-04
32.226478	1.382845491e-03
32.231478	-1.265032729e-03
32.236478	8.188720864e-04
32.241478	2.169000567e-04
32.246479	-2.153990863e-03
32.251479	2.319804370e-03
32.256479	2.645789792e-03
32.261479	-1.389024832e-03
32.266479	1.109067622e-04
32.271480	-6.630573796e-04
32.276480	-1.714008821e-03
32.281480	5.998854518e-04
32.286480	-7.200536547e-04
32.291481	-1.660786849e-04
32.296481	7.138813380e-04
32.301481	-2.800727150e-04
32.306481	-5.570596425e-04
32.311481	-1.657008835e-03
32.316482	-5.010614656e-04
32.321482	2.864784574e-03
32.326482	1.545845424e-03
32.331482	-1.609009544e-03
32.336483	-1.389019258e-03
32.341483	-1.160029384e-03
32.346483	3.789004265e-04
32.351483	1.879831979e-03
32.356484	2.214816994e-03
32.361484	8.198813305e-04
32.366484	-1.494012196e-03
32.371484	-1.266022274e-03
32.376484	7.708847038e-04
32.381485	-3.940615043e-04
32.386485	-1.609005419e-03
32.391485	-5.580532317e-04
32.396485	1.325860763e-03
32.401486	9.428787008e-04
32.406486	-1.054029358e-03
32.411486	-2.890640561e-04
32.416486	1.429857505e-03
32.421487	-1.217020750e-03
32.426487	1.689160794e-04
32.431487	-3.380602955e-04
32.436487	-8.340371745e-04
32.441487	2.597805846e-03
32.446488	8.278873812e-04
32.451488	-1.600000914e-03
32.456488	-8.340356549e-04
32.461488	1.210870961e-03
32.466489	-2.810602488e-04
32.471489	-6.106995481e-05
32.476489	6.088997068e-04
32.481489	-1.770990787e-03
32.486490	-2.105975045e-03
32.491490	1.822845190e-03
32.496490	1.927840758e-03
32.501490	-2.822941023e-03
32.506490	1.689221754e-04
32.511491	1.105879597e-03
32.516491	6.569005674e-04
32.521491	-7.200359125e-04
32.526491	5.392898342e-05
32.531492	7.138991066e-04
32.536492	-6.006502034e-05
32.541492	5.419077627e-04
32.546492	5.989055346e-04
32.551493	8.858927611e-04
32.556493	-2.258962653e-03
32.561493	-8.920249446e-04
32.566493	3.036795295e-03
32.571493	-5.000421448e-04
32.576494	-1.780983023e-03
32.581494	2.259253420e-04
32.586494	-1.713985320e-03
32.591494	9.908910418e-04
32.596495	2.873805093e-03
32.601495	-8.340245044e-04
32.606495	-1.713983767e-03
32.611495	-9.970162531e-04
32.616495	7.139056859e-04
32.621496	1.487870587e-03
32.626496	8.768989916e-04
32.631496	-4.430400957e-04
32.636496	-1.494991471e-03
32.641497	3.789229962e-04
32.646497	-2.800463974e-04
32.651497	1.048893058e-03
32.656497	1.602868049e-03
32.661498	3.319267166e-04
32.666498	1.599349949e-04
32.671498	-7.780216050e-04
32.676498	-8.260190116e-04
32.681498	-7.200234788e-04
32.686499	-5.570305593e-04
32.691499	-1.169002105e-03
32.696499	-5.580297263e-04
32.701499	-3.850372645e-04
32.706500	-2.105957961e-03
32.711500	1.984854859e-03
32.716500	2.931811833e-03
32.721500	2.739340988e-04
32.726501	-2.230427181e-04
32.731501	-1.660449360e-04
32.736501	-1.054003825e-03
32.741501	2.659360488e-04
32.746501	1.152895776e-03
32.751502	-5.580253771e-04
32.756502	1.599420993e-04
32.761502	6.659192962e-04
32.766502	2.259398681e-04
32.771503	6.089227052e-04
32.776503	-1.180435633e-04
32.781503	1.599440887e-04
32.786503	-5.000252512e-04
32.791504	-2.230375528e-04
32.796504	5.495009998e-05
32.801504	-6.160187348e-04
32.806504	-1.750385550e-04
32.811504	-3.850285263e-04
32.816505	4.459337723e-04
32.821505	-1.053997051e-03
32.826505	-1.550973863e-03
32.831505	4.939327743e-04
32.836506	1.706877559e-03
32.841506	-3.950256613e-04
32.846506	2.169466802e-04
32.851506	1.268898848e-03
32.856506	1.153904523e-03
32.861507	3.889400018e-04
32.866507	-2.430930297e-03
32.871507	-2.106944749e-03
32.876507	1.047910997e-03
32.881508	1.599521158e-04
32.886508	9.919143725e-04
32.891508	1.439894236e-03
32.896508	-1.159986148e-03
32.901509	-4.520182049e-04
32.906509	9.919159923e-04
32.911509	4.939392315e-04
32.916509	-1.714959079e-03
32.921509	-8.829968201e-04
32.926510	7.139303630e-04
32.931510	-3.036355360e-06
32.936510	-6.720052743e-04
32.941510	-1.933947004e-03
32.946511	-1.660276598e-04
32.951511	2.090869263e-03
32.956511	3.799481219e-04
32.961511	-2.230238219e-04
32.966512	2.739537991e-04
32.971512	1.660890613e-03
32.976512	-2.800199814e-04
32.981512	-2.602913061e-03
32.986512	1.659891888e-03
32.991513	1.152915544e-03
32.996513	-1.273972766e-03
33.001513	-1.216974969e-03
33.006513	-1.551959198e-03
33.011514	1.267911914e-03
33.016514	1.105919754e-03
33.021514	-1.158975983e-03
33.026514	2.169613386e-04
33.031515	1.315911361e-03
33.036515	-6.102509012e-05
33.041515	-6.049997346e-04
33.046515	1.048924842e-03
33.051515	1.209917873e-03
33.056516	-7.769906081e-04
33.061516	8.299361240e-04
33.066516	-2.810125218e-04
33.071516	-4.530042210e-04
33.076517	1.599680874e-04
33.081517	-1.379960888e-03
33.086517	-5.102140777e-05
33.091517	1.326915826e-03
33.096517	8.199394879e-04
33.101518	-1.217966653e-03
33.106518	7.709425672e-04
33.111518	1.985887275e-03
33.116518	-1.102970675e-03
33.121519	-1.274962372e-03
33.126519	-7.769847878e-04
33.131519	-1.216964196e-03
33.136519	1.267922284e-03
33.141520	2.169708911e-04
33.146520	-1.225962528e-03
33.151520	2.262877918e-03
33.156520	1.104931433e-03
33.161520	-1.723938437e-03
33.166521	-8.339788241e-04
33.171521	1.048935259e-03
33.176521	-7.199832108e-04
33.181521	3.889663615e-04
33.186522	1.689768695e-04
33.191522	-1.886928441e-03
33.196522	6.569553369e-04
33.201522	2.739733193e-04
33.206523	5.398382837e-05
33.211523	1.650911027e-03
33.216523	-1.770931650e-03
33.221523	-1.207957041e-03
33.226523	3.256838660e-03
33.231524	-5.089882440e-04
33.236524	-1.446944813e-03
33.241524	4.459688162e-04
33.246524	-2.545893575e-03
33.251525	-6.149816879e-04
33.256525	1.822906953e-03
33.261525	3.319757413e-04
33.266525	1.879905190e-03
33.271526	-1.770926984e-03
33.276526	-3.156863010e-03
33.281526	2.538876252e-03
33.286526	5.509678289e-04
33.291526	-1.180010705e-04
33.296527	-7.199730416e-04
33.301527	-2.707881464e-03
33.306527	8.859541770e-04
33.311527	1.373932230e-03
33.316528	-2.319937065e-04
33.321528	1.602922586e-03
33.326528	2.711872166e-03
33.331528	-6.059752728e-04
33.336528	-3.817827572e-03
33.341529	-2.889889490e-04
33.346529	1.096947932e-03
33.351529	-9.969556274e-04
33.356529	2.434887444e-03
33.361530	2.271895348e-03
33.366530	-2.211898628e-03
33.371530	-3.377844735e-03
33.376530	2.090904940e-03
33.381531	1.430935633e-03
33.386531	-2.822868887e-03
33.391531	8.859614850e-04
33.396531	5.509772773e-04
33.401531	-4.519763020e-04
33.406532	3.319881840e-04
33.411532	1.048955742e-03
33.416532	6.559741951e-04
33.421532	-1.274936834e-03
33.426533	-3.279798203e-04
33.431533	-1.216938625e-03
33.436533	-1.446927645e-03
33.441533	8.289684342e-04
33.446534	9.919613956e-04
33.451534	-4.429723735e-04
33.456534	1.690000016e-04
33.461534	1.927919786e-03
33.466534	-1.713912790e-03
33.471535	-8.349526560e-04
33.476535	1.095959243e-03
33.481535	-2.487875991e-03
33.486535	1.105959659e-03
33.491536	1.590035171e-04
33.496536	-1.828904894e-03
33.501536	1.822928098e-03
33.506536	2.653890434e-03
33.511537	-3.369719882e-04
33.516537	4.939903489e-04
33.521537	1.487945213e-03
33.526537	-9.489426102e-04
33.531537	6.659837809e-04
33.536538	-6.619548896e-04
33.541538	-1.770903601e-03
33.546538	-6.719535503e-04
33.551538	-4.999609958e-04
33.556539	1.601943067e-03
33.561539	8.759767962e-04
33.566539	-9.389395434e-04
33.571539	5.509925812e-04
33.576540	-7.769460872e-04
33.581540	-1.101930743e-03
33.586540	9.329763935e-04
33.591540	1.210964090e-03
33.596540	9.909746204e-04
33.601541	-1.111928512e-03
33.606541	-1.493910554e-03
33.611541	1.211965819e-03
33.616541	2.874890014e-03
33.621542	-1.551906561e-03
33.626542	-2.220875443e-03
33.631542	1.659947057e-03
33.636542	2.653901927e-03
33.641542	-2.220874106e-03
33.646543	-1.770894293e-03
33.651543	1.497956268e-03
33.656543	1.382961987e-03
33.661543	-2.974017302e-06
33.666544	-2.163874487e-03
33.671544	-3.379577630e-04
33.676544	-3.369573613e-04
33.681544	7.139948977e-04
33.686545	1.937939225e-03
33.691545	-1.079665167e-04
33.696545	-2.329603367e-04
33.701545	7.149966459e-04
33.706545	1.048981781e-03
33.711546	-8.929287277e-04
33.716546	-1.714890589e-03
33.721546	8.289932174e-04
33.726546	5.502915604e-05
33.731547	-9.399247721e-04
33.736547	-9.969217078e-04
33.741547	-8.919260710e-04
33.746547	1.590261915e-04
33.751548	1.488965662e-03
33.756548	1.985943326e-03
33.761548	-1.659575514e-04
33.766548	-2.096868562e-03
33.771548	-6.629338585e-04
33.776549	3.220214317e-04
33.781549	-7.289299261e-04
33.786549	-1.598889583e-03
33.791549	2.740249932e-04
33.796550	1.152985145e-03
33.801550	-5.095919698e-05
33.806550	5.520136098e-04
33.811550	4.370193375e-04
33.816551	5.990123648e-04
33.821551	-1.749516914e-04
33.826551	-3.042819736e-03
33.831551	5.403872047e-05
33.836551	2.711917306e-03
33.841552	5.510168455e-04
33.846552	-1.749494102e-04
33.851552	-6.619266240e-04
33.856552	6.660129438e-04
33.861553	-1.551884902e-03
33.866553	-1.990864316e-03
33.871553	1.048996757e-03
33.876553	1.984954299e-03
33.881553	1.649970118e-03
33.886554	-6.095097331e-05
33.891554	-8.339150717e-04
33.896554	-4.419325856e-04
33.901554	1.325986810e-03
33.906555	2.170381187e-04
33.911555	-1.649439062e-04
33.916555	-1.089460132e-04
33.921555	-2.239402796e-04
33.926556	1.870964125e-03
33.931556	-1.111898642e-03
33.936556	-1.169438016e-04
33.941556	-1.169433397e-04
33.946556	-4.801728068e-03
33.951557	-5.479226535e-04
33.956557	3.532890693e-03
33.961557	2.170431965e-04
33.966557	-1.169410262e-04
33.971558	2.759927525e-03
33.976558	-1.749374396e-04
33.981558	-2.545828264e-03
33.986558	1.220999481e-03
33.991559	6.560258515e-04
33.996559	-1.943854472e-03
34.001559	-9.399000411e-04
34.006559	2.319950952e-03
34.011559	-1.713863622e-03
34.016560	-1.713863156e-03
34.021560	2.740461595e-04
34.026560	-1.111889825e-03
34.031560	2.807930907e-03
34.036561	8.280221585e-04
34.041561	-2.048845462e-03
34.046561	-1.215883188e-03
34.051561	3.323909118e-03
34.056562	1.984970980e-03
34.061562	-8.338992990e-04
34.066562	4.370428936e-04
34.071562	-2.765809778e-03
34.076562	-4.429158199e-04
34.081563	1.707986025e-03
34.086563	1.600574713e-04
34.091563	1.211009752e-03
34.096563	-8.258963800e-04
34.101564	-8.828932960e-04
34.106564	3.230518790e-04
34.111564	7.620322216e-04
34.116564	1.105016966e-03
34.121564	-7.108992978e-04
34.126565	-1.551860266e-03
34.131565	1.813985874e-03
34.136565	7.150367356e-04
34.141565	-3.279149697e-04
34.146566	1.120653290e-04
34.151566	1.431005325e-03
34.156566	1.983980443e-03
34.161566	-1.665851729e-03
34.166567	-1.942838554e-03
34.171567	-9.408840220e-04
34.176567	6.660427706e-04
34.181567	-8.818857780e-04
34.186567	5.520489474e-04
34.191568	2.864943370e-03
34.196568	-1.828840932e-03
34.201568	-2.602804968e-03
34.206568	1.600688235e-04
34.211569	2.830636602e-04
34.216569	-4.439025299e-04
34.221569	-1.168868811e-03
34.226569	-9.968762205e-04
34.231570	4.940558938e-04
34.236570	8.770388107e-04
34.241570	1.106028789e-03
34.246570	-5.478948961e-04
34.251570	2.650683059e-04
34.256571	-2.229088403e-04
34.261571	-2.210817210e-03
34.266571	1.488013668e-03
34.271571	-5.478925011e-04
34.276572	-1.739091694e-04
34.281572	1.813000206e-03
34.286572	-2.916049431e-06
34.291572	5.510590300e-04
34.296573	-2.268811191e-03
34.301573	-1.158861604e-03
34.306573	1.163032413e-03
34.311573	-4.518930569e-04
34.316573	-9.488697872e-04
34.321574	2.156988283e-03
34.326574	7.230545153e-04
34.331574	-4.428915402e-04
34.336574	1.600812949e-04
34.341575	-2.382801624e-03
34.346575	-5.578848176e-04
34.351575	2.931955648e-03
34.356575	6.090626427e-04
34.361575	-1.331847877e-03
34.366576	-6.148802674e-04
34.371576	-5.990522959e-05
34.376576	1.651016805e-03
34.381576	2.376984003e-03
34.386577	1.546022591e-03
34.391577	-2.717781417e-03
34.396577	-1.265847506e-03
34.401577	3.811920152e-03
34.406578	-2.904441700e-06
34.411578	-2.651782497e-03
34.416578	-1.827819790e-03
34.421578	-3.368876659e-04
34.426578	7.140646329e-04
34.431579	2.160879545e-04
34.436579	-4.998787282e-04
34.441579	1.604025291e-03
34.446579	-1.748926522e-04
34.451580	-1.934811466e-03
34.456580	3.427943127e-03
34.461580	-2.318885707e-04
34.466580	-2.210797343e-03
34.471581	3.151957251e-03
34.476581	-6.718669261e-04
34.481581	-2.105800686e-03
34.486581	1.823019658e-03
34.491581	-6.628658659e-04
34.496582	-6.628653744e-04
34.501582	4.370846817e-04
34.506582	-4.428744778e-04
34.511582	1.600983666e-04
34.516583	1.374043197e-03
34.521583	1.220050750e-03
34.526583	-4.998698937e-04
34.531583	-1.445826026e-03
34.536584	1.121030326e-04
34.541584	1.325047910e-03
34.546584	-6.728599868e-04
34.551584	-7.768547240e-04
34.556584	5.520848353e-04
34.561585	3.890928038e-04
34.566585	-2.218786863e-04
34.571585	-1.225832157e-03
34.576585	-8.358495430e-04
34.581586	1.325051870e-03
34.586586	-2.886744340e-06
34.591586	-1.990795097e-03
34.596586	3.591949416e-03
34.601587	9.340717839e-04
34.606587	-3.979702409e-03
34.611587	8.860749795e-04
34.616587	1.871030315e-03
34.621587	-2.048789453e-03
34.626588	-1.379819629e-03
34.631588	4.940949457e-04
34.636588	1.928029695e-03
34.641588	2.171086442e-04
34.646589	-1.551809747e-03
34.651589	-1.159827221e-03
34.656589	7.150873095e-04
34.661589	-2.798665691e-04
34.666589	-1.045830947e-03
34.671590	3.753949471e-03
34.676590	1.871036308e-03
34.681590	-2.985740494e-03
34.686590	-2.382767641e-03
34.691591	2.043029927e-03
34.696591	1.823040516e-03
34.701591	-1.885788922e-03
34.706591	-9.398317946e-04
34.711592	6.570954849e-04
34.716592	-1.713795300e-03
34.721592	-2.718609136e-04
34.726592	7.710917679e-04
34.731592	2.034034362e-03
34.736593	1.546057242e-03
34.741593	-2.096775221e-03
34.746593	-2.898575679e-04
34.751593	-7.288369346e-04
34.756594	-1.933781180e-03
34.761594	-6.048416096e-04
34.766594	1.545060317e-03
34.771594	1.593058623e-03
34.776595	-2.218576526e-04
34.781595	-2.095771222e-03
34.786595	-1.274808359e-03
34.791595	1.985042675e-03
34.796595	8.770939850e-04
34.801596	-1.658576854e-04
34.806596	9.440919283e-04
34.811596	7.621007811e-04
34.816596	4.361162366e-04
34.821597	-4.998403388e-04
34.826597	-1.159809569e-03
34.831597	1.383074343e-03
34.836597	-6.718309253e-04
34.841598	-2.325754579e-03
34.846598	-3.278456785e-04
34.851598	7.231066427e-04
34.856598	2.651281526e-04
34.861598	-1.502790273e-03
34.866599	7.801055610e-04
34.871599	5.413935966e-05
34.876599	-2.857515463e-06
34.881599	1.383079447e-03
34.886600	2.661311743e-04
34.891600	-4.998331920e-04
34.896600	1.681366923e-04
34.901600	-3.948369812e-04
34.906600	-2.544737890e-03
34.911601	4.941232839e-04
34.916601	7.711110968e-04
34.921601	1.546076076e-03
34.926601	1.039099837e-03
34.931602	-3.597687040e-03
34.936602	1.111434146e-04
34.941602	4.308951449e-03
34.946602	-2.218402873e-04
34.951603	-2.822720515e-03
34.956603	-1.111798449e-03
34.961603	4.941284304e-04
34.966603	2.158052651e-03
34.971603	-8.248100604e-04
34.976604	-4.528266002e-04
34.981604	9.911077085e-04
34.986604	5.515114175e-05
34.991604	1.591468907e-04
34.996605	-1.274786842e-03
35.001605	-4.998218583e-04
35.006605	1.880069536e-03
35.011605	-3.368282954e-04
35.016606	-2.764716452e-03
35.021606	1.000111440e-03
35.026606	1.325097058e-03
35.031606	-8.908008179e-04
35.036606	4.371388123e-04
35.041607	1.325098617e-03
35.046607	1.154106978e-03
35.051607	-4.428192786e-04
35.056607	-1.933750395e-03
35.061608	-2.888252978e-04
35.066608	1.268103834e-03
35.071608	-9.967917929e-04
35.076608	1.601556799e-04
35.081609	4.461430886e-04
35.086609	-1.876749878e-03
35.091609	1.823080997e-03
35.096609	1.650089452e-03
35.101609	-1.388770685e-03
35.106610	-1.875747832e-03
35.111610	8.851260979e-04
35.116610	1.601598634e-04
35.121610	7.051353990e-04
35.126611	-1.658241409e-04
35.131611	-1.159778041e-03
35.136611	7.621343594e-04
35.141611	1.154116911e-03
35.146611	2.100074062e-03
35.151612	-1.159775940e-03
35.156612	-1.274770141e-03
35.161612	1.881085681e-03
35.166612	1.121673169e-04
35.171613	-1.388763335e-03
35.176613	-2.798136561e-04
35.181613	-1.331764894e-03
35.186613	2.741619974e-04
35.191614	1.326114290e-03
35.196614	-1.178189735e-04
35.201614	-3.858061573e-04
35.206614	1.107125916e-03
35.211614	4.951545056e-04
35.216615	-3.948041584e-04
35.221615	-3.388061968e-04
35.226615	-1.322760550e-03
35.231615	-1.215764927e-03
35.236616	7.141471119e-04
35.241616	6.561503015e-04
35.246616	2.148082423e-03
35.251616	2.263077681e-03
35.256617	-2.430706565e-03
35.261617	-1.828733636e-03
35.266617	1.106132324e-03
35.271617	-7.677812202e-04
35.276617	2.651719483e-04
35.281618	2.091088758e-03
35.286618	-1.054766464e-03
35.291618	1.691779477e-04
35.296618	9.441429467e-04
35.301619	-3.099671100e-03
35.306619	-1.609738884e-03
35.311619	7.711524797e-04
35.316619	5.518584283e-05
35.321620	2.482075098e-03
35.326620	1.591821434e-04
35.331620	-1.828726171e-03
35.336620	-4.997865710e-04
35.341620	-5.567834221e-04
35.346621	2.263087815e-03
35.351621	1.603118612e-03
35.356621	-8.817669129e-04
35.361621	-1.078018648e-04
35.366622	-1.178008695e-04
35.371622	-1.331744670e-03
35.376622	-8.827647197e-04
35.381622	2.091099458e-03
35.386622	1.766114897e-03
35.391623	-7.677683794e-04
35.396623	-3.042663531e-03
35.401623	9.911520463e-04
35.406623	2.171880733e-04
35.411624	-6.717706266e-04
35.416624	1.765118175e-03
35.421624	-1.876714298e-03
35.426624	1.269141996e-03
35.431625	2.148102234e-03
35.436625	-2.106702132e-03
35.441625	-8.917573001e-04
35.446625	-6.617673049e-04
35.451625	-1.159743930e-03
35.456626	-4.427762638e-04
35.461626	1.938115108e-03
35.466626	1.021998310e-04
35.471626	-1.054746578e-03
35.476627	2.206104446e-03
35.481627	-2.317832280e-04
35.486627	-1.437727389e-03
35.491627	-1.044744866e-03
35.496628	1.602004278e-04
35.501628	2.425097120e-03
35.506628	-8.247533219e-04
35.511628	-2.105694043e-03
35.516628	3.257060605e-03
35.521629	2.540094024e-03
35.526629	-1.437723038e-03
35.531629	-8.817479854e-04
35.536629	-9.487443681e-04
35.541630	-9.497437766e-04
35.546630	-1.273728375e-03
35.551630	-5.078390422e-05
35.556630	2.540097843e-03
35.561631	-1.770703948e-03
35.566631	-1.177791923e-04
35.571631	3.753043867e-03
35.576631	2.842034703e-04
35.581631	-2.325676312e-03
35.586632	-2.000690666e-03
35.591632	8.301800797e-04
35.596632	3.312035075e-04
35.601632	1.022145559e-04
35.606633	7.141870443e-04
35.611633	-2.048685721e-03
35.616633	-7.197461074e-04
35.621633	1.112163405e-04
35.626633	3.322067575e-04
35.631634	-9.387344163e-04
35.636634	1.766142108e-03
35.641634	1.048175580e-03
35.646634	-1.112724786e-03
35.651635	-1.168721667e-03
35.656635	-6.137465630e-04
35.661635	2.425114649e-03
35.666635	2.832134127e-04
35.671636	-1.077681075e-04
35.676636	-5.976975584e-05
35.681636	4.942053957e-04
35.686636	-1.665695014e-03
35.691636	2.172192025e-04
35.696637	1.163176381e-03
35.701637	-9.397266413e-04
35.706637	1.431165201e-03
35.711637	5.422889154e-05
35.716638	-1.933679403e-03
35.721638	-2.317568860e-04
35.726638	1.986141973e-03
35.731638	6.082057098e-04
35.736639	-2.797530194e-04
35.741639	-1.167599373e-04
35.746639	8.761950891e-04
35.751639	-1.159711003e-03
35.756639	-1.102713060e-03
35.761640	4.146046827e-03
35.766640	2.182274853e-04
35.771640	-3.262612352e-03
35.776640	-6.157331606e-04
35.781641	6.572090294e-04
35.786641	1.107188955e-03
35.791641	-1.111708745e-03
35.796641	-1.160705940e-03
35.801642	-6.047308736e-04
35.806642	8.772017349e-04
35.811642	5.992150406e-04
35.816642	6.092151417e-04
35.821642	-2.756238050e-06
35.826643	-6.717250040e-04
35.831643	1.164191375e-03
35.836643	5.424282930e-05
35.841643	-6.157258901e-04
35.846644	3.802290038e-04
35.851644	-5.075067330e-05
35.856644	-1.934663729e-03
35.861644	7.052157870e-04
35.866645	3.802312505e-04
35.871645	1.692414872e-04
35.876645	1.775168414e-03
35.881645	5.522250518e-04
35.886645	-2.497634541e-03
35.891646	-2.545631777e-03
35.896646	2.043158379e-03
35.901646	1.374189616e-03
35.906646	-1.159693634e-03
35.911647	-5.007232856e-04
35.916647	-1.177402818e-04
35.921647	1.164201503e-03
35.926647	-8.817041222e-04
35.931647	-9.407008517e-04
35.936648	-6.147152334e-04
35.941648	-1.747348419e-04
35.946648	1.211202175e-03
35.951648	-2.217315546e-04
35.956649	-8.247033402e-04
35.961649	-3.377251026e-04
35.966649	4.372399303e-04
35.971649	2.378151502e-03
35.976650	2.540144641e-03
35.981650	-4.257543099e-03
35.986650	-2.488623640e-03
35.991650	1.709184447e-03
35.996650	-8.916957269e-04
36.001651	5.426146734e-05
36.006651	1.928176112e-03
36.011651	-1.747268946e-04
36.016651	-7.676991357e-04
36.021652	1.823182635e-03
36.026652	3.792494136e-04
36.031652	-1.713654051e-03
36.036652	-6.617017152e-04
36.041653	1.708190190e-03
36.046653	-2.730788866e-06
36.051653	-5.007073840e-04
36.056653	5.422453654e-04
36.061653	-2.764602435e-03
36.066654	-1.713650052e-03
36.071654	3.754099810e-03
36.076654	1.994181079e-03
36.081654	-3.847092698e-04
36.086655	3.222588869e-04
36.091655	-1.226669517e-03
36.096655	-4.417049365e-04
36.101655	7.232422214e-04
36.106656	9.912305075e-04
36.111656	-6.146952823e-04
36.116656	-1.331661833e-03
36.121656	1.929189223e-03
36.126656	2.158179298e-03
36.131657	-2.153622419e-03
36.136657	-2.602601256e-03
36.141657	-5.576944450e-04
36.146657	1.022758697e-04
36.151658	1.383217711e-03
36.156658	-2.096622152e-03
36.161658	-3.367022725e-04
36.166658	2.922148878e-03
36.171658	9.342406058e-04
36.176659	-3.846983399e-04
36.181659	-2.765588592e-03
36.186659	3.312699868e-04
36.191659	2.425174554e-03
36.196660	-8.906728271e-04
36.201660	-2.755586737e-03
36.206660	1.048239426e-03
36.211660	2.922154082e-03
36.216661	2.742760734e-04
36.221661	-8.826702978e-04
36.226661	-1.493641703e-03
36.231661	-2.316989864e-04
36.236661	4.942683066e-04
36.241662	9.342487131e-04
36.246662	-5.970513054e-05
36.251662	1.880206501e-03
36.256662	-1.177013086e-04
36.261663	-1.598632822e-03
36.266663	-1.713626968e-03
36.271663	-3.271554950e-03
36.276663	1.268237471e-03
36.281664	4.031111369e-03
36.286664	7.722613783e-04
36.291664	-3.979520157e-03
36.296664	1.022932647e-04
36.301664	1.106247814e-03
36.306665	2.832861334e-04
36.311665	1.268241555e-03
36.316665	-8.906588696e-04
36.321665	-2.105602577e-03
36.326666	1.488233222e-03
36.331666	2.540185572e-03
36.336666	-2.697244786e-06
36.341666	-1.608623023e-03
36.346667	-8.916553122e-04
36.351667	1.048256324e-03
36.356667	-7.676598251e-04
36.361667	-2.694314180e-06
36.366667	8.762659701e-04
36.371668	2.182967268e-04
36.376668	-7.186597239e-04
36.381668	6.662773607e-04
36.386668	-6.146633169e-04
36.391669	-1.446624581e-03
36.396669	-9.976445797e-04
36.401669	-2.796769118e-04
36.406669	2.492196579e-03
36.411669	1.938222570e-03
36.416670	1.603046811e-04
36.421670	-8.916464946e-04
36.426670	1.211257672e-03
36.431670	3.312986101e-04
36.436671	-3.596520699e-03
36.441671	-1.713606445e-03
36.446671	2.980178924e-03
36.451671	2.743035862e-04
36.456672	-1.159630073e-03
36.461672	2.702193444e-03
36.466672	1.268259785e-03
36.471672	-3.481521833e-03
36.476672	-8.346426068e-04
36.481673	9.912742627e-04
36.486673	9.922748095e-04
36.491673	1.766239914e-03
36.496673	-1.771597273e-03
36.501674	-3.042538404e-03
36.506674	-3.846596809e-04
36.511674	9.332804821e-04
36.516674	1.813240728e-03
36.521675	-1.646679854e-04
36.526675	-1.436609069e-03
36.531675	1.651249940e-03
36.536675	4.373061974e-04
36.541675	-9.976274117e-04
36.546676	8.292894151e-04
36.551676	-4.996490537e-04
36.556676	4.943059671e-04
36.561676	-6.046430468e-04
36.566677	-1.102619617e-03
36.571677	-6.716387813e-04
36.576677	1.651255305e-03
36.581677	1.268273463e-03
36.586678	-1.646602354e-04
36.591678	-1.598593888e-03
36.596678	-1.274608145e-03
36.601678	1.488265768e-03
36.606678	7.143018548e-04
36.611679	3.199188515e-03
36.616679	-1.436598323e-03
36.621679	-3.873485986e-03
36.626679	-1.746549873e-04
36.631680	1.488269363e-03
36.636680	8.862975652e-04
36.641680	-1.378597983e-03
36.646680	-4.516398860e-04
36.651680	2.148241503e-03
36.656681	-2.226491840e-04
36.661681	-2.658669874e-06
36.666681	1.661265636e-03
36.671681	-5.006346331e-04
36.676682	-8.916161035e-04
36.681682	-1.076514481e-04
36.686682	-1.656481863e-04
36.691682	-7.286217698e-04
36.696683	2.163355044e-04
36.701683	-1.656463775e-04
36.706683	-4.416331193e-04
36.711683	2.148248732e-03
36.716683	8.773076114e-04
36.721684	-2.095555471e-03
36.726684	-4.436306115e-04
36.731684	1.880263437e-03
36.736684	3.333349722e-04
36.741685	-6.146209564e-04
36.746685	-3.386330057e-04
36.751685	-2.105551382e-03
36.756685	-1.158594197e-03
36.761686	2.743407054e-04
36.766686	4.943312247e-04
36.771686	-1.331584446e-03
36.776686	-1.216589112e-03
36.781686	3.266205947e-03
36.786687	1.593283263e-03
36.791687	-1.746350661e-04
36.796687	-3.846248297e-04
36.801687	-1.215586120e-03
36.806688	-2.641128289e-06
36.811688	2.090263515e-03
36.816688	7.713246006e-04
36.821688	-2.696270600e-04
36.826689	-1.445572531e-03
36.831689	-1.771556974e-03
36.836689	1.048314337e-03
36.841689	-2.796241631e-04
36.846689	-3.846187386e-04
36.851690	1.985273206e-03
36.856690	1.039317191e-03
36.861690	5.523401314e-04
36.866690	-3.276189090e-04
36.871691	-2.106536730e-03
36.876691	-1.990541437e-03
36.881691	9.353250167e-04
36.886691	2.173585495e-04
36.891692	-1.159577702e-03
36.896692	2.743571609e-04
36.901692	9.333275583e-04
36.906692	5.436847393e-05
36.911692	-1.827544622e-03
36.916693	-5.566022845e-04
36.921693	1.163319466e-03
36.926693	5.993459401e-04
36.931693	2.148275532e-03
36.936694	-1.076204149e-04
36.941694	-9.395816525e-04
36.946694	9.913304251e-04
36.951694	-4.996005965e-04
36.956694	-2.162523732e-03
36.961695	-9.395791911e-04
36.966695	8.863377018e-04
36.971695	-6.145928604e-04
36.976695	-5.575948575e-04
36.981696	1.326319377e-03
36.986696	4.943581413e-04
36.991696	-7.195855790e-04
36.996696	4.373619893e-04
37.001697	6.563525656e-04
37.006697	-4.425964268e-04
37.011697	-3.366006689e-04
37.016697	1.651308799e-03
37.021697	1.000339266e-03
37.026698	1.823302150e-03
37.031698	-2.994476323e-03
37.036698	-2.870481390e-03
37.041698	1.269329409e-03
37.046699	-2.795989491e-04
37.051699	9.343460084e-04
37.056699	-4.425902352e-04
37.061699	-5.060758813e-05
37.066700	1.651314995e-03
37.071700	1.023866384e-04
37.076700	5.438946040e-05
37.081700	-2.225972176e-04
37.086700	-6.715760090e-04
37.091701	9.923483176e-04
37.096701	1.106343713e-03
37.101701	7.143623085e-04
37.106701	5.993682039e-04
37.111702	-1.075987569e-04
37.116702	6.093689914e-04
37.121702	-1.771521215e-03
37.126702	-2.325495190e-03
37.131703	-5.575756304e-04
37.136703	1.164346039e-03
37.141703	2.483286186e-03
37.146703	4.363806670e-04
37.151703	-9.975529586e-04
37.156704	-5.959534143e-05
37.161704	-1.827513652e-03
37.166704	-9.395537423e-04
37.171704	1.937314971e-03
37.176705	-1.159542404e-03
37.181705	-1.330533937e-03
37.186705	-3.945762267e-04
37.191705	-2.593573424e-06
37.196705	1.268348777e-03
37.201706	1.210352064e-03
37.206706	1.124030351e-04
37.211706	-8.815507619e-04
37.216706	-1.273532161e-03
37.221707	-1.175845358e-04
37.226707	1.928322282e-03
37.231707	1.824327679e-03
37.236707	5.540941761e-05
37.241708	-2.268483397e-03
37.246708	-1.332525684e-03
37.251708	7.143810898e-04
37.256708	2.483300610e-03
37.261708	1.024104100e-04
37.266709	-1.550513169e-03
37.271709	-1.075787008e-04
37.276709	-8.825425360e-04
37.281709	9.913721710e-04
37.286710	-3.945636491e-04
37.291710	-1.828497268e-03
37.296710	-1.828496636e-03
37.301710	1.124149995e-04
37.306711	1.823337181e-03
37.311711	-2.578463354e-06
37.316711	-4.995550431e-04
37.321711	4.944000142e-04
37.326711	2.492309038e-03
37.331712	1.316363591e-03
37.336712	-1.446509090e-03
37.341712	3.324099754e-04
37.346712	3.324106094e-04
37.351713	-9.395304346e-04
37.356713	2.262323386e-03
37.361713	-1.331511192e-03
37.366713	-2.659449668e-03
37.371714	7.713936542e-04
37.376714	1.326368842e-03
37.381714	-4.415494582e-04
37.386714	-2.153470326e-03
37.391714	1.593358508e-03
37.396715	2.744196210e-04
37.401715	7.243996248e-04
37.406715	5.994059928e-04
37.411715	-1.828482045e-03
37.416716	6.574046077e-04
37.421716	5.443289302e-05
37.426716	-1.656488019e-03
37.431716	1.536366218e-03
37.436716	3.095295375e-03
37.441717	7.244047253e-04
37.446717	-1.829477534e-03
37.451717	-9.395177019e-04
37.456717	1.124347024e-04
37.461718	-1.175541127e-04
37.466718	-4.515381590e-04
37.471718	-1.665481857e-03
37.476718	1.441376326e-03
37.481719	1.694352879e-04
37.486719	-1.723477277e-03
37.491719	2.043350645e-03
37.496719	2.320338586e-03
37.501719	-1.991463066e-03
37.506720	-5.055142025e-05
37.511720	2.174369335e-04
37.516720	-8.915115764e-04
37.521720	6.564180891e-04
37.526721	-1.713472603e-03
37.531721	-2.707426385e-03
37.536721	1.766369123e-03
37.541721	3.754278615e-03
37.546722	-2.548481347e-06
37.551722	-1.933459300e-03
37.556722	-3.945292207e-04
37.561722	5.514280487e-04
37.566722	-7.205129852e-04
37.571723	-7.855093605e-04
37.576723	9.434120086e-04
37.581723	1.277397339e-03
37.586723	-1.165380998e-04
37.591724	-2.305322275e-04
37.596724	5.445535074e-05
37.601724	-6.053873062e-05
37.606724	7.154263354e-04
37.611725	-1.541469534e-03
37.616725	-2.539451059e-06
37.621725	1.268402920e-03
37.626725	-6.145100968e-04
37.631725	6.004348420e-04
37.636726	-8.344987150e-04
37.641726	-2.153437590e-03
37.646726	2.712339949e-03
37.651726	2.205363843e-03
37.656727	-4.151344037e-03
37.661727	-2.879401710e-03
37.666727	1.717388164e-03
37.671727	2.434355938e-03
37.676727	-1.053483486e-03
37.681728	-1.111480177e-03
37.686728	3.794521097e-04
37.691728	-8.334916236e-04
37.696728	8.774305764e-04
37.701729	1.440405413e-03
37.706729	1.326411291e-03
37.711729	5.424478883e-04
37.716729	-1.102476036e-03
37.721730	7.244408461e-04
37.726730	-2.315146692e-04
37.731730	-8.344863695e-04
37.736730	-1.321463388e-03
37.741730	9.344338253e-04
37.746731	3.256328013e-03
37.751731	1.124728197e-04
37.756731	-2.210420017e-03
37.761731	-1.217464893e-03
37.766732	-3.434362589e-03
37.771732	-1.445453132e-03
37.776732	4.309283652e-03
37.781732	1.383418465e-03
37.786733	-1.331456396e-03
37.791733	-3.375013173e-04
37.796733	1.383420429e-03
37.801733	2.174745456e-04
37.806733	-2.325408201e-03
37.811734	-1.158461053e-03
37.816734	1.986395403e-03
37.821734	1.153434252e-03
37.826734	6.564576959e-04
37.831735	1.326427632e-03
37.836735	-1.075059612e-04
37.841735	-3.147365919e-03
37.846735	-1.331448526e-03
37.851736	2.588372397e-03
37.856736	-1.378445056e-03
37.861736	6.564622957e-04
37.866736	1.650417378e-03
37.871736	5.549116816e-05
37.876737	-1.075006997e-04
37.881737	-1.322444333e-03
37.886737	-1.744963101e-04
37.891737	1.431430713e-03
37.896738	-2.502877790e-06
37.901738	-2.162403181e-03
37.906738	-1.644941305e-04
37.911738	-4.994781105e-04
37.916739	2.164897208e-04
37.921739	2.264899229e-04
37.926739	-2.498916601e-06
37.931739	4.374815702e-04
37.936739	-1.164923674e-04
37.941740	2.425391742e-03
37.946740	1.718424820e-03
37.951740	-1.876409685e-03
37.956740	-1.943405951e-03
37.961741	1.097455280e-03
37.966741	-1.654861486e-04
37.971741	1.594996128e-04
37.976741	6.094796431e-04
37.981741	-7.104591710e-04
37.986742	-2.314804699e-04
37.991742	-8.334522041e-04
37.996742	9.914647826e-04
38.001742	7.714755339e-04
38.006743	6.094836261e-04
38.011743	-2.544371097e-03
38.016743	-3.274720825e-04
38.021743	2.147415103e-03
38.026744	-3.944676801e-04
38.031744	2.158415929e-03
38.036744	-1.331423387e-03
38.041744	-2.163384573e-03
38.046744	2.760390325e-03
38.051745	-3.364670094e-04
38.056745	-2.153383032e-03
38.061745	-2.755354763e-03
38.066745	-2.794676222e-04
38.071746	1.756439693e-03
38.076746	-9.394360260e-04
38.081746	2.320415169e-03
38.086746	-3.364623380e-04
38.091747	-2.048383174e-03
38.096747	2.262419833e-03
38.101747	-6.614454311e-04
38.106747	-6.054473298e-04
38.111747	3.795081766e-04
38.116748	-5.947102568e-05
38.121748	2.215425334e-03
38.126748	-2.325365789e-03
38.131748	-8.344334820e-04
38.136749	3.315376909e-03
38.141749	-1.436404539e-03
38.146749	-1.886383236e-03
38.151749	1.871445129e-03
38.156750	1.605242504e-04
38.161750	-8.344294569e-04
38.166750	-5.474419444e-04
38.171750	1.441467531e-03
38.176750	1.268476135e-03
38.181751	-1.771383807e-03
38.186751	-6.714335702e-04
38.191751	1.154483380e-03
38.196751	-3.274479970e-04
38.201752	-1.274403903e-03
38.206752	-8.914207907e-04
38.211752	1.048490933e-03
38.216752	2.175297086e-04
38.221752	-1.550388554e-03
38.226753	1.326480209e-03
38.231753	9.344988568e-04
38.236753	-1.273399230e-03
38.241753	-9.964112561e-04
38.246754	6.085158291e-04
38.251754	2.215442823e-03
38.256754	1.605377212e-04
38.261754	-2.163355046e-03
38.266755	-4.424332789e-04
38.271755	1.431481474e-03
38.276755	1.431482150e-03
38.281755	-2.153352799e-03
38.286755	-1.216395084e-03
38.291756	-1.644426414e-04
38.296756	7.715151200e-04
38.301756	1.593478109e-03
38.306756	-4.994252484e-04
38.311757	1.106501794e-03
38.316757	2.425441995e-03
38.321757	9.345110370e-04
38.326757	-3.979262975e-03
38.331758	-2.211343359e-03
38.336758	4.375358618e-04
38.341758	2.206455432e-03
38.346758	2.206456111e-03
38.351758	-3.042302539e-03
38.356759	-1.217385536e-03
38.361759	4.945366479e-04
38.366759	1.881473734e-03
38.371759	5.515353958e-04
38.376760	-7.294051886e-04
38.381760	-1.158384838e-03
38.386760	-3.274222578e-04
38.391760	8.765232198e-04
38.396761	-1.331374860e-03
38.401761	2.175547994e-04
38.406761	3.534403396e-03
38.411761	1.498497430e-03
38.416761	4.375467600e-04
38.421762	-3.364170687e-04
38.426762	-1.933343162e-03
38.431762	-1.274372694e-03
38.436762	-1.771349223e-03
38.441763	9.335274355e-04
38.446763	-1.164237373e-04
38.451763	-1.378365190e-03
38.456763	1.163518943e-03
38.461763	4.945503017e-04
38.466764	-7.193933507e-04
38.471764	6.575441984e-04
38.476764	1.431509396e-03
38.481764	-1.828340446e-03
38.486765	5.557385742e-05
38.491765	1.986486006e-03
38.496765	-1.112371217e-03
38.501765	8.285404740e-04
38.506766	-2.420737432e-06
38.511766	-1.074152361e-04
38.516766	6.575503755e-04
38.521766	-1.446352468e-03
38.526766	3.325666520e-04
38.531767	-4.413971718e-04
38.536767	-6.053889642e-04
38.541767	3.476424562e-03
38.546767	5.458215132e-05
38.551768	-3.978232245e-03
38.556768	-1.550342881e-03
38.561768	1.651510995e-03
38.566768	2.425476196e-03
38.571769	1.163534749e-03
38.576769	-9.393681373e-04
38.581769	-2.793977086e-04
38.586769	-2.104313341e-03
38.591769	-2.048315218e-03
38.596770	1.210536046e-03
38.601770	1.488523990e-03
38.606770	-2.793942548e-04
38.611770	5.559107664e-05
38.616771	1.268536152e-03
38.621771	4.945723317e-04
38.626771	-7.763687002e-04
38.631771	-4.993807085e-04
38.636772	2.175871092e-04
38.641772	-1.217346403e-03
38.646772	-2.793887174e-04
38.651772	-8.913599638e-04
38.656772	-5.473750430e-04
38.661773	1.106549814e-03
38.666773	-2.793859435e-04
38.671773	-1.053349761e-03
38.676773	3.753430530e-03
38.681774	2.979466712e-03
38.686774	-9.953503371e-04
38.691774	-1.388331623e-03
38.696774	-1.160341382e-03
38.701774	-9.963482058e-04
38.706775	-1.225337010e-03
38.711775	1.695997238e-04
38.716775	8.865675450e-04
38.721775	-7.193581229e-04
38.726776	-6.713596272e-04
38.731776	-8.333515028e-04
38.736776	1.696032060e-04
38.741776	1.765530726e-03
38.746777	7.715769984e-04
38.751777	1.765532120e-03
38.756777	2.656015940e-04
38.761777	-1.608311784e-03
38.766777	-1.264326859e-03
38.771778	-5.938141003e-05
38.776778	-2.383324897e-06
38.781778	3.895994005e-04
38.786778	-3.943639536e-04
38.791779	-2.803684813e-04
38.796779	1.383555923e-03
38.801779	-2.602260617e-03
38.806779	-1.885292792e-03
38.811780	2.320515061e-03
38.816780	2.598503015e-03
38.821780	9.435795978e-04
38.826780	-9.973307056e-04
38.831780	-1.053327437e-03
38.836781	4.946022877e-04
38.841781	9.915802014e-04
38.846781	-7.193406467e-04
38.851781	-9.483294451e-04
38.856782	5.516024812e-04
38.861782	1.000582597e-03
38.866782	-6.133426981e-04
38.871782	-2.936235485e-03
38.876783	-4.423491329e-04
38.881783	7.145985212e-04
38.886783	9.915865240e-04
38.891783	-3.843496821e-04
38.896783	-1.780284971e-03
38.901784	3.226193095e-04
38.906784	1.718556006e-03
38.911784	1.937546670e-03
38.916784	-2.223535886e-04
38.921785	-4.993401832e-04
38.926785	3.796202193e-04
38.931785	2.746257390e-04
38.936785	1.126338723e-04
38.941786	3.796223359e-04
38.946786	-2.223493561e-04
38.951786	-1.330297848e-03
38.956786	1.489573560e-03
38.961786	4.466220891e-04
38.966787	-7.763211289e-04
38.971787	8.206063549e-04
38.976787	7.716093088e-04
38.981787	-2.373245784e-03
38.986788	-8.343156401e-04
38.991788	1.211591258e-03
38.996788	2.176375412e-04
39.001788	3.796308217e-04
39.006788	-7.773154207e-04
39.011789	1.326588819e-03
39.016789	5.564780354e-05
39.021789	-2.348827949e-06
39.026789	-2.223380314e-04
39.031790	-2.373238697e-03
39.036790	8.196156118e-04
39.041790	9.346110490e-04
39.046790	-2.703329909e-04
39.051791	1.211599769e-03
39.056791	-1.733360172e-04
39.061791	-9.393001848e-04
39.066791	-6.053147878e-04
39.071791	1.431592526e-03
39.076792	-5.563156116e-04
39.081792	-2.793276005e-04
39.086792	3.796428960e-04
39.091792	-7.193060021e-04
39.096793	2.100565412e-03
39.101793	-2.337451926e-06
39.106793	-2.430225414e-03
39.111793	4.946411862e-04
39.116794	9.346217252e-04
39.121794	-1.083297392e-04
39.126794	-8.342957381e-04
39.131794	9.356238204e-04
39.136794	-6.043048557e-04
39.141795	-2.717207259e-03
39.146795	9.346260091e-04
39.151795	2.746569852e-04
39.156795	1.431604651e-03
39.161796	2.263567219e-03
39.166796	-1.991236972e-03
39.171796	-1.217271745e-03
39.176796	3.896552892e-04
39.181797	-1.053277832e-03
39.186797	-2.325305137e-06
39.191797	2.746627107e-04
39.196797	-4.513032852e-04
39.201797	5.516514436e-04
39.206798	2.176674747e-04
39.211798	4.946554914e-04
39.216798	2.492564600e-03
39.221798	1.696718280e-04
39.226799	-2.545202970e-03
39.231799	-6.132908350e-04
39.236799	2.176717816e-04
39.241799	-5.572919657e-04
39.246799	2.176732189e-04
39.251800	2.043590215e-03
39.256800	-2.211213972e-03
39.261800	-3.362992224e-04
39.266800	4.194493748e-03
39.271801	-1.073082828e-04
39.276801	-1.599239154e-03
39.281801	1.096637953e-03
39.286801	-9.482675618e-04
39.291802	-1.653027421e-04
39.296802	-1.053261306e-03
39.301802	-2.487194835e-03
39.306802	1.163638486e-03
39.311802	-1.331246396e-03
39.316803	-1.053258420e-03
39.321803	7.146612378e-04
39.326803	1.210639218e-03
39.331803	-9.382615268e-04
39.336804	-4.992809327e-04
39.341804	1.870611124e-03
39.346804	3.257548253e-03
39.351804	-1.652940778e-04
39.356805	-2.792881275e-04
39.361805	-5.562747033e-04
39.366805	-2.545182783e-03
39.371805	-6.612684412e-04
39.376805	8.866613064e-04
39.381806	2.262598941e-03
39.386806	1.036986565e-04
39.391806	-8.342576109e-04
39.396806	-8.252572985e-04
39.401807	1.127004190e-04
39.406807	-5.929096922e-05
39.411807	1.154654094e-03
39.416807	-1.742842448e-04
39.421808	-1.436225655e-03
39.426808	2.746966207e-04
39.431808	1.593636870e-03
39.436808	-2.792765248e-04
39.441808	-1.264230635e-03
39.446809	1.383648680e-03
39.451809	-7.282537565e-04
39.456809	-2.153187692e-03
39.461809	8.866736503e-04
39.466810	6.576848780e-04
39.471810	-6.142560719e-04
39.476810	7.136837670e-04
39.481810	3.896993512e-04
39.486810	-1.158228943e-03
39.491811	-1.331220282e-03
39.496811	-4.512599015e-04
39.501811	1.154667192e-03
39.506811	-2.222689421e-04
39.511812	1.718642792e-03
39.516812	2.100626007e-03
39.521812	-1.771195729e-03
39.526812	2.747111908e-04
39.531813	1.594651399e-03
39.536813	-6.142465865e-04
39.541813	-2.048180106e-03
39.546813	-1.550202208e-03
39.551813	1.117223200e-04
39.556814	1.048680090e-03
39.561814	-1.168217528e-03
39.566814	-2.222601702e-04
39.571814	3.897125017e-04
39.576815	6.577009463e-04
39.581815	1.326671005e-03
39.586815	-8.242296375e-04
39.591815	1.374670270e-03
39.596816	-4.992430724e-04
39.601816	-2.265126509e-06
39.606816	5.997080053e-04
39.611816	-1.217207950e-03
39.616816	1.546666053e-03
39.621817	-1.072573758e-04
39.626817	-1.331200520e-03
39.631817	-6.712300467e-04
39.636817	1.220683939e-03
39.641818	7.237074621e-04
39.646818	-8.332204132e-04
39.651818	4.947194330e-04
39.656818	-7.192241686e-04
39.661819	-9.482129328e-04
39.666819	-8.912148100e-04
39.671819	-3.362395206e-04
39.676819	1.488677539e-03
39.681819	2.435634855e-03
39.686820	1.127421032e-04
39.691820	-1.609178205e-03
39.696820	-1.111200301e-03
39.701820	-1.053202223e-03
39.706821	1.697424401e-04
39.711821	7.147181897e-04
39.716821	1.325690913e-03
39.721821	-1.044199682e-03
39.726821	-3.932287924e-04
39.731822	-1.172407082e-04
39.736822	-1.273186966e-03
39.741822	2.483641513e-03
39.746822	-2.802310165e-04
39.751823	6.667263028e-04
39.756823	1.383694168e-03
39.761823	-1.389177948e-03
39.766823	5.997315953e-04
39.771824	2.187498049e-04
39.776824	-8.811990188e-04
39.781824	-6.622083190e-04
39.786824	1.153709158e-03
39.791824	5.517375010e-04
39.796825	-3.842188413e-04
39.801825	-1.168182153e-03
39.806825	-1.168181411e-03
39.811825	1.127605969e-04
39.816826	1.986675415e-03
39.821826	6.567371393e-04
39.826826	8.287299958e-04
39.831826	-2.792184588e-04
39.836827	8.297314362e-04
39.841827	-3.272147713e-04
39.846827	-1.168175467e-03
39.851827	4.947490270e-04
39.856827	9.437291841e-04
39.861828	1.594700080e-03
39.866828	-2.105129529e-03
39.871828	-5.022300714e-05
39.876828	-2.802117167e-04
39.881829	-1.494155309e-03
39.886829	8.777366787e-04
39.891829	1.594704549e-03
39.896829	-1.656145645e-03
39.901830	-2.210119498e-03
39.906830	7.147471354e-04
39.911830	1.269722435e-03
39.916830	9.927358816e-04
39.921830	-1.389154156e-03
39.926831	-5.571915565e-04
39.931831	8.297455959e-04
39.936831	-7.671804335e-04
39.941831	-2.222046746e-04
39.946832	-1.742061278e-04
39.951832	4.367666054e-04
39.956832	1.928698945e-03
39.961832	1.127829574e-04
39.966833	-2.373102310e-03
39.971833	-9.481668980e-04
39.976833	-2.209523753e-06
39.981833	-5.471837861e-04
39.986833	-1.642005976e-04
39.991834	-5.920466241e-05
39.996834	2.817664175e-03
40.001834	3.094652225e-03
40.006834	-1.943116030e-03
40.011835	-2.277099966e-03
40.016835	3.897785012e-04
40.021835	-1.818119510e-03
40.026835	8.777576277e-04
40.031835	1.211743065e-03
40.036836	-5.561751202e-04
40.041836	2.425688905e-03
40.046836	-5.571735712e-04
40.051836	-7.191653915e-04
40.056837	-9.391545523e-04
40.061837	-6.621665006e-04
40.066837	2.043710180e-03
40.071837	1.374741607e-03
40.076838	3.327901363e-04
40.081838	-2.211092467e-03
40.086838	-4.991702097e-04
40.091838	8.777674076e-04
40.096838	-9.971458689e-04
40.101839	-3.271758349e-04
40.106839	-6.711593082e-04
40.111839	-1.168135766e-03
40.116839	6.667808526e-04
40.121840	2.272707971e-03
40.126840	-1.111136116e-03
40.131840	-1.388122660e-03
40.136840	1.765733483e-03
40.141841	2.597696091e-03
40.146841	9.357730500e-04
40.151841	-2.660061316e-03
40.156841	-1.379119294e-03
40.161841	-1.388118125e-03
40.166842	1.106768234e-03
40.171842	-2.180160745e-06
40.176842	-4.427976469e-03
40.181842	2.272717043e-03
40.186843	1.985730960e-03
40.191843	1.049774633e-03
40.196843	8.867828646e-04
40.201843	-1.225119541e-03
40.206844	4.948023539e-04
40.211844	-1.651666264e-04
40.216844	-2.173341588e-06
40.221844	-6.016992358e-05
40.226844	-8.911310629e-04
40.231845	-2.267067214e-03
40.236845	-1.933081768e-03
40.241845	7.717949655e-04
40.246845	2.817701915e-03
40.251846	1.709753477e-03
40.256846	1.608252597e-04
40.261846	-2.231563734e-04
40.266846	-1.656089909e-03
40.271846	-1.378101895e-03
40.276847	2.178256885e-04
40.281847	1.325775647e-03
40.286847	1.765756234e-03
40.291847	9.357950515e-04
40.296848	-8.331230773e-04
40.301848	-1.991069221e-03
40.306848	-1.943070659e-03
40.311848	-1.741510067e-04
40.316849	3.037702484e-03
40.321849	1.106791784e-03
40.326849	6.668127209e-04
40.331849	8.778038095e-04
40.336849	-2.927020966e-03
40.341850	-1.071495011e-04
40.346850	1.259788585e-03
40.351850	-1.332091807e-03
40.356850	6.088199613e-04
40.361851	6.098206796e-04
40.366851	4.388292845e-04
40.371851	-7.761142425e-04
40.376851	-3.851314053e-04
40.381852	1.268793523e-03
40.386852	9.918069887e-04
40.391852	-1.171413977e-04
40.396852	-1.110095103e-03
40.401852	-3.271302378e-04
40.406853	-1.322083851e-03
40.411853	-5.561182059e-04
40.416853	1.431791410e-03
40.421853	7.148250510e-04
40.426854	7.148258177e-04
40.431854	7.148265846e-04
40.436854	5.585756726e-05
40.441854	9.348180320e-04
40.446855	-1.829054470e-03
40.451855	-6.141094103e-04
40.456855	7.148304222e-04
40.461855	-2.315029883e-03
40.466855	-2.487021228e-03
40.471856	1.871779678e-03
40.476856	2.320759860e-03
40.481856	-1.819049550e-03
40.486856	-6.012943207e-05
40.491857	1.431802928e-03
40.496857	1.698615610e-04
40.501857	-8.910890219e-04
40.506857	-1.445062851e-03
40.511857	-3.271133417e-04
40.516858	2.645751115e-03
40.521858	-6.140986419e-04
40.526858	-3.806951471e-03
40.531858	1.880788502e-03
40.536859	3.305723937e-03
40.541859	-2.311131190e-04
40.546859	-1.656047011e-03
40.551859	-2.754995849e-03
40.556860	-8.910805428e-04
40.561860	3.228645666e-04
40.566860	1.546809218e-03
40.571860	1.765799949e-03
40.576860	-3.271033134e-04
40.581861	-3.361021280e-04
40.586861	-3.371013092e-04
40.591861	-2.221058089e-04
40.596861	2.206783594e-03
40.601862	-2.114349127e-06
40.606862	-2.211012292e-03
40.611862	-2.038019450e-03
40.616862	-4.990892397e-04
40.621863	-6.710805791e-04
40.626863	-1.071056643e-04
40.631863	1.598828683e-04
40.636863	-2.496994532e-03
40.641863	-1.101057764e-03
40.646864	-1.541036815e-03
40.651864	-1.331045668e-03
40.656864	2.205792934e-03
40.661864	2.320788437e-03
40.666865	-1.740963894e-04
40.671865	-2.220934124e-04
40.676865	-9.960571477e-04
40.681865	-1.608028311e-03
40.686866	-7.770656355e-04
40.691866	2.817770309e-03
40.696866	-6.040720135e-04
40.701866	-2.429987513e-03
40.706866	-1.771016951e-03
40.711867	4.948799295e-04
40.716867	7.158705744e-04
40.721867	-1.160904998e-04
40.726867	-5.909233494e-05
40.731868	-1.886007788e-03
40.736868	9.438632342e-04
40.741868	1.709828892e-03
40.746868	-4.510712463e-04
40.751868	-3.850734932e-04
40.756869	-8.910495133e-04
40.761869	-1.159036446e-03
40.766869	-7.670536393e-04
40.771869	4.948892774e-04
40.776870	-1.170818819e-04
40.781870	-3.815911500e-03
40.786870	-7.190527188e-04
40.791870	7.148823124e-04
40.796871	1.048867779e-03
40.801871	7.148838745e-04
40.806871	2.179074436e-04
40.811871	-1.111030839e-03
40.816871	-2.429969581e-03
40.821872	-3.840626091e-04
40.826872	9.348776962e-04
40.831872	-2.487964575e-03
40.836872	-2.104981353e-03
40.841873	2.148824381e-03
40.846873	-9.960306360e-04
40.851873	-1.070706141e-04
40.856873	2.157826318e-03
40.861874	-2.486959923e-03
40.866874	-1.550002101e-03
40.871874	2.204826514e-03
40.876874	8.768881873e-04
40.881874	-1.053022537e-03
40.886875	-3.041930556e-03
40.891875	-2.069156914e-06
40.896875	2.320825117e-03
40.901875	-1.158014584e-03
40.906876	2.179231109e-04
40.911876	5.999063813e-04
40.916876	-2.372956520e-03
40.921876	1.985844404e-03
40.926877	1.986845144e-03
40.931877	-1.273004597e-03
40.936877	-5.570366401e-04
40.941877	-1.933972717e-03
40.946877	5.529140390e-04
40.951878	2.426828902e-03
40.956878	-1.170536673e-04
40.961878	-3.850405921e-04
40.966878	-1.640499377e-04
40.971879	1.986852225e-03
40.976879	-8.910150289e-04
40.981879	-3.840374872e-04
40.986879	2.376836708e-03
40.991879	-2.821924127e-03
40.996880	8.779070145e-04
41.001880	2.367839486e-03
41.006880	-5.470260708e-04
41.011880	1.326888794e-03
41.016881	3.239355717e-04
41.021881	-2.659926821e-03
41.026881	-7.770123677e-04
41.031881	1.107901994e-03
41.036882	-1.435980572e-03
41.041882	-9.969999105e-04
41.046882	1.211899596e-03
41.051882	-2.043950766e-06
41.056882	4.959340065e-04
41.061883	-8.240046799e-04
41.066883	-3.042902146e-03
41.071883	-6.710101125e-04
41.076883	1.384896410e-03
41.081884	-4.420190291e-04
41.086884	-2.544921814e-03
41.091884	-1.492969256e-03
41.096884	1.823879450e-03
41.101885	2.043870155e-03
41.106885	-7.869992493e-04
41.111885	-5.000116156e-04
41.116885	1.164912836e-03
41.121885	-1.110982015e-03
41.126886	-1.215976407e-03
41.131886	2.206867440e-03
41.136886	1.823885795e-03
41.141886	-6.619994270e-04
41.146887	8.199334167e-04
41.151887	3.809543394e-04
41.156887	-1.817944041e-03
41.161887	-1.111975617e-03
41.166888	-8.919849089e-04
41.171888	-2.690126787e-04
41.176888	-2.024125583e-06
41.181888	-3.370079702e-04
41.186888	-1.434956831e-03
41.191889	3.329629013e-04
41.196889	3.037839672e-03
41.201889	-2.544903549e-03
41.206889	-2.382910180e-03
41.211890	3.639814459e-03
41.216890	-2.790050565e-04
41.221890	-4.979942184e-04
41.226890	9.919382614e-04
41.231891	1.822900957e-03
41.236891	-6.619843071e-04
41.241891	-2.790010702e-04
41.246891	2.263883130e-03
41.251891	-1.272953899e-03
41.256892	7.719531348e-04
41.261892	-1.053962344e-03
41.266892	-3.260860353e-03
41.271892	-9.959634058e-04
41.276893	1.325930928e-03
41.281893	3.899746433e-04
41.286893	-4.509859971e-04
41.291893	1.268935939e-03
41.296893	5.519696139e-04
41.301894	-2.004185072e-06
41.306894	2.100900191e-03
41.311894	8.779570667e-04
41.316894	-1.606928194e-03
41.321895	-1.608927302e-03
41.326895	-8.919593763e-04
41.331895	8.869598566e-04
41.336895	-1.654922790e-03
41.341896	3.329868601e-04
41.346896	3.696833420e-03
41.351896	-4.989733891e-04
41.356896	-7.089629587e-04
41.361896	1.928916890e-03
41.366897	1.201951025e-03
41.371897	8.289689298e-04
41.376897	6.679771143e-04
41.381897	1.327947656e-03
41.386898	-5.569651132e-04
41.391898	-1.445923549e-03
41.396898	-7.759534655e-04
41.401898	2.157912812e-03
41.406899	6.569824378e-04
41.411899	-1.664910293e-03
41.416899	-4.409656105e-04
41.421899	4.479944325e-04
41.426899	1.106965021e-03
41.431900	-2.047889516e-03
41.436900	-1.739746348e-04
41.441900	4.949954961e-04
41.446900	-6.049532632e-04
41.451901	1.546948872e-03
41.456901	1.489952291e-03
41.461901	-9.969328735e-04
41.466901	-1.436911893e-03
41.471902	7.149902422e-04
41.476902	1.432958128e-03
41.481902	-1.053927036e-03
41.486902	-1.827890741e-03
41.491902	5.440013084e-04
41.496903	-6.039452483e-04
41.501903	-2.129623688e-04
41.506903	1.870942886e-03
41.511903	2.205928334e-03
41.516904	-1.639621931e-04
41.521904	-2.104872389e-03
41.526904	-1.550896983e-03
41.531904	-2.219571099e-04
41.536904	2.100937188e-03
41.541905	-7.179327512e-04
41.546905	-2.983828045e-03
41.551905	1.154982988e-03
41.556905	1.488968483e-03
41.561906	-1.321901822e-03
41.566906	-5.569360879e-04
41.571906	-2.889475663e-04
41.576906	3.810225236e-04
41.581907	9.439975197e-04
41.586907	-9.959127201e-04
41.591907	1.432976719e-03
41.596907	6.670126512e-04
41.601907	-1.713877368e-03
41.606908	3.800274318e-04
41.611908	-1.387890693e-03
41.616908	1.163993107e-03
41.621908	1.660971131e-03
41.626909	1.871962268e-03
41.631909	1.327988022e-03
41.636909	-4.419300103e-04
41.641909	8.190129842e-04
41.646910	-5.559231590e-04
41.651910	-6.039201458e-04
41.656910	-3.839294203e-04
41.661910	-1.946122401e-06
41.666910	-4.999224759e-04
41.671911	-1.272886220e-03
41.676911	5.430313285e-04
41.681911	4.380369563e-04
41.686911	1.002011910e-03
41.691912	4.380385838e-04
41.696912	-2.889272688e-04
41.701912	-1.159886519e-03
41.706912	-1.100888410e-03
41.711913	7.160290945e-04
41.716913	-1.215881508e-03
41.721913	1.212007982e-03
41.726913	6.000368579e-04
41.731913	-1.330873789e-03
41.736914	1.938977095e-03
41.741914	-7.189002189e-04
41.746914	-1.722853369e-03
41.751914	1.164015076e-03
41.756915	-1.649231722e-04
41.761915	4.950473828e-04
41.766915	8.880301800e-04
41.771915	2.483957819e-03
41.776915	-1.388863785e-03
41.781916	-3.939085890e-04
41.786916	1.708995805e-03
41.791916	-2.047831118e-03
41.796916	9.920303143e-04
41.801917	1.130714346e-04
41.806917	-8.808821721e-04
41.811917	9.340354273e-04
41.816917	-2.219107512e-04
41.821918	-6.038924179e-04
41.826918	-3.929012738e-04
41.831918	-2.789056819e-04
41.836918	-1.649100899e-04
41.841918	5.608059621e-05
41.846919	-2.219058380e-04
41.851919	-1.388851511e-03
41.856919	2.180756269e-04
41.861919	-1.215857804e-03
41.866920	1.610798802e-04
41.871920	1.107037326e-03
41.876920	1.700811080e-04
41.881920	7.150569400e-04
41.886921	1.259032818e-03
41.891921	-7.188756687e-04
41.896921	-1.100857333e-03
41.901921	1.030882844e-04
41.906921	-8.328679781e-04
41.911922	1.050046507e-03
41.916922	-1.168991638e-04
41.921922	-2.047809805e-03
41.926922	-2.698905047e-04
41.931923	1.987006833e-03
41.936923	1.604025216e-03
41.941923	-1.990809129e-03
41.946923	-1.550828480e-03
41.951924	3.037961935e-03
41.956924	-1.549826880e-03
41.961924	-1.655821196e-03
41.966924	1.259045973e-03
41.971924	-3.938774126e-04
41.976925	4.470848509e-04
41.981925	1.050058027e-03
41.986925	-3.928749865e-04
41.991925	-4.418719155e-04
41.996926	1.107057887e-03
42.001926	1.986018409e-03
42.006926	8.290722826e-04
42.011926	-1.214833174e-03
42.016926	-8.898472502e-04
42.021927	-2.277782784e-03
42.026927	7.720781972e-04
42.031927	3.591949724e-03
42.036927	4.950925494e-04
42.041928	-1.988792732e-03
42.046928	-1.990791814e-03
42.051928	-1.053833949e-03
42.056928	1.050070408e-03
42.061929	2.321012958e-03
42.066929	8.870795349e-04
42.071929	4.471005362e-04
42.076929	-1.444811887e-03
42.081929	-2.382768052e-03
42.086930	7.720881171e-04
42.091930	2.207023149e-03
42.096930	-7.758392506e-04
42.101930	3.321107752e-04
42.106931	-3.368577226e-04
42.111931	-1.769791190e-03
42.116931	1.164075113e-03
42.121931	1.050081169e-03
42.126932	-2.486755829e-03
42.131932	-3.873691405e-03
42.136932	2.808003051e-03
42.141932	3.754960460e-03
42.146932	-7.188335752e-04
42.151933	-1.607791984e-03
42.156933	-5.468398017e-04
42.161933	7.251027066e-04
42.166933	-3.938451564e-04
42.171934	-1.168570264e-04
42.176934	2.484024547e-03
42.181934	2.751266617e-04
42.186934	-1.043812030e-03
42.191935	5.521156232e-04
42.196935	-1.607784508e-03
42.201935	-1.769776249e-03
42.206935	2.980006793e-03
42.211935	5.514173736e-05
42.216936	-2.543738265e-03
42.221936	1.212090353e-03
42.226936	-8.338150049e-04
42.231936	-3.928343925e-04
42.236937	-1.769770424e-03
42.241937	-1.378787518e-03
42.246937	2.100053801e-03
42.251937	4.371308834e-04
42.256938	1.108100951e-03
42.261938	2.704028607e-03
42.266938	-6.708158136e-04
42.271938	-1.330784718e-03
42.276938	1.488086863e-03
42.281939	8.301178669e-04
42.286939	-7.758076628e-04
42.291939	-4.988195288e-04
42.296939	1.050110283e-03
42.301940	-2.926706534e-03
42.306940	-3.643672824e-03
42.311940	2.368052358e-03
42.316940	2.043068094e-03
42.321940	1.164109233e-03
42.326941	2.206062292e-03
42.331941	6.581341046e-04
42.336941	-2.438723060e-03
42.341941	1.121608113e-04
42.346942	3.268016943e-03
42.351942	3.241527639e-04
42.356942	2.368059882e-03
42.361942	3.267019499e-03
42.366943	-1.712751328e-03
42.371943	-4.035643980e-03
42.376943	-1.828103475e-06
42.381943	1.595099511e-03
42.386943	-1.216770720e-03
42.391944	-1.493757181e-03
42.396944	-5.882213874e-05
42.401944	-1.884737577e-03
42.406944	4.961540908e-04
42.411945	3.095035764e-03
42.416945	7.721431134e-04
42.421945	3.650011994e-03
42.426945	2.598061068e-03
42.431946	-1.110768033e-03
42.436946	7.151490834e-04
42.441946	3.153038139e-03
42.446946	8.781432891e-04
42.451946	1.317124001e-03
42.456947	-1.814682495e-06
42.461947	-1.320753365e-03
42.466947	-1.378749866e-03
42.471947	1.546116862e-03
42.476948	1.767107570e-03
42.481948	-2.543693928e-03
42.486948	-1.713731143e-03
42.491948	-5.567833504e-04
42.496949	1.260134181e-03
42.501949	1.652117049e-03
42.506949	-7.087738565e-04
42.511949	1.662118274e-03
42.516949	-1.804588951e-06
42.521950	1.546125277e-03
42.526950	3.362042854e-03
42.531950	-2.382692892e-03
42.536950	-1.329740330e-03
42.541951	-3.375645677e-03
42.546951	1.131951939e-04
42.551951	2.101104886e-03
42.556951	-3.261648374e-03
42.561951	-1.435731254e-03
42.566952	1.766122777e-03
42.571952	8.301665366e-04
42.576952	2.092109517e-03
42.581952	3.306054699e-03
42.586953	2.818077918e-03
42.591953	-6.617616774e-04
42.596953	-3.041651708e-03
42.601953	-5.567648022e-04
42.606954	1.327149660e-03
42.611954	-1.788559110e-06
42.616954	1.881125950e-03
42.621954	7.161802110e-04
42.626954	-5.978336336e-05
42.631955	2.435103085e-03
42.636955	1.270157347e-03
42.641955	-1.941694535e-03
42.646955	4.951945738e-04
42.651956	2.932083682e-03
42.656956	-2.209679707e-03
42.661956	4.381997271e-04
42.666956	3.755048488e-03
42.671957	1.385158001e-03
42.676957	2.923088330e-03
42.681957	2.172132488e-04
42.686957	-1.273717540e-03
42.691957	-8.907342535e-04
42.696958	-2.543657615e-03
42.701958	3.322113673e-04
42.706958	2.598108318e-03
42.711958	1.929139841e-03
42.716959	1.652153390e-03
42.721959	1.767148966e-03
42.726959	2.101134500e-03
42.731959	9.921861978e-04
42.736960	-2.787546770e-04
42.741960	-4.987437405e-04
42.746960	1.002188287e-03
42.751960	1.662158876e-03
42.756960	2.082263922e-04
42.761961	1.049188682e-03
42.766961	6.092097063e-04
42.771961	6.002109693e-04
42.776961	3.812218610e-04
42.781962	7.162073518e-04
42.786962	1.050192888e-03
42.791962	8.292038724e-04
42.796962	-2.315651077e-03
42.801962	-1.273698002e-03
42.806963	3.420087628e-03
42.811963	1.767164270e-03
42.816963	-1.606680178e-03
42.821963	-1.378689780e-03
42.826964	-5.567266175e-04
42.831964	1.327187852e-03
42.836964	1.881163304e-03
42.841964	7.632154170e-04
42.846965	2.752386448e-04
42.851965	-9.387048397e-04
42.856965	-1.272688673e-03
42.861965	1.164200443e-03
42.866965	2.101158334e-03
42.871966	-4.987216008e-04
42.876966	-7.757080466e-04
42.881966	-1.742681022e-06
42.886966	6.572279575e-04
42.891967	1.612515535e-04
42.896967	-4.987173308e-04
42.901967	1.767179626e-03
42.906967	2.598142379e-03
42.911968	-4.987147669e-04
42.916968	-8.326985979e-04
42.921968	-8.916950376e-04
42.926968	1.702571244e-04
42.931968	1.270207544e-03
42.936969	7.152338469e-04
42.941969	1.384204029e-03
42.946969	-1.884645230e-03
42.951969	-6.617004492e-04
42.956970	2.100173768e-03
42.961970	1.490202593e-03
42.966970	2.762591121e-04
42.971970	-6.146991784e-04
42.976971	-9.486830075e-04
42.981971	4.962515955e-04
42.986971	-4.407045854e-04
42.991971	-1.215668194e-03
42.996971	1.881190664e-03
43.001972	4.952550710e-04
43.006972	-1.445655075e-03
43.011972	-1.647129520e-04
43.016972	8.302422849e-04
43.021973	3.802637759e-04
43.026973	-1.330656915e-03
43.031973	-1.214661376e-03
43.036973	-7.176833045e-04
43.041973	1.040236949e-03
43.046974	2.655163760e-03
43.051974	-2.486599618e-03
43.056974	-1.492644334e-03
43.061974	3.429130849e-03
43.066975	-1.053662743e-03
43.071975	3.332745221e-04
43.076975	1.652214905e-03
43.081975	-1.111657504e-03
43.086976	2.272819626e-04
43.091976	-4.406865488e-04
43.096976	1.260236320e-03
43.101976	8.782546957e-04
43.106976	5.532704581e-04
43.111977	-9.966576125e-04
43.116977	-2.315596274e-03
43.121977	9.932528675e-04
43.126977	1.815216040e-03
43.131978	1.431234508e-03
43.136978	-1.493630517e-03
43.141978	6.672712618e-04
43.146978	1.709224348e-03
43.151979	-3.356810256e-04
43.156979	-2.786827766e-04
43.161979	9.922598100e-04
43.166979	2.216204552e-03
43.171979	7.732715769e-04
43.176980	-3.356767117e-04
43.181980	9.912633078e-04
43.186980	2.875177789e-03
43.191980	-1.654613645e-03
43.196981	-3.653521126e-03
43.201981	-1.492619345e-03
43.206981	2.378204032e-03
43.211981	8.772737174e-04
43.216982	-1.769604052e-03
43.221982	4.952929611e-04
43.226982	1.212260951e-03
43.231982	8.872767171e-04
43.236982	-1.387618108e-03
43.241983	-2.104584368e-03
43.246983	2.321213563e-03
43.251983	1.385257344e-03
43.256983	-8.336400480e-04
43.261984	-9.486339095e-04
43.266984	-1.100626074e-03
43.271984	1.164270940e-03
43.276984	-1.166694591e-04
43.281985	4.953033467e-04
43.286985	-3.366576392e-04
43.291985	-1.664595883e-03
43.296985	8.302905866e-04
43.301985	1.107278753e-03
43.306986	-4.197477143e-03
43.311986	-1.330607729e-03
43.316986	5.026101666e-03
43.321986	1.442266862e-03
43.326987	-7.186331872e-04
43.331987	-9.966195729e-04
43.336987	-1.664326207e-06
43.341987	8.782961935e-04
43.346987	-1.942573594e-03
43.351988	-6.706310474e-04
43.356988	2.541222549e-03
43.361988	1.703321297e-04
43.366988	-4.406389868e-04
43.371989	-6.136301856e-04
43.376989	-1.550586354e-03
43.381989	-6.616262462e-04
43.386989	2.655222537e-03
43.391990	1.547274209e-03
43.396990	-9.376109826e-04
43.401990	6.583167099e-04
43.406990	6.573176259e-04
43.411990	-1.493582879e-03
43.416991	-7.756149297e-04
43.421991	8.883096456e-04
43.426991	3.323360092e-04
43.431991	-1.331586825e-03
43.436992	-1.884560598e-03
43.441992	1.930265353e-03
43.446992	3.210207536e-03
43.451992	5.535306553e-05
43.456993	-3.490483477e-03
43.461993	1.133521495e-04
43.466993	1.662281999e-03
43.471993	-1.493572425e-03
43.476993	-8.915991545e-04
43.481994	4.635871002e-05
43.486994	7.153289085e-04
43.491994	-6.616070827e-04
43.496994	-4.986136835e-04
43.501995	-6.706049243e-04
43.506995	1.327304339e-03
43.511995	1.385302553e-03
43.516995	3.803495065e-04
43.521996	-1.053583870e-03
43.526996	-1.549560255e-03
43.531996	-1.066255432e-04
43.536996	1.546299540e-03
43.541996	6.573411751e-04
43.546997	-9.375848190e-04
43.551997	1.213317431e-03
43.556997	-1.818542676e-03
43.561997	1.703670024e-04
43.566998	1.815292453e-03
43.571998	-1.608549680e-03
43.576998	-1.646150126e-04
43.581998	1.155325340e-03
43.586998	-4.506001486e-04
43.591999	-1.100569470e-03
43.596999	-1.760538333e-03
43.601999	-2.936483537e-03
43.606999	2.311276716e-03
43.612000	3.430226285e-03
43.617000	6.673538464e-04
43.622000	1.986294246e-03
43.627000	-6.125857118e-04
43.632001	-1.769531786e-03
43.637001	6.673573533e-04
43.642001	-9.485676752e-04
43.647001	-2.602490961e-03
43.652001	1.662314364e-03
43.657002	1.375328400e-03
43.662002	-1.665531291e-03
43.667002	-3.265918066e-04
43.672002	2.283836244e-04
43.677003	3.813774873e-04
43.682003	2.865264473e-03
43.687003	1.269338529e-03
43.692003	-2.151503738e-03
43.697004	-1.713522942e-03
43.702004	1.212343778e-03
43.707004	1.133950470e-04
43.712004	2.183911119e-04
43.717004	9.933564570e-04
43.722005	5.540034423e-05
43.727005	-1.990504966e-03
43.732005	-3.355799689e-04
43.737005	1.490337188e-03
43.742006	-1.110542675e-03
43.747006	-1.388529048e-03
43.752006	1.107357389e-03
43.757006	9.933634965e-04
43.762007	5.540738489e-05
43.767007	1.154357876e-03
43.772007	-2.764461555e-03
43.777007	5.640998168e-05
43.782007	1.929324985e-03
43.787008	-2.430474226e-03
43.792008	-3.481425155e-03
43.797008	-2.785711328e-04
43.802008	1.652341212e-03
43.807009	1.327356995e-03
43.812009	1.164365351e-03
43.817009	-1.387516757e-03
43.822009	-8.325413215e-04
43.827009	1.049373270e-03
43.832010	9.923767664e-04
43.837010	-4.985539877e-04
43.842010	-9.955303171e-04
43.847010	-6.135469490e-04
43.852011	-1.492505763e-03
43.857011	8.873859959e-04
43.862011	1.938338690e-03
43.867011	-1.155662489e-04
43.872012	1.155376359e-03
43.877012	4.374101634e-04
43.882012	-6.615385628e-04
43.887012	5.534066130e-04
43.892012	1.537362380e-03
43.897013	-3.701396524e-03
43.902013	-4.034380371e-03
43.907013	3.201288739e-03
43.912013	2.492322132e-03
43.917014	-1.645551582e-04
43.922014	1.614307797e-04
43.927014	2.981302367e-03
43.932014	2.540323472e-03
43.937015	-3.204412231e-03
43.942015	-2.706434179e-03
43.947015	6.104146209e-04
43.952015	2.981306795e-03
43.957015	3.244295064e-04
43.962016	-8.335165124e-04
43.967016	2.174361852e-04
43.972016	-1.549481910e-03
43.977016	1.442381792e-03
43.982017	-1.713472617e-03
43.987017	-1.387486677e-03
43.992017	2.044356851e-03
43.997017	-1.216492743e-03
44.002018	-2.266443713e-03
44.007018	4.954305356e-04
44.012018	9.924086356e-04
44.017018	1.614476253e-04
44.022018	1.034511726e-04
44.027019	-1.645356513e-04
44.032019	5.534323164e-04
44.037019	-1.735334619e-04
44.042019	-1.550469437e-03
44.047020	5.534349821e-04
44.052020	7.724258297e-04
44.057020	-6.615075316e-04
44.062020	1.661386847e-03
44.067020	1.385400391e-03
44.072021	-6.705044511e-04
44.077021	-8.904934744e-04
44.082021	-2.821404047e-03
44.087021	-2.152433832e-03
44.092022	5.534429869e-04
44.097022	1.154416321e-03
44.102022	9.924246390e-04
44.107022	6.004435028e-04
44.112023	-1.528004673e-06
44.117023	3.914548668e-04
44.122023	2.158374740e-03
44.127023	-3.945073130e-04
44.132023	-2.429413116e-03
44.137024	-3.835060350e-04
44.142024	9.924317661e-04
44.147024	4.384580588e-04
44.152024	-1.607447239e-03
44.157025	1.124747895e-04
44.162025	8.204432193e-04
44.167025	-1.155129726e-04
44.172025	1.719403784e-03
44.177026	-2.215063279e-04
44.182026	-3.934975491e-04
44.187026	6.584551088e-04
44.192026	-2.094417772e-03
44.197026	-2.125031697e-04
44.202027	2.588369296e-03
44.207027	2.924354783e-03
44.212027	1.164436374e-03
44.217027	-2.104412848e-03
44.222028	-1.329447488e-03
44.227028	6.674618421e-04
44.232028	-8.814662416e-04
44.237028	-2.544389098e-03
44.242029	2.094855236e-04
44.247029	3.038356707e-03
44.252029	-8.244652782e-04
44.257029	-3.934841453e-04
44.262029	2.426387451e-03
44.267030	-1.158447280e-03
44.272030	-1.654423643e-03
44.277030	-9.954529637e-04
44.282030	-9.484542234e-04
44.287031	1.050455017e-03
44.292031	-1.989404702e-03
44.297031	-9.484515369e-04
44.302031	3.430348579e-03
44.307032	1.604994066e-04
44.312032	-8.904515085e-04
44.317032	7.834726339e-04
44.322032	1.881423186e-03
44.327032	-6.714588608e-04
44.332033	-3.930308537e-03
44.337033	4.964893791e-04
44.342033	2.158414072e-03
44.347033	-1.644785198e-04
44.352034	3.244999564e-04
44.357034	6.004881989e-04
44.362034	1.279457964e-03
44.367034	-3.203335591e-03
44.372034	-1.550410484e-03
44.377035	2.541402794e-03
44.382035	2.185102022e-04
44.387035	-2.224686796e-04
44.392035	6.584918243e-04
44.397036	1.605449302e-03
44.402036	-2.372367406e-03
44.407036	-4.514545861e-04
44.412036	2.426414355e-03
44.417037	-1.377410331e-03
44.422037	-1.215416860e-03
44.427037	-7.764360889e-04
44.432037	-1.164654509e-04
44.437037	1.318469653e-03
44.442038	1.270472753e-03
44.447038	-9.964224038e-04
44.452038	-5.564416782e-04
44.457038	1.442467567e-03
44.462039	1.327473739e-03
44.467039	5.525101739e-04
44.472039	1.125312484e-04
44.477039	-6.124346094e-04
44.482040	-3.537299596e-03
44.487040	-1.158407774e-03
44.492040	1.766459014e-03
44.497040	1.986449828e-03
44.502040	1.097491491e-03
44.507041	3.805252668e-04
44.512041	-8.324182151e-04
44.517041	-8.224177720e-04
44.522041	-7.094220515e-04
44.527042	-6.704229378e-04
44.532042	8.215095552e-04
44.537042	-7.764162736e-04
44.542042	3.905311211e-04
44.547043	1.605425690e-04
44.552043	3.225360437e-04
44.557043	4.965289684e-04
44.562043	-6.034196933e-04
44.567043	2.158454570e-03
44.572044	-9.384025275e-04
44.577044	-2.784318857e-04
44.582044	8.215185820e-04
44.587044	-1.655366943e-03
44.592045	3.905401506e-04
44.597045	8.205213385e-04
44.602045	-1.273381747e-03
44.607045	-1.378376028e-03
44.612045	9.355187775e-04
44.617046	9.365196359e-04
44.622046	1.135582752e-04
44.627046	2.755517519e-04
44.632046	-4.514140102e-04
44.637047	-6.034061362e-04
44.642047	1.164513705e-03
44.647047	6.005404696e-04
44.652047	2.185588896e-04
44.657048	1.106519080e-03
44.662048	-1.329368323e-03
44.667048	-2.103331929e-03
44.672048	-2.224172686e-04
44.677048	-5.942383642e-05
44.682049	1.615669365e-04
44.687049	6.105472557e-04
44.692049	1.615687487e-04
44.697049	-4.504022845e-04
44.702050	1.221521960e-03
44.707050	-8.243833234e-04
44.712050	-1.435354402e-03
44.717050	1.824497032e-03
44.722051	-9.953727626e-04
44.727051	-1.549346454e-03
44.732051	-1.052368335e-03
44.737051	2.426473058e-03
44.742051	2.254481852e-03
44.747052	-3.758241541e-03
44.752052	-2.694006058e-04
44.757052	3.315435928e-03
44.762052	1.155535873e-03
44.767053	8.305516826e-04
44.772053	-1.330348326e-03
44.777053	-3.099266308e-03
44.782053	-7.663723691e-04
44.787054	-1.406536134e-06
44.792054	8.205566835e-04
44.797054	1.930506698e-03
44.802054	2.216494494e-03
44.807054	1.221541024e-03
44.812055	2.085883802e-04
44.817055	-3.098259083e-03
44.822055	-2.683879302e-04
44.827055	1.489532374e-03
44.832056	-2.716273869e-03
44.837056	-5.553720418e-04
44.842056	1.269545191e-03
44.847056	-1.990304426e-03
44.852056	-1.655318876e-03
44.857057	4.090418577e-03
44.862057	2.321500598e-03
44.867057	-3.099249936e-03
44.872057	1.212553267e-03
44.877058	7.735743065e-04
44.882058	-3.833717334e-04
44.887058	-2.213782500e-04
44.892058	-2.716262942e-03
44.897059	-1.272328238e-03
44.902059	4.385942228e-04
44.907059	2.091519344e-03
44.912059	-1.435318030e-03
44.917059	8.305789848e-04
44.922060	2.426506719e-03
44.927060	-1.215325381e-03
44.932060	-1.655304294e-03
44.937060	-1.330318283e-03
44.942061	2.186116068e-04
44.947061	8.295845048e-04
44.952061	2.923489407e-03
44.957061	2.196142993e-04
44.962062	-3.833571398e-04
44.967062	-1.073688813e-04
44.972062	-2.372264117e-03
44.977062	3.246131380e-04
44.982062	4.386088246e-04
44.987063	-3.273551403e-04
44.992063	1.547559804e-03
44.997063	1.432565991e-03
45.002063	-1.885280963e-03
45.007064	5.663090906e-05
45.012064	1.155581434e-03
45.017064	-1.163593301e-04
45.022064	-1.435297939e-03
45.027065	-1.875276850e-03
45.032065	-1.990270662e-03
45.037065	-9.473175694e-04
45.042065	3.039500540e-03
45.047065	1.049592697e-03
45.052066	5.563918806e-05
45.057066	-1.633498553e-04
45.062066	1.097593243e-03
45.067066	1.872558624e-03
45.072067	-1.712276086e-03
45.077067	-1.655277783e-03
45.082067	-1.330291769e-03
45.087067	1.709569762e-03
45.092067	1.327588193e-03
45.097068	-2.429238630e-03
45.102068	-1.163437660e-04
45.107068	1.547580855e-03
45.112068	1.662576499e-03
45.117069	-1.283287508e-03
45.122069	-9.383024095e-04
45.127069	1.500586678e-03
45.132069	-1.769262473e-03
45.137070	-3.933246463e-04
45.142070	1.986567147e-03
45.147070	5.565660199e-05
45.152070	-7.763043326e-04
45.157070	6.576308356e-04
45.162071	-6.123100162e-04
45.167071	-2.763210474e-03
45.172071	-9.382932326e-04
45.177071	-1.216279568e-03
45.182072	1.824581919e-03
45.187072	3.373511815e-03
45.192072	2.756547790e-04
45.197072	4.386482242e-04
45.202073	-1.272272407e-03
45.207073	-1.330268828e-03
45.212073	2.540554604e-03
45.217073	1.709593625e-03
45.222073	-3.353116914e-04
45.227074	-1.320265609e-03
45.232074	-1.827241443e-03
45.237074	-2.104227823e-03
45.242074	6.586464122e-04
45.247075	3.697507992e-03
45.252075	2.856653547e-04
45.257075	-2.209219328e-03
45.262075	4.956575668e-04
45.267076	9.356383131e-04
45.272076	1.036773814e-04
45.277076	1.327622181e-03
45.282076	-8.902752015e-04
45.287076	-2.047221231e-03
45.292077	6.106578190e-04
45.297077	1.604613165e-03
45.302077	4.956649344e-04
45.307077	-1.158258307e-03
45.312078	-2.047216625e-03
45.317078	3.816729262e-04
45.322078	1.269633133e-03
45.327078	-1.307669172e-06
45.332078	-4.830459210e-05
45.337079	-4.412856506e-04
45.342079	1.036902832e-04
45.347079	-6.132759196e-04
45.352079	7.726614542e-04
45.357080	1.432632116e-03
45.362080	-1.770220102e-03
45.367080	-1.597227112e-03
45.372080	2.756879334e-04
45.377081	1.929613020e-03
45.382081	-6.122695049e-04
45.387081	-2.879164638e-03
45.392081	8.876635662e-04
45.397081	2.656583380e-03
45.402082	4.386860005e-04
45.407082	-1.632854736e-04
45.412082	8.876672615e-04
45.417082	-8.912502463e-04
45.422083	-1.827206406e-03
45.427083	1.107659947e-03
45.432083	2.703587694e-03
45.437083	-5.552619545e-04
45.442084	-2.487172447e-03
45.447084	-1.273227184e-03
45.452084	1.213659710e-03
45.457084	-6.602534407e-04
45.462084	-4.412625568e-04
45.467085	1.814634930e-03
45.472085	1.617116460e-04
45.477085	-1.817196690e-03
45.482085	-8.242412942e-04
45.487086	4.300524648e-03
45.492086	8.216850874e-04
45.497086	-3.042136820e-03
45.502086	-4.412551513e-04
45.507087	1.707177144e-04
45.512087	-6.132454125e-04
45.517087	6.586971921e-04
45.522087	1.127231531e-04
45.527087	6.107012462e-04
45.532088	-1.152645395e-04
45.537088	-5.826622612e-05
45.542088	1.164678626e-03
45.547088	-9.952214100e-04
45.552089	-2.439154275e-03
45.557089	-9.382221689e-04
45.562089	5.673313735e-05
45.567089	1.652660888e-03
45.572090	1.326676763e-03
45.577090	-2.212513330e-04
45.582090	4.967166742e-04
45.587090	1.384676887e-03
45.592090	-4.992358024e-04
45.597091	-1.722178799e-03
45.602091	1.213687512e-03
45.607091	1.050695914e-03
45.612091	-4.412347479e-04
45.617092	-1.321193471e-03
45.622092	-2.212429774e-04
45.627092	8.787075160e-04
45.632092	6.007211916e-04
45.637092	5.574710930e-05
45.642093	-2.782366473e-04
45.647093	6.007239795e-04
45.652093	-1.597174311e-03
45.657093	-4.824440428e-05
45.662094	2.757416699e-04
45.667094	5.527298992e-04
45.672094	2.206654992e-03
45.677094	-1.005196806e-03
45.682095	1.607506630e-04
45.687095	-1.043193203e-03
45.692095	-1.319179617e-03
45.697095	1.375697746e-03
45.702095	1.607543850e-04
45.707096	-6.132091959e-04
45.712096	1.929675137e-03
45.717096	-4.823323949e-05
45.722096	-4.412142891e-04
45.727097	1.607590401e-04
45.732097	-2.209131363e-03
45.737097	9.347254146e-04
45.742097	2.646647850e-03
45.747098	5.676753469e-05
45.752098	-3.362135142e-04
45.757098	-2.212178551e-04
45.762098	-1.377163920e-03
45.767098	2.757612213e-04
45.772099	2.187647671e-04
45.777099	4.957529988e-04
45.782099	-3.832057661e-04
45.787099	-1.052174159e-03
45.792100	9.347356682e-04
45.797100	-9.951749075e-04
45.802100	-1.272161274e-03
45.807100	1.489713020e-03
45.812101	-1.607144048e-03
45.817101	-8.801764479e-04
45.822101	1.881697846e-03
45.827101	-7.281815503e-04
45.832101	-6.611836887e-04
45.837102	-6.611827550e-04
45.842102	-1.162068098e-04
45.847102	2.321682341e-03
45.852102	3.817722246e-04
45.857103	8.787503711e-04
45.862103	6.107635932e-04
45.867103	-2.211973248e-04
45.872103	-1.665130182e-03
45.877103	-2.592086744e-03
45.882104	2.990658207e-03
45.887104	7.637612510e-04
45.892104	-2.878070826e-03
45.897104	-2.314095751e-03
45.902105	1.547728109e-03
45.907105	1.546729090e-03
45.912105	-2.211889105e-04
45.917105	-1.502129241e-03
45.922106	-9.481537062e-04
45.927106	3.258654336e-03
45.932106	4.967819113e-04
45.937106	-1.597121142e-03
45.942106	-9.961477620e-04
45.947107	4.957847651e-04
45.952107	6.677778151e-04
45.957107	-1.161853018e-04
45.962107	4.397901418e-04
45.967108	-9.951431262e-04
45.972108	-1.053139530e-03
45.977108	-1.186828200e-06
45.982108	2.278036089e-04
45.987109	-4.918275352e-05
45.992109	-8.321459155e-04
45.997109	2.088072913e-04
46.002109	2.149719233e-03
46.007109	1.280760014e-03
46.012110	-9.391372600e-04
46.017110	-1.225123209e-03
46.022110	7.737860734e-04
46.027110	4.388023711e-04
46.032111	3.338081234e-04
46.037111	1.001778433e-03
46.042111	-1.053126406e-03
46.047111	-1.712095252e-03
46.052112	3.096685191e-03
46.057112	1.155775126e-03
46.062112	-2.936036315e-03
46.067112	-1.550098926e-03
46.072112	2.188209037e-04
46.077113	-1.941079120e-03
46.082113	-3.482007526e-03
46.087113	-3.841486314e-04
46.092113	-4.401451246e-04
46.097114	-2.781516130e-04
46.102114	7.158037510e-04
46.107114	-7.181295598e-04
46.112114	-1.330100560e-03
46.117114	2.188293577e-04
46.122115	-1.159615324e-06
46.127115	-8.331205277e-04
46.132115	5.683960540e-05
46.137115	2.288326593e-04
46.142116	4.378240168e-04
46.147116	-6.701242404e-04
46.152116	-8.801136713e-04
46.157116	6.678162927e-04
46.162117	1.154794904e-03
46.167117	-1.731432655e-04
46.172117	-8.321121091e-04
46.177117	2.188406431e-04
46.182117	3.328363572e-04
46.187118	-8.331092398e-04
46.192118	-1.492078083e-03
46.197118	1.002808461e-03
46.202118	-1.161392903e-04
46.207119	-2.324037111e-03
46.212119	2.875725408e-03
46.217119	2.541741664e-03
46.222119	-3.097998797e-03
46.227120	-1.110089006e-03
46.232120	-3.831213968e-04
46.237120	-3.841204086e-04
46.242120	-5.813441352e-05
46.247120	-2.324029574e-03
46.252121	-1.110084294e-03
46.257121	8.878250396e-04
46.262121	-1.493064847e-03
46.267121	-1.110081465e-03
46.272122	-4.981085828e-04
46.277122	-1.731225411e-04
46.282122	-1.109078682e-03
46.287122	-7.180956661e-04
46.292123	2.043778638e-03
46.297123	-1.875040730e-03
46.302123	-3.202978897e-03
46.307123	-1.826041089e-03
46.312123	-1.492055460e-03
46.317124	6.108490606e-04
46.322124	1.212822403e-03
46.327124	-2.935986419e-03
46.332124	-2.868988547e-03
46.337125	-3.480959542e-03
46.342125	-5.038887163e-03
46.347125	-2.381008089e-03
46.352125	-3.317964182e-03
46.357125	-2.486001385e-03
46.362126	-1.598041156e-03
46.367126	-3.360980741e-04
46.372126	6.018598632e-04
46.377126	1.881802120e-03
46.382127	2.272785137e-03
46.387127	1.155837298e-03
46.392127	-4.500881209e-04
46.397127	2.758795372e-04
46.402128	-2.780941160e-04
46.407128	-2.104009447e-03
46.412128	-1.061001106e-04
46.417128	-4.410838048e-04
46.422128	-3.360876730e-04
46.427129	2.713773429e-03
46.432129	-7.170683115e-04
46.437129	-7.409760488e-03
46.442129	-4.704883567e-03
46.447130	-3.709928242e-03
46.452130	2.188925584e-04
46.457130	7.158707174e-04
46.462130	-5.630837322e-03
46.467131	-1.598021291e-03
46.472131	9.918609036e-04
46.477131	-3.871915132e-03
46.482131	1.328847346e-03
46.487131	8.778689723e-04
46.492132	-1.225033657e-03
46.497132	5.058879237e-04
46.502132	-1.158034833e-03
46.507132	-9.470435600e-04
46.512133	-2.648964575e-03
46.517133	1.129097342e-04
46.522133	1.317855432e-03
46.527133	4.388966831e-04
46.532134	-8.800418918e-04
46.537134	-6.600510305e-04
46.542134	5.528943012e-04
46.547134	-6.130512885e-04
46.552134	-2.300679006e-04
46.557135	2.759098478e-04
46.562135	-2.371967791e-03
46.567135	-9.950299784e-04
46.572135	2.703801369e-03
46.577136	2.378817220e-03
46.582136	-1.072706468e-06
46.587136	5.439032543e-04
46.592136	5.692653296e-05
46.597137	-7.170370292e-04
46.602137	2.044837281e-03
46.607137	1.129268142e-04
46.612137	-1.663990760e-03
46.617137	3.339185810e-04
46.622138	-6.620348019e-04
46.627138	-2.046970349e-03
46.632138	-7.750277205e-04
46.637138	-1.664985963e-03
46.642139	-6.600310926e-04
46.647139	1.987848446e-03
46.652139	8.209029039e-04
46.657139	-1.100008067e-03
46.662139	-4.410373313e-04
46.667140	4.594129041e-05
46.672140	5.529189952e-04
46.677140	9.459019270e-04
46.682140	1.139410258e-04
46.687141	-1.492984341e-03
46.692141	9.359052393e-04
46.697141	2.761822468e-03
46.702141	4.389299300e-04
46.707142	-8.330107965e-04
46.712142	-1.988956841e-03
46.717142	1.882866577e-03
46.722142	4.379337831e-04
46.727142	-3.155900478e-03
46.732143	6.679251416e-04
46.737143	2.541840170e-03
46.742143	2.089480915e-04
46.747143	-2.210312403e-04
46.752144	-1.156987372e-03
46.757144	-2.878907465e-03
46.762144	-1.038469634e-06
46.767144	1.987871286e-03
46.772145	-1.036563953e-06
46.777145	-1.768954547e-03
46.782145	5.529399409e-04
46.787145	1.661890046e-03
46.792145	2.264863351e-03
46.797146	8.789278534e-04
46.802146	-1.492962436e-03
46.807146	1.699622685e-04
46.812146	6.589408012e-04
46.817147	-8.899872226e-04
46.822147	-1.539956466e-03
46.827147	5.597131055e-05
46.832147	-1.025121953e-06
46.837148	4.959530444e-04
46.842148	-1.730153273e-04
46.847148	-7.169894304e-04
46.852148	-1.160160321e-04
46.857148	-3.930023771e-04
46.862149	2.289700585e-04
46.867149	4.379614304e-04
46.872149	6.579522980e-04
46.877149	-8.799762290e-04
46.882150	-1.768934513e-03
46.887150	1.164931917e-03
46.892150	1.212930671e-03
46.897150	5.449622543e-04
46.902150	1.881901908e-03
46.907151	-8.339726071e-04
46.912151	-7.179769702e-04
46.917151	2.289805649e-04
46.922151	1.327931131e-03
46.927152	6.579628065e-04
46.932152	-5.549806209e-04
46.937152	3.919769146e-04
46.942152	-6.699734361e-04
46.947153	-8.329650063e-04
46.952153	2.759851017e-04
46.957153	8.309606110e-04
46.962153	1.139944422e-04
46.967153	-1.664923033e-03
46.972154	-1.387934777e-03
46.977154	1.269944309e-03
46.982154	-9.964584074e-07
46.987154	-5.549701003e-04
46.992155	1.050957221e-03
46.997155	7.159735377e-04
47.002155	-1.159873576e-04
47.007155	-1.434925923e-03
47.012156	-1.639832422e-04
47.017156	3.809927267e-04
47.022156	-1.099938411e-03
47.027156	3.339967968e-04
47.032156	8.209754253e-04
47.037157	-2.779732272e-04
47.042157	-4.409647957e-04
47.047157	2.760032874e-04
47.052157	1.140116732e-04
47.057158	-7.749466075e-04
47.062158	-6.129530771e-04
47.067158	4.379996923e-04
47.072158	-2.485865282e-03
47.077159	-3.829607475e-04
47.082159	2.598903485e-03
47.087159	1.547952632e-03
47.092159	-1.549904364e-03
47.097159	-1.826890704e-03
47.102160	6.019988835e-04
47.107160	5.530020892e-04
47.112160	8.879876884e-04
47.117160	-4.399504629e-04
47.122161	3.810128531e-04
47.127161	1.040265131e-04
47.132161	2.216930590e-03
47.137161	1.270974925e-03
47.142161	-2.877833882e-03
47.147162	6.100071512e-04
47.152162	1.431970422e-03
47.157162	-1.109912066e-03
47.162162	3.920200263e-04
47.167163	-1.639535207e-04
47.172163	-1.492891625e-03
47.177163	1.767959816e-03
47.182163	1.212986224e-03
47.187164	-2.266853256e-03
47.192164	-7.749207043e-04
47.197164	4.390245938e-04
47.202164	-3.929362979e-04
47.207164	1.710388032e-04
47.212165	1.049999461e-03
47.217165	-1.223895314e-03
47.222165	5.540241253e-04
47.227165	8.300124317e-04
47.232166	-1.052900271e-03
47.237166	-9.369046279e-04
47.242166	-3.349312685e-04
47.247166	-4.509249884e-04
47.252167	2.280448406e-04
47.257167	2.818927004e-03
47.262167	1.260999400e-03
47.267167	-2.647820408e-03
47.272167	-4.399206841e-04
47.277168	1.374997059e-03
47.282168	-1.874852965e-03
47.287168	-3.098795881e-03
47.292168	-9.369639975e-07
47.297169	2.274959643e-03
47.302169	1.651989170e-03
47.307169	1.766984860e-03
47.312169	2.484952901e-03
47.317170	3.086926262e-03
47.322170	-9.378882268e-04
47.327170	2.290592285e-04
47.332170	1.710992241e-03
47.337170	6.010440981e-04
47.342171	-4.409071626e-04
47.347171	1.766992563e-03
47.352171	2.263970738e-03
47.357171	-6.118964324e-04
47.362172	3.975894169e-03
47.367172	2.043983716e-03
47.372172	1.662002194e-03
47.377172	1.385015858e-03
47.382172	-2.380810505e-03
47.387173	-1.549847643e-03
47.392173	-2.762791062e-03
47.397173	-8.798764346e-04
47.402173	1.610767991e-04
47.407174	-2.657792984e-03
47.412174	-4.092726224e-03
47.417174	3.812912246e-03
47.422174	6.633783866e-03
47.427175	-2.104814482e-03
47.432175	-2.486796002e-03
47.437175	1.386027383e-03
47.442175	1.165038481e-03
47.447175	2.264989010e-03
47.452176	6.404800154e-03
47.457176	8.181719643e-03
47.462176	5.810829319e-03
47.467176	4.634884205e-03
47.472177	4.748879943e-03
47.477177	2.713974214e-03
47.482177	1.653023827e-03
47.487177	2.589981831e-03
47.492178	4.090913975e-03
47.497178	2.598983349e-03
47.502178	-1.329835538e-03
47.507178	1.987013341e-03
47.512178	3.200958645e-03
47.517179	6.100784096e-04
47.522179	1.883021008e-03
47.527179	6.120802501e-04
47.532179	-1.215834969e-03
47.537180	1.547039312e-03
47.542180	3.316959123e-03
47.547180	7.640771463e-04
47.552180	-2.046793001e-03
47.557181	9.930685798e-04
47.562181	7.730796337e-04
47.567181	-2.208782673e-03
47.572181	5.540916086e-04
47.577181	7.730825343e-04
47.582182	2.045025180e-03
47.587182	1.548048934e-03
47.592182	-3.317726990e-03
47.597182	-2.658756238e-03
47.602183	-1.387813547e-03
47.607183	-3.828586589e-04
47.612183	1.768043684e-03
47.617183	2.191156742e-04
47.622184	1.443060521e-03
47.627184	1.442061535e-03
47.632184	-5.558458883e-04
47.637184	-1.720791504e-03
47.642184	-2.778566988e-04
47.647185	8.300934669e-04
47.652185	-7.178345883e-04
47.657185	-9.948209194e-04
47.662185	3.811169586e-04
47.667186	2.265031545e-03
47.672186	2.980999684e-03
47.677186	-8.328244734e-04
47.682186	-1.768780589e-03
47.687186	6.111112558e-04
47.692187	-5.458347263e-04
47.697187	8.781009514e-04
47.702187	-4.978349893e-04
47.707187	-2.867725355e-03
47.712188	7.641090855e-04
47.717188	2.369036465e-03
47.722188	7.731106113e-04
47.727188	-6.028253290e-04
47.732189	1.141427656e-04
47.737189	-1.271792716e-03
47.742189	-3.374695323e-03
47.747189	4.614879216e-05
47.752189	2.427040592e-03
47.757190	1.108102038e-03
47.762190	-8.461434193e-07
47.767190	-2.265741322e-03
47.772190	-2.151745579e-03
47.777191	3.331414526e-04
47.782191	1.939068787e-03
47.787191	1.376095571e-03
47.792191	-2.380731198e-03
47.797192	1.882074311e-03
47.802192	2.924027506e-03
47.807192	-1.769756301e-03
47.812192	-1.214780778e-03
47.817192	3.975982183e-03
47.822193	2.102069078e-03
47.827193	3.594001640e-03
47.832193	9.730721226e-03
47.837193	5.246927791e-03
47.842194	4.299972182e-03
47.847194	3.984987596e-03
47.852194	3.269021397e-03
47.857194	1.621648255e-04
47.862195	-5.698565473e-03
47.867195	-3.815650838e-03
47.872195	1.548104191e-03
47.877195	-2.600704603e-03
47.882195	-3.479663329e-03
47.887196	3.911601553e-04
47.892196	1.155126097e-03
47.897196	8.791397241e-04
47.902196	-4.369618634e-03
47.907197	-3.358026234e-04
47.912197	5.027952407e-03
47.917197	2.771056863e-03
47.922197	8.881441723e-04
47.927197	-2.298035944e-04
47.932198	-7.757775876e-04
47.937198	-3.480652589e-03
47.942198	-2.877679265e-03
47.947198	-1.319749727e-03
47.952199	4.482985175e-03
47.957199	5.743928330e-03
47.962199	-9.957616641e-04
47.967199	-2.542689760e-03
47.972200	-1.051757150e-03
47.977200	2.981058908e-03
47.982200	1.156143558e-03
47.987200	-8.897616586e-04
47.992200	1.050150365e-03
47.997201	-1.549729450e-03
48.002201	-1.100749064e-03
48.007201	2.772074331e-03
48.012201	1.434136652e-03
48.017202	-3.767623860e-03
48.022202	-6.252508947e-03
48.027202	-2.925660518e-03
48.032202	-3.260644184e-03
48.037203	-5.028562147e-03
48.042203	-3.145647509e-03
48.047203	-2.820661436e-03
48.052203	-8.327516129e-04
48.057203	2.437099430e-03
48.062204	-2.777751113e-04
48.067204	-1.664710542e-03
48.072204	-8.327477153e-04
48.077204	-6.597546728e-04
48.082205	1.997124477e-03
48.087205	1.155164058e-03
48.092205	-8.897412030e-04
48.097205	-4.977582016e-04
48.102206	-1.271721738e-03
48.107206	-2.705655014e-03
48.112206	3.812044208e-04
48.117206	1.872137033e-03
48.122206	-1.627686861e-04
48.127207	-2.197650973e-04
48.132207	3.912078633e-04
48.137207	-2.787604414e-04
48.142207	-1.224716091e-03
48.147208	-9.947256613e-04
48.152208	2.933095213e-03
48.157208	1.987139564e-03
48.162208	-1.548697333e-03
48.167208	-6.027397317e-04
48.172209	-4.977435701e-04
48.177209	8.211969290e-04
48.182209	-7.644057646e-07
48.187209	2.045142760e-03
48.192210	-1.329701518e-03
48.197210	-2.810632637e-03
48.202210	1.328178564e-03
48.207210	1.375177385e-03
48.212211	2.192313650e-04
48.217211	-1.606683935e-03
48.222211	-7.565947536e-07
48.227211	2.292338363e-04
48.232211	-1.627472135e-04
48.237212	-7.857176718e-04
48.242212	-4.507320549e-04
48.247212	1.051200055e-03
48.252212	5.542238194e-04
48.257213	2.292396979e-04
48.262213	-9.957031581e-04
48.267213	-5.557223550e-04
48.272213	3.822356145e-04
48.277214	-1.271687571e-03
48.282214	-7.448699747e-07
48.287214	7.732206192e-04
48.292214	3.708087026e-03
48.297214	6.632953890e-03
48.302215	2.192489534e-04
48.307215	-1.280681293e-03
48.312215	2.436149258e-03
48.317215	-9.956924047e-04
48.322216	-2.934602523e-03
48.327216	-9.376931080e-04
48.332216	3.755092694e-03
48.337216	4.148075652e-03
48.342217	1.386203270e-03
48.347217	3.651100397e-03
48.352217	4.921043145e-03
48.357217	4.358069937e-03
48.362217	3.365116445e-03
48.367218	7.162388820e-04
48.372218	-1.052679030e-03
48.377218	-1.042678510e-03
48.382218	1.490206330e-03
48.387219	8.506885576e-03
48.392219	1.034280237e-02
48.397219	8.620882306e-03
48.402219	4.970050686e-03
48.407219	3.919099854e-03
48.412220	2.599161356e-03
48.417220	-1.377655318e-03
48.422220	-1.663641225e-03
48.427220	1.319222982e-03
48.432221	4.962616967e-04
48.437221	3.332701498e-04
48.442221	2.182764022e-04
48.447221	-6.596823614e-04
48.452222	1.051240168e-03
48.457222	-6.126825569e-04
48.462222	3.431133003e-03
48.467222	5.256050306e-03
48.472222	5.964018824e-03
48.477223	4.359093394e-03
48.482223	-6.126776571e-04
48.487223	7.464952942e-03
48.492223	1.083979918e-02
48.497224	4.970069300e-03
48.502224	7.015976470e-03
48.507224	6.689992398e-03
48.512224	4.749082374e-03
48.517225	4.368100824e-03
48.522225	1.329241144e-03
48.527225	-6.696662200e-04
48.532225	-6.126678527e-04
48.537225	2.714180583e-03
48.542226	4.090118474e-03
48.547226	-1.606619335e-03
48.552226	-1.376628899e-03
48.557226	2.427197666e-03
48.562227	8.782696698e-04
48.567227	1.143056808e-04
48.572227	8.312737872e-04
48.577227	-2.763560399e-03
48.582228	1.882227561e-03
48.587228	8.898906809e-03
48.592228	5.964042362e-03
48.597228	5.027086306e-03
48.602228	2.207216586e-03
48.607229	6.592885439e-04
48.612229	4.540111580e-03
48.617229	2.877188811e-03
48.622229	1.815238486e-03
48.627230	9.060907235e-03
48.632230	7.464981394e-03
48.637230	5.859056012e-03
48.642230	6.022049521e-03
48.647231	-6.606430778e-04
48.652231	-6.723569683e-07
48.657231	3.144184425e-03
48.662231	5.974055651e-03
48.667231	3.985147830e-03
48.672232	-1.224612306e-03
48.677232	-1.166613983e-03
48.682232	-3.256515609e-04
48.687232	-8.316273779e-04
48.692233	-3.346491829e-04
48.697233	1.002290498e-03
48.702233	1.470066337e-02
48.707233	2.104937325e-02
48.712233	1.060985291e-02
48.717234	5.419091908e-03
48.722234	3.699171754e-03
48.727234	2.599223172e-03
48.732234	3.913253935e-04
48.737235	2.427233025e-03
48.742235	3.478185819e-03
48.747235	1.883259934e-03
48.752235	1.051299066e-03
48.757236	3.421191383e-03
48.762236	2.208247984e-03
48.767236	-6.497490731e-07
48.772236	1.384287732e-03
48.777236	1.719273355e-03
48.782237	-1.941557802e-03
48.787237	-1.509395375e-02
48.792237	-3.254915240e-02
48.797237	-1.559192894e-02
48.802238	-1.525694332e-02
48.807238	-3.901985274e-02
48.812238	-1.480696199e-02
48.817238	-3.000726403e-02
48.822239	-3.659296107e-02
48.827239	-2.625943391e-02
48.832239	-3.973881486e-02
48.837239	-2.210162258e-02
48.842239	-3.719392958e-02
48.847240	-2.570445542e-02
48.852240	-2.504648460e-02
48.857240	-3.736791865e-02
48.862240	-9.721185336e-03
48.867241	-3.161218059e-02
48.872241	-3.089621244e-02
48.877241	-1.436796931e-02
48.882241	-3.792188832e-02
48.887242	-2.376453649e-02
48.892242	-2.177562670e-02
48.897242	-4.184170563e-02
48.902242	-4.206169456e-02
48.907242	-4.919136666e-02
48.912243	-5.399914522e-02
48.917243	-6.118881457e-02
48.922243	-7.168533230e-02
48.927243	-8.239984002e-02
48.932244	-9.152842047e-02
48.937244	-1.044628264e-01
48.942244	-1.102655593e-01
48.947244	-1.158463025e-01
48.952244	-1.189351599e-01
48.957245	-1.222530067e-01
48.962245	-1.305486254e-01
48.967245	-1.286757103e-01
48.972245	-1.251868693e-01
48.977246	-1.128074359e-01
48.982246	-8.655863849e-02
48.987246	-6.918943392e-02
48.992246	-4.619948709e-02
48.997247	-2.471147138e-02
49.002247	-2.310554403e-02
49.007247	6.461101246e-03
49.012247	1.420474717e-02
49.017247	2.199639089e-02
49.022248	4.493733997e-02
49.027248	4.693424939e-02
49.032248	5.261298999e-02
49.037248	5.122705453e-02
49.042249	5.493488550e-02
49.047249	5.212401537e-02
49.052249	5.272698871e-02
49.057249	5.277598745e-02
49.062250	4.725924140e-02
49.067250	4.615029323e-02
49.072250	4.349441600e-02
49.077250	4.426738154e-02
49.082250	4.698225805e-02
49.087251	4.206048471e-02
49.092251	3.967859491e-02
49.097251	4.521334212e-02
49.102251	4.217548240e-02
49.107252	3.161196775e-02
49.112252	4.111253311e-02
49.117252	2.542625336e-02
49.122252	2.476728456e-02
49.127253	3.736670783e-02
49.132253	1.607668502e-02
49.137253	3.293991279e-02
49.142253	2.537026086e-02
49.147253	1.879256346e-02
49.152254	3.719372070e-02
49.157254	3.359888652e-02
49.162254	4.736525629e-02
49.167254	5.841575058e-02
49.172255	5.858774368e-02
49.177255	6.510644577e-02
49.182255	6.676937051e-02
49.187255	6.853829039e-02
49.192255	7.400604067e-02
49.197256	7.317407980e-02
49.202256	7.267710358e-02
49.207256	6.438948458e-02
49.212256	5.786078492e-02
49.217257	5.509891255e-02
49.222257	4.709728044e-02
49.227257	4.389442828e-02
49.232257	4.476438938e-02
49.237258	3.922964415e-02
49.242258	3.985161662e-02
49.247258	2.343837020e-02
49.252258	2.409834093e-02
49.257258	3.510083743e-02
49.262259	1.104994121e-02
49.267259	3.202302037e-03
49.272259	9.787001100e-03
49.277259	9.510014790e-03
49.282260	4.855229214e-03
49.287260	5.792187241e-03
49.292260	-5.461575707e-07
49.297260	-1.220698547e-02
49.302261	-1.116503226e-02
49.307261	-1.725353030e-04
49.312261	-4.975194120e-04
49.317261	7.164259150e-04
49.322261	2.819330481e-03
49.327262	-4.255344137e-03
49.332262	-2.442341839e-02
49.337262	-3.272103693e-02
49.342262	-9.178115445e-03
49.347263	-4.034350311e-03
49.352263	-3.504392745e-02
49.357263	-2.702329423e-02
49.362263	-2.370744528e-02
49.367264	-3.941372411e-02
49.372264	-3.333300194e-02
49.377264	-3.946071998e-02
49.382264	-4.305455420e-02
49.387264	-4.990823895e-02
49.392265	-4.758634443e-02
49.397265	-4.631440176e-02
49.402265	-4.830230962e-02
49.407265	-4.184060491e-02
49.412266	-3.897273542e-02
49.417266	-4.134362572e-02
49.422266	-1.619377791e-02
49.427266	-1.259894176e-02
49.432266	-2.332444897e-02
49.437267	-1.541981043e-02
49.442267	3.488323573e-03
49.447267	2.287443566e-02
49.452267	9.664042382e-03
49.457268	1.298989087e-02
49.462268	3.581684519e-02
49.467268	2.332441899e-02
49.472268	2.647827537e-02
49.477269	4.394247558e-02
49.482269	3.902070225e-02
49.487269	3.100907059e-02
49.492269	3.415292743e-02
49.497269	3.409693099e-02
49.502270	3.073308622e-02
49.507270	3.597984664e-02
49.512270	2.547332938e-02
49.517270	3.514788677e-02
49.522271	2.912616387e-02
49.527271	3.448891897e-02
49.532271	3.769177310e-02
49.537271	3.592285520e-02
49.542272	3.669682070e-02
49.547272	3.951669240e-02
49.552272	4.173459169e-02
49.557272	4.493744582e-02
49.562272	4.686735832e-02
49.567273	4.211657715e-02
49.572273	4.388549703e-02
49.577273	3.879973122e-02
49.582273	3.984168444e-02
49.587274	3.879973321e-02
49.592274	3.902072407e-02
49.597274	4.150561112e-02
49.602274	3.272001495e-02
49.607275	2.862920352e-02
49.612275	3.663983720e-02
49.617275	1.221595810e-02
49.622275	3.915012712e-04
49.627275	2.364843587e-02
49.632276	3.597987144e-02
49.637276	1.100201773e-02
49.642276	1.615157870e-04
49.647276	-1.051427604e-03
49.652277	3.915072268e-04
49.657277	9.934806175e-04
49.662277	-1.109421966e-03
49.667277	-1.989255972e-02
49.672278	-3.194700600e-02
49.677278	-6.358178318e-03
49.682278	2.877399199e-03
49.687278	-1.605394260e-03
49.692278	-2.719621986e-02
49.697279	-3.642079590e-02
49.702279	-9.952008566e-03
49.707279	-1.436780510e-02
49.712279	-3.807371713e-02
49.717280	-1.658670137e-02
49.722280	-1.553474861e-02
49.727280	-3.796871896e-02
49.732280	-1.531375676e-02
49.737280	-5.306214635e-03
49.742281	-2.785617967e-02
49.747281	-3.144901393e-02
49.752281	-8.335072773e-03
49.757281	-3.710283838e-03
49.762282	-1.376582177e-02
49.767282	-2.785517474e-02
49.772282	-2.316238893e-02
49.777282	-2.485336030e-03
49.782283	-2.706324903e-03
49.787283	-1.277186238e-02
49.792283	-2.769217725e-02
49.797283	-2.519829061e-02
49.802283	-5.975171042e-03
49.807284	-1.453977734e-02
49.812284	-3.437486685e-02
49.817284	-1.746464124e-02
49.822284	-8.794007205e-04
49.827285	-2.166144681e-02
49.832285	-3.919364192e-02
49.837285	-1.630869026e-02
49.842285	-4.914211737e-03
49.847286	-3.039804224e-02
49.852286	-2.962407674e-02
49.857286	-6.462137777e-03
49.862286	-1.108382266e-03
49.867286	-6.124040137e-04
49.872287	-4.035246073e-03
49.877287	-5.201191617e-03
49.882287	-1.654353254e-03
49.887287	-1.157375047e-03
49.892288	-2.820297803e-03
49.897288	1.109522999e-03
49.902288	3.757402582e-03
49.907288	2.370467171e-03
49.912289	-4.231222161e-07
49.917289	8.287197863e-03
49.922289	2.862926612e-02
49.927289	2.836027945e-02
49.932289	7.569233769e-03
49.937290	1.364995595e-02
49.942290	3.172612810e-02
49.947290	2.127860814e-02
49.952290	7.351247745e-03
49.957291	2.093489822e-03
49.962291	-4.973903841e-04
49.967291	-9.943666012e-04
49.972291	-4.111813341e-07
49.977291	5.658720050e-05
49.982292	7.165579345e-04
49.987292	5.535664035e-04
49.992292	-1.607333518e-03
49.997292	-7.351069157e-03
50.002293	-2.851409778e-02
50.007293	-3.023601783e-02
50.012293	-4.532195423e-03
50.017293	3.915798045e-04
50.022294	4.965759858e-04
50.027294	7.735642809e-04
50.032294	-5.739662157e-05
50.037294	1.265602143e-02
50.042294	2.415549515e-02
50.047295	1.907072929e-02
50.052295	7.675252800e-03
50.057295	2.765930435e-04
50.062295	1.028613508e-02
50.067296	2.752034584e-02
50.072296	1.778879305e-02
50.077296	4.750391892e-03
50.082296	1.605537088e-03
50.087297	1.385548171e-03
50.092297	3.211465445e-03
50.097297	-4.092198667e-03
50.102297	-1.614664494e-02
50.107297	-2.149839855e-02
50.112298	-1.193883589e-02
50.117298	-1.663306053e-03
50.122298	-3.823637910e-04
50.127298	-5.191142299e-03
50.132299	-2.735912484e-02
50.137299	-3.339084728e-02
50.142299	-9.291951277e-03
50.147299	1.778542108e-03
50.152300	-1.989284130e-03
50.157300	-1.733663982e-04
50.162300	2.103530197e-03
50.167300	-2.762245698e-03
50.172300	-1.548300364e-03
50.177301	5.801363632e-03
50.182301	2.304557394e-02
50.187301	2.664141005e-02
50.192301	9.951176342e-03
50.197302	3.373478944e-03
50.202302	3.039495255e-03
50.207302	1.470196150e-02
50.212302	2.509148611e-02
50.217302	1.558092319e-02
50.222303	9.674195025e-03
50.227303	3.976457278e-03
50.232303	6.681334250e-03
50.237303	2.808335391e-02
50.242304	2.105767705e-02
50.247304	4.970415691e-03
50.252304	4.980416230e-03
50.257304	1.883559226e-03
50.262305	2.093550595e-03
50.267305	3.536485430e-03
50.272305	1.882562264e-03
50.277305	3.336342842e-04
50.282305	-9.943038288e-04
50.287306	-1.003302419e-03
50.292306	-1.491279046e-03
50.297306	2.599534377e-03
50.302306	3.363500345e-03
50.307307	-1.156291413e-03
50.312307	-2.046249609e-03
50.317307	-2.783296749e-04
50.322307	2.934524005e-03
50.327308	1.433593824e-03
50.332308	-1.710261024e-03
50.337308	-2.094242419e-03
50.342308	1.432596864e-03
50.347308	7.121337018e-03
50.352309	6.022388405e-03
50.357309	9.936199856e-04
50.362309	-2.821204097e-03
50.367309	-1.768251379e-03
50.372310	-1.623240173e-04
50.377310	-5.410082396e-03
50.382310	-1.825245772e-03
50.387310	-5.832579159e-05
50.392311	3.336572331e-04
50.397311	2.542556947e-03
50.402311	-1.989234260e-03
50.407311	-1.287673404e-02
50.412311	-3.206085340e-02
50.417312	-2.222530339e-02
50.422312	-1.768240400e-03
50.427312	-4.311122804e-03
50.432312	-2.857300933e-02
50.437313	-3.243483126e-02
50.442313	-6.577015911e-03
50.447313	-7.262831841e-04
50.452313	-3.977133126e-03
50.457313	-3.260165002e-03
50.462314	-7.025991330e-03
50.467314	-1.912843540e-02
50.472314	-2.027538181e-02
50.477314	-5.411062383e-03
50.482315	1.700612527e-03
50.487315	-2.762181844e-03
50.492315	-9.778859112e-03
50.497315	-6.472009741e-03
50.502316	8.316563654e-04
50.507316	1.719616649e-03
50.512316	1.376633374e-03
50.517316	-1.720223628e-03
50.522316	5.669589488e-05
50.527317	-1.654224656e-03
50.532317	-5.803033423e-03
50.537317	-1.310569758e-02
50.542317	-2.990092647e-02
50.547318	-1.862144267e-02
50.552318	-2.209194214e-03
50.557318	-1.491226136e-03
50.562318	1.768625391e-03
50.567319	-5.542670995e-04
50.572319	-5.248050878e-03
50.577319	-1.718850238e-02
50.582319	-2.880196887e-02
50.587319	-1.619354600e-02
50.592320	-3.375132759e-03
50.597320	-1.931197968e-03
50.602320	-1.931196969e-03
50.607320	-6.122564464e-04
50.612321	-3.822659926e-04
50.617321	2.428606121e-03
50.622321	1.309611799e-02
50.627321	2.188971578e-02
50.632322	1.967281843e-02
50.637322	7.188391870e-03
50.642322	6.250435877e-03
50.647322	2.924589376e-03
50.652322	-4.972527242e-04
50.657323	8.786851851e-04
50.662323	-2.735127199e-07
50.667323	8.412341746e-03
50.672323	1.347811047e-02
50.677324	4.530521737e-03
50.682324	2.991593301e-03
50.687324	7.178402325e-03
50.692324	3.584568111e-03
50.697324	1.627260115e-04
50.702325	-3.822480002e-04
50.707325	-5.191026505e-03
50.712325	-1.426260955e-02
50.717325	-1.408961648e-02
50.722326	-4.637048907e-03
50.727326	2.767267837e-04
50.732326	1.057356240e-04
50.737326	-2.772458152e-04
50.742327	-5.552320688e-04
50.747327	-7.905894022e-03
50.752327	-3.028386693e-02
50.757327	-2.957689835e-02
50.762327	-3.871076028e-03
50.767328	8.887067233e-04
50.772328	-1.632440418e-04
50.777328	2.197393976e-04
50.782328	-7.162166862e-04
50.787329	-1.874162591e-03
50.792329	-2.046153705e-03
50.797329	1.376690349e-03
50.802329	-2.202354271e-04
50.807330	-7.172116391e-04
50.812330	8.787161837e-04
50.817330	6.597272253e-04
50.822330	-3.822239981e-04
50.827330	4.387393590e-04
50.832331	-1.224183391e-03
50.837331	-1.376175421e-03
50.842331	1.987671338e-03
50.847331	-2.772238103e-04
50.852332	-7.072030941e-04
50.857332	6.117374295e-04
50.862332	1.627590169e-04
50.867332	2.876635579e-03
50.872333	4.387483633e-04
50.877333	8.217318031e-04
50.882333	6.597402315e-04
50.887333	-1.156175503e-03
50.892333	7.837365473e-04
50.897334	-1.732185730e-04
50.902334	-1.883139168e-03
50.907334	-1.826140781e-03
50.912334	5.437515543e-04
50.917335	-2.208121264e-03
50.922335	-8.791811989e-04
50.927335	2.542662901e-03
50.932335	4.397603258e-04
50.937336	1.617740731e-04
50.942336	3.765609829e-03
50.947336	2.222476443e-02
50.952336	2.553261376e-02
50.957336	1.050530380e-02
50.962337	4.310588844e-03
50.967337	-2.292019939e-04
50.972337	5.778584795e-05
50.977337	6.519490563e-03
50.982338	1.641203796e-02
50.987338	2.598060022e-02
50.992338	1.845894611e-02
50.997338	3.756621252e-03
51.002338	1.061030799e-02
51.007339	2.387870060e-02
51.012339	2.061885108e-02
51.017339	1.199624745e-02
51.022339	7.235466744e-03
51.027340	1.730200617e-02
51.032340	2.653658374e-02
51.037340	1.546609235e-02
51.042340	9.386372124e-03
51.047341	2.045709714e-03
51.052341	1.636505414e-02
51.057341	3.034141428e-02
51.062341	1.105029983e-02
51.067341	6.308518258e-03
51.072342	6.299519672e-03
51.077342	2.312703480e-03
51.082342	1.934692342e-02
51.087342	3.089439494e-02
51.092343	1.044833344e-02
51.097343	6.687828635e-04
51.102343	5.964541041e-03
51.107343	4.416613019e-03
51.112344	-9.371404961e-04
51.117344	2.829687786e-03
51.122344	1.331620795e-02
51.127344	1.690904421e-02
51.132344	1.277023499e-02
51.137345	7.236489729e-03
51.142345	2.705698480e-03
51.147345	-6.591462318e-04
51.152345	1.490756191e-03
51.157346	-8.077804064e-03
51.162346	-2.702393433e-02
51.167346	-1.337355924e-02
51.172346	1.213772898e-03
51.177347	-1.329109502e-03
51.182347	-3.203022576e-03
51.187347	-1.862131461e-02
51.192347	-3.404860622e-02
51.197347	-1.635641645e-02
51.202348	2.819705273e-03
51.207348	-5.361918576e-03
51.212348	-2.050522321e-02
51.217348	-3.095274317e-02
51.222349	-1.575343909e-02
51.227349	-2.380051295e-03
51.232349	-8.344776795e-03
51.237349	-2.509300784e-02
51.242349	-2.851584989e-02
51.247350	-8.947746142e-03
51.252350	2.778318432e-04
51.257350	-7.741189201e-04
51.262350	-4.588942998e-03
51.267351	-1.409950591e-02
51.272351	-2.880183077e-02
51.277351	-2.315308878e-02
51.282351	-3.373994699e-03
51.287352	1.653775767e-03
51.292352	1.002806617e-03
51.297352	-1.052098158e-03
51.302352	-2.380036266e-03
51.307352	-1.099093999e-03
51.312353	-4.090955812e-03
51.317353	-1.658438195e-02
51.322353	-2.370705436e-02
51.327353	-1.679637023e-02
51.332354	-6.356847906e-03
51.337354	-1.151331030e-04
51.342354	6.018350243e-04
51.347354	-5.541109703e-04
51.352355	-4.750917533e-03
51.357355	-2.608693822e-02
51.362355	-3.144869137e-02
51.367355	-9.396701505e-03
51.372355	-4.411111404e-04
51.377356	1.718617554e-04
51.382356	1.109819750e-03
51.387356	-1.525642881e-02
51.392356	-3.615346963e-02
51.397357	-2.155613795e-02
51.402357	-1.271067071e-03
51.407357	8.318375077e-04
51.412357	2.379767533e-03
51.417358	-2.438010556e-03
51.422358	-6.184837752e-03
51.427358	-9.014706993e-03
51.432358	-2.609592277e-02
51.437358	-2.508296822e-02
51.442359	-5.085884132e-03
51.447359	-8.310782240e-04
51.452359	3.918667032e-04
51.457359	-1.492045912e-03
51.462360	-1.151080457e-04
51.467360	9.938421085e-04
51.472360	-2.208010076e-03
51.477360	-1.051062122e-03
51.482360	1.327829802e-03
51.487361	4.968689060e-04
51.492361	-8.890665427e-04
51.497361	3.338783846e-04
51.502361	1.720815792e-03
51.507362	-2.819974998e-03
51.512362	-2.656981469e-03
51.517362	7.178647881e-04
51.522362	2.599779500e-03
51.527363	-1.329039351e-03
51.532363	-3.431941925e-03
51.537363	1.213846056e-03
51.542363	-2.925963120e-03
51.547363	-3.039956890e-03
51.552364	-3.373940574e-03
51.557364	-8.622698902e-03
51.562364	-1.403244985e-02
51.567364	-1.933820556e-02
51.572365	-1.265651093e-02
51.577365	-2.599971049e-03
51.582365	-1.720813712e-04
51.587365	-1.884001872e-03
51.592366	9.368697859e-04
51.597366	3.040774319e-03
51.602366	-2.590966448e-03
51.607366	-4.400640699e-04
51.612366	1.595843581e-03
51.617367	-2.819952940e-03
51.622367	-6.020536340e-04
51.627367	-4.400600590e-04
51.632367	-3.340639165e-04
51.637368	6.118937117e-04
51.642368	6.910605902e-03
51.647368	1.867806734e-02
51.652368	9.167504423e-03
51.657369	3.642758750e-03
51.662369	1.022845778e-02
51.667369	7.072603488e-03
51.672369	6.356637320e-03
51.677369	5.582673811e-03
51.682370	1.987839646e-03
51.687370	1.386868205e-03
51.692370	3.349174428e-04
51.697370	-1.630587209e-04
51.702371	1.492125063e-02
51.707371	2.348685887e-02
51.712371	1.674816886e-02
51.717371	1.061045130e-02
51.722371	1.881852529e-03
51.727372	4.979711487e-03
51.732372	4.693725603e-03
51.737372	7.628592035e-03
51.742372	3.089552619e-02
51.747373	2.215792783e-02
51.752373	1.767863773e-03
51.757373	3.097803795e-03
51.762373	-2.044959393e-03
51.767374	8.946537621e-03
51.772374	3.460336219e-02
51.777374	2.454782427e-02
51.782374	3.364796567e-03
51.787374	2.045858047e-03
51.792375	4.817731952e-03
51.797375	1.303835602e-02
51.802375	2.785567761e-02
51.807375	2.316089388e-02
51.812376	4.798736835e-03
51.817376	1.629504009e-04
51.822376	8.621563554e-03
51.827376	2.470082728e-02
51.832377	2.410885543e-02
51.837377	9.568523143e-03
51.842377	2.669506472e-04
51.847377	4.588753484e-03
51.852377	1.652820703e-02
51.857378	1.492128172e-02
51.862378	7.407627240e-03
51.867378	1.160543576e-02
51.872378	1.039149243e-02
51.877379	2.427858585e-03
51.882379	7.739354247e-04
51.887379	1.547900939e-03
51.892379	-2.322920570e-03
51.897380	-6.576724519e-03
51.902380	-2.034209234e-02
51.907380	-2.408891953e-02
51.912380	-7.235691295e-03
51.917380	-6.689913921e-04
51.922381	1.547907960e-03
51.927381	5.797728052e-05
51.932381	-1.388038261e-02
51.937381	-3.299850499e-02
51.942382	-2.359193530e-02
51.947382	-2.819886750e-03
51.952382	3.829673941e-04
51.957382	-4.425811108e-03
51.962383	-2.414690584e-02
51.967383	-3.034162079e-02
51.972383	-1.161347853e-02
51.977383	-8.789697275e-04
51.982383	-3.536846854e-03
51.987384	-1.490939661e-03
51.992384	2.379883855e-03
51.997384	-1.490937655e-03
52.002384	-4.645791994e-03
52.007385	-6.136722627e-03
52.012385	-4.033818048e-03
52.017385	-1.271943684e-03
52.022385	-2.704876977e-03
52.027385	0.000000000e+00
