expfull_T9_run10
4049	0
0.000000	0.000000000e+00
0.005000	2.769411131e-04
0.010001	-3.350677288e-04
0.015001	-2.201174960e-04
0.020001	1.433746101e-03
0.025001	2.647634467e-03
0.030002	-9.942038047e-04
0.035002	-1.204235276e-03
0.040002	-8.792968643e-04
0.045003	-2.873734828e-04
0.050003	5.656385980e-05
0.055003	-1.596386379e-03
0.060003	1.491396494e-03
0.065004	5.534060063e-04
0.070004	1.212325618e-03
0.075004	8.793010726e-04
0.080005	-1.271621130e-03
0.085005	7.732204592e-04
0.090005	-4.987512249e-04
0.095005	-9.947665924e-04
0.100006	-7.748222656e-04
0.105006	2.190784905e-04
0.110006	2.484907642e-03
0.115006	1.709907982e-03
0.120007	3.909389470e-04
0.125007	-1.596992427e-03
0.130007	-6.700878963e-04
0.135008	9.347784680e-04
0.140008	-2.267084563e-03
0.145008	-2.486115518e-03
0.150008	2.186889253e-04
0.155009	1.547570830e-03
0.160009	1.279542636e-03
0.165009	-7.193881132e-04
0.170010	9.924722332e-04
0.175010	6.584477572e-04
0.180010	-8.325115861e-04
0.185010	2.183859731e-04
0.190011	3.038183950e-03
0.195011	2.182994236e-04
0.200011	-1.665637792e-03
0.205012	-4.417499681e-04
0.210012	1.601728720e-04
0.215012	-4.408365655e-04
0.220012	-8.238582740e-04
0.225013	1.096990318e-03
0.230013	-1.712894763e-03
0.235013	1.119592354e-04
0.240014	1.594832488e-03
0.245014	-2.211085459e-04
0.250014	-1.379086619e-03
0.255014	2.747770105e-04
0.260015	-1.053191491e-03
0.265015	-6.712562524e-04
0.270015	1.928554128e-03
0.275015	-7.193400614e-04
0.280016	1.695666402e-04
0.285016	-4.424421601e-04
0.290016	7.614468119e-04
0.295017	1.708350253e-03
0.300017	-1.712500414e-03
0.305017	-1.379562406e-03
0.310017	3.892947666e-04
0.315018	2.368140119e-03
0.320018	-2.769650005e-06
0.325018	-2.152691858e-03
0.330019	8.180976559e-04
0.335019	-1.112836877e-03
0.340019	5.505413784e-05
0.345019	6.569770167e-04
0.350020	1.047911775e-03
0.355020	-1.160007157e-03
0.360020	-2.231031313e-04
0.365021	2.262713698e-03
0.370021	-8.341551841e-04
0.375021	-6.024197663e-05
0.380021	-1.552201206e-03
0.385022	-6.052977332e-04
0.390022	8.285783265e-04
0.395022	-8.933679492e-04
0.400023	-8.834117233e-04
0.405023	1.383417450e-03
0.410023	5.414216421e-04
0.415023	5.403784936e-04
0.420024	1.105303485e-03
0.425024	-2.136654643e-04
0.430024	-2.049605307e-03
0.435024	8.751868376e-04
0.440025	2.377059091e-03
0.445025	-3.850065583e-06
0.450025	3.300879432e-04
0.455026	-2.880774485e-03
0.460026	-4.529543502e-04
0.465026	3.982752749e-03
0.470026	3.299152101e-04
0.475027	-5.590779220e-04
0.480027	-5.581211530e-04
0.485027	1.577953685e-04
0.490028	-1.055179517e-03
0.495028	-5.012538708e-04
0.500028	-5.022969791e-04
0.505028	-3.483172330e-03
0.510029	6.655509486e-04
0.515029	2.977377641e-03
0.520029	8.744528726e-04
0.525030	5.974253147e-04
0.530030	-6.165494934e-04
0.535030	-1.705531335e-03
0.540030	-1.323595983e-03
0.545031	4.352618567e-04
0.550031	1.047184268e-03
0.555031	-1.993687678e-03
0.560032	-1.610752370e-03
0.565032	1.315039786e-03
0.570032	1.323996154e-03
0.575032	1.670181629e-04
0.580033	-6.301200937e-05
0.585033	-8.950082898e-04
0.590033	-1.449020217e-03
0.595033	1.324780514e-03
0.600034	1.275740165e-03
0.605034	3.767476684e-04
0.610034	9.896700592e-04
0.615035	-5.022890488e-04
0.620035	-1.000304109e-03
0.625035	-1.057343992e-03
0.630035	2.537410544e-03
0.635036	1.323435799e-03
0.640036	-8.944824235e-04
0.645036	3.864023859e-04
0.650037	9.937546705e-05
0.655037	-1.726564813e-03
0.660037	-2.490564873e-03
0.665037	8.832021279e-04
0.670038	7.691654840e-04
0.675038	2.721504040e-04
0.680038	-1.335802130e-03
0.685039	-1.277848446e-03
0.690039	6.639991843e-04
0.695039	1.045934636e-03
0.700039	-8.380023465e-04
0.705040	1.558986611e-04
0.710040	3.645659164e-03
0.715040	-2.769022742e-03
0.720041	-2.941056085e-03
0.725041	2.594589252e-03
0.730041	9.876366981e-04
0.735041	-8.963002588e-04
0.740042	-6.083594816e-04
0.745042	-2.834207834e-04
0.750042	2.125082925e-04
0.755043	1.160411928e-03
0.760043	-1.685562529e-04
0.765043	4.903636589e-04
0.770043	1.532262014e-03
0.775044	-1.832591540e-03
0.780044	-5.507066876e-04
0.785044	-8.867307476e-04
0.790044	9.817083261e-05
0.795045	6.530966232e-04
0.800045	-1.440828460e-03
0.805045	2.200923560e-03
0.810046	-3.899735370e-04
0.815046	-5.610068605e-04
0.820046	1.981807039e-03
0.825046	-1.441043209e-03
0.830047	-1.394088792e-03
0.835047	1.818687404e-03
0.840047	7.677036406e-04
0.845048	-9.542423457e-04
0.850048	1.076549509e-04
0.855048	-1.164316359e-03
0.860048	6.515385014e-04
0.865049	9.874766806e-04
0.870049	-2.330379439e-03
0.875049	-1.279481501e-03
0.880050	2.420267320e-03
0.885050	8.243142769e-04
0.890050	-8.866322882e-04
0.895050	7.092349884e-04
0.900051	-1.001711567e-03
0.905051	-1.441729668e-03
0.910051	-1.059794037e-03
0.915052	1.540947629e-04
0.920052	2.314930257e-03
0.925052	2.095899735e-03
0.930052	-2.270123408e-04
0.935053	-2.608921090e-03
0.940053	7.658460827e-04
0.945053	2.257719261e-03
0.950053	-1.223127607e-03
0.955054	-2.169117174e-03
0.960054	5.466871161e-04
0.965054	1.321600677e-03
0.970055	2.016209197e-04
0.975055	6.605522796e-04
0.980055	3.265282855e-04
0.985055	-6.649238223e-05
0.990056	-1.108476510e-03
0.995056	7.083784233e-04
1.000056	1.703279635e-03
1.005057	-3.906452562e-04
1.010057	2.682748810e-04
1.015057	1.807145485e-03
1.020057	-2.608648677e-03
1.025058	-3.048666657e-03
1.030058	1.531103464e-04
1.035058	1.481992793e-03
1.040059	2.198909697e-03
1.045059	-2.264881736e-03
1.050059	-7.730084486e-04
1.055059	1.367828310e-03
1.060060	1.041803950e-03
1.065060	-3.921580314e-04
1.070060	-3.001053862e-03
1.075061	-8.402182076e-04
1.080061	8.216455429e-04
1.085061	5.926157503e-04
1.090061	-6.203586438e-04
1.095062	-9.435711830e-06
1.100062	-9.478378751e-06
1.105062	4.747575130e-05
1.110062	2.194234133e-04
1.115063	3.253747965e-04
1.120063	1.702254636e-03
1.125063	3.252895144e-04
1.130064	-8.986842145e-04
1.135064	4.721990535e-05
1.140064	7.641369223e-04
1.145064	-1.453780833e-03
1.150065	1.146030195e-03
1.155065	3.641847083e-03
1.160065	-8.889404471e-04
1.165066	-2.504892067e-03
1.170066	2.669093021e-04
1.175066	1.815779525e-03
1.180066	2.668241511e-04
1.185067	1.041737957e-03
1.190067	-3.922238781e-04
1.195067	-2.056172760e-03
1.200068	-4.023084170e-04
1.205068	1.098564545e-03
1.210068	5.445531958e-04
1.215068	-1.836355298e-03
1.220069	-9.574473031e-04
1.225069	4.745360534e-05
1.230069	1.624046214e-04
1.235070	1.040312692e-03
1.240070	-1.836609021e-04
1.245070	8.112405948e-04
1.250070	2.192314361e-04
1.255071	-1.737889185e-04
1.260071	1.145094359e-03
1.265071	-6.698459334e-04
1.270071	-5.078975113e-04
1.275072	-1.281896392e-03
1.280072	-1.160044755e-04
1.285072	1.201878891e-03
1.290073	-5.080672790e-04
1.295073	-1.224069398e-03
1.300073	-1.831704182e-04
1.305073	8.677280053e-04
1.310074	6.007006307e-04
1.315074	3.226738820e-04
1.320074	-6.934644235e-05
1.325075	4.855799301e-04
1.330075	3.135472348e-04
1.335075	-3.934553365e-04
1.340075	-4.504944917e-04
1.345076	-1.894455561e-03
1.350076	-5.085759338e-04
1.355076	2.865191788e-03
1.360077	9.822554532e-04
1.365077	-5.656997333e-04
1.370077	-6.976997685e-05
1.375077	-1.340740743e-03
1.380078	2.426004892e-03
1.385078	5.430685919e-04
1.390078	-3.156765415e-03
1.395079	1.143950180e-03
1.400079	-1.063967803e-03
1.405079	-2.611922932e-03
1.410079	6.478512861e-04
1.415080	7.148052572e-04
1.420080	1.478719999e-03
1.425080	4.475848143e-05
1.430081	-1.722184283e-03
1.435081	1.421596502e-03
1.440081	1.592544656e-03
1.445081	-2.393273171e-03
1.450082	-1.617359060e-03
1.455082	-1.744824899e-04
1.460082	1.535379058e-03
1.465082	1.918315314e-03
1.470083	4.437863317e-05
1.475083	-6.716232283e-04
1.480083	-1.846928034e-04
1.485084	7.612117904e-04
1.490084	-1.063727618e-03
1.495084	-9.017788751e-04
1.500084	8.760789056e-04
1.505085	9.330335752e-04
1.510085	2.640291219e-04
1.515085	-1.279909170e-04
1.520086	3.119422157e-04
1.525086	-2.554938481e-03
1.530086	-2.164002574e-03
1.535086	7.027939576e-04
1.540087	-1.761986269e-04
1.545087	9.816941264e-04
1.550087	-1.618201561e-03
1.555088	1.257594496e-03
1.560088	1.142558935e-03
1.565088	-6.723809184e-04
1.570088	3.785178985e-04
1.575089	1.484888357e-04
1.580089	-4.055219799e-04
1.585089	-3.955645369e-04
1.590090	1.153306278e-03
1.595090	8.082837220e-04
1.600090	-3.943490740e-03
1.605090	-2.164632848e-03
1.610091	3.466008210e-03
1.615091	2.079044345e-03
1.620091	-1.275808727e-03
1.625091	-7.778786887e-04
1.630092	2.738881407e-03
1.635092	-2.231880668e-03
1.640092	-1.887941936e-03
1.645093	1.036851511e-03
1.650093	2.638531401e-04
1.655093	1.372748833e-03
1.660093	8.747349988e-04
1.665094	9.073727285e-05
1.670094	-3.482798658e-04
1.675094	-2.118222069e-03
1.680095	-1.840279553e-03
1.685095	1.764475683e-03
1.690095	1.199465672e-03
1.695095	-6.834701354e-04
1.700096	1.094387975e-03
1.705096	-1.775822102e-04
1.710096	-1.008577212e-03
1.715097	8.742750139e-04
1.720097	-7.326762866e-04
1.725097	-1.955649195e-03
1.730097	1.142134661e-03
1.735098	4.251332859e-04
1.740098	-6.258492782e-04
1.745098	1.313999792e-03
1.750099	1.255961347e-03
1.755099	-2.349964212e-04
1.760099	-1.668957389e-03
1.765099	5.868739292e-04
1.770100	2.038538152e-04
1.775100	-1.554088886e-03
1.780100	-1.521717819e-05
1.785100	5.297104947e-04
1.790101	1.314624666e-03
1.795101	8.166110718e-04
1.800101	-4.073616442e-04
1.805102	2.615590852e-04
1.810102	-1.115404999e-03
1.815102	-3.404902185e-04
1.820102	1.858344410e-03
1.825103	-1.851488314e-03
1.830103	3.183479654e-04
1.835103	-1.567478655e-05
1.840104	-2.443579650e-03
1.845104	-2.257460447e-04
1.850104	7.491575434e-04
1.855104	2.527015937e-03
1.860105	5.390863423e-04
1.865105	-2.175802318e-03
1.870105	9.199819100e-04
1.875106	8.159462867e-04
1.880106	4.339263227e-04
1.885106	1.913801550e-03
1.890106	-7.910876250e-04
1.895107	8.882139750e-05
1.900107	1.418705098e-03
1.905107	-2.501115651e-03
1.910108	-1.451216169e-03
1.915108	1.971549738e-03
1.920108	-3.503609386e-04
1.925108	-5.603904972e-04
1.930109	1.197469168e-03
1.935109	-1.182438213e-03
1.940109	-1.565458004e-03
1.945109	4.893849725e-04
1.950110	-2.998460006e-03
1.955110	1.302256555e-03
1.960110	3.080115154e-03
1.965111	-1.784652278e-03
1.970111	4.120363947e-05
1.975111	-7.383116703e-05
1.980111	-2.235750730e-03
1.985112	9.290298404e-04
1.990112	3.855823819e-03
1.995112	2.029882202e-04
2.000113	-3.105866733e-03
2.005113	-2.397947808e-03
2.010113	2.191752595e-03
2.015113	1.148770111e-03
2.020114	-1.321989651e-04
2.025114	2.238626385e-03
2.030114	-1.288216235e-03
2.035115	-2.942164282e-03
2.040115	-1.566282889e-03
2.045115	6.515511160e-04
2.050115	2.802388903e-03
2.055116	1.474422546e-03
2.060116	-1.614444668e-03
2.065116	-6.295412110e-04
2.070117	1.082321331e-03
2.075117	4.033891618e-05
2.080117	-1.174633749e-03
2.085117	6.412229701e-04
2.090118	-1.327744994e-04
2.095118	-1.671728894e-03
2.100118	1.541272949e-04
2.105119	-1.241835128e-03
2.110119	8.050086414e-04
2.115119	5.369827411e-04
2.120119	-1.394949476e-03
2.125120	8.708819976e-04
2.130120	5.848571432e-04
2.135120	1.033790924e-03
2.140120	5.927748167e-04
2.145121	-9.071816645e-04
2.150121	-3.522538181e-04
2.155121	1.367608457e-03
2.160122	2.083527262e-03
2.165122	-2.619248866e-03
2.170122	-7.543294363e-05
2.175122	2.304392222e-03
2.180123	-2.121399466e-03
2.185123	-1.509474751e-03
2.190123	1.759300403e-03
2.195124	7.563160548e-04
2.200124	-5.156531392e-04
2.205124	9.752221388e-04
2.210124	3.062190223e-04
2.215125	-1.462722160e-03
2.220125	-2.781688663e-03
2.225125	7.080741293e-04
2.230126	1.033015102e-03
2.235126	8.602769219e-05
2.240126	2.589772446e-04
2.245126	-1.844945011e-03
2.250127	2.578959178e-04
2.255127	1.366792814e-03
2.260127	2.578145806e-04
2.265128	3.727674555e-04
2.270128	3.627273787e-04
2.275128	-1.912820627e-04
2.280128	1.526579558e-04
2.285129	6.495893730e-04
2.290129	-1.242344713e-03
2.295129	-3.534353392e-04
2.300129	-1.291423106e-03
2.305130	-7.753200402e-05
2.310130	3.724021176e-04
2.315130	-9.555636590e-04
2.320131	8.022968542e-04
2.325131	-9.096472819e-04
2.330131	1.532523790e-04
2.335131	9.171688836e-04
2.340132	-7.781557943e-05
2.345132	9.740847365e-04
2.350132	2.000878565e-04
2.355133	-7.269003986e-04
2.360133	-5.169526475e-04
2.365133	4.199541901e-04
2.370133	1.030879392e-03
2.375134	-6.320673833e-04
2.380134	-1.292070608e-03
2.385134	9.481094545e-05
2.390135	1.528689866e-03
2.395135	1.298662471e-03
2.400135	-4.022821041e-04
2.405135	5.906216782e-04
2.410136	-1.406306209e-03
2.415136	-3.279241065e-03
2.420136	-3.554459486e-04
2.425137	2.856332967e-03
2.430137	2.857292654e-03
2.435137	-6.895479162e-04
2.440137	-3.949404631e-03
2.445138	-2.976504345e-04
2.450138	1.862187764e-03
2.455138	9.424709704e-05
2.460138	8.420747802e-05
2.465139	-1.838176047e-04
2.470139	-3.458486420e-04
2.475139	-1.406829059e-03
2.480140	9.739967743e-04
2.485140	-3.559684743e-04
2.490140	-1.512943449e-03
2.495140	8.688823657e-04
2.500141	1.527805187e-03
2.505141	-7.914441742e-05
2.510141	-6.331532864e-04
2.515142	2.567565693e-04
2.520142	-2.126781115e-05
2.525142	-1.513223838e-03
2.530142	8.106053308e-04
2.535143	2.683459901e-03
2.540143	-1.130365374e-03
2.545143	-1.072408605e-03
2.550144	5.324610913e-04
2.555144	-2.449410981e-03
2.560144	-1.292516040e-03
2.565144	2.024257320e-03
2.570145	2.081214211e-03
2.575145	1.402835887e-04
2.580145	-1.790647583e-03
2.585146	6.951726092e-04
2.590146	3.018001991e-03
2.595146	-6.238328235e-04
2.600146	-3.233725719e-03
2.605147	-8.538995074e-04
2.610147	-6.809490420e-04
2.615147	1.191905737e-03
2.620147	2.739778825e-03
2.625148	-2.009993536e-03
2.630148	8.284889884e-05
2.635148	1.965703169e-03
2.640149	-9.581719450e-04
2.645149	4.177108923e-04
2.650149	8.086491923e-04
2.655149	-9.012942214e-04
2.660150	-5.763521792e-04
2.665150	-7.403825959e-04
2.670150	-3.574437918e-04
2.675151	2.902333069e-03
2.680151	9.714021638e-04
2.685151	-1.408503452e-03
2.690151	1.493692614e-04
2.695152	-2.565517469e-03
2.700152	-1.847597442e-03
2.705152	2.081141841e-03
2.710153	1.392116363e-04
2.715153	4.741532652e-04
2.720153	4.741137662e-04
2.725153	-8.448514677e-04
2.730154	-1.279313017e-04
2.735154	-7.997346143e-05
2.740154	-8.001290523e-05
2.745155	1.744844929e-03
2.750155	2.538894467e-04
2.755155	-2.508994416e-03
2.760155	1.744726723e-03
2.765156	2.462646930e-03
2.770156	-1.237184144e-03
2.775156	-2.729139500e-03
2.780157	1.966564521e-04
2.785157	-4.153484143e-04
2.790157	-9.123597405e-04
2.795157	2.022435748e-03
2.800158	2.252383524e-03
2.805158	-4.155055460e-04
2.810158	-3.293382781e-03
2.815158	-5.205781161e-04
2.820159	7.603105526e-04
2.825159	9.232621718e-04
2.830159	1.907167588e-03
2.835160	-1.017706929e-03
2.840160	-7.507611217e-04
2.845160	9.701028493e-04
2.850160	-9.598276373e-04
2.855161	-2.901757434e-03
2.860161	-7.409181891e-04
2.865161	4.729743803e-04
2.870162	7.499197113e-04
2.875162	5.878897696e-04
2.880162	3.578636705e-04
2.885162	-2.541409100e-04
2.890163	9.080065112e-05
2.895163	1.027708901e-03
2.900163	-8.126765787e-05
2.905164	1.304615345e-03
2.910164	-1.873396238e-04
2.915164	4.245869800e-04
2.920164	1.410492545e-03
2.925165	-2.681316017e-03
2.930165	4.714675889e-04
2.935165	3.894236010e-03
2.940166	-3.112408411e-03
2.945166	-2.567477947e-03
2.950166	2.346206585e-03
2.955166	-6.266648808e-04
2.960167	-1.133675151e-03
2.965167	2.460083733e-03
2.970167	-1.955706456e-03
2.975167	-1.572766783e-03
2.980168	1.963995354e-03
2.985168	3.206537681e-05
2.990168	1.523942665e-03
2.995169	-1.869997233e-04
3.000169	-1.573960336e-03
3.005169	5.288826023e-04
3.010169	-2.512487247e-05
3.015170	-2.541506275e-04
3.020170	7.007569809e-04
3.025170	-6.272068771e-04
3.030171	8.546710950e-04
3.035171	1.350604588e-03
3.040171	-2.683206894e-03
3.045171	-1.067336419e-03
3.050172	1.026507162e-03
3.055172	5.764939697e-04
3.060172	7.004484802e-04
3.065173	8.064040194e-04
3.070173	-1.965478413e-03
3.075173	-1.851523293e-03
3.080173	7.482918958e-04
3.085174	6.342598812e-04
3.090174	6.912182560e-04
3.095174	-1.574692584e-03
3.100175	5.281506454e-04
3.105175	-1.019800582e-03
3.110175	-1.678801839e-03
3.115175	1.961954857e-03
3.120176	1.464944512e-03
3.125176	2.019874962e-03
3.130176	-8.580013172e-04
3.135176	-2.615940629e-03
3.140177	4.708473320e-04
3.145177	1.846731627e-03
3.150177	-4.181790966e-04
3.155178	-4.662146077e-04
3.160178	1.025663205e-03
3.165178	-6.282818670e-04
3.170178	-1.240285581e-03
3.175179	1.235536886e-03
3.180179	-1.884210856e-04
3.185179	-1.957359620e-03
3.190180	1.354844552e-04
3.195180	3.145222368e-05
3.200180	-8.585357451e-04
3.205180	-1.416141617e-04
3.210181	9.202880164e-04
3.215181	3.652812374e-04
3.220181	2.516122144e-03
3.225182	4.122025959e-04
3.230182	-2.025698134e-03
3.235182	-1.183783491e-03
3.240182	-6.288526751e-04
3.245183	1.940630701e-04
3.250183	-1.794862871e-03
3.255183	-5.819690477e-04
3.260184	4.119371200e-04
3.265184	8.048771364e-04
3.270184	2.792727381e-03
3.275184	-2.130033313e-03
3.280185	-2.675040444e-03
3.285185	1.960660784e-03
3.290185	3.557133565e-04
3.295185	-1.241234505e-03
3.300186	6.416217490e-04
3.305186	2.400484999e-03
3.310186	1.406503243e-03
3.315187	-1.853350936e-03
3.320187	-2.685341779e-03
3.325187	4.224455971e-04
3.330187	4.124085137e-04
3.335188	1.071333786e-03
3.340188	-3.526236647e-04
3.345188	-9.066300745e-04
3.350189	7.942365902e-04
3.355189	-1.427482258e-04
3.360189	-4.667675331e-04
3.365189	-3.124655434e-03
3.370190	2.514989557e-03
3.375190	5.056808962e-03
3.380190	-1.681849154e-03
3.385191	-3.067808594e-03
3.390191	-1.634926708e-03
3.395191	2.131823805e-03
3.400191	7.468643596e-04
3.405192	-2.131011022e-03
3.410192	1.438235316e-04
3.415192	-2.481917623e-04
3.420193	7.937122357e-04
3.425193	7.456776107e-04
3.430193	-1.682223018e-03
3.435193	1.578556115e-03
3.440194	3.336419875e-03
3.445194	-3.634090973e-04
3.450194	-1.959356494e-03
3.455195	-2.474900935e-04
3.460195	-3.055240359e-04
3.465195	-2.247451904e-03
3.470195	-3.535956969e-04
3.475196	3.011177719e-03
3.480196	1.812998918e-04
3.485196	-1.566638828e-03
3.490196	2.012245409e-04
3.495197	-6.417650901e-04
3.500197	-1.195770973e-03
3.505197	1.415044993e-03
3.510198	5.260580034e-04
3.515198	-1.195882076e-03
3.520198	1.184946889e-03
3.525198	1.080915762e-03
3.530199	-2.122940838e-03
3.535199	-2.571952510e-03
3.540199	1.070805483e-03
3.545200	1.786728265e-03
3.550200	-1.740110082e-03
3.555200	-1.740146959e-03
3.560200	1.681623545e-03
3.565201	1.519595823e-03
3.570201	-1.243285462e-03
3.575201	3.055905329e-04
3.580202	-1.444209236e-04
3.585202	-1.636373704e-03
3.590202	3.624770114e-04
3.595202	1.739362760e-03
3.600203	4.673976476e-04
3.605203	-1.916019547e-04
3.610203	-5.846165133e-04
3.615204	-4.216623532e-04
3.620204	1.682182559e-03
3.625204	-6.327237498e-04
3.630204	2.720248598e-05
3.635205	9.071163551e-04
3.640205	-1.243799132e-03
3.645205	1.184027631e-03
3.650205	-1.929313913e-04
3.655206	-3.231796835e-03
3.660206	2.959680582e-04
3.665206	3.123772376e-03
3.670207	-3.070709473e-04
3.675207	-1.473041757e-03
3.680207	1.418308988e-04
3.685207	4.187788937e-04
3.690208	4.667397980e-04
3.695208	1.327222247e-04
3.700208	1.669239759e-05
3.705209	1.297583947e-03
3.710209	6.385847234e-04
3.715209	-3.173977622e-04
3.720209	-9.663975117e-04
3.725210	-5.744558445e-04
3.730210	-5.284946813e-04
3.735210	1.182372771e-03
3.740211	9.073520416e-04
3.745211	-2.237507107e-03
3.750211	-7.476271582e-04
3.755211	8.482468420e-04
3.760212	1.402179519e-03
3.765212	5.231928826e-04
3.770212	2.718470457e-05
3.775213	2.350017853e-03
3.780213	-1.799784591e-03
3.785213	-2.468782974e-03
3.790213	2.673891483e-03
3.795214	-1.359917436e-03
3.800214	-1.855925502e-03
3.805214	1.989228455e-04
3.810214	-9.110506192e-04
3.815215	8.478144285e-04
3.820215	2.731672458e-03
3.825215	9.627361474e-04
3.830216	-9.781904622e-04
3.835216	-2.296152124e-03
3.840216	-1.790216446e-03
3.845216	-4.143297253e-04
3.850217	1.020553693e-03
3.855217	1.125512001e-03
3.860217	2.935230752e-04
3.865218	-1.695400700e-03
3.870218	-2.297402536e-03
3.875218	2.349300162e-03
3.880218	1.183330115e-03
3.885219	1.883504594e-04
3.890219	-3.167280431e-05
3.895219	1.517204368e-03
3.900220	3.602338893e-04
3.905220	-2.899618184e-03
3.910220	-9.787618963e-04
3.915220	-2.469713515e-03
3.920221	8.570636625e-04
3.925221	1.182009853e-03
3.930221	1.310335223e-04
3.935222	-8.539465043e-04
3.940222	-1.246959837e-03
3.945222	2.233808767e-03
3.950222	2.176776558e-03
3.955223	-2.078019311e-03
3.960223	8.182371539e-05
3.965223	4.647667951e-04
3.970223	1.877470479e-04
3.975224	2.175599815e-03
3.980224	-1.857208454e-03
3.985224	-1.743250154e-03
3.990225	-5.873504919e-04
3.995225	2.347449043e-03
4.000225	3.595257312e-04
4.005225	-4.180253900e-03
4.010226	3.594553426e-04
4.015226	3.007271112e-03
4.020226	1.458323166e-03
4.025227	-3.676091679e-04
4.030227	-2.307535064e-03
4.035227	6.262646839e-04
4.040227	1.076204285e-03
4.045228	-1.686675223e-03
4.050228	-7.497629969e-04
4.055228	1.679065258e-03
4.060229	5.690927566e-04
4.065229	-1.686815213e-03
4.070229	-7.489029643e-04
4.075229	1.457937867e-03
4.080230	-2.540006662e-04
4.085230	-9.219979506e-04
4.090230	-3.308286415e-05
4.095231	1.515795088e-03
4.100231	-2.531401569e-04
4.105231	-2.634040930e-03
4.110231	1.620684751e-03
4.115232	1.515655894e-03
4.120232	-1.295220614e-03
4.125232	-3.332638500e-05
4.130233	-7.023234331e-04
4.135233	5.785697663e-04
4.140233	1.735469966e-03
4.145233	6.834945388e-04
4.150234	7.974534933e-04
4.155234	-2.078419214e-03
4.160234	-1.523485045e-03
4.165234	4.723680257e-04
4.170235	-3.686191786e-04
4.175235	1.897218733e-03
4.180235	6.252558318e-04
4.185236	-3.374155706e-05
4.190236	-3.577577840e-04
4.195236	-1.027754513e-03
4.200236	1.237083557e-03
4.205237	-2.638663517e-04
4.210237	-1.524829750e-03
4.215237	-9.128985658e-04
4.220238	2.999988063e-04
4.225238	2.230855780e-03
4.230238	-9.809977075e-04
4.235238	-9.700326090e-04
4.240239	3.503681272e-03
4.245239	-5.311258247e-04
4.250239	-4.402942076e-03
4.255240	-6.461877715e-04
4.260240	2.068625212e-03
4.265240	7.966626587e-04
4.270240	1.131609662e-03
4.275241	1.856287986e-04
4.280241	-4.833676377e-04
4.285241	-1.362352232e-03
4.290242	-8.084174736e-04
4.295242	8.049844688e-05
4.300242	2.994521048e-04
4.305242	1.844245857e-04
4.310243	1.283937660e-04
4.315243	1.236297441e-03
4.320243	-9.266167482e-05
4.325243	-1.410621389e-03
4.330244	-7.416929385e-04
4.335244	-3.687478037e-04
4.340244	-1.755703571e-03
4.345245	1.216307581e-05
4.350245	1.294057103e-03
4.355245	8.540480879e-04
4.360245	7.400207425e-04
4.365246	-9.239193266e-04
4.370246	9.579410080e-04
4.375246	1.016903987e-03
4.380247	-2.137952085e-03
4.385247	-9.310086294e-05
4.390247	1.513775037e-03
4.395247	1.073766191e-03
4.400248	-1.412127457e-03
4.405248	-1.641148138e-03
4.410248	7.876815729e-04
4.415249	-1.972965081e-04
4.420249	1.015601699e-03
4.425249	7.962090185e-05
4.430249	-4.173845866e-04
4.435250	3.465389600e-04
4.440250	1.560437196e-03
4.445250	7.954468581e-04
4.450251	-8.253709707e-05
4.455251	-7.045354420e-04
4.460251	-1.699512768e-03
4.465251	2.345226208e-03
4.470252	4.612989696e-04
4.475252	-1.135644403e-03
4.480252	-4.757148093e-04
4.485252	-3.697540071e-04
4.490253	1.271848058e-04
4.495253	-4.858138738e-04
4.500253	-5.328443940e-04
4.505254	1.513007285e-03
4.510254	-3.129230457e-04
4.515254	-4.179502360e-04
4.520254	-1.469924095e-03
4.525255	-2.961873162e-03
4.530255	2.945761219e-03
4.535255	2.009780895e-03
4.540256	-1.469056252e-03
4.545256	-1.479088660e-03
4.550256	7.847509426e-04
4.555256	4.127389566e-04
4.560257	-9.152191909e-04
4.565257	5.656645547e-04
4.570257	1.014606417e-03
4.575258	-1.087308093e-03
4.580258	1.455515934e-03
4.585258	1.731467601e-03
4.590258	-2.139347261e-03
4.595259	-4.184768940e-04
4.600259	-1.193465997e-03
4.605259	-8.105202651e-04
4.610260	-4.285744553e-04
4.615260	-6.485947348e-04
4.620260	1.187269268e-03
4.625260	6.802651891e-04
4.630261	-8.106834748e-04
4.635261	1.014181214e-03
4.640261	5.071772010e-04
4.645261	-1.852722477e-03
4.650262	9.570868283e-04
4.655262	7.850640238e-04
4.660262	-6.388882789e-04
4.665263	-6.959175127e-04
4.670263	-2.187865943e-03
4.675263	-9.269693271e-04
4.680263	2.113827108e-03
4.685264	5.178845995e-04
4.690264	-3.711648855e-05
4.695264	2.945683279e-03
4.700265	2.008703740e-03
4.705265	-1.691120238e-03
4.710265	-7.542052265e-04
4.715265	7.936754119e-04
4.720266	-2.082194884e-03
4.725266	-2.531201783e-03
4.730266	1.175557385e-03
4.735267	1.462509100e-03
4.740267	-2.574261817e-04
4.745267	-3.747065032e-05
4.750267	-4.194812076e-04
4.755268	3.002294117e-03
4.760268	5.643993442e-04
4.765268	-2.475461517e-03
4.770269	-7.535904255e-04
4.775269	-4.296406130e-04
4.780269	5.162742076e-04
4.785269	3.542514241e-04
4.790270	-9.267083440e-04
4.795270	-1.031734291e-03
4.800270	-3.782208126e-05
4.805271	-1.920747892e-03
4.810271	1.911110886e-05
4.815271	1.014023330e-03
4.820271	-5.919180056e-04
4.825272	7.929723071e-04
4.830272	1.452903456e-03
4.835272	-9.504107684e-05
4.840272	-8.700291013e-04
4.845273	1.347814410e-03
4.850273	1.985756230e-05
4.855273	-1.864067964e-03
4.860274	3.537756170e-04
4.865274	6.217289932e-04
4.870274	-2.696115739e-03
4.875274	1.567612734e-03
4.880275	5.381366562e-03
4.885275	-1.147297341e-03
4.890275	-3.517195347e-03
4.895276	5.725430132e-04
4.900276	-9.284038656e-04
4.905276	2.394990311e-04
4.910276	2.667331021e-03
4.915277	-1.195482823e-03
4.920277	-1.090520016e-03
4.925277	-1.146548123e-03
4.930278	-5.356137550e-04
4.935278	-9.666968093e-05
4.940278	2.482797081e-04
4.945278	1.290189884e-03
4.950279	2.862152595e-04
4.955279	-3.879756480e-05
4.960279	-3.882866113e-05
4.965280	-2.018505582e-04
4.970280	-6.508563319e-04
4.975280	4.580502123e-04
4.980280	1.904392254e-05
4.985281	-5.929526050e-04
4.990281	-6.409808586e-04
4.995281	1.174885980e-03
5.000281	5.048927879e-04
5.005282	-7.560671110e-04
5.010282	9.078083548e-04
5.015282	-3.916917320e-05
5.020283	-1.033144032e-03
5.025283	6.576331066e-05
5.030283	-2.022523699e-04
5.035283	-8.132487180e-04
5.040284	1.117611859e-03
5.045284	8.965936037e-04
5.050284	-4.313623109e-04
5.055285	-1.138353160e-03
5.060285	-2.594332672e-04
5.065285	4.004989777e-04
5.070285	3.524711022e-04
5.075286	-3.745185260e-04
5.080286	-1.263499011e-03
5.085286	1.323918971e-04
5.090287	2.340237119e-03
5.095287	-4.216378568e-04
5.100287	-7.566494329e-04
5.105287	-1.320648094e-03
5.110288	8.981966039e-04
5.115288	2.178094185e-03
5.120288	-3.357624512e-03
5.125289	-8.137980376e-04
5.130289	1.321184178e-04
5.135289	1.727998306e-03
5.140289	1.785964799e-03
5.145290	-1.645872220e-03
5.150290	-9.698961368e-05
5.155290	7.919301708e-04
5.160290	-1.760956258e-03
5.165291	-1.980973996e-03
5.170291	2.378709906e-04
5.175291	5.148253233e-04
5.180292	6.287888560e-04
5.185292	-3.651852137e-04
5.190292	1.555676645e-03
5.195292	-4.026348768e-05
5.200293	-1.092234220e-03
5.205293	1.220605645e-03
5.210293	2.466305702e-04
5.215294	-4.038315361e-05
5.220294	-1.426334986e-03
5.225294	-1.034386885e-03
5.230294	-1.311401099e-03
5.235295	-1.454965195e-04
5.240295	1.565377404e-03
5.245295	-3.175463291e-04
5.250296	6.183712706e-04
5.255296	1.335301223e-03
5.260296	-1.254582637e-03
5.265296	-2.076565999e-03
5.270297	1.393209050e-03
5.275297	1.451176198e-03
5.280297	-1.751673056e-03
5.285298	3.411795837e-04
5.290298	1.555081730e-03
5.295298	-5.858272341e-04
5.300298	1.710935669e-05
5.305299	-2.975751596e-03
5.310299	-1.034890277e-03
5.315299	3.103847334e-03
5.320299	1.309853292e-04
5.325300	-1.971925626e-03
5.330300	1.219865369e-03
5.335300	2.224779502e-03
5.340301	-1.800023183e-03
5.345301	7.328049837e-04
5.350301	4.567913037e-04
5.355301	-7.581694917e-04
5.360302	-8.161953941e-04
5.365302	-2.144149779e-03
5.370302	-7.102596216e-04
5.375303	-2.033172553e-04
5.380303	5.126133705e-04
5.385303	1.067553084e-03
5.390303	3.505644289e-04
5.395304	-1.820342351e-03
5.400304	1.115463403e-03
5.405304	1.182430688e-03
5.410305	1.214614972e-04
5.415305	1.669345461e-03
5.420305	-4.235655842e-04
5.425305	-9.305658865e-04
5.430306	-8.735979134e-04
5.435306	-5.856429189e-04
5.440306	1.172229349e-03
5.445307	5.022383229e-04
5.450307	1.784137437e-03
5.455307	1.010152316e-03
5.460307	-2.919655118e-03
5.465308	-2.747693442e-03
5.470308	1.736025520e-03
5.475308	2.108975931e-03
5.480309	1.680566302e-04
5.485309	-1.303889047e-03
5.490309	-2.354858398e-03
5.495309	1.209737281e-04
5.500310	-7.690046359e-04
5.505310	-5.390460235e-04
5.510310	2.338763549e-03
5.515310	-2.621184209e-04
5.520311	-3.771403110e-04
5.525311	1.114747360e-03
5.530311	-1.753119503e-03
5.535312	-8.172004813e-04
5.540312	-1.198207296e-03
5.545312	2.443559446e-03
5.550312	2.882506522e-03
5.555313	-1.696263896e-03
5.560313	2.345992412e-04
5.565313	7.315431284e-04
5.570314	7.315150191e-04
5.575314	-1.476388768e-03
5.580314	-4.190264045e-03
5.585314	1.946362448e-03
5.590315	-9.055088876e-05
5.595315	-2.642435209e-03
5.600315	2.500247318e-03
5.605316	1.448278608e-03
5.610316	-2.423531327e-03
5.615316	5.112755727e-04
5.620316	1.228207357e-03
5.625317	-3.767301186e-04
5.630317	-1.427698755e-03
5.635317	-4.827797285e-04
5.640318	2.614018180e-03
5.645318	1.513676339e-05
5.650318	-4.288766982e-05
5.655318	9.510287019e-04
5.660319	-2.203821338e-03
5.665319	-2.059614336e-04
5.670319	2.786842485e-03
5.675319	1.669624051e-04
5.680320	-2.872894005e-03
5.685320	-2.527940944e-03
5.690320	2.117770025e-03
5.695321	2.336730232e-03
5.700321	-2.631508441e-04
5.705321	-1.534106708e-03
5.710321	-1.152155599e-03
5.715322	1.197454339e-04
5.720322	1.170658934e-03
5.725322	-7.612596155e-04
5.730323	1.008613462e-03
5.735323	1.668549051e-03
5.740323	-8.083387402e-04
5.745323	-7.603686469e-04
5.750324	-1.764339307e-03
5.755324	3.485145927e-04
5.760324	1.840403476e-03
5.765325	-4.354954991e-04
5.770325	-1.535460650e-03
5.775325	1.065365883e-03
5.780325	-3.205831153e-04
5.785326	-1.152563274e-03
5.790326	1.113282196e-03
5.795326	7.302768140e-04
5.800327	1.504206327e-03
5.805327	-2.309605859e-03
5.810327	-2.863601536e-03
5.815327	2.165088526e-03
5.820328	4.531580902e-04
5.825328	1.505072085e-03
5.830328	-5.408394962e-04
5.835328	-1.095834985e-03
5.840329	2.613929461e-03
5.845329	-1.754851271e-03
5.850329	-2.586831087e-03
5.855330	2.995828000e-03
5.860330	1.504885335e-03
5.865330	-1.927947982e-03
5.870330	-2.701930956e-03
5.875331	-1.038051149e-03
5.880331	1.561775995e-03
5.885331	2.908210778e-04
5.890332	1.274739245e-03
5.895332	4.527591053e-04
5.900332	7.397165625e-04
5.905332	-7.032285657e-04
5.910333	-8.282478623e-04
5.915333	1.885573050e-03
5.920333	1.562564953e-03
5.925334	1.276194814e-04
5.930334	-9.243475241e-04
5.935334	-1.210357624e-03
5.940334	-1.268380532e-03
5.945335	-1.153413152e-03
5.950335	-1.363427449e-03
5.955335	5.674377550e-04
5.960336	2.498302986e-03
5.965336	-4.835551850e-04
5.970336	-1.315534361e-03
5.975336	-9.825790918e-04
5.980337	1.388261478e-03
5.985337	1.170247818e-03
5.990337	-4.366876224e-04
5.995337	1.283189675e-03
6.000338	-5.417334397e-04
6.005338	-1.152724868e-03
6.010338	-9.237635560e-04
6.015339	1.741488639e-04
6.020339	-1.598580767e-04
6.025339	-5.988590795e-04
6.030339	3.470619781e-04
6.035340	5.670239319e-04
6.040340	-8.199236233e-04
6.045340	-8.769460221e-04
6.050341	-1.590120212e-04
6.055341	1.330878548e-03
6.060341	2.497787327e-03
6.065341	-1.478014348e-03
6.070342	-1.594033290e-03
6.075342	2.888352646e-04
6.080342	2.058710207e-03
6.085343	1.550713414e-03
6.090343	-3.222065106e-04
6.095343	-8.672011663e-04
6.100343	-1.422195232e-03
6.105344	1.269870554e-05
6.110344	-1.375248413e-03
6.115344	-6.573140583e-04
6.120345	6.245885739e-04
6.125345	1.005541954e-03
6.130345	-3.324078698e-04
6.135345	-1.211383505e-03
6.140346	-9.247158745e-05
6.145346	-9.824465487e-04
6.150346	-9.354742296e-04
6.155347	1.838344604e-03
6.160347	2.172300822e-03
6.165347	-4.955739396e-04
6.170347	-1.766527316e-03
6.175348	-4.021425272e-03
6.180348	2.323103850e-04
6.185348	2.717145652e-03
6.190348	2.892575180e-04
6.195349	1.836145644e-03
6.200349	-6.587386637e-04
6.205349	-4.277764002e-04
6.210350	1.751649496e-04
6.215350	1.171435371e-04
6.220350	9.570716006e-04
6.225350	-4.958712270e-04
6.230351	2.220637595e-04
6.235351	9.010009692e-04
6.240351	1.102653125e-05
6.245352	-2.205873177e-03
6.250352	2.309651512e-04
6.255352	1.558865937e-03
6.260352	-1.928962139e-03
6.265353	3.938826900e-04
6.270353	6.787666875e-05
6.275353	-5.911105789e-04
6.280354	6.717940049e-04
6.285354	-5.431618879e-04
6.290354	1.559695465e-03
6.295354	-1.432160339e-03
6.300355	-1.098203347e-03
6.305355	3.366916938e-04
6.310355	-8.772641161e-04
6.315356	-2.103257863e-04
6.320356	-1.203293981e-03
6.325356	-1.154320806e-03
6.330356	2.875739797e-04
6.335357	-4.284097248e-04
6.340357	1.445460798e-03
6.345357	4.101287328e-03
6.350357	1.386416238e-03
6.355358	-2.034415080e-03
6.360358	-2.474414182e-03
6.365358	7.753790213e-04
6.370359	2.994230291e-03
6.375359	2.883588350e-04
6.380359	-1.328573897e-03
6.385359	7.272866333e-04
6.390360	-2.566816761e-04
6.395360	-2.311589667e-03
6.400360	-9.926875642e-04
6.405361	1.663139302e-03
6.410361	8.991587207e-04
6.415361	-1.709717971e-03
6.420361	-4.683512038e-05
6.425362	-1.518527147e-04
6.430362	-1.767785221e-03
6.435362	1.607001339e-03
6.440363	1.339992949e-03
6.445363	8.419975914e-04
6.450363	2.870054705e-04
6.455363	-2.149880678e-03
6.460364	-5.439943924e-04
6.465364	9.951142032e-06
6.470364	-1.610624824e-04
6.475365	-2.426958143e-03
6.480365	4.488567624e-04
6.485365	3.766646815e-03
6.490365	-1.260093334e-03
6.495366	-1.481104002e-03
6.500366	1.385711524e-03
6.505366	-8.791840232e-04
6.510366	4.497181392e-04
6.515367	1.883614419e-03
6.520367	1.721600572e-03
6.525367	-1.365248587e-03
6.530368	-6.013145051e-04
6.535368	4.496034493e-04
6.540368	-1.099332204e-03
6.545368	-3.253985994e-04
6.550369	-1.863334815e-03
6.555369	4.495122109e-04
6.560369	1.213446464e-03
6.565370	-1.701412149e-03
6.570370	3.444499930e-04
6.575370	-1.098491428e-03
6.580370	-3.245576226e-04
6.585371	2.103283101e-03
6.590371	7.263380514e-04
6.595371	-2.676285304e-04
6.600372	-1.203598349e-03
6.605372	9.462581398e-04
6.610372	1.998176467e-03
6.615372	3.922444521e-04
6.620373	-1.214687478e-03
6.625373	1.242147794e-04
6.630373	-1.538713941e-03
6.635374	-8.217766112e-04
6.640374	1.443073605e-03
6.645374	1.711229601e-04
6.650374	-1.653796525e-03
6.655375	-1.375834367e-03
6.660375	1.820557635e-04
6.665375	2.870277179e-04
6.670375	9.021261700e-06
6.675376	5.059712068e-04
6.680376	-4.399975875e-04
6.685376	-6.020104871e-04
6.690377	5.539024473e-04
6.695377	-2.210758864e-04
6.700377	-7.550677579e-04
6.705377	1.337792516e-03
6.710378	1.108783533e-03
6.715378	-7.071360829e-04
6.720378	3.337834991e-04
6.725379	1.939671304e-03
6.730379	-1.204173467e-03
6.735379	-1.816160744e-03
6.740379	1.222646479e-03
6.745380	7.826495774e-04
6.750380	1.337596693e-03
6.755380	-6.023157107e-04
6.760381	-3.040200051e-03
6.765381	-2.094274859e-03
6.770381	2.828426482e-03
6.775381	3.488367832e-03
6.780382	-2.094339348e-03
6.785382	-2.648329599e-03
6.790382	1.605409519e-03
6.795383	5.634467977e-04
6.800383	6.684195366e-04
6.805383	2.102317490e-03
6.810383	-8.125397054e-04
6.815384	-1.320532371e-03
6.820384	-1.655534746e-03
6.825384	2.863347281e-04
6.830385	-2.206579057e-04
6.835385	-1.691379382e-06
6.840385	2.382739941e-04
6.845385	3.432469966e-04
6.850386	6.112108525e-04
6.855386	-2.925611065e-03
6.860386	-1.539710086e-03
6.865386	1.500097812e-03
6.870387	-5.458079514e-04
6.875387	-2.688444551e-04
6.880387	7.250787080e-04
6.885388	2.280858344e-04
6.890388	3.330591015e-04
6.895388	1.776957021e-03
6.900388	-2.689485655e-04
6.905389	-1.205916552e-03
6.910389	-1.539964771e-04
6.915389	-1.042967107e-03
6.920390	-1.826943618e-03
6.925390	-3.360481670e-04
6.930390	1.231842979e-03
6.935390	-1.206040334e-03
6.940391	-1.128694712e-06
6.945391	7.258098825e-04
6.950391	8.967797886e-04
6.955392	8.877598572e-04
6.960392	-3.831890021e-04
6.965392	-2.692157984e-04
6.970392	4.477234900e-04
6.975393	1.393649917e-03
6.980393	-5.462611635e-04
6.985393	6.686501796e-04
6.990394	-3.843107736e-04
6.995394	-2.869191085e-03
7.000394	1.441546062e-03
7.005394	3.325883508e-04
7.010395	-1.425332796e-03
7.015395	1.221498113e-03
7.020395	6.675092472e-04
7.025395	-2.258346060e-03
7.030396	-1.761394030e-03
7.035396	8.486367488e-06
7.040396	6.104325459e-04
7.045397	9.453937846e-04
7.050397	3.424078566e-04
7.055397	-7.665495570e-04
7.060397	-6.035785463e-04
7.065398	1.278295726e-03
7.070398	1.106285655e-03
7.075398	-1.646625199e-04
7.080399	-2.116795679e-04
7.085399	8.872389015e-04
7.090399	3.322505106e-04
7.095399	-4.974758923e-05
7.100400	-1.043711207e-03
7.105400	-2.697743227e-04
7.110400	2.271781854e-04
7.115401	-1.377750947e-03
7.120401	3.421327735e-04
7.125401	1.173066570e-03
7.130401	1.212044980e-03
7.135402	-2.218936588e-04
7.140402	4.000519927e-04
7.145402	-2.152823593e-03
7.150403	-1.876858404e-03
7.155403	1.670922622e-03
7.160403	2.279846406e-04
7.165403	1.000921942e-03
7.170404	-2.430904011e-03
7.175404	-1.435979147e-03
7.180404	1.556833273e-03
7.185404	1.278829860e-03
7.190405	-1.045058346e-03
7.195405	-1.598046218e-03
7.200405	9.447916549e-04
7.205406	1.057766352e-03
7.210406	4.457818915e-04
7.215406	-8.811622884e-04
7.220406	1.697596956e-04
7.225407	1.117441395e-04
7.230407	1.441650478e-03
7.235407	-2.122751728e-04
7.240408	-9.872502756e-04
7.245408	1.326600761e-03
7.250408	-1.656249985e-03
7.255408	-1.924253538e-03
7.260409	-6.533436958e-04
7.265409	7.235602092e-04
7.270409	5.525512870e-04
7.275410	-2.326305162e-03
7.280410	5.615137748e-04
7.285410	2.884364547e-03
7.290410	8.284618604e-04
7.295411	-1.378432296e-03
7.300411	-2.201404332e-03
7.305411	9.434002886e-04
7.310412	1.937326028e-03
7.315412	-1.149518469e-03
7.320412	-5.059857947e-05
7.325412	7.233396355e-04
7.330413	-2.927473020e-03
7.335413	-3.856342708e-04
7.340413	3.104151142e-03
7.345413	1.692982723e-04
7.350414	-1.818607877e-03
7.355414	-2.707130503e-04
7.360414	8.852038742e-04
7.365415	7.235330464e-06
7.370415	3.266033931e-03
7.375415	4.931721245e-04
7.380415	-2.096699953e-03
7.385416	-1.981724274e-03
7.390416	7.145941690e-06
7.395416	6.190937041e-04
7.400417	-1.818786807e-03
7.405417	6.660555784e-04
7.410417	9.420223474e-04
7.415417	-1.659329426e-04
7.420418	1.880934192e-03
7.425418	9.999661845e-04
7.430418	-1.599905023e-03
7.435419	-1.760913501e-03
7.440419	-1.761930954e-03
7.445419	1.104890173e-03
7.450419	9.428818444e-04
7.455420	-1.322008068e-03
7.460420	8.378529509e-04
7.465420	1.668788815e-03
7.470421	-1.380056871e-03
7.475421	-1.542065046e-03
7.480421	-1.542082310e-03
7.485421	-3.851646741e-04
7.490422	3.485600211e-03
7.495422	1.544692306e-03
7.500422	-7.681946270e-04
7.505423	3.877231881e-04
7.510423	-1.657178770e-03
7.515423	-8.152432169e-04
7.520423	6.369028424e-05
7.525424	1.686673875e-04
7.530424	5.659608419e-06
7.535424	1.497558694e-03
7.540424	-1.332298888e-03
7.545425	-6.643533542e-04
7.550425	-9.303552113e-04
7.555425	-2.096306373e-03
7.560426	2.108440143e-03
7.565426	9.424890428e-04
7.570426	-5.004464328e-04
7.575426	-5.148838495e-05
7.580427	4.454669918e-04
7.585427	-5.964909645e-04
7.590427	-1.877435436e-03
7.595428	-5.005295042e-04
7.600428	1.994313522e-03
7.605428	9.993530441e-04
7.610428	-9.885515032e-04
7.615429	1.683669372e-04
7.620429	7.803160886e-04
7.625429	-2.040541473e-03
7.630430	-1.381594905e-03
7.635430	5.612794130e-04
7.640430	1.220226043e-03
7.645430	1.764179178e-03
7.650431	-8.826880228e-04
7.655431	-1.924645544e-03
7.660431	1.219161321e-03
7.665432	9.991575893e-04
7.670432	-1.567934206e-04
7.675432	-2.537675440e-03
7.680432	2.151535610e-04
7.685433	6.651122371e-04
7.690433	-5.488353830e-04
7.695433	3.093943610e-03
7.700433	2.350886554e-04
7.705434	-8.268674276e-04
7.710434	-1.715833218e-03
7.715434	-2.642796838e-03
7.720435	1.120322999e-04
7.725435	4.449978125e-04
7.730435	7.219665088e-04
7.735435	6.079572472e-04
7.740436	1.993863576e-03
7.745436	2.050844751e-03
7.750436	-2.260928096e-03
7.755437	-1.218002364e-03
7.760437	6.648761132e-04
7.765437	-7.690586527e-04
7.770437	6.648451626e-04
7.775438	4.448421190e-04
7.780438	-1.046089344e-03
7.785438	-1.983051962e-03
7.790439	-5.217599928e-05
7.795439	1.496721499e-03
7.800439	6.647530645e-04
7.805439	-3.292062193e-04
7.810440	-6.542031321e-04
7.815440	9.886892007e-04
7.820440	9.416767012e-04
7.825441	-1.313211470e-03
7.830441	-9.412474940e-04
7.835441	-7.792716644e-04
7.840441	-6.542937205e-04
7.845442	1.114591708e-03
7.850442	1.676300621e-04
7.855442	7.215839507e-04
7.860442	3.865879159e-04
7.865443	-1.543318299e-03
7.870443	-8.263734917e-04
7.875443	1.095590190e-04
7.880444	-5.494186504e-04
7.885444	1.773435844e-03
7.890444	4.520723820e-06
7.895444	-7.694503770e-04
7.900445	6.074574661e-04
7.905445	-9.414699439e-04
7.910445	3.864407209e-04
7.915446	9.983917235e-04
7.920446	3.974110420e-04
7.925446	5.241598104e-05
7.930446	2.813886392e-04
7.935447	-7.115698802e-04
7.940447	1.573668133e-04
7.945447	9.983051148e-04
7.950448	-1.982541398e-03
7.955448	-2.146552171e-04
7.960448	1.218249854e-03
7.965448	8.272576358e-04
7.970449	-4.926822536e-04
7.975449	-1.764624813e-03
7.980449	-1.046679366e-03
7.985450	-1.577435124e-04
7.990450	2.987065374e-03
7.995450	-1.333705419e-03
8.000450	-3.867727356e-04
8.005451	1.333116465e-03
8.010451	-1.588134879e-04
8.015451	1.218095085e-03
8.020452	-1.820747718e-03
8.025452	-1.715767476e-03
8.030452	-2.490737664e-03
8.035452	-1.371814440e-03
8.040453	1.275022799e-03
8.045453	2.212956275e-03
8.050453	2.872905434e-03
8.055453	7.780097126e-04
8.060454	-1.371882880e-03
8.065454	-1.600883582e-03
8.070454	-1.323912735e-03
8.075455	3.289806828e-04
8.080455	-1.110080447e-04
8.085455	-6.649903227e-04
8.090455	1.934849881e-03
8.095456	5.019171491e-04
8.100456	-5.306497685e-05
8.105456	-4.930535446e-04
8.110457	-1.580857079e-04
8.115457	-1.105045671e-03
8.120457	3.868570982e-04
8.125457	2.824706645e-03
8.130458	8.838027343e-04
8.135458	-5.315766353e-05
8.140458	-1.267102436e-03
8.145459	-1.659093450e-03
8.150459	-3.589997796e-03
8.155459	-1.430132407e-03
8.160459	2.374640411e-03
8.165460	3.867393701e-04
8.170460	5.587167669e-04
8.175460	1.275663516e-03
8.180461	1.087163539e-04
8.185461	1.437628715e-03
8.190461	-5.330014330e-05
8.195461	-2.538173014e-03
8.200462	1.160606028e-03
8.205462	1.704562708e-03
8.210462	-7.133138378e-04
8.215462	1.390555089e-03
8.220463	-7.223385625e-04
8.225463	-2.815233307e-03
8.230463	-3.783830303e-04
8.235464	-9.913610254e-04
8.240464	9.985144793e-04
8.245464	1.992446085e-03
8.250464	-1.659360738e-03
8.255465	8.264869420e-04
8.260465	9.974649736e-04
8.265465	-3.874693698e-04
8.270466	4.434715725e-04
8.275466	-2.745002543e-04
8.280466	-2.040413053e-03
8.285466	-3.305214963e-04
8.290467	7.674045445e-04
8.295467	-1.095502697e-03
8.300467	-1.585675285e-04
8.305468	-1.277516588e-03
8.310468	-6.555636225e-04
8.315468	1.275315687e-03
8.320468	-3.406052977e-04
8.325469	1.381285842e-03
8.330469	1.055292303e-03
8.335469	-3.896382111e-04
8.340470	6.152933878e-04
8.345470	-1.209615670e-03
8.350470	-1.106892980e-04
8.355470	-3.306886424e-04
8.360471	8.262345292e-04
8.365471	2.211144898e-03
8.370471	-1.602652030e-03
8.375471	-1.707657719e-03
8.380472	8.821849138e-04
8.385472	7.681797965e-04
8.390472	8.931612573e-04
8.395473	-1.544712969e-03
8.400473	-1.879705548e-03
8.405473	-9.337702070e-04
8.410473	-5.383111824e-05
8.415474	1.323080025e-03
8.420474	-1.545769776e-03
8.425474	-2.158559225e-04
8.430475	1.658027340e-03
8.435475	1.081033847e-04
8.440475	6.050642286e-04
8.445475	3.380681133e-04
8.450476	-2.639091111e-04
8.455476	3.860432173e-04
8.460476	5.105102737e-05
8.465477	-9.909013304e-04
8.470477	2.810160808e-04
8.475477	-5.509480337e-04
8.480477	-1.774890049e-03
8.485478	1.379921459e-03
8.490478	2.326857296e-03
8.495478	-5.401948952e-05
8.500479	-3.371843495e-03
8.505479	-5.404103329e-05
8.510479	3.540745868e-03
8.515479	3.379154860e-04
8.520480	-1.659982697e-03
8.525480	-1.544999796e-03
8.530480	-2.170851471e-04
8.535480	2.430755227e-03
8.540481	3.881324155e-06
8.545481	-8.860790696e-04
8.550481	3.278421275e-04
8.555482	-3.311312048e-04
8.560482	-2.741448107e-04
8.565482	-1.325096011e-03
8.570482	-2.377047122e-03
8.575483	-1.105129027e-03
8.580483	4.437735078e-04
8.585483	2.267660594e-03
8.590484	1.053718733e-03
8.595484	-1.660138655e-03
8.600484	-2.162300787e-04
8.605484	8.347006533e-04
8.610485	1.713641100e-03
8.615485	3.377085224e-04
8.620485	-2.989114194e-03
8.625486	2.136955248e-04
8.630486	2.880535450e-03
8.635486	-1.153247369e-03
8.640486	-1.879216374e-03
8.645487	1.076619282e-04
8.650487	1.435577361e-03
8.655487	-1.693420640e-04
8.660488	-1.544274404e-03
8.665488	-6.563341036e-04
8.670488	7.195787582e-04
8.675488	5.475787953e-04
8.680489	-1.123936636e-04
8.685489	3.157412676e-03
8.690489	1.332505865e-03
8.695490	-3.648223251e-03
8.700490	-1.718341379e-03
8.705490	9.394995438e-04
8.710490	-6.084227297e-04
8.715491	2.225211071e-04
8.720491	3.845026371e-04
8.725491	-9.434319225e-04
8.730491	-4.934665394e-04
8.735492	1.389418208e-03
8.740492	1.770387541e-03
8.745492	-6.094876667e-04
8.750493	-6.564941744e-04
8.755493	-7.135000863e-04
8.760493	-1.695397978e-04
8.765493	-2.845423789e-04
8.770494	8.253861131e-04
8.775494	-1.708480228e-03
8.780494	-2.702433228e-03
8.785495	1.102343651e-03
8.790495	7.773530557e-04
8.795495	9.393350784e-04
8.800495	4.993510228e-04
8.805496	3.953480855e-04
8.810496	4.423366807e-04
8.815496	-6.666096158e-04
8.820497	-3.886339585e-04
8.825497	3.943133033e-04
8.830497	-1.696635744e-04
8.835497	1.083121815e-04
8.840498	-5.996565240e-04
8.845498	8.242547853e-04
8.850498	1.485209080e-03
8.855499	-1.268644350e-03
8.860499	-1.823621537e-03
8.865499	2.267274051e-06
8.870499	1.550171768e-03
8.875500	-1.879643476e-03
8.880500	-1.220688871e-03
8.885500	-4.947380052e-04
8.890500	9.971697728e-04
8.895501	7.201771673e-04
8.900501	-2.979622712e-03
8.905501	1.216132947e-03
8.910502	2.545050033e-03
8.915502	-7.717713081e-04
8.920502	3.841555827e-04
8.925502	-1.000774451e-03
8.930503	-1.927730235e-03
8.935503	1.111090754e-03
8.940503	1.044086624e-03
8.945504	-5.048340461e-04
8.950504	6.050956323e-04
8.955504	-1.650785172e-03
8.960504	4.420892360e-04
8.965505	5.470755886e-04
8.970505	-2.147780404e-03
8.975505	1.169025200e-03
8.980506	6.610461600e-04
8.985506	-4.468990709e-04
8.990506	-1.119255004e-04
8.995506	2.060544047e-06
9.000507	-1.546859762e-03
9.005507	3.045510881e-06
9.010507	6.630009183e-04
9.015508	8.809812406e-04
9.020508	-1.488892716e-03
9.025508	-1.937874780e-03
9.030508	1.216940308e-03
9.035509	1.665907758e-03
9.040509	1.639850714e-04
9.045509	-6.089786207e-04
9.050509	8.339329738e-04
9.055510	2.219602848e-04
9.060510	-9.439811844e-04
9.065510	2.372825015e-03
9.070511	2.799357965e-04
9.075511	-2.817896814e-03
9.080511	2.095819584e-03
9.085511	4.989025433e-04
9.090512	-1.651983278e-03
9.095512	1.649075612e-04
9.100512	1.761810818e-03
9.105513	-9.440436605e-04
9.110513	-2.702951416e-03
9.115513	1.178830370e-04
9.120513	-1.131106687e-04
9.125514	1.598786280e-03
9.130514	1.493785548e-03
9.135514	-2.597990709e-03
9.140515	-1.384065626e-03
9.145515	7.758062365e-04
9.150515	8.237970241e-04
9.155515	7.187964578e-04
9.160516	-5.991357910e-04
9.165516	-2.101057649e-03
9.170516	-6.671447511e-04
9.175517	1.054751967e-03
9.180517	1.804933315e-06
9.185517	1.043739998e-03
9.190517	1.330717597e-03
9.195518	-8.771643179e-04
9.200518	-1.383142011e-03
9.205518	-5.522291393e-05
9.210518	1.320693515e-03
9.215519	-2.272254210e-04
9.220519	9.966996307e-04
9.225519	1.052690467e-03
9.230520	-7.152159846e-04
9.235520	6.617005540e-04
9.240520	-6.672305435e-04
9.245520	-2.760118599e-03
9.250521	-1.049220763e-03
9.255521	-1.049226575e-03
9.260521	-1.489207584e-03
9.265522	-2.852811073e-04
9.270522	1.598607124e-03
9.275522	4.996633115e-04
9.280522	1.492601767e-03
9.285523	3.098505747e-03
9.290523	1.656652774e-04
9.295523	-1.163265454e-03
9.300524	-7.152961855e-04
9.305524	-1.603329073e-04
9.310524	-2.264219911e-03
9.315524	-1.002296366e-03
9.320525	1.044583023e-03
9.325525	3.946142680e-04
9.330525	-3.323501187e-04
9.335526	7.755822292e-04
9.340526	1.110558125e-03
9.345526	-1.383306690e-03
9.350526	-1.326315078e-03
9.355527	1.769505492e-03
9.360527	1.215531567e-03
9.365527	3.265765330e-04
9.370528	-1.049351052e-03
9.375528	-1.545328142e-03
9.380528	2.095461914e-03
9.385528	-3.904030851e-04
9.390529	-3.324112619e-04
9.395529	-1.034290315e-04
9.400529	-1.490355797e-03
9.405529	-2.844284989e-04
9.410530	-1.986337465e-03
9.415530	1.165394044e-04
9.420530	1.703445355e-03
9.425531	1.597446644e-03
9.430531	-3.224499166e-04
9.435531	1.216458836e-03
9.440531	-2.274644534e-04
9.445532	-1.661388273e-03
9.450532	1.377436140e-03
9.455532	-4.384661083e-04
9.460533	7.294636967e-04
9.465533	-1.823396996e-03
9.470533	-1.939394844e-03
9.475533	9.384387996e-04
9.480534	6.614500825e-04
9.485534	1.435402234e-03
9.490534	-2.818362536e-03
9.495535	-5.524943075e-04
9.500535	1.551383074e-03
9.505535	1.074602189e-04
9.510535	1.157397001e-03
9.515536	1.457999948e-06
9.520536	-9.914901433e-04
9.525536	-1.880444108e-03
9.530537	-3.905319611e-04
9.535537	1.769342502e-03
9.540537	-1.605527601e-04
9.545537	-6.095313598e-04
9.550538	-7.569090682e-06
9.555538	-1.432492681e-03
9.560538	8.333759826e-04
9.565538	9.393662738e-04
9.570539	-2.875422674e-03
9.575539	-8.305414694e-04
9.580539	6.033741643e-04
9.585540	-4.475702788e-04
9.590540	-4.375744160e-04
9.595540	2.223848894e-04
9.600540	1.493309833e-03
9.605541	1.157325274e-03
9.610541	7.663438442e-04
9.615541	-8.195702809e-04
9.620542	-1.709523553e-03
9.625542	-1.126167937e-04
9.630542	8.813239441e-04
9.635542	2.213578251e-04
9.640543	-5.562982088e-05
9.645543	-1.767536652e-03
9.650543	-2.101521022e-03
9.655544	1.933248694e-03
9.660544	2.325223522e-03
9.665544	-2.273520656e-03
9.670544	-3.095477420e-03
9.675545	1.827242441e-03
9.680545	2.544199107e-03
9.685545	1.073333574e-04
9.690546	-1.939554314e-03
9.695546	-1.155601319e-03
9.700546	4.932801046e-05
9.705546	1.216259512e-03
9.710547	6.142906309e-04
9.715547	-1.107615168e-03
9.720547	8.812701610e-04
9.725547	-1.136764963e-04
9.730548	-3.816640456e-04
9.735548	2.222993507e-04
9.740548	-3.326719752e-04
9.745549	-2.206569016e-03
9.750549	-1.603605463e-03
9.755549	1.875196223e-03
9.760549	1.875193788e-03
9.765550	-6.096687230e-04
9.770550	-1.050646265e-03
9.775550	-2.101589435e-03
9.780551	6.042559344e-04
9.785551	3.156110006e-03
9.790551	-8.776651387e-04
9.795551	-1.002660302e-03
9.800552	4.412562439e-04
9.805552	1.598188979e-03
9.810552	-1.707135362e-04
9.815553	-1.651632231e-03
9.820553	2.272627360e-06
9.825553	-1.212660974e-03
9.830553	-5.572807097e-05
9.835554	-5.047047265e-04
9.840554	1.550177692e-03
9.845554	2.325132201e-03
9.850555	-7.826946694e-04
9.855555	-4.477153248e-04
9.860555	-9.346896733e-04
9.865555	-1.212675754e-03
9.870556	5.552230229e-04
9.875556	-4.957194752e-04
9.880556	-8.866990936e-04
9.885556	2.257122324e-03
9.890557	1.493163770e-03
9.895557	-1.027479139e-04
9.900557	1.435164012e-03
9.905558	-1.662663052e-03
9.910558	-1.546671010e-03
9.915558	1.436159672e-03
9.920558	-1.107698477e-03
9.925559	2.792221163e-04
9.930559	-8.877134824e-04
9.935559	2.682201824e-04
9.940560	5.562027436e-04
9.945560	-5.527360194e-04
9.950560	2.047116458e-03
9.955560	-7.717259756e-04
9.960561	-1.996658108e-03
9.965561	-7.737280132e-04
9.970561	-5.576945670e-05
9.975562	1.713129969e-03
9.980562	-2.177622857e-04
9.985562	-1.106713165e-03
9.990562	-1.880670484e-03
9.995563	-3.337584266e-04
10.000563	1.597132047e-03
10.005563	-1.317704646e-03
10.010564	1.330145532e-03
10.015564	1.158154492e-03
10.020564	-1.212712724e-03
10.025564	-7.781213284e-06
10.030565	-1.383704375e-03
10.035565	-9.347302386e-04
10.040565	1.932107813e-03
10.045566	1.655122886e-03
10.050566	-3.907624247e-04
10.055566	-1.652691836e-03
10.060566	7.761710071e-04
10.065567	7.091743923e-04
10.070567	-1.049726940e-03
10.075567	-2.263658919e-03
10.080567	-9.447334556e-04
10.085568	2.047097862e-03
10.090568	-4.377624668e-04
10.095568	-1.137808908e-04
10.100569	4.981845063e-04
10.105569	-2.483647744e-03
10.110569	-7.247468482e-04
10.115569	1.980100827e-03
10.120570	3.831907113e-04
10.125570	-1.027819132e-04
10.130570	2.602065863e-03
10.135571	-1.001731171e-03
10.140571	-1.326712758e-03
10.145571	-4.387625953e-04
10.150571	-2.767715301e-04
10.155572	2.047097862e-03
10.160572	-1.765687239e-03
10.165572	-1.384708401e-03
10.170573	1.043155237e-03
10.175573	-1.607766322e-04
10.180573	1.214634619e-06
10.185573	7.661719900e-04
10.190574	-5.527533051e-04
10.195574	4.411912262e-04
10.200574	-7.727399126e-04
10.205575	2.792014209e-04
10.210575	6.611805047e-04
10.215575	2.218223780e-06
10.220575	2.792032856e-04
10.225576	-2.990611945e-03
10.230576	-1.137731799e-04
10.235576	1.215152762e-03
10.240576	-3.897560973e-04
10.245577	8.901726700e-04
10.250577	-1.269704879e-03
10.255577	-6.667379338e-04
10.260578	-2.757590207e-04
10.265578	3.262080480e-04
10.270578	2.544084180e-03
10.275578	-2.757560474e-04
10.280579	-1.823667847e-03
10.285579	2.439093266e-03
10.290579	1.932122932e-03
10.295580	-2.827607951e-03
10.300580	-2.043650893e-03
10.305580	1.235212754e-06
10.310580	9.851810796e-04
10.315581	1.216169369e-03
10.320581	6.712013762e-04
10.325581	-1.269687997e-03
10.330582	-2.277452611e-04
10.335582	1.493159285e-03
10.340582	-1.546668121e-03
10.345582	-8.887036672e-04
10.350583	9.951918041e-04
10.355583	1.388171243e-03
10.360583	-1.707393999e-04
10.365584	-8.866974644e-04
10.370584	1.054194932e-03
10.375584	-8.876940490e-04
10.380584	-1.270670759e-03
10.385585	-3.907185336e-04
10.390585	-2.747232666e-04
10.395585	-2.177246447e-04
10.400585	-3.907130417e-04
10.405586	-6.676955506e-04
10.410586	3.362498619e-04
10.415586	1.664177069e-03
10.420587	-5.572410761e-05
10.425587	3.272563640e-04
10.430587	1.933168022e-03
10.435587	-1.222652216e-03
10.440588	-2.770562941e-03
10.445588	9.492298130e-04
10.450588	9.372326884e-04
10.455589	-2.766967378e-04
10.460589	9.492365131e-04
10.465589	1.101230257e-03
10.470589	1.435213789e-03
10.475590	-9.446498646e-04
10.480590	-1.767601134e-03
10.485590	8.912516161e-04
10.490591	-1.278623759e-03
10.495591	-8.296465326e-04
10.500591	1.388231143e-03
10.505591	-5.536569655e-04
10.510592	8.802649119e-04
10.515592	2.544173875e-03
10.520592	2.487179753e-03
10.525593	-2.043562477e-03
10.530593	-3.152497311e-03
10.535593	-8.396247481e-04
10.540593	1.330712548e-06
10.545594	9.382808025e-04
10.550594	-6.096291843e-04
10.555594	4.993112903e-04
10.560594	5.933899716e-05
10.565595	-3.806332624e-04
10.570595	4.413234690e-04
10.575595	-2.101530338e-03
10.580596	-1.136391781e-04
10.585596	6.033235647e-04
10.590596	-2.435502220e-03
10.595596	-9.915803359e-04
10.600597	1.827264178e-03
10.605597	3.643165188e-03
10.610597	6.043395375e-04
10.615598	-2.598476848e-03
10.620598	1.163736549e-04
10.625598	1.331308631e-03
10.630598	1.435306184e-03
10.635599	3.263720537e-04
10.640599	3.273754712e-04
10.645599	3.363784719e-04
10.650600	-2.924434414e-03
10.655600	-2.216470695e-03
10.660600	1.206340219e-03
10.665600	2.325280868e-03
10.670601	8.333685328e-04
10.675601	-1.164515284e-03
10.680601	-2.100458852e-03
10.685602	8.333797578e-04
10.690602	1.158365271e-03
10.695602	9.383814976e-04
10.700602	1.712341802e-03
10.705603	-8.875079256e-04
10.710603	-3.420361391e-03
10.715603	9.393971443e-04
10.720604	2.372320485e-03
10.725604	-8.304951638e-04
10.730604	-1.488454046e-03
10.735604	-7.724902428e-04
10.740605	2.209346033e-03
10.745605	2.794588562e-04
10.750605	-1.938412074e-03
10.755605	4.948025730e-05
10.760606	-2.754971703e-04
10.765606	5.564603038e-04
10.770606	9.954399347e-04
10.775607	-2.378365753e-03
10.780607	-7.714518066e-04
10.785607	2.602362703e-03
10.790607	5.464829200e-04
10.795608	-2.158360295e-03
10.800608	-1.269405795e-03
10.805608	-3.334539085e-04
10.810609	4.985038663e-04
10.815609	2.536432540e-06
10.820609	-3.894368224e-04
10.825609	-4.474288460e-04
10.830610	-1.212381037e-03
10.835610	1.165489274e-04
10.840610	1.540473577e-03
10.845611	-2.274220511e-04
10.850611	-9.913741644e-04
10.855611	1.272503299e-03
10.860611	6.135453412e-04
10.865612	2.215723868e-04
10.870612	-5.540700805e-05
10.875612	-8.293583915e-04
10.880613	-2.273872017e-04
10.885613	-1.709298663e-03
10.890613	-3.803683315e-04
10.895613	1.159550155e-03
10.900614	-8.873293999e-04
10.905614	3.836042963e-04
10.910614	-3.323501187e-04
10.915614	-2.540220510e-03
10.920615	2.314511530e-03
10.925615	1.272575566e-03
10.930615	1.166460539e-04
10.935616	-2.273291356e-04
10.940616	-3.314149878e-03
10.945616	1.713572589e-03
10.950616	1.540587874e-03
10.955617	-4.372951988e-04
10.960617	8.336388641e-04
10.965617	-2.182962697e-04
10.970618	5.466663444e-04
10.975618	-1.692876373e-04
10.980618	-1.049232354e-03
10.985618	-1.165220045e-03
10.990619	-1.269208378e-03
10.995619	-2.172617542e-04
11.000619	5.972853099e-05
11.005620	-1.881156291e-03
11.010620	1.990631685e-03
11.015620	2.659600003e-03
11.020620	-1.384166334e-03
11.025621	-8.871882672e-04
11.030621	-1.661138618e-03
11.035621	-2.272132314e-04
11.040622	1.388701943e-03
11.045622	1.111723714e-03
11.050622	7.757488399e-04
11.055622	2.152677568e-03
11.060623	1.077989662e-04
11.065623	-2.875026799e-03
11.070623	-5.517920283e-05
11.075623	-8.301291979e-04
11.080624	-8.871195785e-04
11.085624	-3.801416755e-04
11.090624	-9.921007467e-04
11.095625	4.898223365e-04
11.100625	1.875750857e-03
11.105625	5.985966301e-05
11.110625	-4.371057491e-04
11.115626	2.267748620e-03
11.120626	-4.950891646e-04
11.125626	-7.240695638e-04
11.130627	-1.833000391e-03
11.135627	-4.370722014e-04
11.140627	2.267782333e-03
11.145627	-1.050024042e-03
11.150628	-1.823973595e-03
11.155628	-1.717972654e-03
11.160628	-1.487978659e-03
11.165629	5.569131950e-04
11.170629	1.069455353e-04
11.175629	-6.670038522e-04
11.180629	2.325834735e-03
11.185630	2.429835988e-03
11.190630	9.379271193e-04
11.195630	-1.430932347e-03
11.200631	-7.239649399e-04
11.205631	2.649852366e-03
11.210631	-1.019854412e-04
11.215631	-2.540840835e-03
11.220632	-1.718879769e-03
11.225632	1.990918755e-03
11.230632	1.053978907e-03
11.235632	-1.440873201e-03
11.240633	2.230405982e-04
11.245633	-1.430858787e-03
11.250633	9.960121263e-04
11.255634	4.035848565e-03
11.260634	-8.288699625e-04
11.265634	-3.429715905e-03
11.270634	-8.298545985e-04
11.275635	7.780625848e-04
11.280635	7.670709405e-04
11.285635	1.158056699e-03
11.290636	1.111067148e-03
11.295636	-1.325787829e-03
11.300636	-2.262727213e-03
11.305636	-3.318280145e-04
11.310637	-7.237980126e-04
11.315637	7.191287235e-04
11.320637	2.801614372e-04
11.325638	-2.539671781e-03
11.330638	2.602046824e-03
11.335638	1.771101704e-03
11.340638	-1.000734117e-03
11.345639	-2.757667642e-04
11.350639	-7.137339088e-04
11.355639	2.039119347e-03
11.360640	5.562110950e-04
11.365640	-1.593659576e-03
11.370640	4.422341411e-04
11.375640	1.599177373e-03
11.380641	-7.236834601e-04
11.385641	-3.326970412e-04
11.390641	-5.470422817e-05
11.395642	-1.162633359e-03
11.400642	-1.049631192e-03
11.405642	-1.269610246e-03
11.410642	-3.316544549e-04
11.415643	-6.566275321e-04
11.420643	-5.465276062e-05
11.425643	5.473220438e-04
11.430643	3.863398331e-04
11.435644	-7.705862761e-04
11.440644	-1.097559076e-03
11.445644	2.387825555e-06
11.450645	9.393439361e-04
11.455645	3.853840133e-04
11.460645	-5.585052407e-06
11.465645	-1.268504997e-03
11.470646	-5.456434851e-05
11.475646	2.822282717e-03
11.480646	2.879288563e-03
11.485647	2.536316959e-03
11.490647	1.876363234e-03
11.495647	3.319291156e-03
11.500647	3.284687161e-04
11.505648	2.704812003e-04
11.510648	2.794899456e-04
11.515648	-1.430404508e-03
11.520649	1.656431032e-03
11.525649	1.216465151e-03
11.530649	1.551455676e-03
11.535649	3.262368774e-03
11.540650	-1.268366711e-03
11.545650	-1.488344845e-03
11.550650	2.795651423e-04
11.555651	-2.711256936e-03
11.560651	-7.803560594e-04
11.565651	2.602463112e-03
11.570651	1.332544250e-03
11.575652	-1.717274376e-03
11.580652	6.616014124e-04
11.585652	2.163526603e-03
11.590652	1.380580457e-03
11.595653	1.207600005e-03
11.600653	-1.489238329e-03
11.605653	-6.572752907e-04
11.610654	-3.792810331e-04
11.615654	-5.512614106e-04
11.620654	2.154596232e-03
11.625654	1.819625095e-03
11.630655	-1.766162998e-03
11.635655	6.627103358e-04
11.640655	2.651608471e-03
11.645656	-7.711886996e-04
11.650656	-1.546134903e-03
11.655656	-3.791903966e-04
11.660656	1.437717552e-03
11.665657	2.765653061e-03
11.670657	3.042647767e-03
11.675657	-2.261578774e-04
11.680658	1.656746486e-03
11.685658	3.597647618e-03
11.690658	1.714764048e-03
11.695658	-9.910731587e-04
11.700659	-1.049059399e-03
11.705659	1.321817657e-03
11.710659	3.902412002e-06
11.715660	2.546769850e-03
11.720660	1.981812281e-03
11.725660	-2.099947270e-03
11.730660	4.529197028e-04
11.735661	1.379878242e-03
11.740661	-6.089990347e-04
11.745661	1.771877718e-03
11.750661	9.979321103e-04
11.755662	3.379801173e-04
11.760662	2.430873180e-03
11.765662	-5.029507358e-04
11.770663	-6.659306091e-04
11.775663	2.984874846e-03
11.780663	6.630165757e-04
11.785663	-5.509040356e-04
11.790664	-1.266852649e-03
11.795664	-6.558759308e-04
11.800664	7.770545461e-04
11.805665	-5.508595178e-04
11.810665	3.281022107e-04
11.815665	-1.105805821e-03
11.820665	6.731053080e-04
11.825666	2.375020804e-03
11.830666	-2.376700348e-03
11.835666	6.017383709e-05
11.840667	1.657095341e-03
11.845667	-1.677904851e-04
11.850667	-1.107822239e-04
11.855667	-3.317582805e-04
11.860668	-1.105703174e-03
11.865668	9.981899509e-04
11.870668	6.152231109e-04
11.875669	-1.210662465e-03
11.880669	1.266209760e-03
11.885669	-5.036789036e-04
11.890669	-1.048636495e-03
11.895670	1.830213197e-03
11.900670	2.164206189e-03
11.905670	-4.936323566e-04
11.910670	1.600261623e-03
11.915671	9.983074022e-04
11.920671	-3.427431519e-03
11.925671	9.403345454e-04
11.930672	2.268271775e-03
11.935672	-1.382510677e-03
11.940672	-7.125363419e-04
11.945672	-3.875425530e-04
11.950673	-9.324997563e-04
11.955673	-9.904843425e-04
11.960673	1.656378829e-03
11.965674	1.934375393e-03
11.970674	-1.219434811e-03
11.975674	5.014805852e-04
11.980674	3.964988060e-04
11.985675	-2.156345134e-03
11.990675	-1.000397835e-03
11.995675	4.435332835e-04
12.000676	7.215300726e-04
12.005676	6.057975368e-05
12.010676	-1.113980607e-04
12.015676	-1.658298439e-03
12.020677	-9.323267408e-04
12.025677	1.714536850e-03
12.030677	1.934537097e-03
12.035678	-7.133011739e-04
12.040678	5.016431254e-04
12.045678	1.437603163e-03
12.050678	6.169338294e-05
12.055679	-5.502593730e-04
12.060679	-7.812335448e-04
12.065679	1.097291542e-04
12.070680	-1.266180497e-03
12.075680	-1.821136334e-03
12.080680	5.487432033e-04
12.085680	8.827373860e-04
12.090681	-2.481060225e-03
12.095681	-2.151747378e-04
12.100681	3.655620430e-03
12.105681	3.839127728e-06
12.110682	-5.021192427e-04
12.115682	1.438784668e-03
12.120682	-1.650028232e-03
12.125683	-2.816949296e-03
12.130683	1.265834130e-03
12.135683	2.815760180e-03
12.140683	2.249193735e-04
12.145684	-6.560176629e-04
12.150684	1.189521103e-04
12.155684	1.669628410e-04
12.160685	-3.879924513e-04
12.165685	-2.729854285e-04
12.170685	-1.266915944e-03
12.175685	-1.679642503e-04
12.180686	4.920121883e-04
12.185686	-2.259819267e-03
12.190686	-1.046873895e-03
12.195687	8.260343547e-04
12.200687	1.667000732e-03
12.205687	9.980521438e-04
12.210687	-2.728625233e-04
12.215688	8.370888062e-04
12.220688	5.501188098e-04
12.225688	-6.078021231e-04
12.230689	-4.357978946e-04
12.235689	-7.697651497e-04
12.240689	-3.297759444e-04
12.245689	2.722041733e-04
12.250690	-1.677570194e-04
12.255690	-9.896966761e-04
12.260690	7.802177859e-04
12.265690	8.362287670e-04
12.270691	-1.544623033e-03
12.275691	1.092980546e-04
12.280691	1.716221819e-03
12.285692	2.108214013e-03
12.290692	-1.106467794e-04
12.295692	-3.264454905e-03
12.300692	-2.814465882e-03
12.305693	3.217208942e-03
12.310693	2.709251958e-03
12.315693	-1.879475260e-03
12.320694	-2.145545063e-04
12.325694	-5.015238360e-04
12.330694	-2.155416181e-03
12.335694	6.247353725e-05
12.340695	3.483295566e-03
12.345695	2.155384964e-03
12.350695	-2.595332913e-03
12.355696	-2.757309089e-03
12.360696	6.655129528e-04
12.365696	1.611474466e-03
12.370696	4.545543962e-04
12.375697	1.095886476e-04
12.380697	-3.873685129e-04
12.385697	-5.237247803e-05
12.390698	6.646020842e-04
12.395698	-2.155224212e-03
12.400698	3.866476779e-04
12.405698	2.155563114e-03
12.410699	-1.323225990e-03
12.415699	-2.098167280e-03
12.420699	-8.272237154e-04
12.425699	2.165622943e-03
12.430700	2.257473295e-04
12.435700	2.727598919e-04
12.440700	1.496706228e-03
12.445701	-2.652044938e-03
12.450701	-5.217599928e-05
12.455701	1.993724158e-03
12.460701	-6.541114111e-04
12.465702	-1.601042704e-03
12.470702	-1.391039098e-03
12.475702	8.368509397e-04
12.480703	1.171847572e-03
12.485703	2.270801228e-03
12.490703	1.103882476e-03
12.495703	-1.670303894e-04
12.500704	-1.599934104e-03
12.505704	-3.311822082e-03
12.510704	1.887900870e-03
12.515705	1.946913259e-03
12.520705	5.303562127e-05
12.525705	-1.333870526e-03
12.530705	-7.688865281e-04
12.535706	-9.878583643e-04
12.540706	-3.288795950e-04
12.545706	9.990615451e-04
12.550707	8.940833853e-04
12.555707	1.774049807e-03
12.560707	-1.828731375e-03
12.565707	-1.102756221e-03
12.570708	-1.103740111e-03
12.575708	2.821979519e-04
12.580708	1.449148374e-03
12.585708	-2.374620212e-03
12.590709	-2.097619626e-03
12.595709	1.497194209e-03
12.600709	1.325220132e-03
12.605710	-1.218620384e-03
12.610710	-9.966707341e-05
12.615710	1.717246976e-03
12.620710	-2.246273363e-04
12.625711	-2.202499591e-03
12.630711	-8.725580332e-04
12.635711	4.453842308e-04
12.640712	8.843760080e-04
12.645712	1.440361230e-03
12.650712	6.664213534e-04
12.655712	-1.381446774e-03
12.660713	-1.381430160e-03
12.665713	-1.084851762e-04
12.670713	1.215185526e-04
12.675714	2.491401844e-03
12.680714	-1.094349980e-04
12.685714	-2.097306317e-03
12.690714	6.665548877e-04
12.695715	-5.483598843e-04
12.700715	9.995698354e-04
12.705715	-1.083508982e-04
12.710716	-5.483092049e-04
12.715716	1.611586156e-03
12.720716	7.806499217e-04
12.725716	-1.380211411e-03
12.730717	-7.212314608e-04
12.735717	1.889638635e-03
12.740717	-1.427157530e-03
12.745718	-1.772120968e-03
12.750718	1.382718597e-03
12.755718	-1.370109225e-03
12.760718	-1.877063451e-03
12.765719	1.545761119e-03
12.770719	1.497781116e-03
12.775719	3.978603641e-04
12.780719	-4.910722349e-04
12.785720	-8.260359897e-04
12.790720	9.428818444e-04
12.795720	-1.650383340e-04
12.800721	-1.379952458e-03
12.805721	7.809434011e-04
12.810721	5.039765349e-04
12.815721	1.439941415e-03
12.820722	6.403647726e-05
12.825722	-1.264871076e-03
12.830722	-5.092175306e-05
12.835723	2.042978062e-03
12.840723	-1.658798607e-04
12.845723	-2.478731898e-03
12.850723	-2.708384087e-04
12.855724	2.654014749e-03
12.860724	-1.054758611e-03
12.865724	-2.583654660e-03
12.870725	4.040990303e-03
12.875725	1.325161135e-03
12.880725	-2.803588459e-03
12.885725	-6.626909832e-04
12.890726	2.732743566e-04
12.895726	-1.866587114e-03
12.900726	-1.426593791e-03
12.905727	1.937234959e-03
12.910727	3.313435194e-04
12.915727	-7.195791327e-04
12.920727	1.383320695e-03
12.925728	-1.075771265e-04
12.930728	-2.975397402e-03
12.935728	-6.525098667e-04
12.940728	-1.075222112e-04
12.945729	1.545403101e-03
12.950729	2.606361770e-03
12.955729	-1.809371210e-03
12.960730	-7.764109043e-04
12.965730	6.095295603e-04
12.970730	-7.683743491e-04
12.975730	-9.883434161e-04
12.980731	6.195846424e-04
12.985731	1.441556978e-03
12.990731	5.516257188e-04
12.995732	-5.032172273e-05
13.000732	6.693768541e-06
13.005732	-7.672439299e-04
13.010732	-1.159203102e-03
13.015733	-1.642403235e-04
13.020733	5.047408372e-04
13.025733	-7.111718584e-04
13.030734	4.467818352e-04
13.035734	-6.611368796e-04
13.040734	-1.427074817e-03
13.045734	1.688543111e-04
13.050735	6.098484881e-04
13.055735	1.995789498e-03
13.060735	3.419016703e-04
13.065736	-6.610227742e-04
13.070736	-1.875935254e-03
13.075736	-1.206953761e-03
13.080736	3.319787860e-04
13.085737	1.690071754e-04
13.090737	-9.695860686e-05
13.095737	-2.689296506e-04
13.100737	2.434937435e-03
13.105738	1.002037438e-03
13.110738	-2.592740823e-03
13.115738	1.441051483e-03
13.120739	3.321333365e-04
13.125739	-3.921607736e-03
13.130739	-2.117971017e-04
13.135739	2.770054545e-03
13.140740	1.442148847e-03
13.145740	-2.142629767e-03
13.150740	-1.541643995e-03
13.155741	1.107226517e-03
13.160741	1.050249390e-03
13.165741	6.092939088e-04
13.170741	-6.526153250e-04
13.175742	-1.101570296e-03
13.180742	6.103531133e-04
13.185742	-1.043533964e-03
13.190743	6.542344993e-05
13.195743	7.824029605e-04
13.200743	9.444137439e-04
13.205743	6.674492700e-04
13.210744	-3.261309590e-03
13.215744	-4.894456433e-04
13.220744	1.336471587e-03
13.225745	1.164501321e-03
13.230745	2.845709414e-04
13.235745	-4.883654321e-04
13.240745	1.107564865e-03
13.245746	-1.073465677e-04
13.250746	1.706579834e-04
13.255746	6.568412466e-05
13.260746	-9.852364506e-04
13.265747	2.277155551e-04
13.270747	-1.818148949e-03
13.275747	-1.540144249e-03
13.280748	2.827630239e-03
13.285748	1.698002760e-04
13.290748	-7.751260884e-04
13.295748	-1.320074941e-03
13.300749	-5.460980147e-04
13.305749	1.882785775e-03
13.310749	-5.470568751e-04
13.315750	-6.050330240e-04
13.320750	-6.510098189e-04
13.325750	-1.540171517e-04
13.330750	7.249540408e-04
13.335751	-1.059784750e-04
13.340751	2.101917962e-03
13.345751	2.860409547e-04
13.350752	-2.753767120e-03
13.355752	-2.788856247e-04
13.360752	8.119070552e-06
13.365752	2.861243019e-04
13.370753	1.825058576e-03
13.375753	-1.931708989e-03
13.380753	-3.355607857e-03
13.385754	1.997111802e-03
13.390754	1.269173811e-03
13.395754	-9.672823423e-05
13.400754	8.892373470e-04
13.405755	1.143020906e-04
13.410755	1.394251180e-03
13.415755	6.534716899e-05
13.420756	-1.932519152e-03
13.425756	8.883432766e-04
13.430756	6.213795695e-04
13.435756	-2.314433861e-03
13.440757	-3.255245076e-04
13.445757	-4.851875060e-05
13.450757	6.104655314e-04
13.455757	1.385443313e-03
13.460758	-1.262386184e-03
13.465758	-6.503991686e-04
13.470758	3.345668785e-04
13.475759	1.547520120e-03
13.480759	-1.702275371e-03
13.485759	-1.596259755e-03
13.490759	1.777571923e-03
13.495760	6.668988367e-05
13.500760	-7.182442548e-04
13.505760	-4.412381480e-04
13.510761	1.558670994e-03
13.515761	6.677674224e-05
13.520761	8.397550145e-04
13.525761	5.067955766e-04
13.530762	-1.873048599e-03
13.535762	-7.180917440e-04
13.540762	-6.600731058e-04
13.545763	2.298987252e-04
13.550763	-2.110544881e-04
13.555763	-4.880169045e-04
13.560763	1.385899620e-03
13.565764	6.689620309e-04
13.570764	7.839776341e-04
13.575764	4.490185984e-04
13.580765	-1.758834971e-03
13.585765	-9.278595869e-04
13.590765	1.501025868e-03
13.595765	-2.149746382e-03
13.600766	-2.543701953e-03
13.605766	1.385099149e-03
13.610766	8.991488152e-04
13.615766	-1.423698078e-03
13.620767	1.109181695e-03
13.625767	2.380132540e-03
13.630767	-1.204643224e-03
13.635768	-3.246703110e-04
13.640768	-1.433585401e-03
13.645768	1.338281062e-03
13.650768	-1.056151123e-04
13.655769	-2.151477369e-03
13.660769	-5.915425922e-04
13.665769	-7.065134947e-04
13.670770	-5.305856776e-07
13.675770	-1.375430501e-03
13.680770	1.166449110e-03
13.685770	3.374347552e-03
13.690771	6.755648184e-05
13.695771	1.500498608e-03
13.700771	-1.098332261e-03
13.705772	-2.035256661e-03
13.710772	1.280579550e-03
13.715772	-1.042266770e-03
13.720772	3.926753865e-04
13.725773	-8.212333066e-04
13.730773	-1.099194662e-03
13.735773	8.417190955e-04
13.740774	-5.911771839e-04
13.745774	8.327657343e-04
13.750774	1.883729678e-03
13.755774	7.848146822e-04
13.760775	-1.042059304e-03
13.765775	-1.758995747e-03
13.770775	-1.098009735e-03
13.775775	-3.240300559e-04
13.780776	7.749313563e-04
13.785776	-1.097939898e-03
13.790776	1.250145900e-04
13.795777	2.552901273e-03
13.800777	8.900182814e-04
13.805777	1.224022900e-03
13.810777	-5.448540682e-04
13.815778	-2.034746714e-03
13.820778	-9.827824295e-04
13.825778	-1.652721179e-03
13.830779	-1.260719685e-03
13.835779	1.109170489e-03
13.840779	8.322097000e-04
13.845779	-8.776703919e-04
13.850780	-1.097634333e-03
13.855780	4.503022266e-04
13.860780	1.501266792e-03
13.865781	-3.716040112e-04
13.870781	-1.087539918e-03
13.875781	-1.260506365e-03
13.880781	1.826343699e-03
13.885782	4.504450301e-04
13.890782	-2.646356730e-03
13.895782	3.934960644e-04
13.900783	2.171419929e-03
13.905783	-5.434032510e-04
13.910783	-2.150288776e-03
13.915783	-7.643427608e-04
13.920784	1.388560106e-03
13.925784	1.746525406e-04
13.930784	-4.862861269e-04
13.935784	-8.212431182e-04
13.940785	-2.092147391e-03
13.945785	1.827656144e-03
13.950785	2.219658311e-03
13.955786	3.457880670e-04
13.960786	-2.866006828e-03
13.965786	-1.260072918e-03
13.970786	1.281808328e-03
13.975787	-1.433014462e-03
13.980787	-3.230525468e-04
13.985787	2.611806660e-03
13.990788	1.884872041e-03
13.995788	-2.659823870e-04
14.000788	2.056911354e-03
14.005788	-1.765848896e-03
14.010789	-2.587778055e-03
14.015789	8.430533958e-04
14.020789	5.650936677e-04
14.025790	-6.578128353e-04
14.030790	-8.767758295e-04
14.035790	-2.077887848e-04
14.040790	-1.652682708e-03
14.045791	2.312359952e-04
14.050791	7.292327488e-04
14.055791	2.056182863e-03
14.060792	2.057207649e-03
14.065792	-2.205527501e-03
14.070792	-1.536540263e-03
14.075792	8.433506832e-04
14.080793	4.513977032e-04
14.085793	-9.914960849e-04
14.090793	-1.040468319e-03
14.095794	4.034754284e-04
14.100794	3.272338984e-03
14.105794	1.053488990e-03
14.110794	-1.756327708e-03
14.115795	-1.813299354e-03
14.120795	-2.368242939e-03
14.125795	6.236138295e-04
14.130795	-2.263198424e-03
14.135796	-1.823197939e-03
14.140796	9.006739980e-04
14.145796	1.340674537e-03
14.150797	2.937609972e-03
14.155797	-8.771499047e-04
14.160797	-3.304987834e-03
14.165797	-7.621055708e-04
14.170798	2.937711587e-03
14.175798	4.518770051e-04
14.180798	-1.536985528e-03
14.185799	-6.470101031e-04
14.190799	-2.147900053e-03
14.195799	1.300387662e-05
14.200799	7.869859128e-04
14.205800	-5.419136385e-04
14.210800	1.943972077e-03
14.215800	1.274035483e-03
14.220801	-5.428365162e-04
14.225801	-1.153776378e-03
14.230801	-9.817602909e-04
14.235801	-7.517474418e-04
14.240802	-1.430683395e-03
14.245802	-1.597290933e-04
14.250802	-4.266881853e-04
14.255803	2.323006217e-04
14.260803	2.106221059e-03
14.265803	-7.615915327e-04
14.270803	-2.090490733e-03
14.275804	1.055358179e-03
14.280804	7.873993047e-04
14.285804	-8.764809570e-04
14.290804	4.524703214e-04
14.295805	-1.039419569e-03
14.300805	-2.310321874e-03
14.305805	5.675422861e-04
14.310806	3.377410301e-03
14.315806	7.875823276e-04
14.320806	-1.143282716e-03
14.325806	-1.755221985e-03
14.330807	-9.332419514e-04
14.335807	2.163610040e-03
14.340807	7.307170691e-04
14.345808	-3.361026191e-03
14.350808	-4.418650358e-05
14.355808	1.331762476e-03
14.360808	9.018131488e-04
14.365809	3.478708285e-04
14.370809	-1.038024629e-03
14.375809	6.094005037e-05
14.380810	1.659607122e-04
14.385810	9.029458229e-04
14.390810	8.449757136e-04
14.395810	2.220924906e-03
14.400811	-1.037864955e-03
14.405811	-2.628818773e-04
14.410811	-1.869764682e-03
14.415812	-9.327906712e-04
14.420812	1.562095661e-03
14.425812	-2.089671944e-03
14.430812	7.123324214e-05
14.435813	1.228194974e-03
14.440813	1.332216009e-03
14.445813	7.302768140e-04
14.450813	-7.606123098e-04
14.455814	-5.985944607e-04
14.460814	-1.754502390e-03
14.465814	-7.025345899e-04
14.470815	1.170387020e-03
14.475815	1.227410885e-03
14.480815	-1.487409178e-03
14.485815	-1.534379406e-03
14.490816	1.123498117e-03
14.495816	-4.833842402e-04
14.500816	-1.152319375e-03
14.505817	-1.764257693e-03
14.510817	1.366947401e-05
14.515817	1.839593965e-03
14.520817	-5.972415386e-04
14.525818	5.597206647e-04
14.530818	7.877351909e-04
14.535818	-8.081475773e-04
14.540819	-2.631508441e-04
14.545819	1.056802287e-03
14.550819	1.066829190e-03
14.555819	-2.060716574e-04
14.560820	-2.642906953e-03
14.565820	-1.428947750e-03
14.570820	1.552911951e-03
14.575821	1.760170622e-04
14.580821	4.070316791e-04
14.585821	-1.093856178e-03
14.590821	6.160752327e-04
14.595822	1.413681968e-05
14.600822	-2.642685884e-03
14.605822	1.871825548e-04
14.610822	-4.257551616e-04
14.615823	1.192419598e-04
14.620823	8.372293681e-04
14.625823	1.772943748e-04
14.630824	-7.596249995e-04
14.635824	6.743221797e-04
14.640824	-3.675912323e-04
14.645824	-1.428503549e-03
14.650825	2.050328587e-03
14.655825	6.844334906e-04
14.660825	-1.868394759e-03
14.665826	-2.203347843e-03
14.670826	6.275208737e-04
14.675826	7.895398634e-04
14.680826	-9.793324184e-04
14.685827	-1.037300993e-03
14.690827	8.366216986e-04
14.695827	1.229627787e-03
14.700828	-3.082101239e-03
14.705828	-1.533160175e-03
14.710828	8.377346405e-04
14.715828	-1.925081507e-03
14.720829	-1.419081653e-03
14.725829	8.468191495e-04
14.730829	2.358819343e-04
14.735830	-1.208008363e-03
14.740830	-2.620331768e-04
14.745830	2.919641019e-04
14.750830	-1.925882548e-03
14.755831	-6.449261443e-04
14.760831	-8.158879769e-04
14.765831	-1.369828224e-03
14.770832	2.118004016e-03
14.775832	-1.705752100e-03
14.780832	-2.813661085e-03
14.785832	3.501894694e-04
14.790833	-2.249635475e-03
14.795833	-2.201609459e-03
14.800833	-7.586619480e-04
14.805833	1.344248434e-03
14.810834	3.413336899e-04
14.815834	-1.590528733e-03
14.820834	-1.141525165e-03
14.825835	-2.615458356e-04
14.830835	1.115405541e-03
14.835835	-2.641354045e-03
14.840835	-6.284120024e-03
14.845836	-4.514190696e-03
14.850836	-2.976248282e-03
14.855836	-3.530188077e-03
14.860837	-1.302284457e-03
14.865837	-7.592859561e-04
14.870837	-3.359110500e-03
14.875837	-8.152245930e-04
14.880838	3.276574196e-03
14.885838	1.009730981e-03
14.890838	-1.561741883e-04
14.895839	-2.420017522e-03
14.900839	-3.181066098e-04
14.905839	3.609701535e-03
14.910839	-1.312992040e-03
14.915840	-2.201912679e-03
14.920840	1.565904548e-03
14.925840	1.402943089e-03
14.930841	-4.094623261e-05
14.935841	8.480331372e-04
14.940841	-1.150824892e-03
14.945841	-5.948267275e-04
14.950842	1.508084376e-03
14.955842	-5.957676692e-04
14.960842	1.792182412e-04
14.965842	-5.947086251e-04
14.970843	-1.809610641e-03
14.975843	-9.206310749e-04
14.980843	-2.606385927e-04
14.985844	-3.746025147e-04
14.990844	5.713739164e-04
14.995844	2.941270210e-03
15.000844	2.854494597e-04
15.005845	-3.519306585e-03
15.010845	3.515052852e-04
15.015845	2.607408094e-03
15.020846	-9.303629080e-04
15.025846	-1.532299164e-03
15.030846	-1.453473627e-04
15.035846	2.946577724e-04
15.040847	6.470064858e-05
15.045847	2.339602533e-03
15.050847	-1.311161961e-03
15.055848	-2.917041552e-03
15.060848	2.941658649e-03
15.065848	7.338129950e-04
15.070848	-1.636023515e-03
15.075849	-3.170676683e-04
15.080849	-4.900278072e-04
15.085849	-2.143904551e-03
15.090850	-1.195927747e-03
15.095850	1.900928106e-03
15.100850	9.060143371e-04
15.105850	8.390483515e-04
15.110851	-1.816771866e-03
15.115851	-1.529757731e-03
15.120851	3.390995562e-03
15.125851	-4.797561862e-04
15.130852	-3.975059268e-05
15.135852	1.671183476e-03
15.140852	-1.148627366e-03
15.145853	6.533472819e-05
15.150853	1.566280690e-03
15.155853	1.404320292e-03
15.160853	-1.865465122e-03
15.165854	-2.200415734e-03
15.170854	-4.784821178e-04
15.175854	-1.138414386e-03
15.180855	7.454793070e-05
15.185855	1.833479535e-03
15.190855	1.003556908e-03
15.195855	-6.983166079e-04
15.200856	-4.802981837e-04
15.205856	-3.162766960e-04
15.210856	4.587104200e-04
15.215857	1.068706848e-03
15.220857	-4.791752185e-04
15.225857	-3.161535799e-04
15.230857	-4.311162680e-04
15.235858	6.788521077e-04
15.240858	2.379078183e-04
15.245858	-1.090986459e-03
15.250859	-3.159991540e-04
15.255859	1.786913416e-03
15.260859	2.398909944e-03
15.265859	-1.864819018e-03
15.270860	-1.195825652e-03
15.275860	-4.218381736e-04
15.280860	1.711595172e-04
15.285860	-5.927663781e-04
15.290861	-1.472685720e-03
15.295861	1.232193149e-03
15.300861	4.582678864e-04
15.305862	1.500240418e-03
15.310862	4.013334978e-04
15.315862	-1.079551895e-03
15.320862	-8.557659138e-05
15.325863	-7.565075356e-04
15.330863	-1.090457428e-03
15.335863	9.511978624e-06
15.340864	-4.304318998e-04
15.345864	5.735429569e-04
15.350864	1.510521608e-03
15.355864	1.787537437e-03
15.360865	-3.153127328e-04
15.365865	-3.355110132e-03
15.370865	-1.442594000e-04
15.375866	1.060704280e-03
15.380866	-1.367127502e-03
15.385866	-6.981336020e-04
15.390866	1.510773629e-03
15.395867	1.818800488e-04
15.400867	-2.580635530e-04
15.405867	-1.530378118e-04
15.410868	-2.915850598e-03
15.415868	2.970002287e-04
15.420868	4.388801596e-03
15.425868	3.393889352e-03
15.430869	-7.648447569e-04
15.435869	-2.694704321e-03
15.440869	-1.194756950e-03
15.445870	6.311720930e-04
15.450870	-9.475518026e-05
15.455870	-4.297044416e-04
15.460870	2.457164942e-03
15.465871	-5.346347022e-04
15.470871	-2.417496753e-03
15.475871	1.568310832e-03
15.480871	7.943863967e-04
15.485872	-1.586447552e-03
15.490872	-9.844494017e-04
15.495872	-5.344426724e-04
15.500873	1.406480146e-03
15.505873	5.175622974e-04
15.510873	-1.147311845e-03
15.515873	-1.523357051e-04
15.520874	-2.562976764e-04
15.525874	-2.360147038e-03
15.530874	-9.524232396e-05
15.535875	1.348708630e-03
15.540875	-2.302053578e-03
15.545875	1.291776389e-03
15.550875	7.368399402e-04
15.555876	-8.690373212e-04
15.560876	1.951836228e-03
15.565876	1.511893373e-03
15.570877	1.118947894e-03
15.575877	-1.202888972e-03
15.580877	-2.187801080e-03
15.585877	1.511023155e-03
15.590878	1.073080298e-03
15.595878	-6.957876092e-04
15.600878	-1.862689383e-03
15.605879	-3.076588489e-03
15.610879	1.176204670e-03
15.615879	1.234234002e-03
15.620879	-9.256117834e-04
15.625880	-1.422551163e-03
15.630880	1.350325398e-03
15.635880	4.034113945e-04
15.640880	-2.130413249e-03
15.645881	1.406420370e-03
15.650881	1.062472487e-03
15.655881	2.975483259e-04
15.660882	4.035751548e-04
15.665882	-3.745158465e-03
15.670882	-1.250266078e-03
15.675882	2.841536430e-03
15.680883	9.576753711e-04
15.685883	5.177330458e-04
15.690883	7.879068590e-05
15.695884	1.674733790e-03
15.700884	-3.711180621e-04
15.705884	-1.527019994e-03
15.710884	5.758946348e-04
15.715885	-1.421959854e-03
15.720885	-4.849795438e-04
15.725885	8.529782148e-04
15.730886	-8.578923657e-04
15.735886	2.009979307e-03
15.740886	4.041028589e-04
15.745886	-1.861736414e-03
15.750887	-1.201740380e-03
15.755887	-2.244648457e-03
15.760887	1.932475303e-04
15.765888	7.302505529e-04
15.770888	2.564180584e-03
15.775888	1.626266683e-03
15.780888	7.293504948e-04
15.785889	1.399346116e-03
15.790889	2.946292390e-03
15.795889	3.233309614e-03
15.800889	-2.578329805e-03
15.805890	-7.613986667e-04
15.810890	2.679441072e-03
15.815890	4.610365835e-03
15.820891	8.090203421e-03
15.825891	4.877417802e-03
15.830891	3.281541177e-03
15.835891	2.565615034e-03
15.840892	4.046565236e-03
15.845892	3.233644597e-03
15.850892	2.185902702e-05
15.855893	1.675799554e-03
15.860893	3.559727154e-03
15.865893	2.172838912e-03
15.870893	-6.949659386e-04
15.875894	1.121965497e-03
15.880894	1.293989556e-03
15.885894	-2.548894825e-04
15.890895	-2.068584007e-04
15.895895	-1.086775057e-03
15.900895	4.051747782e-04
15.905895	1.075170908e-03
15.910896	1.942543707e-04
15.915896	2.992823485e-04
15.920896	2.508191905e-03
15.925897	1.896260288e-03
15.930897	-8.095534306e-04
15.935897	7.943049650e-05
15.940897	-5.884979064e-04
15.945898	-2.749342242e-03
15.950898	1.275298356e-04
15.955898	2.680420173e-03
15.960898	-3.439291356e-05
15.965899	-2.533464885e-04
15.970899	1.687578363e-03
15.975899	1.724610418e-03
15.980900	-7.032187422e-04
15.985900	1.245705721e-03
15.990900	2.785653229e-03
15.995900	-2.631409114e-04
16.000901	-6.460851098e-04
16.005901	-1.248016959e-03
16.010901	-5.320229833e-04
16.015902	1.849877228e-03
16.020902	-7.509420291e-04
16.025902	-1.200882353e-03
16.030902	1.849980259e-03
16.035903	1.458036711e-03
16.040903	-1.488384204e-04
16.045903	1.409108299e-03
16.050904	8.121750311e-05
16.055904	-1.190676425e-03
16.060904	1.122227854e-03
16.065904	-3.676537619e-04
16.070905	-6.446036416e-04
16.075905	-2.535911052e-04
16.080905	-2.445570443e-04
16.085906	7.314226008e-04
16.090906	-6.444653313e-04
16.095906	4.635069234e-04
16.100906	4.055448367e-04
16.105907	-5.303678041e-04
16.110907	1.457554973e-03
16.115907	1.743573581e-03
16.120908	1.573617880e-03
16.125908	-4.822316318e-04
16.130908	-1.697128466e-03
16.135908	6.367749331e-04
16.140909	-1.524068608e-03
16.145909	-8.650708765e-04
16.150909	2.948749268e-03
16.155909	-8.080043680e-04
16.160910	-1.686919997e-03
16.165910	1.678925427e-03
16.170910	3.020378711e-04
16.175911	9.030389867e-04
16.180911	1.124061514e-03
16.185911	3.591395660e-04
16.190911	1.956084673e-03
16.195912	7.411880965e-04
16.200912	-5.307052511e-04
16.205912	3.032828667e-04
16.210913	-1.685570079e-03
16.215913	7.413284025e-04
16.220913	2.337273684e-03
16.225913	-6.445233035e-04
16.230914	4.174520776e-04
16.235914	9.044598471e-04
16.240914	-8.074085741e-04
16.245915	-9.041371303e-05
16.250915	-1.303310186e-03
16.255915	-7.483061660e-04
16.260915	2.452548920e-03
16.265916	9.706676490e-04
16.270916	-2.522281829e-04
16.275916	-7.581643578e-04
16.280917	-7.011322067e-04
16.285917	-4.151129274e-04
16.290917	-7.490587268e-04
16.295917	1.401855604e-03
16.300918	-4.720034650e-04
16.305918	-3.510796932e-03
16.310918	1.019983477e-03
16.315918	1.955966281e-03
16.320919	2.175989411e-03
16.325919	8.001024047e-04
16.330919	-2.239690910e-03
16.335920	-7.007419741e-04
16.340920	2.452403631e-04
16.345920	1.411210335e-03
16.350920	5.702933069e-04
16.355921	-1.752540275e-03
16.360921	-4.705767758e-04
16.365921	2.454294252e-03
16.370922	-1.465449372e-03
16.375922	-2.842336131e-03
16.380922	1.125476239e-03
16.385922	7.457116580e-05
16.390923	3.025941120e-04
16.395923	-2.523388449e-04
16.400923	2.668126817e-05
16.405924	2.186595512e-03
16.410924	-4.812184401e-04
16.415924	-2.249083037e-03
16.420924	-6.911348487e-04
16.425925	1.077801481e-03
16.430925	-5.280721796e-04
16.435925	-8.806099826e-05
16.440926	-2.500159094e-04
16.445926	1.402927025e-03
16.450926	-3.089405935e-04
16.455926	-1.798820691e-03
16.460927	2.119994738e-03
16.465927	3.007980812e-03
16.470927	-1.789713010e-03
16.475927	-1.521691997e-03
16.480928	1.322510115e-04
16.485928	-2.410569697e-03
16.490928	1.623239370e-03
16.495929	1.412287421e-03
16.500929	8.339842755e-05
16.505929	5.714071668e-04
16.510929	-1.798423188e-03
16.515930	-5.744558445e-04
16.520930	1.680453479e-03
16.525930	-5.853826755e-04
16.530931	-1.082318395e-03
16.535931	-4.223192284e-04
16.540931	8.468856962e-05
16.545931	-5.272406215e-04
16.550932	-2.022225415e-04
16.555932	-3.019583045e-05
16.560932	4.668126034e-04
16.565933	4.198516792e-04
16.570933	1.250841347e-03
16.575933	-1.855947282e-03
16.580933	-1.415935567e-03
16.585934	2.014907792e-03
16.590934	3.530378723e-04
16.595934	3.530744108e-04
16.600935	-1.129805549e-03
16.605935	-1.244762501e-03
16.610935	4.671777168e-04
16.615935	1.185173908e-03
16.620936	-5.266930886e-04
16.625936	-6.896472665e-04
16.630936	5.733182987e-04
16.635936	-4.785857984e-04
16.640937	1.738326098e-03
16.645937	5.824278914e-04
16.650937	-1.300429372e-03
16.655938	-8.044205407e-04
16.660938	-6.903901873e-04
16.665938	4.685813570e-04
16.670938	-2.003441762e-04
16.675939	-1.626227077e-03
16.680939	-1.521196147e-03
16.685939	-1.080184113e-03
16.690940	1.691696718e-03
16.695940	2.340697078e-03
16.700940	-2.011229113e-04
16.705940	-4.120741037e-04
16.710941	-1.624968872e-03
16.715941	1.909658630e-04
16.720941	2.178890933e-03
16.725942	7.460086018e-04
16.730942	-1.405833237e-03
16.735942	-9.088241808e-04
16.740942	2.227036334e-03
16.745943	2.562054545e-03
16.750943	1.463153498e-03
16.755943	1.332654728e-04
16.760944	4.062081416e-03
16.765944	1.969236377e-03
16.770944	-7.102215771e-03
16.775944	-3.459383676e-03
16.780945	-2.485272446e-04
16.785945	-1.520418432e-03
16.790945	-1.022409241e-03
16.795946	3.566369669e-03
16.800946	6.385248236e-03
16.805946	1.462562645e-03
16.810946	3.891463201e-03
16.815947	4.340475235e-03
16.820947	2.791599761e-03
16.825947	6.270441260e-03
16.830947	2.237705653e-03
16.835948	1.845765098e-03
16.840948	4.119674481e-03
16.845948	1.252873287e-03
16.850949	2.514839673e-03
16.855949	6.816634944e-03
16.860949	4.445805878e-03
16.865949	5.506783630e-03
16.870950	3.623927127e-03
16.875950	-9.167797306e-04
16.880950	1.024148533e-03
16.885951	1.300170542e-03
16.890951	6.882425573e-04
16.895951	-8.467634785e-05
16.900951	1.923456553e-04
16.905952	4.693676751e-04
16.910952	1.024374062e-03
16.915952	-7.444887082e-04
16.920953	1.845403154e-03
16.925953	5.717222865e-03
16.930953	2.630434339e-03
16.935953	-9.063288375e-04
16.940954	-6.393061389e-04
16.945954	1.855591154e-03
16.950954	3.077160586e-04
16.955955	-1.967118095e-03
16.960955	-3.041739165e-04
16.965955	-1.321457878e-04
16.970955	-1.184048739e-03
16.975956	1.185855689e-03
16.980956	2.619812824e-03
16.985956	1.512913017e-03
16.990956	1.302962732e-03
16.995957	5.115785993e-03
17.000957	4.838839511e-03
17.005957	-6.384490708e-03
17.010958	-7.540387675e-03
17.015958	3.652052417e-04
17.020958	-1.987250189e-04
17.025958	-1.794597168e-03
17.030959	9.672853706e-04
17.035959	3.013208232e-03
17.040959	7.104015989e-03
17.045960	1.002988934e-02
17.050960	9.264970494e-03
17.055960	7.936083411e-03
17.060960	9.361041310e-03
17.065961	8.261141367e-03
17.070961	2.630496506e-03
17.075961	1.244612695e-03
17.080962	1.579632018e-03
17.085962	4.137358539e-04
17.090962	7.957525629e-04
17.095962	2.076718680e-03
17.100963	-2.451123618e-04
17.105963	1.350836054e-03
17.110963	3.175771594e-03
17.115964	8.898366455e-05
17.120964	-2.939564675e-04
17.125964	-1.632842767e-03
17.130964	-1.469813604e-03
17.135965	-8.972352879e-03
17.140965	-3.064209457e-02
17.145965	-2.103659694e-02
17.150965	5.282274319e-04
17.155966	-5.054419864e-03
17.160966	-2.793809315e-02
17.165966	-3.091988684e-02
17.170967	-6.382229764e-03
17.175967	-9.202032538e-03
17.180967	-3.318564384e-02
17.185967	-2.588301644e-02
17.190968	-1.794334034e-03
17.195968	-4.011170691e-03
17.200968	-1.754637015e-02
17.205969	-3.451437633e-02
17.210969	-1.478544842e-02
17.215969	1.800656442e-03
17.220969	-8.914701700e-03
17.225970	-3.135939950e-02
17.230970	-3.103437915e-02
17.235970	-1.400797373e-04
17.240971	-1.152440016e-02
17.245971	-3.461906131e-02
17.250971	-2.804239285e-02
17.255971	-3.125417331e-02
17.260972	-4.357644087e-02
17.265972	-4.534430259e-02
17.270972	-5.153791514e-02
17.275973	-5.772252818e-02
17.280973	-6.320018101e-02
17.285973	-6.330513628e-02
17.290973	-6.645991985e-02
17.295974	-6.933771900e-02
17.300974	-7.297847518e-02
17.305974	-7.281644542e-02
17.310974	-6.336293874e-02
17.315975	-6.148000584e-02
17.320975	-6.015004179e-02
17.325975	-4.412890480e-02
17.330976	-3.927313922e-02
17.335976	-2.483891286e-02
17.340976	-6.161925336e-03
17.345976	-4.392985931e-03
17.350977	2.057941773e-04
17.355977	2.876722528e-02
17.360977	2.739034183e-02
17.365978	1.406613099e-02
17.370978	4.004770737e-02
17.375978	2.524058004e-02
17.380978	2.948438022e-02
17.385979	3.043036607e-02
17.390979	2.872050146e-02
17.395979	3.496218920e-02
17.400980	2.141699090e-02
17.405980	3.832807803e-02
17.410980	2.871965813e-02
17.415980	3.131955096e-02
17.420981	3.479039477e-02
17.425981	8.866893399e-03
17.430981	2.385508885e-02
17.435982	3.479951196e-02
17.440982	8.656023020e-03
17.445982	5.339249022e-03
17.450982	4.173353950e-03
17.455983	3.236446001e-03
17.460983	3.275382359e-02
17.465983	2.418934508e-02
17.470984	2.290617252e-03
17.475984	2.462646930e-03
17.480984	1.745084252e-02
17.485984	3.496289604e-02
17.490985	1.500305912e-02
17.495985	2.594748240e-02
17.500985	3.414106056e-02
17.505985	2.264274732e-02
17.510986	3.484809966e-02
17.515986	2.965743135e-02
17.520986	3.612010701e-02
17.525987	4.120486026e-02
17.530987	3.899702407e-02
17.535987	4.082296080e-02
17.540987	3.696121775e-02
17.545988	2.898870613e-02
17.550988	3.777325116e-02
17.555988	3.524043333e-02
17.560989	3.458151002e-02
17.565989	2.501308830e-02
17.570989	2.904690084e-02
17.575989	3.833741745e-02
17.580990	7.490193700e-03
17.585990	1.893358914e-02
17.590990	3.446675435e-02
17.595991	1.462291119e-02
17.600991	3.906554187e-03
17.605991	5.894481991e-03
17.610991	3.028365142e-04
17.615992	-6.820682938e-04
17.620992	-4.040441873e-04
17.625992	8.579245395e-04
17.630993	9.149611133e-04
17.635993	1.248982107e-03
17.640993	2.462953576e-03
17.645993	-2.186671231e-05
17.650994	1.087110694e-03
17.655994	2.912047806e-03
17.660994	-1.073687946e-03
17.665994	-4.112476995e-03
17.670995	-5.049384359e-03
17.675995	-1.962518237e-03
17.680995	-1.411079441e-02
17.685996	-3.046583375e-02
17.690996	-1.285078547e-02
17.695996	-2.182346119e-03
17.700996	-4.332185121e-03
17.705997	-2.644290038e-02
17.710997	-3.566734108e-02
17.715997	-6.367950533e-03
17.720998	-2.771270887e-02
17.725998	-3.523624529e-02
17.730998	-1.394940362e-02
17.735998	-3.854497891e-02
17.740999	-2.577265788e-02
17.745999	-1.957796654e-02
17.750999	-3.937581189e-02
17.756000	-1.346123069e-02
17.761000	-1.257124067e-02
17.766000	-3.467195634e-02
17.771000	-2.565842363e-02
17.776001	-3.892608812e-03
17.781001	-1.569699412e-03
17.786001	2.254125503e-03
17.791002	2.313099040e-02
17.796002	2.390598698e-02
17.801002	1.037978868e-02
17.806002	4.013187335e-03
17.811003	1.550358071e-02
17.816003	3.198269325e-02
17.821003	1.811351431e-02
17.826003	9.759024923e-03
17.831004	2.722208210e-02
17.836004	2.971798190e-02
17.841004	1.279897471e-02
17.846005	1.716576920e-02
17.851005	3.231795653e-02
17.856005	1.783681213e-02
17.861005	6.335499984e-03
17.866006	3.087415892e-02
17.871006	3.170715242e-02
17.876006	2.627829894e-03
17.881007	1.164136288e-02
17.886007	3.723196264e-02
17.891007	2.147888993e-02
17.896007	5.341095057e-04
17.901008	1.705222005e-02
17.906008	3.723212447e-02
17.911008	1.799924771e-02
17.916009	1.728232857e-02
17.921009	3.723124602e-02
17.926009	1.865833214e-02
17.931009	2.336210787e-02
17.936010	3.446852316e-02
17.941010	1.275178631e-02
17.946010	1.965343834e-02
17.951011	3.423965776e-02
17.956011	1.562974604e-02
17.961011	3.250483558e-03
17.966011	3.402515618e-03
17.971012	2.350615467e-03
17.976012	9.267362689e-04
17.981012	-1.395092366e-03
17.986012	-1.912916327e-05
17.991013	-2.490755414e-04
17.996013	2.733797221e-03
18.001013	7.649487601e-04
18.006014	-2.289545753e-04
18.011014	3.067900545e-03
18.016014	-2.488719977e-04
18.021014	-3.528254002e-04
18.026015	-3.115629107e-03
18.031015	-2.886601232e-03
18.036015	-1.466289749e-02
18.041016	-3.611264914e-02
18.046016	-1.322889662e-02
18.051016	8.693505043e-04
18.056016	-5.984222837e-03
18.061017	-1.405972738e-02
18.066017	-3.174369098e-02
18.071017	-2.151722584e-02
18.076018	-2.561252131e-03
18.081018	2.916480370e-03
18.086018	-2.389180048e-03
18.091018	-6.097930355e-03
18.096019	-1.671729161e-02
18.101019	-3.119943538e-02
18.106019	-1.598325107e-02
18.111020	8.708410432e-04
18.116020	-1.900582749e-04
18.121020	1.692876690e-03
18.126020	-1.785886489e-03
18.131021	-6.317590379e-03
18.136021	-8.917403018e-03
18.141021	-3.057814258e-02
18.146022	-2.544439057e-02
18.151022	-7.437401040e-04
18.156022	-2.857248457e-04
18.161022	-3.996773768e-04
18.166023	-3.391467884e-03
18.171023	-1.742563673e-02
18.176023	-3.075084548e-02
18.181023	-1.870548250e-02
18.186024	-2.559350366e-03
18.191024	-2.844373187e-04
18.196024	1.148523138e-03
18.201025	-3.784158029e-03
18.206025	-7.262921037e-03
18.211025	-5.264992355e-03
18.216025	-7.473826835e-03
18.221026	-9.078695306e-03
18.226026	-5.436859139e-03
18.231026	-2.396989074e-03
18.236027	2.029057718e-04
18.241027	9.101446034e-03
18.246027	1.120536882e-02
18.251027	5.737717875e-03
18.256028	2.582936731e-03
18.261028	1.475040364e-03
18.266028	5.371344376e-04
18.271029	1.473123027e-03
18.276029	1.468542051e-02
18.281029	2.209404473e-02
18.286029	1.761033846e-02
18.291030	1.224768169e-02
18.296030	1.254341908e-03
18.301030	9.773988418e-04
18.306031	4.515241025e-03
18.311031	2.615218590e-04
18.316031	5.375476924e-04
18.321031	2.085501930e-03
18.326032	1.475577659e-03
18.331032	-1.629695047e-05
18.336032	-3.946034307e-03
18.341032	-2.664065056e-03
18.346033	-1.334098497e-03
18.351033	-1.560625358e-02
18.356033	-2.920044682e-02
18.361034	-1.511019859e-02
18.366034	-1.009950921e-03
18.371034	5.380034141e-04
18.376034	3.625871067e-03
18.381035	2.038396914e-02
18.386035	2.364282718e-02
18.391035	5.671880410e-03
18.396036	2.747086594e-03
18.401036	4.964003327e-03
18.406036	2.364191235e-03
18.411036	8.063204941e-04
18.416037	7.583647597e-04
18.421037	-1.726453778e-03
18.426037	8.644419477e-04
18.431038	4.335078018e-04
18.436038	9.775187790e-04
18.441038	1.915507586e-03
18.446038	-1.888236654e-03
18.451039	8.076532072e-04
18.456039	9.786852189e-04
18.461039	-1.832114893e-03
18.466040	-2.672025950e-03
18.471040	-7.977685590e-03
18.476040	-2.085391902e-02
18.481040	-2.516463466e-02
18.486041	-1.255630277e-02
18.491041	-1.563879905e-03
18.496041	1.418993882e-03
18.501041	-8.368374003e-04
18.506042	-1.333767694e-03
18.511042	-1.180734569e-03
18.516042	2.575095739e-03
18.521043	1.458246152e-02
18.526043	2.110213625e-02
18.531043	1.677942138e-02
18.536043	6.896019569e-03
18.541044	3.914229227e-03
18.546044	3.025321072e-03
18.551044	1.485248365e-04
18.556045	7.595322580e-04
18.561045	1.753518128e-03
18.566045	1.363589102e-02
18.571045	1.983058413e-02
18.576046	1.258403394e-02
18.581046	1.093116885e-02
18.586046	6.066484591e-03
18.591047	9.798128338e-04
18.596047	1.810807940e-03
18.601047	1.256881020e-03
18.606047	-2.336874758e-03
18.611048	1.037977163e-03
18.616048	5.454770433e-03
18.621048	1.812017439e-03
18.626049	-8.367915032e-04
18.631049	-1.562708689e-03
18.636049	9.801901088e-04
18.641049	1.698191651e-03
18.646050	-7.396291355e-04
18.651050	-1.285556421e-03
18.656050	1.764313869e-03
18.661050	2.252328392e-03
18.666051	-1.677408372e-03
18.671051	3.205211636e-04
18.676051	1.421501203e-03
18.681052	-1.896269988e-03
18.686052	-5.103059768e-04
18.691052	1.038648867e-03
18.696052	-6.124715930e-05
18.701053	-2.059092626e-03
18.706053	-5.681344932e-04
18.711053	-1.312366165e-05
18.716054	6.468812670e-04
18.721054	1.477876577e-03
18.726054	3.789805421e-04
18.731054	6.470075614e-04
18.736055	-5.668819843e-04
18.741055	5.980945552e-04
18.746055	-1.341754106e-03
18.751056	-5.871456959e-03
18.756056	-8.023293670e-03
18.761056	-2.543127150e-02
18.766056	-2.649116967e-02
18.771057	-3.224437343e-03
18.776057	-1.389498466e-03
18.781057	-2.277406295e-03
18.786058	1.860402953e-03
18.791058	1.698454270e-03
18.796058	-1.330333011e-03
18.801058	-3.988141170e-03
18.806059	-6.242883211e-04
18.811059	-1.619190081e-03
18.816059	-4.046011221e-03
18.821060	-2.555052913e-03
18.826060	-9.131640419e-03
18.831060	-1.084150190e-02
18.836060	-1.129143430e-02
18.841061	-1.537416218e-02
18.846061	-6.971592941e-03
18.851061	-2.391808480e-03
18.856061	-4.322657483e-03
18.861062	1.155076441e-03
18.866062	1.584094599e-03
18.871062	-2.832614438e-03
18.876063	1.602593976e-04
18.881063	1.365233893e-03
18.886063	6.003192935e-04
18.891063	2.865234131e-03
18.896064	6.963985824e-04
18.901064	-5.097232895e-03
18.906064	-5.422172236e-03
18.911065	-4.484182668e-03
18.916065	-8.690903463e-03
18.921065	-2.173912650e-02
18.926065	-2.294301633e-02
18.931066	-5.038981873e-03
18.936066	-2.882069192e-04
18.941066	-2.717027770e-03
18.946067	-8.440907896e-04
18.951067	-1.665002147e-03
18.956067	-1.160469141e-04
18.961067	1.423908832e-03
18.966068	3.710105547e-04
18.971068	1.021649874e-02
18.976068	2.325680707e-02
18.981069	1.750117356e-02
18.986069	6.239850014e-03
18.991069	4.692979578e-03
18.996069	4.872588339e-04
19.001070	-3.456517826e-04
19.006070	4.128138857e-03
19.011070	1.145349285e-03
19.016070	6.494197166e-04
19.021071	3.316312098e-03
19.026071	4.965133688e-04
19.031071	-2.171293911e-03
19.036072	-5.173444849e-04
19.041072	-1.223262200e-03
19.046072	-5.552572563e-04
19.051072	1.031695960e-03
19.056073	1.977685266e-03
19.061073	1.824736446e-03
19.066073	-5.640864964e-04
19.071074	1.529157196e-04
19.076074	1.375889457e-03
19.081074	-4.215753158e-03
19.086074	-4.100717035e-03
19.091075	-5.477596916e-03
19.096075	-2.565741825e-02
19.101075	-2.703429811e-02
19.106076	-6.423415819e-03
19.111076	7.082253217e-04
19.116076	-2.296792426e-04
19.121076	-7.276085703e-04
19.126077	6.023592031e-04
19.131077	1.090374382e-03
19.136077	-2.295086554e-04
19.141078	-1.663385269e-03
19.146078	-5.064077339e-04
19.151078	-1.232324192e-03
19.156078	8.696001569e-04
19.161079	1.652598763e-03
19.166079	1.057285387e-04
19.171079	4.877444248e-05
19.176079	-2.170057941e-03
19.181080	-2.861212924e-04
19.186080	1.979793858e-03
19.191080	1.873842542e-03
19.196081	-1.720912360e-03
19.201081	1.864928499e-03
19.206081	1.874970670e-03
19.211081	-1.442799809e-03
19.216082	5.451310234e-04
19.221082	2.581899292e-04
19.226082	1.206179318e-03
19.231083	-3.906880215e-04
19.236083	-1.892560703e-03
19.241083	-1.776524463e-03
19.246083	-1.705720946e-04
19.251084	6.034271150e-04
19.256084	-1.615405183e-03
19.261084	-1.777353273e-03
19.266085	1.206521543e-03
19.271085	1.425552016e-03
19.276085	-1.713152765e-04
19.281085	1.067118853e-04
19.286086	-6.523561592e-05
19.291086	5.621487064e-03
19.296086	1.707388516e-02
19.301087	2.370855448e-02
19.306087	1.054433842e-02
19.311087	3.193795079e-03
19.316087	5.794691505e-03
19.321088	6.510239296e-04
19.326088	1.101041453e-03
19.331088	7.761026083e-04
19.336088	-1.890704392e-03
19.341089	6.616859531e-03
19.346089	1.657734166e-02
19.351089	1.768632211e-02
19.356090	1.651943069e-02
19.361090	6.292049351e-03
19.366090	2.640297828e-03
19.371090	4.073260057e-03
19.376091	5.465015061e-04
19.381091	1.274503431e-03
19.386091	9.829064749e-03
19.391092	2.270438283e-02
19.396092	1.779170232e-02
19.401092	8.557265113e-03
19.406092	5.690469435e-03
19.411093	4.246593656e-03
19.416093	1.645783013e-03
19.421093	3.279001489e-04
19.426094	1.379883874e-03
19.431094	3.586802583e-03
19.436094	5.679727715e-03
19.441094	1.203741276e-02
19.446095	1.535526894e-02
19.451095	1.038459174e-02
19.456095	1.083260949e-02
19.461096	6.846876852e-03
19.466096	-1.784594243e-03
19.471096	-6.651349930e-06
19.476096	3.922170459e-03
19.481097	8.823845825e-04
19.486097	9.404243121e-04
19.491097	-6.184449275e-04
19.496098	5.375329996e-04
19.501098	2.144485542e-03
19.506098	-8.373035801e-04
19.511098	-2.320177083e-03
19.516099	-2.654115263e-03
19.521099	-1.686827203e-02
19.526099	-3.129341691e-02
19.531099	-1.426733239e-02
19.536100	1.542820582e-03
19.541100	8.829007721e-04
19.546100	7.679502860e-04
19.551101	-6.659259452e-04
19.556101	-5.138631097e-03
19.561101	-9.679332416e-03
19.566101	-2.598737127e-02
19.571102	-2.609232230e-02
19.576102	-3.762536332e-03
19.581102	6.542580840e-04
19.586103	-8.366149138e-04
19.591103	-2.256062375e-04
19.596103	-1.220507150e-03
19.601103	-2.548389314e-03
19.606104	-2.156368299e-03
19.611104	-4.145213246e-03
19.616104	-9.181886607e-03
19.621105	-1.470653249e-02
19.626105	-2.006918750e-02
19.631105	-1.410448019e-02
19.636105	-4.430981672e-03
19.641106	-1.717091348e-03
19.646106	2.238424933e-04
19.651106	1.600808088e-03
19.656107	-5.120298503e-04
19.661107	9.319319785e-04
19.666107	1.658934173e-03
19.671107	-1.887823031e-03
19.676108	-9.988299503e-04
19.681108	-1.333767963e-03
19.686108	-5.367497743e-03
19.691108	-3.704548225e-03
19.696109	-9.563175263e-03
19.701109	-3.023896814e-02
19.706109	-1.963052222e-02
19.711110	-6.065500563e-04
19.716110	-1.829438061e-03
19.721110	8.264555747e-04
19.726110	4.925175308e-04
19.731111	-6.140812589e-05
19.736111	4.346071118e-04
19.741111	-6.162905616e-04
19.746112	-1.217213565e-03
19.751112	-7.020843669e-03
19.756112	-7.412778432e-03
19.761112	-1.239245492e-02
19.766113	-2.961844197e-02
19.771113	-1.570018235e-02
19.776113	1.486893258e-03
19.781114	3.879983068e-04
19.786114	4.360387892e-04
19.791114	-1.160828123e-03
19.796114	-1.054790901e-03
19.801115	1.153127994e-03
19.806115	-3.867421198e-04
19.811115	-1.102658618e-03
19.816116	1.487238780e-03
19.821116	4.933379367e-04
19.826116	-2.105472553e-03
19.831116	-6.155132261e-04
19.836117	4.641234045e-03
19.841117	-2.804456684e-04
19.846117	-2.546274896e-03
19.851117	-6.633376834e-04
19.856118	-7.772880507e-04
19.861118	-5.002604267e-04
19.866118	4.367300454e-04
19.871119	-3.941799533e-04
19.876119	-7.201183784e-04
19.881119	1.936775274e-03
19.886119	-2.800566956e-04
19.891120	-1.608938653e-03
19.896120	-1.053926665e-03
19.901120	-2.660792969e-03
19.906121	-2.211775010e-03
19.911121	1.603053465e-03
19.916121	-1.748032069e-04
19.921121	-8.337228700e-04
19.926122	-2.227140244e-04
19.931122	-1.388605143e-03
19.936122	-2.430503241e-03
19.941123	-1.819494391e-03
19.946123	-7.195130662e-04
19.951123	-3.433317036e-03
19.956123	-3.596264610e-03
19.961124	-1.217355281e-03
19.966124	1.823516784e-03
19.971124	-8.812876870e-04
19.976125	-1.886187856e-03
19.981125	2.148628257e-03
19.986125	1.106730174e-03
19.991125	1.937726655e-03
19.996126	4.691614884e-03
20.001126	2.425785708e-03
20.006126	1.154900521e-03
20.011126	2.368875446e-03
20.016127	5.520209982e-04
20.021127	-1.320830296e-03
20.026127	2.159017071e-03
20.031128	5.800855320e-03
20.036128	3.802037586e-04
20.041128	-2.162609815e-03
20.046128	8.292650282e-04
20.051129	6.852969190e-03
20.056129	1.923131561e-02
20.061129	1.817941810e-02
20.066130	9.834931151e-03
20.071130	5.973191835e-03
20.076130	3.210390653e-03
20.081130	4.031387716e-03
20.086131	3.592455709e-03
20.091131	4.956733320e-04
20.096131	-8.322086278e-04
20.101132	-1.988100269e-03
20.106132	4.958031809e-04
20.111132	2.932709278e-03
20.116132	1.553204326e-02
20.121133	2.856135304e-02
20.126133	1.486416744e-02
20.131133	4.481795223e-03
20.136134	2.818932127e-03
20.141134	1.434053382e-03
20.146134	1.986065596e-03
20.151134	8.301739609e-04
20.156135	8.792144921e-04
20.161135	3.421114684e-03
20.166135	1.990123020e-02
20.171136	2.343807438e-02
20.176136	1.038985225e-02
20.181136	5.420175317e-03
20.186136	4.139290721e-03
20.191137	2.924402410e-03
20.196137	-4.838693696e-05
20.201137	4.386289407e-04
20.206137	2.092579124e-03
20.211138	4.967122615e-04
20.216138	-2.202040828e-04
20.221138	-1.376095714e-03
20.226139	-2.532987289e-03
20.231139	5.548821699e-04
20.236139	2.313826443e-03
20.241139	0.000000000e+00
