expfull_T9_run03
6713	0
0.000000	0.000000000e+00
0.005000	4.966747916e-04
0.010000	-1.051550903e-03
0.015001	1.548021553e-03
0.020001	2.264685639e-03
0.025001	-8.914618069e-04
0.030001	-2.315693535e-03
0.035002	-1.215048134e-03
0.040002	-4.513863328e-04
0.045002	-4.426877918e-04
0.050002	-5.100788771e-05
0.055003	-5.572842847e-04
0.060003	1.430317957e-03
0.065003	2.260976500e-03
0.070003	5.278292818e-05
0.075004	4.354632742e-04
0.080004	1.544108293e-03
0.085004	-2.547993598e-03
0.090004	-1.057367166e-03
0.095005	3.034132698e-03
0.100005	4.297723456e-05
0.105005	-3.046173459e-03
0.110005	6.043478688e-04
0.115006	2.697944964e-03
0.120006	-1.498151856e-03
0.125006	1.483402031e-03
0.130006	1.483101029e-03
0.135007	-2.378012088e-03
0.140007	-5.624014566e-04
0.145007	7.652329239e-04
0.150007	1.319904922e-03
0.155008	-1.233258520e-04
0.160008	-1.223573315e-03
0.165008	-2.046834255e-03
0.170008	-1.225175241e-03
0.175009	1.585386986e-03
0.180009	4.291422575e-04
0.185009	1.098808675e-03
0.190009	-4.034192125e-04
0.195009	-2.009642036e-03
0.200010	1.259897868e-03
0.205010	-2.233309362e-04
0.210010	-2.717510540e-03
0.215010	-4.619212852e-04
0.220011	8.177154666e-04
0.225011	1.812366090e-03
0.230011	5.881246968e-04
0.235011	-2.060047399e-03
0.240012	1.005464939e-04
0.245012	4.822269593e-04
0.250012	1.198891126e-03
0.255012	1.591571063e-03
0.260013	-2.500530749e-03
0.265013	5.380204350e-04
0.270013	1.857655272e-03
0.275013	-1.680473488e-03
0.280014	-7.485256049e-05
0.285014	-3.991377123e-04
0.290014	-5.624306948e-04
0.295014	1.971145086e-03
0.300015	-1.810511009e-04
0.305015	-2.733227819e-03
0.310015	5.833098713e-04
0.315015	2.580911750e-03
0.320016	-1.242575100e-04
0.325016	-2.965500264e-04
0.330016	-4.688425386e-04
0.335016	4.288128855e-04
0.340017	1.748447779e-03
0.345017	-2.009670219e-03
0.350017	-2.334955268e-03
0.355017	1.183572631e-03
0.360018	8.332530453e-05
0.365018	-4.049517987e-04
0.370018	1.966631930e-03
0.375018	8.093873915e-04
0.380018	-1.294811060e-03
0.385019	-4.721519388e-04
0.390019	3.115090850e-04
0.395019	5.881947854e-04
0.400019	-1.181019947e-03
0.405020	1.246561092e-03
0.410020	-1.075626719e-03
0.415020	-2.615852579e-03
0.420020	1.073667065e-03
0.425021	5.763904620e-04
0.430021	1.915024521e-03
0.435021	-1.239122776e-03
0.440021	-3.034690945e-04
0.445022	1.081162744e-03
0.450022	-1.079032906e-03
0.455022	2.985992845e-04
0.460022	-7.446507087e-04
0.465023	-1.958892375e-03
0.470023	-4.682656646e-04
0.475023	-4.685663936e-04
0.480023	3.058961205e-03
0.485024	3.727627934e-03
0.490024	-1.913398275e-03
0.495024	-2.028693383e-03
0.500024	-4.120727659e-04
0.505025	1.995967626e-04
0.510025	4.092858598e-04
0.515025	-2.190888297e-03
0.520025	2.903563101e-03
0.525026	1.883945546e-04
0.530026	-4.514677245e-03
0.535026	2.902661132e-03
0.540026	1.190443798e-03
0.545027	-3.107837957e-04
0.550027	2.918862331e-04
0.555027	5.685721328e-04
0.560027	8.129521754e-05
0.565027	-9.699542451e-04
0.570028	2.426861293e-04
0.575028	-1.526528379e-03
0.580028	-1.086850374e-03
0.585028	1.953701069e-03
0.590029	4.614731045e-04
0.595029	1.841860232e-04
0.600029	6.818612370e-04
0.605029	-1.993964368e-04
0.610030	-9.370213173e-05
0.615030	-3.700543422e-05
0.620030	-3.298147269e-03
0.625030	-2.522485543e-03
0.630031	1.072039014e-03
0.635031	1.237846492e-04
0.640031	8.494488332e-04
0.645031	1.012140422e-03
0.650032	1.238831632e-04
0.655032	-4.303903402e-04
0.660032	-1.547042243e-04
0.665032	9.059437008e-04
0.670033	3.496517182e-03
0.675033	-3.175976490e-04
0.680033	-1.866822690e-03
0.685033	1.229726195e-03
0.690034	-1.589437028e-03
0.695034	6.751523623e-04
0.700034	-1.256054054e-03
0.705034	-1.198357249e-03
0.710035	1.343218689e-03
0.715035	-1.257955096e-03
0.720035	-4.262959268e-04
0.725035	-1.486544681e-03
0.730036	1.992985651e-03
0.735036	2.613655116e-03
0.740036	-9.824702028e-04
0.745036	-1.316754246e-03
0.750036	-8.760759930e-04
0.755037	-1.096365564e-03
0.760037	-3.137039334e-04
0.765037	1.558904666e-03
0.770037	1.330615514e-03
0.775038	-1.154563798e-03
0.780038	-8.788774551e-04
0.785038	1.060727925e-03
0.790038	1.061427670e-03
0.795039	-1.432751163e-03
0.800039	-2.151016408e-03
0.805039	1.441508575e-03
0.810039	-8.226814182e-04
0.815040	-1.376954613e-03
0.820040	1.221618773e-03
0.825040	1.833288860e-03
0.830040	-8.238819662e-04
0.835041	-4.412007134e-04
0.840041	1.555402010e-03
0.845041	-2.316709659e-03
0.850041	-1.542047449e-03
0.855042	2.825636782e-04
0.860042	1.102719939e-04
0.865042	6.169472796e-04
0.870042	3.966579537e-04
0.875043	7.693397830e-04
0.880043	1.438007220e-03
0.885043	-1.658142120e-03
0.890043	-1.047471838e-03
0.895044	2.880037045e-03
0.900044	1.088719256e-04
0.905044	-1.545347538e-03
0.910044	3.272613810e-04
0.915045	-2.712890613e-03
0.920045	-1.097269164e-03
0.925045	2.213667490e-04
0.930045	2.690645237e-04
0.935046	2.104675303e-03
0.940046	-1.212463150e-03
0.945046	1.051728608e-04
0.950046	4.787579438e-05
0.955046	-3.039273814e-03
0.960047	1.712701177e-04
0.965047	2.264868417e-03
0.970047	-5.072964817e-04
0.975047	-1.156153340e-04
0.980048	2.540955607e-03
0.985048	2.483658630e-03
0.990048	-4.504983344e-04
0.995048	-1.666738887e-03
1.000049	-1.275057674e-03
1.005049	-1.608341169e-03
1.010049	-9.966706354e-04
1.015049	3.789627336e-04
1.020050	1.371614753e-03
1.025050	1.323317444e-03
1.030050	-5.588906068e-04
1.035050	-1.056166040e-03
1.040051	1.821394306e-03
1.045051	5.391570994e-04
1.050051	-2.940973135e-03
1.055051	-2.254048639e-04
1.060052	7.682472166e-04
1.065052	1.149929092e-03
1.070052	3.746672833e-04
1.075052	-2.826476458e-03
1.080053	-7.808755134e-04
1.085053	2.687739125e-04
1.090053	-7.824744089e-04
1.095053	2.640059571e-03
1.100054	1.748803493e-03
1.105054	-2.657281525e-03
1.110054	-2.273599618e-03
1.115054	2.245881038e-03
1.120055	1.700608181e-03
1.125055	-1.721524662e-03
1.130055	-1.443837538e-03
1.135055	9.257478001e-04
1.140055	2.416375927e-03
1.145056	5.911654312e-04
1.150056	-1.895012884e-03
1.155056	-6.233740550e-04
1.160056	2.693165276e-03
1.165057	1.599892933e-04
1.170057	-1.285239618e-03
1.175057	-1.400533234e-03
1.180057	-1.169843671e-03
1.185058	1.258738948e-03
1.190058	9.704537974e-04
1.195058	-8.467569339e-04
1.200058	-1.009048185e-03
1.205059	1.475963953e-04
1.210059	3.192889231e-04
1.215059	-1.879854919e-04
1.220059	-6.842604261e-04
1.225060	-1.067540843e-03
1.230060	1.303044742e-03
1.235060	1.971713165e-03
1.240060	-2.120386717e-03
1.245061	-1.184731254e-03
1.250061	4.788887995e-04
1.255061	1.473541424e-03
1.260061	9.182694914e-04
1.265062	-3.057835953e-03
1.270062	-4.582613806e-04
1.275062	1.529342990e-03
1.280062	2.083017157e-03
1.285063	8.597778141e-04
1.290063	-1.344726558e-04
1.295063	-1.626698875e-03
1.300063	-3.232919530e-03
1.305064	1.088571365e-03
1.310064	1.470254005e-03
1.315064	-1.685891173e-03
1.320064	-1.742187185e-03
1.325064	-1.513497048e-03
1.330065	3.121153937e-04
1.335065	2.022733449e-03
1.340065	1.907440378e-03
1.345065	-9.687183203e-04
1.350066	-4.150439106e-04
1.355066	3.177482634e-03
1.360066	-3.026466196e-04
1.365066	-2.786824322e-03
1.370067	2.527291859e-04
1.375067	-9.715097944e-04
1.380067	-1.516781798e-03
1.385067	-1.881449755e-04
1.390068	4.705244686e-04
1.395068	1.407180403e-03
1.400068	-9.720022819e-04
1.405068	8.526104775e-04
1.410069	-1.426395183e-04
1.415069	-1.470873291e-03
1.420069	-6.392121550e-04
1.425069	-2.854024585e-05
1.430070	2.408042826e-03
1.435070	5.258360861e-04
1.440070	1.956240693e-05
1.445070	-2.466614903e-03
1.450071	-1.186975454e-03
1.455071	2.732535546e-03
1.460071	-1.033579419e-03
1.465071	-2.509157281e-04
1.470072	1.067721899e-03
1.475072	-7.484878989e-04
1.480072	6.391464098e-04
1.485072	-2.611079239e-04
1.490073	3.495642340e-04
1.495073	-4.716939049e-04
1.500073	-5.289892017e-04
1.505073	-9.030861509e-05
1.510073	-2.022512632e-03
1.515074	1.770823013e-04
1.520074	1.504719687e-03
1.525074	-3.450339362e-05
1.530074	-8.657609069e-04
1.535075	8.448579016e-04
1.540075	-3.693809339e-04
1.545075	-1.411628119e-03
1.550075	2.419935239e-04
1.555076	9.006636057e-04
1.560076	1.560333659e-03
1.565076	-3.688643687e-05
1.570076	-2.522063301e-03
1.575077	1.051567092e-05
1.580077	1.338153301e-03
1.585077	-3.720612139e-04
1.590077	-2.573645156e-04
1.595078	8.512838337e-04
1.600078	3.440108415e-04
1.605078	5.057053155e-04
1.610078	1.948337475e-03
1.615079	-9.758178385e-04
1.620079	-3.079013082e-03
1.625079	-1.321396187e-03
1.630079	-8.147183956e-04
1.635080	-8.060163488e-04
1.640080	4.466251843e-04
1.645080	6.663170065e-04
1.650080	6.840186800e-04
1.655081	1.946659791e-03
1.660081	5.456836597e-06
1.665081	-4.818168505e-04
1.670081	-6.541058441e-04
1.675082	-6.554031370e-04
1.680082	7.312320495e-04
1.685082	-1.811941501e-03
1.690082	-1.592249482e-03
1.695082	1.829286744e-03
1.700083	1.750699999e-04
1.705083	-6.571867220e-04
1.710083	-7.624787987e-04
1.715083	-1.028080792e-04
1.720084	1.215830595e-03
1.725084	-1.202348860e-03
1.730084	-4.286836198e-04
1.735084	2.323885341e-03
1.740085	4.406799207e-04
1.745085	-4.578372873e-03
1.750085	-1.146836885e-03
1.755085	1.997713092e-03
1.760086	2.323400269e-03
1.765086	9.931680539e-04
1.770086	-2.429962289e-03
1.775086	-6.603453097e-04
1.780087	5.532987490e-04
1.785087	-8.809283124e-04
1.790087	-3.752497543e-04
1.795087	1.058383669e-03
1.800088	-1.330796850e-03
1.805088	2.748282510e-04
1.810088	-5.484284250e-04
1.815088	-1.217692571e-03
1.820089	1.324887005e-03
1.825089	-1.371278456e-03
1.830089	-4.916179078e-04
1.835089	8.270213021e-04
1.840090	2.212657276e-03
1.845090	1.935374198e-03
1.850090	-3.207672067e-03
1.855090	-2.329011349e-03
1.860091	8.815359135e-04
1.865091	2.211174734e-03
1.870091	5.479592229e-04
1.875091	-1.489238064e-03
1.880091	-1.211547978e-03
1.885092	-9.448573319e-04
1.890092	-1.108145737e-03
1.895092	1.215444861e-03
1.900092	1.072024915e-04
1.905093	-9.460425297e-04
1.910093	6.595830823e-04
1.915093	-2.766675824e-04
1.920093	1.155966498e-03
1.925094	-1.281211075e-03
1.930094	-1.004520690e-03
1.935094	2.181236850e-04
1.940094	1.212779181e-03
1.945095	8.205021957e-04
1.950095	-1.445683571e-03
1.955095	1.599422684e-04
1.960095	-1.216286757e-03
1.965096	-5.576147827e-04
1.970096	1.592984614e-03
1.975096	-2.232229229e-04
1.980096	-5.105048373e-04
1.985097	-9.497793293e-04
1.990097	-6.160914107e-04
1.995097	-2.344058019e-04
2.000097	4.342658672e-04
2.005098	4.298914405e-05
2.010098	-1.448234025e-03
2.015098	2.039300545e-03
2.020098	4.910802031e-04
2.025099	-1.450120989e-03
2.030099	1.532438235e-03
2.035099	-1.277720616e-03
2.040099	-2.215970536e-03
2.045100	1.368559474e-03
2.050100	8.712881474e-04
2.055100	3.740168482e-04
2.060100	2.107293229e-04
2.065100	-1.175498662e-03
2.070101	-1.403782970e-03
2.075101	-1.060095086e-03
2.080101	-1.176384790e-03
2.085101	-1.119682885e-03
2.090102	4.299463948e-04
2.095102	1.146616237e-03
2.100102	9.823289786e-04
2.105102	8.100421366e-04
2.110103	-1.560137719e-03
2.115103	-1.454438034e-03
2.120103	9.821482484e-04
2.125103	1.640821079e-03
2.130104	-8.533526316e-04
2.135104	2.642979191e-04
2.140104	8.659736073e-04
2.145104	-2.508157197e-03
2.150105	-2.059474008e-03
2.155105	-7.888307898e-04
2.160105	1.199777517e-03
2.165105	1.687458894e-03
2.170106	2.042362108e-04
2.175106	2.039413910e-04
2.180106	-1.182285955e-03
2.185106	-9.045942458e-04
2.190107	-5.799047950e-04
2.195107	-5.711999383e-04
2.200107	9.204327816e-04
2.205107	7.001488393e-04
2.210108	6.418570427e-04
2.215108	-1.184348691e-03
2.220108	-2.063600478e-03
2.225108	1.692922167e-03
2.230109	2.734576959e-03
2.235109	-5.255588773e-04
2.240109	-5.158538083e-04
2.245109	-4.052976107e-03
2.250109	-2.400350930e-03
2.255110	3.125085809e-03
2.260110	1.136888222e-03
2.265110	8.006102748e-04
2.270110	8.003160073e-04
2.275111	3.605894722e-05
2.280111	-2.982190077e-04
2.285111	-4.225071517e-04
2.290111	9.631312548e-04
2.295112	-1.677034396e-03
2.300112	-4.633875599e-04
2.305112	2.233187141e-03
2.310112	-1.571921729e-03
2.315113	-1.849202247e-03
2.320113	-3.675683312e-04
2.325113	7.410837659e-04
2.330113	3.578084967e-04
2.335114	-9.614211945e-04
2.340114	-4.647392250e-04
2.345114	-8.305162872e-05
2.350114	1.015601108e-03
2.355115	9.103124637e-04
2.360115	-2.788801259e-03
2.365115	-3.702126638e-04
2.370115	9.584290038e-04
2.375116	-1.192759955e-03
2.380116	1.683806447e-03
2.385116	2.959336549e-05
2.390116	-9.746513146e-04
2.395117	2.341893769e-03
2.400117	1.971328778e-05
2.405117	-3.403413585e-03
2.410117	-2.017774442e-03
2.415118	5.158088697e-04
2.420118	1.681458782e-03
2.425118	1.183189699e-03
2.430118	4.569317432e-04
2.435118	1.011611483e-03
2.440119	3.523503301e-04
2.445119	-2.018827482e-03
2.450119	-2.192112220e-03
2.455119	7.248443543e-05
2.460120	5.791666709e-04
2.465120	1.182844218e-03
2.470120	-6.443599052e-04
2.475120	-1.477612366e-03
2.480121	-4.297515993e-05
2.485121	7.886914219e-04
2.490121	1.791349715e-03
2.495121	-9.798083097e-04
2.500122	-2.806012287e-03
2.505122	1.179500946e-03
2.510122	2.336151875e-03
2.515122	-1.306963585e-03
2.520123	-1.861229330e-03
2.525123	-1.259551294e-03
2.530123	1.445024439e-03
2.535123	1.837931977e-04
2.540124	-3.144751395e-04
2.545124	-9.477838267e-05
2.550124	-2.139971374e-03
2.555124	1.558556155e-03
2.560125	7.363037178e-04
2.565125	-2.669398786e-04
2.570125	9.457087240e-04
2.575125	-2.595249757e-04
2.580126	-7.557931429e-04
2.585126	-1.043071447e-03
2.590126	2.855716458e-04
2.595126	1.231233410e-03
2.600127	-9.799408723e-05
2.605127	-2.363176003e-03
2.610127	-6.525513632e-04
2.615127	7.810867895e-04
2.620128	-1.207108503e-03
2.625128	1.675325893e-04
2.630128	1.682405770e-04
2.635128	-1.570355372e-04
2.640128	-1.420265972e-03
2.645129	-2.144522601e-03
2.650129	-1.089135027e-04
2.655129	-3.211949777e-04
2.660129	6.149462828e-05
2.665130	-3.787756824e-04
2.670130	1.749056719e-04
2.675130	2.210514944e-03
2.680130	-1.431599447e-03
2.685131	-1.592883195e-03
2.690131	-1.022472967e-04
2.695131	5.654286850e-04
2.700131	3.262005967e-03
2.705132	4.987082699e-05
2.710132	-1.099364667e-03
2.715132	-7.636723886e-04
2.720132	-1.815912532e-03
2.725133	-1.817203784e-03
2.730133	-5.658074178e-05
2.735133	9.370796593e-04
2.740133	1.442763843e-03
2.745134	1.327478282e-03
2.750134	-8.327077308e-04
2.755134	-8.229993034e-04
2.760134	3.896506199e-04
2.765135	-6.615892506e-04
2.770135	-6.048830023e-04
2.775135	1.985699973e-03
2.780135	-1.044443487e-03
2.785136	-1.380718006e-03
2.790136	1.095870625e-03
2.795136	2.156226511e-04
2.800136	-6.636253354e-04
2.805137	3.310355224e-04
2.810137	6.637286308e-04
2.815137	4.470048438e-06
2.820137	-5.017959425e-04
2.825137	-2.271000437e-03
2.830138	1.055547125e-03
2.835138	-5.368941229e-05
2.840138	-9.439365697e-04
2.845138	-6.092433007e-04
2.850139	-1.278501138e-03
2.855139	1.541071280e-03
2.860139	2.218451473e-04
2.865139	-6.194042088e-04
2.870140	-1.393656788e-03
2.875140	-3.819962396e-04
2.880140	1.051643811e-03
2.885140	-3.000449142e-03
2.890141	-1.394817387e-03
2.895141	2.427706524e-03
2.900141	2.542410910e-03
2.905141	2.672316350e-04
2.910142	-1.062993587e-03
2.915142	-3.363188687e-04
2.920142	-2.601498516e-03
2.925142	2.750716554e-04
2.930143	3.640618069e-03
2.935143	-1.149396980e-05
2.940143	-3.214627820e-03
2.945143	-1.885982167e-03
2.950144	4.463422959e-05
2.955144	9.234229494e-05
2.960144	4.260364815e-04
2.965144	3.777492954e-04
2.970145	-2.245108934e-04
2.975145	1.046137813e-03
2.980145	-8.940571891e-04
2.985145	-2.913758993e-04
2.990146	2.043106363e-04
2.995146	-2.892827947e-03
3.000146	5.387157950e-04
3.005146	2.421334954e-03
3.010146	6.531318156e-04
3.015147	-1.498052646e-03
3.020147	-4.573923965e-04
3.025147	-7.470008832e-05
3.030147	-1.727908665e-03
3.035148	-2.852678600e-04
3.040148	-1.834481419e-03
3.045148	-1.808508021e-04
3.050148	4.208310465e-04
3.055149	-9.563907634e-04
3.060149	1.090220848e-03
3.065149	2.581859507e-03
3.070149	-1.998206319e-03
3.075150	-2.668462374e-03
3.080150	1.030069008e-03
3.085150	8.107910873e-04
3.090150	-7.745423872e-05
3.095151	-3.338584050e-03
3.100151	-6.903163143e-05
3.105151	2.024578054e-03
3.110151	2.543758087e-04
3.115152	-4.618776856e-04
3.120152	-6.821552756e-04
3.125152	1.859432771e-03
3.130152	3.112198851e-04
3.135153	-1.838963666e-03
3.140153	1.027608688e-03
3.145153	-2.446175064e-04
3.150153	-2.394800935e-03
3.155154	1.303731055e-03
3.160154	8.950216107e-05
3.165154	-2.061681096e-03
3.170154	-5.800410995e-04
3.175155	6.436114926e-04
3.180155	7.013208656e-04
3.185155	1.073015000e-03
3.190155	-4.092006050e-04
3.195155	-1.451437580e-03
3.200156	-1.461724732e-03
3.205156	-1.193025420e-03
3.210156	1.463557730e-03
3.215156	-5.256329954e-04
3.220157	3.060390457e-04
3.225157	6.407353136e-04
3.230157	-1.242460445e-03
3.235157	1.079139216e-03
3.240158	-2.009460924e-05
3.245158	-1.923735019e-04
3.250158	-4.706471942e-04
3.255158	5.810144354e-04
3.260159	9.637086621e-04
3.265159	-1.349465877e-03
3.270159	4.751582644e-04
3.275159	-1.360039450e-03
3.280160	1.908514509e-03
3.285160	1.410251819e-03
3.290160	-2.909824843e-03
3.295160	-1.017203798e-03
3.300161	-5.205147786e-04
3.305161	1.517238609e-05
3.310161	3.488694234e-04
3.315161	-7.983614283e-04
3.320162	-1.907594086e-03
3.325162	-5.319476253e-04
3.330162	5.777118226e-04
3.335162	1.465382117e-03
3.340163	-1.408261834e-04
3.345163	-8.100800363e-04
3.350163	8.435531129e-04
3.355163	5.752798334e-04
3.360164	-1.852888293e-03
3.365164	-1.192206692e-03
3.370164	-8.025118602e-04
3.375164	8.511215069e-04
3.380164	1.454806013e-03
3.385165	-1.471337662e-03
3.390165	8.972610439e-04
3.395165	2.121915462e-03
3.400165	-5.832388342e-04
3.405166	-4.513333476e-03
3.410166	-2.858699850e-03
3.415166	1.671793869e-03
3.420166	1.126534640e-03
3.425167	-9.766487300e-04
3.430167	1.182960499e-03
3.435167	7.426962935e-04
3.440167	-1.694470690e-03
3.445168	-2.478718067e-03
3.450168	-8.170844258e-04
3.455168	1.841500744e-03
3.460168	1.784218124e-03
3.465169	-1.142924791e-03
3.470169	-1.419196664e-03
3.475169	1.726364987e-03
3.480169	-3.108211030e-04
3.485170	-1.525047196e-03
3.490170	1.359278963e-05
3.495170	1.341243088e-03
3.500170	-7.049423826e-04
3.505171	-2.090159974e-03
3.510171	7.304178090e-04
3.515171	2.670038508e-03
3.520171	-5.430899927e-04
3.525172	-2.140297086e-03
3.530172	9.572674001e-04
3.535172	1.224969644e-03
3.540172	-8.212154622e-04
3.545173	-3.861352153e-03
3.550173	-1.317760526e-03
3.555173	2.170785163e-03
3.560173	1.815974660e-04
3.565173	-2.705546486e-03
3.570174	3.910184157e-04
3.575174	2.120649884e-03
3.580174	-3.165158269e-04
3.585174	-1.638075260e-04
3.590175	-1.370033047e-03
3.595175	-8.713414904e-04
3.600175	8.392911349e-04
3.605175	2.329934512e-03
3.610176	1.163707231e-03
3.615176	-2.431401804e-03
3.620176	-1.427734588e-03
3.625176	-4.820645034e-04
3.630177	-1.160315345e-03
3.635177	1.543269287e-03
3.640177	-2.149289056e-04
3.645177	-2.088121455e-03
3.650178	-2.154962441e-04
3.655178	1.657129014e-03
3.660178	-3.790554620e-04
3.665178	-1.649277165e-03
3.670179	-1.048589868e-03
3.675179	2.230648255e-04
3.680179	2.797786903e-04
3.685179	-9.344455482e-04
3.690180	1.742172196e-04
3.695180	-7.640203542e-04
3.700180	2.216484944e-04
3.705180	1.598298364e-03
3.710181	7.750553377e-04
3.715181	-1.156133723e-03
3.720181	-1.098419525e-03
3.725181	2.440646905e-07
3.730182	3.249453667e-04
3.735182	6.686457924e-04
3.740182	-2.094502542e-03
3.745182	-2.935744355e-03
3.750182	7.727924686e-04
3.755183	2.755340123e-04
3.760183	1.824176042e-03
3.765183	2.492860944e-03
3.770183	-3.372838391e-04
3.775184	-1.608504437e-03
3.780184	-7.768273215e-04
3.785184	-8.251073350e-04
3.790184	-7.203947449e-04
3.795185	4.362667020e-04
3.800185	1.103951994e-03
3.805185	1.097182100e-04
3.810185	-1.715475086e-03
3.815186	8.741168245e-04
3.820186	-1.162066106e-03
3.825186	-2.318291809e-03
3.830186	-5.026620862e-04
3.835187	-3.409518270e-04
3.840187	1.484677508e-03
3.845187	1.322403633e-03
3.850187	-1.325749219e-03
3.855188	-1.393027618e-03
3.860188	-6.437389939e-05
3.865188	1.215282254e-03
3.870188	-3.909211052e-04
3.875189	-2.331108161e-03
3.880189	1.534895044e-04
3.885189	1.979119288e-03
3.890189	-2.290545764e-04
3.895190	1.711569712e-03
3.900190	2.476251276e-03
3.905190	-5.648819025e-04
3.910190	-2.936047634e-03
3.915191	-2.553347330e-03
3.920191	6.492157989e-04
3.925191	-2.438914891e-03
3.930191	-1.445244167e-03
3.935191	-4.515733927e-04
3.940192	1.601160211e-04
3.945192	5.988139043e-04
3.950192	-1.504364463e-03
3.955192	6.472501638e-04
3.960193	6.469695622e-04
3.965193	-1.064227728e-03
3.970193	4.354187798e-04
3.975193	1.037109037e-03
3.980194	-1.229061092e-03
3.985194	-7.883628979e-04
3.990194	-1.782594822e-03
3.995194	2.641909606e-03
4.000195	9.207131615e-04
4.005195	-3.437354910e-03
4.010195	2.365082617e-03
4.015195	-9.060382472e-04
4.020196	-3.611186602e-03
4.025196	4.135570316e-05
4.030196	3.251919569e-03
4.035196	-1.720118537e-05
4.040197	-1.020432155e-03
4.045197	-1.175704338e-03
4.050197	2.109484946e-04
4.055197	2.686548387e-03
4.060198	-1.567524175e-03
4.065198	-6.208497746e-04
4.070198	1.438335346e-04
4.075198	3.725429790e-04
4.080199	8.112422568e-04
4.085199	2.800105187e-05
4.090199	9.371858564e-05
4.095199	-5.085313219e-04
4.100200	-7.377993275e-04
4.105200	1.192827610e-03
4.110200	-7.383574676e-04
4.115200	-2.564547602e-03
4.120200	-1.839424035e-04
4.125201	5.897410475e-04
4.130201	-1.016459633e-03
4.135201	-5.207625483e-04
4.140201	3.393171900e-05
4.145202	-7.403092889e-04
4.150202	-2.127520414e-03
4.155202	-2.011804624e-03
4.160202	2.241709856e-03
4.165203	2.525281862e-04
4.170203	-7.986990753e-04
4.175203	1.188925834e-03
4.180203	4.806819885e-04
4.185204	-1.067520927e-03
4.190204	-3.608335212e-04
4.195204	1.938613352e-04
4.200204	-2.640604167e-05
4.205205	-8.586435835e-04
4.210205	-3.066814113e-03
4.215205	3.067437821e-04
4.220205	1.473409128e-03
4.225206	-2.779564292e-05
4.230206	2.489131201e-04
4.235206	1.138592108e-03
4.240206	-1.022580383e-03
4.245207	-1.969811895e-03
4.250207	-8.718106469e-05
4.255207	-1.406394365e-03
4.260207	-4.117202142e-04
4.265208	-1.081964987e-03
4.270208	5.806767675e-04
4.275208	1.690345487e-03
4.280208	-1.358783355e-03
4.285209	-8.630846479e-04
4.290209	-9.783561533e-04
4.295209	1.077266752e-03
4.300209	-5.199325267e-04
4.305209	1.297589070e-04
4.310210	7.248479990e-05
4.315210	-5.207631692e-04
4.320210	1.238874416e-03
4.325210	-2.528218990e-03
4.330211	-1.966091283e-04
4.335211	7.980658496e-04
4.340211	6.347972334e-04
4.345211	-4.744252930e-04
4.350212	-1.917631511e-03
4.355212	-1.969916384e-04
4.360212	2.987079004e-04
4.365212	1.569369782e-03
4.370213	-1.804742246e-03
4.375213	-9.410166318e-05
4.380213	4.125975644e-04
4.385213	2.413298409e-04
4.390214	1.260594485e-04
4.395214	-9.171657295e-04
4.400214	3.002367640e-03
4.405214	-3.776024719e-05
4.410215	-3.182882969e-03
4.415215	-7.082791132e-04
4.420215	5.153856748e-04
4.425215	-2.008550765e-04
4.430216	-6.511087152e-04
4.435216	-1.473344195e-03
4.440216	7.430505362e-05
4.445216	2.940189820e-04
4.450217	-3.172265947e-04
4.455217	8.394418515e-04
4.460217	-9.777449250e-04
4.465217	-1.460605495e-04
4.470218	9.526108905e-04
4.475218	-7.595808239e-04
4.480218	7.330715579e-04
4.485218	4.558101285e-04
4.490219	-7.034083238e-04
4.495219	-1.916624091e-03
4.500219	-5.399658344e-04
4.505219	8.446920903e-04
4.510219	-1.142485840e-03
4.515220	-1.926722252e-03
4.520220	-1.590827916e-04
4.525220	-7.613279448e-04
4.530220	-4.266186362e-04
4.535221	1.780999587e-03
4.540221	3.457951428e-04
4.545221	3.455209273e-04
4.550221	-1.096683060e-03
4.555222	-2.539886940e-03
4.560222	3.926962939e-04
4.565222	7.274060096e-04
4.570222	1.559091599e-03
4.575223	7.848553972e-04
4.580223	-3.469211403e-03
4.585223	-1.530579507e-03
4.590223	2.290611585e-04
4.595224	-2.201906237e-04
4.600224	1.720441351e-03
4.605224	-5.457218950e-04
4.610224	-2.486900897e-03
4.615225	-1.043244561e-03
4.620225	1.833342102e-03
4.625225	1.278095831e-03
4.630225	-3.138962448e-03
4.635226	-2.144284026e-03
4.640226	1.383271194e-03
4.645226	1.937971146e-03
4.650226	-2.131971642e-04
4.655227	-1.103426778e-03
4.660227	6.224361987e-05
4.665227	3.869550014e-04
4.670227	-2.155194044e-03
4.675228	-1.810483516e-03
4.680228	1.218096463e-03
4.685228	5.008587885e-04
4.690228	1.495537865e-03
4.695228	-1.219602463e-03
4.700229	-4.919694799e-03
4.705229	3.947742383e-04
4.710229	2.765386596e-03
4.715229	1.101195365e-03
4.720230	-2.180125948e-04
4.725230	2.226938610e-04
4.730230	-9.915190875e-04
4.735230	-2.646710516e-03
4.740231	-1.491038672e-03
4.745231	-1.166326330e-03
4.750231	6.033157565e-04
4.755231	2.103970994e-03
4.760232	5.779889470e-05
4.765232	-7.744322189e-04
4.770232	-4.407200113e-04
4.775232	5.529601403e-04
4.780233	-8.322438807e-04
4.785233	-1.386488279e-03
4.790233	4.951488441e-04
4.795233	-1.445027987e-03
4.800234	4.376092098e-04
4.805234	7.713218445e-04
4.810234	-1.216852467e-03
4.815234	5.507905094e-04
4.820235	1.372479581e-03
4.825235	2.162649673e-04
4.830235	-3.100844427e-03
4.835235	-2.326152884e-03
4.840236	1.048412201e-03
4.845236	1.984096033e-03
4.850236	-6.307491526e-05
4.855236	-3.877159816e-03
4.860237	2.723678023e-04
4.865237	1.323046286e-03
4.870237	-1.000110984e-03
4.875237	-6.342682966e-05
4.880237	-1.057648647e-03
4.885238	4.900058996e-04
4.890238	1.148703769e-03
4.895238	-2.844964994e-04
4.900238	-1.832691109e-03
4.905239	-9.440042452e-04
4.910239	7.086455035e-04
4.915239	8.133706432e-04
4.920239	1.540065578e-03
4.925240	-1.777042637e-03
4.930240	-2.494277309e-03
4.935240	1.041281123e-03
4.940240	-9.937171342e-06
4.945241	-1.672125670e-03
4.950241	-5.644488989e-04
4.955241	6.002251614e-04
4.960241	-3.459979902e-04
4.965242	-8.422429765e-04
4.970242	9.823991564e-04
4.975242	1.480105927e-03
4.980242	5.438825412e-04
4.985243	-8.443187858e-04
4.990243	-1.122574064e-03
4.995243	-1.226837746e-03
5.000243	-1.178108810e-03
5.005244	5.415388764e-04
5.010244	9.892485239e-04
5.015244	-4.059520813e-04
5.020244	-2.173134520e-03
5.025245	5.984622282e-04
5.030245	4.242023984e-04
5.035245	-3.006898876e-03
5.040245	-3.492963882e-04
5.045246	1.694336042e-03
5.050246	-5.128246022e-04
5.055246	-2.931032846e-04
5.060246	9.775669537e-04
5.065246	-2.356418679e-04
5.070247	2.610661633e-04
5.075247	6.997770812e-04
5.080247	-1.508383129e-03
5.085247	-2.664594466e-03
5.090248	-9.069475398e-04
5.095248	-1.825826160e-05
5.100248	2.247364074e-03
5.105248	-3.058645058e-03
5.110249	-2.226952812e-03
5.115249	3.297511129e-03
5.120249	-1.959459741e-05
5.125249	-1.918533001e-04
5.130250	-2.123026342e-03
5.135250	-1.128341702e-03
5.140250	-7.765972315e-05
5.145250	3.710516157e-04
5.150251	-3.551798026e-04
5.155251	-4.134436616e-04
5.160251	2.552571677e-04
5.165251	-2.199590359e-05
5.170252	-1.733179128e-03
5.175252	-7.964911440e-04
5.180252	1.574127125e-03
5.185252	1.248876652e-03
5.190253	7.506346630e-04
5.195253	-1.409526384e-03
5.200253	-1.456790188e-03
5.205253	-1.237066919e-03
5.210254	3.005922806e-04
5.215254	1.629261716e-03
5.220254	-2.449129185e-04
5.225254	-5.221651999e-04
5.230255	4.145235094e-04
5.235255	-8.006829947e-04
5.240255	-1.735903058e-03
5.245255	-3.602355121e-04
5.250255	7.944428544e-04
5.255256	1.914122990e-03
5.260256	-1.793961868e-03
5.265256	-1.852224275e-03
5.270256	1.415351536e-03
5.275257	-1.299781444e-03
5.280257	4.698673956e-04
5.285257	5.176000973e-04
5.290257	-6.406084479e-04
5.295258	-2.456784907e-03
5.300258	-1.635089668e-03
5.305258	8.456193879e-05
5.310258	-8.669436747e-05
5.315259	5.730089555e-04
5.320259	-7.822385866e-05
5.325259	-5.854636128e-04
5.330259	1.322370897e-04
5.335260	5.809509496e-04
5.340260	2.947006435e-04
5.345260	-7.575123202e-04
5.350260	-1.408744730e-03
5.355261	-2.239968312e-03
5.360261	-4.243206352e-04
5.365261	1.783308034e-03
5.370261	-5.868404545e-04
5.375262	-1.189074910e-03
5.380262	-1.189338591e-03
5.385262	1.293336104e-04
5.390262	-1.974827551e-03
5.395263	2.281174572e-05
5.400263	1.629470137e-03
5.405263	-1.524639725e-03
5.410263	1.063971017e-03
5.415264	1.789672484e-03
5.420264	-6.374725493e-04
5.425264	-1.535691918e-03
5.430264	-2.650167666e-04
5.435264	-3.702745875e-04
5.440265	-1.307491853e-03
5.445265	-1.747733235e-03
5.450265	-4.190606309e-04
5.455265	6.796232343e-04
5.460266	6.739042862e-05
5.465266	-1.365802357e-03
5.470266	-1.529056874e-03
5.475266	-1.433866986e-04
5.480267	1.013294689e-03
5.485267	7.350459755e-04
5.490267	-1.425111087e-03
5.495267	-4.844019758e-05
5.500268	1.174238255e-03
5.505268	1.068981401e-03
5.510268	1.174714347e-03
5.515268	-1.971394388e-03
5.520269	-8.717096717e-04
5.525269	1.555910491e-03
5.530269	-1.256214288e-03
5.535269	-2.584411212e-03
5.540270	-5.957694777e-04
5.545270	8.948965604e-04
5.550270	-3.673033658e-04
5.555270	1.784087975e-04
5.560271	7.221211281e-04
5.565271	-1.869013916e-03
5.570271	7.315984571e-04
5.575271	1.170316108e-03
5.580272	-9.798401863e-04
5.585272	-9.241037578e-04
5.590272	-3.213938770e-04
5.595272	-2.636574051e-04
5.600273	-9.918826145e-04
5.605273	-1.268129749e-03
5.610273	1.755394897e-04
5.615273	-2.087022477e-04
5.620273	-2.311860265e-03
5.625274	1.737584801e-04
5.630274	1.109452721e-03
5.635274	-4.377321392e-04
5.640274	1.098594225e-05
5.645275	8.416855058e-04
5.650275	-4.865097987e-04
5.655275	-2.312680799e-03
5.660275	-2.867913576e-03
5.665276	1.716787777e-04
5.670276	1.834338210e-03
5.675276	2.494046522e-03
5.680276	-3.830729777e-04
5.685277	-3.481181652e-03
5.690277	-1.215551277e-03
5.695277	6.512710198e-05
5.700277	1.326806477e-03
5.705278	7.235766777e-04
5.710278	-1.427577721e-03
5.715278	-1.712822851e-03
5.720278	-1.379098031e-03
5.725279	9.995273471e-04
5.730279	-3.286668131e-04
5.735279	-1.160885038e-03
5.740279	1.936705569e-03
5.745280	1.439471187e-03
5.750280	-1.209658402e-03
5.755280	-1.763889866e-03
5.760280	2.717527080e-04
5.765281	1.161451121e-03
5.770281	-2.737372546e-04
5.775281	-7.719711541e-04
5.780281	-2.252558326e-04
5.785282	-1.554449149e-03
5.790282	-1.153726578e-03
5.795282	-3.890216466e-04
5.800282	8.246615081e-04
5.805282	-1.035510308e-04
5.810283	-1.432743984e-03
5.815283	-6.606805556e-05
5.820283	1.377604198e-03
5.825283	-6.575541802e-04
5.830284	-4.958193956e-04
5.835284	-5.709801730e-05
5.840284	-9.463119429e-04
5.845284	-1.726067198e-04
5.850285	-2.102769842e-03
5.855285	-1.826040287e-03
5.860285	6.575819441e-04
5.865285	-1.156372594e-04
5.870286	-3.928805258e-04
5.875286	2.758302475e-04
5.880286	-8.813700492e-04
5.885286	9.352850076e-04
5.890287	-9.478798132e-04
5.895287	-1.724098429e-03
5.900287	1.593483808e-03
5.905287	-1.111640791e-03
5.910288	-2.660821569e-03
5.915288	1.650712520e-03
5.920288	1.763451014e-03
5.925288	-2.384603070e-03
5.930289	-9.979264232e-04
5.935289	1.208710396e-03
5.940289	-1.887394658e-03
5.945289	1.002529665e-04
5.950290	1.264940714e-03
5.955290	-1.497180369e-03
5.960290	4.248927913e-05
5.965290	1.600158126e-03
5.970291	-1.172962198e-03
5.975291	-1.947179722e-03
5.980291	1.427400930e-03
5.985291	-3.997652036e-04
5.990291	-2.158934572e-03
5.995292	-3.422778793e-04
6.000292	-1.011500139e-03
6.005292	4.891720807e-04
6.010292	-6.200286174e-04
6.015293	-8.402725007e-04
6.020293	9.273869515e-04
6.025293	-6.787893361e-04
6.030293	-2.446957665e-03
6.035294	-1.003282221e-03
6.040294	2.093312862e-03
6.045294	-8.987956792e-04
6.050294	-6.220632198e-04
6.055295	-5.083227529e-04
6.060295	-4.035817724e-04
6.065295	8.101053178e-04
6.070295	-5.660814821e-04
6.075296	-6.835939840e-05
6.080296	-1.177559039e-03
6.085296	-2.898557819e-04
6.090296	-1.284060867e-03
6.095297	-1.895284514e-03
6.100297	1.143314300e-03
6.105297	1.525042485e-03
6.110297	1.917770210e-03
6.115298	-7.883511849e-04
6.120298	-7.886041828e-04
6.125298	-1.170838515e-03
6.130298	-2.175042504e-03
6.135299	1.141543316e-03
6.140299	3.673282884e-04
6.145299	-9.038624779e-04
6.150299	-2.778023824e-03
6.155300	4.725655140e-04
6.160300	1.035285732e-03
6.165300	-3.508991311e-04
6.170300	-7.421323359e-04
6.175301	-9.543741743e-04
6.180301	1.693244892e-03
6.185301	-1.842835041e-03
6.190301	-3.521595193e-04
6.195301	1.925621136e-04
6.200302	-9.076361276e-04
6.205302	8.700256598e-04
6.210302	8.617744344e-04
6.215302	-2.964207525e-04
6.220303	-9.076424799e-04
6.225303	-1.461866904e-03
6.230303	-9.571427827e-04
6.235303	2.073458496e-03
6.240304	4.202877846e-04
6.245304	-3.002796718e-03
6.250304	-1.962098369e-03
6.255304	2.569430179e-03
6.260305	6.382733069e-04
6.265305	-3.672767673e-03
6.270305	-4.131769926e-04
6.275305	2.555398481e-04
6.280306	3.132864993e-04
6.285306	1.630971915e-03
6.290306	-2.289087701e-03
6.295306	-2.900308261e-03
6.300307	1.296237292e-03
6.305307	-6.919161032e-04
6.310307	-3.101847488e-04
6.315307	1.849460163e-03
6.320308	-1.066647839e-03
6.325308	-1.123894886e-03
6.330308	1.294737659e-03
6.335308	-7.994101075e-04
6.340309	-2.127595070e-03
6.345309	-3.494642528e-05
6.350309	-1.354131668e-03
6.355309	7.954920256e-05
6.360310	-2.466842033e-04
6.365310	-1.297882250e-03
6.370310	-1.747109513e-03
6.375310	1.073504180e-03
6.380310	4.007112453e-03
6.385311	-3.049265913e-04
6.390311	-2.962046092e-03
6.395311	-2.570313882e-03
6.400311	-1.436806205e-04
6.405312	2.398947076e-03
6.410312	-3.051698195e-04
6.415312	-2.189326538e-03
6.420312	-6.406502330e-04
6.425313	-6.408984712e-04
6.430313	-9.761303279e-04
6.435313	-1.415357044e-03
6.440313	9.062819645e-04
6.445314	2.454958668e-03
6.450314	-2.190063136e-03
6.455314	-7.003834015e-04
6.460314	-3.166363522e-05
6.465315	-2.296801015e-03
6.470315	1.019790055e-03
6.475315	-8.940341745e-05
6.480315	-3.096400700e-04
6.485316	4.070777616e-04
6.490316	-1.647069485e-03
6.495316	-2.523844848e-04
6.500316	-6.926101102e-04
6.505317	-2.307778477e-03
6.510317	7.398263259e-04
6.515317	-4.743613935e-04
6.520317	-1.534556526e-03
6.525318	7.400861350e-04
6.530318	-1.491171572e-04
6.535318	5.106042543e-04
6.540318	9.593360144e-04
6.545319	6.241060064e-04
6.550319	-3.130946263e-04
6.555319	-1.976259849e-03
6.560319	-2.359487278e-03
6.565319	4.601295099e-04
6.570320	4.518839950e-04
6.575320	-1.259278567e-03
6.580320	6.793813358e-04
6.585320	-1.251770358e-03
6.590321	2.399114596e-04
6.595321	4.026580306e-04
6.600321	-1.863477117e-03
6.605321	-1.147757293e-03
6.610322	1.337876481e-03
6.615322	1.786609462e-03
6.620322	-1.644468668e-03
6.625322	-1.367727155e-03
6.630323	-4.903626459e-05
6.635323	8.716069916e-06
6.640323	1.214658100e-04
6.645323	-9.297277255e-04
6.650324	-1.635937967e-03
6.655324	-1.091209003e-03
6.660324	1.613414934e-03
6.665324	2.271138565e-03
6.670325	-1.810907066e-03
6.675325	-1.093186191e-03
6.680325	1.277454329e-03
6.685325	-4.817040958e-04
6.690326	-7.679341167e-04
6.695326	8.947411030e-04
6.700326	-9.804114291e-04
6.705326	-4.926788664e-04
6.710327	7.210184506e-04
6.715327	5.107851447e-04
6.720327	-8.173936743e-04
6.725327	-2.978531875e-03
6.730328	3.950606638e-04
6.735328	-2.171527483e-04
6.740328	-2.702274934e-03
6.745328	-7.136147490e-04
6.750328	5.560805068e-04
6.755329	-3.801168063e-04
6.760329	-5.423517003e-04
6.765329	-8.205808663e-04
6.770329	1.617057886e-03
6.775330	-6.490743737e-04
6.780330	-1.270286598e-03
6.785330	1.052358000e-03
6.790330	-1.872741941e-03
6.795331	-2.206967880e-03
6.800331	-3.343011330e-04
6.805331	8.883973282e-04
6.810331	7.831604961e-04
6.815332	-2.428925060e-03
6.820332	-1.215225909e-03
6.825332	1.719389579e-03
6.830332	2.762181918e-04
6.835333	-2.103907515e-03
6.840333	-2.038152164e-03
6.845333	1.602429305e-03
6.850333	5.612386925e-04
6.855334	-3.528803466e-03
6.860334	4.947596186e-04
6.865334	1.000493980e-03
6.870334	-3.483528753e-03
6.875335	2.160503513e-04
6.880335	2.433701657e-03
6.885335	-1.380353425e-03
6.890335	-2.536537766e-03
6.895336	5.020738422e-04
6.900336	2.317745048e-03
6.905336	1.666093807e-04
6.910336	-1.047571798e-03
6.915337	-1.218803647e-03
6.920337	-5.020786215e-04
6.925337	8.826139825e-04
6.930337	-3.315668565e-04
6.935337	-6.657904327e-04
6.940338	-7.240273544e-04
6.945338	-1.498229349e-03
6.950338	1.934364021e-03
6.955338	-9.927330337e-04
6.960339	-3.487851025e-03
6.965339	3.757216281e-04
6.970339	-5.524724457e-04
6.975339	3.922424226e-04
6.980340	9.849745053e-04
6.985340	2.151678742e-03
6.990340	-2.264345257e-03
6.995340	-2.609567272e-03
7.000341	1.376000044e-03
7.005341	7.737907063e-04
7.010341	-1.224350614e-03
7.015341	-8.896053753e-04
7.020342	-1.223827496e-03
7.025342	-1.821164900e-04
7.030342	1.431566768e-03
7.035342	-2.486480691e-03
7.040343	-2.298285501e-04
7.045343	-1.284015204e-03
7.050343	-1.886223766e-03
7.055343	1.383379339e-03
7.060344	2.171983946e-04
7.065344	4.269505781e-04
7.070344	-1.332201337e-03
7.075344	-1.006454625e-03
7.080345	-5.677133255e-04
7.085345	7.699843138e-04
7.090345	1.371717855e-03
7.095345	-2.881312264e-03
7.100346	-1.887597625e-03
7.105346	6.540417733e-04
7.110346	8.737942508e-04
7.115346	3.665821925e-04
7.120346	-1.008587540e-03
7.125347	-2.882732904e-03
7.130347	-8.380688859e-04
7.135347	2.716407182e-04
7.140347	9.293724046e-04
7.145348	2.029082670e-03
7.150348	1.589867913e-03
7.155348	-5.142657346e-04
7.160348	-3.104375645e-03
7.165349	4.923501861e-05
7.170349	-1.229923810e-04
7.175349	-3.105082953e-03
7.180349	-2.111366917e-03
7.185350	2.012850216e-04
7.190350	3.160440069e-04
7.195350	2.198717046e-03
7.200350	9.265437009e-04
7.205351	-8.406054687e-04
7.210351	-1.012832166e-03
7.215351	-5.740885073e-04
7.220351	5.346226359e-04
7.225352	-1.177528858e-03
7.230352	-1.836731504e-03
7.235352	3.719263756e-04
7.240352	8.096705238e-04
7.245353	1.504681423e-04
7.250353	1.512337324e-04
7.255353	2.079966859e-04
7.260353	-1.561151416e-03
7.265354	-2.450342251e-03
7.270354	-5.766674504e-04
7.275354	-2.292832745e-05
7.280354	-1.513089651e-03
7.285355	-2.555272687e-03
7.290355	6.453378949e-04
7.295355	-8.086034001e-05
7.300355	-9.600510407e-04
7.305355	2.308556498e-03
7.310356	-4.065446812e-04
7.315356	3.091872695e-04
7.320356	4.196714396e-05
7.325356	-2.844125447e-03
7.330357	-7.994579004e-04
7.335357	-1.672885325e-05
7.340357	2.908896001e-03
7.345357	1.695722356e-03
7.350358	-1.507354363e-03
7.355358	-3.400494739e-03
7.360358	-1.690810354e-03
7.365358	-5.720971208e-04
7.370359	-2.779221948e-03
7.375359	-6.295587060e-04
7.380359	1.521104578e-03
7.385359	9.658996297e-04
7.390360	-4.672625032e-04
7.395360	-5.724891691e-04
7.400360	-1.901656183e-03
7.405360	-3.392815224e-03
7.410361	6.397570177e-04
7.415361	2.962412561e-03
7.420361	1.423184619e-04
7.425361	-9.658588559e-04
7.430362	-1.348071412e-03
7.435362	4.676091637e-04
7.440362	-3.555817518e-04
7.445362	-9.107856184e-04
7.450363	-1.693978300e-03
7.455363	-9.672443696e-04
7.460363	2.554655146e-04
7.465363	3.692294554e-04
7.470364	8.301295156e-05
7.475364	-8.820905773e-05
7.480364	3.595389021e-04
7.485364	-1.523599617e-03
7.490364	8.000572352e-04
7.495365	4.728431804e-04
7.500365	-1.524289518e-03
7.505365	-1.246532831e-03
7.510365	-5.217978054e-04
7.515366	9.698999880e-04
7.520366	1.849627654e-03
7.525366	-2.853372911e-03
7.530366	-1.965645452e-03
7.535367	2.354915042e-03
7.540367	-1.688117365e-03
7.545367	-1.699345885e-03
7.550367	-6.376265281e-04
7.555368	-4.648638192e-04
7.560368	1.130829736e-03
7.565368	-2.799207713e-03
7.570368	-8.015335371e-04
7.575369	4.141787841e-04
7.580369	-1.510221363e-04
7.585369	5.737142613e-04
7.590369	-2.684355429e-03
7.595370	-8.106747603e-04
7.600370	1.959962351e-03
7.605370	-1.137114898e-03
7.610370	3.535846842e-04
7.615371	4.683513173e-04
7.620371	-7.548168479e-04
7.625371	7.591512778e-05
7.630371	-4.212881815e-04
7.635372	2.063363492e-03
7.640372	1.126181779e-03
7.645372	-3.126838480e-03
7.650372	-2.525094899e-03
7.655373	2.722422692e-03
7.660373	-5.276460969e-04
7.665373	-2.965754306e-03
7.670373	9.058305206e-04
7.675373	7.436117421e-04
7.680374	-1.915485435e-03
7.685374	-1.810717021e-03
7.690374	-9.779839394e-04
7.695374	3.507250987e-04
7.700375	2.925017235e-04
7.705375	-3.073560585e-03
7.710375	-2.030837351e-03
7.715375	1.505764614e-03
7.720376	1.342546720e-03
7.725376	-2.250504170e-03
7.730376	6.261301914e-04
7.735376	1.859260570e-04
7.740377	-3.686110977e-03
7.745377	2.001386876e-03
7.750377	2.776123898e-03
7.755377	-2.529843074e-03
7.760378	6.980532652e-05
7.765378	-6.953824320e-04
7.770378	-9.825933572e-04
7.775378	2.382018098e-03
7.780379	-9.240457294e-04
7.785379	-1.977219098e-03
7.790379	2.404484535e-04
7.795379	-3.707462363e-04
7.800380	-1.155932365e-03
7.805380	-1.522054559e-04
7.810380	-1.994273091e-04
7.815380	-1.423591793e-03
7.820381	-9.278398817e-04
7.825381	-7.640717202e-04
7.830381	-2.683196201e-04
7.835381	7.354078540e-04
7.840382	-3.747597570e-03
7.845382	-2.198896428e-03
7.850382	2.943629918e-03
7.855382	6.195197160e-04
7.860383	-8.816304400e-04
7.865383	6.100738538e-04
7.870383	-5.940905655e-04
7.875383	-6.433110946e-04
7.880383	1.508361366e-03
7.885384	1.661131197e-03
7.890384	-1.598932795e-03
7.895384	-8.151934799e-04
7.900384	1.496471575e-03
7.905385	6.331896241e-05
7.910385	2.061999438e-03
7.915385	3.045729400e-03
7.920385	1.114601307e-03
7.925386	-1.706483382e-03
7.930386	-1.821699655e-03
7.935386	1.769812960e-04
7.940386	8.937247271e-04
7.945387	-8.274131091e-04
7.950387	-2.538551336e-03
7.955387	-1.764810393e-03
7.960387	1.393120447e-02
7.965388	3.019119198e-02
7.970388	1.515370265e-02
7.975388	2.326105869e-03
7.980388	1.111944030e-03
7.985389	-4.372014112e-04
7.990389	1.175508586e-04
7.995389	5.563088691e-04
8.000389	2.983970187e-03
8.005390	3.757712088e-03
8.010390	1.941580118e-03
8.015390	-2.655327283e-04
8.020390	-3.258607231e-03
8.025391	9.369685334e-04
8.030391	8.897508656e-04
8.035391	2.006459787e-02
8.040391	2.890594784e-02
8.045392	6.089838489e-03
8.050392	2.714783152e-03
8.055392	6.006665501e-04
8.060392	8.214364190e-04
8.065392	3.709076603e-03
8.070393	1.834948612e-03
8.075393	-1.828092227e-03
8.080393	-9.383545267e-04
8.085393	1.835148784e-02
8.090394	3.083466155e-02
8.095394	1.171737317e-02
8.100394	3.649547170e-03
8.105394	3.266347300e-03
8.110395	5.428519256e-05
8.115395	-1.053879203e-03
8.120395	6.687525842e-03
8.125395	3.172208943e-02
8.130396	2.337827744e-02
8.135396	3.428030366e-03
8.140396	6.549474786e-04
8.145396	4.927376321e-04
8.150397	5.032299075e-03
8.155397	-1.381606343e-03
8.160397	1.789923792e-02
8.165397	3.492319211e-02
8.170398	8.894241539e-03
8.175398	1.218397922e-03
8.180398	5.805957614e-03
8.185398	1.818934679e-03
8.190399	-3.046045434e-03
8.195399	8.004200050e-03
8.200399	3.321075673e-02
8.205399	2.128112070e-02
8.210400	1.712856505e-03
8.215400	4.742492697e-03
8.220400	1.923413609e-03
8.225400	-3.372544845e-03
8.230401	1.635727894e-02
8.235401	3.746303587e-02
8.240401	1.303900856e-02
8.245401	-5.656994244e-05
8.250401	2.811074819e-03
8.255402	-1.174946792e-03
8.260402	2.160372921e-02
8.265402	3.536784400e-02
8.270402	1.264673441e-02
8.275403	1.654054168e-03
8.280403	-4.500585335e-04
8.285403	-1.942200917e-03
8.290403	2.718416677e-02
8.295404	3.227070444e-02
8.300404	7.339702987e-03
8.305404	4.633620074e-03
8.310404	2.760496724e-03
8.315405	2.518619099e-02
8.320405	3.060671290e-02
8.325405	7.453625419e-03
8.330405	3.972580714e-03
8.335406	-9.493937715e-04
8.340406	-5.676262595e-04
8.345406	2.684782578e-02
8.350406	3.409425943e-02
8.355407	8.063312589e-03
8.360407	1.200433053e-03
8.365407	-7.171845230e-05
8.370407	2.331892995e-02
8.375408	3.232527845e-02
8.380408	7.939252057e-03
8.385408	3.970232191e-03
8.390408	-1.506714194e-03
8.395409	7.775621272e-03
8.400409	3.735996886e-02
8.405409	2.557432978e-02
8.410409	1.036311385e-03
8.415410	9.437690121e-03
8.420410	3.408127854e-02
8.425410	2.197865529e-02
8.430410	2.860373549e-03
8.435410	1.092247576e-03
8.440411	1.883317231e-02
8.445411	3.774104036e-02
8.450411	1.281004189e-02
8.455411	-1.729462177e-03
8.460412	2.038125031e-02
8.465412	3.756820250e-02
8.470412	1.180624487e-02
8.475412	2.247498822e-03
8.480413	3.242481915e-02
8.485413	3.065569423e-02
8.490413	1.247436810e-02
8.495413	3.364812688e-02
8.500414	2.458535720e-02
8.505414	6.613021193e-03
8.510414	2.716581050e-02
8.515414	2.954648423e-02
8.520415	8.889279188e-03
8.525415	1.562774106e-02
8.530415	3.656051227e-02
8.535415	1.644828101e-02
8.540416	5.791589702e-03
8.545416	3.148612949e-02
8.550416	2.805208690e-02
8.555416	5.616969086e-03
8.560417	2.303491195e-02
8.565417	3.458214062e-02
8.570417	1.456490544e-02
8.575417	2.556616087e-02
8.580418	3.132067174e-02
8.585418	9.431527958e-03
8.590418	2.519655424e-03
8.595418	2.313744328e-02
8.600419	3.911045728e-02
8.605419	1.030865031e-02
8.610419	1.048143341e-02
8.615419	3.695993647e-02
8.620419	1.932258649e-02
8.625420	5.720040263e-03
8.630420	3.053462460e-02
8.635420	2.750456408e-02
8.640420	4.400480540e-03
8.645421	6.666162507e-03
8.650421	3.209271747e-02
8.655421	2.771372300e-02
8.660421	4.944623570e-03
8.665422	5.842372514e-03
8.670422	2.551520789e-02
8.675422	3.263765412e-02
8.680422	8.920601226e-03
8.685423	6.887948613e-04
8.690423	1.911528502e-03
8.695423	2.562916755e-02
8.700423	2.982575667e-02
8.705424	9.702529405e-03
8.710424	1.959699758e-03
8.715424	1.169101985e-02
8.720424	3.241480510e-02
8.725425	1.666136559e-02
8.730425	3.564796888e-03
8.735425	4.721534663e-03
8.740425	3.297398138e-03
8.745426	4.175149695e-03
8.750426	2.207007323e-02
8.755426	2.766259555e-02
8.760426	6.106439146e-03
8.765427	9.634841082e-04
8.770427	2.187219344e-03
8.775427	2.740987286e-03
8.780427	2.071814844e-03
8.785428	1.379103964e-02
8.790428	3.185695567e-02
8.795428	1.549154739e-02
8.800428	3.120814881e-04
8.805428	5.798639670e-04
8.810429	6.836545299e-04
8.815429	2.127379989e-03
8.820429	-1.026670701e-03
8.825429	1.687993117e-03
8.830430	3.618695189e-03
8.835430	2.116564420e-03
8.840430	-1.631456950e-03
8.845430	-9.706927668e-04
8.850431	2.920422260e-04
8.855431	-3.111318745e-04
8.860431	1.245589019e-03
8.865431	-1.240493243e-03
8.870432	-1.525682506e-03
8.875432	8.003631524e-05
8.880432	-3.611451486e-04
8.885432	-1.527291229e-03
8.890433	-3.801383287e-03
8.895433	-1.086718015e-03
8.900433	2.735893444e-03
8.905433	1.569747780e-03
8.910434	-8.113386542e-04
8.915434	-2.637451992e-03
8.920434	-7.537457605e-04
8.925434	-3.019837478e-03
8.930435	-4.625961208e-03
8.935435	-1.699556104e-02
8.940435	-3.241501234e-02
8.945435	-1.258817878e-02
8.950436	-4.779695833e-04
8.955436	-9.191494811e-04
8.960436	-1.863304797e-03
8.965436	-3.355433342e-03
8.970437	-5.287540371e-03
8.975437	-2.451980540e-02
8.980437	-3.143166988e-02
8.985437	-1.196981771e-02
8.990437	2.617271785e-03
8.995438	4.001791501e-04
9.000438	-1.750916592e-03
9.005438	-6.431708170e-04
9.010438	-1.312338465e-03
9.015439	-1.034552091e-03
9.020439	6.851642184e-04
9.025439	-1.636922676e-03
9.030439	-4.849966107e-03
9.035440	-8.733593116e-04
9.040440	7.903601443e-04
9.045440	9.031551802e-04
9.050440	1.065947888e-03
9.055441	-1.648119298e-03
9.060441	-3.183831663e-04
9.065441	1.440158638e-05
9.070441	-1.305733117e-03
9.075442	1.514930776e-03
9.080442	8.937622698e-04
9.085442	-2.805256350e-03
9.090442	-1.152535302e-03
9.095443	6.151802563e-04
9.100443	-6.469566345e-04
9.105443	-1.201127872e-03
9.110443	2.906014350e-04
9.115444	8.433765413e-04
9.120444	4.511977391e-04
9.125444	6.474706829e-03
9.130444	1.653901938e-02
9.135445	1.643382693e-02
9.140445	7.755051817e-03
9.145445	1.168175006e-03
9.150445	-1.097911966e-03
9.155446	-2.971017956e-03
9.160446	-2.417241941e-03
9.165446	-1.425186295e-02
9.170446	-2.038876113e-02
9.175446	-8.612530922e-03
9.180447	-2.810009907e-03
9.185447	6.765355066e-05
9.190447	3.444436845e-04
9.195447	-1.319671622e-03
9.200448	-1.977796955e-02
9.205448	-3.718531851e-02
9.210448	-1.529557972e-02
9.215448	2.168374545e-03
9.220449	-1.519097643e-02
9.225449	-3.956598589e-02
9.230449	-1.862220064e-02
9.235449	-8.242621976e-04
9.240450	-2.856410759e-02
9.245450	-3.503598786e-02
9.250450	-1.115834496e-02
9.255450	-3.264649426e-02
9.260451	-3.160473985e-02
9.265451	-1.652166865e-02
9.270451	-4.116466410e-02
9.275451	-2.337472440e-02
9.280452	-3.078355833e-02
9.285452	-3.221768290e-02
9.290452	-3.376680176e-02
9.295452	-3.486694237e-02
9.300453	-2.546959372e-02
9.305453	-4.167199917e-02
9.310453	-4.111821994e-02
9.315453	-3.580367228e-02
9.320454	-3.635883887e-02
9.325454	-4.111880073e-02
9.330454	-3.752416905e-02
9.335454	-4.039222276e-02
9.340455	-4.205633495e-02
9.345455	-4.565135307e-02
9.350455	-4.714247346e-02
9.355455	-4.532575472e-02
9.360455	-4.394001490e-02
9.365456	-4.381621355e-02
9.370456	-4.255446748e-02
9.375456	-4.592949565e-02
9.380456	-4.868255399e-02
9.385457	-4.979069226e-02
9.390457	-4.720101037e-02
9.395457	-5.079502746e-02
9.400457	-5.493401791e-02
9.405458	-4.775555901e-02
9.410458	-5.234452735e-02
9.415458	-5.576755231e-02
9.420458	-5.394083265e-02
9.425459	-5.493597555e-02
9.430459	-5.720205650e-02
9.435459	-5.460137417e-02
9.440459	-5.161971027e-02
9.445460	-5.173389561e-02
9.450460	-5.698183101e-02
9.455460	-5.411516119e-02
9.460460	-4.731768255e-02
9.465461	-4.089418561e-02
9.470461	-3.691856943e-02
9.475461	-3.968062525e-02
9.480461	-3.332512467e-02
9.485462	-4.007398626e-02
9.490462	-1.714129218e-02
9.495462	-2.326918377e-02
9.500462	-3.973957195e-02
9.505463	-1.714286118e-02
9.510463	-3.465419848e-02
9.515463	-2.741774000e-02
9.520463	-4.811029396e-03
9.525464	-1.182787707e-02
9.530464	-3.177809525e-02
9.535464	-2.498161492e-02
9.540464	-2.938876430e-03
9.545464	-3.216051649e-03
9.550465	-6.743068608e-03
9.555465	-5.252329641e-03
9.560465	-6.167436061e-04
9.565465	-3.818776050e-03
9.570466	-9.506687411e-03
9.575466	-2.099235936e-03
9.580466	1.574663054e-04
9.585466	-2.710581951e-03
9.590467	3.280824568e-04
9.595467	-1.780805188e-04
9.600467	2.976578465e-03
9.605467	3.865347827e-03
9.610468	2.593222457e-03
9.615468	4.686933401e-03
9.620468	5.479477656e-04
9.625468	1.972282769e-02
9.630469	3.392694962e-02
9.635469	1.149185468e-02
9.640469	5.956937422e-03
9.645469	3.205348095e-02
9.650470	2.679655038e-02
9.655470	8.661246640e-03
9.660470	3.415481984e-02
9.665470	2.664299934e-02
9.670471	6.845776806e-03
9.675471	3.448024616e-02
9.680471	2.712841820e-02
9.685471	1.861164704e-02
9.690472	3.933545303e-02
9.695472	2.138314127e-02
9.700472	2.901158475e-02
9.705472	3.015834377e-02
9.710473	2.386846480e-02
9.715473	3.735562351e-02
9.720473	2.541701965e-02
9.725473	3.618931070e-02
9.730474	2.689757826e-02
9.735474	3.431603274e-02
9.740474	2.989906329e-02
9.745474	2.380917537e-02
9.750474	3.889325714e-02
9.755475	2.066496015e-02
9.760475	3.503107708e-02
9.765475	2.767025145e-02
9.770475	2.353226910e-02
9.775476	3.851035659e-02
9.780476	1.142949095e-02
9.785476	1.618107633e-02
9.790476	3.751585481e-02
9.795477	1.712566392e-02
9.800477	-4.056659917e-04
9.805477	1.927619326e-02
9.810477	3.463726290e-02
9.815478	1.192518544e-02
9.820478	3.752400557e-03
9.825478	4.344189263e-03
9.830478	3.672004161e-04
9.835479	1.000311463e-04
9.840479	1.810765736e-03
9.845479	3.081521848e-03
9.850479	1.428420360e-03
9.855480	-7.896535215e-04
9.860480	-1.793786366e-03
9.865480	-1.986108873e-02
9.870480	-4.003028870e-02
9.875481	-1.162085260e-02
9.880481	-5.867313848e-03
9.885481	-3.848190783e-02
9.890481	-2.389479874e-02
9.895482	-1.990917362e-02
9.900482	-3.903742357e-02
9.905482	-3.423983774e-02
9.910482	-3.986974435e-02
9.915483	-4.152284437e-02
9.920483	-4.196300331e-02
9.925483	-4.671395236e-02
9.930483	-5.550870450e-02
9.935483	-5.898871517e-02
9.940484	-5.955286762e-02
9.945484	-5.894107719e-02
9.950484	-6.318605029e-02
9.955484	-6.363420805e-02
9.960485	-6.081452473e-02
9.965485	-6.816734625e-02
9.970485	-6.794653622e-02
9.975485	-6.772672604e-02
9.980486	-7.070875992e-02
9.985486	-6.927500858e-02
9.990486	-6.899920078e-02
9.995486	-6.771844177e-02
10.000487	-6.191590270e-02
10.005487	-5.755729324e-02
10.010487	-5.347567019e-02
10.015487	-5.418381394e-02
10.020488	-5.418299207e-02
10.025488	-5.026336080e-02
10.030488	-4.760766791e-02
10.035488	-4.440500151e-02
10.040489	-4.125033267e-02
10.045489	-4.290542966e-02
10.050489	-4.170066570e-02
10.055489	-4.175684026e-02
10.060490	-4.008509880e-02
10.065490	-3.384357961e-02
10.070490	-3.589865656e-02
10.075490	-3.971264780e-02
10.080491	-3.616499717e-02
10.085491	-3.235235933e-02
10.090491	-3.904521012e-02
10.095491	-3.489558845e-02
10.100492	-3.844259211e-02
10.105492	-3.589989201e-02
10.110492	-3.600406298e-02
10.115492	-4.014503739e-02
10.120492	-3.821430717e-02
10.125493	-3.689454709e-02
10.130493	-3.805166637e-02
10.135493	-3.993375025e-02
10.140493	-3.656008978e-02
10.145494	-3.782320356e-02
10.150494	-3.854934335e-02
10.155494	-3.866451276e-02
10.160494	-3.710576351e-02
10.165495	-3.799489503e-02
10.170495	-3.485122268e-02
10.175495	-3.666630891e-02
10.180495	-4.357814699e-02
10.185496	-4.248037474e-02
10.190496	-4.385648198e-02
10.195496	-4.965737378e-02
10.200496	-4.981953987e-02
10.205497	-5.363552803e-02
10.210497	-5.452665842e-02
10.215497	-5.718170285e-02
10.220497	-5.927477451e-02
10.225498	-5.838699112e-02
10.230498	-5.701023141e-02
10.235498	-5.325458735e-02
10.240498	-5.054889208e-02
10.245499	-4.916313246e-02
10.250499	-4.756738294e-02
10.255499	-4.226181385e-02
10.260499	-4.191700322e-02
10.265500	-3.899331798e-02
10.270500	-2.611811691e-02
10.275500	-3.732874361e-02
10.280500	-2.446354182e-02
10.285501	-2.855551471e-02
10.290501	-3.446239916e-02
10.295501	-1.501051755e-02
10.300501	-3.479772630e-02
10.305501	-3.086908904e-02
10.310502	-1.610997872e-02
10.315502	-3.430226473e-02
10.320502	-2.385294445e-02
10.325502	-7.601906389e-03
10.330503	-3.463676174e-02
10.335503	-2.910120198e-02
10.340503	-1.400810722e-02
10.345503	-3.839409113e-02
10.350504	-2.607286124e-02
10.355504	-2.037530891e-02
10.360504	-3.826860843e-02
10.365504	-1.340598851e-02
10.370505	-1.374114225e-02
10.375505	-3.734316361e-02
10.380505	-2.142810792e-02
10.385505	-3.897130751e-03
10.390506	-2.577364559e-03
10.395506	-1.550990468e-02
10.400506	-3.524011387e-02
10.405506	-1.738415205e-02
10.410507	-1.249106368e-03
10.415507	-2.578210689e-03
10.420507	6.344640847e-04
10.425507	-1.698591147e-03
10.430508	-3.468673658e-03
10.435508	-6.479794593e-04
10.440508	1.072768384e-03
10.445508	1.302588900e-03
10.450509	9.361028558e-03
10.455509	2.245622322e-02
10.460509	1.902422229e-02
10.465509	5.047734611e-03
10.470510	4.597901635e-04
10.475510	6.216146893e-04
10.480510	3.499307167e-03
10.485510	2.563185357e-03
10.490510	1.886922459e-02
10.495511	3.119045786e-02
10.500511	8.805380194e-03
10.505511	1.893549657e-03
10.510511	8.200075976e-03
10.515512	2.975686027e-02
10.520512	2.537890678e-02
10.525512	1.949880504e-03
10.530512	1.892688802e-02
10.535513	3.759381342e-02
10.540513	1.675566142e-02
10.545513	3.163156928e-03
10.550513	2.920172394e-02
10.555514	3.080748008e-02
10.560514	3.993619349e-03
10.565514	1.029414725e-02
10.570514	3.611172549e-02
10.575515	2.350217388e-02
10.580515	2.053052547e-03
10.585515	1.676417163e-02
10.590515	3.699002246e-02
10.595516	1.515792012e-02
10.600516	-9.774593297e-04
10.605516	1.537658027e-02
10.610516	3.577642310e-02
10.615517	2.101797700e-02
10.620517	2.223727421e-03
10.625517	2.433248745e-02
10.630517	3.250592574e-02
10.635518	8.197944831e-03
10.640518	2.063417592e-02
10.645518	3.931110342e-02
10.650518	1.200026900e-02
10.655519	2.553644691e-02
10.660519	3.434085521e-02
10.665519	2.007938611e-02
10.670519	3.620443839e-02
10.675519	2.206596354e-02
10.680520	3.046939182e-02
10.685520	3.112819711e-02
10.690520	2.626127142e-02
10.695520	3.682559490e-02
10.700521	2.931179826e-02
10.705521	3.576232217e-02
10.710521	2.719757691e-02
10.715521	3.499903532e-02
10.720522	3.350794606e-02
10.725522	3.571467697e-02
10.730522	3.228268241e-02
10.735522	3.521737813e-02
10.740523	3.869804740e-02
10.745523	3.621200716e-02
10.750523	3.842873817e-02
10.755523	3.681365578e-02
10.760524	2.880188480e-02
10.765524	3.295052216e-02
10.770524	3.394531312e-02
10.775524	3.555107447e-02
10.780525	2.830526668e-02
10.785525	2.498726788e-02
10.790525	3.974638949e-02
10.795525	3.289356294e-02
10.800526	3.532028493e-02
10.805526	2.653555264e-02
10.810526	3.748086032e-02
10.815526	2.919310408e-02
10.820527	3.416370275e-02
10.825527	2.945977234e-02
10.830527	3.311243539e-02
10.835527	2.930646153e-02
10.840528	2.460253148e-02
10.845528	3.857969246e-02
10.850528	2.322728085e-02
10.855528	3.936233705e-02
10.860528	3.443941814e-02
10.865529	3.338731098e-02
10.870529	2.856938720e-02
10.875529	3.438194622e-02
10.880529	2.985100871e-02
10.885530	2.818693181e-02
10.890530	3.776430798e-02
10.895530	2.984953550e-02
10.900530	3.824396948e-02
10.905531	2.720234941e-02
10.910531	3.443784002e-02
10.915531	2.885495454e-02
10.920531	3.709339659e-02
10.925532	2.819567267e-02
10.930532	2.713456751e-02
10.935532	3.426406388e-02
10.940532	1.200099073e-02
10.945533	3.177987177e-02
10.950533	2.846287687e-02
10.955533	1.575733898e-02
10.960533	3.642417717e-02
10.965534	2.344365290e-02
10.970534	7.135290697e-03
10.975534	3.348985246e-02
10.980534	2.598606203e-02
10.985535	4.428955615e-03
10.990535	2.535892386e-03
10.995535	1.834696772e-02
11.000535	3.161516692e-02
11.005536	1.470483486e-02
11.010536	5.470129388e-03
11.015536	1.656160242e-03
11.020536	1.923615010e-02
11.025537	3.405227458e-02
11.030537	1.094724458e-02
11.035537	2.152518299e-03
11.040537	2.214581275e-04
11.045537	-9.916368619e-04
11.050538	2.642287513e-02
11.055538	3.216744180e-02
11.060538	7.180504103e-03
11.065538	5.191447360e-03
11.070539	1.884454874e-03
11.075539	-1.547531408e-03
11.080539	-8.887166437e-04
11.085539	-1.165856211e-03
11.090540	-2.770523966e-04
11.095540	6.027519772e-04
11.100540	2.313516034e-03
11.105540	-7.644867456e-04
11.110541	-1.653595925e-03
11.115541	1.041120614e-03
11.120541	6.589870059e-04
11.125541	-1.329068329e-03
11.130542	-2.782714262e-04
11.135542	-3.423270217e-03
11.140542	-3.040440564e-03
11.145542	-2.189167478e-02
11.150543	-3.786504892e-02
11.155543	-9.904560949e-03
11.160543	5.527789230e-04
11.165543	-2.812208431e-03
11.170544	5.994745556e-04
11.175544	-1.388579562e-03
11.180544	1.601943255e-04
11.185544	-1.942853952e-03
11.190545	-2.104996560e-03
11.195545	7.137158927e-04
11.200545	-3.205243649e-03
11.205545	3.037302430e-03
11.210546	2.763195554e-02
11.215546	2.475394571e-02
11.220546	5.234745829e-03
11.225546	1.382783638e-03
11.230546	-6.642662655e-04
11.235547	2.423434075e-03
11.240547	3.371238674e-03
11.245547	-2.807327601e-04
11.250547	-1.768868456e-04
11.255548	-8.940008574e-04
11.260548	-1.056141754e-03
11.265548	5.265562276e-05
11.270548	-2.050390576e-03
11.275549	-6.263572814e-05
11.280549	-9.517407574e-04
11.285549	4.907825917e-03
11.290549	3.088941349e-02
11.295550	2.613849676e-02
11.300550	5.796338892e-03
11.305550	-1.775180783e-04
11.310550	1.685650541e-02
11.315551	3.746435511e-02
11.320551	1.325138610e-02
11.325551	6.464569185e-03
11.330551	3.541901307e-02
11.335552	2.662429411e-02
11.340552	9.771967395e-03
11.345552	3.453961540e-02
11.350552	2.414797452e-02
11.355553	4.026807248e-03
11.360553	3.414719513e-02
11.365553	3.071521594e-02
11.370553	6.014271906e-03
11.375554	3.160388065e-02
11.380554	3.027479949e-02
11.385554	1.220853295e-02
11.390554	3.784613973e-02
11.395555	1.982587120e-02
11.400555	9.549225963e-03
11.405555	4.099955024e-02
11.410555	1.972144062e-02
11.415556	1.916532271e-02
11.420556	4.000416375e-02
11.425556	1.773310283e-02
11.430556	3.453714047e-02
11.435556	3.105716534e-02
11.440557	2.850514518e-02
11.445557	3.463170280e-02
11.450557	2.972779734e-02
11.455557	3.646732538e-02
11.460558	3.098944809e-02
11.465558	3.486011599e-02
11.470558	2.341852917e-02
11.475558	3.696372652e-02
11.480559	2.978393255e-02
11.485559	3.763240737e-02
11.490559	3.265150664e-02
11.495559	3.065446083e-02
11.500560	3.226023981e-02
11.505560	2.801430369e-02
11.510560	3.525180886e-02
11.515560	2.507116180e-02
11.520561	4.099524449e-02
11.525561	2.398093023e-02
11.530561	3.424828845e-02
11.535561	2.789945541e-02
11.540562	3.387402279e-02
11.545562	3.287092985e-02
11.550562	2.170533158e-02
11.555562	4.016329184e-02
11.560563	2.347296268e-02
11.565563	3.618720269e-02
11.570563	2.396965612e-02
11.575563	1.468696685e-02
11.580564	3.894864529e-02
11.585564	1.882748371e-02
11.590564	1.506952596e-02
11.595564	3.773428249e-02
11.600565	1.556722085e-02
11.605565	2.015485733e-02
11.610565	3.884280777e-02
11.615565	1.645475725e-02
11.620565	3.060292886e-02
11.625566	2.849989144e-02
11.630566	1.987717142e-02
11.635566	3.707419503e-02
11.640566	1.639706188e-02
11.645567	2.540148443e-02
11.650567	3.574484194e-02
11.655567	1.468572776e-02
11.660567	3.391865292e-02
11.665568	2.794380492e-02
11.670568	1.783015845e-02
11.675568	3.739706773e-02
11.680568	2.015276853e-02
11.685569	2.922518877e-02
11.690569	3.364983531e-02
11.695569	5.287077549e-03
11.700569	2.108917067e-02
11.705570	3.795221228e-02
11.710570	1.347026604e-02
11.715570	7.218432774e-03
11.720570	3.209108498e-02
11.725571	2.473930549e-02
11.730571	5.946082917e-03
11.735571	3.854047717e-03
11.740571	-1.566825363e-03
11.745572	1.522822056e-02
11.750572	3.253024194e-02
11.755572	1.279906564e-02
11.760572	2.131448392e-03
11.765573	1.529341439e-03
11.770573	8.132401592e-04
11.775573	9.180990537e-04
11.780573	-5.169669869e-04
11.785574	3.076722378e-03
11.790574	3.793551869e-03
11.795574	8.559681372e-05
11.800574	-2.677404101e-03
11.805574	-8.996258628e-04
11.810575	2.001854938e-04
11.815575	5.820319155e-04
11.820575	1.989156894e-04
11.825575	6.957567670e-04
11.830576	-2.344229913e-03
11.835576	-2.841340213e-03
11.840576	-5.175876627e-04
11.845576	2.562404397e-04
11.850577	-8.538396529e-04
11.855577	-7.959764563e-04
11.860577	-7.481126470e-04
11.865577	-2.067182191e-03
11.870578	5.905548638e-04
11.875578	1.574373504e-03
11.880578	-1.074630940e-03
11.885578	-1.963720903e-03
11.890579	-4.709266526e-04
11.895579	-1.732998212e-03
11.900579	-1.180157966e-03
11.905579	-6.343172537e-04
11.910580	-9.114363658e-04
11.915580	-1.286069329e-04
11.920580	9.142099745e-04
11.925580	-9.698305585e-04
11.930581	-1.964914225e-03
11.935581	2.403741213e-03
11.940581	9.226814490e-04
11.945581	-4.831170256e-03
11.950582	-1.630457601e-03
11.955582	1.581254645e-03
11.960582	4.731772375e-04
11.965582	1.237008862e-03
11.970583	2.999233863e-04
11.975583	-1.076140600e-03
11.980583	-5.167072342e-03
11.985583	-2.844316074e-03
11.990583	-1.488986046e-02
11.995584	-3.677992564e-02
12.000584	-1.445914218e-02
12.005584	3.567850364e-03
12.010584	-3.227948986e-03
12.015585	-2.014725556e-02
12.020585	-3.755553821e-02
12.025585	-1.257688345e-02
12.030585	-9.422166527e-03
12.035586	-3.965782456e-02
12.040586	-2.175382514e-02
12.045586	-1.002652501e-02
12.050586	-3.815828505e-02
12.055587	-2.910485454e-02
12.060587	-3.220283257e-02
12.065587	-3.396187563e-02
12.070587	-2.909624095e-02
12.075588	-3.539606278e-02
12.080588	-3.600816128e-02
12.085588	-4.193400105e-02
12.090588	-3.727935559e-02
12.095589	-4.832994572e-02
12.100589	-4.971600604e-02
12.105589	-5.043409874e-02
12.110589	-4.977325841e-02
12.115590	-4.850144769e-02
12.120590	-5.281336512e-02
12.125590	-5.491738986e-02
12.130590	-5.530049822e-02
12.135591	-5.579660095e-02
12.140591	-5.962054161e-02
12.145591	-5.977266083e-02
12.150591	-5.794687617e-02
12.155592	-5.928693733e-02
12.160592	-5.778613660e-02
12.165592	-5.568236509e-02
12.170592	-6.088223802e-02
12.175592	-5.807250061e-02
12.180593	-5.442180399e-02
12.185593	-5.540688165e-02
12.190593	-5.192617650e-02
12.195593	-5.237527999e-02
12.200594	-5.315036748e-02
12.205594	-4.926968142e-02
12.210594	-4.872483289e-02
12.215594	-5.066486331e-02
12.220595	-4.872508241e-02
12.225595	-4.602033860e-02
12.230595	-4.883032630e-02
12.235595	-4.894544501e-02
12.240596	-4.690866832e-02
12.245596	-4.374494634e-02
12.250596	-4.535199206e-02
12.255596	-4.668005124e-02
12.260597	-3.883255680e-02
12.265597	-4.165154316e-02
12.270597	-3.690089776e-02
12.275597	-3.431214703e-02
12.280598	-3.766610697e-02
12.285598	-2.318393477e-02
12.290598	-4.065920725e-02
12.295598	-1.949535994e-02
12.300599	-5.291173824e-03
12.305599	-4.021059702e-02
12.310599	-2.959923580e-02
12.315599	-5.338538682e-03
12.320600	1.507865896e-05
12.325600	-1.983007759e-02
12.330600	-3.822230442e-02
12.335600	-1.638948864e-02
12.340601	-3.188252685e-03
12.345601	1.782383937e-03
12.350601	5.673217107e-04
12.355601	-7.270418100e-03
12.360601	-3.790708536e-03
12.365602	-1.640934123e-03
12.370602	-3.189979580e-03
12.375602	-7.165906807e-03
12.380602	-4.958134829e-03
12.385603	-1.698413914e-03
12.390603	-7.375257979e-03
12.395603	-2.413356265e-02
12.400603	-1.828396738e-02
12.405604	-2.138873001e-03
12.410604	2.840764861e-03
12.415604	9.017395441e-04
12.420604	-2.253226471e-03
12.425605	-2.244346323e-03
12.430605	-1.144519135e-03
12.435605	-1.855279114e-02
12.440605	-3.794796632e-02
12.445606	-1.496720356e-02
12.450606	1.281886919e-03
12.455606	-1.250108506e-03
12.460606	-2.529105709e-02
12.465607	-3.585566135e-02
12.470607	-9.825046366e-03
12.475607	-3.574468670e-03
12.480607	-1.810487956e-02
12.485608	-3.645710432e-02
12.490608	-2.120996405e-02
12.495608	-2.944168107e-02
12.500608	-3.215766637e-02
12.505609	-9.327894711e-03
12.510609	-1.358280487e-02
12.515609	-3.143105338e-02
12.520609	-2.263659832e-02
12.525610	-5.458551098e-03
12.530610	-1.739708682e-02
12.535610	-2.905963584e-02
12.540610	-2.131712906e-02
12.545610	-6.509965943e-03
12.550611	-2.198732893e-02
12.555611	-3.800866531e-02
12.560611	-1.313399173e-02
12.565611	-1.551499165e-02
12.570612	-4.016890755e-02
12.575612	-2.452078458e-02
12.580612	-3.082859301e-02
12.585612	-3.315159523e-02
12.590613	-3.192976983e-02
12.595613	-3.762660760e-02
12.600613	-3.972862019e-02
12.605613	-4.382053580e-02
12.610614	-4.375465363e-02
12.615614	-5.127740202e-02
12.620614	-4.801667506e-02
12.625614	-4.917473293e-02
12.630615	-5.360063164e-02
12.635615	-5.481368657e-02
12.640615	-5.072399943e-02
12.645615	-5.304700009e-02
12.650616	-5.454704066e-02
12.655616	-5.287323556e-02
12.660616	-5.376330556e-02
12.665616	-5.405140472e-02
12.670617	-5.265558569e-02
12.675617	-4.911787077e-02
12.680617	-5.216683519e-02
12.685617	-5.089600969e-02
12.690618	-4.547638596e-02
12.695618	-4.387057650e-02
12.700618	-4.309672643e-02
12.705618	-3.900603764e-02
12.710619	-4.172001757e-02
12.715619	-3.907325825e-02
12.720619	-3.558353981e-02
12.725619	-3.928147147e-02
12.730619	-3.828963122e-02
12.735620	-3.392095517e-02
12.740620	-3.867083524e-02
12.745620	-3.503012350e-02
12.750620	-3.393028798e-02
12.755621	-3.608129413e-02
12.760621	-2.507994020e-02
12.765621	-3.917836468e-02
12.770621	-2.137934129e-02
12.775622	-3.154995665e-02
12.780622	-3.393095095e-02
12.785622	-1.099017738e-02
12.790622	-3.713301507e-02
12.795623	-2.856854163e-02
12.800623	-6.515724464e-03
12.805623	-3.859963221e-03
12.810623	-1.042675304e-02
12.815624	-3.282277241e-02
12.820624	-2.288136532e-02
12.825624	-1.495805348e-04
12.830624	-5.996674912e-04
12.835625	-3.753622735e-03
12.840625	-4.137712640e-03
12.845625	-1.699939738e-03
12.850625	-2.091029040e-03
12.855626	-2.044139524e-03
12.860626	-1.536272310e-03
12.865626	1.005496058e-03
12.870626	1.110383146e-03
12.875627	-6.566385399e-04
12.880627	-1.479706031e-03
12.885627	-2.150780786e-03
12.890627	-2.378876968e-03
12.895628	1.158944764e-04
12.900628	-4.301859671e-04
12.905628	-1.260252459e-03
12.910628	-1.270358722e-03
12.915628	-9.364815926e-04
12.920629	-1.526262294e-04
12.925629	4.484041772e-03
12.930629	1.549078372e-03
12.935629	2.228196333e-02
12.940630	3.013047542e-02
12.945630	3.814650228e-03
12.950630	1.835640835e-03
12.955630	1.280562280e-03
12.960631	8.402110280e-03
12.965631	3.482371919e-02
12.970631	2.183224624e-02
12.975631	3.709023149e-03
12.980632	2.621082321e-02
12.985632	3.217542817e-02
12.990632	8.067496720e-03
12.995632	2.045478939e-02
13.000633	3.819582166e-02
13.005633	1.459586588e-02
13.010633	2.388730961e-02
13.015633	3.404671123e-02
13.020634	1.050375307e-02
13.025634	2.907774547e-02
13.030634	2.985160422e-02
13.035634	2.299683435e-02
13.040635	3.764201833e-02
13.045635	2.526351753e-02
13.050635	3.802379351e-02
13.055635	2.454534650e-02
13.060636	2.935300975e-02
13.065636	3.409467634e-02
13.070636	1.984326735e-02
13.075636	3.637036067e-02
13.080637	2.830165107e-02
13.085637	3.510621780e-02
13.090637	3.084332326e-02
13.095637	3.205816227e-02
13.100638	4.129161120e-02
13.105638	4.056654489e-02
13.110638	3.658963695e-02
13.115638	4.317421519e-02
13.120638	4.924481857e-02
13.125639	4.366198918e-02
13.130639	4.344289891e-02
13.135639	4.145489485e-02
13.140639	4.609856820e-02
13.145640	4.278262903e-02
13.150640	3.908270868e-02
13.155640	4.924411391e-02
13.160640	5.548670998e-02
13.165641	5.289473611e-02
13.170641	5.106872510e-02
13.175641	5.051565227e-02
13.180641	5.450235866e-02
13.185642	5.190038581e-02
13.190642	4.741750462e-02
13.195642	4.957930021e-02
13.200642	5.201508260e-02
13.205643	5.051405670e-02
13.210643	4.437825649e-02
13.215643	4.057234302e-02
13.220643	4.891783836e-02
13.225644	4.515192321e-02
13.230644	4.145200499e-02
13.235644	4.753061103e-02
13.240644	4.636556972e-02
13.245645	4.079274304e-02
13.250645	4.184259421e-02
13.255645	3.841166356e-02
13.260645	4.133742370e-02
13.265646	4.354421897e-02
13.270646	4.317113991e-02
13.275646	4.261806975e-02
13.280646	3.762721568e-02
13.285647	3.736013187e-02
13.290647	3.846898123e-02
13.295647	4.194671545e-02
13.300647	3.935674508e-02
13.305647	3.703476180e-02
13.310648	3.890757452e-02
13.315648	3.912746781e-02
13.320648	3.819141749e-02
13.325648	3.547645386e-02
13.330649	3.708128016e-02
13.335649	3.868610659e-02
13.340649	3.829503028e-02
13.345649	3.067730578e-02
13.350650	3.415604142e-02
13.355650	3.288400838e-02
13.360650	3.437584097e-02
13.365650	3.801856903e-02
13.370651	3.703352243e-02
13.375651	2.420405236e-02
13.380651	2.442394739e-02
13.385651	4.007309170e-02
13.390652	2.077293692e-02
13.395652	3.691705741e-02
13.400652	2.215868188e-02
13.405652	1.209307811e-02
13.410653	3.846570124e-02
13.415653	2.127944426e-02
13.420653	1.549311210e-03
13.425653	2.387813153e-02
13.430654	3.503349573e-02
13.435654	8.947672379e-03
13.440654	3.259856508e-03
13.445654	1.987825880e-03
13.450655	-2.380053956e-03
13.455655	1.822885087e-02
13.460655	3.596889543e-02
13.465655	1.254094354e-02
13.470656	-2.820400769e-03
13.475656	-1.156241199e-04
13.480656	6.022493545e-04
13.485656	-8.327722680e-04
13.490656	9.920476063e-04
13.495657	1.767918661e-03
13.500657	-2.217978422e-03
13.505657	2.703691149e-03
13.510657	2.540608300e-03
13.515658	-2.335245071e-03
13.520658	-1.449159804e-06
13.525658	7.734227497e-04
13.530658	-2.316185885e-04
13.535659	-6.136901085e-04
13.540659	-2.381694049e-03
13.545659	9.340547488e-04
13.550659	3.799920020e-04
13.555660	-3.261920343e-03
13.560660	-1.446098149e-03
13.565660	-1.397189835e-03
13.570660	-2.793334063e-04
13.575661	1.106510116e-03
13.580661	1.024700741e-04
13.585661	-1.169556792e-03
13.590661	3.792792024e-04
13.595662	1.022041876e-04
13.600662	-2.927736727e-03
13.605662	-3.949482118e-04
13.610662	1.314880486e-03
13.615663	-2.604016763e-03
13.620663	-3.540059036e-03
13.625663	-1.992222051e-03
13.630663	-9.023626431e-04
13.635664	1.038455488e-03
13.640664	-3.320419676e-03
13.645664	-3.272509159e-03
13.650664	-1.771669212e-03
13.655665	-6.183930015e-05
13.660665	1.258009724e-03
13.665665	-3.205859656e-03
13.670665	-6.740693398e-04
13.675665	-1.761799104e-04
13.680666	-2.709142852e-03
13.685666	-5.593335420e-04
13.690666	-1.391378987e-03
13.695666	4.824440235e-04
13.700667	4.337972417e-05
13.705667	-6.166736858e-04
13.710667	-4.788858560e-06
13.715667	8.750830625e-04
13.720668	-2.003861962e-03
13.725668	-1.114990208e-03
13.730668	1.925776960e-03
13.735668	-7.221788994e-04
13.740669	-1.057247178e-03
13.745669	-1.506309775e-03
13.750669	-4.544452772e-04
13.755669	2.714352193e-04
13.760670	-9.425897449e-04
13.765670	3.772621171e-04
13.770670	8.161569855e-04
13.775670	-1.229827086e-03
13.780671	-1.209645505e-04
13.785671	5.959171960e-04
13.790671	1.149807010e-03
13.795671	-2.272109562e-03
13.800672	-5.368041862e-03
13.805672	-6.975046483e-03
13.810672	-2.704015272e-02
13.815672	-2.571129994e-02
13.820673	-2.607506689e-03
13.825673	2.584158380e-03
13.830673	1.485129715e-03
13.835673	-3.209723826e-03
13.840674	-4.270754069e-03
13.845674	-2.836905587e-03
13.850674	5.368486270e-04
13.855674	1.865702490e-03
13.860674	-2.492166772e-03
13.865675	-2.932226556e-03
13.870675	1.206490974e-03
13.875675	5.374426059e-04
13.880675	-3.219455359e-03
13.885676	-1.948597860e-03
13.890676	7.081923298e-04
13.895676	-3.429686688e-03
13.900676	-1.231873891e-03
13.905677	2.132882254e-03
13.910677	-6.200637531e-04
13.915677	-1.165117069e-03
13.920677	-4.376040517e-03
13.925678	-1.289270301e-03
13.930678	-1.250280404e-02
13.935678	-3.549176460e-02
13.940678	-1.863866390e-02
13.945679	2.810213284e-03
13.950679	2.672581451e-04
13.955679	-7.927690229e-04
13.960679	8.710713903e-04
13.965680	-1.500891661e-03
13.970680	-3.335880708e-03
13.975680	-1.290058476e-03
13.980680	-3.441825794e-04
13.985681	7.656854728e-04
13.990681	-2.055255049e-03
13.995681	-2.390316409e-03
14.000681	3.135337161e-03
14.005682	2.246303033e-03
14.010682	-3.221508137e-03
14.015682	-4.043545254e-03
14.020682	-4.980576638e-03
14.025683	-3.881706961e-03
14.030683	-2.223489053e-02
14.035683	-3.373540744e-02
14.040683	-7.533758963e-03
14.045683	2.638669702e-03
14.050684	-1.252719596e-04
14.055684	-1.733456502e-04
14.060684	-4.599206163e-03
14.065684	-3.997311211e-03
14.070685	-6.596260356e-03
14.075685	-2.991220119e-02
14.080685	-2.991227653e-02
14.085685	-4.273599431e-03
14.090686	5.330915800e-04
14.095686	-2.611830314e-03
14.100686	4.289469069e-04
14.105686	1.030842950e-03
14.110687	-3.939989678e-03
14.115687	-3.156102218e-03
14.120687	-6.712973949e-04
14.125687	-1.301177098e-02
14.130688	-3.860159965e-02
14.135688	-2.206447826e-02
14.140688	3.688194795e-03
14.145688	1.469229205e-03
14.150689	-1.398704666e-03
14.155689	1.601461741e-04
14.160689	9.820330143e-04
14.165689	-4.609767892e-03
14.170690	-4.437849148e-03
14.175690	-3.606962336e-03
14.180690	-1.897728697e-02
14.185690	-3.328666309e-02
14.190691	-1.394067689e-02
14.195691	1.975476354e-03
14.200691	-2.115396637e-03
14.205691	-1.236511340e-03
14.210692	3.535497018e-05
14.215692	-6.816817948e-04
14.220692	-3.827600223e-03
14.225692	-4.439641824e-03
14.230692	-1.560416976e-02
14.235693	-3.599324865e-02
14.240693	-1.720023417e-02
14.245693	1.468786475e-03
14.250693	-2.116109769e-03
14.255694	-7.312477260e-04
14.260694	-7.973149376e-04
14.265694	9.157151586e-05
14.270694	-2.949350653e-03
14.275695	-2.671434193e-03
14.280695	-4.161431562e-03
14.285695	-2.941727225e-02
14.290695	-3.334715061e-02
14.295696	-5.156591947e-03
14.300696	1.490805270e-04
14.305696	-2.059881169e-03
14.310696	-2.350390292e-04
14.315697	-1.907026582e-03
14.320697	-2.431763336e-04
14.325697	-9.512105222e-04
14.330697	-7.132184850e-05
14.335698	-2.443817967e-04
14.340698	-2.615334649e-03
14.345698	2.585344169e-03
14.350698	-1.295916696e-04
14.355699	-3.063516714e-03
14.360699	-8.466922773e-04
14.365699	-1.458730039e-03
14.370699	-9.608216788e-04
14.375700	1.570566487e-04
14.380700	4.809737511e-04
14.385700	-2.450579142e-04
14.390700	-1.181079223e-03
14.395701	-2.788067743e-03
14.400701	-1.516196222e-03
14.405701	-2.343250510e-04
14.410701	7.585603210e-04
14.415701	-5.224435126e-04
14.420702	-1.458463997e-03
14.425702	-1.287538213e-03
14.430702	-2.893525819e-03
14.435702	-1.877231172e-04
14.440703	-1.067745777e-03
14.445703	1.255075837e-03
14.450703	3.660538909e-04
14.455703	-1.736908843e-03
14.460704	-1.621979371e-03
14.465704	-4.049926014e-03
14.470704	-3.553014855e-03
14.475704	-6.487936552e-03
14.480705	-1.649651388e-02
14.485705	-1.803550323e-02
14.490705	-6.096148358e-03
14.495705	-6.440195587e-03
14.500706	-7.540205890e-03
14.505706	-2.616509193e-03
14.510706	-1.287637420e-03
14.515706	-3.517463853e-04
14.520707	-2.682548015e-05
14.525707	-2.999743951e-03
14.530707	-2.674822770e-03
14.535707	6.429529036e-04
14.540708	1.856831100e-03
14.545708	5.838304551e-04
14.550708	-1.671122266e-03
14.555708	-1.517192075e-03
14.560709	-1.355262135e-03
14.565709	-7.923515714e-04
14.570709	1.750462780e-03
14.575709	-4.094938743e-04
14.580710	-1.738490829e-03
14.585710	-1.404568570e-03
14.590710	-1.623619263e-03
14.595710	4.792171896e-04
14.600710	1.441724172e-04
14.605711	-2.340767594e-03
14.610711	-2.503820461e-03
14.615711	7.469606798e-04
14.620711	1.682854610e-03
14.625712	-7.930852873e-04
14.630712	-7.351483557e-04
14.635712	-1.519170313e-03
14.640712	-2.455184735e-03
14.645713	2.304523803e-03
14.650713	1.634496712e-03
14.655713	-8.024442546e-04
14.660713	-1.404474378e-03
14.665714	-1.245959442e-04
14.670714	-3.335498832e-03
14.675714	-4.673492726e-03
14.680714	-2.622050303e-02
14.685715	-3.715602959e-02
14.690715	-6.491580439e-03
14.695715	3.622868896e-03
14.700715	-8.499717515e-04
14.705716	-1.080018733e-03
14.710716	-1.960033947e-03
14.715716	-5.764906686e-03
14.720716	-1.666143418e-02
14.725717	-3.744348046e-02
14.730717	-1.881344456e-02
14.735717	3.403416927e-03
14.740717	6.404941741e-04
14.745718	-8.514902901e-04
14.750718	-3.776404884e-03
14.755718	1.993448462e-04
14.760718	-2.970066270e-05
14.765719	-2.954614841e-03
14.770719	-1.730730779e-03
14.775719	-2.196780220e-02
14.780719	-3.766409445e-02
14.785719	-1.096544968e-02
14.790720	1.078908363e-03
14.795720	3.516734042e-03
14.800720	1.998399079e-04
14.805720	-2.295094087e-03
14.810721	-4.618036314e-03
14.815721	-3.615140252e-03
14.820721	-4.944130571e-03
14.825721	-3.257884061e-02
14.830722	-2.926105678e-02
14.835722	-3.117383618e-03
14.840722	-7.955510478e-04
14.845722	-6.326132780e-04
14.850723	-2.296586464e-03
14.855723	-1.357456437e-04
14.860723	4.761706927e-04
14.865723	-1.301796530e-03
14.870724	-1.960818068e-03
14.875724	-4.332756108e-03
14.880724	5.329537754e-04
14.885724	2.846787983e-03
14.890725	-9.110821968e-04
14.895725	-5.761514103e-04
14.900725	-1.362255947e-04
14.905725	-1.847194969e-03
14.910726	4.766394455e-04
14.915726	-1.465318410e-03
14.920726	-4.400227806e-03
14.925726	-4.504274825e-03
14.930727	3.134387821e-04
14.935727	-5.604325039e-03
14.940727	-3.275205558e-02
14.945727	-2.882329830e-02
14.950728	-1.408683797e-03
14.955728	2.349082085e-03
14.960728	1.909052389e-03
14.965728	-1.236845490e-03
14.970729	-3.396791211e-03
14.975729	-2.019908909e-03
14.980729	-1.235997612e-03
14.985729	-3.119956347e-03
14.990729	-3.234001074e-03
14.995730	-6.550889798e-03
15.000730	-3.070776422e-02
15.005730	-2.688300021e-02
15.010730	-3.673179420e-03
15.015731	-2.340661516e-05
15.020731	5.885141631e-04
15.025731	-1.914413338e-03
15.030731	-2.068455007e-03
15.035732	-1.628525442e-03
15.040732	-8.636115531e-04
15.045732	-2.126598839e-03
15.050732	-1.294687932e-03
15.055733	1.411131921e-03
15.060733	-1.905754996e-03
15.065733	-4.669668684e-03
15.070733	-1.800856345e-03
15.075734	6.949742834e-04
15.080734	-6.877704973e-03
15.085734	-2.832870871e-02
15.090734	-2.434195022e-02
15.095735	-4.496963319e-03
15.100735	-1.247168685e-03
15.105735	-1.418207441e-03
15.110735	-2.020225084e-03
15.115736	-5.213448257e-04
15.120736	-2.441566964e-05
15.125736	-2.346223810e-05
15.130736	-2.451390468e-03
15.135737	-1.524481819e-03
15.140737	2.451278600e-03
15.145737	-1.410579431e-03
15.150737	-4.506474598e-03
15.155738	-3.445571912e-03
15.160738	-1.387783822e-04
15.165738	-4.678602863e-03
15.170738	-3.263028789e-02
15.175738	-2.732559116e-02
15.180739	-3.292805690e-03
15.185739	-2.021912388e-03
15.190739	-1.870463919e-04
15.195739	4.158796950e-04
15.200740	-1.917051208e-03
15.205740	-3.122036861e-03
15.210740	-3.886043836e-03
15.215740	-1.965181327e-03
15.220741	-1.688238680e-03
15.225741	-2.865297020e-02
15.230741	-3.430273885e-02
15.235741	-3.791267127e-03
15.240742	9.114607009e-04
15.245742	-2.625410358e-03
15.250742	5.303930284e-04
15.255742	-2.682493518e-03
15.260743	-3.017519974e-03
15.265743	-1.130415933e-02
15.270743	-3.440907743e-02
15.275743	-2.153274639e-02
15.280744	3.216197119e-05
15.285744	-1.516804712e-03
15.290744	-3.178765757e-03
15.295744	-1.903803576e-02
15.300745	-3.844413302e-02
15.305745	-1.638924781e-02
15.310745	2.460793503e-03
15.315745	-2.349013657e-03
15.320746	-4.622944083e-03
15.325746	-9.594743080e-03
15.330746	-2.019526802e-02
15.335746	-2.639800684e-02
15.340747	-1.108579252e-02
15.345747	4.706047106e-04
15.350747	-2.128309063e-03
15.355747	-9.698980751e-03
15.360747	-9.757017895e-03
15.365748	-1.915360045e-02
15.370748	-2.871317493e-02
15.375748	-9.919129073e-03
15.380748	-1.976415712e-04
15.385749	-8.381282591e-03
15.390749	-1.174415807e-02
15.395749	-2.147572348e-02
15.400749	-2.590354686e-02
15.405750	-7.214495055e-03
15.410750	-3.608671527e-04
15.415750	-3.734741398e-03
15.420750	-1.749011030e-02
15.425751	-3.529028222e-02
15.430751	-1.804415950e-02
15.435751	-4.614850897e-03
15.440751	-7.224761621e-03
15.445752	-2.882674797e-02
15.450752	-2.682988260e-02
15.455752	-3.563052175e-03
15.460752	-1.490053762e-02
15.465753	-3.679150935e-02
15.470753	-2.352319193e-02
15.475753	-3.448205619e-03
15.480753	-1.522566909e-02
15.485754	-3.502274216e-02
15.490754	-2.070347533e-02
15.495754	-1.379284782e-02
15.500754	-3.689575959e-02
15.505755	-1.837869663e-02
15.510755	-1.511989099e-02
15.515755	-4.357854171e-02
15.520755	-2.164064479e-02
15.525756	-1.738588720e-02
15.530756	-3.634199993e-02
15.535756	-1.733895978e-02
15.540756	-2.982238722e-02
15.545756	-3.445819641e-02
15.550757	-1.981494367e-02
15.555757	-3.678315244e-02
15.560757	-2.048298005e-02
15.565757	-2.733768071e-02
15.570758	-3.578730361e-02
15.575758	-2.075006934e-02
15.580758	-4.098811829e-02
15.585758	-2.590388603e-02
15.590759	-2.816080973e-02
15.595759	-3.263362546e-02
15.600759	-2.882784392e-02
15.605759	-3.750845460e-02
15.610760	-2.938388295e-02
15.615760	-3.767151248e-02
15.620760	-2.556013456e-02
15.625760	-3.921950240e-02
15.630761	-3.258585763e-02
15.635761	-3.137194898e-02
15.640761	-3.524279274e-02
15.645761	-2.142149734e-02
15.650762	-4.020461513e-02
15.655762	-2.208052884e-02
15.660762	-3.176308922e-02
15.665762	-3.363702946e-02
15.670763	-1.196911521e-02
15.675763	-3.457404631e-02
15.680763	-2.893435177e-02
15.685763	-1.539004177e-02
15.690764	-3.838795333e-02
15.695764	-2.270274723e-02
15.700764	-1.313424333e-02
15.705764	-4.109291306e-02
15.710765	-2.136290337e-02
15.715765	-7.274619000e-03
15.720765	-3.552227424e-02
15.725765	-2.440384507e-02
15.730765	-6.938724603e-03
15.735766	-3.054060551e-02
15.740766	-3.274852739e-02
15.745766	-5.887863737e-03
15.750766	-1.501744850e-02
15.755767	-3.767237493e-02
15.760767	-2.174717869e-02
15.765767	-4.178062306e-03
15.770767	-2.241520330e-02
15.775768	-3.717451340e-02
15.780768	-1.601157149e-02
15.785768	-9.147933570e-03
15.790768	-3.229983483e-02
15.795769	-2.551219293e-02
15.800769	-3.240304426e-03
15.805769	-1.418679923e-02
15.810769	-3.667873205e-02
15.815770	-2.313241850e-02
15.820770	-1.577494536e-03
15.825770	-2.269349389e-02
15.830770	-3.850475125e-02
15.835771	-1.572388653e-02
15.840771	-2.407561086e-03
15.845771	-2.673740348e-02
15.850771	-3.429906174e-02
15.855772	-6.491441083e-03
15.860772	-4.291574102e-03
15.865772	-5.459543087e-03
15.870772	-1.617404736e-02
15.875773	-3.683106764e-02
15.880773	-1.417719548e-02
15.885773	1.820804762e-04
15.890773	-8.049544060e-03
15.895774	-2.456841206e-03
15.900774	-1.423429291e-02
15.905774	-3.474831931e-02
15.910774	-1.567727195e-02
15.915774	-1.969963421e-03
15.920775	-5.171831884e-03
15.925775	-1.521033686e-03
15.930775	-5.343871650e-03
15.935775	-3.159361809e-02
15.940776	-2.865878462e-02
15.945776	-2.743069368e-03
15.950776	-2.076125261e-03
15.955776	-5.334989967e-03
15.960777	-1.137217404e-03
15.965777	7.916657138e-04
15.970777	-4.847082756e-03
15.975777	-8.592923202e-03
15.980778	-2.678606044e-02
15.985778	-2.435920100e-02
15.990778	-4.503189585e-03
15.995778	-1.634351366e-03
16.000779	-2.744319382e-03
16.005779	-4.790241710e-03
16.010779	-4.293287644e-03
16.015779	-6.414869662e-04
16.020780	1.424534145e-04
16.025780	2.743768279e-05
16.030780	-2.142477908e-03
16.035780	-2.524480366e-03
16.040781	-8.375216552e-03
16.045781	-3.082014506e-02
16.050781	-2.324853415e-02
16.055781	-5.266603740e-04
16.060782	-1.357640280e-03
16.065782	-8.606846683e-04
16.070782	1.289190646e-03
16.075782	-1.310702755e-03
16.080783	-3.902596406e-03
16.085783	-6.997719104e-04
16.090783	-1.970729562e-03
16.095783	-2.850706099e-03
16.100783	-1.438570458e-04
16.105784	-1.022833351e-03
16.110784	7.440617260e-04
16.115784	-6.418896261e-04
16.120784	-3.346776653e-03
16.125785	-4.848722079e-03
16.130785	-2.723565101e-02
16.135785	-3.137346789e-02
16.140785	-1.904920044e-03
16.145786	1.899876845e-03
16.150786	-2.628920579e-03
16.155786	-2.791930319e-03
16.160786	-5.784802206e-03
16.165787	-2.745967480e-03
16.170787	-5.899831251e-03
16.175787	-3.164259561e-02
16.180787	-2.605988426e-02
16.185788	-5.841408443e-04
16.190788	-2.850047264e-03
16.195788	-4.132001427e-03
16.200788	-2.420101142e-03
16.205789	-2.130919819e-02
16.210789	-3.446257421e-02
16.215789	-1.103273039e-02
16.220789	-3.568109496e-03
16.225790	-4.905060138e-03
16.230790	-4.312934132e-04
16.235790	-2.490311793e-02
16.240790	-3.285574621e-02
16.245791	-1.031685818e-02
16.250791	-5.728096493e-03
16.255791	3.525927364e-04
16.260791	-1.501967390e-02
16.265792	-3.744459719e-02
16.270792	-1.633863873e-02
16.275792	-4.513228502e-03
16.280792	-3.786278034e-03
16.285792	-2.341333691e-02
16.290793	-3.419582607e-02
16.295793	-1.031600189e-02
16.300793	-4.017322005e-03
16.305793	-3.578356818e-03
16.310794	-2.810517655e-02
16.315794	-3.174701250e-02
16.320794	-8.653149368e-03
16.325794	-4.236377196e-03
16.330795	-3.853408580e-03
16.335795	-2.839322698e-02
16.340795	-3.004715896e-02
16.345795	-6.386322717e-03
16.350796	-1.855555388e-03
16.355796	-2.192551032e-03
16.360796	-3.071520161e-03
16.365796	-2.076580341e-03
16.370797	-1.913599894e-03
16.375797	-2.467584416e-03
16.380797	-1.971619892e-03
16.385797	-3.463558487e-03
16.390798	-1.521664046e-03
16.395798	2.512128735e-03
16.400798	2.502118446e-03
16.405798	3.496059440e-03
16.410799	-1.694698451e-03
16.415799	1.726236867e-02
16.420799	3.732538210e-02
16.425799	8.925754073e-03
16.430800	-2.132717707e-03
16.435800	8.961251057e-04
16.440800	1.787228932e-02
16.445800	3.562341597e-02
16.450801	1.461342904e-02
16.455801	-9.758215533e-04
16.460801	5.551851696e-03
16.465801	3.406545516e-02
16.470801	2.908568869e-02
16.475802	2.930811943e-04
16.480802	9.145641868e-03
16.485802	3.307246911e-02
16.490802	2.278696140e-02
16.495803	2.470501855e-04
16.500803	1.699322729e-02
16.505803	3.726823280e-02
16.510803	1.394436016e-02
16.515804	7.261677829e-03
16.520804	3.954309948e-02
16.525804	2.655272439e-02
16.530804	-2.029806766e-04
16.535805	2.439281542e-02
16.540805	3.876010941e-02
16.545805	8.303584859e-03
16.550805	4.938742055e-03
16.555806	3.108446328e-02
16.560806	2.854058081e-02
16.565806	3.667785096e-03
16.570806	1.819807200e-02
16.575807	3.859707346e-02
16.580807	1.234734517e-02
16.585807	1.323629635e-02
16.590807	3.638916421e-02
16.595808	1.555017303e-02
16.600808	6.822592612e-03
16.605808	3.627415437e-02
16.610808	2.660062027e-02
16.615809	5.550639928e-03
16.620809	3.352027423e-02
16.625809	3.107438882e-02
16.630809	3.277737222e-03
16.635810	2.047389623e-02
16.640810	3.671310195e-02
16.645810	1.151532430e-02
16.650810	8.036489861e-03
16.655811	3.627411211e-02
16.660811	2.251877805e-02
16.665811	2.846732060e-03
16.670811	2.914244923e-02
16.675811	3.389321501e-02
16.680812	8.476449006e-03
16.685812	1.850768692e-03
16.690812	2.599859095e-02
16.695812	3.577811257e-02
16.700813	3.724670103e-03
16.705813	4.548270428e-04
16.710813	2.836709087e-03
16.715813	1.113430339e-02
16.720814	3.694404562e-02
16.725814	2.079882969e-02
16.730814	-1.533085023e-03
16.735814	-1.743076143e-03
16.740815	7.428016862e-04
16.745815	2.948224299e-04
16.750815	-9.201193618e-04
16.755815	-9.791172657e-04
16.760816	1.841744825e-03
16.765816	7.427978115e-04
16.770816	-3.243008575e-03
16.775816	-2.029067862e-03
16.780817	6.857999512e-04
16.785817	-4.221460611e-04
16.790817	-7.491299373e-04
16.795817	-1.361594148e-04
16.800818	-1.082112888e-03
16.805818	1.483436448e-05
16.810818	-9.771165881e-04
16.815818	-7.581263292e-04
16.820819	2.338724022e-03
16.825819	3.506668383e-03
16.830819	2.422966125e-02
16.835819	2.986038872e-02
16.840820	4.107643575e-03
16.845820	9.627983776e-04
16.850820	7.284358865e-05
16.855820	-1.466079478e-03
16.860820	9.068072315e-04
16.865821	8.361446783e-03
16.870821	3.356822258e-02
16.875821	2.455466383e-02
16.880821	-5.281127944e-04
16.885822	7.428282448e-04
16.890822	1.010818233e-03
16.895822	2.168681522e-02
16.900822	3.484117839e-02
16.905823	9.633408555e-03
16.910823	-8.911471367e-05
16.915823	9.145439628e-03
16.920823	3.047040574e-02
16.925824	2.665759530e-02
16.930824	1.402828463e-03
16.935824	1.118235685e-02
16.940824	3.533818576e-02
16.945825	2.124687608e-02
16.950825	6.105617640e-03
16.955825	3.273632654e-02
16.960825	2.980147436e-02
16.965826	2.234821015e-03
16.970826	1.626714343e-02
16.975826	3.671415381e-02
16.980826	1.842804926e-02
16.985827	7.419156455e-04
16.990827	1.489123293e-02
16.995827	3.428729502e-02
17.000827	1.759511346e-02
17.005828	3.610800267e-03
17.010828	4.059784828e-03
17.015828	9.805511769e-03
17.020828	3.311938391e-02
17.025829	1.924906573e-02
17.030829	9.049654061e-04
17.035829	3.504846000e-03
17.040829	-5.839477665e-04
17.045829	-8.629267936e-04
17.050830	1.516964928e-03
17.055830	-4.809301672e-04
17.060830	-2.917803760e-03
17.065830	2.129958555e-03
17.070831	1.403002033e-03
17.075831	-2.803785005e-03
17.080831	-1.469059176e-04
17.085831	5.240699534e-04
17.090832	1.346038617e-03
17.095832	6.190827991e-04
17.100832	-1.187820323e-03
17.105832	-1.408800483e-03
17.110833	-1.417790818e-03
17.115833	4.571273096e-04
17.120833	-8.683670947e-05
17.125833	-1.971735332e-03
17.130834	-1.369754836e-03
17.135834	5.241629298e-04
17.140834	-1.244740915e-03
17.145834	-1.197732989e-03
17.150835	1.011169870e-03
17.155835	8.491882483e-04
17.160835	-5.867312380e-04
17.165835	-2.019650729e-03
17.170836	1.947031440e-02
17.175836	2.942084122e-02
17.180836	8.094890230e-03
17.185836	4.562732970e-04
17.190837	2.452950448e-04
17.195837	1.681236787e-03
17.200837	2.256823210e-02
17.205837	3.395968965e-02
17.210838	1.035985016e-02
17.215838	-2.352519019e-03
17.220838	1.709754679e-02
17.225838	3.483969584e-02
17.230838	1.560764436e-02
17.235839	3.057267865e-03
17.240839	2.632414849e-02
17.245839	3.478274989e-02
17.250839	7.645083691e-03
17.255840	7.379109946e-03
17.260840	3.296687819e-02
17.265840	2.505127699e-02
17.270840	4.768277777e-03
17.275841	5.218269753e-03
17.280841	2.948810270e-02
17.285841	2.997509315e-02
17.290841	5.044320684e-03
17.295842	2.014482566e-03
17.300842	7.589225853e-03
17.305842	2.870421303e-02
17.310842	2.362747494e-02
17.315843	6.546321183e-03
17.320843	3.888465666e-03
17.325843	1.670588878e-03
17.330843	2.674555443e-03
17.335844	-2.019200576e-03
17.340844	-1.442761143e-04
17.345844	-4.792439692e-04
17.350844	1.011699460e-03
17.355845	1.234916386e-02
17.360845	2.190771497e-02
17.365845	1.511006217e-02
17.370845	7.157465728e-03
17.375846	2.560706114e-03
17.380846	-1.253091461e-03
17.385846	-2.031255873e-04
17.390846	2.559757070e-03
17.395847	-1.920917626e-04
17.400847	7.491263562e-05
17.405847	1.322929002e-02
17.410847	3.103644112e-02
17.415847	1.942102419e-02
17.420848	2.119884093e-03
17.425848	-1.137939273e-03
17.430848	2.950092294e-04
17.435848	7.330062910e-04
17.440849	2.397943785e-03
17.445849	2.399962345e-03
17.450849	-1.252841096e-03
17.455849	-1.082830431e-03
17.460850	5.711081610e-04
17.465850	1.347089619e-03
17.470850	1.079122020e-03
17.475850	-1.301742616e-03
17.480851	-4.406571880e-03
17.485851	5.722056144e-04
17.490851	7.442171668e-04
17.495851	-3.901536688e-03
17.500852	-8.046671900e-04
17.505852	3.995119577e-03
17.510852	1.599055631e-02
17.515852	2.246126205e-02
17.520853	1.146081814e-02
17.525853	1.462325619e-03
17.530853	1.901325303e-03
17.535853	2.236330189e-03
17.540854	-9.674925709e-04
17.545854	1.900389335e-03
17.550854	2.954359655e-03
17.555854	-6.984408342e-04
17.560855	-6.414217179e-04
17.565855	2.225460799e-03
17.570855	1.698376477e-02
17.575855	2.490140178e-02
17.580856	1.129908618e-02
17.585856	3.173504195e-03
17.590856	1.451610724e-03
17.595856	1.728620118e-03
17.600856	1.021677536e-03
17.605857	-1.442425703e-04
17.610857	-2.822492010e-05
17.615857	-3.641851343e-04
17.620857	1.881980411e-05
17.625858	1.681762596e-03
17.630858	6.298376449e-04
17.635858	-3.640899880e-04
17.640858	5.728885536e-04
17.645859	-3.060443946e-04
17.650859	-1.300971557e-03
17.655859	8.979459942e-04
17.660859	-1.080933005e-03
17.665860	-3.125808651e-03
17.670860	-1.921842260e-03
17.675860	-1.740825947e-03
17.680860	5.260889976e-04
17.685861	-9.748125595e-04
17.690861	-8.986397139e-03
17.695861	-3.010134391e-02
17.700861	-2.628750369e-02
17.705862	-1.855666679e-03
17.710862	-2.017632692e-03
17.715862	-3.565531120e-03
17.720862	-2.418560551e-03
17.725863	-1.854561472e-03
17.730863	-1.230302634e-02
17.735863	-3.391594776e-02
17.740863	-2.097255069e-02
17.745864	-2.026445601e-03
17.750864	6.894494597e-04
17.755864	1.080457799e-03
17.760864	-3.738280193e-03
17.765865	-2.141330259e-03
17.770865	-3.297246218e-03
17.775865	-6.108081502e-03
17.780865	-5.555080344e-03
17.785865	-1.649951953e-02
17.790866	-2.982384277e-02
17.795866	-1.335261583e-02
17.800866	2.782627588e-03
17.805866	1.290728960e-03
17.810867	-2.017081157e-03
17.815867	2.884833084e-05
17.820867	-2.303009000e-03
17.825867	-5.677815436e-03
17.830868	-3.402896671e-03
17.835868	-4.224827061e-03
17.840868	-1.622121351e-02
17.845868	-3.071247842e-02
17.850869	-1.484422060e-02
17.855869	-5.248872649e-04
17.860869	-2.246773158e-03
17.865869	1.811391433e-04
17.870870	-1.998117246e-04
17.875870	-3.449622842e-03
17.880870	-5.552489634e-03
17.885870	-4.013533512e-03
17.890871	-9.760222700e-03
17.895871	-3.297806153e-02
17.900871	-2.219455486e-02
17.905871	2.400279822e-03
17.910872	2.898287302e-03
17.915872	-2.399423035e-03
17.920872	-7.714132404e-03
17.925872	-2.473355307e-03
17.930873	-1.250382547e-03
17.935873	-1.710157875e-02
17.940873	-3.280678191e-02
17.945873	-1.700451822e-02
17.950874	1.960591695e-03
17.955874	-2.727859203e-05
17.960874	-3.516075697e-03
17.965874	-3.401048039e-03
17.970874	-2.131076446e-03
17.975875	-2.685015953e-03
17.980875	-3.400947438e-03
17.985875	-1.356013137e-03
17.990875	9.669077754e-04
17.995876	-6.969771574e-04
18.000876	-2.186870417e-03
18.005876	-5.809141943e-04
18.010876	-1.078855447e-03
18.015877	-1.861782691e-03
18.020877	-9.483388250e-05
18.025877	-3.182648681e-03
18.030877	-3.563595067e-03
18.035878	-1.407264231e-04
18.040878	-4.787464938e-03
18.045878	-2.398545698e-03
18.050878	-8.486213811e-03
18.055879	-2.772924159e-02
18.060879	-1.738670899e-02
18.065879	-3.035042714e-04
18.070879	6.904835517e-04
18.075880	1.349487816e-03
18.080880	-4.615185443e-03
18.085880	-5.064126982e-03
18.090880	-2.186230278e-03
18.095881	2.191593573e-03
18.100881	-7.052919517e-03
18.105881	-3.850135193e-02
18.110881	-2.622691194e-02
18.115882	-1.355084857e-03
18.120882	-3.228956073e-03
18.125882	-2.661978005e-02
18.130882	-3.380839235e-02
18.135883	-9.538535405e-03
18.140883	-1.908868544e-03
18.145883	-2.517569799e-02
18.150883	-3.656110550e-02
18.155883	-1.257623413e-02
18.160884	-6.377763945e-04
18.165884	-1.881885278e-02
18.170884	-3.766989642e-02
18.175884	-1.450798444e-02
18.180885	-3.285491304e-03
18.185885	-3.123459779e-03
18.190885	-1.507083882e-02
18.195885	-3.357789850e-02
18.200886	-1.964153687e-02
18.205886	-6.335144449e-03
18.210886	-3.571238844e-03
18.215886	1.293564662e-03
18.220887	-8.810903225e-03
18.225887	-3.539356907e-02
18.230887	-1.855034807e-02
18.235887	-2.080108774e-03
18.240888	-6.832836540e-03
18.245888	-2.788992245e-03
18.250888	-1.390799761e-04
18.255888	-6.370143800e-04
18.260889	-4.116803535e-03
18.265889	6.820045789e-04
18.270889	8.550379416e-04
18.275889	-2.786742911e-03
18.280890	-4.068166663e-04
18.285890	8.551641223e-04
18.290890	-1.803664147e-03
18.295890	-2.022611011e-03
18.300891	-4.656441593e-04
18.305891	-2.290512594e-03
18.310891	7.403828094e-04
18.315891	-1.257692608e-02
18.320892	-3.440782052e-02
18.325892	-1.710661915e-02
18.330892	4.715688825e-04
18.335892	8.163145495e-05
18.340893	-1.075268510e-03
18.345893	-4.996033834e-03
18.350893	-3.733051281e-03
18.355893	-1.247128102e-03
18.360893	-2.405027461e-03
18.365894	-2.070999283e-03
18.370894	1.849854484e-03
18.375894	-1.163844441e-02
18.380894	-3.451328637e-02
18.385895	-1.981095686e-02
18.390895	-2.462755965e-03
18.395895	-2.346716343e-03
18.400895	-3.007704989e-04
18.405896	-1.467668165e-03
18.410896	-3.177539269e-03
18.415896	-4.726418069e-03
18.420896	1.571321422e-03
18.425897	-1.246094960e-02
18.430897	-3.622374696e-02
18.435897	-1.567170073e-02
18.440897	4.075633085e-04
18.445898	-6.054075580e-03
18.450898	-2.624195692e-03
18.455898	-2.012178535e-03
18.460898	-1.792142165e-03
18.465899	-1.859091688e-03
18.470899	-9.700875940e-04
18.475899	-5.200619979e-04
18.480899	-3.000250704e-04
18.485900	-1.132936763e-03
18.490900	-1.369373187e-04
18.495900	-1.350830193e-03
18.500900	-2.299735823e-03
18.505901	-1.351733626e-03
18.510901	3.524734754e-05
18.515901	2.429648950e-05
18.520901	-1.304590093e-03
18.525902	-2.622477072e-03
18.530902	-7.385197273e-04
18.535902	3.457325251e-03
18.540902	-1.084404426e-03
18.545902	-3.397242430e-03
18.550903	3.116266629e-04
18.555903	7.406555057e-04
18.560903	-9.672115223e-04
18.565903	-7.381726692e-04
18.570904	9.717942546e-04
18.575904	1.296828714e-03
18.580904	2.786806621e-03
18.585904	2.871259552e-02
18.590905	2.932461643e-02
18.595905	1.250033488e-03
18.600905	5.321193961e-04
18.605905	3.591789223e-04
18.610906	-1.521678298e-03
18.615906	2.244189827e-03
18.620906	8.542934830e-03
18.625906	2.859801053e-02
18.630907	2.700114005e-02
18.635907	2.960361915e-03
18.640907	-1.579365081e-03
18.645907	-3.563723762e-04
18.650908	1.306599056e-03
18.655908	2.569590092e-03
18.660908	2.014669734e-03
18.665908	5.837536473e-03
18.670909	2.855048408e-02
18.675909	2.517770127e-02
18.680909	9.739323156e-04
18.685909	-1.929575682e-04
18.690910	2.708519278e-05
18.695910	1.030089990e-03
18.700910	2.684063247e-03
18.705910	6.162947836e-03
18.710911	2.749896356e-02
18.715911	2.706003908e-02
18.720911	2.742276787e-03
18.725911	2.746334039e-05
18.730911	1.184461614e-03
18.735912	1.021524260e-03
18.740912	2.556838456e-02
18.745912	3.330206320e-02
18.750912	5.667463151e-03
18.755913	6.967603164e-04
18.760913	-2.981358585e-04
18.765913	5.348791513e-04
18.770913	2.302848801e-03
18.775914	1.788314642e-02
18.780914	3.634230409e-02
18.785914	1.323848452e-02
18.790914	-1.625735888e-03
18.795915	4.672186383e-04
18.800915	-1.356955046e-04
18.805915	5.923257222e-04
18.810915	6.313806152e-04
18.815916	1.633388785e-03
18.820916	-2.122371373e-03
18.825916	-2.733284435e-03
18.830916	-1.128305193e-03
18.835917	2.566848929e-04
18.840917	4.625529910e-03
18.845917	1.328063069e-04
18.850917	-2.676999056e-03
18.855918	5.238673773e-03
18.860918	2.959554664e-02
18.865918	2.494983104e-02
18.870918	1.430966898e-04
18.875919	3.816038783e-05
18.880919	1.865130209e-03
18.885919	-1.299656911e-03
18.890919	-1.797573674e-03
18.895920	1.911304980e-03
18.900920	3.288297252e-03
18.905920	1.311452874e-03
18.910920	3.078426445e-03
18.915920	2.887823062e-02
18.920921	2.694838436e-02
18.925921	1.472684091e-03
18.930921	-2.675053952e-03
18.935921	-9.070797398e-04
18.940922	1.529862055e-03
18.945922	2.303884913e-03
18.950922	6.280752046e-03
18.955922	4.690956660e-04
18.960923	1.561041977e-02
18.965923	3.375459787e-02
18.970923	9.378845312e-03
18.975923	-1.126582098e-03
18.980924	5.853960814e-04
18.985924	-1.957418546e-03
18.990924	8.654375320e-05
18.995924	-9.063460240e-04
19.000925	1.531597378e-03
19.005925	9.186893851e-04
19.010925	2.180690289e-03
19.015925	1.081806222e-03
19.020926	5.402658545e-03
19.025926	3.220641689e-02
19.030926	2.324091606e-02
19.035926	-4.178695954e-04
19.040927	9.771256634e-04
19.045927	-8.977198159e-04
19.050927	-2.946857414e-04
19.055927	1.465292169e-03
19.060928	8.100032991e-03
19.065928	3.242691298e-02
19.070928	2.386139378e-02
19.075928	6.435877671e-04
19.080929	7.476469500e-04
19.085929	8.547331769e-03
19.090929	3.419514816e-02
19.095929	2.269777233e-02
19.100929	2.690810751e-03
19.105930	2.467886534e-03
19.110930	2.087005608e-02
19.115930	3.324951885e-02
19.120930	1.064168439e-02
19.125931	1.135971494e-02
19.130931	3.087883068e-02
19.135931	2.396923269e-02
19.140931	3.579290845e-03
19.145932	1.418784062e-02
19.150932	3.523788241e-02
19.155932	1.910273393e-02
19.160932	4.133528839e-03
19.165933	2.827942038e-02
19.170933	2.888145781e-02
19.175933	1.163736384e-02
19.180933	3.281140042e-02
19.185934	2.839468249e-02
19.190934	8.654710389e-03
19.195934	3.298259390e-02
19.200934	2.805990101e-02
19.205935	1.362567112e-02
19.210935	3.839253368e-02
19.215935	2.364431935e-02
19.220935	2.595727489e-02
19.225936	3.390995611e-02
19.230936	2.208659985e-02
19.235936	3.601399060e-02
19.240936	2.386465048e-02
19.245937	3.281228383e-02
19.250937	3.181840112e-02
19.255937	3.292641625e-02
19.260937	3.850821381e-02
19.265938	3.292555482e-02
19.270938	3.921631815e-02
19.275938	3.541257286e-02
19.280938	3.900646771e-02
19.285938	4.231437661e-02
19.290939	3.573676672e-02
19.295939	3.662579361e-02
19.300939	4.226658939e-02
19.305939	4.419756585e-02
19.310940	4.630053408e-02
19.315940	3.734404064e-02
19.320940	4.198888544e-02
19.325940	4.580277081e-02
19.330941	4.193203029e-02
19.335941	4.238207964e-02
19.340941	4.679893608e-02
19.345941	4.330917743e-02
19.350942	4.193231609e-02
19.355942	4.298333674e-02
19.360942	4.530629563e-02
19.365942	5.022112852e-02
19.370943	3.971571196e-02
19.375943	4.110971647e-02
19.380943	4.282170563e-02
19.385943	4.253579217e-02
19.390944	4.994350443e-02
19.395944	4.055703410e-02
19.400944	3.834821462e-02
19.405944	4.458998403e-02
19.410945	4.348211125e-02
19.415945	4.348218468e-02
19.420945	4.352925596e-02
19.425945	4.424629478e-02
19.430946	4.558530346e-02
19.435946	4.365447141e-02
19.440946	4.265059438e-02
19.445946	4.104474678e-02
19.450947	3.867393655e-02
19.455947	4.138887896e-02
19.460947	4.133195640e-02
19.465947	3.933412842e-02
19.470947	3.690632151e-02
19.475948	3.613243424e-02
19.480948	3.618050712e-02
19.485948	3.595959321e-02
19.490948	3.552968962e-02
19.495949	2.359134621e-02
19.500949	3.679177958e-02
19.505949	2.601837975e-02
19.510949	3.033024595e-02
19.515950	3.170725510e-02
19.520950	1.241627019e-02
19.525950	3.618918974e-02
19.530950	2.287391429e-02
19.535951	1.302847012e-02
19.540951	3.518646867e-02
19.545951	2.358211037e-02
19.550951	-6.216346579e-04
19.555952	8.889979724e-03
19.560952	3.608573366e-02
19.565952	2.402139829e-02
19.570952	1.137589573e-03
19.575953	1.214663624e-03
19.580953	-7.841611682e-04
19.585953	1.507514513e-02
19.590953	3.297935204e-02
19.595954	1.712020216e-02
19.600954	3.260979110e-04
19.605954	3.413026306e-03
19.610954	2.419153425e-03
19.615955	-3.526327990e-04
19.620955	-5.735430233e-04
19.625955	-1.002442990e-03
19.630955	2.115772279e-04
19.635956	-1.243269925e-04
19.640956	-1.232474760e-04
19.645956	-1.952722349e-02
19.650956	-3.825423232e-02
19.655956	-1.211042461e-02
19.660957	2.639937691e-03
19.665957	-2.848397292e-04
19.670957	-2.483256475e-02
19.675957	-4.052872039e-02
19.680958	-1.111607108e-02
19.685958	-2.855173454e-04
19.690958	-2.073144143e-02
19.695958	-3.510866072e-02
19.700959	-1.532054249e-02
19.705959	-1.620592880e-05
19.710959	-1.581835546e-02
19.715959	-3.919013649e-02
19.720960	-1.969000370e-02
19.725960	2.467999872e-03
19.730960	-6.650474373e-03
19.735960	-5.034470866e-03
19.740961	-2.399046611e-02
19.745961	-3.538482919e-02
19.750961	-7.587099388e-03
19.755961	-8.953423471e-04
19.760962	-1.555227409e-03
19.765962	-1.441150000e-03
19.770962	-7.748759949e-03
19.775962	-1.283342928e-02
19.780963	-3.245039127e-02
19.785963	-2.030089901e-02
19.790963	-8.457621386e-04
19.795963	-3.045571314e-03
19.800964	-1.440565511e-03
19.805964	1.036397993e-03
19.810964	-2.337353647e-03
19.815964	-2.433264665e-03
19.820965	5.169885564e-05
19.825965	-1.521330331e-05
19.830965	-1.392061580e-03
19.835965	-1.888952544e-03
19.840965	1.696221507e-02
19.845966	2.956168705e-02
19.850966	1.353055246e-02
19.855966	5.358035560e-03
19.860966	3.026234566e-03
19.865967	-1.505459237e-03
19.870967	1.856864967e-02
19.875967	3.353800714e-02
19.880967	1.203913944e-02
19.885968	2.538687973e-03
19.890968	-4.530800941e-04
19.895968	1.585421280e-02
19.900968	3.575633089e-02
19.905969	1.518441875e-02
19.910969	1.650164268e-03
19.915969	2.089331483e-02
19.920969	3.524970334e-02
19.925970	1.131395544e-02
19.930970	4.459127417e-05
19.935970	3.023220977e-02
19.940970	3.520205561e-02
19.945971	4.632631071e-03
19.950971	2.674364302e-02
19.955971	3.486833573e-02
19.960971	1.353246225e-02
19.965972	3.337758487e-02
19.970972	2.779494504e-02
19.975972	3.194283182e-02
19.980972	3.470578613e-02
19.985973	3.243098574e-02
19.990973	3.210709054e-02
19.995973	2.359959372e-02
20.000973	3.779399226e-02
20.005974	2.750858224e-02
20.010974	3.426734290e-02
20.015974	3.520438701e-02
20.020974	3.574845038e-02
20.025974	4.233521982e-02
20.030975	3.779553085e-02
20.035975	3.314884723e-02
20.040975	3.514684038e-02
20.045975	4.084465361e-02
20.050976	3.973579823e-02
20.055976	3.846495086e-02
20.060976	3.912400970e-02
20.065976	4.172397423e-02
20.070977	4.277601422e-02
20.075977	3.934327260e-02
20.080977	3.221271106e-02
20.085977	4.172533972e-02
20.090978	4.255639101e-02
20.095978	4.200150987e-02
20.100978	4.056767164e-02
20.105978	3.879085023e-02
20.110979	4.039686434e-02
20.115979	2.541768569e-02
20.120979	3.165947446e-02
20.125979	4.919071398e-02
20.130980	3.924029101e-02
20.135980	2.923087104e-02
20.140980	3.542566265e-02
20.145980	3.338085535e-02
20.150981	3.630580635e-02
20.155981	2.718634361e-02
20.160981	3.404110363e-02
20.165981	3.288425366e-02
20.170982	3.321833127e-02
20.175982	3.376439870e-02
20.180982	3.188958408e-02
20.185982	3.869534715e-02
20.190983	3.304671644e-02
20.195983	3.464373326e-02
20.200983	3.271292190e-02
20.205983	3.570487110e-02
20.210984	1.508596945e-02
20.215984	3.348716904e-02
20.220984	2.504667500e-02
20.225984	1.978802625e-02
20.230984	3.928917271e-02
20.235985	1.939823630e-02
20.240985	3.294267291e-02
20.245985	2.978792231e-02
20.250985	1.917753466e-02
20.255986	3.962463577e-02
20.260986	1.718082425e-02
20.265986	2.718843365e-02
20.270986	3.388020454e-02
20.275987	1.072842788e-02
20.280987	3.244546785e-02
20.285987	2.780079082e-02
20.290987	1.071871918e-02
20.295988	3.519962505e-02
20.300988	2.641614984e-02
20.305988	9.620064680e-03
20.310988	3.582088725e-02
20.315989	2.359457998e-02
20.320989	4.524605876e-03
20.325989	3.327930456e-02
20.330989	3.294541895e-02
20.335990	3.425953770e-03
20.340990	2.415004366e-02
20.345990	3.586957188e-02
20.350990	7.794036829e-03
20.355991	2.767380256e-03
20.360991	2.609134416e-02
20.365991	3.537299155e-02
20.370991	7.241459754e-03
20.375992	6.074615878e-03
20.380992	3.664422771e-02
20.385992	2.521288361e-02
20.390992	1.102049526e-04
20.395993	2.700178787e-03
20.400993	2.647412185e-02
20.405993	3.332888841e-02
20.410993	5.970320064e-03
20.415993	3.264552143e-03
20.420994	2.979236173e-02
20.425994	3.156037636e-02
20.430994	7.853530834e-03
20.435994	2.873374125e-03
20.440995	2.586335640e-02
20.445995	3.217305055e-02
20.450995	7.739440925e-03
20.455995	3.408024398e-04
20.460996	2.189655505e-02
20.465996	3.448594413e-02
20.470996	1.006283452e-02
20.475996	1.326061685e-03
20.480997	2.459313154e-02
20.485997	3.454384956e-02
20.490997	1.105709492e-02
20.495997	2.052835630e-03
20.500998	3.117962086e-02
20.505998	3.068204786e-02
20.510998	5.302985840e-03
20.515998	-4.418315367e-04
20.520999	1.934600869e-02
20.525999	3.598850212e-02
20.530999	1.294132715e-02
20.535999	-7.759017291e-04
20.541000	2.470846181e-02
20.546000	3.521405442e-02
20.551000	9.185325068e-03
20.556000	2.044376691e-03
20.561001	1.984311478e-02
20.566001	3.427801669e-02
20.571001	1.316194880e-02
20.576001	2.216886078e-03
20.581002	3.210873619e-02
20.586002	3.134377833e-02
20.591002	3.430941721e-03
20.596002	1.310507611e-02
20.601002	3.880993051e-02
20.606003	1.625083376e-02
20.611003	2.102927828e-03
20.616003	3.045485381e-02
20.621003	3.217597588e-02
20.626004	4.435931790e-03
20.631004	9.406795983e-03
20.636004	3.405000297e-02
20.641004	2.713854567e-02
20.646005	3.269613721e-03
20.651005	1.233217932e-02
20.656005	3.299918033e-02
20.661005	2.139405197e-02
20.666006	7.272647246e-04
20.671006	1.078378248e-02
20.676006	3.250273283e-02
20.681006	2.344028126e-02
20.686007	3.375565236e-03
20.691007	3.051588679e-03
20.696007	4.934304866e-03
20.701007	2.542851547e-02
20.706008	2.769501325e-02
20.711008	5.814586240e-03
20.716008	4.988532598e-04
20.721008	3.653408211e-03
20.726009	2.775159547e-03
20.731009	6.923566397e-03
20.736009	2.615643930e-02
20.741009	2.249542646e-02
20.746010	4.045933407e-03
20.751010	2.994793814e-03
20.756010	4.431273731e-04
20.761010	1.169701531e-03
20.766011	5.260712093e-03
20.771011	2.034518780e-02
20.776011	3.079348925e-02
20.781011	1.178972409e-02
20.786011	6.725752719e-04
20.791012	-2.735683817e-04
20.796012	-1.869280293e-03
20.801012	3.965200086e-04
20.806012	-7.038157481e-04
20.811013	1.064909006e-03
20.816013	3.044623623e-03
20.821013	1.066030999e-03
20.826013	7.149061760e-05
20.831014	4.038808903e-03
20.836014	1.122767054e-02
20.841014	1.255531755e-02
20.846014	7.585371151e-03
20.851015	1.668570962e-03
20.856015	2.108261570e-03
20.861015	7.323406643e-04
20.866015	-2.967267030e-03
20.871016	-4.229697393e-05
20.876016	-1.428716977e-03
20.881016	-1.868082936e-03
20.886016	-8.559044536e-03
20.891017	-2.254365107e-02
20.896017	-1.070891394e-02
20.901017	5.133531158e-04
20.906017	-4.140657515e-05
20.911018	-5.382689531e-04
20.916018	-2.584055824e-03
20.921018	-4.026971902e-03
20.926018	-3.969560861e-03
20.931019	-2.306527827e-03
20.936019	-2.828754939e-02
20.941019	-3.027593840e-02
20.946019	-5.737718175e-03
20.951020	-1.254821846e-03
20.956020	-3.576994223e-03
20.961020	-2.717763097e-02
20.966020	-3.231146626e-02
20.971020	-8.165226310e-03
20.976021	-3.031860984e-03
20.981021	-3.136840608e-03
20.986021	-7.113631683e-03
20.991021	-3.199570529e-02
20.996022	-2.707182925e-02
21.001022	-9.672618169e-05
21.006022	-2.467194907e-03
21.011022	-3.843111901e-03
21.016023	-1.310718960e-03
21.021023	-1.347911049e-02
21.026023	-3.442227487e-02
21.031023	-2.192876629e-02
21.036024	-5.353906796e-04
21.041024	-1.643919906e-03
21.046024	-2.753148969e-03
21.051024	-3.459997484e-03
21.056025	-1.920655178e-03
21.061025	-1.863940591e-03
21.066025	-4.396899850e-03
21.071025	-1.435699754e-02
21.076026	-3.271048665e-02
21.081026	-1.688983868e-02
21.086026	1.234397310e-03
21.091026	-4.625099417e-03
21.096027	-1.422836998e-03
21.101027	2.878981342e-04
21.106027	-3.139540636e-04
21.111027	-7.057163558e-04
21.116028	1.831591603e-04
21.121028	-2.024214518e-03
21.126028	-4.232288032e-03
21.131028	-1.412688736e-02
21.136029	-3.138072842e-02
21.141029	-1.878072217e-02
21.146029	-9.149720472e-04
21.151029	-1.861806292e-03
21.156029	-2.473356724e-03
21.161030	-1.086804263e-03
21.166030	-2.552246649e-04
21.171030	-2.960272831e-03
21.176030	-2.529473471e-03
21.181031	7.874855653e-04
21.186031	-2.023457060e-03
21.191031	-2.634906593e-03
21.196031	-1.296748293e-02
21.201032	-3.280289668e-02
21.206032	-1.606509011e-02
21.211032	3.478323920e-04
21.216032	-2.634301128e-03
21.221033	-1.639528052e-03
21.226033	-8.654441080e-04
21.231033	-3.130912117e-03
21.236033	-2.414025132e-03
21.241034	-1.361954329e-03
21.246034	-3.465029855e-03
21.251034	-2.021877826e-03
21.256034	-4.840918252e-03
21.261035	-2.551728954e-02
21.266035	-2.882510592e-02
21.271035	-6.054891240e-03
21.276035	2.928227555e-04
21.281036	-1.591162531e-03
21.286036	-2.183310555e-03
21.291036	-8.898918588e-05
21.296036	-3.071920608e-03
21.301037	-4.668419370e-03
21.306037	-1.197964584e-03
21.311037	1.580015132e-05
21.316037	1.067172917e-03
21.321038	-1.456440032e-04
21.326038	-1.627347710e-03
21.331038	-6.914689386e-04
21.336038	3.509047789e-04
21.341038	-3.656357793e-04
21.346039	-7.573920145e-04
21.351039	-1.447969974e-04
21.356039	-5.850506162e-04
21.361039	1.192687957e-03
21.366040	2.130067553e-03
21.371040	-2.085201974e-03
21.376040	-2.075376982e-03
21.381040	-1.081299761e-03
21.386041	-1.033476363e-03
21.391041	-6.899672262e-04
21.396041	-1.626395674e-03
21.401041	-1.080896111e-03
21.406042	6.783445139e-04
21.411042	-8.669189110e-05
21.416042	-3.541523824e-04
21.421042	6.309263005e-04
21.426043	-1.367049721e-03
21.431043	1.462639451e-03
21.436043	4.205171692e-04
21.441043	4.665037745e-03
21.446044	2.959505181e-02
21.451044	2.212934251e-02
21.456044	1.291284088e-03
21.461044	2.686743822e-03
21.466045	3.451234389e-03
21.471045	-1.308506085e-03
21.476045	-2.847603161e-03
21.481045	-2.761224019e-05
21.486046	-4.670625744e-04
21.491046	-5.242313845e-04
21.496046	1.626792473e-03
21.501046	7.104254579e-03
21.506047	2.467422834e-02
21.511047	2.367980565e-02
21.516047	5.441022271e-03
21.521047	1.130461213e-03
21.526047	-1.888452850e-04
21.531048	1.130719926e-03
21.536048	1.742519707e-03
21.541048	-7.435296310e-04
21.546048	-8.323195587e-05
21.551049	1.800306318e-03
21.556049	-7.997370906e-04
21.561049	2.285306795e-05
21.566049	4.141643413e-04
21.571050	-1.019835431e-03
21.576050	8.070062374e-04
21.581050	1.246715536e-03
21.586050	3.573896388e-04
21.591051	2.524256977e-04
21.596051	-9.707836980e-04
21.601051	-1.027949711e-03
21.606051	-2.126864902e-03
21.611052	1.524688856e-03
21.616052	-4.635828013e-04
21.621052	-4.555251972e-03
21.626052	-1.907248996e-03
21.631053	-2.183503588e-03
21.636053	9.111781133e-05
21.641053	-8.074160704e-05
21.646053	-2.527008940e-04
21.651054	-6.348498257e-04
21.656054	-6.824149131e-04
21.661054	4.174642865e-04
21.666054	-3.013935876e-03
21.671055	-2.785214030e-03
21.676055	-5.767883973e-04
21.681055	3.122015707e-04
21.686055	9.142056310e-04
21.691056	-1.905523667e-03
21.696056	-4.614603318e-04
21.701056	6.382198883e-04
21.706056	-1.512541585e-03
21.711056	1.355252843e-03
21.716057	8.577111696e-04
21.721057	1.789201645e-02
21.726057	3.131369766e-02
21.731057	1.202377088e-02
21.736058	-5.751813839e-04
21.741058	-2.077361956e-05
21.746058	1.470988655e-03
21.751058	1.298932024e-03
21.756059	1.434733216e-02
21.761059	3.131474170e-02
21.766059	1.855329810e-02
21.771059	3.411570458e-03
21.776060	8.526795468e-05
21.781060	-1.185634447e-03
21.786060	2.465923730e-03
21.791060	2.209140468e-02
21.796061	3.236684076e-02
21.801061	1.047674228e-02
21.806061	2.189181962e-03
21.811061	7.551882513e-04
21.816062	1.530187167e-03
21.821062	1.445913526e-04
21.826062	1.374656631e-02
21.831062	3.502526780e-02
21.836063	1.600353061e-02
21.841063	-6.870198977e-04
21.846063	-2.503194132e-03
21.851063	3.961963347e-05
21.856064	1.970763290e-03
21.861064	3.233039622e-03
21.866064	2.076233802e-03
21.871064	1.999929960e-02
21.876065	3.352597947e-02
21.881065	8.653628124e-03
21.886065	-2.282401297e-03
21.891065	1.139670681e-03
21.896066	2.468944629e-03
21.901066	2.219942322e-02
21.906066	3.679605178e-02
21.911066	1.126353331e-02
21.916066	-2.558754909e-03
21.921067	1.246845307e-02
21.926067	3.286809972e-02
21.931067	2.132040119e-02
21.936067	1.083525635e-03
21.941068	6.561798799e-03
21.946068	3.259147197e-02
21.951068	3.026792506e-02
21.956068	1.753852803e-03
21.961069	1.087304928e-02
21.966069	3.286851928e-02
21.971069	2.186689517e-02
21.976069	2.365984799e-03
21.981070	3.856953000e-03
21.986070	2.176152257e-02
21.991070	3.005006022e-02
21.996070	1.169659451e-02
22.001071	2.529181890e-03
22.006071	-7.875153257e-04
22.011071	2.749254065e-03
22.016071	2.065372439e-02
22.021072	2.966792747e-02
22.026072	1.170634343e-02
22.031072	1.504477940e-04
22.036072	3.132944779e-03
22.041073	2.081038219e-03
22.046073	-3.109366820e-03
22.051073	-8.435345865e-04
22.056073	-6.714003408e-04
22.061074	6.474782235e-04
22.066074	4.021856883e-03
22.071074	-1.739959352e-04
22.076074	-3.605385831e-03
22.081075	-3.328156080e-03
22.086075	-1.466506101e-02
22.091075	-3.284633275e-02
22.096075	-1.642368833e-02
22.101075	1.480784106e-03
22.106076	-1.893207840e-03
22.111076	-4.655629424e-03
22.116076	-2.113509025e-03
22.121076	-1.444297358e-03
22.126077	-5.372661831e-03
22.131077	-1.184380244e-02
22.136077	-2.466243403e-02
22.141077	-2.139314840e-02
22.146078	-3.651166944e-03
22.151078	1.090347288e-03
22.156078	-2.446835480e-03
22.161078	-2.169603750e-03
22.166079	-1.719380315e-03
22.171079	-3.650340879e-03
22.176079	-2.446253883e-03
22.181079	-7.921886620e-04
22.186080	-8.467969289e-03
22.191080	-2.520540881e-02
22.196080	-2.426890830e-02
22.201080	-6.699617091e-03
22.206081	-2.387280616e-03
22.211081	-2.110047654e-03
22.216081	-2.827266174e-03
22.221081	-1.333260824e-02
22.226082	-2.980275991e-02
22.231082	-1.906763538e-02
22.236082	-3.543343788e-03
22.241082	-3.552896131e-03
22.246083	-1.392253962e-03
22.251083	-1.371400690e-02
22.256083	-3.510721825e-02
22.261083	-1.923884279e-02
22.266084	-2.433912783e-03
22.271084	-4.259076034e-03
22.276084	-6.746024183e-04
22.281084	-6.753858402e-03
22.286084	-2.841445601e-02
22.291085	-3.218122428e-02
22.296085	-7.413581039e-03
22.301085	-1.658812426e-03
22.306085	-2.245334365e-04
22.311086	-1.669873274e-04
22.316086	-2.294582978e-02
22.321086	-3.682550518e-02
22.326086	-1.083452074e-02
22.331087	-3.860798032e-04
22.336087	-1.886457267e-03
22.341087	-1.446829018e-03
22.346087	-3.655671760e-03
22.351088	-2.128196410e-02
22.356088	-3.680505867e-02
22.361088	-1.305136450e-02
22.366088	-6.146194650e-04
22.371089	-1.378831899e-03
22.376089	-7.290130227e-04
22.381089	-9.486517135e-04
22.386089	-3.099296311e-03
22.391090	-2.642361039e-02
22.396090	-3.399439098e-02
22.401090	-1.021989683e-02
22.406090	-2.046843338e-03
22.411091	-4.507696577e-04
22.416091	1.709876670e-03
22.421091	1.611036355e-04
22.426091	-1.549961380e-03
22.431092	-3.097934210e-03
22.436092	-3.929341789e-03
22.441092	-4.402595002e-04
22.446092	1.433701509e-03
22.451093	-1.051625219e-03
22.456093	-9.367783612e-04
22.461093	-1.385703946e-03
22.466093	-5.541917211e-04
22.471093	2.428215954e-03
22.476094	3.826684314e-04
22.481094	-4.253452902e-03
22.486094	-1.212947690e-03
22.491094	1.434976748e-03
22.496095	7.177650681e-04
22.501095	-4.957223394e-04
22.506095	1.053255941e-03
22.511095	-6.675065380e-04
22.516096	-4.032588876e-03
22.521096	-2.655701858e-03
22.526096	1.044172235e-03
22.531096	2.315660459e-04
22.536097	-1.488495862e-03
22.541097	-3.887948704e-04
22.546097	8.340002518e-04
22.551097	1.159039183e-03
22.556098	-3.380985010e-03
22.561098	-1.210635637e-03
22.566098	4.434389807e-04
22.571098	-6.083546021e-04
22.576099	3.380546950e-04
22.581099	-4.455516975e-04
22.586099	-2.160072735e-04
22.591099	-1.314698091e-03
22.596100	-2.253952657e-04
22.601100	7.112151113e-04
22.606100	-1.266532566e-03
22.611100	-3.092387515e-03
22.616101	-2.700450271e-03
22.621101	-3.302264546e-03
22.626101	-3.311807523e-03
22.631101	-1.096066769e-04
22.636102	-1.160598732e-03
22.641102	-4.200093898e-03
22.646102	-5.299583353e-03
22.651102	-2.756649943e-03
22.656102	-1.217367571e-03
22.661103	-5.126691805e-05
22.666103	1.000939397e-03
22.671103	-7.676168971e-04
22.676103	7.233683056e-04
22.681104	2.157656387e-03
22.686104	3.495849266e-03
22.691104	4.872840376e-03
22.696104	2.818198603e-03
22.701105	-6.615736969e-04
22.706105	-2.649918456e-03
22.711105	8.302707828e-04
22.716105	1.226639371e-04
22.721106	-2.142866974e-03
22.726106	6.683551789e-04
22.731106	5.060221569e-04
22.736106	8.505565973e-06
22.741107	-3.832160538e-04
22.746107	-1.262213841e-03
22.751107	6.207540821e-04
22.756107	-1.319891802e-03
22.761108	-9.368506471e-04
22.766108	1.883172034e-03
22.771108	3.441069649e-04
22.776108	-2.369800812e-03
22.781109	-2.035056829e-03
22.786109	-3.720773645e-04
22.791109	-1.155678720e-03
22.796109	5.074009779e-04
22.801110	6.798311132e-05
22.806110	-1.594775103e-03
22.811110	3.356919398e-04
22.816110	-6.578986012e-04
22.821111	-4.282485512e-04
22.826111	2.382076031e-03
22.831111	-1.985849943e-03
22.836111	-1.422415780e-03
22.841111	1.779790089e-03
22.846112	-1.813273237e-03
22.851112	-1.755714099e-03
22.856112	-4.368162247e-04
22.861112	-1.148681631e-02
22.866113	-3.414215151e-02
22.871113	-2.181998874e-02
22.876113	7.120847090e-05
22.881113	-2.252415801e-03
22.886114	-2.638498030e-04
22.891114	-4.134798538e-03
22.896114	-4.250029924e-03
22.901114	-1.966811649e-02
22.906115	-3.380546526e-02
22.911115	-9.984761118e-03
22.916115	-1.577758597e-04
22.921115	-1.868129028e-03
22.926116	-1.590878804e-03
22.931116	-3.024945181e-03
22.936116	-9.878947684e-03
22.941116	-3.243798580e-02
22.946117	-2.695068864e-02
22.951117	-3.788551499e-03
22.956117	-1.704588488e-03
22.961117	-9.303616217e-04
22.966118	-2.038323161e-04
22.971118	-1.532802863e-03
22.976118	-3.300551940e-03
22.981118	-2.308732402e-02
22.986119	-3.464469645e-02
22.991119	-9.771341645e-03
22.996119	2.062747827e-03
23.001119	-1.417017346e-03
23.006120	-1.970424811e-03
23.011120	-3.576480932e-03
23.016120	-2.142884858e-03
23.021120	-1.587745916e-03
23.026120	-3.576083081e-03
23.031121	-2.739715766e-02
23.036121	-3.110571087e-02
23.041121	-5.898571131e-03
23.046121	-1.472919957e-03
23.051122	-1.807237026e-03
23.056122	6.314110776e-04
23.061122	-4.291582453e-03
23.066122	-3.192468927e-03
23.071123	-4.731526899e-03
23.076123	-3.087568737e-02
23.081123	-2.756758099e-02
23.086123	-2.359640230e-03
23.091124	-3.851000055e-03
23.096124	-3.134167223e-03
23.101124	1.349582412e-03
23.106124	-1.990742741e-04
23.111125	-2.913874094e-03
23.116125	-2.636519407e-03
23.121125	-6.955455621e-04
23.126125	-4.182906369e-04
23.131126	-2.578616972e-03
23.136126	-4.958032529e-03
23.141126	-1.020660834e-02
23.146126	-1.881892035e-02
23.151127	-2.147622203e-02
23.156127	-8.112503248e-03
23.161127	1.561795194e-03
23.166127	-3.118442762e-04
23.171128	-1.410621338e-03
23.176128	-2.022921957e-03
23.181128	1.855402697e-04
23.186128	-1.744595986e-03
23.191129	-4.344499531e-03
23.196129	-1.687558780e-03
23.201129	-1.802183036e-03
23.206129	-3.259887024e-05
23.211129	7.416338499e-04
23.216130	-1.362193255e-03
23.221130	-1.409620318e-03
23.226130	-1.685836130e-03
23.231130	3.504356386e-04
23.236131	1.301173382e-04
23.241131	-3.951712929e-03
23.246131	-2.134430156e-03
23.251131	-9.647793199e-03
23.256132	-2.667289324e-02
23.261132	-2.368966686e-02
23.266132	-5.556377632e-03
23.271132	2.291912226e-03
23.276133	9.636487694e-04
23.281133	-1.856841954e-03
23.286133	-1.349994483e-03
23.291133	-1.244127384e-03
23.296134	-1.196257347e-03
23.301134	-3.072281280e-04
23.306134	-1.378519964e-02
23.311134	-3.645012395e-02
23.316135	-2.180506381e-02
23.321135	-1.137996616e-03
23.326135	-9.180342607e-04
23.331135	1.797006789e-03
23.336136	-2.103030905e-02
23.341136	-3.948803741e-02
23.346136	-1.384131197e-02
23.351136	8.030490090e-04
23.356137	-5.112889346e-03
23.361137	-2.666916646e-02
23.366137	-3.203173152e-02
23.371137	-8.487403187e-03
23.376138	-4.097220707e-04
23.381138	-1.472885092e-02
23.386138	-3.739367351e-02
23.391138	-2.075050888e-02
23.396138	-1.892348107e-04
23.401139	-2.235698125e-02
23.406139	-4.208574627e-02
23.411139	-1.179364539e-02
23.416139	-9.030604727e-03
23.421140	-3.965693908e-02
23.426140	-1.948774524e-02
23.431140	-9.308065152e-03
23.436140	-3.915143726e-02
23.441141	-2.677986361e-02
23.446141	-1.202140601e-02
23.451141	-3.644604147e-02
23.456141	-2.483943025e-02
23.461142	-2.786327292e-03
23.466142	-2.063428246e-02
23.471142	-3.523039577e-02
23.476142	-1.788006361e-02
23.481143	-2.336643401e-03
23.486143	-2.002960566e-02
23.491143	-3.733258678e-02
23.496143	-1.444852346e-02
23.501144	-2.899908389e-03
23.506144	-2.182766104e-03
23.511144	-9.754220346e-03
23.516144	-3.323090046e-02
23.521145	-2.416816396e-02
23.526145	-5.336902731e-03
23.531145	-1.187926884e-03
23.536145	-1.837978810e-04
23.541146	-2.052562998e-02
23.546146	-3.473076061e-02
23.551146	-1.482855092e-02
23.556146	-6.377783848e-03
23.561147	3.708241321e-05
23.566147	-1.758988124e-02
23.571147	-3.600080662e-02
23.576147	-1.345072523e-02
23.581148	-4.283992428e-03
23.586148	1.078925593e-03
23.591148	-7.752465519e-03
23.596148	-3.638289301e-02
23.601148	-2.704316818e-02
23.606149	-4.885067032e-03
23.611149	-4.281916815e-03
23.616149	1.033004220e-03
23.621149	-1.079224052e-02
23.626150	-3.693578836e-02
23.631150	-2.278829681e-02
23.636150	-1.404157321e-03
23.641150	-1.671964042e-03
23.646151	1.484062732e-03
23.651151	3.652976481e-04
23.656151	-3.010357494e-03
23.661151	-1.383065024e-02
23.666152	-3.577740141e-02
23.671152	-1.775809738e-02
23.676152	5.381932850e-04
23.681152	-7.090254335e-03
23.686153	-2.119314981e-03
23.691153	1.035712855e-03
23.696153	-2.501933503e-03
23.701153	-6.812542133e-03
23.706154	-2.654140033e-02
23.711154	-3.020304032e-02
23.716154	-3.495158103e-03
23.721154	3.768355166e-04
23.726155	-3.493793963e-03
23.731155	-2.662652139e-03
23.736155	-3.274439983e-03
23.741155	-3.283257058e-03
23.746156	-2.672104192e-03
23.751156	-2.161799949e-02
23.756156	-3.023939710e-02
23.761156	-6.762356649e-03
23.766157	-1.561426692e-03
23.771157	-4.649093266e-03
23.776157	-2.174030434e-03
23.781157	-2.899387311e-04
23.786157	-3.663591053e-03
23.791158	-3.931394406e-03
23.796158	-1.446331614e-03
23.801158	-2.422063741e-04
23.806158	-1.942939660e-03
23.811159	-2.846846476e-02
23.816159	-2.975021821e-02
23.821159	-1.282419288e-03
23.826159	2.206595317e-03
23.831160	-4.045915904e-03
23.836160	-3.939736454e-03
23.841160	-2.935600590e-03
23.846160	-3.374394397e-03
23.851161	-1.616295002e-03
23.856161	9.480679083e-05
23.861161	7.639594005e-04
23.866161	-2.600691577e-03
23.871162	-4.262425315e-03
23.876162	-2.040845408e-02
23.881162	-2.964281907e-02
23.886162	-6.422763331e-03
23.891163	-3.373725871e-03
23.896163	-3.928512922e-03
23.901163	-1.394450180e-03
23.906163	-1.613253360e-03
23.911164	-1.598136787e-02
23.916164	-3.460227530e-02
23.921164	-1.321812944e-02
23.926164	-4.987343370e-03
23.931165	-6.192098017e-03
23.936165	-5.041879788e-04
23.941165	-2.553878275e-02
23.946165	-3.106532674e-02
23.951166	-7.749274234e-03
23.956166	-6.028170714e-03
23.961166	-6.907940513e-03
23.966166	-2.874969011e-02
23.971166	-2.692459131e-02
23.976167	-2.768579129e-03
23.981167	-5.702248536e-03
23.986167	-5.645063381e-03
23.991167	-2.930007459e-03
23.996168	-1.365529736e-02
24.001168	-3.526905728e-02
24.006168	-1.470586959e-02
24.011168	-8.353561017e-04
24.016169	-7.575839484e-03
24.021169	4.449588980e-04
24.026169	-1.819742075e-03
24.031169	-2.210534130e-03
24.036170	-1.054401356e-03
24.041170	-5.032018642e-03
24.046170	-1.437004335e-03
24.051170	-1.774502135e-02
24.056171	-3.317308108e-02
24.061171	-7.744128979e-03
24.066171	1.986587178e-03
24.071171	-5.087878746e-03
24.076172	-4.418721397e-03
24.081172	-2.152641652e-03
24.086172	9.933953795e-04
24.091172	-2.266255752e-03
24.096173	-1.770089548e-03
24.101173	6.009855245e-04
24.106173	-2.415561915e-02
24.111173	-3.425993675e-02
24.116174	-1.016191868e-02
24.121174	-1.549146916e-03
24.126174	-2.111600371e-02
24.131174	-3.631507294e-02
24.136175	-1.122210285e-02
24.141175	-3.814390730e-04
24.146175	-1.622583002e-04
24.151175	4.979011215e-04
24.156175	-5.686606258e-03
24.161176	-5.255435476e-03
24.166176	-3.372335241e-03
24.171176	2.047592985e-03
24.176176	-1.807423571e-02
24.181177	-3.536620201e-02
24.186177	-1.293110149e-02
24.191177	-2.148433806e-03
24.196177	-3.199190147e-03
24.201178	-1.116260998e-02
24.206178	-3.293735759e-02
24.211178	-1.922983181e-02
24.216178	-5.139324552e-03
24.221179	-5.856096605e-03
24.226179	-1.988922052e-02
24.231179	-3.553626579e-02
24.236179	-1.088327212e-02
24.241180	-8.560191670e-03
24.246180	-3.536369369e-02
24.251180	-2.370206748e-02
24.256180	-2.814890121e-03
24.261181	-1.714749729e-03
24.266181	-4.420424023e-03
24.271181	-2.700313586e-03
24.276181	-2.437006479e-02
24.281182	-3.603130295e-02
24.286182	-7.831480803e-03
24.291182	-4.190463416e-03
24.296182	-8.568055701e-03
24.301183	-2.387111620e-02
24.306183	-3.138455567e-02
24.311183	-7.726511963e-03
24.316183	-1.981596422e-03
24.321184	-4.743266809e-03
24.326184	-4.685074314e-03
24.331184	-2.746477033e-02
24.336184	-2.945347801e-02
24.341184	-4.140514193e-03
24.346185	-2.199412900e-03
24.351185	-4.962082595e-03
24.356185	-2.200021039e-03
24.361185	-2.093391329e-02
24.366186	-3.437406306e-02
24.371186	-8.947104150e-03
24.376186	-1.701260367e-03
24.381186	-7.178797304e-03
24.386187	-8.114555156e-03
24.391187	-1.082022677e-02
24.396187	-2.623927959e-02
24.401187	-2.010138136e-02
24.406188	1.728290514e-04
24.411188	-3.363801699e-03
24.416188	-3.419601734e-03
24.421188	-2.750436942e-03
24.426189	-2.375221745e-02
24.431189	-3.580643327e-02
24.436189	-7.443615847e-03
24.441189	-2.300668344e-03
24.446190	-4.576359712e-03
24.451190	-1.096331071e-03
24.456190	-8.661441735e-04
24.461190	-1.341733517e-02
24.466191	-3.503108505e-02
24.471191	-1.861768537e-02
24.476191	-2.805256350e-03
24.481191	-9.221493604e-04
24.486192	-8.179556956e-04
24.491192	-4.182593117e-03
24.496192	-3.685797762e-04
24.501192	-4.823751858e-04
24.506193	-5.451934188e-03
24.511193	-4.735769776e-03
24.516193	-7.842419224e-03
24.521193	-2.734227080e-02
24.526193	-2.126336705e-02
24.531194	-1.752116862e-03
24.536194	-2.736869148e-03
24.541194	-1.467952950e-04
24.546194	8.963539432e-04
24.551195	2.265866443e-04
24.556195	-2.086100598e-03
24.561195	-5.564730995e-03
24.566195	-2.027702699e-03
24.571196	-4.795775091e-04
24.576196	1.010550608e-03
24.581196	1.738715911e-03
24.586196	-2.848859995e-03
24.591197	-3.136645042e-03
24.596197	-1.854506383e-03
24.601197	-1.240779166e-02
24.606197	-3.121167532e-02
24.611198	-1.801011640e-02
24.616198	-1.528716977e-03
24.621198	-3.055749237e-04
24.626198	-2.003783615e-04
24.631199	-2.571738115e-04
24.636199	-1.413915629e-03
24.641199	-3.296622014e-03
24.646199	3.605244212e-03
24.651200	1.512548256e-03
24.656200	-3.564002390e-03
24.661200	-3.572799549e-03
24.666200	-1.698688234e-03
24.671201	-2.349453944e-03
24.676201	-8.583237833e-04
24.681201	3.558199609e-04
24.686201	-6.469283076e-04
24.691202	-2.184650438e-03
24.696202	-2.605428570e-02
24.701202	-3.281275356e-02
24.706202	-6.725819709e-03
24.711202	1.131001399e-03
24.716203	-3.017253216e-04
24.721203	-6.552217486e-03
24.726203	-3.104382186e-02
24.731203	-2.982967707e-02
24.736204	-4.123724061e-03
24.741204	-8.425310652e-03
24.746204	-3.373887461e-02
24.751204	-2.965686897e-02
24.756205	-3.185952773e-03
24.761205	-1.401722119e-02
24.766205	-3.755087135e-02
24.771205	-1.859558910e-02
24.776206	4.646881508e-04
24.781206	-2.268598034e-02
24.786206	-3.678508921e-02
24.791206	-1.285904844e-02
24.796207	-4.944228398e-03
24.801207	-2.737893132e-02
24.806207	-3.396540537e-02
24.811207	-7.601482829e-03
24.816208	-8.757220962e-03
24.821208	-3.700364065e-02
24.826208	-2.462503721e-02
24.831208	-1.902937029e-03
24.836209	-1.345016906e-02
24.841209	-3.456593534e-02
24.846209	-2.158536079e-02
24.851209	-4.338993722e-03
24.856210	-2.893359040e-02
24.861210	-3.640102045e-02
24.866210	-7.379226125e-03
24.871210	-4.329167800e-03
24.876211	-3.235659701e-02
24.881211	-3.258537892e-02
24.886211	-2.339643743e-03
24.891211	-1.195696856e-02
24.896211	-4.021338622e-02
24.901212	-2.141909346e-02
24.906212	-3.509112578e-04
24.911212	-1.969876214e-02
24.916212	-3.954358873e-02
24.921213	-1.527256209e-02
24.926213	-1.402029208e-03
24.931213	-3.236331452e-02
24.936213	-3.655890227e-02
24.941214	-2.117370152e-03
24.946214	-1.195468314e-02
24.951214	-4.197001409e-02
24.956214	-1.853994580e-02
24.961215	-1.018589874e-03
24.966215	-2.434224616e-02
24.971215	-3.666343776e-02
24.976215	-1.217242070e-02
24.981216	-3.722622910e-03
24.986216	-3.258200939e-02
24.991216	-3.467469836e-02
24.996216	-5.488909360e-03
25.001217	-3.176812475e-03
25.006217	-2.809739023e-02
25.011217	-3.361191227e-02
25.016217	-7.640966420e-03
25.021218	-6.100831564e-03
25.026218	-4.723688674e-03
25.031218	-2.036171766e-02
25.036218	-3.837163111e-02
25.041219	-9.637819207e-03
25.046219	1.193863989e-03
25.051219	-2.878534935e-04
25.056219	-4.102457347e-03
25.061220	-3.614270492e-03
25.066220	-9.749761200e-03
25.071220	-3.676423575e-02
25.076220	-2.450062163e-02
25.081220	9.753496146e-04
25.086221	1.865517411e-03
25.091221	-1.811717731e-04
25.096221	-3.163815309e-03
25.101221	-3.774574170e-03
25.106222	-3.555373321e-03
25.111222	-1.555057797e-02
25.116222	-3.245954339e-02
25.121222	-1.648810881e-02
25.126223	-5.056746629e-04
25.131223	-2.844734100e-04
25.136223	-1.068223152e-03
25.141223	-9.530165409e-04
25.146224	-6.748177618e-04
25.151224	-5.540368567e-03
25.156224	-3.553252751e-03
25.161224	-3.438045740e-03
25.166225	-1.172442977e-02
25.171225	-2.212471084e-02
25.176225	-2.284246299e-02
25.181225	-8.522946824e-03
25.186226	1.591774067e-03
25.191226	4.350435726e-04
25.196226	-9.506756786e-04
25.201226	-1.065456679e-03
25.206227	3.686870418e-04
25.211227	-5.670538091e-04
25.216227	-3.989673539e-03
25.221227	5.413197745e-04
25.226228	2.262449927e-03
25.231228	-2.106123471e-03
25.236228	-1.750033399e-04
25.241228	-6.137677810e-04
25.246229	-8.435422933e-04
25.251229	-3.943497481e-04
25.256229	4.584333391e-05
25.261229	2.090499941e-04
25.266230	-1.559649232e-03
25.271230	-1.444440039e-03
25.276230	-6.122656372e-04
25.281230	-1.941985930e-03
25.286230	-4.321655030e-03
25.291231	-6.216198941e-04
25.296231	2.705433491e-03
25.301231	2.197698449e-04
25.306231	3.861808098e-03
25.311232	2.585795326e-02
25.316232	2.619315264e-02
25.321232	4.857406708e-03
25.326232	4.885659504e-05
25.331233	2.810938162e-03
25.336233	4.695062552e-03
25.341233	4.994829039e-04
25.346233	-1.498203605e-03
25.351234	2.085838354e-03
25.356234	2.232207005e-02
25.361234	2.762902836e-02
25.366234	8.673167495e-03
25.371235	2.984661087e-03
25.376235	4.256816041e-03
25.381235	5.223761386e-05
25.386235	-5.025183313e-04
25.391236	2.879527307e-02
25.396236	3.194033727e-02
25.401236	3.971915684e-03
25.406236	-1.666654673e-04
25.411237	2.986398637e-03
25.416237	-8.941948740e-04
25.421237	1.209839059e-02
25.426237	3.841432779e-02
25.431238	1.547166221e-02
25.436238	-6.053373862e-04
25.441238	5.474584869e-03
25.446238	-1.609852147e-03
25.451239	3.257129329e-03
25.456239	3.007104287e-02
25.461239	2.885532055e-02
25.466239	4.422728158e-03
25.471239	-1.638299305e-04
25.476240	-4.985948317e-04
25.481240	4.031403624e-03
25.486240	2.100716581e-03
25.491240	1.986941215e-03
25.496241	-1.214683786e-03
25.501241	-1.758438034e-03
25.506241	1.271633898e-03
25.511241	-2.210739766e-04
25.516242	-1.099811633e-03
25.521242	-1.768559412e-03
25.526242	-9.363801366e-04
25.531242	4.987698924e-04
25.536243	-5.539589119e-04
25.541243	-6.017365251e-04
25.546243	1.330389607e-03
25.551243	-3.201169614e-03
25.556244	-4.251898131e-03
25.561244	2.221045910e-04
25.566244	2.313246842e-04
25.571244	-2.368328168e-03
25.576245	-3.037074891e-03
25.581245	-2.702870325e-03
25.586245	-1.740493394e-02
25.591245	-2.840617755e-02
25.596246	-1.209875002e-02
25.601246	-9.330721764e-04
25.606246	-1.094842996e-03
25.611246	-1.152618782e-03
25.616247	-7.694159315e-04
25.621247	-1.582240807e-04
25.626247	-3.695830237e-03
25.631247	-2.757654108e-03
25.636248	-1.370499733e-03
25.641248	-1.648264241e-03
25.646248	-1.543047291e-03
25.651248	5.099535283e-06
25.656248	1.203161887e-04
25.661249	1.947449628e-03
25.666249	-1.220963898e-02
25.671249	-3.740819017e-02
25.676249	-1.978082535e-02
25.681250	2.854208798e-04
25.686250	8.496162533e-04
25.691250	1.115826223e-03
25.696250	5.610762383e-04
25.701251	-1.546658171e-04
25.706251	-3.308289140e-03
25.711251	-1.205168184e-03
25.716251	-2.419885674e-03
25.721252	-2.476659419e-03
25.726252	-1.481484263e-03
25.731252	-4.636107065e-03
25.736252	-2.176604968e-02
25.741253	-3.093237974e-02
25.746253	-1.120211593e-02
25.751253	-9.263919320e-04
25.756253	3.049638729e-03
25.761254	1.501938292e-03
25.766254	-4.404549935e-03
25.771254	-6.565220354e-03
25.776254	-5.791033502e-03
25.781255	-2.253981009e-03
25.786255	-1.695604083e-02
25.791255	-3.093113594e-02
25.796255	-1.186983864e-02
25.801256	2.947665278e-03
25.806256	-8.189263348e-04
25.811256	-8.766983405e-04
25.816256	9.604375331e-04
25.821257	-2.959146354e-03
25.826257	-3.570891121e-03
25.831257	-2.757705137e-03
25.836257	-5.626339888e-03
25.841257	-4.068189971e-03
25.846258	-1.860625665e-02
25.851258	-2.916851672e-02
25.856258	-1.004122151e-02
25.861258	1.018466395e-03
25.866259	-1.361191592e-03
25.871259	-2.029932747e-03
25.876259	-4.515585391e-03
25.881259	-6.780248695e-03
25.886260	-7.171003100e-03
25.891260	-2.136708559e-02
25.896260	-2.959745830e-02
25.901260	-6.339363275e-03
25.906261	2.827417582e-03
25.911261	-4.895979522e-03
25.916261	-2.515868212e-03
25.921261	4.166033847e-03
25.926262	2.964494775e-04
25.931262	-3.958116065e-03
25.936262	-4.292872269e-03
25.941262	-2.857714512e-03
25.946263	-8.154229072e-03
25.951263	-2.811303001e-02
25.956263	-2.451897704e-02
25.961263	-4.673714827e-03
25.966264	-1.030664055e-03
25.971264	-4.674633125e-04
25.976264	6.327113903e-04
25.981264	2.505848569e-03
25.986265	-3.516629926e-03
25.991265	-5.666296797e-03
25.996265	-1.575267275e-03
26.001265	-7.663742284e-03
26.006266	-3.059539754e-02
26.011266	-2.749831937e-02
26.016266	-2.348314304e-03
26.021266	-1.631120139e-03
26.026266	-1.420901211e-03
26.031267	5.192336235e-04
26.036267	1.801400569e-03
26.041267	2.624589941e-03
26.046267	-6.940190387e-04
26.051268	-1.792735956e-03
26.056268	-2.355478865e-03
26.061268	-3.178209032e-03
26.066268	-2.785998231e-03
26.071269	-1.360837607e-03
26.076269	-1.130618741e-03
26.081269	-2.460323872e-03
26.086269	-2.126109885e-03
26.091270	-1.887306457e-02
26.096270	-3.225518290e-02
26.101270	-1.213193166e-02
26.106270	1.632629110e-03
26.111271	1.689857029e-03
26.116271	-2.181723769e-03
26.121271	1.993912409e-04
26.126271	-7.363322475e-04
26.131272	-2.239028054e-03
26.136272	1.289031412e-03
26.141272	-4.686518057e-04
26.146272	-7.934046654e-04
26.151273	-1.462140695e-03
26.156273	-1.787893326e-03
26.161273	-4.827513799e-03
26.166273	-2.236408196e-03
26.171274	1.520640757e-03
26.176274	-8.590115625e-04
26.181274	-2.401065294e-02
26.186274	-3.472689939e-02
26.191275	-8.639936742e-03
26.196275	1.636795385e-03
26.201275	1.130052371e-03
26.206275	1.962244288e-03
26.211275	-1.565351540e-03
26.216276	-5.711673278e-04
26.221276	-3.112810958e-03
26.226276	-5.378467929e-03
26.231276	-8.474555647e-04
26.236277	-2.176157953e-03
26.241277	-1.704920113e-02
26.246277	-3.324217998e-02
26.251277	-1.333991529e-02
26.256278	2.968524382e-03
26.261278	-2.891957026e-03
26.266278	1.085082920e-03
26.271278	-3.941438893e-03
26.276279	-4.601173124e-03
26.281279	-1.118861880e-02
26.286279	-3.455924765e-02
26.291279	-2.189363008e-02
26.296280	-1.844525187e-04
26.301280	6.377415771e-04
26.306280	-2.344879081e-03
26.311280	-1.029725780e-02
26.316281	-3.102101492e-02
26.321281	-2.571503867e-02
26.326281	-2.611928418e-03
26.331281	-3.768637490e-03
26.336282	-7.094240926e-03
26.341282	-3.019788179e-02
26.346282	-2.837173576e-02
26.351282	-6.481566034e-03
26.356283	-2.389530092e-03
26.361283	-1.842051479e-02
26.366283	-3.809232222e-02
26.371283	-1.311330247e-02
26.376284	7.562580143e-04
26.381284	-1.665065937e-02
26.386284	-3.576949337e-02
26.391284	-2.039800571e-02
26.396284	-2.272651989e-03
26.401285	-1.284490163e-02
26.406285	-3.422962500e-02
26.411285	-2.448786304e-02
26.416285	-3.275659179e-03
26.421286	-4.385368958e-03
26.426286	-1.681152794e-02
26.431286	-3.604435560e-02
26.436286	-1.438217329e-02
26.441287	-2.384520582e-03
26.446287	-9.459939608e-03
26.451287	-3.152262920e-02
26.456287	-2.874852738e-02
26.461288	-5.253433829e-03
26.466288	-1.611374064e-03
26.471288	-1.631142161e-02
26.476288	-3.649120240e-02
26.481289	-1.388306534e-02
26.486289	-3.540331316e-03
26.491289	-9.457805911e-03
26.496289	-2.415885297e-02
26.501290	-3.057230326e-02
26.506290	-8.749127571e-03
26.511290	-6.140016759e-03
26.516290	1.039172536e-04
26.521291	-1.211325025e-02
26.526291	-3.631683436e-02
26.531291	-1.786749406e-02
26.536291	4.948505659e-04
26.541292	-1.548811681e-03
26.546292	-4.482430533e-03
26.551292	-3.986216210e-03
26.556292	-3.986977615e-03
26.561293	-1.930839032e-03
26.566293	-3.374530046e-03
26.571293	-3.008199153e-02
26.576293	-2.869582009e-02
26.581293	-4.368764959e-03
26.586294	-5.573577696e-05
26.591294	2.707368917e-03
26.596294	3.267240125e-04
26.601294	-4.480802704e-03
26.606295	-3.487611622e-03
26.611295	-4.146340066e-03
26.616295	1.646897264e-04
26.621295	-1.304542774e-02
26.626296	-3.464713676e-02
26.631296	-1.481386209e-02
26.636296	-5.033185723e-04
26.641296	-4.096903682e-03
26.646297	-1.554787296e-03
26.651297	-2.318509949e-03
26.656297	-3.531210668e-03
26.661297	-9.449682300e-03
26.666298	-3.189334966e-02
26.671298	-2.160760969e-02
26.676298	3.295633630e-04
26.681298	-3.043031823e-03
26.686299	-2.593812909e-03
26.691299	-2.373582767e-03
26.696299	1.125371912e-04
26.701299	-3.091065880e-03
26.706300	-3.701795047e-03
26.711300	-1.989476583e-02
26.716300	-3.392884160e-02
26.721300	-9.895769780e-03
26.726301	9.929417796e-04
26.731301	-1.100714801e-03
26.736301	-2.754392708e-03
26.741301	-3.308124060e-03
26.746302	-2.092941410e-03
26.751302	-2.876661402e-03
26.756302	6.104108562e-04
26.761302	6.567940228e-05
26.766302	2.199140175e-04
26.771303	1.214107841e-03
26.776303	1.040870579e-05
26.781303	-2.702216915e-03
26.786303	-8.290656146e-04
26.791304	-1.480791360e-03
26.796304	2.303679902e-04
26.801304	2.267511560e-03
26.806304	-1.537060505e-03
26.811305	-2.091790637e-03
26.816305	4.433289493e-04
26.821305	-2.471286175e-03
26.826305	-8.609744330e-03
26.831306	-2.647563170e-02
26.836306	-2.320654750e-02
26.841306	-3.581259173e-03
26.846306	-9.891418626e-04
26.851307	-3.779280701e-04
26.856307	-9.226579418e-04
26.861307	-1.534384470e-03
26.866307	-2.978070430e-03
26.871308	-6.069419513e-04
26.876308	-3.177120763e-04
26.881308	-2.364368445e-03
26.886308	-3.531067553e-03
26.891309	-8.149555330e-04
26.896309	-8.998313017e-03
26.901309	-3.365086896e-02
26.906309	-1.994329158e-02
26.911310	2.663852787e-03
26.916310	-2.802636582e-03
26.921310	-2.744394725e-03
26.926310	-3.367119648e-03
26.931311	-2.974893880e-03
26.936311	-2.858654600e-03
26.941311	-2.812218015e-02
26.946311	-3.049281969e-02
26.951311	-5.564787606e-03
26.956312	8.401459673e-04
26.961312	-1.978471521e-03
26.966312	-3.679143332e-03
26.971312	-3.720587593e-04
26.976313	-4.195627098e-03
26.981313	-4.567363336e-03
26.986313	-6.116042217e-03
26.991313	-2.518686832e-02
26.996314	-2.634256616e-02
27.001314	-4.137400758e-03
27.006314	1.177586671e-03
27.011314	-2.550974487e-04
27.016315	-1.488563781e-04
27.021315	-5.885886571e-04
27.026315	-2.692239882e-03
27.031315	-1.861033848e-03
27.036316	7.870838479e-04
27.041316	-2.078530054e-03
27.046316	-1.305320956e-03
27.051316	5.108374695e-04
27.056317	-1.697808161e-03
27.061317	-3.130491473e-03
27.066317	-1.302333390e-03
27.071317	-9.211048130e-04
27.076318	4.640749879e-04
27.081318	2.534362826e-05
27.086318	4.655695753e-04
27.091318	-2.041503829e-04
27.096319	-1.370846076e-03
27.101319	-7.006310805e-04
27.106319	2.475704671e-04
27.111319	-8.611278080e-04
27.116320	-1.856831502e-03
27.121320	5.812977796e-04
27.126320	7.557040127e-05
27.131320	4.677994045e-04
27.136321	4.110503366e-04
27.141321	-1.253620403e-03
27.146321	-3.461264640e-03
27.151321	-4.348973031e-03
27.156321	-2.513813849e-03
27.161322	-2.340054884e-02
27.166322	-2.789208162e-02
27.171322	-4.232984242e-03
27.176322	6.410273746e-04
27.181323	-1.517618691e-03
27.186323	-1.145387840e-03
27.191323	-4.201740869e-04
27.196323	-3.839758552e-03
27.201324	-5.675420018e-03
27.206324	-4.654242768e-04
27.211324	1.360736215e-03
27.216324	1.840429178e-04
27.221325	-2.624570885e-03
27.226325	-1.955353854e-03
27.231325	-9.038759470e-03
27.236325	-3.357631562e-02
27.241326	-2.130266307e-02
27.246326	6.355192388e-04
27.251326	1.387934021e-04
27.256326	-8.094583558e-05
27.261327	-8.546580362e-04
27.266327	-5.194241243e-04
27.271327	-2.575073784e-03
27.276327	-2.509365037e-04
27.281328	4.762785674e-04
27.286328	-3.837260979e-03
27.291328	-1.791109937e-03
27.296328	5.810253201e-04
27.301329	-2.850556912e-03
27.306329	-2.505322862e-03
27.311329	-1.251877607e-04
27.316329	1.296994036e-03
27.321330	2.245198977e-03
27.326330	-6.884070999e-04
27.331330	-2.181083221e-03
27.336330	-1.844848266e-03
27.341330	-2.016588514e-03
27.346331	-1.251282625e-02
27.351331	-3.168764158e-02
27.356331	-1.477721288e-02
27.361331	1.856229371e-03
27.366332	-9.543820713e-04
27.371332	-4.883938984e-03
27.376332	-5.771643849e-03
27.381332	-1.403604403e-03
27.386333	-2.340306729e-03
27.391333	-3.008022068e-03
27.396333	-2.748957845e-02
27.401333	-2.920024288e-02
27.406334	-2.673281396e-03
27.411334	6.448096062e-04
27.416334	-2.451787149e-03
27.421334	-4.107453950e-03
27.426335	-2.501279409e-03
27.431335	-1.724064451e-03
27.436335	-8.913461727e-03
27.441335	-3.080514345e-02
27.446336	-2.539315381e-02
27.451336	-2.278025605e-03
27.456336	1.143061074e-03
27.461336	-1.351564288e-03
27.466337	-3.330214684e-03
27.471337	-3.769939894e-03
27.476337	-2.554745563e-03
27.481337	1.536308893e-03
27.486338	-1.136217213e-05
27.491338	-1.177051750e-03
27.496338	-2.114752346e-03
27.501338	-1.224541821e-03
27.506339	-3.049199103e-03
27.511339	-1.951998500e-03
27.516339	-2.888698842e-03
27.521339	-6.146286165e-03
27.526339	-5.209077549e-03
27.531340	-3.441909247e-03
27.536340	-2.112719555e-03
27.541340	-1.117513535e-03
27.546340	2.361571684e-03
27.551341	-1.117004432e-03
27.556341	-4.477823232e-04
27.561341	2.419332903e-03
27.566341	4.293496525e-03
27.571342	7.285605818e-03
27.576342	5.078968178e-03
27.581342	1.648390176e-03
27.586342	-2.224166243e-03
27.591343	-8.959756773e-04
27.596343	-1.334699051e-03
27.601343	8.834483546e-04
27.606343	3.855559144e-03
27.611344	1.369935604e-03
27.616344	3.092107370e-03
27.621344	-1.333421616e-03
27.626344	1.674195448e-02
27.631345	3.469533659e-02
27.636345	1.054076793e-02
27.641345	-9.404174049e-04
27.646345	1.544717678e-03
27.651346	2.070388686e-04
27.656346	3.198149477e-03
27.661346	6.655289662e-04
27.666346	1.398413714e-02
27.671347	3.552834510e-02
27.676347	1.436363153e-02
27.681347	-2.046313358e-03
27.686347	1.317779542e-03
27.691348	9.350548514e-04
27.696348	4.196152911e-03
27.701348	1.099560436e-03
27.706348	4.310661075e-03
27.711348	3.028265415e-02
27.716349	2.690807542e-02
27.721349	2.150537351e-03
27.726349	6.608670435e-04
27.731349	1.491083913e-03
27.736350	3.871225431e-03
27.741350	-3.803102541e-04
27.746350	7.621557833e-03
27.751350	3.205262648e-02
27.756351	2.249434926e-02
27.761351	2.813564720e-03
27.766351	7.769216138e-04
27.771351	-1.162726140e-03
27.776352	3.482305742e-03
27.781352	6.147032915e-04
27.786352	1.796411707e-02
27.791352	3.431957929e-02
27.796353	1.017601244e-02
27.801353	-1.648153861e-03
27.806353	4.340031751e-04
27.811353	2.318169919e-03
27.816354	5.865255810e-03
27.821354	3.307837200e-04
27.826354	3.982864646e-03
27.831354	3.006785397e-02
27.836355	2.569932535e-02
27.841355	2.492713550e-03
27.846355	1.938999436e-03
27.851355	-4.896233661e-04
27.856356	-1.653800620e-04
27.861356	9.438251143e-04
27.866356	8.400893891e-04
27.871356	2.215281765e-03
27.876357	-6.053216034e-04
27.881357	-1.597013902e-03
27.886357	-4.878083682e-04
27.891357	-1.376505537e-03
27.896357	-1.319248668e-03
27.901358	-2.590927056e-03
27.906358	-4.137591991e-03
27.911358	-2.901112167e-02
27.916358	-2.591401245e-02
27.921359	-5.449870018e-04
27.926359	1.826157691e-03
27.931359	-6.004640669e-04
27.936359	-5.512964780e-03
27.941360	-2.253863087e-03
27.946360	-4.414497576e-03
27.951360	-5.741172578e-03
27.956360	-2.458299515e-02
27.961361	-2.911451405e-02
27.966361	-4.967428500e-03
27.971361	-3.793910546e-04
27.976361	7.308157069e-04
27.981362	-1.533813228e-03
27.986362	-3.695447104e-03
27.991362	-1.812277747e-03
27.996362	-1.314040924e-03
28.001363	6.315319627e-05
28.006363	-1.617879519e-02
28.011363	-3.491362220e-02
28.016363	-1.491533405e-02
28.021364	-4.917745385e-04
28.026364	8.384222184e-04
28.031364	1.011675347e-03
28.036364	-4.791780604e-03
28.041365	-2.030653273e-03
28.046365	1.650887247e-05
28.051365	1.247654424e-04
28.056365	9.539869966e-04
28.061366	-7.586676814e-04
28.066366	-2.743309054e-03
28.071366	-2.198073472e-03
28.076366	-2.972773587e-03
28.081366	-3.736378171e-04
28.086367	7.345705763e-04
28.091367	6.788356811e-04
28.096367	3.451143829e-04
28.101367	-1.078553805e-03
28.106368	1.965535105e-05
28.111368	-9.250360080e-04
28.116368	-9.827704613e-04
28.121368	-4.285346269e-04
28.126369	1.846984052e-04
28.131369	7.379344256e-04
28.136369	-1.746681651e-03
28.141369	6.244660395e-04
28.146370	4.137394431e-04
28.151370	2.202172286e-05
28.156370	3.962667960e-04
28.161370	-5.884219311e-04
28.166371	1.513739191e-03
28.171371	-2.529113463e-04
28.176371	-1.351594321e-03
28.181371	-8.653543575e-04
28.186372	-7.020986079e-04
28.191372	-2.679738605e-03
28.196372	-4.620380335e-03
28.201372	-2.098532005e-02
28.206373	-3.430140807e-02
28.211373	-7.823432564e-03
28.216373	2.950307242e-03
28.221373	-1.962189527e-03
28.226374	-2.457901167e-03
28.231374	-3.241598725e-03
28.236374	-3.683312859e-03
28.241374	-6.421964134e-04
28.246375	-8.535547784e-03
28.251375	-3.384905135e-02
28.256375	-2.003645889e-02
28.261375	4.688079472e-04
28.266375	-1.797816975e-03
28.271376	-4.789406550e-03
28.276376	-2.637246375e-03
28.281376	5.828618968e-04
28.286376	-1.566768451e-03
28.291377	1.187362631e-03
28.296377	7.936469661e-04
28.301377	-4.222843668e-03
28.306377	-1.516710051e-03
28.311378	3.060332587e-03
28.316378	-5.885966607e-03
28.321378	-2.937155819e-02
28.326378	-2.749738382e-02
28.331379	-4.289247585e-03
28.336379	1.937999582e-04
28.341379	1.696992580e-03
28.346379	-1.286527364e-04
28.351380	-3.064243972e-03
28.356380	-2.900985945e-03
28.361380	-1.968515019e-04
28.366380	1.582328020e-03
28.371381	-2.346214631e-03
28.376381	5.209120777e-04
28.381381	-8.147399785e-03
28.386381	-3.439585606e-02
28.391382	-2.190219762e-02
28.396382	-6.339661226e-04
28.401382	-3.290570278e-03
28.406382	-1.617385073e-03
28.411383	-2.411853500e-04
28.416383	-2.512370770e-02
28.421383	-3.633489529e-02
28.426383	-7.916011386e-03
28.431384	-2.944986342e-03
28.436384	-5.114613738e-03
28.441384	-2.754925489e-02
28.446384	-3.041584824e-02
28.451384	-6.653737387e-03
28.456385	-5.161542723e-03
28.461385	-7.923140987e-03
28.466385	-3.141073057e-02
28.471385	-2.759564876e-02
28.476386	-7.346883836e-04
28.481386	-4.825221718e-03
28.486386	-6.927851727e-03
28.491386	-1.167935277e-02
28.496387	-3.522093934e-02
28.501387	-1.986141893e-02
28.506387	1.750797251e-03
28.511387	-7.318139453e-04
28.516388	-2.059481281e-03
28.521388	-3.170159113e-03
28.526388	-3.552872307e-03
28.531388	-9.497307403e-04
28.536389	-1.449580322e-02
28.541389	-3.511553141e-02
28.546389	-1.483025013e-02
28.551389	-1.562627291e-03
28.556390	-1.764261844e-04
28.561390	7.617967865e-04
28.566390	-4.038777946e-04
28.571390	1.039320729e-03
28.576391	-1.561283895e-03
28.581391	-9.490448068e-04
28.586391	-2.935679183e-03
28.591391	-9.575064397e-04
28.596392	3.133563544e-03
28.601392	6.489535913e-04
28.606392	-3.155592065e-03
28.611392	2.531400444e-03
28.616393	2.673649185e-02
28.621393	2.652677144e-02
28.626393	4.244125259e-03
28.631393	1.261539917e-03
28.636393	-7.840909578e-04
28.641394	-1.450788875e-03
28.646394	3.414244074e-03
28.651394	9.286347979e-04
28.656394	-2.052950279e-03
28.661395	-6.197501359e-04
28.666395	1.215430508e-03
28.671395	5.477330145e-04
28.676395	-1.067918285e-03
28.681396	1.876208579e-03
28.686396	2.145596424e-04
28.691396	-2.606032833e-03
28.696396	-3.888704055e-04
28.701397	3.474211987e-03
28.706397	1.096461693e-04
28.711397	-2.165972579e-03
28.716397	-2.881667179e-03
28.721398	-1.771450573e-03
28.726398	-1.929432714e-02
28.731398	-3.332737348e-02
28.736398	-1.040221829e-02
28.741399	1.025413816e-04
28.746399	2.258063245e-04
28.751399	-1.079064328e-04
28.756399	-4.152438545e-03
28.761400	-1.828280523e-03
28.766400	-3.040950322e-03
28.771400	-3.815641375e-03
28.776400	-1.608977276e-02
28.781401	-3.139375663e-02
28.786401	-1.303837845e-02
28.791401	1.434188748e-03
28.796401	-1.329405212e-03
28.801402	4.967775322e-04
28.806402	-4.148724724e-03
28.811402	-4.540433927e-03
28.816402	-2.216275235e-03
28.821403	-1.709028064e-03
28.826403	-8.067446720e-03
28.831403	-2.973712021e-02
28.836403	-2.292917947e-02
28.841403	-1.986926512e-03
28.846404	-6.087214235e-04
28.851404	4.520951575e-06
28.856404	-1.766120604e-03
28.861404	-3.371770128e-03
28.866405	-1.545586599e-03
28.871405	-4.943652979e-04
28.876405	-2.756982671e-03
28.881405	-1.243123930e-02
28.886406	-2.995411393e-02
28.891406	-1.878738465e-02
28.896406	-2.928883636e-03
28.901406	-1.567457232e-04
28.906407	7.224843660e-04
28.911407	-4.917968210e-03
28.916407	-2.145830119e-03
28.921407	-7.678287832e-03
28.926408	-3.321077220e-02
28.931408	-2.591685398e-02
28.936408	-1.540766991e-03
28.941408	-2.640440185e-03
28.946409	-1.483223150e-03
28.951409	-2.298190353e-02
28.956409	-3.360111328e-02
28.961409	-9.168028770e-03
28.966410	-3.585026877e-03
28.971410	-3.976734170e-03
28.976410	-2.685134729e-02
28.981410	-3.447870235e-02
28.986411	-8.727681683e-03
28.991411	-5.918037297e-04
28.996411	-1.263594367e-02
29.001411	-3.597953368e-02
29.006412	-1.923107468e-02
29.011412	-3.850549045e-03
29.016412	-2.530339121e-03
29.021412	-1.059867225e-02
29.026412	-3.718210431e-02
29.031413	-1.867473061e-02
29.036413	-3.916174417e-03
29.041413	-3.246932524e-03
29.046413	-5.176564101e-03
29.051414	-3.375789864e-02
29.056414	-2.403709706e-02
29.061414	-5.961701990e-03
29.066414	-3.187562242e-03
29.071415	8.465162504e-04
29.076415	-2.336703055e-02
29.081415	-3.320227701e-02
29.086415	-9.161171967e-03
29.091416	-3.301182102e-03
29.096416	-3.357904248e-03
29.101416	-1.589715144e-03
29.106416	-5.231262723e-03
29.111417	-5.124992629e-03
29.116417	-1.882405065e-02
29.121417	-3.142216220e-02
29.126417	-1.098488132e-02
29.131418	3.659681504e-03
29.136418	-1.644784809e-03
29.141418	-1.415520359e-03
29.146418	8.976427359e-04
29.151419	-2.751903942e-03
29.156419	-5.782480685e-03
29.161419	1.788426716e-03
29.166419	-6.381793061e-04
29.171420	-3.794749749e-03
29.176420	-5.346323976e-04
29.181420	-6.393512434e-04
29.186420	3.548764877e-04
29.191421	1.513096294e-03
29.196421	-2.075437457e-04
29.201421	-2.912135847e-03
29.206421	-3.675822344e-03
29.211421	-5.502457058e-03
29.216422	-9.814970743e-03
29.221422	-8.933737122e-03
29.226422	-6.562575951e-03
29.231422	-8.647197887e-03
29.236423	-1.440164118e-02
29.241423	-6.886730158e-03
29.246423	-1.073736259e-03
29.251423	-9.214668303e-04
29.256424	1.124710489e-03
29.261424	-2.517835300e-03
29.266424	-1.366741729e-04
29.271424	3.025815110e-04
29.276425	-1.246066010e-03
29.281425	-8.884515561e-05
29.286425	-6.425409855e-04
29.291425	1.633625527e-03
29.296426	4.099624098e-04
29.301426	-9.666932069e-04
29.306426	-6.324320293e-04
29.311426	-1.080132744e-03
29.316427	-1.461836615e-03
29.321427	-3.056152734e-04
29.326427	3.068498191e-03
29.331427	-7.930361743e-04
29.336428	-2.791661142e-03
29.341428	6.894472785e-04
29.346428	2.123655364e-03
29.351428	-1.681881509e-03
29.356429	-2.119582221e-03
29.361429	2.238483739e-03
29.366429	-1.891200274e-04
29.371429	-2.901709872e-03
29.376430	1.374204354e-04
29.381430	5.856768790e-04
29.386430	-5.699885703e-04
29.391430	8.072227739e-04
29.396430	8.053655602e-05
29.401431	-3.007034718e-03
29.406431	-3.723721315e-03
29.411431	-6.345930660e-04
29.416431	2.079553485e-03
29.421432	2.575808021e-03
29.426432	-1.131732816e-03
29.431432	1.225089472e-02
29.436432	2.811040178e-02
29.441433	1.506231565e-02
29.446433	4.623102617e-03
29.451433	1.088553627e-03
29.456433	6.478541308e-04
29.461434	-1.178777868e-03
29.466434	1.424369993e-04
29.471434	4.291514303e-03
29.476434	2.637874045e-03
29.481435	3.727992103e-05
29.486435	5.065314609e-03
29.491435	3.043435947e-02
29.496435	2.440493237e-02
29.501436	1.855309256e-03
29.506436	1.863588435e-03
29.511436	1.865867959e-03
29.516436	-1.797528052e-04
29.521437	1.335486828e-02
29.526437	3.685200461e-02
29.531437	1.756322312e-02
29.536437	-1.622563324e-03
29.541438	9.865896510e-04
29.546438	2.303079689e-02
29.551438	3.540947454e-02
29.556438	1.026897808e-02
29.561439	7.017238185e-04
29.566439	1.683821875e-02
29.571439	3.535359798e-02
29.576439	1.651279516e-02
29.581439	1.649798810e-03
29.586440	1.618937166e-02
29.591440	3.586069484e-02
29.596440	1.683890103e-02
29.601440	1.499937471e-04
29.606441	2.817691046e-02
29.611441	3.497286040e-02
29.616441	9.278391520e-03
29.621441	2.923981520e-03
29.626442	2.878000408e-02
29.631442	3.265109656e-02
29.636442	7.569598053e-03
29.641442	-1.157469748e-04
29.646443	2.667823014e-02
29.651443	3.541608599e-02
29.656443	6.796759849e-03
29.661443	1.872280668e-03
29.666444	1.159408879e-02
29.671444	3.199537725e-02
29.676444	2.486500557e-02
29.681444	6.504653195e-04
29.686445	4.742547605e-03
29.691445	2.256950038e-03
29.696445	8.614922156e-03
29.701445	3.431995282e-02
29.706446	2.204383185e-02
29.711446	-3.046665472e-03
29.716446	1.438397988e-03
29.721446	1.265688165e-03
29.726447	2.315918879e-03
29.731447	4.362101174e-03
29.736447	1.095900399e-04
29.741447	8.339471510e-03
29.746448	3.221759152e-02
29.751448	1.918050803e-02
29.756448	-1.762678727e-04
29.761448	1.208946884e-03
29.766448	-3.856932980e-04
29.771449	1.430500584e-03
29.776449	6.558205969e-04
29.781449	-3.268492193e-04
29.786449	3.983223446e-03
29.791450	3.915509202e-03
29.796450	1.652901819e-03
29.801450	3.342485485e-04
29.806450	-1.216393384e-03
29.811451	-3.425003249e-03
29.816451	2.178405268e-02
29.821451	3.399274130e-02
29.826451	7.016336887e-03
29.831452	7.739235176e-04
29.836452	2.762306340e-04
29.841452	-2.265362737e-03
29.846452	1.607731775e-03
29.851453	2.161987844e-03
29.856453	3.363597753e-04
29.861453	2.821521974e-03
29.866453	1.491869865e-03
29.871454	9.502763254e-03
29.876454	3.399385470e-02
29.881454	1.891087202e-02
29.886454	-1.429854736e-03
29.891455	7.773212759e-04
29.896455	3.646465122e-03
29.901455	4.477708188e-03
29.906455	1.520146989e-02
29.911456	3.301188677e-02
29.916456	1.299514453e-02
29.921456	-2.814802385e-03
29.926456	1.889252450e-03
29.931457	2.882487916e-03
29.936457	3.207755935e-03
29.941457	2.769061178e-03
29.946457	2.306335751e-02
29.951457	3.145623307e-02
29.956458	7.739671252e-03
29.961458	1.683237870e-04
29.966458	-3.938197698e-05
29.971458	5.628728895e-04
29.976459	7.184152869e-06
29.981459	9.554222753e-04
29.986459	4.042556356e-03
29.991459	9.449914571e-04
29.996460	1.673240424e-03
30.001460	8.307202040e-03
30.006460	2.625861295e-02
30.011460	2.294205889e-02
30.016461	2.772325025e-03
30.021461	9.556980658e-04
30.026461	3.003883075e-03
30.031461	-6.566540598e-04
30.036462	-9.253562097e-04
30.041462	9.478374525e-04
30.046462	-4.582932631e-05
30.051462	1.074401069e-03
30.056463	-2.072516039e-04
30.061463	-1.927882869e-03
30.066463	1.839218855e-03
30.071463	6.825602349e-04
30.076464	7.087513947e-05
30.081464	-1.151780178e-03
30.086464	-1.199492629e-03
30.091464	2.907201239e-04
30.096465	2.350081528e-04
30.101465	2.339191117e-03
30.106465	3.389425416e-03
30.111465	-1.304060727e-03
30.116466	9.051172617e-04
30.121466	4.328236220e-03
30.126466	4.709503252e-03
30.131466	1.101848186e-02
30.136466	1.483458183e-02
30.141467	1.239698617e-02
30.146467	7.473511533e-03
30.151467	2.398044335e-03
30.156467	1.404378543e-03
30.161468	1.069680728e-03
30.166468	-2.009714963e-04
30.171468	4.012851801e-04
30.176468	-9.173646202e-04
30.181469	9.088325820e-04
30.186469	4.021433561e-04
30.191469	-9.725035877e-04
30.196469	8.526937946e-04
30.201470	-5.819501421e-04
30.206470	2.972933614e-04
30.211470	-3.703878117e-04
30.216470	-4.057921983e-03
30.221471	-3.038182515e-04
30.226471	2.066352871e-03
30.231471	1.132684815e-03
30.236471	2.728893689e-03
30.241472	4.612906342e-04
30.246472	-2.184293983e-03
30.251472	-1.467042207e-03
30.256472	-3.018121881e-04
30.261473	7.424237615e-04
30.266473	-1.141197764e-03
30.271473	-2.184860123e-03
30.276473	1.076268072e-03
30.281474	2.511485166e-03
30.286474	-5.760776007e-04
30.291474	-7.957798864e-04
30.296474	4.654458022e-04
30.301475	-2.412127056e-03
30.306475	-1.520883277e-03
30.311475	2.466209886e-03
30.316475	1.241556717e-03
30.321475	-6.900620058e-04
30.326476	-2.122704969e-03
30.331476	1.185421404e-03
30.336476	2.464646554e-03
30.341476	1.091000846e-03
30.346477	3.033994865e-05
30.351477	1.740544251e-03
30.356477	2.667061862e-02
30.361477	2.760686067e-02
30.366478	4.236285632e-03
30.371478	2.018681244e-03
30.376478	1.360605962e-04
30.381478	-9.056009349e-04
30.386479	9.785951909e-04
30.391479	1.197872380e-03
30.396479	1.058470348e-02
30.401479	3.385285910e-02
30.406480	2.131175738e-02
30.411480	-8.458763119e-04
30.416480	1.973274562e-03
30.421480	2.193551948e-03
30.426481	4.449730300e-03
30.431481	2.761289127e-02
30.436481	3.358788873e-02
30.441481	5.616538204e-03
30.446482	5.320739446e-04
30.451482	9.243432053e-04
30.456482	1.525602336e-03
30.461482	8.099255949e-04
30.466483	1.396457391e-02
30.471483	3.446886459e-02
30.476483	1.679301333e-02
30.481483	1.919025748e-03
30.486484	1.308344098e-03
30.491484	-1.348237950e-03
30.496484	6.979511861e-04
30.501484	2.476153403e-03
30.506485	3.087412448e-03
30.511485	5.918227254e-04
30.516485	2.467020341e-03
30.521485	4.513209676e-03
30.526485	1.473646544e-03
30.531486	1.281238374e-02
30.536486	2.480808901e-02
30.541486	1.114704288e-02
30.546486	2.191767792e-03
30.551487	1.370096925e-03
30.556487	-6.185171145e-04
30.561487	2.039642754e-03
30.566487	1.590953853e-03
30.571488	-1.841589802e-03
30.576488	-7.803521036e-04
30.581488	2.628865092e-04
30.586488	7.601517301e-04
30.591489	1.649397914e-03
30.596489	-3.472154248e-04
30.601489	7.130225156e-04
30.606489	2.153363095e-04
30.611490	-4.533415368e-04
30.616490	-1.665992873e-03
30.621490	4.271949537e-04
30.626490	1.373438634e-03
30.631491	-2.276093999e-03
30.636491	3.240692710e-04
30.641491	-6.135952558e-04
30.646491	-1.857543128e-02
30.651492	-2.753170551e-02
30.656492	-1.095522223e-02
30.661492	-5.746256969e-05
30.666492	1.376757667e-03
30.671493	5.190862127e-03
30.676493	7.065061028e-03
30.681493	5.456684338e-04
30.686493	-1.662933904e-03
30.691494	1.264213869e-03
30.696494	3.088415353e-03
30.701494	1.875764661e-03
30.706494	-6.088240968e-04
30.711494	2.592310492e-03
30.716495	1.061421052e-02
30.721495	1.331936932e-02
30.726495	5.575036670e-03
30.731495	1.656517879e-03
30.736496	2.479768371e-03
30.741496	-7.797824145e-04
30.746496	-5.252717784e-05
30.751496	8.277206503e-04
30.756497	-2.823810950e-03
30.761497	1.046291453e-03
30.766497	1.219573795e-03
30.771497	3.102772961e-03
30.776498	1.163158198e-03
30.781498	1.709422498e-03
30.786498	2.951536027e-02
30.791498	2.736475588e-02
30.796499	2.541254886e-03
30.801499	8.776268729e-04
30.806499	-2.039254688e-06
30.811499	-6.597161493e-04
30.816500	8.305024665e-04
30.821500	4.376621069e-03
30.826500	4.816890852e-03
30.831500	2.287530330e-02
30.836501	3.045622566e-02
30.841501	8.354592529e-03
30.846501	-1.047044567e-04
30.851501	-4.383968325e-04
30.856502	8.808303890e-04
30.861502	1.404348130e-02
30.866502	3.660467487e-02
30.871502	1.802187071e-02
30.876503	-1.545885482e-03
30.881503	2.267220553e-03
30.886503	5.145372122e-03
30.891503	2.936048538e-02
30.896503	2.830782831e-02
30.901504	6.590176915e-03
30.906504	2.881649159e-03
30.911504	-2.159082959e-04
30.916504	1.669456061e-02
30.921505	3.554693505e-02
30.926505	1.648515458e-02
30.931505	-5.487245325e-04
30.936505	8.374999858e-04
30.941506	4.602608772e-03
30.946506	6.144825768e-03
30.951506	2.902000465e-02
30.956506	2.720338517e-02
30.961507	3.830814721e-03
30.966507	2.110190636e-03
30.971507	2.168480016e-03
30.976507	2.828740135e-03
30.981508	2.150712345e-02
30.986508	3.290186125e-02
30.991508	8.526339819e-03
30.996508	1.279984842e-03
31.001509	2.055239533e-03
31.006509	3.604456593e-03
31.011509	3.499754174e-03
31.016509	1.837127603e-03
31.021510	2.565726097e-02
31.026510	2.825742702e-02
31.031510	4.218889451e-03
31.036510	2.612260288e-03
31.041511	3.328518116e-03
31.046511	8.439317431e-04
31.051511	1.896173287e-03
31.056511	2.336444644e-03
31.061512	1.764899229e-02
31.066512	2.853675529e-02
31.071512	1.382676402e-02
31.076512	3.283570011e-03
31.081512	2.337908976e-03
31.086513	-9.786366485e-04
31.091513	2.891468027e-03
31.096513	2.438899117e-04
31.101513	8.313790272e-03
31.106514	3.251690555e-02
31.111514	1.854187878e-02
31.116514	9.540278466e-04
31.121514	2.721235050e-03
31.126515	3.171506374e-03
31.131515	4.998710721e-03
31.136515	-1.300689425e-03
31.141515	1.378286988e-02
31.146516	3.422916824e-02
31.151516	1.588635427e-02
31.156516	1.291357947e-03
31.161516	3.891524869e-03
31.166517	-1.854901997e-03
31.171517	1.173873000e-02
31.176517	3.534187492e-02
31.181517	1.980892440e-02
31.186518	5.392919559e-03
31.191518	-4.195039403e-04
31.196518	1.953081887e-02
31.201518	3.838219519e-02
31.206519	1.041285003e-02
31.211519	1.799562957e-03
31.216519	4.725714357e-03
31.221519	3.125271727e-02
31.226520	2.787817535e-02
31.231520	3.674647086e-03
31.236520	3.951927513e-03
31.241520	5.769133031e-03
31.246521	3.026023517e-02
31.251521	2.578574693e-02
31.256521	5.339035998e-03
31.261521	5.780308596e-03
31.266521	2.218380444e-02
31.271522	3.479148503e-02
31.276522	1.108593280e-02
31.281522	2.568641479e-03
31.286522	2.348946392e-03
31.291523	3.125202869e-03
31.296523	3.109413607e-02
31.301523	2.749960530e-02
31.306523	3.957045322e-03
31.311524	2.905390870e-03
31.316524	3.067677373e-03
31.321524	2.390695768e-02
31.326524	3.253883207e-02
31.331525	9.101267129e-03
31.336525	1.912911462e-03
31.341525	6.422678429e-04
31.346525	4.896355397e-03
31.351526	3.175634288e-02
31.356526	2.877478261e-02
31.361526	4.351265823e-03
31.366526	4.457555341e-03
31.371527	1.189009122e-03
31.376527	1.904443495e-02
31.381527	3.347902728e-02
31.386527	1.070043059e-02
31.391528	3.178091491e-03
31.396528	-7.245546170e-05
31.401528	1.031833377e-02
31.406528	3.573639174e-02
31.411529	2.148438025e-02
31.416529	5.177468788e-03
31.421529	1.143960079e-03
31.426529	2.138206727e-03
31.431530	2.905619185e-02
31.436530	3.292729855e-02
31.441530	6.229892871e-03
31.446530	-1.119454336e-03
31.451530	-5.181884248e-04
31.456531	2.043508710e-02
31.461531	3.287177711e-02
31.466531	1.368800592e-02
31.471531	4.291758463e-03
31.476532	1.538187772e-03
31.481532	-1.165385325e-03
31.486532	8.546437420e-03
31.491532	3.513943868e-02
31.496533	2.248335000e-02
31.501533	1.691657255e-03
31.506533	4.962793539e-03
31.511533	-6.466630513e-05
31.516534	1.093709383e-02
31.521534	3.337329754e-02
31.526534	2.043022298e-02
31.531534	3.415346605e-03
31.536535	7.107738531e-04
31.541535	1.778323869e-02
31.546535	3.502769519e-02
31.551535	1.425600174e-02
31.556536	4.086792356e-03
31.561536	2.031188154e-03
31.566536	-1.449346678e-03
31.571536	1.060636246e-02
31.576537	3.464848831e-02
31.581537	2.203939779e-02
31.586537	2.204658926e-03
31.591537	2.099959942e-03
31.596538	9.813103268e-04
31.601538	8.766113942e-04
31.606538	2.298683142e-02
31.611538	3.475555473e-02
31.616539	7.015200736e-03
31.621539	1.154782003e-03
31.626539	3.085984123e-03
31.631539	-5.695469091e-07
31.636539	3.817080008e-04
31.641540	1.260961389e-03
31.646540	4.402975271e-04
31.651540	-3.923657255e-04
31.656540	2.293279543e-02
31.661541	3.189065578e-02
31.666541	9.225055080e-03
31.671541	9.387546525e-04
31.676541	1.551021208e-03
31.681542	2.650264090e-03
31.686542	1.646814497e-04
31.691542	1.875894600e-03
31.696542	1.982185877e-03
31.701543	2.370942501e-02
31.706543	3.294327215e-02
31.711543	9.343717130e-03
31.716543	1.438398383e-03
31.721544	-2.822213131e-04
31.726544	-1.485866143e-03
31.731544	1.188677971e-02
31.736544	3.641588266e-02
31.741545	1.890303158e-02
31.746545	8.372074288e-04
31.751545	4.318334738e-03
31.756545	-1.714074961e-03
31.761546	1.453643098e-02
31.766546	3.702963316e-02
31.771546	1.642093287e-02
31.776546	6.099991328e-04
31.781547	3.152172277e-03
31.786547	1.671541211e-03
31.791547	-2.680674960e-04
31.796547	1.619242839e-02
31.801548	3.321689686e-02
31.806548	1.288518326e-02
31.811548	3.546934696e-03
31.816548	3.710223769e-03
31.821548	1.386633887e-03
31.826549	-1.709918357e-03
31.831549	5.250040030e-03
31.836549	3.150805932e-02
31.841549	2.704457366e-02
31.846550	4.379973770e-03
31.851550	3.262325338e-03
31.856550	2.278670407e-03
31.861550	-7.138867397e-04
31.866551	1.221978110e-02
31.871551	3.406301538e-02
31.876551	1.824308254e-02
31.881551	1.662595434e-04
31.886552	1.505491705e-03
31.891552	5.482595518e-03
31.896552	3.018369084e-02
31.901552	3.234388311e-02
31.906553	7.203403976e-03
31.911553	2.730919069e-03
31.916553	2.726002285e-02
31.921553	3.161810825e-02
31.926554	6.038650561e-03
31.931554	6.421929439e-03
31.936554	3.588279330e-02
31.941554	2.560759091e-02
31.946555	4.204930045e-03
31.951555	3.041595212e-02
31.956555	3.224216089e-02
31.961555	4.931787581e-03
31.966556	1.416563590e-02
31.971556	3.947970171e-02
31.976556	2.222583908e-02
31.981556	6.791853690e-04
31.986557	2.428133455e-02
31.991557	3.162227509e-02
31.996557	1.179753765e-02
32.001557	3.396244316e-03
32.006557	8.528292414e-03
32.011558	3.384135844e-02
32.016558	2.803093908e-02
32.021558	5.767320429e-03
32.026558	-3.600834609e-04
32.031559	-2.806666454e-03
32.036559	-3.204894763e-04
32.041559	2.241170227e-02
32.046559	3.346146254e-02
32.051560	9.582922600e-03
32.056560	1.840597419e-03
32.061560	5.596712696e-03
32.066560	4.116082835e-03
32.071561	-4.065220924e-03
32.076561	-2.135016732e-03
32.081561	1.737092979e-03
32.086561	2.119372539e-03
32.091562	-1.474154402e-03
32.096562	-2.792792030e-03
32.101562	-1.473558008e-03
32.106562	9.749194087e-03
32.111563	3.313035452e-02
32.116563	1.942331984e-02
32.121563	3.402397784e-03
32.126563	5.381599784e-03
32.131564	2.724027448e-03
32.136564	-8.025025816e-04
32.141564	1.191217704e-02
32.146564	3.661227342e-02
32.151565	2.252225751e-02
32.156565	-1.958252734e-03
32.161565	1.041244370e-02
32.166565	3.622248614e-02
32.171566	1.904362062e-02
32.176566	2.516723394e-03
32.181566	2.113811572e-02
32.186566	3.396678996e-02
32.191566	1.423704865e-02
32.196567	7.106694218e-03
32.201567	3.081383912e-02
32.206567	2.843325358e-02
32.211567	7.881552342e-03
32.216568	2.268913039e-02
32.221568	3.650275683e-02
32.226568	1.042532454e-02
32.231568	1.943018503e-02
32.236569	3.810857478e-02
32.241569	1.301609462e-02
32.246569	-1.235913071e-03
32.251569	1.479560554e-02
32.256570	3.739380460e-02
32.261570	2.175486446e-02
32.266570	1.241161563e-03
32.271570	2.257742209e-02
32.276571	3.452613947e-02
32.281571	1.235951706e-02
32.286571	-5.155574971e-04
32.291571	1.711088363e-02
32.296572	3.684122239e-02
32.301572	1.866040609e-02
32.306572	2.467493054e-03
32.311572	1.048740174e-02
32.316573	3.153667639e-02
32.321573	2.285739776e-02
32.326573	4.733578761e-03
32.331573	4.352896323e-03
32.336574	2.518218174e-02
32.341574	3.523699150e-02
32.346574	5.843720980e-03
32.351574	2.145200067e-03
32.356575	3.302442867e-03
32.361575	-7.209378084e-05
32.366575	1.904527504e-02
32.371575	3.535478051e-02
32.376576	1.164923330e-02
32.381576	2.576973993e-03
32.386576	3.638221559e-03
32.391576	9.816500659e-04
32.396576	5.951707444e-03
32.401577	2.645700883e-02
32.406577	2.601732950e-02
32.411577	3.916704294e-03
32.416577	-1.119751308e-03
32.421578	4.128292618e-03
32.426578	1.317728725e-03
32.431578	3.710741408e-04
32.436578	2.742258112e-03
32.441579	1.423621660e-03
32.446579	2.679772908e-04
32.451579	-1.280647940e-03
32.456579	-3.433941285e-04
32.461580	4.888621776e-05
32.466580	2.419070325e-03
32.471580	1.865396735e-03
32.476580	-2.272019512e-04
32.481581	-2.052813616e-03
32.486581	-1.613535485e-03
32.491581	-1.498241573e-03
32.496581	1.818896537e-03
32.501582	3.138131888e-03
32.506582	-4.553936717e-04
32.511582	-3.379951772e-03
32.516582	8.261431335e-04
32.521583	2.203375717e-03
32.526583	-1.333152561e-03
32.531583	-1.495845011e-03
32.536583	5.403555459e-04
32.541584	-1.992221548e-03
32.546584	-3.205862814e-03
32.551584	-2.049619395e-03
32.556584	-6.143895386e-04
32.561585	1.651799893e-03
32.566585	-1.828731004e-03
32.571585	4.374584539e-04
32.576585	1.211720528e-03
32.581585	-2.659791302e-03
32.586586	-1.444550663e-03
32.591586	-1.549245776e-03
32.596586	-1.491948760e-03
32.601586	4.727615172e-05
32.606587	-3.824031087e-04
32.611587	-3.821032810e-04
32.616587	3.831593328e-04
32.621587	4.404564117e-04
32.626588	2.209670194e-03
32.631588	1.070724069e-04
32.636588	-3.707442059e-03
32.641588	-2.753091644e-04
32.646589	2.602850701e-03
32.651589	4.422557849e-04
32.656589	2.038478058e-03
32.661589	2.870737522e-03
32.666590	-5.507959960e-04
32.671590	-6.554909131e-04
32.676590	8.357365174e-04
32.681590	3.980883473e-03
32.686591	-1.160566300e-03
32.691591	9.124233234e-03
32.696591	3.637720704e-02
32.701591	2.033828761e-02
32.706592	-1.160366103e-03
32.711592	1.554801846e-03
32.716592	6.353868394e-03
32.721592	2.985002508e-02
32.726593	2.797641637e-02
32.731593	4.758846355e-03
32.736593	3.707197668e-03
32.741593	2.100575999e-03
32.746594	1.747312806e-02
32.751594	3.488058111e-02
32.756594	1.459586843e-02
32.761594	1.681406067e-02
32.766594	3.632441142e-02
32.771595	1.598370149e-02
32.776595	9.947311365e-04
32.781595	1.912814892e-02
32.786595	3.626861503e-02
32.791596	1.841278422e-02
32.796596	1.729721114e-04
32.801596	1.874736848e-02
32.806596	3.666179697e-02
32.811597	1.377721092e-02
32.816597	1.275119622e-03
32.821597	2.268371598e-03
32.826597	1.123523555e-02
32.831598	3.666229850e-02
32.836598	2.029739522e-02
32.841598	4.545462127e-03
32.846598	1.113929479e-03
32.851599	9.344829298e-03
32.856599	3.444690810e-02
32.861599	1.947693699e-02
32.866599	1.057133773e-03
32.871600	5.426221561e-03
32.876600	1.010736852e-03
32.881600	3.275927042e-03
32.886600	2.898097656e-02
32.891601	2.660139280e-02
32.896601	5.322728762e-03
32.901601	5.313029693e-03
32.906601	4.988345961e-03
32.911602	1.888827269e-05
32.916602	1.190061054e-02
32.921602	3.588374392e-02
32.926602	1.670897754e-02
32.931603	-1.413840013e-03
32.936603	2.171286039e-03
32.941603	-8.112682906e-04
32.946603	3.549754904e-04
32.951603	4.656066725e-03
32.956604	3.996399378e-03
32.961604	-4.760824127e-04
32.966604	-1.363738648e-03
32.971604	-8.564627593e-04
32.976605	-4.271830669e-04
32.981605	2.057996585e-03
32.986605	-4.745795714e-04
32.991605	3.664519609e-03
32.996606	2.599573349e-02
33.001606	2.053829969e-02
33.006606	5.663324201e-03
33.011606	3.942708569e-03
33.016607	-8.979454994e-05
33.021607	3.561328421e-03
33.026607	1.735717920e-03
33.031607	-5.858684377e-04
33.036608	1.900311246e-03
33.041608	1.240644026e-03
33.046608	4.659824090e-04
33.051608	-9.766466949e-04
33.056609	-1.350327812e-03
33.061609	8.390309784e-05
33.066609	1.462136739e-03
33.071609	-5.264657692e-04
33.076610	-2.018092456e-03
33.081610	2.236001253e-03
33.086610	2.839272633e-03
33.091610	7.770776606e-05
33.096611	8.039731728e-04
33.101611	-1.566610709e-03
33.106611	1.246600717e-02
33.111611	3.291331288e-02
33.116612	1.793534255e-02
33.121612	1.349450468e-03
33.126612	-6.381520217e-04
33.131612	3.730936152e-03
33.136612	2.019320243e-03
33.141613	-1.459209675e-03
33.146613	2.678871647e-02
33.151613	3.291671907e-02
33.156613	4.009426640e-03
33.161614	1.959130457e-04
33.166614	1.019472729e-02
33.171614	3.319390889e-02
33.176614	2.860643298e-02
33.181615	3.790941446e-03
33.186615	5.235172014e-03
33.191615	2.999326804e-02
33.196615	2.849264192e-02
33.201616	4.844093626e-03
33.206616	5.781348884e-03
33.211616	1.732908780e-02
33.216616	3.441055742e-02
33.221617	1.528378909e-02
33.226617	2.197726803e-03
33.231617	2.971990016e-03
33.236617	3.899245789e-03
33.241618	3.208917485e-02
33.246618	2.988158319e-02
33.251618	3.021191234e-03
33.256618	2.142534906e-03
33.261619	1.587862816e-03
33.266619	1.301177689e-03
33.271619	1.531467407e-03
33.276619	-1.221511916e-04
33.281620	-4.568339717e-04
33.286620	5.729165928e-03
33.291620	2.434956072e-02
33.296620	2.396688029e-02
33.301621	6.618025504e-03
33.306621	-1.669270251e-03
33.311621	3.139796674e-03
33.316621	2.805113918e-03
33.321621	-1.864395401e-04
33.326622	3.208367374e-04
33.331622	2.146048882e-03
33.336622	1.420385165e-03
33.341622	-1.324409542e-05
33.346623	1.144000564e-03
33.351623	-1.722558959e-03
33.356623	-1.446271423e-03
33.361623	3.686779766e-03
33.366624	-1.780653180e-03
33.371624	-9.244988945e-03
33.376624	-2.041014461e-02
33.381624	-2.520961005e-02
33.386625	-5.975245082e-03
33.391625	-7.841967010e-04
33.396625	-1.615855228e-03
33.401625	-5.066082052e-04
33.406626	-9.462858033e-04
33.411626	-2.675472885e-02
33.416626	-3.455504824e-02
33.421626	-7.140081359e-03
33.426627	-2.609000847e-03
33.431627	-7.473463107e-03
33.436627	-2.967808152e-02
33.441627	-2.780487166e-02
33.446628	-5.149673138e-03
33.451628	-2.167756780e-02
33.456628	-3.665553789e-02
33.461628	-1.310138311e-02
33.466629	-2.172366248e-02
33.471629	-3.880553018e-02
33.476629	-1.271949861e-02
33.481629	-2.255571891e-02
33.486630	-3.604176159e-02
33.491630	-8.071821695e-03
33.496630	-2.111088613e-02
33.501630	-3.991267012e-02
33.506630	-1.067079212e-02
33.511631	-7.908625503e-03
33.516631	-3.675792054e-02
33.521631	-2.537217358e-02
33.526631	-1.188352896e-02
33.531632	-3.724399378e-02
33.536632	-2.288639144e-02
33.541632	-2.935061319e-03
33.546632	-6.902567206e-03
33.551633	-2.471139952e-02
33.556633	-3.194674638e-02
33.561633	0.000000000e+00
