expfull_T9_run19
4314	0
0.000000	0.000000000e+00
0.005000	1.150325302e-04
0.010001	6.120437159e-04
0.015001	-8.318366444e-04
0.020001	1.051097098e-03
0.025001	1.883089566e-03
0.030002	1.042175512e-03
0.035002	-9.366749553e-04
0.040002	5.730845990e-05
0.045003	2.113388102e-04
0.050003	-1.432530376e-03
0.055003	-2.150451303e-03
0.060003	1.041409298e-03
0.065004	3.203327450e-03
0.070004	1.330471058e-03
0.075004	-4.403910333e-04
0.080004	-1.271305648e-03
0.085005	1.726526215e-04
0.090005	-1.261228301e-03
0.095005	-1.384182476e-03
0.100006	1.596689912e-03
0.105006	7.167780336e-04
0.110006	-1.881037851e-03
0.115006	-1.050045333e-03
0.120007	4.499098040e-04
0.125007	9.738416678e-07
0.130007	7.749695433e-04
0.135008	3.040881878e-03
0.140008	-1.139028870e-04
0.145008	-1.490786999e-03
0.150008	6.701312010e-04
0.155009	-2.187801796e-04
0.160009	-1.127471569e-04
0.165009	5.928217749e-05
0.170009	-1.212607805e-03
0.175010	-1.489553384e-03
0.180010	1.770303405e-03
0.185010	-1.270487736e-03
0.190011	-3.914979089e-04
0.195011	1.770420229e-03
0.200011	-2.184296951e-04
0.205011	3.835756068e-04
0.210012	-5.523331559e-04
0.215012	3.366561082e-04
0.220012	1.330639504e-03
0.225013	-6.672099214e-04
0.230013	1.167852068e-04
0.235013	-1.611603264e-04
0.240013	-1.499046633e-03
0.245014	7.758651824e-04
0.250014	1.387869917e-03
0.255014	3.369675717e-04
0.260015	-1.880869569e-03
0.265015	-1.106873889e-03
0.270015	2.103071875e-06
0.275015	1.493058687e-03
0.280016	2.497041512e-03
0.285016	-1.096718749e-03
0.290016	-3.535543548e-03
0.295016	2.702827114e-04
0.300017	4.199102097e-03
0.305017	8.903259059e-04
0.310017	-1.708489957e-03
0.315018	-4.945188746e-04
0.320018	-5.550448971e-05
0.325018	6.054974896e-04
0.330018	-1.210362129e-03
0.335019	-1.097329533e-03
0.340019	-1.163286937e-03
0.345019	1.160622116e-03
0.350020	1.053667001e-03
0.355020	1.167582607e-04
0.360020	-1.021905997e-04
0.365020	-1.111511953e-04
0.370021	2.798658575e-04
0.375021	-2.660647361e-04
0.380021	1.158894539e-03
0.385022	-6.659645937e-04
0.390022	-8.279166482e-04
0.395022	-7.708809409e-04
0.400022	9.400623470e-04
0.405023	1.181471654e-04
0.410023	-7.047679621e-04
0.415023	3.320046025e-03
0.420023	1.323196492e-03
0.425024	-1.822588842e-03
0.430024	-2.310522695e-03
0.435024	2.233745958e-04
0.440025	1.820324240e-03
0.445025	-1.602445624e-03
0.450025	-2.042382166e-03
0.455025	6.155081886e-04
0.460026	1.771482466e-03
0.465026	2.106502615e-03
0.470026	5.016311606e-04
0.475027	-3.705094908e-03
0.480027	-2.816105720e-03
0.485027	7.297350059e-04
0.490027	2.880653676e-03
0.495028	2.212729856e-03
0.500028	-2.261981249e-03
0.505028	-1.106006989e-03
0.510028	1.055911058e-03
0.515029	-1.485908060e-03
0.520029	6.150133916e-04
0.525029	2.823928806e-03
0.530030	1.091193484e-04
0.535030	6.151299142e-04
0.540030	-3.877752065e-04
0.545030	-1.161693125e-03
0.550031	-2.031605681e-03
0.555031	-2.736650803e-04
0.560031	1.544272166e-03
0.565032	6.643601611e-04
0.570032	1.764262511e-04
0.575032	2.344618307e-04
0.580032	-9.324341448e-04
0.585033	-1.487364318e-03
0.590033	8.265451994e-04
0.595033	-4.443449723e-04
0.600034	-4.923034819e-04
0.605034	-1.002865792e-04
0.610034	7.307057918e-04
0.615034	-4.921870719e-04
0.620035	3.298057969e-04
0.625035	1.380785868e-03
0.630035	1.725805384e-03
0.635035	1.333866078e-03
0.640036	-2.432884652e-03
0.645036	-6.549452132e-04
0.650036	7.220166292e-04
0.655037	-7.208639628e-04
0.660037	-2.148534585e-04
0.665037	9.991174835e-04
0.670037	2.831962619e-04
0.675038	5.602195535e-04
0.680038	-6.636732889e-04
0.685038	-8.736227917e-04
0.690039	8.363204222e-04
0.695039	-1.046535607e-03
0.700039	1.204379415e-04
0.705039	1.659390701e-03
0.710040	4.454972831e-04
0.715040	-1.371362445e-03
0.720040	-7.693573390e-04
0.725041	1.601548921e-03
0.730041	2.271550222e-03
0.735041	-1.256213916e-03
0.740041	-2.480106794e-03
0.745042	9.437406177e-04
0.750042	7.237916353e-04
0.755042	-6.060953286e-04
0.760042	5.909194584e-06
0.765043	-3.770306895e-04
0.770043	-1.427933252e-03
0.775043	-4.339500826e-04
0.780044	1.610974359e-03
0.785044	8.860535712e-04
0.790044	-1.648490041e-04
0.795044	-1.078134925e-04
0.800045	-8.737319989e-04
0.805045	5.022298067e-04
0.810045	-1.656941821e-04
0.815046	-1.589575932e-03
0.820046	1.001317975e-03
0.825046	2.157292059e-03
0.830046	-8.734999096e-04
0.835047	-4.334858251e-04
0.840047	2.271401699e-03
0.845047	-5.042989630e-05
0.850047	-2.478255572e-03
0.855048	-1.045296985e-03
0.860048	1.220615054e-03
0.865048	1.115659569e-03
0.870049	-1.207171987e-03
0.875049	-2.201077806e-03
0.880049	-1.264091523e-03
0.885049	6.658392720e-04
0.890050	2.156794593e-03
0.895050	1.058894571e-03
0.900050	-8.239615928e-04
0.905051	8.389841062e-04
0.910051	-1.426850665e-03
0.915051	3.890864781e-04
0.920051	1.278075413e-03
0.925052	-2.315685166e-03
0.930052	-9.287240646e-04
0.935052	9.442098779e-04
0.940053	5.042730561e-04
0.945053	1.793298047e-04
0.950053	1.661285583e-03
0.955053	-4.895556480e-04
0.960054	-3.473350339e-03
0.965054	-1.158441117e-03
0.970054	2.388399263e-03
0.975054	1.230502532e-03
0.980055	2.597464712e-03
0.985055	-1.215283678e-03
0.990055	-3.299128680e-03
0.995056	-1.809173385e-03
1.000056	7.247235723e-04
1.005056	2.378669696e-03
1.010056	7.840712981e-06
1.015057	8.968295727e-04
1.020057	-6.520453479e-04
1.025057	-1.262972684e-03
1.030058	1.824893294e-03
1.035058	1.556946784e-03
1.040058	-7.098880348e-04
1.045058	-3.586688774e-03
1.050059	-9.277988434e-04
1.055059	3.602986484e-03
1.060059	-7.657309020e-04
1.065060	-1.637260488e-04
1.070060	5.622718714e-04
1.075060	-4.326340514e-04
1.080060	2.713228642e-03
1.085061	6.773808764e-04
1.090061	-2.639395317e-03
1.095061	-1.377427368e-03
1.100061	3.915122471e-04
1.105062	2.159451914e-03
1.110062	2.828452983e-03
1.115062	-2.696199860e-03
1.120063	-3.977089843e-03
1.125063	6.206916782e-04
1.130063	2.665615845e-03
1.135063	3.907813878e-04
1.140064	-1.979047766e-03
1.145064	-3.730990838e-04
1.150064	2.331788186e-03
1.155065	-1.319969349e-03
1.160065	-1.759906361e-03
1.165065	3.440144762e-04
1.170065	1.003016048e-03
1.175066	1.882005323e-03
1.180066	1.663055943e-03
1.185066	-1.643720898e-03
1.190066	-1.979663749e-03
1.195067	1.777164697e-03
1.200067	2.292895562e-04
1.205067	-6.026255960e-04
1.210068	-2.858461187e-03
1.215068	9.416912673e-06
1.220068	1.769356917e-03
1.225068	6.694567193e-04
1.230069	1.730435770e-03
1.235069	-4.884019129e-04
1.240069	6.115749488e-04
1.245070	-1.585263974e-03
1.250070	-1.922206830e-03
1.255070	3.440531820e-03
1.260070	5.647308217e-04
1.265071	-3.479004920e-03
1.270071	-1.204093743e-03
1.275071	1.395799270e-03
1.280072	8.888658820e-04
1.285072	3.919319299e-04
1.290072	1.249851212e-04
1.295072	1.250233885e-04
1.300073	-3.819100208e-04
1.305073	7.850630294e-04
1.310073	6.691077622e-04
1.315073	4.491583006e-04
1.320074	1.022107035e-05
1.325074	-1.146676047e-03
1.330074	-3.136843614e-04
1.335075	-1.432583613e-03
1.340075	8.903248076e-04
1.345075	1.734030833e-04
1.350075	3.444317363e-04
1.355076	1.731392439e-03
1.360076	-5.924395099e-04
1.365076	6.695281664e-04
1.370077	5.075754035e-04
1.375077	-3.918139113e-03
1.380077	-2.034206208e-03
1.385077	2.170597005e-03
1.390078	1.109694452e-03
1.395078	-5.431750296e-04
1.400078	-4.291432481e-04
1.405079	4.028484092e-04
1.410079	5.078806820e-04
1.415079	5.079188160e-04
1.420079	7.859414108e-04
1.425080	-4.379520755e-04
1.430080	-1.202871214e-03
1.435080	-1.642808519e-03
1.440080	-7.058227690e-04
1.445081	2.994008591e-03
1.450081	1.664120998e-03
1.455081	-4.867207270e-04
1.460082	-4.856827019e-04
1.465082	-3.236536787e-04
1.470082	-4.563114309e-05
1.475082	-1.029538099e-03
1.480083	2.888281039e-03
1.485083	8.904307283e-04
1.490083	-5.131194746e-03
1.495084	-5.334136219e-04
1.500084	3.549396272e-03
1.505084	6.135983480e-04
1.510084	-3.703086506e-04
1.515085	1.618618227e-03
1.520085	-1.920146022e-03
1.525085	-2.652004942e-04
1.530085	3.319637188e-03
1.535086	-6.001057917e-04
1.540086	-2.530959914e-03
1.545086	-8.110180429e-04
1.550087	8.429275095e-04
1.555087	3.369937461e-04
1.560087	7.004662216e-05
1.565087	4.530631729e-04
1.570088	7.870824551e-04
1.575088	-1.087774841e-03
1.580088	-1.212729925e-03
1.585089	1.172336865e-04
1.590089	-3.471990180e-05
1.595089	1.007259788e-03
1.600089	-9.335938521e-04
1.605090	3.463725266e-04
1.610090	1.264227117e-04
1.615090	-1.584443800e-03
1.620091	1.844952361e-04
1.625091	2.441406998e-03
1.630091	-6.563820341e-04
1.635091	-1.039322775e-03
1.640092	3.272474144e-03
1.645092	-4.272812716e-04
1.650092	-1.871162749e-03
1.655092	-5.991959894e-04
1.660093	-6.941528556e-04
1.665093	7.084221865e-05
1.670093	1.666790854e-03
1.675094	1.169856429e-03
1.680094	7.095563427e-05
1.685094	2.319844298e-04
1.690094	-2.195842120e-03
1.695095	6.250380331e-04
1.700095	-3.208713381e-04
1.705095	3.481290451e-04
1.710096	2.384053040e-03
1.715096	-2.309646932e-03
1.720096	-1.975627851e-03
1.725096	-9.806457115e-04
1.730097	2.394203438e-03
1.735097	-4.266012161e-04
1.740097	-2.806430518e-03
1.745098	1.724354018e-03
1.750098	1.169422729e-03
1.755098	-2.634595084e-04
1.760098	-2.586292024e-03
1.765099	-1.315325363e-03
1.770099	2.288510934e-03
1.775099	-1.869219072e-03
1.780099	1.610624139e-03
1.785100	1.179685871e-03
1.790100	-1.583122103e-03
1.795100	1.122764333e-03
1.800101	-3.201174107e-04
1.805101	-1.707002291e-03
1.810101	1.398861773e-03
1.815101	2.336846968e-03
1.820102	-7.119450701e-04
1.825102	1.897946686e-03
1.830102	2.231965607e-03
1.835103	3.961057702e-04
1.840103	-1.706739156e-03
1.845103	1.861926333e-04
1.850103	1.423979726e-05
1.855104	-1.477639291e-03
1.860104	-2.536701441e-04
1.865104	2.833373815e-04
1.870104	-1.868504852e-03
1.875105	-9.235201386e-04
1.880105	1.009409362e-03
1.885105	-1.418417473e-03
1.890106	-2.634445162e-04
1.895106	2.499438585e-03
1.900106	5.695839013e-04
1.905106	-5.973134231e-04
1.910107	7.886465952e-04
1.915107	2.917118188e-04
1.920107	1.008709202e-03
1.925108	1.401724681e-03
1.930108	2.928240767e-04
1.935108	-9.230705567e-04
1.940108	-8.180390093e-04
1.945109	-1.866942990e-03
1.950109	1.789800879e-04
1.955109	1.065967917e-03
1.960110	-2.576791147e-03
1.965110	-8.168521126e-04
1.970110	2.281012152e-03
1.975110	9.521237691e-04
1.980111	-8.167400371e-04
1.985111	-2.047368904e-04
1.990111	-2.135591661e-03
1.995111	-6.436377006e-04
2.000112	3.266181145e-03
2.005112	1.171335514e-03
2.010112	-1.084501130e-03
2.015113	-1.083463892e-03
2.020113	7.324719236e-04
2.025113	6.745124414e-04
2.030113	6.845491515e-04
2.035114	-7.583329598e-04
2.040114	-9.833258522e-05
2.045114	2.119580727e-03
2.050115	-8.162179871e-04
2.055115	1.333699108e-03
2.060115	-1.026131807e-03
2.065115	-4.839881488e-03
2.070116	1.172819736e-03
2.075116	2.884761271e-03
2.080116	-1.254970220e-03
2.085117	-1.035945280e-03
2.090117	3.980117633e-04
2.095117	2.013958629e-03
2.100117	1.565020868e-03
2.105118	6.314193540e-05
2.110118	-4.237937192e-04
2.115118	-6.997411720e-04
2.120118	-6.527066812e-04
2.125119	4.652679586e-04
2.130119	-1.082608447e-03
2.135119	-3.756108595e-04
2.140120	5.133765497e-04
2.145120	-2.035463140e-04
2.150120	-1.532434991e-03
2.155120	1.305091448e-04
2.160121	2.950388624e-03
2.165121	1.231521712e-03
2.170121	-1.588283690e-03
2.175122	-1.695240690e-03
2.180122	8.956515493e-04
2.185122	-1.588172653e-03
2.190122	-4.232007534e-04
2.195123	2.501672797e-03
2.200123	7.484538285e-05
2.205123	-1.589024673e-03
2.210123	3.419043906e-04
2.215124	1.957851046e-03
2.220124	-1.473920249e-03
2.225124	-1.646873651e-03
2.230125	9.060206218e-04
2.235125	3.520884904e-04
2.240125	1.288073096e-03
2.245125	-1.693723389e-03
2.250126	-2.028667784e-03
2.255126	-8.146987396e-04
2.260126	3.522729220e-04
2.265127	1.346254241e-03
2.270127	1.116303942e-03
2.275127	2.005291109e-03
2.280127	1.743902051e-05
2.285128	-8.144776693e-04
2.290128	1.325062296e-04
2.295128	3.525307404e-04
2.300129	-4.223891621e-04
2.305129	-2.023646699e-04
2.310129	-7.082996216e-04
2.315129	-1.530216926e-03
2.320130	1.068674611e-03
2.325130	-2.592144396e-04
2.330130	7.437662554e-04
2.335130	2.559701514e-03
2.340131	1.228744012e-04
2.345131	-3.907983753e-05
2.350131	1.232885789e-03
2.355132	1.329839423e-04
2.360132	-1.138908304e-03
2.365132	-4.309111919e-04
2.370132	1.240944590e-04
2.375133	-5.848292733e-04
2.380133	-8.782040084e-05
2.385133	-2.190666262e-03
2.390134	-2.587375901e-04
2.395134	1.176218842e-03
2.400134	-1.530593299e-03
2.405134	-1.446341486e-04
2.410135	4.013719279e-04
2.415135	1.842990270e-05
2.420135	7.546328261e-05
2.425136	1.337429323e-03
2.430136	2.561397477e-03
2.435136	-6.983838344e-04
2.440136	-1.693291713e-03
2.445137	6.306149485e-04
2.450137	4.106637468e-04
2.455137	4.576976164e-04
2.460137	4.017372313e-04
2.465138	3.547763334e-04
2.470138	-1.147103276e-03
2.475138	-5.940977190e-04
2.480139	3.528858130e-04
2.485139	1.405863412e-03
2.490139	2.389650446e-04
2.495139	-1.309911989e-03
2.500140	4.590255735e-04
2.505140	-9.590702007e-05
2.510140	-4.788492344e-04
2.515141	1.911497045e-04
2.520141	-1.356727435e-03
2.525141	-1.146702814e-03
2.530141	7.932251326e-04
2.535142	2.180183968e-03
2.540142	1.253351161e-04
2.545142	-1.587532855e-03
2.550142	-4.775585733e-04
2.555143	2.964344727e-04
2.560143	3.534675710e-04
2.565143	5.744914954e-04
2.570144	3.545400504e-04
2.575144	-1.137340332e-03
2.580144	6.785944406e-04
2.585144	4.596429085e-04
2.590145	-7.542530381e-04
2.595145	4.017185805e-04
2.600145	1.186710918e-03
2.605146	6.327780626e-04
2.610146	-1.415071326e-03
2.615146	1.818756096e-04
2.620146	4.598962341e-04
2.625147	-2.570275561e-04
2.630147	1.999310315e-05
2.635147	-2.407835106e-03
2.640148	-1.519250448e-04
2.645148	3.450832899e-04
2.650148	-8.018165270e-04
2.655148	1.510090373e-03
2.660149	5.171819297e-04
2.665149	-1.469670984e-03
2.670149	-4.196936019e-04
2.675149	6.892804729e-04
2.680150	9.003047129e-04
2.685150	1.846287874e-03
2.690150	-1.193506257e-03
2.695151	-2.417401869e-03
2.700151	2.783343510e-03
2.705151	1.071475144e-03
2.710151	-6.483927854e-04
2.715152	7.375657252e-04
2.720152	-7.453154690e-04
2.725152	-2.072205391e-03
2.730153	-5.332554618e-04
2.735153	2.391617013e-03
2.740153	4.027640477e-04
2.745153	-9.161263650e-04
2.750154	-4.181183141e-04
2.755154	8.428470929e-04
2.760154	1.893824223e-03
2.765155	-2.846875029e-03
2.770155	-1.966888367e-03
2.775155	2.782882047e-03
2.780155	2.400939201e-03
2.785156	9.110582543e-04
2.790156	-1.527769678e-03
2.795156	-1.087758487e-03
2.800156	-2.578639411e-03
2.805157	-3.617275329e-04
2.810157	3.282104600e-03
2.815157	2.313108073e-04
2.820158	-9.735861429e-04
2.825158	-7.425633412e-04
2.830158	-1.985580399e-04
2.835158	2.414530610e-04
2.840159	-7.524557242e-04
2.845159	-1.919354854e-03
2.850159	3.565536252e-04
2.855160	1.799508638e-03
2.860160	7.376036061e-04
2.865160	-1.503111592e-04
2.870160	7.386747737e-04
2.875161	7.387103681e-04
2.880161	1.367795880e-04
2.885161	1.073762804e-03
2.890161	1.732761542e-03
2.895162	-4.180827220e-04
2.900162	-2.462932920e-03
2.905162	-6.949961830e-04
2.910163	-1.803898704e-03
2.915163	-8.669155576e-04
2.920163	2.563928224e-03
2.925163	2.420934448e-04
2.930164	-2.079741346e-03
2.935164	1.293105641e-03
2.940164	2.516072749e-03
2.945165	-9.716969273e-04
2.950165	-3.371391891e-05
2.955165	-1.191613808e-03
2.960165	5.193259853e-04
2.965166	1.399312199e-03
2.970166	-2.520433398e-03
2.975166	3.084438909e-04
2.980167	2.124377769e-03
2.985167	-1.754370154e-03
2.990167	-1.143368970e-03
2.995167	3.061431387e-03
3.000168	7.395964298e-04
3.005168	-5.312972644e-04
3.010168	3.576883387e-04
3.015168	-5.222272268e-04
3.020169	-2.242095869e-03
3.025169	6.827759357e-04
3.030169	1.617758920e-03
3.035170	-1.688021140e-03
3.040170	-2.183958222e-03
3.045170	1.849446006e-04
3.050170	2.344859089e-03
3.055171	9.589716996e-04
3.060171	-5.879067064e-04
3.065171	-1.074844352e-03
3.070172	9.110798097e-04
3.075172	1.851554934e-04
3.080172	-1.304726147e-03
3.085172	2.346104946e-03
3.090173	2.522570305e-04
3.095173	3.582861766e-04
3.100173	2.343281617e-04
3.105174	-1.085563039e-03
3.110174	3.573913649e-04
3.115174	7.404049840e-04
3.120174	-8.151407960e-05
3.125175	-1.019426674e-03
3.130175	-1.085388004e-03
3.135175	-1.027356276e-03
3.140175	8.161671556e-05
3.145176	2.786500517e-03
3.150176	1.017634293e-03
3.155176	-1.142210097e-03
3.160177	-4.162157562e-04
3.165177	-1.961931547e-04
3.170177	-4.161459806e-04
3.175177	-1.085073731e-03
3.180178	7.189647725e-05
3.185178	3.579153404e-04
3.190178	2.012857698e-03
3.195179	-1.131931757e-03
3.200179	-8.095567610e-05
3.205179	9.600209503e-04
3.210179	8.010490040e-05
3.215180	-4.148326743e-04
3.220180	-8.981607955e-05
3.225180	2.432000554e-04
3.230180	-3.587315792e-04
3.235181	-6.916782570e-04
3.240181	4.072950389e-04
3.245181	1.075292404e-03
3.250182	-9.695586540e-04
3.255182	6.833836482e-04
3.260182	5.784241662e-04
3.265182	3.024742259e-04
3.270183	1.343450685e-03
3.275183	-1.638348083e-03
3.280183	-8.543572901e-04
3.285184	3.586095192e-04
3.290184	-1.473276350e-04
3.295184	4.736722264e-04
3.300184	-2.326545686e-05
3.305185	1.736670736e-03
3.310185	-9.691435447e-04
3.315185	-2.079047016e-03
3.320186	8.558234844e-04
3.325186	-6.340587804e-04
3.330186	-5.290301795e-04
3.335186	1.677880958e-03
3.340187	8.200457646e-05
3.345187	1.239974301e-03
3.350187	8.480306187e-04
3.355187	-2.020774674e-03
3.360188	-1.189786718e-03
3.365188	1.077120988e-03
3.370188	-9.107335710e-04
3.375189	-3.577301220e-04
3.380189	2.013171732e-03
3.385189	-1.302608664e-03
3.390189	-8.066020704e-04
3.395190	1.679293318e-03
3.400190	5.223922466e-04
3.405190	7.514137185e-04
3.410191	-6.914713996e-04
3.415191	-1.303402964e-03
3.420191	1.125495542e-03
3.425191	1.305853513e-04
3.430192	1.134563452e-03
3.435192	6.376254083e-04
3.440192	-3.339118203e-03
3.445193	-1.351195125e-03
3.450193	1.076703355e-03
3.455193	-1.461941776e-04
3.460193	-4.231445823e-04
3.465194	2.071750113e-03
3.470194	2.463762300e-03
3.475194	-2.344934919e-03
3.480194	-5.280023814e-04
3.485195	5.709702608e-04
3.490195	-1.245894178e-03
3.495195	-4.129067011e-04
3.500196	2.460904848e-04
3.505196	1.574050276e-03
3.510196	-1.458196384e-04
3.515196	-9.197424248e-04
3.520197	8.323548443e-05
3.525197	1.804173261e-03
3.530197	8.572600995e-04
3.535198	-1.140594351e-03
3.540198	2.407241300e-03
3.545198	1.414017953e-04
3.550198	-2.631409394e-03
3.555199	6.294422509e-04
3.560199	-2.516348125e-03
3.565199	-6.914162714e-04
3.570199	3.344392028e-03
3.575200	-1.933764871e-04
3.580200	-3.073363334e-04
3.585200	-3.073025636e-04
3.590201	1.354638327e-03
3.595201	1.078687490e-03
3.600201	-2.067102999e-03
3.605201	9.157640384e-04
3.610202	6.288137734e-04
3.615202	6.288474580e-04
3.620202	4.188928621e-04
3.625203	-2.018937258e-03
3.630203	-1.415937309e-03
3.635203	1.990060799e-04
3.640203	8.010060561e-04
3.645204	-3.648951946e-04
3.650204	2.711648667e-05
3.655204	6.391158610e-04
3.660205	-8.780996210e-05
3.665205	4.101957532e-04
3.670205	8.112068739e-04
3.675205	1.992745818e-04
3.680206	1.184253042e-03
3.685206	-3.076301083e-04
3.690206	-1.243544340e-03
3.695206	-8.045354153e-04
3.700207	-2.132427773e-03
3.705207	1.414407462e-03
3.710207	-7.747576119e-05
3.715208	-2.573302901e-03
3.720208	2.674437247e-03
3.725208	1.356544258e-03
3.730208	2.576390166e-04
3.735209	7.446451427e-04
3.740209	-1.464198106e-03
3.745209	-2.735093781e-03
3.750210	2.778512925e-05
3.755210	1.796719564e-03
3.760210	5.248239015e-04
3.765210	1.898758687e-04
3.770211	-7.550380950e-04
3.775211	1.519868008e-03
3.780211	4.769594906e-04
3.785211	-2.562837459e-03
3.790212	1.738955341e-03
3.795212	1.289013644e-03
3.800212	-1.902774857e-03
3.805213	-2.064732675e-03
3.810213	-4.687887365e-04
3.815213	1.625127361e-03
3.820213	1.242181846e-03
3.825214	9.162331320e-04
3.830214	-4.686564255e-04
3.835214	2.493364963e-04
3.840215	1.624292693e-03
3.845215	-1.291511365e-03
3.850215	-1.844447470e-03
3.855215	1.022425315e-03
3.860216	4.674892908e-04
3.865216	1.405469830e-03
3.870216	1.635489913e-03
3.875217	-6.883473136e-04
3.880217	-1.635261495e-03
3.885217	-1.128256935e-03
3.890217	1.300640218e-03
3.895218	1.520660784e-03
3.900218	-8.511738368e-04
3.905218	1.022754281e-03
3.910218	-6.881173036e-04
3.915219	-1.300050310e-03
3.920219	-6.970512211e-04
3.925219	1.080882199e-03
3.930220	4.779486438e-04
3.935220	-2.513851441e-03
3.940220	-2.479453339e-04
3.945220	2.490596014e-04
3.950221	3.540864243e-04
3.955221	5.261094882e-04
3.960221	1.912064704e-03
3.965222	9.081534464e-04
3.970222	9.181855156e-04
3.975222	-1.461648889e-03
3.980222	-2.570554326e-03
3.985223	1.024277384e-03
3.990223	9.093163753e-04
3.995223	2.188277461e-03
4.000224	-3.535479692e-04
4.005224	-2.790379282e-03
4.010224	-9.644488069e-04
4.015224	6.324944480e-04
4.020225	7.455206063e-04
4.025225	4.215711663e-04
4.030225	8.045822068e-04
4.035225	-9.652864689e-04
4.040226	-8.430328575e-05
4.045226	2.497104454e-04
4.050226	-7.931988989e-04
4.055227	6.987500972e-04
4.060227	8.527738386e-04
4.065227	-1.356070403e-03
4.070227	1.438780990e-04
4.075228	5.268889974e-04
4.080228	-9.069985946e-04
4.085228	7.479411987e-04
4.090229	1.463933443e-03
4.095229	-1.184886308e-03
4.100229	-6.388845971e-04
4.105229	-2.468742971e-04
4.110230	-9.068052322e-04
4.115230	1.637084792e-03
4.120230	8.041634916e-04
4.125230	-1.518674571e-03
4.130231	7.472309387e-04
4.135231	1.635213429e-03
4.140231	-1.183596968e-03
4.145232	2.983522996e-04
4.150232	1.197334127e-03
4.155232	1.521348066e-03
4.160232	-8.453017221e-05
4.165233	-1.956393563e-03
4.170233	-2.292342795e-03
4.175233	-2.178317187e-03
4.180234	5.275635763e-04
4.185234	2.133505786e-03
4.190234	4.706306360e-04
4.195234	-7.432696184e-04
4.200235	1.310647510e-03
4.205235	7.467109045e-04
4.210235	2.987678008e-04
4.215236	-4.081608476e-04
4.220236	1.024790914e-03
4.225236	7.787564344e-05
4.230236	-2.281960692e-03
4.235237	1.579855300e-03
4.240237	1.025918020e-03
4.245237	-6.849546275e-04
4.250237	-1.409532907e-04
4.255238	2.295942258e-03
4.260238	-7.918534993e-04
4.265238	-2.061750854e-03
4.270239	-1.978233387e-04
4.275239	-2.680124295e-05
4.280239	5.271994361e-04
4.285239	-4.177161444e-04
4.290240	3.662716501e-04
4.295240	-7.467212474e-05
4.300240	1.245285687e-03
4.305241	-1.124550337e-03
4.310241	-2.061466448e-03
4.315241	2.517309217e-03
4.320241	8.624331913e-04
4.325242	-1.852383623e-03
4.330242	-7.994109923e-04
4.335242	-4.084013888e-04
4.340243	1.365995932e-04
4.345243	-1.239292105e-03
4.350243	2.134550772e-03
4.355243	3.845486553e-03
4.360244	-3.008099111e-03
4.365244	-2.950071002e-03
4.370244	1.302722694e-03
4.375244	6.337913907e-04
4.380245	1.948472193e-04
4.385245	7.008502289e-04
4.390245	-1.182013292e-03
4.395246	2.077835803e-03
4.400246	4.809562673e-04
4.405246	-2.185863499e-03
4.410246	1.790945483e-03
4.415247	-1.879127590e-04
4.420247	-9.048415327e-04
4.425247	7.500971403e-04
4.430248	8.641219001e-04
4.435248	7.581589355e-04
4.440248	4.152091962e-04
4.445248	4.142403304e-04
4.450249	-3.506858638e-04
4.455249	3.093083026e-04
4.460249	-6.846051304e-04
4.465249	-8.565645100e-04
4.470250	-1.515496696e-03
4.475250	-1.286478516e-03
4.480250	6.434446033e-04
4.485251	-4.644625460e-04
4.490251	-9.704033493e-04
4.495251	-1.964156904e-04
4.500251	2.077488138e-03
4.505252	-1.303576171e-04
4.510252	3.106485965e-04
4.515252	2.021583831e-03
4.520253	-1.076212247e-03
4.525253	-2.004129593e-03
4.530253	-7.891666960e-04
4.535253	1.523734832e-03
4.540254	3.846635784e-03
4.545254	-1.295046172e-03
4.550254	-7.410464116e-04
4.555255	1.073882873e-03
4.560255	-3.618824224e-03
4.565255	3.300238248e-05
4.570255	2.690884511e-03
4.575256	-6.738968402e-04
4.580256	-9.618501377e-04
4.585256	6.350912224e-04
4.590256	-5.788103697e-04
4.595257	1.305114919e-03
4.600257	6.451823368e-04
4.605257	-4.637251751e-04
4.610258	1.352203860e-03
4.615258	3.682893287e-04
4.620258	-3.486401392e-04
4.625258	-2.462779092e-05
4.630259	-8.465514273e-04
4.635259	-3.575483339e-04
4.640259	6.934233398e-04
4.645260	-2.924911862e-04
4.650260	3.115054282e-04
4.655260	-5.204177382e-04
4.660260	-1.076356344e-03
4.665261	-5.783538601e-04
4.670261	8.655957479e-04
4.675261	1.916567297e-03
4.680262	1.966936587e-04
4.685262	-7.982205071e-04
4.690262	2.047536704e-04
4.695262	-1.179138796e-03
4.700263	8.567776268e-04
4.705263	1.084795054e-03
4.710263	-2.431005951e-04
4.715263	6.938771805e-04
4.720264	3.394417086e-05
4.725264	-1.180957846e-03
4.730264	-2.116875470e-03
4.735265	2.634889069e-03
4.740265	1.142002532e-03
4.745265	-3.120729250e-03
4.750265	7.990817237e-04
4.755266	1.085095730e-03
4.760266	-4.047910480e-04
4.765266	-9.017333280e-04
4.770267	-8.074926972e-05
4.775267	-3.577038786e-04
4.780267	-2.613547928e-03
4.785267	2.797179608e-03
4.790268	1.917258637e-03
4.795268	3.683750288e-04
4.800268	1.353349814e-03
4.805268	-2.011432361e-03
4.810269	-1.251426962e-05
4.815269	2.065032615e-04
4.820269	-1.409376695e-03
4.825270	-1.944148519e-04
4.830270	1.478521382e-03
4.835270	8.655853275e-04
4.840270	-2.068221058e-03
4.845271	-4.622811363e-04
4.850271	-1.852669745e-04
4.855271	1.803651510e-03
4.860272	2.519641106e-03
4.865272	-1.016131735e-03
4.870272	-2.288031096e-03
4.875272	-2.173007975e-03
4.880273	1.640808445e-03
4.885273	2.911766938e-03
4.890273	2.357827384e-03
4.895274	-6.909727790e-04
4.900274	-1.685887729e-03
4.905274	-5.679207615e-04
4.910274	-1.512838542e-03
4.915275	7.520642989e-04
4.920275	2.641209460e-04
4.925275	2.551508101e-04
4.930275	1.354118746e-03
4.935276	-2.177504578e-05
4.940276	-6.247120477e-04
4.945276	1.201215211e-03
4.950277	1.413037063e-04
4.955277	-2.507519031e-03
4.960277	-1.756201017e-04
4.965277	1.077339098e-03
4.970278	1.297355998e-03
4.975278	1.373380926e-03
4.980278	-7.294724131e-04
4.985279	-8.534363482e-04
4.990279	-6.904163383e-04
4.995279	-2.984091427e-04
5.000279	1.584514724e-03
5.005280	1.363556133e-03
5.010280	-2.775183557e-03
5.015280	-6.232747773e-04
5.020281	2.129600402e-03
5.025281	-1.685157448e-03
5.030281	-1.016165863e-03
5.035281	1.421726861e-03
5.040282	2.033721593e-03
5.045282	9.728097863e-04
5.050282	-8.530592952e-04
5.055282	-2.410646197e-04
5.060283	1.409428881e-04
5.065283	-3.223840258e-03
5.070283	6.479722064e-04
5.075284	1.364960939e-03
5.080284	-7.378927798e-04
5.085284	-5.188762599e-04
5.090284	-6.987261039e-05
5.095285	1.920044916e-03
5.100285	-7.947746834e-04
5.105285	-1.512705885e-03
5.110286	2.626091508e-03
5.115286	9.152157521e-04
5.120286	-1.176638735e-03
5.125286	1.145260126e-03
5.130287	-8.436001543e-04
5.135287	1.088320459e-03
5.140287	9.163586148e-04
5.145287	-2.783406121e-03
5.150288	-1.675439524e-03
5.155288	6.474591647e-04
5.160288	9.451853153e-05
5.165289	-3.554278762e-04
5.170289	-6.323839697e-04
5.175289	1.416011924e-04
5.180289	1.813536159e-03
5.185290	1.318592188e-03
5.190290	-1.406227200e-03
5.195290	-1.187211105e-03
5.200291	9.256991426e-04
5.205291	-1.225152377e-03
5.210291	3.680538193e-05
5.215291	2.904673385e-03
5.220292	1.805763027e-03
5.225292	-1.292035657e-03
5.230292	-2.228955107e-03
5.235293	8.119031520e-04
5.240293	1.250906779e-03
5.245293	7.629621822e-04
5.250293	3.150153310e-04
5.255294	1.690966544e-03
5.260294	-9.008605502e-04
5.265294	-2.285755105e-03
5.270294	4.781184935e-04
5.275295	-1.673733245e-03
5.280295	5.341713814e-04
5.285295	1.251159298e-03
5.290296	-7.956983665e-04
5.295296	-1.347073607e-04
5.300296	-8.986367525e-04
5.305296	2.093292375e-04
5.310297	1.414289788e-03
5.315297	-7.659904214e-05
5.320297	-8.425284014e-04
5.325298	-1.225479181e-03
5.330298	2.962314614e-03
5.335298	1.796407545e-03
5.340298	-1.835361755e-03
5.345299	-2.864205648e-04
5.350299	-6.803708290e-04
5.355299	2.566045169e-04
5.360300	1.691552017e-03
5.365300	-5.172968936e-04
5.370300	8.116564892e-04
5.375300	-6.212358204e-04
5.380301	-1.128179891e-03
5.385301	1.356708840e-03
5.390301	-6.781498925e-04
5.395301	-7.841164288e-04
5.400302	2.098555520e-04
5.405302	2.408760183e-03
5.410302	-6.320424197e-04
5.415303	-2.562907064e-03
5.420303	1.538891176e-03
5.425303	-5.059671388e-04
5.430303	-2.959514726e-04
5.435304	1.748961642e-03
5.440304	3.808460470e-05
5.445304	3.150964667e-04
5.450305	-7.685431087e-05
5.455305	-1.844728224e-03
5.460305	-5.157752038e-04
5.465305	3.250041628e-03
5.470306	4.872232501e-04
5.475306	-2.006610179e-03
5.480306	-1.787595218e-03
5.485306	-6.896293918e-04
5.490307	1.310286015e-03
5.495307	-5.055853792e-04
5.500307	4.203899965e-04
5.505308	1.080380215e-03
5.510308	-2.227407874e-03
5.515308	-9.554518926e-04
5.520308	1.032464062e-03
5.525309	-6.744746096e-05
5.530309	5.925426551e-04
5.535309	8.705540951e-04
5.540310	2.596151877e-04
5.545310	3.646362532e-04
5.550310	-1.510232069e-03
5.555310	5.346805575e-04
5.560311	7.076977618e-04
5.565311	8.707155044e-04
5.570311	-1.681115072e-03
5.575312	-2.666033226e-03
5.580312	1.204777269e-03
5.585312	1.251801411e-03
5.590312	1.864793907e-03
5.595313	-1.393997269e-03
5.600313	-9.079977186e-04
5.605313	-2.380084698e-04
5.610313	-1.948886203e-03
5.615314	1.414952477e-03
5.620314	3.517861594e-03
5.625314	-2.289024384e-04
5.630315	-1.556801654e-03
5.635315	1.254067841e-03
5.640315	-1.451754420e-03
5.645315	-1.070749189e-03
5.650316	8.131720407e-04
5.655316	3.172262327e-04
5.660316	1.301197708e-03
5.665317	3.162791818e-04
5.670317	-1.337601985e-03
5.675317	2.027236389e-03
5.680317	4.793492576e-04
5.685318	-2.375843271e-04
5.690318	2.200305781e-03
5.695318	-2.665396019e-03
5.700319	-2.886357381e-03
5.705319	3.164899197e-04
5.710319	1.416454705e-03
5.715319	1.531474506e-03
5.720320	7.565440158e-04
5.725320	-1.892281785e-03
5.730320	-5.633298796e-04
5.735320	1.751566912e-03
5.740321	1.856587167e-03
5.745321	-6.302477699e-04
5.750321	-1.059197720e-03
5.755322	1.547605066e-04
5.760322	-1.567117238e-03
5.765322	8.781630458e-05
5.770322	1.646755190e-03
5.775323	5.938400015e-04
5.780323	-9.650469358e-04
5.785323	-1.059015752e-03
5.790324	1.091889972e-03
5.795324	1.693882224e-03
5.800324	2.699876591e-04
5.805324	-2.330841162e-03
5.810325	3.070372648e-04
5.815325	1.531994622e-03
5.820325	-2.838781248e-04
5.825325	-7.928239221e-04
5.830326	2.591430380e-04
5.835326	-3.507971585e-04
5.840326	9.820345171e-05
5.845327	2.372102068e-03
5.850327	-2.947232568e-04
5.855327	-1.297641580e-03
5.860327	-1.126625522e-03
5.865328	-2.276501620e-04
5.870328	1.762264216e-03
5.875328	2.191265794e-03
5.880329	-1.183520099e-03
5.885329	-3.438368595e-03
5.890329	-3.425161004e-04
5.895329	3.968268484e-03
5.900330	5.384855777e-04
5.905330	-1.182392841e-03
5.910330	-1.613343360e-03
5.915331	-8.963580462e-04
5.920331	8.715685216e-04
5.925331	-1.336282772e-03
5.930331	5.376378298e-04
5.935332	4.806663053e-04
5.940332	2.037070518e-04
5.945332	-7.425216744e-05
5.950332	-1.230162350e-03
5.955333	1.035736241e-03
5.960333	-1.068121015e-03
5.965333	-4.571299938e-04
5.970334	1.760771214e-03
5.975334	9.778400819e-04
5.980334	1.694825115e-03
5.985334	-7.810114636e-04
5.990335	-4.560045707e-04
5.995335	1.417915750e-03
6.000335	-2.003868036e-03
6.005336	1.560362604e-04
6.010336	3.357882313e-03
6.015336	-1.565817613e-03
6.020336	-2.941715807e-03
6.025337	8.730959285e-04
6.030337	-1.878199097e-04
6.035337	-6.187709712e-04
6.040338	2.583074951e-03
6.045338	-8.477085287e-04
6.050338	-3.977088819e-04
6.055338	9.782390025e-04
6.060339	-1.612591478e-03
6.065339	1.867238801e-03
6.070339	2.033564807e-04
6.075339	-1.172541954e-03
6.080340	4.233935283e-04
6.085340	-9.525049501e-04
6.090340	3.284480888e-04
6.095341	1.035433178e-03
6.100341	1.141451826e-03
6.105341	-4.074370736e-04
6.110341	-1.947326499e-03
6.115342	-4.563853036e-04
6.120342	9.305616804e-04
6.125342	-6.335831872e-05
6.130343	5.876297453e-04
6.135343	-4.552875601e-04
6.140343	1.254641288e-03
6.145343	5.387056669e-04
6.150344	-3.437047823e-03
6.155344	1.093723335e-03
6.160344	1.866704449e-03
6.165344	-8.471196217e-04
6.170345	4.185496675e-05
6.175345	-1.392040669e-03
6.180345	-6.309070977e-05
6.185346	1.590841067e-03
6.190346	2.049426833e-04
6.195346	-1.668928456e-03
6.200346	-1.725901143e-03
6.205347	2.249900803e-03
6.210347	2.029937179e-03
6.215347	-1.725828892e-03
6.220348	5.390685893e-04
6.225348	8.160771285e-04
6.230348	-2.165732257e-03
6.235348	4.241469978e-04
6.240349	7.591522291e-04
6.245349	-1.171715949e-03
6.250349	1.562337538e-04
6.255350	1.371189748e-03
6.260350	8.652418805e-04
6.265350	-1.840583083e-03
6.270350	-8.376153113e-04
6.275351	2.480223087e-03
6.280351	4.238308110e-05
6.285351	-1.124527965e-03
6.290351	-1.295598356e-04
6.295352	-7.225029990e-04
6.300352	7.114405559e-04
6.305352	2.079387776e-03
6.310353	1.591438678e-03
6.315353	5.395210715e-04
6.320353	-2.615279052e-03
6.325353	-2.385268336e-03
6.330354	6.545853476e-04
6.335354	1.973535170e-03
6.340354	-2.343179578e-04
6.345355	-5.602762657e-04
6.350355	-2.922677861e-04
6.355355	8.176936238e-04
6.360355	3.777416177e-04
6.365356	-1.898107824e-03
6.370356	4.280708550e-05
6.375356	7.117930456e-04
6.380357	-3.491243527e-04
6.385357	-2.060005455e-03
6.390357	1.762804206e-03
6.395357	2.699775101e-03
6.400358	-1.399972583e-03
6.405358	-1.860172118e-04
6.410358	1.579867485e-04
6.415358	-1.170915835e-03
6.420359	1.199974821e-03
6.425359	8.750160931e-04
6.430359	-8.368651583e-04
6.435360	1.095049958e-03
6.440360	-1.858554216e-04
6.445360	-8.947927846e-04
6.450360	-1.678104074e-04
6.455361	1.086142501e-03
6.460361	1.534140421e-03
6.465361	9.891938031e-04
6.470362	-6.826898666e-04
6.475362	-2.059590042e-03
6.480362	4.352934096e-04
6.485362	2.623259140e-04
6.490363	4.833363805e-04
6.495363	-2.905975801e-04
6.500363	2.053974746e-04
6.505363	1.584228466e-04
6.510364	-1.447464695e-03
6.515364	8.654287654e-04
6.520364	1.592410821e-03
6.525365	-1.113415327e-03
6.530365	-6.164204665e-04
6.535365	-1.184256849e-04
6.540365	-1.440891163e-05
6.545366	1.916505754e-03
6.550366	8.185896435e-04
6.555366	-1.772243069e-03
6.560367	1.586715279e-04
6.565367	9.806480670e-04
6.570367	1.487170006e-04
6.575367	9.806929346e-04
6.580368	-2.002117990e-03
6.585368	-7.311666322e-04
6.590368	2.638001245e-04
6.595369	1.707741770e-03
6.600369	-4.531151776e-04
6.605369	-2.116999918e-03
6.610369	-7.300551580e-04
6.615370	-1.170008337e-03
6.620370	-3.390325561e-04
6.625370	3.789495150e-04
6.630370	2.089876079e-03
6.635371	1.257944710e-03
6.640371	-5.679311424e-04
6.645371	-5.679090462e-04
6.650372	-8.918688698e-04
6.655372	7.130634997e-04
6.660372	1.697030544e-03
6.665372	1.918040199e-03
6.670373	1.591604625e-04
6.675373	-1.829706446e-03
6.680373	-6.727491612e-04
6.685374	1.012295002e-04
6.690374	9.232054561e-04
6.695374	9.822240213e-04
6.700374	4.429827076e-05
6.705375	-3.476580112e-04
6.710375	-8.926057678e-04
6.715375	-3.966117141e-04
6.720376	-3.945900815e-04
6.725376	-1.503506395e-03
6.730376	5.414010373e-04
6.735376	-1.175404673e-04
6.740377	1.593385580e-03
6.745377	2.367363959e-03
6.750377	-9.604284850e-04
6.755377	-9.604069058e-04
6.760378	-3.944169756e-04
6.765378	4.365581240e-04
6.770378	4.460153548e-05
6.775379	-1.237379497e-05
6.780379	-1.006296794e-03
6.785379	-6.032821468e-05
6.790379	1.324615812e-03
6.795380	-8.442416050e-04
6.800380	-2.412539316e-04
6.805380	2.539612022e-03
6.810381	-6.122132803e-05
6.815381	-2.784047885e-03
6.820381	-1.111120093e-03
6.825381	8.757901303e-04
6.830382	2.530718880e-03
6.835382	3.218635086e-04
6.840382	-1.676003677e-03
6.845382	-4.520509157e-04
6.850383	7.139050620e-04
6.855383	-7.289932055e-04
6.860383	2.639723910e-04
6.865384	7.049688068e-04
6.870384	-8.429236654e-04
6.875384	2.170381158e-04
6.880384	2.481932543e-03
6.885385	-1.120845177e-03
6.890385	-1.738771534e-04
6.895385	1.488050895e-03
6.900386	-1.748352948e-04
6.905386	3.221578006e-04
6.910386	8.761476871e-04
6.915386	-2.171661188e-03
6.920387	-1.560674534e-03
6.925387	1.765160394e-03
6.930387	-1.225651737e-03
6.935388	1.756202364e-03
6.940388	3.467127459e-03
6.945388	-1.111596015e-03
6.950388	-2.048523010e-03
6.955389	-6.861301798e-05
6.960389	-3.465768835e-04
6.965389	-4.515504395e-04
6.970389	1.757346685e-03
6.975390	1.479382747e-03
6.980390	-1.388436498e-03
6.985390	6.574696621e-04
6.990391	4.552431424e-05
6.995391	-1.245201267e-05
7.000391	-9.483793052e-04
7.005391	-2.057296956e-03
7.010392	1.595995287e-04
7.015392	-1.722274978e-03
7.020392	1.202581898e-03
7.025393	1.928561620e-03
7.030393	1.699594678e-03
7.035393	5.996763795e-04
7.040393	8.196843014e-04
7.045394	1.027445541e-04
7.050394	-1.665136492e-03
7.055394	-6.801713880e-04
7.060395	2.657958714e-04
7.065395	8.767818246e-04
7.070395	-1.341074175e-03
7.075395	6.588341186e-04
7.080396	-1.158044336e-03
7.085396	-6.908518844e-05
7.090396	7.058914796e-04
7.095396	-1.550962463e-03
7.100397	9.819159276e-04
7.105397	5.429603551e-04
7.110397	-1.549902824e-03
7.115398	4.602784835e-05
7.120398	1.641958496e-03
7.125398	-6.798919606e-04
7.130398	2.100780865e-04
7.135399	-1.088981341e-05
7.140399	-5.986734831e-05
7.145399	6.001154767e-04
7.150400	2.091570022e-04
7.155400	-2.056696731e-03
7.160400	-6.878818144e-05
7.165400	4.251989986e-03
7.170401	-3.376564161e-03
7.175401	-3.107559636e-03
7.180401	1.376209351e-03
7.185401	2.034192091e-03
7.190402	-1.005618566e-03
7.195402	-2.161534517e-03
7.200402	3.306179390e-03
7.205403	3.363195613e-03
7.210403	3.803816730e-04
7.215403	-2.496438215e-03
7.220403	-6.705209086e-04
7.225404	1.040402798e-03
7.230404	1.365403924e-03
7.235404	6.584626884e-04
7.240405	-1.712385596e-03
7.245405	-7.284213657e-04
7.250405	-4.024203947e-04
7.255405	-1.166358544e-03
7.260406	1.652503080e-03
7.265406	1.259544152e-03
7.270406	-1.396288356e-03
7.275407	-5.553162845e-04
7.280407	-4.983004313e-04
7.285407	-5.642777303e-04
7.290407	6.486734815e-04
7.295408	2.971562647e-03
7.300408	-8.902026237e-04
7.305408	-2.162112636e-03
7.310408	2.255659396e-03
7.315409	6.487680522e-04
7.320409	-1.388099290e-03
7.325409	6.028082769e-04
7.330410	-1.013868154e-05
7.335410	-5.090920347e-04
7.340410	-1.730920685e-04
7.345410	-1.051024295e-03
7.350411	-2.380931290e-03
7.355411	8.779052780e-04
7.360411	1.595883800e-03
7.365412	-1.118945883e-03
7.370412	1.422930673e-03
7.375412	1.871924151e-03
7.380412	-8.319062213e-04
7.385413	1.318992107e-03
7.390413	2.856924662e-03
7.395413	-1.386819738e-03
7.400414	-1.271807722e-03
7.405414	-2.878442874e-04
7.410414	-1.672748509e-03
7.415414	7.081368178e-04
7.420415	-5.780204077e-05
7.425415	-5.087585251e-04
7.430415	7.061918773e-04
7.435415	-3.347316907e-04
7.440416	2.192555951e-04
7.445416	1.052801806e-04
7.450416	6.012706570e-04
7.455417	-8.326310523e-04
7.460417	8.702919325e-04
7.465417	2.581214445e-03
7.470417	-1.224554803e-03
7.475418	-2.046490809e-03
7.480418	7.643701655e-04
7.485418	5.444004728e-04
7.490419	-9.464982276e-04
7.495419	8.704182114e-04
7.500419	6.014511810e-04
7.505419	-3.934753091e-04
7.510420	2.195083281e-04
7.515420	7.164984217e-04
7.520420	9.855012296e-04
7.525420	-5.063975913e-04
7.530421	1.700496880e-03
7.535421	-2.873742775e-04
7.540421	-1.443291948e-03
7.545422	3.087472593e-03
7.550422	-2.863211970e-04
7.555422	-9.319012934e-06
7.560422	4.966703504e-04
7.565423	-1.883179055e-03
7.570423	1.203666043e-03
7.575423	-1.281177546e-03
7.580424	-3.154055357e-03
7.585424	4.297618956e-04
7.590424	4.780072420e-05
7.595424	6.607839316e-04
7.600425	1.203771025e-03
7.605425	4.398311217e-04
7.610425	-1.141205406e-04
7.615426	9.488513885e-05
7.620426	2.098960452e-04
7.625426	-1.140685447e-04
7.630426	1.262871796e-03
7.635427	-1.662947457e-03
7.640427	6.589400308e-04
7.645427	2.035880295e-03
7.650427	5.449807847e-04
7.655428	-1.165906459e-03
7.660428	5.450150669e-04
7.665428	1.930954727e-03
7.670429	-2.599775025e-03
7.675429	-1.500819380e-03
7.680429	4.310896952e-04
7.685429	9.860756853e-04
7.690430	-2.298393951e-04
7.695430	-2.886673985e-03
7.700430	-1.138120026e-04
7.705431	2.591053753e-03
7.710431	-4.487595127e-04
7.715431	-1.328693495e-03
7.720431	1.043190791e-03
7.725432	-5.057058621e-04
7.730432	-8.896676353e-04
7.735432	2.590154664e-03
7.740432	-9.456310417e-04
7.745433	-1.500583337e-03
7.750433	6.503131433e-04
7.755433	6.513297300e-04
7.760434	7.083431620e-04
7.765434	-5.759744637e-05
7.770434	9.373635232e-04
7.775434	-1.661474717e-03
7.780435	-2.102433562e-03
7.785435	3.412274774e-03
7.790435	5.454514315e-04
7.795436	-3.095328690e-03
7.800436	3.164970752e-04
7.805436	7.074916135e-04
7.810436	1.712451819e-03
7.815437	3.825424668e-04
7.820437	-1.281348248e-03
7.825437	2.685814274e-04
7.830438	8.235666733e-04
7.835438	-8.370607565e-06
7.840438	9.275932983e-04
7.845438	-1.143323004e-04
7.850439	-1.662229652e-03
7.855439	-1.002250402e-03
7.860439	-1.327216141e-03
7.865439	1.874621023e-03
7.870440	1.921634447e-03
7.875440	2.117460177e-04
7.880440	-9.931706541e-04
7.885441	-1.051151441e-03
7.890441	2.037691907e-03
7.895441	-8.401313631e-04
7.900441	-2.389028917e-03
7.905442	1.042795188e-03
7.910442	2.591724480e-03
7.915442	-1.222046595e-03
7.920443	-2.216975208e-03
7.925443	2.533775094e-03
7.930443	1.597843133e-03
7.935443	1.042889857e-03
7.940444	-2.273909118e-03
7.945444	-1.823918600e-03
7.950444	2.119832731e-04
7.955445	-8.988769065e-06
7.960445	3.830049112e-04
7.965445	1.070358902e-04
7.970445	2.706906146e-03
7.975446	1.630637978e-04
7.980446	-3.382722589e-03
7.985446	-1.001840175e-03
7.990446	-5.058524619e-04
7.995447	5.461041585e-04
8.000447	5.191859937e-03
8.005447	1.206098005e-03
8.010448	-2.608673508e-03
8.015448	-8.877543726e-04
8.020448	-1.440708203e-03
8.025448	-5.627420167e-04
8.030449	1.597152511e-03
8.035449	7.662141359e-04
8.040449	-8.727394512e-06
8.045450	1.062813199e-04
8.050450	1.274231172e-03
8.055450	8.812682183e-04
8.060450	-3.916455908e-04
8.065451	-3.996301084e-04
8.070451	-1.393559559e-03
8.075451	-2.756070445e-04
8.080451	1.655300017e-03
8.085452	4.323832833e-04
8.090452	8.813730998e-04
8.095452	-2.321433053e-03
8.100453	-1.394469998e-03
8.105453	2.199344012e-03
8.110453	-1.441437746e-03
8.115453	-1.718407496e-03
8.120454	1.158446498e-03
8.125454	-5.547094840e-05
8.130454	4.885133499e-04
8.135455	-7.444267722e-06
8.140455	-1.440349557e-03
8.145455	3.480390097e-03
8.150455	7.655563875e-04
8.155456	-3.439194094e-03
8.160456	1.378551236e-03
8.165456	7.096031265e-04
8.170457	1.546486213e-04
8.175457	1.636625761e-04
8.180457	-7.722706933e-04
8.185457	9.286486678e-04
8.190458	-9.442322993e-04
8.195458	4.972651291e-05
8.200458	2.257617466e-03
8.205458	2.227454717e-04
8.210459	-1.336153146e-03
8.215459	1.158721692e-03
8.220459	4.897732929e-04
8.225460	1.482732003e-03
8.230460	9.387765660e-04
8.235460	-7.241163724e-04
8.240460	-1.833040292e-03
8.245461	-1.891022963e-03
8.250461	1.215817494e-03
8.255461	1.648902536e-04
8.260462	-4.470615421e-04
8.265462	7.188872895e-04
8.270462	4.993862570e-05
8.275462	1.559466321e-04
8.280463	9.289173431e-04
8.285463	-5.529859735e-04
8.290463	-8.289567023e-04
8.295464	-6.988808691e-06
8.300464	1.320950786e-03
8.305464	3.760173577e-04
8.310464	-6.947498596e-06
8.315465	-3.329155663e-04
8.320465	-1.336845777e-03
8.325465	-1.698973198e-04
8.330465	2.800911735e-04
8.335466	1.102058855e-03
8.340466	-2.268533030e-04
8.345466	-6.484879735e-05
8.350467	9.715568170e-05
8.355467	9.961189541e-04
8.360467	6.631510381e-04
8.365467	-7.337574531e-04
8.370468	-1.823683125e-03
8.375468	-2.377638772e-03
8.380468	2.813084550e-03
8.385469	2.593110187e-03
8.390469	-2.607585888e-03
8.395469	-1.498634562e-03
8.400469	1.876190123e-03
8.405470	5.472776192e-04
8.410470	-6.678214897e-06
8.415470	6.053007738e-04
8.420470	-1.660559455e-03
8.425471	-8.865895718e-04
8.430471	-5.562289993e-05
8.435471	-5.035847903e-04
8.440472	1.810298965e-03
8.445472	-1.215800599e-04
8.450472	-1.938465537e-03
8.455472	7.763957318e-04
8.460473	2.535310391e-03
8.465473	1.554562911e-04
8.470473	3.477674316e-06
8.475474	1.045432316e-03
8.480474	-5.624650002e-04
8.485474	-1.326409502e-03
8.490474	9.884739301e-04
8.495475	1.150477635e-03
8.500475	-1.718349330e-03
8.505475	-8.873830596e-04
8.510476	1.075740202e-04
8.515476	1.655834284e-04
8.520476	-5.033665689e-04
8.525476	1.427538131e-03
8.530477	-3.893477751e-04
8.535477	-1.164291930e-03
8.540477	9.306035257e-04
8.545477	1.086619430e-04
8.550478	2.707529184e-03
8.555478	-1.692976288e-04
8.560478	-3.868078539e-03
8.565479	7.096780442e-04
8.570479	1.761631617e-03
8.575479	-1.659164908e-03
8.580479	9.774921908e-05
8.585480	-4.462081122e-04
8.590480	-3.881991074e-04
8.595480	4.743526359e-03
8.600481	1.077975889e-04
8.605481	-1.994072796e-03
8.610481	2.268701145e-03
8.615481	6.618030474e-04
8.620482	-3.045977683e-03
8.625482	-1.775036644e-03
8.630482	3.252694445e-03
8.635483	1.599798810e-03
8.640483	6.528636998e-04
8.645483	-2.051973209e-03
8.650483	-2.318946368e-03
8.655484	2.593791012e-03
8.660484	5.094497036e-05
8.665484	-2.157919760e-03
8.670484	8.829221368e-04
8.675485	2.756829213e-03
8.680485	-1.335930330e-03
8.685485	-1.382915971e-03
8.690486	-2.739662308e-04
8.695486	-2.839539935e-04
8.700486	1.704946522e-03
8.705486	1.217985358e-03
8.710487	1.103003381e-03
8.715487	2.710614390e-04
8.720487	-2.838960071e-04
8.725488	-1.937792073e-03
8.730488	-2.108771030e-03
8.735488	2.258996369e-03
8.740488	3.133857973e-06
8.745489	2.141334758e-04
8.750489	8.251107164e-04
8.755489	-1.554744947e-03
8.760489	6.051456883e-04
8.765490	2.811750908e-04
8.770490	-1.056738876e-03
8.775490	-1.787766901e-04
8.780491	1.600135125e-03
8.785491	8.831863780e-04
8.790491	-1.612662994e-03
8.795491	-2.482603247e-03
8.800492	2.986102280e-03
8.805492	1.753182256e-03
8.810492	-2.386575366e-03
8.815493	-4.936701111e-04
8.820493	1.715217460e-03
8.825493	7.682813468e-04
8.830493	-1.383587464e-03
8.835494	-5.606225313e-04
8.840494	4.923295229e-04
8.845494	-1.047573565e-03
8.850495	-8.865717249e-04
8.855495	3.368201335e-03
8.860495	2.804243630e-03
8.865495	-1.114526640e-03
8.870496	-2.156457690e-03
8.875496	-5.356449582e-05
8.880496	7.684002475e-04
8.885496	-2.255335670e-04
8.890497	1.437384131e-03
8.895497	-1.172459444e-03
8.900497	-1.219446254e-03
8.905498	1.103434484e-03
8.910498	-8.854438713e-04
8.915498	-5.514520520e-04
8.920498	8.734787800e-04
8.925499	1.103476356e-03
8.930499	1.095422954e-04
8.935499	4.335345640e-04
8.940500	-5.342787977e-05
8.945500	-8.373737560e-04
8.950500	-1.497326588e-03
8.955500	1.275528733e-03
8.960501	1.982499464e-03
8.965501	-2.768224864e-03
8.970501	-5.023412969e-04
8.975502	6.056069465e-04
8.980502	-1.602259555e-03
8.985502	-6.653018116e-04
8.990502	2.708519736e-03
8.995503	3.148505195e-03
9.000503	-2.223184627e-03
9.005503	6.536646088e-04
9.010503	1.160646241e-03
9.015504	-2.386145635e-03
9.020504	1.427651163e-03
9.025504	8.356941204e-04
9.030505	-6.072153999e-04
9.035505	8.167148579e-04
9.040505	9.407177260e-04
9.045505	-2.815062637e-03
9.050506	-1.334135647e-03
9.055506	1.657902547e-04
9.060506	-1.879085794e-03
9.065507	-6.217765957e-05
9.070507	5.487978325e-04
9.075507	1.761739660e-03
9.080507	1.568389168e-04
9.085508	-1.219074650e-03
9.090508	-1.659040543e-03
9.095508	1.322802332e-03
9.100508	2.929722007e-03
9.105509	3.878734811e-04
9.110509	3.758835633e-04
9.115509	-3.410669899e-04
9.120510	5.018952638e-04
9.125510	-2.250547857e-04
9.130510	-1.449977037e-03
9.135510	4.919237272e-04
9.140511	6.649233072e-04
9.145511	-2.481891634e-03
9.150511	-1.219952958e-03
9.155512	1.094926855e-03
9.160512	-5.299986435e-05
9.165512	3.379873970e-04
9.170512	1.820913615e-03
9.175513	-1.390897860e-03
9.180513	2.140214855e-04
9.185513	1.819940748e-03
9.190514	-1.276877236e-03
9.195514	-1.099334993e-04
9.200514	1.323995291e-03
9.205514	-3.968996601e-04
9.210515	-5.598816924e-04
9.215515	3.380769640e-04
9.220515	-7.128555063e-04
9.225515	5.211052628e-05
9.230516	3.771011163e-04
9.235516	7.120911199e-04
9.240516	-7.128205636e-04
9.245517	1.571394914e-04
9.250517	2.631422074e-04
9.255517	1.671561826e-04
9.260517	5.217119178e-05
9.265518	-1.113755102e-03
9.270518	8.351445254e-04
9.275518	1.332125256e-03
9.280519	-2.347787149e-04
9.285519	7.701735755e-04
9.290519	1.888119524e-03
9.295519	-9.997107183e-04
9.300520	-8.367114640e-04
9.305520	1.572413302e-04
9.310520	-1.107353888e-04
9.315521	-4.447084476e-04
9.320521	-7.316841604e-04
9.325521	5.492524867e-04
9.330521	9.422387232e-04
9.335522	-3.296820356e-04
9.340522	-5.506615471e-04
9.345522	-9.416315875e-04
9.350522	-6.736384775e-04
9.355523	-7.796244979e-04
9.360523	3.149163997e-03
9.365523	3.646144228e-03
9.370524	-2.987477121e-03
9.375524	-6.076021589e-04
9.380524	1.047313285e-03
9.385524	1.583708487e-04
9.390525	-1.716516523e-03
9.395525	-1.161539699e-03
9.400525	2.710251759e-03
9.405526	1.046352514e-03
9.410526	-7.795377064e-04
9.415526	-1.438493161e-03
9.420526	-1.610475855e-03
9.425527	1.664325222e-04
9.430527	-1.585416784e-04
9.435527	-7.305021057e-04
9.440527	1.648372551e-03
9.445528	1.218404134e-03
9.450528	-2.815045245e-04
9.455528	-1.056453720e-03
9.460529	-1.209437699e-03
9.465529	3.531304842e-03
9.470529	5.974761970e-04
9.475529	-3.034313475e-03
9.480530	-2.244631227e-04
9.485530	2.480393068e-03
9.490530	1.675296135e-04
9.495531	-1.773354655e-03
9.500531	8.735046933e-04
9.505531	5.255778905e-05
9.510531	1.993456529e-03
9.515532	-5.242198353e-05
9.520532	-8.363710389e-04
9.525532	-1.674013089e-04
9.530533	4.445715780e-04
9.535533	2.203480348e-03
9.540533	-1.935281357e-03
9.545533	8.265713141e-04
9.550534	2.040510452e-03
9.555534	-1.610278604e-03
9.560534	-1.438281299e-03
9.565534	4.644960007e-06
9.570535	1.486569012e-03
9.575535	2.156468610e-04
9.580535	-1.544247995e-03
9.585536	-9.992716717e-04
9.590536	1.152614832e-03
9.595536	7.216456341e-04
9.600536	-1.219239220e-03
9.605537	-1.772201658e-03
9.610537	-1.672847018e-04
9.615537	2.097595348e-03
9.620538	1.544632827e-03
9.625538	2.157136373e-04
9.630538	-1.439187365e-03
9.635538	-4.261050396e-06
9.640539	1.152680770e-03
9.645539	-6.652112090e-04
9.650539	-1.706146631e-03
9.655540	-1.672262391e-04
9.660540	1.371694125e-03
9.665540	7.697340896e-04
9.670540	-5.011885929e-04
9.675541	-3.291919316e-04
9.680541	-8.271578617e-04
9.685541	9.327500137e-04
9.690541	7.697653092e-04
9.695542	-9.421328724e-04
9.700542	3.877989454e-04
9.705542	-1.671639400e-04
9.710543	1.428752959e-03
9.715543	1.936730622e-03
9.720543	4.448200077e-04
9.725543	-8.361024244e-04
9.730544	-1.601053716e-03
9.735544	-1.267066443e-03
9.740544	4.358443092e-04
9.745545	2.158624813e-04
9.750545	-1.993008239e-03
9.755545	-9.980580112e-04
9.760545	7.218516787e-04
9.765546	-7.800586294e-04
9.770546	1.984792615e-03
9.775546	2.433773238e-03
9.780546	6.068810052e-04
9.785547	4.348962708e-04
9.790547	-9.990179771e-04
9.795547	-5.490375221e-04
9.800548	-8.360159151e-04
9.805548	-4.056860637e-06
9.810548	8.848989809e-04
9.815548	-1.658953386e-03
9.820549	1.046900874e-03
9.825549	1.209897197e-03
9.830549	-7.219894500e-04
9.835550	-1.660151425e-04
9.840550	1.267910078e-03
9.845550	9.889309855e-04
9.850550	-2.260882130e-03
9.855551	-2.809875014e-04
9.860551	5.499712999e-04
9.865551	2.212883585e-03
9.870552	1.152947990e-03
9.875552	-2.154862025e-03
9.880552	-1.992865956e-03
9.885552	-1.669628915e-04
9.890553	2.595887790e-03
9.895553	1.151973511e-03
9.900553	-1.600867656e-03
9.905553	1.104986126e-03
9.910554	1.371976159e-03
9.915554	-1.600852799e-03
9.920554	1.110564380e-04
9.925555	1.544981181e-03
9.930555	9.890170870e-04
9.935555	-1.553836011e-03
9.940555	-3.425726629e-03
9.945556	8.270404888e-04
9.950556	2.815934080e-03
9.955556	-1.658946011e-04
9.960557	-1.878794216e-03
9.965557	-2.818788064e-04
9.970557	2.873949466e-03
9.975557	-1.160820492e-03
9.980558	-1.609790846e-03
9.985558	1.821021976e-03
9.990558	1.671188955e-04
9.995559	1.591238159e-04
10.000559	2.098019919e-03
10.005559	-5.285547620e-05
10.010559	-1.609764090e-03
10.015560	-1.379772580e-03
10.020560	-8.257992026e-04
10.025560	1.209091395e-03
10.030560	3.301447859e-04
10.035561	-1.322758604e-03
10.040561	-1.552741533e-03
10.045561	1.429096038e-03
10.050562	5.501493155e-04
10.055562	5.318122049e-05
10.060562	9.991324693e-04
10.065562	-1.054748684e-03
10.070563	-2.807878814e-04
10.075563	1.496116850e-03
10.080563	-1.217727510e-03
10.085564	-3.263609224e-03
10.090564	9.891570761e-04
10.095564	2.732009921e-04
10.100564	-6.057460126e-04
10.105565	1.582151515e-04
10.110565	5.981943908e-04
10.115565	5.022035511e-04
10.120565	-3.693558228e-03
10.125566	-3.760668134e-06
10.130566	2.366110619e-03
10.135566	1.324172524e-03
10.140567	-5.587186075e-04
10.145567	-2.237336989e-04
10.150567	2.328127306e-03
10.155567	1.682515668e-04
10.160568	-1.772636437e-03
10.165568	2.204144861e-03
10.170568	2.041157454e-03
10.175569	6.072410362e-04
10.180569	4.932508349e-04
10.185569	-2.708566852e-03
10.190569	-3.206535653e-03
10.195570	1.151224186e-03
10.200570	2.931128044e-03
10.205570	-4.906774629e-04
10.210571	-9.406490596e-04
10.215571	-1.438618003e-03
10.220571	3.302863568e-04
10.225571	2.262181580e-03
10.230572	-1.992577524e-03
10.235572	-2.049571221e-03
10.240572	2.481178697e-03
10.245572	2.767165778e-03
10.250573	-8.826272436e-04
10.255573	-8.926236801e-04
10.260573	-4.436457915e-04
10.265574	1.683229610e-04
10.270574	-4.446398675e-04
10.275574	-6.636247392e-04
10.280574	1.105279281e-03
10.285575	9.322917822e-04
10.290575	1.152282296e-03
10.295575	-2.716353588e-04
10.300576	-1.086417163e-04
10.305576	-1.226576526e-03
10.310576	-1.495558802e-03
10.315576	1.276288977e-03
10.320577	1.487279824e-03
10.325577	8.183198133e-04
10.330577	-2.260505566e-03
10.335578	-1.934521230e-03
10.340578	1.708277740e-03
10.345578	1.103695243e-04
10.350578	1.046319692e-03
10.355579	9.423279417e-04
10.360579	-8.345703575e-04
10.365579	-3.955925047e-04
10.370579	2.253751504e-04
10.375580	2.156269581e-03
10.380580	-1.218539543e-03
10.385580	-1.266534592e-03
10.390581	2.644249120e-03
10.395581	-2.325879149e-04
10.400581	-1.762500242e-03
10.405581	-1.878491605e-03
10.410582	1.673962013e-04
10.415582	-8.825430309e-04
10.420582	-1.170524868e-03
10.425583	9.893564831e-04
10.430583	-1.655769672e-04
10.435583	1.277344390e-03
10.440583	1.584088717e-04
10.445584	-7.295395823e-04
10.450584	1.162356602e-03
10.455584	-9.415239643e-04
10.460584	-3.285563721e-04
10.465585	-1.085668493e-04
10.470585	-7.215308107e-04
10.475585	5.503998746e-04
10.480586	-9.975119001e-04
10.485586	6.074001220e-04
10.490586	3.304172731e-04
10.495586	-1.217494587e-03
10.500587	1.879333985e-03
10.505587	1.267369769e-03
10.510587	-5.015298276e-04
10.515588	-1.380479181e-03
10.520588	-1.886449405e-03
10.525588	5.984132201e-04
10.530588	2.254355084e-04
10.535589	1.277378146e-03
10.540589	-3.285307281e-04
10.545589	-1.056488689e-03
10.550590	1.371376979e-03
10.555590	1.114486869e-04
10.560590	-5.575126558e-04
10.565590	-1.992431226e-03
10.570591	1.276387337e-03
10.575591	9.904045091e-04
10.580591	-3.215359316e-03
10.585591	-3.537652833e-06
10.590592	1.994351815e-03
10.595592	-1.266464898e-03
10.600592	-1.276463289e-03
10.605593	1.373389663e-03
10.610593	-1.102470997e-03
10.615593	-6.634945617e-04
10.620593	2.099351991e-03
10.625594	1.439389777e-03
10.630594	4.934435144e-04
10.635594	-2.815123310e-04
10.640595	1.104665887e-04
10.645595	9.424208949e-04
10.650595	-4.435008959e-04
10.655595	-1.379447859e-03
10.660596	1.047417241e-03
10.665596	6.554398252e-04
10.670596	-6.054890634e-04
10.675597	-2.245097277e-04
10.680597	-2.442385200e-03
10.685597	-1.160456265e-03
10.690597	4.537225897e-03
10.695598	2.734646597e-04
10.700598	-1.992408245e-03
10.705598	-3.864975263e-04
10.710598	-9.984629050e-04
10.715599	7.714385930e-04
10.720599	4.364576801e-04
10.725599	2.154703690e-04
10.730600	-3.294988668e-04
10.735600	-3.294985831e-04
10.740600	-7.774732956e-04
10.745600	-1.274445299e-03
10.750601	-1.600426885e-03
10.755601	-1.095100244e-04
10.760601	1.372407310e-03
10.765602	2.319354510e-03
10.770602	9.424315353e-04
10.775602	-6.634786722e-04
10.780602	-2.235032289e-04
10.785603	-1.390438022e-03
10.790603	-6.154813542e-04
10.795603	5.034560646e-04
10.800603	-1.045457470e-03
10.805604	6.554473729e-04
10.810604	1.381406666e-03
10.815604	-1.934408222e-03
10.820605	2.734682065e-04
10.825605	1.983372433e-03
10.830605	5.348001671e-05
10.835605	-1.437436957e-03
10.840606	-9.974618542e-04
10.845606	1.936373867e-03
10.850606	8.274354640e-04
10.855607	-1.169453350e-03
10.860607	4.354565442e-04
10.865607	7.224400540e-04
10.870607	-1.379442979e-03
10.875608	-5.584893629e-04
10.880608	1.219410752e-03
10.885608	4.454534318e-04
10.890609	-1.170456870e-03
10.895609	1.584682479e-04
10.900609	1.382399204e-03
10.905609	-3.524033919e-06
10.910610	-1.437444618e-03
10.915610	1.602384783e-03
10.920610	9.894182688e-04
10.925610	-3.034357684e-03
10.930611	1.324397933e-03
10.935611	7.704280370e-04
10.940611	7.234297836e-04
10.945612	4.934417269e-04
10.950612	-3.980309223e-03
10.955612	1.879362383e-03
10.960612	1.764367815e-03
10.965613	-6.065007256e-04
10.970613	-5.005076982e-04
10.975613	4.364388685e-04
10.980614	7.704190997e-04
10.985614	-2.930375241e-03
10.990614	2.254472536e-04
10.995614	1.430378732e-03
11.000615	1.592368461e-03
11.005615	-8.824944964e-04
11.010615	-1.877440177e-03
11.015616	4.924260934e-04
11.020616	-3.865261256e-04
11.025616	3.884292093e-04
11.030616	9.323974231e-04
11.035617	6.074141641e-04
11.040617	2.711295156e-03
11.045617	-7.205145555e-04
11.050617	-2.269429508e-03
11.055618	8.753932321e-04
11.060618	6.074066464e-04
11.065618	-7.685180577e-04
11.070619	-2.235501267e-04
11.075619	9.893804513e-04
11.080619	1.268363188e-03
11.085619	1.048373779e-03
11.090620	-1.665600628e-04
11.095620	-2.546428838e-03
11.100620	-4.572660343e-06
11.105621	1.219357133e-03
11.110621	-1.600487142e-03
11.115621	-2.815627140e-04
11.120621	-9.985245519e-04
11.125622	-7.775388290e-04
11.130622	2.164036738e-04
11.135622	1.047355256e-03
11.140622	-3.285698733e-04
11.145623	-7.115505152e-04
11.150623	3.198228942e-03
11.155623	2.147285568e-03
11.160624	-1.160531723e-03
11.165624	-8.835493563e-04
11.170624	-6.635638327e-04
11.175624	1.210329245e-03
11.180625	1.381317450e-03
11.185625	-2.815450310e-03
11.190625	-1.054551004e-03
11.195626	3.476193500e-03
11.200626	6.553487703e-04
11.205626	-3.263434636e-03
11.210626	-3.286010408e-04
11.215627	1.267307344e-03
11.220627	-2.547481959e-03
11.225627	-1.877521891e-03
11.230628	1.113644494e-04
11.235628	1.774268977e-03
11.240628	3.150189512e-03
11.245628	4.923354201e-04
11.250629	5.503295424e-04
11.255629	6.083236364e-04
11.260629	-9.405925062e-04
11.265629	-1.766379168e-04
11.270630	-1.380573393e-03
11.275630	-9.975975717e-04
11.280630	1.105282116e-03
11.285631	1.276269726e-03
11.290631	-1.448580877e-03
11.295631	-2.806490311e-04
11.300631	9.432796577e-04
11.305632	1.497245755e-03
11.310632	1.429246578e-03
11.315632	1.209255865e-03
11.320633	1.602230873e-03
11.325633	-2.546540362e-03
11.330633	-1.762587258e-03
11.335633	-2.236763676e-04
11.340634	-4.436672212e-04
11.345634	1.487221709e-03
11.350634	-2.816826504e-04
11.355634	-1.323627659e-03
11.360635	1.047236601e-03
11.365635	-6.170472102e-05
11.370635	2.204165350e-03
11.375636	1.994173739e-03
11.380636	-1.045659772e-03
11.385636	-9.986657991e-04
11.390636	-5.586938133e-04
11.395637	7.712284154e-04
11.400637	9.422153752e-04
11.405637	1.672551647e-04
11.410638	-9.406864675e-04
11.415638	-3.742392900e-06
11.420638	3.772327201e-04
11.425638	7.122103751e-04
11.430639	1.660153750e-03
11.435639	6.242484659e-06
11.440639	-1.553674061e-03
11.445640	-1.276693279e-03
11.450640	7.231912027e-04
11.455640	2.319098229e-03
11.460640	-2.237635042e-04
11.465641	-5.007518795e-04
11.470641	-6.178028972e-05
11.475641	-5.587564289e-04
11.480641	1.659115702e-03
11.485642	1.487121347e-03
11.490642	-6.057656998e-04
11.495642	1.057137357e-03
11.500643	2.758038263e-03
11.505643	-1.887706219e-03
11.510643	-1.390738096e-03
11.515643	6.071461306e-04
11.520644	-2.718089183e-04
11.525644	1.822069887e-03
11.530644	6.071335563e-04
11.535645	-2.808210743e-04
11.540645	-8.347943955e-04
11.545645	3.391357027e-04
11.550645	1.210082703e-03
11.555646	-2.049739504e-03
11.560646	2.821258056e-04
11.565646	1.430057244e-03
11.570647	-1.055808296e-03
11.575647	4.931006802e-04
11.580647	1.602034213e-03
11.585647	-6.068468884e-04
11.590648	-7.788418359e-04
11.595648	-3.868683251e-04
11.600648	4.450805723e-04
11.605648	1.602011282e-03
11.610649	-5.588726421e-04
11.615649	1.010857813e-04
11.620649	-1.160848431e-03
11.625650	-2.757763953e-03
11.630650	3.369888859e-03
11.635650	1.820970599e-03
11.640650	-2.604786937e-03
11.645651	-7.778938888e-04
11.650651	4.360333826e-04
11.655651	2.040938779e-03
11.660652	1.992936508e-03
11.665652	2.730276335e-04
11.670652	5.500071474e-04
11.675652	9.989770228e-04
11.680653	7.139878824e-04
11.685653	5.499919530e-04
11.690653	-1.209914828e-03
11.695653	-1.723891257e-03
11.700654	2.159951677e-04
11.705654	2.327871954e-03
11.710654	5.969634401e-04
11.715655	-7.789649372e-04
11.720655	6.089522181e-04
11.725655	4.359565666e-04
11.730655	-1.209956809e-03
11.735656	-1.161964865e-03
11.740656	-1.760253601e-04
11.745656	-1.379963517e-03
11.750657	-1.657953442e-03
11.755657	7.699054065e-04
11.760657	3.704735898e-03
11.765657	1.323863394e-03
11.770658	-1.390990475e-03
11.775658	2.719110054e-04
11.780658	3.868989528e-04
11.785659	-1.332010653e-03
11.790659	2.158971693e-04
11.795659	1.658810830e-03
11.800659	-1.161037341e-03
11.805660	-3.264925547e-03
11.810660	1.381809006e-03
11.815660	3.427688861e-03
11.820660	1.161809623e-03
11.825661	-6.112792083e-05
11.830661	-1.668044037e-03
11.835661	-6.081092003e-04
11.840662	-1.671398049e-04
11.845662	-2.241426118e-04
11.850662	2.158267833e-04
11.855662	3.704625787e-03
11.860663	6.067928125e-04
11.865663	-3.378990572e-03
11.870663	-4.441606983e-04
11.875664	5.497776018e-04
11.880664	7.787586185e-04
11.885664	4.795650026e-06
11.890664	-1.192036654e-04
11.895665	9.907280411e-04
11.900665	8.277308489e-04
11.905665	-2.051114614e-03
11.910666	-1.773136503e-03
11.915666	-7.781984832e-04
11.920666	-4.248142604e-06
11.925666	1.715649312e-03
11.930667	2.097621500e-03
11.935667	3.867106065e-04
11.940667	-8.842248999e-04
11.945667	7.706760747e-04
11.950668	-7.692444571e-04
11.955668	-6.172595579e-04
11.960668	2.261572941e-03
11.965669	-5.230442683e-05
11.970669	-1.773214957e-03
11.975669	7.696362325e-04
11.980669	-1.161262620e-03
11.985670	-3.207155075e-03
11.990670	1.428579084e-03
11.995670	1.209584490e-03
12.000671	9.425925490e-04
12.005671	1.764539732e-03
12.010671	-8.373217954e-04
12.015671	-1.993264147e-03
12.020672	-7.783390061e-04
12.025672	1.218542412e-03
12.030672	2.212479845e-03
12.035672	-4.443787488e-04
12.040673	-2.050296096e-03
12.045673	4.915547587e-04
12.050673	2.815593541e-04
12.055674	1.105617425e-04
12.060674	7.125209114e-04
12.065674	1.381476309e-03
12.070674	1.429466377e-03
12.075675	3.295205617e-04
12.080675	-7.794247784e-04
12.085675	-1.888370146e-03
12.090676	-7.124432171e-04
12.095676	5.494788790e-04
12.100676	8.754532465e-04
12.105676	2.375361989e-03
12.110677	-1.115065225e-04
12.115677	-1.935412107e-03
12.120677	-5.494970785e-04
12.125678	7.694216656e-04
12.130678	3.197278416e-03
12.135678	5.244653188e-05
12.140678	-2.652409965e-03
12.145679	7.113944024e-04
12.150679	1.371349829e-03
12.155679	-1.763482725e-03
12.160679	1.601321503e-03
12.165680	3.092230414e-03
12.170680	-1.496520981e-03
12.175680	-1.495528871e-03
12.180681	1.438299328e-03
12.185681	6.633347415e-04
12.190681	-2.326506109e-03
12.195681	-1.610554062e-03
12.200682	5.013199561e-04
12.205682	2.713248062e-04
12.210682	1.982221175e-03
12.215683	3.590123270e-03
12.220683	-7.216438801e-04
12.225683	-2.710540856e-03
12.230683	9.892442649e-04
12.235684	1.104229671e-03
12.240684	9.992273428e-04
12.245684	1.266204201e-03
12.250685	-2.490594127e-03
12.255685	1.161193538e-03
12.260685	2.480111532e-03
12.265685	3.292233854e-04
12.270686	-3.297481547e-04
12.275686	-6.747372674e-04
12.280686	-2.837675319e-04
12.285686	2.433072210e-03
12.290687	2.261073348e-03
12.295687	-1.439728358e-03
12.300687	-2.767662684e-03
12.305688	6.071401810e-04
12.310688	1.935057395e-03
12.315688	-2.940678768e-03
12.320688	-9.987959168e-04
12.325689	1.773040530e-03
12.330689	1.935022784e-03
12.335689	1.209054628e-03
12.340690	2.720982337e-04
12.345690	1.104042968e-03
12.350690	3.290774669e-04
12.355690	-1.109067804e-04
12.360691	-6.748841267e-04
12.365691	-2.384797468e-03
12.370691	1.670510233e-04
12.375691	1.217983355e-03
12.380692	-8.849081094e-04
12.385692	1.265962705e-03
12.390692	1.925916801e-03
12.395693	-1.679752492e-04
12.400693	5.489756073e-04
12.405693	-1.219934658e-03
12.410693	-3.312826847e-03
12.415694	-2.250085536e-04
12.420694	2.919806527e-03
12.425694	-2.820237789e-04
12.430695	-4.450239176e-04
12.435695	1.322868021e-03
12.440695	-9.420147231e-04
12.445695	-1.773977564e-03
12.450696	-2.213962336e-03
12.455696	2.871744099e-03
12.460696	1.103833474e-03
12.465697	-1.544028007e-03
12.470697	-2.831079326e-04
12.475697	2.097749534e-03
12.480697	1.045798793e-03
12.485698	-1.440071850e-03
12.490698	7.207978263e-04
12.495698	-6.171370169e-04
12.500698	-5.180844457e-06
12.505699	1.485726186e-03
12.510699	1.045741084e-03
12.515699	4.437650071e-04
12.520700	6.637429727e-04
12.525700	-1.602140183e-03
12.530700	-1.611149477e-03
12.535700	-1.772394263e-04
12.540701	2.807251312e-04
12.545701	7.206906670e-04
12.550701	-1.202722484e-04
12.555702	4.906836778e-04
12.560702	-6.329532866e-05
12.565702	-2.252962657e-04
12.570702	7.206408600e-04
12.575703	2.146590892e-04
12.580703	-2.051224368e-03
12.585703	-9.422964326e-04
12.590704	2.154520396e-03
12.595704	-1.683599593e-04
12.600704	-6.643424258e-04
12.605704	3.285918819e-04
12.610705	3.285816465e-04
12.615705	-6.340671324e-05
12.620705	6.055456160e-04
12.625705	5.156625333e-05
12.630706	-1.204344810e-04
12.635706	-1.707356179e-03
12.640706	-8.274157491e-04
12.645707	2.260401281e-03
12.650707	-1.335408246e-03
12.655707	1.208439126e-03
12.660707	2.432360226e-03
12.665708	-2.319384791e-03
12.670708	-6.352140962e-05
12.675708	3.184466551e-04
12.680709	-4.455212744e-04
12.685709	1.829340964e-03
12.690709	2.212308891e-03
12.695709	-1.726481717e-03
12.700710	-8.955388763e-04
12.705710	8.353536489e-04
12.710710	-1.116042191e-04
12.715710	3.763577046e-04
12.720711	-7.795885400e-04
12.725711	-5.606116404e-04
12.730711	5.003181850e-04
12.735712	9.982794409e-04
12.740712	3.763032499e-04
12.745712	-8.956366494e-04
12.750712	-1.439617253e-03
12.755713	2.327161238e-03
12.760713	2.976113920e-03
12.765713	-1.612640750e-03
12.770714	-1.325667894e-03
12.775714	5.124402935e-05
12.780714	-1.114701983e-03
12.785714	-6.377189835e-05
12.790715	7.781698372e-04
12.795715	2.881041087e-03
12.800715	8.731420127e-04
12.805716	-3.045650311e-03
12.810716	-3.318132827e-04
12.815716	1.542070654e-03
12.820716	-5.598232767e-04
12.825717	-5.038378133e-04
12.830717	-1.382800134e-03
12.835717	1.323037206e-03
12.840717	1.542013481e-03
12.845718	-3.427720335e-03
12.850718	-3.208744115e-03
12.855718	2.143945214e-03
12.860719	3.692847066e-03
12.865719	3.860202215e-04
12.870719	-1.821868057e-03
12.875719	-8.859320351e-04
12.880720	3.252824991e-03
12.885720	2.699799348e-04
12.890720	-1.984905826e-03
12.895721	1.762872967e-03
12.900721	1.092898589e-03
12.905721	-8.860026745e-04
12.910721	-4.460391275e-04
12.915722	-8.960258785e-04
12.920722	1.761813683e-03
12.925722	1.274828945e-03
12.930723	-1.440031329e-03
12.935723	-6.312027230e-05
12.940723	1.493780700e-03
12.945723	-7.721047435e-04
12.950724	-9.521067699e-04
12.955724	-1.781621282e-04
12.960724	-7.721410761e-04
12.965724	-1.121901185e-04
12.970725	1.087853413e-04
12.975725	1.150714901e-03
12.980725	-3.412139791e-04
12.985726	-1.211177640e-03
12.990726	2.430606563e-03
12.995726	2.096612899e-03
13.000726	-1.775183106e-03
13.005727	-8.962446003e-04
13.010727	1.556842118e-04
13.015727	-2.042205408e-03
13.020728	-8.282857019e-04
13.025728	2.813498313e-03
13.030728	2.153522676e-03
13.035728	-1.451288436e-03
13.040729	-1.278310670e-03
13.045729	-1.325320639e-03
13.050729	-1.693978534e-04
13.055729	2.258453832e-03
13.060730	-2.272305672e-03
13.065730	-1.278373915e-03
13.070730	5.193251731e-03
13.075731	1.494445657e-03
13.080731	-2.826325689e-03
13.085731	-1.694869592e-04
13.090731	1.654814859e-04
13.095732	-2.214398394e-03
13.100732	-1.001479061e-03
13.105732	5.944188448e-04
13.110733	2.374306443e-03
13.115733	6.053923160e-04
13.120733	-4.565613417e-04
13.125733	7.193599249e-04
13.130734	-2.176007707e-04
13.135734	-3.896042376e-04
13.140734	1.149296666e-03
13.145735	1.553390753e-04
13.150735	-8.856159162e-04
13.155735	-5.036504449e-04
13.160735	-1.164626722e-03
13.165736	8.242489040e-04
13.170736	1.982170936e-03
13.175736	-4.467066340e-04
13.180736	-1.498661171e-03
13.185737	-6.757881290e-06
13.190737	1.274157171e-03
13.195737	-1.127787273e-04
13.200738	-1.278727001e-03
13.205738	1.484105165e-03
13.210738	-6.667881253e-04
13.215738	-2.319709268e-03
13.220739	8.720988475e-04
13.225739	2.200011088e-03
13.230739	-2.178673899e-04
13.235740	4.330826246e-04
13.240740	2.257967015e-03
13.245740	3.370606876e-04
13.250740	-1.163869134e-03
13.255741	-2.110829937e-03
13.260741	-1.789516315e-04
13.265741	4.320004586e-04
13.270742	1.273939615e-03
13.275742	9.389445102e-04
13.280742	-5.049886555e-04
13.285742	-1.105968951e-03
13.290743	6.519189179e-04
13.295743	1.043883086e-03
13.300743	1.079214293e-04
13.305743	8.718647584e-04
13.310744	-1.442019955e-03
13.315744	2.798697928e-04
13.320744	1.101809802e-03
13.325745	-1.394064822e-03
13.330745	-2.655008477e-03
13.335745	3.041659060e-03
13.340745	1.702719710e-03
13.345746	-6.191647414e-04
13.350746	-5.521827053e-04
13.355746	-3.902060037e-04
13.360747	2.420622658e-03
13.365747	2.420608358e-03
13.370747	2.210605766e-03
13.375747	-8.872354841e-04
13.380748	-2.551156886e-03
13.385748	4.968337719e-05
13.390748	-3.893065249e-04
13.395748	-9.442899717e-04
13.400749	8.715940747e-04
13.405749	2.696132013e-04
13.410749	-5.638312001e-05
13.415750	-3.333822055e-04
13.420750	4.895572198e-04
13.425750	-1.694205740e-04
13.430750	-7.244042051e-04
13.435751	-7.344183146e-04
13.440751	3.265077072e-04
13.445751	1.932403251e-03
13.450752	8.814472287e-04
13.455752	2.114698918e-04
13.460752	-2.111415109e-03
13.465752	2.794364670e-04
13.470753	1.598347915e-03
13.475753	-2.285648786e-04
13.480753	-6.558889079e-05
13.485754	-6.195728666e-04
13.490754	1.100316071e-03
13.495754	7.183224323e-04
13.500754	1.073415629e-04
13.505755	9.292805979e-04
13.510755	1.643082809e-04
13.515755	-6.676603187e-04
13.520755	-8.976625813e-04
13.525756	-1.137215276e-04
13.530756	-3.897212723e-04
13.535756	-2.492618959e-03
13.540757	-1.337698713e-03
13.545757	8.231652955e-04
13.550757	4.421713133e-04
13.555757	1.425101091e-03
13.560758	-2.288218141e-04
13.565758	-1.660757150e-03
13.570758	6.610977328e-04
13.575759	-2.288679393e-04
13.580759	1.540952332e-04
13.585759	1.759990044e-03
13.590759	2.072793751e-06
13.595760	-1.986831576e-03
13.600760	-4.489330432e-04
13.605760	1.148962111e-03
13.610761	-5.629578142e-04
13.615761	7.659523182e-04
13.620761	1.874874717e-03
13.625761	-1.222967843e-03
13.630762	1.090887175e-03
13.635762	1.320858610e-03
13.640762	3.358979079e-04
13.645762	1.041842695e-03
13.650763	7.568428280e-04
13.655763	3.838478524e-04
13.660763	-1.491063224e-03
13.665764	1.320763785e-03
13.670764	4.685559870e-03
13.675764	1.214737892e-03
13.680764	-1.825108193e-03
13.685765	1.367697424e-03
13.690765	2.868597557e-03
13.695765	-8.882085437e-04
13.700766	-1.117211798e-03
13.705766	2.256583602e-03
13.710766	1.157628907e-03
13.715766	6.616404939e-04
13.720767	1.100599811e-03
13.725767	9.275932983e-04
13.730767	9.562358140e-05
13.735767	2.685976841e-04
13.740768	1.215528513e-03
13.745768	-1.500336012e-03
13.750768	-1.778336787e-03
13.755769	9.374951220e-04
13.760769	2.209407689e-03
13.765769	1.065088090e-04
13.770769	-1.337426918e-03
13.775770	-9.517557713e-06
13.780770	1.100403958e-03
13.785770	2.114371427e-04
13.790771	1.654340001e-03
13.795771	1.873311224e-03
13.800771	-1.338525870e-03
13.805771	-1.499533465e-03
13.810772	-1.050575170e-03
13.815772	8.793003479e-04
13.820772	2.036219032e-03
13.825773	1.633069926e-04
13.830773	1.100237918e-03
13.835773	1.263212065e-03
13.840773	-5.057058621e-04
13.845774	-6.207162327e-04
13.850774	-7.267271319e-04
13.855774	-8.897348717e-04
13.860774	-9.557480570e-04
13.865775	9.371292724e-04
13.870775	1.272093630e-03
13.875775	-1.238453178e-04
13.880776	1.051249114e-04
13.885776	-1.442805594e-03
13.890776	-1.117840780e-03
13.895776	1.759981359e-03
13.900777	2.313933326e-03
13.905777	-1.825852453e-03
13.910777	-2.876810856e-03
13.915778	1.538925245e-03
13.920778	-1.223937551e-03
13.925778	-2.771868261e-03
13.930778	1.204892293e-03
13.935779	2.099306328e-04
13.940779	-9.470220006e-04
13.945779	6.598709013e-04
13.950780	-4.490844650e-04
13.955780	9.368207345e-04
13.960780	1.058497841e-04
13.965780	-1.778062355e-03
13.970781	3.817995208e-04
13.975781	4.780072420e-05
13.980781	-1.232145240e-03
13.985781	1.424688790e-03
13.990782	2.427615212e-03
13.995782	-3.342480206e-04
14.000782	-2.292714732e-04
14.005783	1.480615369e-03
14.010783	-1.606229780e-03
14.015783	-3.594136362e-03
14.020783	-1.109292899e-03
14.025784	-1.558285523e-03
14.030784	-2.666241350e-03
14.035784	-1.175342423e-03
14.040785	-1.387348365e-03
14.045785	-4.034218276e-03
14.050785	-9.464086577e-04
14.055785	2.637373222e-03
14.060786	-2.294844726e-04
14.065786	-1.443434554e-03
14.070786	-1.061473838e-03
14.075786	2.194366218e-04
14.080787	2.094191910e-04
14.085787	-1.223518754e-03
14.090787	6.593579926e-04
14.095788	1.376299865e-03
14.100788	-2.296284895e-04
14.105788	-1.501575531e-03
14.110788	-1.051618816e-03
14.115789	-2.296829106e-04
14.120789	6.492497844e-04
14.125789	-1.061672829e-03
14.130790	2.313120352e-03
14.135790	3.526034309e-03
14.140790	-1.884681641e-03
14.145790	-2.767898041e-04
14.150791	9.271245811e-04
14.155791	-1.951732920e-03
14.160791	-5.078319949e-04
14.165792	1.988010124e-03
14.170792	-5.789399577e-05
14.175792	-1.940807249e-03
14.180792	-3.449149166e-04
14.185793	1.374970462e-03
14.190793	-7.169311878e-04
14.195793	-6.219550619e-04
14.200793	1.260921134e-03
14.205794	1.595883800e-03
14.210794	-6.804186399e-05
14.215794	-9.480113593e-04
14.220795	-4.980551937e-04
14.225795	2.678832905e-04
14.230795	1.480796774e-03
14.235795	-7.280985631e-04
14.240796	-6.715428663e-05
14.245796	-1.017628635e-05
14.250796	-2.659047112e-03
14.255797	-5.081861646e-04
14.260797	1.700671518e-03
14.265797	-3.922304496e-04
14.270797	2.149608576e-03
14.275798	9.826548192e-04
14.280798	-1.722213027e-03
14.285798	-5.832501645e-05
14.290799	-8.892976221e-04
14.295799	1.700538598e-03
14.300799	2.588469893e-03
14.305799	-2.046290237e-03
14.310800	-2.495284286e-03
14.315800	1.040498977e-03
14.320800	1.145473924e-03
14.325800	-1.282409622e-03
14.330801	6.584626884e-04
14.335801	1.594391129e-03
14.340801	-2.333408678e-03
14.345802	1.261371140e-03
14.350802	2.808265367e-03
14.355802	-2.104479477e-03
14.360802	-1.444535738e-03
14.365803	-7.855919683e-04
14.370803	-2.786397299e-04
14.375803	2.312196040e-03
14.380804	1.512973043e-04
14.385804	-1.282642077e-03
14.390804	-2.276606068e-03
14.395804	1.040189038e-03
14.400805	1.537141688e-03
14.405805	-2.046677660e-03
14.410805	1.824086417e-03
14.415805	8.681201804e-04
14.420806	-6.884714270e-05
14.425806	1.154064819e-03
14.430806	-1.558803318e-03
14.435807	-7.278695025e-04
14.440807	8.200242264e-04
14.445807	-2.309368492e-04
14.450807	2.033916768e-03
14.455808	-1.739797085e-04
14.460808	-1.664916272e-03
14.465808	2.659559343e-04
14.470809	3.809295860e-04
14.475809	1.651838622e-03
14.480809	-2.448952205e-03
14.485809	-1.120046459e-03
14.490810	2.540728961e-03
14.495810	4.584832571e-05
14.500810	-1.723072900e-03
14.505811	-2.791736766e-04
14.510811	1.594701496e-03
14.515811	-6.922566939e-05
14.520811	3.707295796e-04
14.525812	-5.662382555e-04
14.530812	-3.372712654e-04
14.535812	-2.212979856e-04
14.540812	-1.387253098e-03
14.545813	1.478566476e-03
14.550813	1.364552535e-03
14.555813	-1.836288944e-03
14.560814	-1.174053536e-04
14.565814	4.365433075e-04
14.570814	-1.005396529e-03
14.575814	1.479444189e-03
14.580815	1.985395460e-03
14.585815	-1.063454657e-03
14.590815	4.284414721e-04
14.595816	1.651352608e-03
14.600816	-2.162454837e-03
14.605816	1.023980285e-04
14.610816	7.613406055e-04
14.615817	-1.736277763e-04
14.620817	7.053024600e-04
14.625817	2.073096125e-04
14.630818	-1.608609615e-03
14.635818	-1.167137028e-04
14.640818	3.232409666e-04
14.645818	-9.487087295e-04
14.650819	5.421871669e-04
14.655819	7.041572977e-04
14.660819	2.865015710e-03
14.665819	1.432074914e-03
14.670820	-2.898497586e-04
14.675820	-2.000775069e-03
14.680820	4.508967262e-05
14.685821	8.760222791e-04
14.690821	-1.283878015e-03
14.695821	1.698934300e-03
14.700821	-1.225923298e-03
14.705822	-2.439876522e-03
14.710822	-2.320209755e-04
14.715822	3.219269651e-04
14.720823	8.188780668e-04
14.725823	6.468665251e-04
14.730823	5.418512161e-04
14.735823	1.755762184e-03
14.740824	5.418087927e-04
14.745824	-1.751723921e-04
14.750824	-2.321904784e-04
14.755824	-1.494141259e-03
14.760825	4.475143050e-05
14.765825	-9.012170539e-04
14.770825	1.487628094e-03
14.775826	1.535604022e-03
14.780826	-1.503247587e-03
14.785826	-9.492999788e-04
14.790826	1.812524233e-03
14.795827	5.985705806e-04
14.800827	-3.109243742e-03
14.805827	-2.894228425e-04
14.810828	8.754905072e-04
14.815828	1.430437917e-03
14.820828	1.494878906e-04
14.825828	-3.475059659e-04
14.830829	4.445048093e-05
14.835829	-7.775252632e-04
14.840829	8.283633038e-04
14.845830	-5.675804151e-04
14.850830	-6.245989745e-04
14.855830	2.090227556e-03
14.860830	5.412923157e-04
14.865831	3.212827933e-04
14.870831	2.147158927e-03
14.875831	-1.757331370e-04
14.880831	-4.323523252e-03
14.885832	-7.297459763e-04
14.890832	1.200124252e-03
14.895832	-5.677989162e-04
14.900833	9.330952358e-04
14.905833	4.412290633e-05
14.910833	3.790821621e-04
14.915833	7.610387683e-04
14.920834	4.840321729e-04
14.925834	3.790159437e-04
14.930834	-6.259500212e-04
14.935835	4.399039945e-05
14.940835	2.481832009e-03
14.945835	-1.405071559e-05
14.950835	-5.680419736e-04
14.955836	8.188582912e-04
14.960836	-1.610028247e-03
14.965836	-5.111119369e-04
14.970836	7.037978686e-04
14.975837	-1.218117068e-03
14.980837	-1.829105281e-03
14.985837	9.807153336e-04
14.990838	1.811646502e-03
14.995838	1.487170006e-04
15.000838	-1.329639297e-05
15.005838	-5.582884095e-04
15.010839	4.256341174e-04
15.015839	1.477552822e-03
15.020839	-9.503340512e-04
15.025840	-3.383908080e-04
15.030840	1.869463235e-03
15.035840	-2.557312013e-03
15.040840	-2.050362972e-03
15.045841	7.604573091e-04
15.050841	6.464410021e-04
15.055841	-6.154213796e-05
15.060842	-2.165447299e-03
15.065842	-2.905748112e-04
15.070842	3.213682242e-04
15.075842	-1.463579366e-05
15.080843	1.974230255e-03
15.085843	-7.167826163e-05
15.090843	-1.610615130e-03
15.095843	6.552353722e-04
15.100844	8.072039724e-04
15.105844	-3.957517394e-04
15.110844	1.372126520e-03
15.115845	1.697085385e-03
15.120845	8.181115011e-04
15.125845	-2.348526837e-04
15.130845	-2.165767833e-03
15.135846	-9.988561065e-04
15.140846	-1.342859975e-03
15.145846	-7.409167253e-04
15.150847	1.983907879e-03
15.155847	5.399654042e-04
15.160847	-7.319867039e-04
15.165847	3.299307524e-04
15.170848	1.534840196e-03
15.175848	1.639811079e-03
15.180848	4.287703943e-05
15.185849	-1.506059705e-03
15.190849	-8.371204035e-04
15.195849	9.317574124e-04
15.200849	5.397559521e-04
15.205850	-1.292300535e-04
15.210850	-2.174139197e-03
15.215850	9.971031079e-05
15.220850	1.533606731e-03
15.225851	-8.942810801e-04
15.230851	4.816185361e-04
15.235851	1.257551655e-03
15.240852	-1.113339410e-03
15.245852	-1.114362921e-03
15.250852	9.884959835e-04
15.255852	9.214761147e-04
15.260853	-6.834578405e-04
15.265853	4.254565363e-04
15.270853	6.534201166e-04
15.275854	-8.945170910e-04
15.280854	-6.735531646e-04
15.285854	1.533299771e-03
15.290854	1.198294719e-03
15.295855	1.036279978e-03
15.300855	-2.346728192e-04
15.305855	-1.056650727e-03
15.310855	-1.505649499e-03
15.315856	-4.547321064e-04
15.320856	1.810117431e-03
15.325856	-3.112631422e-03
15.330857	-1.208225502e-04
15.335857	3.693940314e-03
15.340857	3.771016577e-04
15.345857	-2.003789320e-03
15.350858	-2.349122022e-04
15.355858	4.340263560e-04
15.360858	7.589841129e-04
15.365859	-1.299903199e-04
15.370859	-7.899775703e-04
15.375859	1.810852948e-03
15.380859	-2.930536635e-04
15.385860	1.809804636e-03
15.390860	7.688385848e-04
15.395860	-3.112968747e-03
15.400861	9.787783500e-04
15.405861	4.917812775e-04
15.410861	-3.401965403e-04
15.415861	-1.212331051e-04
15.420862	-1.068204542e-03
15.425862	-3.502690324e-04
15.430862	4.246632696e-04
15.435862	8.156170057e-04
15.440863	2.706230189e-04
15.445863	1.198546706e-03
15.450863	-2.453970933e-04
15.455864	-1.115372987e-03
15.460864	3.765191202e-04
15.465864	4.151328929e-05
15.470864	-6.184744042e-04
15.475865	-2.118415184e-03
15.480865	-2.673408789e-03
15.485865	-4.555573573e-04
15.490866	4.333683104e-04
15.495866	4.136553248e-05
15.500866	1.648251038e-03
15.505866	1.867214076e-03
15.510867	-2.501566552e-03
15.515867	-2.224606798e-03
15.520867	9.201926838e-04
15.525868	1.752121383e-03
15.530868	6.531579555e-04
15.535868	-3.322644741e-03
15.540868	-2.004743262e-03
15.545869	-4.078573952e-04
15.550869	4.109259498e-05
15.555869	9.806446651e-05
15.560869	3.969823152e-03
15.565870	1.311946681e-03
15.570870	-2.061889804e-03
15.575870	2.609553668e-04
15.580871	-2.118936702e-03
15.585871	-1.230011450e-03
15.590871	-6.190706853e-04
15.595871	2.037755737e-03
15.600872	3.138669079e-03
15.605872	-7.431391744e-04
15.610872	-1.346130664e-03
15.615873	-1.335156483e-03
15.620873	-9.532030531e-04
15.625873	1.034660619e-03
15.630873	5.376631204e-04
15.635874	-1.623241424e-03
15.640874	-1.508273162e-03
15.645874	8.735684098e-04
15.650874	-5.703762616e-04
15.655875	-1.059374315e-03
15.660875	-2.274462020e-04
15.665875	-1.068424631e-03
15.670876	9.194388478e-04
15.675876	1.369388241e-03
15.680876	2.604247225e-04
15.685876	3.743928470e-04
15.690877	4.893608941e-04
15.695877	-3.516176634e-04
15.700877	-3.056492091e-03
15.705878	-2.110570540e-03
15.710878	4.232622589e-04
15.715878	1.255190136e-03
15.720878	-2.857494153e-04
15.725879	-1.288719049e-03
15.730879	9.781285832e-04
15.735879	5.371275047e-04
15.740880	1.541231640e-04
15.745880	3.180882383e-04
15.750880	8.807530620e-05
15.755880	-1.346870317e-03
15.760881	-1.450890332e-03
15.765881	6.519663147e-04
15.770881	1.425897199e-03
15.775881	1.033893212e-03
15.780882	-6.290397779e-04
15.785882	-2.940844281e-04
15.790882	-4.581012177e-04
15.795883	-1.175087129e-03
15.800883	1.311747913e-03
15.805883	2.028681834e-03
15.810883	-3.422117233e-04
15.815884	-3.422377821e-04
15.820884	-1.404204522e-03
15.825884	3.968869267e-05
15.830885	1.817563224e-03
15.835885	2.016273758e-04
15.840885	-1.069327771e-03
15.845885	-1.011357197e-03
15.850886	-2.177318252e-03
15.855886	-1.996354593e-03
15.860886	1.530422087e-03
15.865887	1.969371289e-03
15.870887	-1.671451559e-03
15.875887	-2.503431382e-03
15.880887	3.940019543e-05
15.885888	-2.376106798e-04
15.890888	-3.436311307e-04
15.895888	6.422873818e-04
15.900888	3.742759410e-04
15.905889	-1.175663889e-03
15.910889	-1.681662073e-03
15.915889	-7.347414644e-04
15.920890	-4.099579943e-03
15.925890	-1.011779005e-03
15.930890	2.628991013e-03
15.935890	-1.834786121e-03
15.940891	5.370547611e-04
15.945891	-1.329344049e-04
15.950891	-4.654708360e-03
15.955892	-5.093710475e-03
15.960892	-4.157789439e-03
15.965892	-7.150648889e-03
15.970892	-3.057904293e-03
15.975893	2.639750603e-03
15.980893	-1.787028784e-03
15.985893	-1.070095614e-03
15.990893	-4.109952542e-03
15.995894	-8.803717073e-03
16.000894	-3.880019032e-03
16.005894	-2.781107289e-03
16.010895	-2.562146397e-03
16.015895	1.367607122e-03
16.020895	2.419521429e-03
16.025895	-1.013313683e-03
16.030896	1.435947164e-04
16.035896	8.705271218e-04
16.040896	-1.003395162e-03
16.045897	-3.534584949e-04
16.050897	-7.550106285e-05
16.055897	2.141348007e-03
16.060897	8.123951893e-04
16.065898	-9.555331191e-04
16.070898	-9.555602353e-04
16.075898	9.535390310e-05
16.080899	2.131212984e-03
16.085899	9.629951291e-05
16.090899	-1.280650744e-03
16.095899	3.632301786e-04
16.100900	2.582088073e-04
16.105900	4.301719382e-04
16.110900	1.431606956e-04
16.115900	-1.729761949e-03
16.120901	1.204046794e-03
16.125901	1.031029121e-03
16.130901	-1.787840727e-03
16.135902	2.580175725e-04
16.140902	6.979655873e-04
16.145902	4.779504597e-04
16.150902	9.268979313e-04
16.155903	3.792014389e-05
16.160903	-1.568017601e-03
16.165903	-7.940883493e-04
16.170904	-6.211255365e-04
16.175904	-8.411407849e-04
16.180904	1.413705655e-03
16.185904	1.203689808e-03
16.190905	2.140609852e-03
16.195905	8.026569921e-04
16.200905	-2.620179388e-03
16.205906	-1.338278681e-03
16.210906	1.526103279e-04
16.215906	-1.354012810e-04
16.220906	-2.874205089e-04
16.225907	-6.214295874e-04
16.230907	1.748410227e-03
16.235907	6.494438537e-04
16.240907	-9.664936524e-04
16.245908	-9.095246577e-04
16.250908	-1.118540820e-03
16.255908	8.213229217e-04
16.260909	1.920233635e-03
16.265909	3.622927888e-04
16.270909	-7.771054564e-05
16.275909	-7.367016632e-04
16.280910	-2.333640389e-03
16.285910	2.187079020e-03
16.290910	9.171219826e-04
16.295911	-2.169733549e-03
16.300911	7.540750339e-04
16.305911	5.910560839e-04
16.310911	-1.093835658e-05
16.315912	1.584944369e-03
16.320912	8.500006566e-05
16.325912	-2.970067263e-04
16.330912	-2.400380671e-04
16.335913	-7.850357907e-04
16.340913	9.258404116e-04
16.345913	1.297791411e-03
16.350914	-9.101134504e-04
16.355914	-1.951083538e-03
16.360914	-4.021983622e-04
16.365914	5.917178050e-04
16.370915	8.676740710e-04
16.375915	1.364617969e-03
16.380915	-1.789234151e-03
16.385916	-2.171241178e-03
16.390916	-8.993406414e-04
16.395916	5.345508238e-04
16.400916	3.238371308e-03
16.405917	-4.614504018e-04
16.410917	-1.234435678e-03
16.415917	3.688260761e-03
16.420918	5.904053560e-04
16.425918	-3.117415984e-03
16.430918	-3.060447714e-03
16.435918	7.523106687e-04
16.440919	4.184090321e-03
16.445919	-6.870064439e-05
16.450919	-2.620586673e-03
16.455919	6.382025880e-04
16.460920	2.521068714e-03
16.465920	-6.797811090e-04
16.470920	-1.559760638e-03
16.475921	-7.388352298e-04
16.480921	1.632003552e-03
16.485921	1.249996140e-03
16.490921	-1.559875626e-03
16.495922	-1.951882518e-03
16.500922	1.421900145e-03
16.505922	2.463813090e-03
16.510923	-1.741980751e-03
16.515923	-1.952997832e-03
16.520923	7.058247050e-04
16.525923	3.583323215e-05
16.530924	-9.591401002e-04
16.535924	4.287533976e-04
16.540924	-8.532039366e-04
16.545925	4.746928758e-04
16.550925	3.190512114e-03
16.555925	1.249591545e-03
16.560925	-4.613418942e-04
16.565926	1.505948492e-04
16.570926	-5.763936093e-04
16.575926	6.945062745e-04
16.580926	5.894830238e-04
16.585927	-6.950929078e-05
16.590927	-2.010429992e-03
16.595927	-1.350496044e-03
16.600928	3.123818428e-04
16.605928	-1.618539474e-03
16.610928	9.732864672e-04
16.615928	2.903149379e-03
16.620929	4.742558320e-04
16.625929	-1.837644271e-03
16.630929	-5.667445938e-04
16.635930	1.631103268e-03
16.640930	-2.988182350e-04
16.645930	-1.952755179e-03
16.650930	-6.828555201e-04
16.655931	1.029019423e-03
16.660931	5.900145349e-04
16.665931	-1.341906950e-03
16.670931	-4.619855744e-04
16.675932	2.682809225e-03
16.680932	3.409739112e-03
16.685932	-1.781000349e-03
16.690933	3.018537340e-04
16.695933	1.028783566e-03
16.700933	-2.775033450e-03
16.705933	2.447682224e-04
16.710934	3.475035379e-05
16.715934	-1.226208808e-03
16.720934	1.028635554e-03
16.725935	-3.003198458e-04
16.730935	5.886008050e-04
16.735935	1.745506463e-03
16.740935	7.995296081e-04
16.745936	4.680283025e-03
16.750936	9.382990494e-03
16.755936	4.231248596e-03
16.760937	7.994105736e-04
16.765937	-4.055519011e-04
16.770937	1.315322115e-03
16.775937	7.165965348e-03
16.780938	3.342149156e-03
16.785938	2.184183982e-03
16.790938	2.519135368e-03
16.795938	2.195123558e-03
16.800939	1.420136930e-03
16.805939	-2.438000440e-04
16.810939	1.860052426e-03
16.815940	-8.548258586e-04
16.820940	2.356964666e-03
16.825940	3.963844852e-03
16.830940	5.310066308e-04
16.835941	4.172773074e-03
16.840941	3.790764342e-03
16.845941	1.477863487e-03
16.850942	8.088707548e-04
16.855942	4.248620802e-04
16.860942	9.698014796e-04
16.865942	1.968145045e-04
16.870943	3.379342762e-05
16.875943	1.074705059e-03
16.880943	1.247665172e-03
16.885944	-1.007239067e-03
16.890944	1.419595067e-03
16.895944	3.178466508e-03
16.900944	2.022500808e-03
16.905945	4.564328464e-03
16.910945	1.189486715e-03
16.915945	3.352096157e-05
16.920945	-9.024571023e-04
16.925946	-2.451400932e-03
16.930946	1.304358801e-03
16.935946	1.466319333e-03
16.940947	1.974260514e-03
16.945947	7.033010800e-04
16.950947	-2.786534385e-03
16.955947	-2.437069628e-04
16.960948	-3.017342269e-04
16.965948	-4.067588824e-04
16.970948	-1.294739805e-03
16.975949	4.731308495e-04
16.980949	1.973016461e-03
16.985949	1.084035541e-03
16.990949	1.581977105e-03
16.995950	-1.410886288e-03
17.000950	-7.509538113e-04
17.005950	2.135854214e-03
17.010950	-5.700252683e-04
17.015951	-1.571999979e-03
17.020951	5.878486147e-04
17.025951	-6.751115477e-04
17.030952	-2.788024234e-03
17.035952	-1.792110653e-03
17.040952	2.853598965e-03
17.045952	6.991336951e-03
17.050953	1.711474045e-02
17.055953	1.401688271e-02
17.060953	6.054296794e-03
17.065954	3.732395665e-03
17.070954	1.247503626e-03
17.075954	2.078426287e-03
17.080954	2.411376757e-03
17.085955	3.406290220e-03
17.090955	7.504076664e-04
17.095955	6.443826138e-04
17.100956	2.565244285e-03
17.105956	-5.796109973e-04
17.110956	5.862928252e-04
17.115956	1.906188026e-03
17.120957	-2.118618138e-03
17.125957	3.223059639e-05
17.130957	5.291717309e-04
17.135957	-8.477824414e-04
17.140958	9.220875298e-04
17.145958	1.409029172e-03
17.150958	-1.354847553e-03
17.155959	-1.621863815e-03
17.160959	9.689602148e-04
17.165959	8.897817039e-05
17.170959	4.249281646e-04
17.175960	-3.020624627e-04
17.180960	-8.580626616e-04
17.185960	2.038467164e-04
17.190961	-1.019116247e-03
17.195961	3.567755519e-04
17.200961	2.908601625e-03
17.205961	2.793576701e-03
17.210962	-1.459217029e-03
17.215962	-2.453162448e-04
17.220962	2.401504453e-03
17.225963	1.523522094e-03
17.230963	-1.229355515e-03
17.235963	2.035329648e-04
17.240963	3.453319903e-03
17.245964	-1.135455170e-03
17.250964	-4.655241072e-04
17.255964	8.153727990e-04
17.260964	-1.134549778e-03
17.265965	1.943444123e-04
17.270965	3.173059721e-04
17.275965	-8.576599586e-04
17.280966	1.131197305e-03
17.285966	8.061838469e-04
17.290966	-1.354727041e-03
17.295966	9.191142486e-04
17.300967	1.474051571e-03
17.305967	4.710759302e-04
17.310967	3.106881528e-05
17.315968	-1.134897751e-03
17.320968	1.961897471e-03
17.325968	2.860815489e-03
17.330968	-5.710245126e-04
17.335969	1.071851902e-03
17.340969	6.328446327e-04
17.345969	4.228245514e-04
17.350969	-9.061330218e-04
17.355970	-5.811830290e-04
17.360970	1.522667545e-03
17.365970	-2.014166704e-03
17.370971	-8.012663777e-04
17.375971	4.216333739e-04
17.380971	1.416545849e-03
17.385971	3.085758130e-04
17.390972	-9.153877574e-04
17.395972	1.961419511e-03
17.400972	-1.566415355e-03
17.405973	2.504511096e-04
17.410973	2.238308003e-03
17.415973	-2.293470813e-03
17.420973	-1.518546175e-03
17.425974	7.582945221e-04
17.430974	1.522219742e-03
17.435974	5.742406052e-04
17.440975	-1.785659652e-03
17.445975	-2.467777835e-04
17.450975	1.626085407e-03
17.455975	-2.685440246e-05
17.460976	-2.559745058e-03
17.465976	-1.346845037e-03
17.470976	-7.539103906e-04
17.475976	-1.298912174e-03
17.480977	2.964817323e-03
17.485977	9.188993771e-04
17.490977	-3.620613294e-04
17.495978	1.023828929e-03
17.500978	1.080793429e-03
17.505978	1.448133983e-04
17.510978	-2.398076857e-03
17.515979	1.406678175e-03
17.520979	3.637040757e-04
17.525979	-1.796207627e-03
17.530980	2.965793518e-05
17.535980	9.185758370e-04
17.540980	-4.663792164e-04
17.545980	-2.743620214e-05
17.550981	-4.204467153e-04
17.555981	7.464555905e-04
17.560981	4.794380057e-04
17.565982	-1.300495055e-03
17.570982	1.127336745e-03
17.575982	-3.287449116e-03
17.580982	-2.340534596e-03
17.585983	1.473219714e-03
17.590983	-1.022673418e-03
17.595983	-3.507567180e-03
17.600983	-1.021738714e-03
17.605984	-1.079768117e-03
17.610984	-4.062634100e-03
17.615984	-2.455756566e-03
17.620985	-8.492173629e-05
17.625985	4.110178443e-04
17.630985	-1.624901114e-03
17.635985	1.439673061e-04
17.640986	2.676793023e-03
17.645986	-2.908854577e-05
17.650986	-1.510038577e-03
17.655987	-1.079095456e-03
17.660987	1.356735619e-03
17.665987	2.016665913e-03
17.670987	-1.079193941e-03
17.675988	2.586984396e-04
17.680988	2.895518223e-03
17.685988	-2.352221433e-03
17.690988	-1.289313733e-03
17.695989	3.011413028e-03
17.700989	2.790392442e-03
17.705989	9.174641469e-04
17.710990	-8.604694717e-04
17.715990	1.959339980e-03
17.720990	1.749318719e-03
17.725990	-1.683522472e-03
17.730991	-8.606014821e-04
17.735991	3.632970863e-04
17.740991	-2.871406588e-05
17.745992	-4.687225510e-04
17.750992	3.067046789e-03
17.755992	1.844082024e-03
17.760992	-1.462766312e-03
17.765993	5.830862373e-04
17.770993	-8.508667825e-04
17.775993	5.820199882e-04
17.780994	1.355943566e-03
17.785994	2.293857965e-03
17.790994	2.063837612e-03
17.795994	-1.186014013e-03
17.800995	-2.490996020e-04
17.805995	1.575765177e-03
17.810995	3.297635696e-03
17.815995	2.566535254e-02
17.820996	2.229950733e-02
17.825996	2.800563586e-03
17.830996	6.270336376e-03
17.835997	3.449460663e-03
17.840997	4.118389930e-03
17.845997	4.233350138e-03
17.850997	-9.663926921e-04
17.855998	1.461438247e-03
17.860998	5.887157532e-03
17.865998	-3.452354018e-03
17.870999	-4.063353318e-03
17.875999	3.067214781e-03
17.880999	3.009184553e-03
17.885999	9.643780338e-03
17.891000	1.113466353e-02
17.896000	2.952087245e-03
17.901000	-5.837487068e-04
17.906001	-1.463733078e-03
17.911001	-7.784407644e-05
17.916001	6.661745754e-03
17.921001	9.757539180e-03
17.926002	9.967493847e-03
17.931002	9.194503426e-03
17.936002	3.458790299e-03
17.941002	2.186827731e-03
17.946003	2.684766249e-03
17.951003	-3.560975049e-04
17.956003	-5.281215789e-04
17.961004	2.235690283e-03
17.966004	2.789625615e-03
17.971004	7.874307762e-03
17.976004	2.224147120e-02
17.981005	1.848564732e-02
17.986005	5.829320760e-03
17.991005	3.008444600e-03
17.996006	-6.903825151e-04
18.001006	3.615248920e-04
18.006006	3.783299861e-03
18.011006	6.384417480e-04
18.016007	1.795343246e-03
18.021007	1.957300326e-03
18.026007	4.173524914e-04
18.031007	2.129222936e-03
18.036008	2.847148908e-03
18.041008	3.563074977e-03
18.046008	-2.746606389e-03
18.051009	-2.908631289e-03
18.056009	-2.408143302e-04
18.061009	5.053855830e-03
18.066009	2.196387693e-02
18.071010	2.058791981e-02
18.076010	1.041645415e-02
18.081010	1.746904551e-03
18.086011	-9.689777404e-04
18.091011	3.275751006e-03
18.096011	1.517815158e-03
18.101011	3.352678537e-03
18.106012	2.071716009e-03
18.111012	-1.752104442e-03
18.116012	2.453626415e-03
18.121013	4.116499349e-03
18.126013	-1.942939311e-04
18.131013	-1.363313443e-04
18.136013	2.108344874e-02
18.141014	3.113985260e-02
18.146014	7.272152077e-03
18.151014	9.624704230e-04
18.156014	3.562290907e-03
18.161015	-1.188477883e-03
18.166015	-5.295489726e-04
18.171015	3.782175812e-03
18.176016	2.731200243e-03
18.181016	5.792861787e-04
18.186016	1.077224032e-03
18.191016	2.740096776e-03
18.196017	-4.171551362e-03
18.201017	-2.937817722e-02
18.206017	-2.474247063e-02
18.211018	-2.329858570e-02
18.216018	-3.931972487e-02
18.221018	-2.905433290e-02
18.226018	-3.800086741e-02
18.231019	-4.523649754e-02
18.236019	-3.629003191e-02
18.241019	-3.750399855e-02
18.246020	-4.390867515e-02
18.251020	-4.092587632e-02
18.256020	-4.386974633e-02
18.261020	-4.457774129e-02
18.266021	-3.683520846e-02
18.271021	-3.855514691e-02
18.276021	-4.048607357e-02
18.281021	-3.866021017e-02
18.286022	-4.038114860e-02
18.291022	-3.048873597e-02
18.296022	-3.224667235e-02
18.301023	-4.905076799e-02
18.306023	-4.397508625e-02
18.311023	-4.497006531e-02
18.316023	-5.352662185e-02
18.321024	-6.281713739e-02
18.326024	-7.491849588e-02
18.331024	-8.580592221e-02
18.336025	-9.858524284e-02
18.341025	-1.126764902e-01
18.346025	-1.267107407e-01
18.351025	-1.405700010e-01
18.356026	-1.507404675e-01
18.361026	-1.622498591e-01
18.366026	-1.769510725e-01
18.371026	-1.799909374e-01
18.376027	-1.720854140e-01
18.381027	-1.761202233e-01
18.386027	-1.744573511e-01
18.391028	-1.588752567e-01
18.396028	-1.366035360e-01
18.401028	-1.157067386e-01
18.406028	-9.227708272e-02
18.411029	-6.514163391e-02
18.416029	-3.546032738e-02
18.421029	-9.151832388e-03
18.426030	2.356730437e-02
18.431030	4.430011090e-02
18.436030	4.871782907e-02
18.441030	6.263601636e-02
18.446031	6.911661924e-02
18.451031	7.342734335e-02
18.456031	7.352230303e-02
18.461032	7.336827660e-02
18.466032	7.154334353e-02
18.471032	6.877246330e-02
18.476032	6.601958206e-02
18.481033	6.645952239e-02
18.486033	6.363764498e-02
18.491033	5.590504195e-02
18.496033	5.301916809e-02
18.501034	4.892536172e-02
18.506034	4.954829176e-02
18.511034	5.336404339e-02
18.516035	5.169910125e-02
18.521035	5.054113078e-02
18.526035	5.286396579e-02
18.531035	5.130801753e-02
18.536036	5.279789906e-02
18.541036	5.667864698e-02
18.546036	5.573366454e-02
18.551037	5.750053055e-02
18.556037	5.971837136e-02
18.561037	6.645895943e-02
18.566037	6.469002298e-02
18.571038	6.269009943e-02
18.576038	6.860873339e-02
18.581038	6.601884279e-02
18.586039	6.955360993e-02
18.591039	7.331136460e-02
18.596039	7.590318442e-02
18.601039	8.348172556e-02
18.606040	8.370167789e-02
18.611040	8.546154415e-02
18.616040	8.751539398e-02
18.621040	8.729537085e-02
18.626041	9.242904855e-02
18.631041	8.861522622e-02
18.636041	7.994467526e-02
18.641042	7.949566488e-02
18.646042	7.303499041e-02
18.651042	6.341749233e-02
18.656042	4.793132217e-02
18.661043	4.280757296e-02
18.666043	3.573393270e-02
18.671043	2.638641949e-02
18.676044	3.727377557e-02
18.681044	1.764883662e-02
18.686044	1.400700454e-02
18.691044	3.296190979e-02
18.696045	1.997060012e-02
18.701045	4.724416449e-03
18.706045	5.824319369e-03
18.711045	3.223429071e-03
18.716046	8.435264140e-04
18.721046	1.570450141e-03
18.726046	-4.117267704e-03
18.731047	-2.524312290e-02
18.736047	-2.948792140e-02
18.741047	-7.549182998e-03
18.746047	-2.452627006e-02
18.751048	-2.998400081e-02
18.756048	-1.705075923e-02
18.761048	-3.767064277e-02
18.766049	-2.965912620e-02
18.771049	-2.733629176e-02
18.776049	-4.243048410e-02
18.781049	-4.513536874e-02
18.786050	-4.198158077e-02
18.791050	-5.558485646e-02
18.796050	-6.475038013e-02
18.801051	-5.999968142e-02
18.806051	-7.078311471e-02
18.811051	-7.066715704e-02
18.816051	-6.193068109e-02
18.821052	-6.414959298e-02
18.826052	-6.410163155e-02
18.831052	-4.740160062e-02
18.836052	-4.512576370e-02
18.841053	-3.142856500e-02
18.846053	-1.738738554e-02
18.851053	-3.529042109e-02
18.856054	-3.688222925e-03
18.861054	3.125078877e-02
18.866054	1.041191724e-02
18.871054	2.571402619e-02
18.876055	4.174509440e-02
18.881055	3.804626508e-02
18.886055	4.644875954e-02
18.891056	5.003352320e-02
18.896056	4.954551442e-02
18.901056	4.462275344e-02
18.906056	4.970843320e-02
18.911057	5.053935070e-02
18.916057	4.263375636e-02
18.921057	4.313169244e-02
18.926057	4.357063181e-02
18.931058	4.893329603e-02
18.936058	4.301659052e-02
18.941058	3.617193685e-02
18.946059	5.489785433e-02
18.951059	5.815763602e-02
18.956059	5.590172590e-02
18.961059	6.473419618e-02
18.966060	6.584409797e-02
18.971060	6.623503992e-02
18.976060	6.606201338e-02
18.981061	5.938135046e-02
18.986061	5.999328003e-02
18.991061	6.180914232e-02
18.996061	5.827230370e-02
19.001062	5.617838444e-02
19.006062	4.694486412e-02
19.011062	4.180211520e-02
19.016063	4.550087223e-02
19.021063	4.229901483e-02
19.026063	2.600088923e-02
19.031063	3.854215212e-02
19.036064	2.555084172e-02
19.041064	1.632632082e-02
19.046064	3.987096883e-02
19.051064	1.598326727e-02
19.056065	9.560705846e-04
19.061065	3.345900657e-03
19.066065	1.069991434e-03
19.071066	1.729918150e-03
19.076066	7.697409638e-05
19.081066	5.639104592e-04
19.086066	-2.858934716e-03
19.091067	-2.772158188e-02
19.096067	-2.645868890e-02
19.101067	-1.092659328e-02
19.106068	-3.777812934e-02
19.111068	-2.209104240e-02
19.116068	-1.529445868e-02
19.121068	-3.706127889e-02
19.126069	-2.877377850e-02
19.131069	-3.933522487e-02
19.136069	-2.242520631e-02
19.141070	-2.855290045e-02
19.146070	-3.888735954e-02
19.151070	-2.253231000e-02
19.156070	-3.673555292e-02
19.161071	-2.336233678e-02
19.166071	-3.027498711e-02
19.171071	-3.143095912e-02
19.176071	-9.923197556e-03
19.181072	-3.253997039e-02
19.186072	-3.236701669e-02
19.191072	-2.075745963e-03
19.196073	-6.893513408e-03
19.201073	-3.121119124e-02
19.206073	-2.884036039e-02
19.211073	-6.940620796e-03
19.216074	-2.086887920e-02
19.221074	-3.557909392e-02
19.226074	-2.203488746e-02
19.231075	-3.491120467e-02
19.236075	-2.717667359e-02
19.241075	-2.374590204e-02
19.246075	-3.773115732e-02
19.251076	-1.291558073e-02
19.256076	-2.561990760e-02
19.261076	-3.685231673e-02
19.266076	-9.932857732e-03
19.271077	-1.456863549e-02
19.276077	-3.502552920e-02
19.281077	-2.352720852e-02
19.286078	-2.248434366e-03
19.291078	-2.697446109e-03
19.296078	-3.242452498e-03
19.301078	7.922851958e-04
19.306079	-1.368630917e-03
19.311079	-3.080572126e-03
19.316079	1.068159170e-03
19.321080	6.766803850e-03
19.326080	3.113240544e-02
19.331080	2.682060947e-02
19.336080	6.928684085e-03
19.341081	3.190525151e-02
19.346081	3.246018357e-02
19.351081	7.644533283e-03
19.356082	2.477453913e-02
19.361082	3.163911859e-02
19.366082	1.207017510e-02
19.371082	5.264518413e-03
19.376083	2.721623519e-03
19.381083	4.328496733e-03
19.386083	2.234576732e-03
19.391083	-7.112956713e-04
19.396084	-4.323482815e-04
19.401084	-2.411274734e-03
19.406084	-1.637355020e-03
19.411085	-2.064932971e-02
19.416085	-3.514155697e-02
19.421085	-1.325181720e-02
19.426085	-5.855620433e-04
19.431086	7.903239899e-04
19.436086	1.011274550e-03
19.441086	-2.026947167e-04
19.446087	-2.862583197e-03
19.451087	2.836061253e-03
19.456087	2.262391841e-02
19.461087	2.615968370e-02
19.466088	1.267240021e-02
19.471088	1.626616224e-02
19.476088	3.212523890e-02
19.481089	1.775800454e-02
19.486089	4.775692796e-03
19.491089	6.802542352e-03
19.496089	3.992662168e-03
19.501090	-5.861191816e-04
19.506090	-2.642041513e-03
19.511090	-7.591839447e-04
19.516090	-1.667333192e-02
19.521091	-3.121255673e-02
19.526091	-1.711438176e-02
19.531091	-2.747221824e-03
19.536092	-1.705317307e-03
19.541092	-1.750647163e-02
19.546092	-3.430157043e-02
19.551092	-1.711456810e-02
19.556093	7.323973447e-04
19.561093	-4.805721803e-04
19.566093	-8.963133748e-05
19.571094	-2.088556961e-03
19.576094	-1.762612502e-03
19.581094	-1.533662632e-03
19.586094	-1.083725118e-03
19.591095	-5.287934796e-04
19.596095	7.365728026e-03
19.601095	2.698059461e-02
19.606095	2.355874844e-02
19.611096	1.233733809e-02
19.616096	2.516458393e-02
19.621096	2.981028694e-02
19.626097	1.029134022e-02
19.631097	6.753500489e-03
19.636097	3.311698991e-02
19.641097	2.925516827e-02
19.646098	3.886548393e-03
19.651098	3.944507706e-03
19.656098	2.346775501e-04
19.661099	1.438184957e-02
19.666099	3.461768135e-02
19.671099	1.482175003e-02
19.676099	2.117422445e-03
19.681100	4.382258395e-03
19.686100	1.229397070e-03
19.691100	1.343353192e-03
19.696101	3.885173642e-03
19.701101	3.216173499e-03
19.706101	-1.591595383e-03
19.711101	6.262431474e-04
19.716102	1.123177832e-03
19.721102	-7.027576935e-04
19.726102	-9.982894722e-05
19.731102	-1.208804550e-03
19.736103	-1.037851681e-03
19.741103	-1.419867920e-03
19.746103	8.459678762e-04
19.751104	1.447896641e-03
19.756104	-2.060485470e-04
19.761104	4.528770181e-04
19.766104	-2.700984372e-03
19.771105	9.027766260e-04
19.776105	2.116671158e-03
19.781105	-2.052367418e-04
19.786106	-1.697191026e-03
19.791106	5.096480005e-04
19.796106	2.718486908e-03
19.801106	-2.053873845e-04
19.806107	7.305226375e-04
19.811107	-1.143410338e-03
19.816107	-1.131387972e-02
19.821108	-2.663706119e-02
19.826108	-2.287130932e-02
19.831108	-7.939181425e-03
19.836108	-2.065250875e-02
19.841109	-3.529872807e-02
19.846109	-1.579785549e-02
19.851109	-1.226009092e-02
19.856109	-2.899819337e-02
19.861110	-2.132266003e-02
19.866110	-7.557466969e-03
19.871110	-6.123584865e-03
19.876111	-2.718244591e-02
19.881111	-2.999332663e-02
19.886111	-8.991537968e-03
19.891111	-2.480939570e-03
19.896112	1.063824547e-03
19.901112	7.388048940e-04
19.906112	-8.181459271e-04
19.911113	7.297297523e-04
19.916113	-1.536181467e-03
19.921113	-3.916086323e-03
19.926113	-2.864182949e-03
19.931114	-8.111927569e-03
19.936114	-2.546199594e-02
19.941114	-2.524304604e-02
19.946114	-5.522185884e-03
19.951115	6.234328276e-04
19.956115	-1.087509456e-03
19.961115	-4.852336978e-03
19.966116	-8.447174005e-03
19.971116	-2.066352928e-02
19.976116	-2.988805175e-02
19.981116	-9.605223038e-03
19.986117	1.841920176e-04
19.991117	-5.235543070e-03
19.996117	-4.519621015e-03
20.001118	-6.783532458e-03
20.006118	-2.513754482e-02
20.011118	-2.662949941e-02
20.016118	-2.749871731e-03
20.021119	-1.641971610e-03
20.026119	1.167324638e-02
20.031119	3.035316459e-02
20.036120	1.172216767e-02
20.041120	1.999672948e-03
20.046120	5.928415413e-03
20.051120	4.045482618e-03
20.056121	1.387593121e-03
20.061121	5.651316848e-03
20.066121	2.754205560e-02
20.071121	2.377522805e-02
20.076122	4.762252424e-03
20.081122	4.322238964e-03
20.086122	4.045216391e-03
20.091123	4.485153749e-03
20.096123	2.057251351e-03
20.101123	-1.919564502e-03
20.106123	-5.906768350e-04
20.111124	2.831093879e-03
20.116124	2.659065402e-03
20.121124	1.006119671e-03
20.126125	-1.518537239e-04
20.131125	-9.838453404e-04
20.136125	-5.074654865e-03
20.141125	-9.222461211e-03
20.146126	-2.259575206e-02
20.151126	-2.816947874e-02
20.156126	-6.230742774e-03
20.161127	5.886763026e-05
20.166127	-5.629852641e-03
20.171127	-2.939256297e-02
20.176127	-3.348337254e-02
20.181128	-4.071054221e-03
20.186128	1.721583925e-03
20.191128	-8.203122144e-04
20.196128	4.605780297e-04
20.201129	-1.099372990e-03
20.206129	-2.150352456e-03
20.211129	6.224544051e-04
20.216130	1.339376140e-03
20.221130	-2.092470303e-03
20.226130	-1.318551764e-03
20.231130	-1.700568638e-03
20.236131	-1.920594570e-03
20.241131	1.664166888e-03
20.246131	3.767011147e-03
20.251132	2.145098475e-02
20.256132	2.427078894e-02
20.261132	7.255701460e-03
20.266132	1.998956940e-03
20.271133	1.002981411e-05
20.276133	3.000824424e-03
20.281133	3.823740166e-03
20.286133	1.271844482e-03
20.291134	-8.780736695e-04
20.296134	-2.001498413e-04
20.301134	-2.111875203e-04
20.306135	-1.622285570e-04
20.311135	-2.810118903e-03
20.316135	-6.948925945e-03
20.321135	-1.761636818e-02
20.326136	-2.613393055e-02
20.331136	-8.775938819e-03
20.336136	1.715228798e-04
20.341137	2.494354747e-03
20.346137	2.222421393e-02
20.351137	2.498802115e-02
20.356137	6.146035656e-03
20.361138	1.280269191e-03
20.366138	7.083906531e-03
20.371138	4.263025791e-03
20.376139	3.880008822e-03
20.381139	2.941354367e-02
20.386139	2.222490698e-02
20.391139	6.536745223e-03
20.396140	7.081676382e-03
20.401140	3.823820030e-03
20.406140	2.847640408e-02
20.411140	2.868535400e-02
20.416141	8.965417510e-03
20.421141	5.151592205e-03
20.426141	2.365851965e-02
20.431142	2.885819067e-02
20.436142	1.780776973e-02
20.441142	3.284389110e-02
20.446142	2.432632861e-02
20.451143	9.406123881e-03
20.456143	3.151485003e-02
20.461143	3.100783991e-02
20.466144	4.922259076e-03
20.471144	3.880278839e-03
20.476144	3.173468391e-02
20.481144	3.117967646e-02
20.486145	7.913938034e-03
20.491145	2.054226987e-03
20.496145	1.095269127e-02
20.501146	3.642822925e-02
20.506146	2.017809879e-02
20.511146	2.771032973e-03
20.516146	3.267966704e-03
20.521147	2.388677605e-02
20.526147	3.444014784e-02
20.531147	7.969588456e-03
20.536147	2.387861836e-03
20.541148	7.829129955e-04
20.546148	3.267735621e-03
20.551148	4.701616967e-03
20.556149	2.445704489e-03
20.561149	1.058743451e-03
20.566149	-2.702208318e-04
20.571149	-3.262562480e-04
20.576150	2.856710070e-04
20.581150	-6.674978599e-03
20.586150	-1.723742695e-02
20.591151	-2.707291592e-02
20.596151	-1.596557515e-02
20.601151	-8.892008977e-03
20.606151	-3.719646594e-02
20.611152	-2.563915033e-02
20.616152	-2.606070248e-04
20.621152	-1.286794113e-02
20.626152	-2.829611762e-02
20.631153	-2.448336927e-02
20.636153	-1.021220532e-02
20.641153	-2.000069696e-02
20.646154	-3.138409948e-02
20.651154	-1.175923469e-02
20.656154	-1.878588067e-02
20.661154	-4.155564695e-02
20.666155	-2.027687459e-02
20.671155	2.214829979e-03
20.676155	-1.083347953e-02
20.681156	-3.664307597e-02
20.686156	-2.171094899e-02
20.691156	-3.691994496e-03
20.696156	-1.427159695e-03
20.701157	2.167600788e-03
20.706157	-2.976150438e-03
20.711157	-1.193268862e-02
20.716158	-2.863279410e-02
20.721158	-2.425407743e-02
20.726158	-2.029357982e-03
20.731158	5.348696366e-05
20.736159	-9.964930370e-04
20.741159	-2.029473991e-03
20.746159	-7.010234353e-03
20.751159	-1.287894510e-02
20.756160	-3.077398384e-02
20.761160	-1.833771745e-02
20.766160	3.881974865e-04
20.771161	-3.539621729e-03
20.776161	-2.182563863e-02
20.781161	-3.717881942e-02
20.786161	-1.192426931e-02
20.791162	1.209958058e-03
20.796162	-9.944457362e-03
20.801162	-2.237080171e-02
20.806163	-2.730456474e-02
20.811163	-1.221144684e-02
20.816163	-1.308943650e-02
20.821163	-2.906258268e-02
20.826164	-2.431288681e-02
20.831164	-3.034114570e-03
20.836164	1.057618054e-03
20.841165	-6.074022180e-03
20.846165	-6.848017673e-03
20.851165	-9.112929859e-03
20.856165	-1.745950221e-02
20.861166	-1.922844212e-02
20.866166	-1.032797822e-02
20.871166	-5.357294729e-03
20.876166	-3.980410427e-03
20.881167	-2.479533056e-03
20.886167	-2.146983769e-04
20.891167	1.382173624e-03
20.896168	8.371653070e-04
20.901168	-1.265755959e-03
20.906168	-5.498347402e-04
20.911168	-1.046845747e-03
20.916169	-3.033773503e-03
20.921169	8.369714209e-04
20.926169	-1.094959413e-03
20.931170	-2.537917573e-03
20.936170	2.040787783e-03
20.941170	4.538376642e-04
20.946170	-4.965898288e-03
20.951171	-4.143983015e-03
20.956171	-3.197074730e-03
20.961171	-1.381215003e-03
20.966171	-7.126932749e-03
20.971172	-2.657888462e-02
20.976172	-1.635049497e-02
20.981172	1.772453528e-03
20.986173	-1.773387154e-03
20.991173	-2.538383227e-03
20.996173	2.222311930e-03
21.001173	6.163628432e-04
21.006174	-4.144409960e-03
21.011174	-7.696373662e-04
21.016174	4.764014590e-03
21.021175	-3.307395571e-04
21.026175	-3.264614453e-03
21.031175	-1.008300791e-04
21.036175	-1.094813378e-03
21.041176	5.580554196e-04
21.046176	2.240352389e-04
21.051176	-9.989352708e-04
21.056177	5.579388841e-04
21.061177	8.928813165e-04
21.066177	5.188945608e-05
21.071177	2.928689849e-03
21.076178	2.598536262e-02
21.081178	2.719925593e-02
21.086178	3.645533214e-03
21.091178	-1.105240184e-03
21.096179	3.157482756e-03
21.101179	6.695246204e-03
21.106179	9.415288426e-04
21.111180	1.564266849e-02
21.116180	3.217870561e-02
21.121180	1.282074843e-02
21.126180	4.199191312e-03
21.131181	2.164266142e-03
21.136181	1.415155743e-02
21.141181	3.449238194e-02
21.146182	1.796426662e-02
21.151182	9.504700437e-03
21.156182	3.216939508e-02
21.161182	2.327985293e-02
21.166183	5.642799566e-03
21.171183	5.307779393e-03
21.176183	1.354828003e-02
21.181184	3.437707726e-02
21.186184	2.188373647e-02
21.191184	4.151688407e-03
21.196184	1.127325156e-02
21.201185	3.250402632e-02
21.206185	2.238955260e-02
21.211185	2.870604380e-03
21.216185	5.365426067e-03
21.221186	2.670119495e-02
21.226186	3.040094930e-02
21.231186	1.000005036e-02
21.236187	4.485319605e-03
21.241187	1.465771227e-02
21.246187	2.879388345e-02
21.251187	1.989434183e-02
21.256188	7.792979116e-03
21.261188	2.471199479e-02
21.266188	2.807676785e-02
21.271189	9.561763518e-03
21.276189	6.913872556e-03
21.281189	2.822062276e-03
21.286189	2.383047882e-03
21.291190	3.480947607e-03
21.296190	1.492019818e-03
21.301190	-1.707840308e-03
21.306190	-1.119684119e-04
21.311191	-1.130072845e-04
21.316191	-2.645904682e-03
21.321191	-2.492869849e-02
21.326192	-3.327327114e-02
21.331192	-8.390700473e-03
21.336192	2.764637249e-03
21.341192	-8.123793259e-03
21.346193	-3.443036223e-02
21.351193	-2.697381783e-02
21.356193	-2.378231128e-03
21.361194	-6.573662270e-04
21.366194	-2.287316378e-02
21.371194	-3.526151049e-02
21.376194	-1.149787730e-02
21.381195	-2.216434878e-03
21.386195	-8.401128231e-03
21.391195	-1.303790808e-02
21.396196	-2.751913784e-02
21.401196	-2.437335257e-02
21.406196	-1.270682453e-03
21.411196	1.052148803e-03
21.416197	-5.083547293e-03
21.421197	-4.089641779e-03
21.426197	-7.158692501e-04
21.431197	-7.729050132e-04
21.436198	1.012790767e-06
21.441198	-9.369737473e-04
21.446198	-1.269994090e-03
21.451199	-5.530731032e-04
21.456199	-5.541119979e-04
21.461199	1.989706904e-03
21.466199	8.327326006e-04
21.471200	-9.942042671e-04
21.476200	5.546702298e-04
21.481200	1.156558064e-04
21.486201	-2.274249605e-03
21.491201	-1.331567158e-02
21.496201	-3.061674378e-02
21.501201	-1.592360377e-02
21.506202	3.924455608e-04
21.511202	7.743852620e-04
21.516202	-5.859283016e-03
21.521203	-1.635473550e-02
21.526203	-1.591579899e-02
21.531203	-1.995961198e-02
21.536203	-1.503592607e-02
21.541204	-1.318731522e-03
21.546204	-1.767745389e-03
21.551204	-5.477577048e-03
21.556204	-4.091693447e-03
21.561205	-6.184615456e-03
21.566205	0.000000000e+00
