expfull_T9_run08
7098	0
0.000000	0.000000000e+00
0.005000	3.211286653e-03
0.010001	2.656773615e-03
0.015001	3.233552002e-04
0.020001	-1.274102362e-03
0.025001	-1.102654014e-03
0.030002	3.307272108e-04
0.035002	-2.220679607e-03
0.040002	2.646456640e-04
0.045002	1.716025933e-03
0.050003	-7.703843396e-04
0.055003	-8.949202430e-04
0.060003	7.104518384e-04
0.065003	1.980841739e-03
0.070004	2.693902501e-04
0.075004	-5.531085224e-04
0.080004	7.082818617e-04
0.085005	-4.012016423e-04
0.090005	-2.390638338e-03
0.095005	-1.721216461e-03
0.100005	-3.928296335e-04
0.105006	5.435780464e-04
0.110006	1.510564163e-04
0.115006	2.252402136e-03
0.120006	5.409506665e-04
0.125007	-7.885211186e-04
0.130007	-7.110177812e-05
0.135007	-3.283473403e-03
0.140007	-1.286122139e-03
0.145008	3.914058765e-03
0.150008	9.196755538e-04
0.155008	-1.843719941e-03
0.160009	-6.535701565e-05
0.165009	7.090593146e-04
0.170009	5.265265499e-04
0.175009	-1.012934034e-03
0.180010	-1.245237565e-04
0.185010	6.388931735e-04
0.190010	4.763593602e-04
0.195010	-8.521124312e-04
0.200011	-4.136782027e-04
0.205011	1.640670077e-03
0.210011	3.691952668e-04
0.215011	-1.304258157e-03
0.220012	-1.237804125e-03
0.225012	-2.913968941e-04
0.230012	5.870139585e-04
0.235013	2.414899188e-04
0.240013	-1.410321478e-04
0.245013	3.084015376e-04
0.250013	-2.471113171e-04
0.255014	-4.106450164e-04
0.260014	-4.201869014e-04
0.265014	1.845150215e-03
0.270014	1.854607330e-03
0.275015	-1.243770238e-03
0.280015	-1.359306462e-03
0.285015	3.030627502e-04
0.290015	-1.944531440e-04
0.295016	-1.459980730e-04
0.300016	-3.095317198e-04
0.305016	-9.700389254e-04
0.310016	-2.056219183e-04
0.315017	-9.117033207e-05
0.320017	2.011175522e-03
0.325017	6.807039792e-04
0.330018	-1.909700539e-03
0.335018	4.046340598e-04
0.340018	-4.758613967e-04
0.345018	-1.194365462e-03
0.350019	-9.849188800e-04
0.355019	-1.530432133e-03
0.360019	2.006837453e-03
0.365019	2.837251028e-03
0.370020	7.338206660e-04
0.375020	8.972697334e-04
0.380020	3.417570514e-04
0.385020	-3.138600046e-03
0.390021	-1.534227599e-03
0.395021	2.557012576e-03
0.400021	4.535822629e-04
0.405022	2.330518041e-04
0.410022	-1.143417160e-03
0.415022	-1.755926751e-03
0.420022	5.564080891e-04
0.425023	1.728863352e-04
0.430023	3.453350174e-04
0.435023	-8.781420399e-04
0.440023	-9.366810527e-04
0.445024	3.430544531e-03
0.450024	-5.937835170e-04
0.455024	-2.916202082e-03
0.460024	1.881000659e-03
0.465025	-7.204030474e-04
0.470025	5.039897564e-04
0.475025	1.439397942e-03
0.480026	-1.047011851e-03
0.485026	-1.208545298e-03
0.490026	-5.151336179e-06
0.495026	-5.506643374e-04
0.500027	6.076113261e-05
0.505027	2.222105482e-04
0.510027	1.166741758e-04
0.515027	-8.298174540e-04
0.520028	-1.719312105e-03
0.525028	2.428925291e-03
0.530028	-1.386413707e-03
0.535028	-2.323905771e-03
0.540029	2.933272672e-03
0.545029	1.708795896e-03
0.550029	-1.560572098e-03
0.555030	-1.991091082e-03
0.560030	1.325190647e-03
0.565030	1.017138645e-04
0.570030	-1.389748651e-03
0.575031	1.265568272e-03
0.580031	1.982988286e-03
0.585031	9.954665727e-05
0.590031	-1.115930489e-03
0.595032	-1.938428527e-03
0.600032	-1.890972826e-03
0.605032	8.143415127e-04
0.610032	1.711752029e-03
0.615033	8.122581385e-04
0.620033	4.777342093e-04
0.625033	-1.061725614e-03
0.630034	-1.894223029e-03
0.635034	1.594049741e-03
0.640034	1.975487782e-03
0.645034	-7.869069377e-04
0.650035	5.994776761e-04
0.655035	1.974862889e-03
0.660035	-3.485551397e-04
0.665035	-2.728970122e-03
0.670036	8.933838103e-05
0.675036	5.377729559e-04
0.680036	-2.615600869e-03
0.685036	4.716933695e-04
0.690037	1.091118892e-03
0.695037	-1.232299036e-03
0.700037	1.910837531e-04
0.705037	1.251485864e-03
0.710038	2.579972397e-04
0.715038	-7.464907846e-04
0.720038	3.592615822e-05
0.725039	5.903552433e-04
0.730039	-3.561358200e-04
0.735039	-1.130636016e-03
0.740039	-3.572185330e-04
0.745040	1.962106676e-04
0.750040	8.076367990e-04
0.755040	-3.588424842e-04
0.760040	-1.076345633e-03
0.765041	1.580971722e-03
0.770041	-9.154367714e-04
0.775041	2.399605061e-04
0.780041	1.244365832e-03
0.785042	-2.235990275e-03
0.790042	-2.360524867e-03
0.795042	5.737778548e-04
0.800043	1.422596261e-04
0.805043	5.816950871e-04
0.810043	7.341458303e-04
0.815043	-1.636269214e-03
0.820044	-8.628514667e-04
0.825044	2.558425455e-03
0.830044	2.729875257e-03
0.835044	-2.079409991e-03
0.840045	-1.466983609e-03
0.845045	1.839299499e-03
0.850045	-1.144082817e-03
0.855045	-1.803588726e-03
0.860046	2.220656248e-03
0.865046	-1.517585127e-04
0.870046	-2.408179425e-03
0.875047	-4.188261569e-04
0.880047	-4.873634085e-04
0.885047	-1.587845751e-03
0.890047	9.554781065e-04
0.895048	2.713843736e-03
0.900048	1.556364482e-03
0.905048	-2.191976941e-03
0.910048	-1.198570565e-03
0.915049	6.177920560e-04
0.920049	8.952365536e-04
0.925049	8.366989422e-04
0.930049	6.731669353e-04
0.935050	6.736262251e-04
0.940050	-2.032770483e-03
0.945050	-1.929316632e-03
0.950051	3.940191603e-04
0.955051	3.364816152e-04
0.960051	-1.620324535e-04
0.965051	-1.098523205e-03
0.970052	6.128452202e-04
0.975052	-2.676484689e-04
0.980052	-8.811563387e-04
0.985052	3.902355517e-04
0.990053	-3.842637130e-04
0.995053	1.105116624e-03
1.000053	-1.083592485e-04
1.005053	-1.656817282e-03
1.010054	9.995010480e-04
1.015054	1.275945988e-03
1.020054	-8.854793761e-04
1.025055	-6.080344458e-04
1.030055	-4.455833772e-04
1.035055	3.848321834e-04
1.040055	1.101253829e-03
1.045056	-1.442151108e-03
1.050056	-1.165706014e-03
1.055056	5.556622437e-04
1.060056	-8.788016125e-04
1.065057	4.865856255e-04
1.070057	9.830191071e-04
1.075057	-5.946553123e-05
1.080057	-6.000556934e-05
1.085058	5.424223427e-04
1.090058	-2.105976806e-03
1.095058	-1.877528955e-03
1.100059	1.428755204e-03
1.105059	2.052803315e-04
1.110059	1.591666660e-03
1.115059	9.871589104e-04
1.120060	-1.450251321e-03
1.125060	-8.958206682e-04
1.130060	3.265744780e-04
1.135060	1.091993955e-03
1.140061	-1.509407457e-03
1.145061	-9.027024938e-06
1.150061	4.774073647e-04
1.155061	-1.674017910e-03
1.160062	7.643127046e-04
1.165062	6.947767407e-04
1.170062	3.122574495e-04
1.175062	1.202670474e-03
1.180063	2.641808055e-04
1.185063	-1.782249905e-03
1.190063	-1.849785851e-03
1.195064	4.245536612e-04
1.200064	5.960050540e-04
1.205064	-9.144540643e-04
1.210064	-7.420026736e-04
1.215065	-3.415633842e-04
1.220065	3.068627402e-04
1.225065	2.849188151e-03
1.230065	4.217779357e-04
1.235066	-1.910637307e-03
1.240066	4.776963738e-04
1.245066	-4.607929609e-04
1.250066	-1.856257962e-03
1.255067	-5.748653226e-04
1.260067	5.325365982e-04
1.265067	-8.069313016e-04
1.270068	-8.050906225e-05
1.275068	5.889162357e-04
1.280068	3.023924092e-04
1.285068	3.578504192e-04
1.290069	6.912936700e-04
1.295069	1.121731789e-03
1.300069	-3.075583908e-03
1.305069	-1.518205677e-03
1.310070	9.101262536e-04
1.315070	-5.813332884e-04
1.320070	-2.008923716e-04
1.325070	1.245514985e-04
1.330071	2.236900349e-03
1.335071	-1.187456267e-03
1.340071	-1.798962475e-03
1.345072	9.533524195e-04
1.350072	-5.381069250e-04
1.355072	3.513071170e-04
1.360072	4.077654939e-04
1.365073	-2.021643873e-03
1.370073	3.486914827e-04
1.375073	2.337047186e-03
1.380073	-2.415238537e-03
1.385074	-1.498975086e-04
1.390074	-3.544204199e-05
1.395074	-9.249331445e-04
1.400074	1.109420259e-03
1.405075	-5.930275420e-04
1.410075	6.223694824e-04
1.415075	4.498403626e-04
1.420076	-1.147612933e-03
1.425076	6.777517359e-04
1.430076	-9.866979361e-04
1.435076	-3.635095240e-03
1.440077	1.010119528e-03
1.445077	7.805936217e-04
1.450077	-8.258590134e-04
1.455077	-1.754347680e-03
1.460078	-4.297673301e-05
1.465078	3.264309355e-03
1.470078	-4.405262891e-05
1.475078	-1.374519789e-03
1.480079	5.568395803e-04
1.485079	6.132987099e-04
1.490079	-2.150092137e-03
1.495080	-9.926915050e-04
1.500080	1.051661980e-03
1.505080	7.741390016e-04
1.510080	-3.353396923e-04
1.515081	-9.958422360e-04
1.520081	2.053457923e-03
1.525081	1.278961507e-03
1.530081	3.884712933e-04
1.535082	-5.010189411e-04
1.540082	-3.875376969e-03
1.545082	-7.780792014e-04
1.550082	1.659253704e-03
1.555083	-1.121894876e-04
1.560083	1.044211618e-03
1.565083	3.857092936e-04
1.570084	-2.482675450e-03
1.575084	-2.158229993e-03
1.580084	-1.708729540e-04
1.585084	7.645400724e-04
1.590085	9.503850028e-05
1.595085	-3.914727717e-04
1.600085	5.539398239e-04
1.605085	-1.156717844e-05
1.610086	-2.390977663e-03
1.615086	-1.493562412e-03
1.620086	-3.951578178e-04
1.625086	3.246111552e-03
1.630087	1.763653494e-03
1.635087	-9.977365000e-04
1.640087	3.196565837e-04
1.645088	-5.128359423e-04
1.650088	4.815743909e-04
1.655088	-1.507856526e-03
1.660088	-1.125413571e-03
1.665089	1.196926232e-03
1.670089	8.224095214e-04
1.675089	-1.501003490e-03
1.680089	-1.892519226e-03
1.685090	-8.991085924e-04
1.690090	-4.126709568e-04
1.695090	3.617513963e-04
1.700090	-6.876212242e-05
1.705091	2.970539830e-03
1.710091	-3.568195288e-04
1.715091	-1.848276506e-03
1.720091	-7.308722160e-04
1.725092	-2.500314334e-03
1.730092	9.101162878e-05
1.735092	1.580396242e-03
1.740093	1.684854559e-03
1.745093	-1.395844873e-04
1.750093	4.228495424e-04
1.755093	-2.178548102e-03
1.760094	-3.287025120e-03
1.765094	1.969159354e-03
1.770094	1.136667731e-03
1.775094	2.131078970e-03
1.780095	-5.263155093e-04
1.785095	-4.445642826e-03
1.790095	-5.753844452e-04
1.795095	1.181986361e-03
1.800096	9.614624132e-04
1.805096	-3.580030425e-04
1.810096	-3.005417009e-04
1.815097	1.629820057e-03
1.820097	6.833348766e-04
1.825097	-2.520030218e-03
1.830097	-9.156510055e-04
1.835098	3.118598997e-03
1.840098	1.842197111e-04
1.845098	-1.862206768e-03
1.850098	-6.968040497e-04
1.855099	-1.414301138e-03
1.860099	-4.208891932e-04
1.865099	1.335461410e-04
1.870099	-1.310912161e-03
1.875100	-1.426441112e-03
1.880100	2.459348764e-04
1.885100	6.853764858e-04
1.890101	2.061768297e-03
1.895101	8.472979606e-04
1.900101	-9.311423376e-04
1.905101	-8.176832285e-04
1.910102	3.477199664e-04
1.915102	-2.067853137e-04
1.920102	-1.526249864e-03
1.925102	1.261275496e-04
1.930103	2.875843082e-04
1.935103	-1.202871025e-03
1.940103	1.735211915e-04
1.945103	2.869806260e-04
1.950104	-4.295157517e-04
1.955104	-5.930415016e-04
1.960104	-2.477475672e-03
1.965105	8.878109578e-04
1.970105	2.607185178e-03
1.975105	-1.265143129e-03
1.980105	-3.287271784e-04
1.985106	-7.592384772e-04
1.990106	-1.094754787e-03
1.995106	-1.673382317e-04
2.000106	-6.648458405e-04
2.005107	3.214413786e-03
2.010107	8.350063631e-04
2.015107	-5.140209751e-03
2.020107	-7.159789846e-04
2.025108	3.930240017e-03
2.030108	1.110856167e-03
2.035108	-2.217500566e-03
2.040109	-3.479967144e-03
2.045109	-1.636772303e-04
2.050109	5.527510176e-04
2.055109	-1.067475037e-04
2.060110	1.697042340e-04
2.065110	4.371564939e-04
2.070110	3.786261370e-04
2.075110	4.450891752e-04
2.080111	1.675705542e-04
2.085111	-1.333882920e-03
2.090111	-6.744512906e-04
2.095111	1.484900600e-03
2.100112	-1.880453598e-03
2.105112	-3.762886630e-03
2.110112	2.143266096e-03
2.115112	3.258296951e-04
2.120113	-1.050630117e-03
2.125113	7.067434228e-04
2.130113	1.522399795e-04
2.135114	-3.352669824e-04
2.140114	8.781356269e-04
2.145114	1.365576896e-03
2.150114	-1.268764752e-04
2.155115	-1.332345067e-03
2.160115	-2.001842121e-03
2.165115	7.044813043e-04
2.170115	2.146872006e-03
2.175116	-1.726454495e-03
2.180116	-3.274904614e-03
2.185116	1.867289428e-03
2.190116	2.249736694e-03
2.195117	-2.177560156e-03
2.200117	-2.226089873e-03
2.205117	-6.473709054e-05
2.210118	8.136839796e-04
2.215118	4.781696675e-04
2.220118	2.006523173e-04
2.225118	-4.608445616e-04
2.230119	-1.732308948e-03
2.235119	-4.689081214e-04
2.240119	-8.434201242e-04
2.245119	-1.953892933e-03
2.250120	-1.375213771e-04
2.255120	7.608990532e-04
2.260120	-1.385848356e-04
2.265120	8.087180519e-05
2.270121	2.043335999e-04
2.275121	-2.119074405e-03
2.280121	-5.226908609e-04
2.285122	2.564613427e-03
2.290122	-8.377714713e-05
2.295122	-1.242246924e-03
2.300122	-2.478311672e-04
2.305123	-6.873390895e-04
2.310123	-1.519826060e-03
2.315123	-9.093897329e-04
2.320123	1.631943936e-03
2.325124	-1.856401619e-03
2.330124	-7.479916330e-04
2.335124	1.884275507e-04
2.340124	-8.908864528e-05
2.345125	2.950218781e-03
2.350125	1.295775925e-03
2.355125	-1.191622576e-03
2.360126	-3.237044536e-03
2.365126	-8.174308040e-05
2.370126	2.010614964e-03
2.375126	-1.746715787e-03
2.380127	-2.464208182e-03
2.385127	1.396055976e-03
2.390127	1.452522513e-03
2.395127	-1.031875746e-03
2.400128	-3.154442122e-04
2.405128	3.529899256e-04
2.410128	-8.614757316e-04
2.415128	-1.531970273e-03
2.420129	-1.206517739e-03
2.425129	2.838728818e-04
2.430129	1.841259990e-03
2.435130	-1.471642443e-04
2.440130	-9.226529447e-04
2.445130	1.667679373e-03
2.450130	2.812232744e-04
2.455131	-1.918189531e-03
2.460131	-8.097782319e-04
2.465131	-4.534858441e-05
2.470131	-2.178690471e-04
2.475132	1.058921357e-05
2.480132	-7.638991253e-04
2.485132	-1.054636312e-04
2.490132	-6.509640455e-04
2.495133	2.294597456e-04
2.500133	3.909218320e-04
2.505133	-1.761492950e-03
2.510134	-9.300663948e-04
2.515134	-1.703554419e-03
2.520134	4.458021403e-04
2.525134	2.099185134e-03
2.530135	-8.841851836e-04
2.535135	-9.327115563e-04
2.540135	6.170664857e-05
2.545135	1.751717662e-04
2.550136	-8.763010977e-04
2.555136	-7.718353939e-04
2.560136	-7.823635196e-04
2.565136	-6.678982399e-04
2.570137	2.381410985e-03
2.575137	1.825912010e-03
2.580137	-1.769425218e-03
2.585138	-3.537859568e-03
2.590138	2.674096642e-04
2.595138	1.594810752e-03
2.600138	-7.775913074e-04
2.605139	-2.651019853e-03
2.610139	-1.274621207e-03
2.615139	6.557480271e-04
2.620139	7.122169922e-04
2.625140	1.323656493e-03
2.630140	-2.270680240e-03
2.635140	1.590586508e-03
2.640140	1.656055216e-03
2.645141	-1.450307306e-03
2.650141	-1.775817690e-03
2.655141	-2.159324933e-03
2.660141	1.864933424e-03
2.665142	1.644417623e-03
2.670142	-8.419775969e-04
2.675142	-1.501469936e-03
2.680143	5.448938532e-04
2.685143	8.203518957e-04
2.690143	-1.284063416e-03
2.695143	-2.450528563e-03
2.700144	-1.318534396e-05
2.705144	2.644146230e-03
2.710144	1.487519420e-04
2.715144	-2.917515915e-04
2.720145	-2.352815027e-04
2.725145	-1.287752370e-03
2.730145	-8.473025914e-04
2.735145	-1.124814565e-03
2.740146	6.995617156e-04
2.745146	-1.011873871e-03
2.750146	-2.111341951e-03
2.755147	5.259912615e-04
2.760147	-2.484939888e-04
2.765147	3.796438576e-05
2.770147	-2.405471298e-04
2.775148	3.618945537e-04
2.780148	8.013449653e-04
2.785148	-9.020905812e-04
2.790148	-9.026166494e-04
2.795149	-3.571716999e-04
2.800149	4.162611814e-04
2.805149	-1.181179768e-03
2.810149	-5.217407053e-04
2.815150	-1.392868502e-04
2.820150	-7.997774600e-04
2.825150	1.245588061e-03
2.830151	-1.135810892e-03
2.835151	-1.519316057e-03
2.840151	3.070612907e-04
2.845151	3.545333210e-04
2.850152	5.169992944e-04
2.855152	-1.682409041e-03
2.860152	-9.099753922e-04
2.865152	-8.625031219e-04
2.870153	-1.460663745e-04
2.875153	-5.285711125e-04
2.880153	4.658509693e-04
2.885153	-1.466414142e-04
2.890154	-5.881428323e-04
2.895154	1.352229115e-03
2.900154	-9.701721336e-04
2.905155	-8.657024101e-04
2.910155	-3.527124047e-05
2.915155	3.461838721e-04
2.920155	-1.641234950e-03
2.925156	1.292084548e-03
2.930156	8.985810655e-04
2.935156	-3.249722632e-03
2.940156	1.511499822e-03
2.945157	-1.429364039e-04
2.950157	-2.028360281e-03
2.955157	1.555924961e-03
2.960157	-9.864638475e-04
2.965158	-1.254973545e-03
2.970158	-1.417488818e-03
2.975158	2.348994342e-04
2.980159	2.558252059e-03
2.985159	-1.428059633e-03
2.990159	-1.586508217e-04
2.995159	-7.611423786e-04
3.000160	1.752842702e-04
3.005160	-1.153168546e-03
3.010160	-2.368627309e-03
3.015160	1.778628741e-03
3.020161	1.559117128e-03
3.025161	-1.043176164e-04
3.030161	-1.987740596e-03
3.035161	-2.753222977e-03
3.040162	1.131015251e-04
3.045162	2.765698597e-04
3.050162	-1.262871161e-03
3.055162	-7.104233893e-04
3.060163	-3.279665108e-04
3.065163	-9.404566454e-04
3.070163	-1.207965066e-03
3.075164	2.490315632e-03
3.080164	5.488963788e-04
3.085164	-6.645615312e-04
3.090164	6.048485560e-04
3.095165	4.423348743e-04
3.100165	-1.021584244e-04
3.105165	-2.205568737e-03
3.110165	-1.442131476e-03
3.115166	-6.672670137e-05
3.120166	2.207360079e-04
3.125166	-1.213709626e-03
3.130166	-1.129545359e-05
3.135167	2.264061713e-03
3.140167	-9.382896862e-04
3.145167	-2.267740642e-03
3.150168	-2.382745689e-06
3.155168	-6.248711741e-04
3.160168	-1.122366185e-03
3.165168	2.700909042e-03
3.170169	-1.094628102e-04
3.175169	-2.050880817e-03
3.180169	9.214398731e-04
3.185169	-1.780227855e-04
3.190170	-5.525239390e-04
3.195170	3.269082757e-04
3.200170	-2.387468282e-03
3.205170	-1.777021626e-03
3.210171	7.073254226e-04
3.215171	2.302719823e-03
3.220171	-3.446600296e-04
3.225172	-3.766998594e-03
3.230172	-1.357122827e-04
3.235172	-1.832302229e-04
3.240172	-1.005706874e-03
3.245173	1.085661551e-03
3.250173	1.478120411e-03
3.255173	8.756322628e-04
3.260173	-9.037932145e-04
3.265174	-1.863514355e-04
3.270174	-2.928657606e-04
3.275174	-1.737308851e-03
3.280174	-4.078994175e-04
3.285175	-4.564166215e-04
3.290175	1.310969653e-03
3.295175	-4.664554504e-04
3.300176	-3.391819424e-03
3.305176	-6.884827270e-04
3.310176	9.639099404e-04
3.315176	1.586357461e-03
3.320177	-4.110555938e-04
3.325177	-1.904495387e-03
3.330177	-2.286994202e-03
3.335177	-9.585839538e-04
3.340178	8.088030146e-04
3.345178	1.873171207e-04
3.350178	1.237742365e-03
3.355178	-7.416711580e-04
3.360179	-2.013122269e-03
3.365179	-8.087050041e-04
3.370179	-1.249200174e-03
3.375180	-1.957681018e-03
3.380180	6.426622067e-04
3.385180	5.181504416e-04
3.390180	1.071602685e-03
3.395181	1.635054468e-03
3.400181	-1.854278104e-03
3.405181	-2.008841544e-04
3.410181	1.011533323e-03
3.415182	1.706825862e-05
3.420182	-3.074323704e-04
3.425182	-1.245900270e-03
3.430182	-1.800388522e-03
3.435183	-5.859707935e-04
3.440183	-7.594791670e-04
3.445183	1.396216188e-05
3.450184	6.824091477e-04
3.455184	-6.940350235e-04
3.460184	8.443658327e-04
3.465184	-1.699016123e-03
3.470185	-5.325953352e-04
3.475185	-7.051032557e-04
3.480185	5.173146984e-04
3.485185	2.398125083e-04
3.490186	-2.867539085e-03
3.495186	-8.701621333e-04
3.500186	-9.672000555e-05
3.505186	1.335687144e-03
3.510187	-6.517237278e-04
3.515187	-9.826967859e-05
3.520187	4.551844441e-04
3.525187	-1.102249078e-03
3.530188	6.751400890e-04
3.535188	1.206533659e-04
3.540188	-2.480724406e-03
3.545189	7.295887637e-04
3.550189	1.944008172e-03
3.555189	-7.033669308e-04
3.560189	-2.148805892e-03
3.565190	-1.270368389e-03
3.570190	-1.049895814e-03
3.575190	-5.434383757e-04
3.580190	-6.489483114e-04
3.585191	-7.174601402e-04
3.590191	4.959599181e-04
3.595191	1.108412018e-03
3.600191	3.909349336e-04
3.605192	-7.765181404e-04
3.610192	-1.436998106e-03
3.615192	-2.715751182e-04
3.620193	1.104836722e-03
3.625193	-1.495539831e-03
3.630193	-2.261013909e-03
3.635193	-1.266581523e-03
3.640194	1.046780783e-03
3.645194	-3.886574312e-04
3.650194	-1.701835429e-04
3.655194	-1.696979833e-04
3.660195	-2.206104002e-03
3.665195	1.492185019e-03
3.670195	5.457211775e-04
3.675195	-2.112651528e-03
3.680196	4.296992087e-04
3.685196	-2.777771145e-04
3.690196	-9.472553818e-04
3.695197	4.371571784e-04
3.700197	-3.943123181e-04
3.705197	-1.168784769e-03
3.710197	-5.013338409e-04
3.715198	1.535044350e-03
3.720198	-4.387179664e-06
3.725198	-1.553818099e-03
3.730198	-2.557277982e-03
3.735199	-1.286858739e-03
3.740199	2.029451759e-03
3.745199	2.258926529e-03
3.750199	-9.534155485e-04
3.755200	-2.225860733e-03
3.760200	2.104968834e-04
3.765200	-3.497818577e-03
3.770201	-6.204842595e-04
3.775201	2.092858860e-03
3.780201	-1.674453227e-03
3.785201	-7.380154334e-04
3.790202	-9.585160221e-04
3.795202	1.979102276e-04
3.800202	1.584324323e-03
3.805202	1.498885430e-04
3.810203	4.263618365e-04
3.815203	-7.112362251e-05
3.820203	-1.621552994e-03
3.825203	-1.019096802e-03
3.830204	4.723121863e-04
3.835204	1.694735562e-03
3.840204	-1.173623388e-03
3.845205	-5.721668224e-04
3.850205	-5.816776784e-04
3.855205	-1.853121330e-03
3.860205	-2.341606548e-03
3.865206	-2.007135459e-03
3.870206	5.252188008e-04
3.875206	1.460658084e-03
3.880206	-6.897384118e-04
3.885207	-2.229167325e-03
3.890207	3.520151310e-05
3.895207	2.446797350e-04
3.900207	-5.297896243e-04
3.905208	-4.153061870e-04
3.910208	-1.351766767e-03
3.915208	-4.733238031e-04
3.920209	6.821045092e-04
3.925209	-8.236497454e-05
3.930209	-9.148307597e-04
3.935209	-8.583437477e-04
3.940210	5.270726585e-04
3.945210	-1.642321767e-03
3.950210	-2.082808074e-03
3.955210	1.624485074e-03
3.960211	1.844963774e-03
3.965211	-3.127281235e-03
3.970211	-2.018849601e-03
3.975211	3.525149378e-04
3.980212	1.220179563e-04
3.985212	3.504966442e-04
3.990212	2.232887441e-03
3.995213	-8.949802090e-05
4.000213	-5.013745003e-03
4.005213	-1.314450600e-03
4.010213	3.273796601e-03
4.015214	-1.495299668e-04
4.020214	-2.796897725e-03
4.025214	-3.695353328e-04
4.030214	1.061880119e-03
4.035215	1.042772307e-05
4.040215	-7.060424076e-04
4.045215	6.740829479e-05
4.050215	-1.204032148e-03
4.055216	-6.505695756e-04
4.060216	3.428696781e-04
4.065216	-9.285705115e-04
4.070216	-4.912502528e-05
4.075217	1.123587351e-04
4.080217	3.408390165e-04
4.085217	1.946246142e-03
4.090218	-2.307035015e-03
4.095218	-2.145550915e-03
4.100218	-1.764078431e-03
4.105218	4.320364971e-06
4.110219	1.771719300e-03
4.115219	-2.147579196e-03
4.120219	1.053743637e-03
4.125219	1.493213463e-03
4.130220	-1.651125997e-03
4.135220	-1.595635574e-03
4.140220	8.887257385e-04
4.145220	-6.596983527e-04
4.150221	-2.543104540e-03
4.155221	2.150139538e-03
4.160221	-6.042201489e-04
4.165222	-1.875658628e-03
4.170222	-1.158202813e-03
4.175222	-2.048661384e-03
4.180222	-6.732403935e-04
4.185223	8.371735032e-04
4.190223	1.047656632e-03
4.195223	-2.817782413e-04
4.200223	3.701072772e-06
4.205224	1.081901012e-04
4.210224	-4.462857317e-04
4.215224	-3.323637920e-03
4.220224	-2.101208094e-03
4.225225	1.482096241e-03
4.230225	2.199553103e-03
4.235225	-1.499755014e-03
4.240226	-2.495206864e-03
4.245226	7.731145769e-04
4.250226	8.786043418e-04
4.255226	-3.448351172e-04
4.260227	-1.340286615e-03
4.265227	3.221206003e-04
4.270227	-2.326242800e-03
4.275227	-2.220752592e-03
4.280228	2.472493674e-03
4.285228	5.980893721e-04
4.290228	-1.669293937e-03
4.295228	-1.554803853e-03
4.300229	-1.067333520e-03
4.305229	1.141045366e-03
4.310229	2.316479284e-03
4.315230	3.740791343e-04
4.320230	-1.958300182e-03
4.325230	-3.382727705e-03
4.330230	-2.953951246e-04
4.335231	1.796990468e-03
4.340231	-9.563660972e-04
4.345231	-2.218801877e-03
4.350231	-1.225357560e-03
4.355232	1.078017171e-03
4.360232	4.745466104e-04
4.365232	-1.952826843e-03
4.370232	-2.622293712e-03
4.375233	3.680448394e-04
4.380233	-1.284310497e-04
4.385233	-7.978976463e-04
4.390234	8.955303318e-05
4.395234	9.780037505e-04
4.400234	4.235313102e-04
4.405234	-2.845796632e-03
4.410235	-1.690359842e-03
4.415235	-2.072841157e-03
4.420235	3.645276276e-04
4.425235	2.131932140e-03
4.430236	-1.405381090e-03
4.435236	1.910327017e-04
4.440236	7.445020607e-04
4.445236	-2.343834775e-03
4.450237	-2.295338372e-03
4.455237	1.632951752e-03
4.460237	4.175155699e-04
4.465237	-2.250843236e-03
4.470238	-3.346182986e-05
4.475238	1.410960784e-03
4.480238	4.635107178e-04
4.485239	-2.405837027e-03
4.490239	-2.959307864e-03
4.495239	5.680043293e-04
4.500239	1.365271895e-04
4.505240	4.130124852e-04
4.510240	1.825248409e-04
4.515240	-2.857813250e-03
4.520240	-3.154481997e-04
4.525241	-9.749127457e-04
4.530241	1.405461108e-03
4.535241	1.346964783e-03
4.540241	-1.751369754e-03
4.545242	-1.254895411e-03
4.550242	-1.416385976e-03
4.555242	-9.199114448e-04
4.560243	-2.422330495e-03
4.565243	6.840054023e-04
4.570243	1.782448197e-03
4.575243	-3.140788612e-03
4.580244	1.008492094e-03
4.585244	2.440917407e-03
4.590244	-1.698360817e-03
4.595244	-2.137835745e-03
4.600245	-5.904162631e-04
4.605245	1.224989059e-03
4.610245	-1.041388407e-03
4.615245	-2.140827850e-03
4.620246	7.265218040e-04
4.625246	1.108003780e-03
4.630246	-1.320364688e-03
4.635247	-1.204868372e-03
4.640247	-3.164130755e-04
4.645247	7.810312007e-04
4.650247	2.255634937e-04
4.655248	-3.090757263e-03
4.660248	-3.148251266e-03
4.665248	4.540601571e-04
4.670248	1.008533796e-03
4.675249	-6.548744969e-04
4.680249	-1.602320776e-03
4.685249	-3.888818990e-04
4.690249	7.765596278e-04
4.695250	6.050723647e-04
4.700250	-1.603832074e-04
4.705250	-1.815791344e-03
4.710251	-1.165322037e-03
4.715251	-1.547797689e-03
4.720251	-6.123433464e-04
4.725251	7.730871591e-04
4.730252	-7.653267143e-04
4.735252	-1.655774956e-03
4.740252	-4.523344775e-04
4.745252	1.757052591e-03
4.750253	-4.423257332e-04
4.755253	-3.868239001e-04
4.760253	1.152599099e-03
4.765253	-1.820737763e-03
4.770254	-5.023028123e-04
4.775254	-5.027976075e-04
4.780254	4.426573794e-04
4.785255	-6.813336892e-06
4.790255	-3.544119708e-03
4.795255	-7.802236695e-06
4.800255	-6.529350652e-05
4.805256	-8.790740847e-06
4.810256	9.366648392e-04
4.815256	-2.389652260e-03
4.820256	-2.055163983e-03
4.825257	9.831805714e-04
4.830257	-2.892454787e-04
4.835257	-1.894653717e-03
4.840257	-6.812117953e-04
4.845258	1.096200228e-03
4.850258	2.067542059e-04
4.855258	-1.227662729e-03
4.860259	2.727643280e-04
4.865259	8.752392483e-04
4.870259	-2.510073615e-03
4.875259	-1.345628386e-03
4.880260	-1.211862478e-04
4.885260	1.255247906e-03
4.890260	9.197732198e-04
4.895260	-2.942513770e-03
4.900261	-1.337091494e-03
4.905261	-6.306213000e-04
4.910261	4.778276127e-04
4.915261	-1.452561733e-03
4.920262	-2.400003262e-03
4.925262	4.183550017e-04
4.930262	6.378516043e-04
4.935262	-1.512525635e-03
4.940263	-2.286975959e-03
4.945263	1.353338990e-03
4.950263	1.525838499e-03
4.955264	-1.284503228e-03
4.960264	-1.572978995e-03
4.965264	-9.135050832e-04
4.970264	1.026900797e-03
4.975265	-5.795045613e-04
4.980265	1.369666261e-04
4.985265	2.296361165e-03
4.990265	-1.288938625e-03
4.995266	-4.836240334e-03
5.000266	-8.599421310e-04
5.005266	1.625435479e-03
5.010266	-6.879315557e-04
5.015267	-5.744275762e-04
5.020267	-5.269199831e-04
5.025267	-1.798342131e-03
5.030268	-3.092581574e-05
5.035268	-7.483772233e-04
5.040268	-3.098900134e-04
5.045268	-2.513824881e-04
5.050269	-3.098686361e-04
5.055269	7.875838337e-04
5.060269	-2.078752753e-03
5.065269	-2.241233057e-03
5.070270	-3.598219754e-04
5.075270	7.386308575e-04
5.080270	-1.258751533e-03
5.085270	-1.690217113e-03
5.090271	2.401917800e-04
5.095271	-1.146222795e-03
5.100271	5.731975297e-04
5.105272	2.782591897e-03
5.110272	-2.637607801e-03
5.115272	-2.582098655e-03
5.120272	-2.597099830e-04
5.125273	-1.552032333e-04
5.130273	-1.556907935e-04
5.135273	-1.971081711e-03
5.140273	8.472810009e-04
5.145274	2.280717485e-03
5.150274	-1.590563760e-03
5.155274	-1.258068505e-03
5.160274	-1.037567186e-03
5.165275	-2.528974702e-03
5.170275	2.323916760e-04
5.175275	1.999811030e-03
5.180276	1.780336176e-03
5.185276	-1.316985495e-03
5.190276	-2.092430563e-03
5.195276	-2.660139219e-04
5.200277	-9.364643620e-04
5.205277	-4.879742135e-04
5.210277	2.385012554e-04
5.215277	-3.349540237e-04
5.220278	-3.701260640e-03
5.225278	-8.148997375e-04
5.230278	8.295273322e-04
5.235278	-2.928758112e-03
5.240279	2.835857721e-04
5.245279	1.335044705e-03
5.250279	-1.983263820e-03
5.255280	-7.228157890e-04
5.260280	-1.103331835e-04
5.265280	4.431526679e-04
5.270280	7.196533605e-04
5.275281	-2.261672550e-03
5.280281	-1.692682321e-04
5.285281	3.362206047e-04
5.290281	-1.758152160e-03
5.295282	-1.997623481e-03
5.300282	-6.111811779e-04
5.305282	2.103190599e-03
5.310282	-1.181199406e-06
5.315283	-2.324541241e-03
5.320283	-8.431035559e-04
5.325283	5.523388121e-04
5.330284	-1.651063232e-04
5.335284	-1.608512734e-03
5.340284	3.309010265e-04
5.345284	-4.564099107e-06
5.350285	-6.170143820e-04
5.355285	-6.252662653e-05
5.360285	-6.169797752e-04
5.365285	-2.280373828e-03
5.370286	-7.319386128e-04
5.375286	-8.394152073e-04
5.380286	-2.053832812e-03
5.385286	1.065701818e-04
5.390287	-8.878589041e-04
5.395287	2.685977115e-04
5.400287	1.367057523e-03
5.405287	-6.793152777e-04
5.410288	-1.558750039e-03
5.415288	-8.992665460e-04
5.420288	-1.616709702e-03
5.425289	2.425594075e-03
5.430289	-9.497074836e-04
5.435289	-2.068128978e-03
5.440289	1.086222364e-03
5.445290	-3.656006153e-03
5.450290	-2.222563051e-03
5.455290	-7.411223906e-04
5.460290	6.443234873e-04
5.465291	1.857778625e-03
5.470291	-1.182539861e-03
5.475291	-1.831985409e-03
5.480291	-6.455940184e-05
5.485292	-1.330356286e-04
5.490292	6.324438973e-04
5.495292	4.209755008e-04
5.500293	-2.065371779e-03
5.505293	-4.109392012e-04
5.510293	-1.824306637e-04
5.515293	-1.673830529e-03
5.520294	-1.406323841e-03
5.525294	8.570767959e-04
5.530294	3.596243992e-04
5.535294	-1.368279377e-04
5.540295	4.176639370e-04
5.545295	-1.132732113e-03
5.550295	-2.175155069e-03
5.555295	-1.572665408e-03
5.560296	4.147507004e-04
5.565296	5.862635130e-04
5.570296	-1.077125960e-03
5.575297	-2.300538722e-03
5.580297	-3.611196055e-04
5.585297	-4.095946365e-04
5.590297	4.688811406e-04
5.595298	9.653773498e-04
5.600298	-5.260205878e-04
5.605298	-8.114825567e-04
5.610298	-3.068839523e-03
5.615299	-3.012319454e-03
5.620299	1.508963243e-03
5.625299	2.291444926e-03
5.630299	-1.684820151e-03
5.635300	-1.463784481e-04
5.640300	-3.678430187e-04
5.645300	-2.633198757e-03
5.650301	-4.247923457e-04
5.655301	7.070529263e-05
5.660301	-7.517268511e-04
5.665301	5.777266586e-04
5.670302	-1.305648821e-03
5.675302	-2.254073917e-03
5.680302	2.883154218e-04
5.685302	-1.031089709e-03
5.690303	-5.345913154e-04
5.695303	-1.520867419e-04
5.700303	-9.556471296e-05
5.705303	-9.749927833e-04
5.710304	-2.256399356e-03
5.715304	-9.759420809e-04
5.720304	3.515128103e-04
5.725305	1.497977445e-03
5.730305	6.755469250e-04
5.735305	-8.738448103e-04
5.740305	-1.589280788e-03
5.745306	-5.968074955e-04
5.750306	-7.122751528e-04
5.755306	-1.199722907e-03
5.760306	-1.592518161e-04
5.765307	-1.706642956e-03
5.770307	-5.991751941e-04
5.775307	6.712840152e-04
5.780307	-1.536071668e-03
5.785308	-2.809476911e-03
5.790308	-1.213034689e-03
5.795308	1.941324784e-03
5.800309	-1.098986122e-03
5.805309	-2.265396586e-03
5.810309	7.259719104e-04
5.815309	-1.702371193e-03
5.820310	-2.095822417e-03
5.825310	7.145560614e-04
5.830310	2.769974815e-03
5.835310	-1.705258937e-03
5.840311	-3.425639106e-03
5.845311	7.806655951e-04
5.850311	-1.878664392e-03
5.855311	-5.235364179e-06
5.860312	3.369113946e-03
5.865312	-2.874025055e-03
5.870312	-2.481516898e-03
5.875312	-9.430695757e-04
5.880313	-1.164528522e-03
5.885313	1.387865106e-03
5.890313	3.834480455e-04
5.895314	4.879721184e-04
5.900314	-1.328401514e-03
5.905314	-3.708745027e-03
5.910314	3.815673951e-04
5.915315	2.540982645e-03
5.920315	-3.930142914e-03
5.925315	-1.444744764e-03
5.930315	7.626682934e-04
5.935316	-1.608674978e-03
5.940316	1.210705768e-03
5.945316	-2.336865682e-04
5.950316	-2.213050328e-03
5.955317	1.429287006e-03
5.960317	2.862741955e-03
5.965317	-2.606435814e-03
5.970318	-3.332865736e-03
5.975318	8.164451153e-04
5.980318	-2.826829413e-03
5.985318	-2.216330084e-03
5.990319	1.263016767e-03
5.995319	6.505813883e-04
6.000319	2.011374612e-04
6.005319	-2.446189436e-03
6.010320	-1.615701201e-03
6.015320	3.717256166e-04
6.020320	1.612694645e-04
6.025320	-1.741799169e-04
6.030321	5.323154012e-04
6.035321	-2.421103862e-04
6.040321	-1.016536051e-03
6.045322	-1.178994145e-03
6.050322	5.994446439e-04
6.055322	-1.782895126e-03
6.060322	-1.182393436e-03
6.065323	1.743984661e-03
6.070323	-1.353316711e-03
6.075323	-2.720709977e-03
6.080323	-2.281199231e-03
6.085324	1.301144466e-03
6.090324	2.017373148e-04
6.095324	-7.446778506e-04
6.100324	1.740724564e-03
6.105325	-2.837497173e-03
6.110325	-2.781965263e-03
6.115325	-2.975624247e-04
6.120326	-2.620903731e-03
6.125326	3.614728667e-04
6.130326	1.135967029e-03
6.135326	8.005203554e-04
6.140327	-2.182785351e-03
6.145327	-7.963233674e-04
6.150327	-1.073772754e-03
6.155327	-3.627100958e-03
6.160328	-8.175343575e-05
6.165328	7.497385652e-04
6.170328	-9.168032456e-05
6.175328	1.685761609e-03
6.180329	-2.455990552e-04
6.185329	-9.730236339e-04
6.190329	2.344336764e-03
6.195330	-1.518920765e-03
6.200330	-1.911362786e-03
6.205330	-2.082816437e-03
6.210330	-2.483766593e-04
6.215331	9.650962743e-04
6.220331	-1.970209987e-03
6.225331	-2.744631063e-03
6.230331	-2.592254083e-04
6.235332	2.569162128e-03
6.240332	1.878269040e-04
6.245332	-4.677376074e-03
6.250332	-8.640405498e-04
6.255333	2.117339353e-03
6.260333	-4.249868031e-04
6.265333	-1.858371819e-03
6.270334	-1.257864895e-03
6.275334	-1.143331994e-03
6.280334	-8.658076365e-04
6.285334	-1.316244431e-03
6.290335	-2.693631792e-03
6.295335	3.447460920e-04
6.300335	-5.346675036e-04
6.305335	-1.806060122e-03
6.310336	-8.685701071e-04
6.315336	1.500843869e-03
6.320336	9.554130174e-04
6.325336	-1.749902819e-03
6.330337	-1.158393891e-03
6.335337	-1.703824360e-03
6.340337	-2.306251670e-03
6.345337	2.271543491e-04
6.350338	7.236688410e-04
6.355338	-2.617377134e-04
6.360338	1.945686029e-03
6.365339	-2.145555065e-03
6.370339	-2.422998893e-03
6.375339	1.217349015e-03
6.380339	-8.190009967e-04
6.385340	-1.153441407e-03
6.390340	-1.210896422e-03
6.395340	-8.763721581e-04
6.400340	-2.149762238e-03
6.405341	-1.873234632e-03
6.410341	1.999101837e-03
6.415341	7.747095382e-04
6.420341	-1.051650612e-03
6.425342	-1.156102224e-03
6.430342	-8.225770037e-04
6.435342	3.319046784e-04
6.440343	2.174539866e-04
6.445343	6.500544547e-05
6.450343	-2.153333078e-03
6.455343	-2.440774179e-03
6.460344	1.210575339e-03
6.465344	-1.160754657e-03
6.470344	-1.821175528e-03
6.475344	1.715180497e-03
6.480345	-6.081516616e-04
6.485345	-2.433510178e-03
6.490345	1.044849324e-03
6.495345	3.274321353e-04
6.500346	-2.042897002e-03
6.505346	-4.954344010e-04
6.510346	-1.499835932e-03
6.515347	-1.891269937e-03
6.520347	1.539092902e-03
6.525347	2.667060183e-04
6.530347	-3.154566432e-03
6.535348	7.167733444e-04
6.540348	1.203293296e-03
6.545348	-1.389022854e-03
6.550348	-6.155179051e-04
6.555349	1.509875477e-04
6.560349	-1.331387247e-03
6.565349	-1.055855415e-03
6.570349	-1.436419344e-05
6.575350	-1.887717795e-03
6.580350	-9.412212572e-04
6.585350	4.227344502e-05
6.590351	-1.621090930e-03
6.595351	-2.386502936e-03
6.600351	4.318945615e-04
6.605351	1.554568108e-04
6.610352	-2.558851133e-03
6.615352	-1.346367817e-03
6.620352	-1.729799478e-03
6.625352	-1.243367992e-04
6.630353	1.424129044e-03
6.635353	-4.592224353e-04
6.640353	-7.946561181e-04
6.645353	-1.120090200e-03
6.650354	4.853731449e-04
6.655354	1.509398088e-04
6.660354	-1.398428770e-03
6.665355	4.170238055e-04
6.670355	6.475608184e-04
6.675355	-1.457777786e-03
6.680355	-1.678216518e-03
6.685356	-3.168587566e-03
6.690356	-4.171841062e-04
6.695356	7.493037915e-04
6.700356	-1.784011379e-03
6.705357	3.654245031e-04
6.710357	2.509809382e-04
6.715357	8.624988928e-04
6.720357	-3.334727234e-03
6.725358	-2.560217680e-03
6.730358	1.358124783e-03
6.735358	-2.180135990e-03
6.740359	-6.406667216e-04
6.745359	8.028077884e-04
6.750359	-4.705730530e-04
6.755359	3.609342785e-04
6.760360	-1.454417464e-03
6.765360	-1.856844227e-03
6.770360	2.233490168e-03
6.775360	-1.246772609e-03
6.780361	-4.506047006e-03
6.785361	6.932288100e-04
6.790361	1.132757940e-03
6.795361	-3.072465733e-03
6.800362	-3.120597825e-04
6.805362	2.414636916e-04
6.810362	-1.076913129e-03
6.815362	2.296460625e-03
6.820363	-4.278411398e-04
6.825363	-3.516123408e-03
6.830363	-2.236637867e-03
6.835364	-8.121599028e-04
6.840364	5.743202195e-04
6.845364	-1.022040860e-03
6.850364	-2.595272741e-04
6.855365	9.539624603e-04
6.860365	-8.703860813e-04
6.865365	-1.855779111e-03
6.870365	-3.663036457e-04
6.875366	5.612018490e-04
6.880366	-1.695123166e-03
6.885366	-2.518524264e-03
6.890366	-7.020656415e-04
6.895367	1.194460410e-04
6.900367	-9.229429953e-04
6.905367	-1.917334447e-03
6.910368	1.311866259e-05
6.915368	1.236609514e-03
6.920368	-1.976663498e-03
6.925368	-6.481779548e-04
6.930369	-1.479577386e-03
6.935369	3.358825305e-04
6.940369	-8.114998165e-04
6.945369	-2.140872345e-03
6.950370	6.656713717e-05
6.955370	-1.701781764e-03
6.960370	-2.113038686e-04
6.965370	-6.037256800e-04
6.970371	-1.703109748e-03
6.975371	-1.703552132e-03
6.980371	1.163853079e-03
6.985372	1.946369327e-03
6.990372	-2.039860629e-03
6.995372	-2.976252672e-03
7.000372	1.771378839e-04
7.005373	1.552623148e-03
7.010373	-1.314665768e-03
7.015373	-2.758030286e-03
7.020373	-9.435679519e-04
7.025374	-1.985953518e-03
7.030374	-1.594915434e-04
7.035374	-7.149027329e-04
7.040374	-7.733402171e-04
7.045375	9.951252632e-04
7.050375	-1.815165565e-03
7.055375	1.152915789e-04
7.060376	4.968312529e-04
7.065376	2.194061188e-04
7.070376	-5.801887476e-05
7.075376	3.335206892e-04
7.080377	-4.998744500e-04
7.085377	-1.656252268e-03
7.090377	-2.372653349e-03
7.095377	-1.934115721e-03
7.100378	1.545260301e-03
7.105378	-1.715005044e-03
7.110378	-8.934873642e-04
7.115378	1.264959344e-03
7.120379	-5.503824346e-04
7.125379	-1.391775877e-03
7.130379	-8.382433768e-04
7.135380	-1.047670151e-03
7.140380	-1.881063595e-03
7.145380	-1.833503755e-03
7.150380	1.059555935e-04
7.155381	-8.475666402e-06
7.160381	-2.770765941e-03
7.165381	-1.153442486e-04
7.170381	2.313089659e-03
7.175382	-3.922032195e-04
7.180382	-3.050498456e-03
7.185382	-2.725952211e-03
7.190382	7.054289187e-04
7.195383	1.268962737e-03
7.200383	-1.007352247e-03
7.205383	-1.016787666e-03
7.210384	-2.717133001e-03
7.215384	-9.406631287e-04
7.220384	-3.971275321e-04
7.225384	-1.180521211e-03
7.230385	9.997547235e-05
7.235385	9.854048684e-05
7.240385	-8.478440919e-04
7.245385	-1.784229059e-03
7.250386	-1.507678400e-03
7.255386	-1.801834986e-04
7.260386	6.513379282e-04
7.265386	-1.451984392e-03
7.270387	-1.672406723e-03
7.275387	-4.009082673e-04
7.280387	-1.520282493e-03
7.285387	-1.845698807e-03
7.290388	6.487350325e-04
7.295388	-1.512583338e-03
7.300388	-5.180694267e-04
7.305389	5.914385122e-04
7.310389	-2.612823948e-03
7.315389	-2.339443915e-05
7.320389	-7.982404790e-05
7.325390	-3.572417570e-04
7.330390	5.302787142e-04
7.335390	1.468669333e-04
7.340390	-1.620471089e-03
7.345391	-2.461858219e-03
7.350391	4.135570939e-04
7.355391	-9.628012893e-04
7.360391	-2.071173782e-03
7.365392	-3.516965456e-04
7.370392	-2.350021409e-03
7.375392	-4.195551039e-04
7.380393	2.188875285e-03
7.385393	1.472482672e-03
7.390393	-2.131756187e-03
7.395393	-4.780045747e-03
7.400394	1.902595945e-04
7.405394	2.455708958e-03
7.410394	-2.495771322e-04
7.415394	-2.574883287e-03
7.420395	-6.344161983e-04
7.425395	8.311608697e-05
7.430395	-1.026254305e-03
7.435395	-1.466660134e-03
7.440396	-1.907065816e-03
7.445396	-1.467518157e-03
7.450396	-8.659789673e-04
7.455397	2.354505120e-05
7.460397	-3.118656270e-04
7.465397	-2.082199832e-03
7.470397	-1.908637289e-03
7.475398	8.437882288e-04
7.480398	1.923949480e-04
7.485398	-1.517941858e-03
7.490398	7.365105901e-04
7.495399	8.410775419e-04
7.500399	-1.921202866e-03
7.505399	-3.403551208e-03
7.510399	-2.859007216e-03
7.515400	8.493686365e-04
7.520400	-6.429787290e-04
7.525400	-1.149378390e-03
7.530401	-4.318430058e-04
7.535401	1.124647902e-03
7.540401	1.784186668e-03
7.545401	-2.699000868e-03
7.550402	-2.413441911e-03
7.555402	-1.009906196e-04
7.560402	2.670436407e-03
7.565402	7.311141553e-04
7.570403	-3.782520944e-04
7.575403	-2.415568836e-03
7.580403	-4.633875801e-03
7.585403	-2.474415477e-03
7.590404	4.030068078e-04
7.595404	4.515797123e-04
7.600404	-1.040765270e-03
7.605405	-7.642041932e-04
7.610405	-2.647528079e-03
7.615405	-1.320022604e-03
7.620405	-4.304936826e-04
7.625406	1.442983051e-03
7.630406	6.666008854e-04
7.635406	-3.177700673e-04
7.640406	1.278721850e-03
7.645407	-3.033471790e-03
7.650407	-3.969844844e-03
7.655407	-6.634434282e-04
7.660407	3.870781323e-04
7.665408	2.270555537e-03
7.670408	9.522034032e-04
7.675408	-2.806018800e-03
7.680409	-1.717498657e-03
7.685409	-5.609819807e-04
7.690409	-1.316363456e-03
7.695409	-9.338053094e-04
7.700410	-3.902555746e-04
7.705410	-9.926447343e-04
7.710410	-6.100861335e-04
7.715410	-1.710448502e-03
7.720411	-2.322836676e-03
7.725411	-2.773660729e-04
7.730411	-6.027692081e-04
7.735411	-5.821846553e-05
7.740412	-1.444564864e-03
7.745412	-9.960087112e-04
7.750412	-4.984550129e-04
7.755412	-9.968481865e-04
7.760413	-7.202824291e-04
7.765413	-1.757307739e-04
7.770413	-1.055103226e-03
7.775414	-9.405283945e-04
7.780414	5.489734548e-04
7.785414	-9.413660411e-04
7.790414	-2.828196866e-04
7.795415	-3.935043883e-03
7.800415	-1.946567964e-03
7.805415	1.426834442e-03
7.810415	-9.434574834e-04
7.815416	1.070687859e-04
7.820416	1.099598293e-03
7.825416	-9.547099800e-04
7.830416	-1.614092298e-03
7.835417	2.673903847e-04
7.840417	2.109763007e-04
7.845417	-2.294172052e-04
7.850418	-2.553710350e-03
7.855418	-1.837165088e-03
7.860418	-1.282611055e-03
7.865418	-1.225030433e-03
7.870419	2.253368384e-03
7.875419	-9.498772385e-04
7.880419	-3.884137014e-03
7.885419	-7.075555281e-05
7.890420	2.088714037e-03
7.895420	3.440791834e-05
7.900420	3.669749928e-04
7.905420	-1.612334806e-03
7.910421	-2.720690777e-03
7.915421	3.197327264e-04
7.920421	-2.223546610e-03
7.925422	-2.072969081e-03
7.930422	2.024955767e-04
7.935422	-4.568835018e-04
7.940422	-1.901220672e-03
7.945423	-8.976878928e-04
7.950423	5.348222238e-04
7.955423	8.543259692e-05
7.960423	-2.456845551e-03
7.965424	-9.083411374e-04
7.970424	-2.397897626e-04
7.975424	-1.064158821e-03
7.980424	1.804275850e-03
7.985425	-2.180924768e-03
7.990425	-6.914164372e-04
7.995425	-4.048439647e-04
8.000426	-3.445094377e-03
8.005426	-2.069579515e-03
8.010426	-1.792006095e-03
8.015426	1.466408925e-03
8.020427	2.520620155e-04
8.025427	-2.567199370e-03
8.030427	7.402135141e-04
8.035427	2.988259593e-04
8.040428	-2.062459317e-03
8.045428	-1.679890385e-03
8.050428	-1.748297309e-03
8.055428	-3.617814650e-04
8.060429	9.097406527e-04
8.065429	-2.016513786e-03
8.070429	-1.959926730e-03
8.075430	-2.494274904e-04
8.080430	-8.784570402e-05
8.085430	-2.410131640e-03
8.090430	-3.729470766e-03
8.095431	1.632834859e-03
8.100431	1.298443658e-03
8.105431	-1.140835424e-03
8.110431	2.926796526e-04
8.115432	-2.077602783e-03
8.120432	1.868684098e-04
8.125432	-3.105133321e-04
8.130432	-4.449701203e-03
8.135433	7.065047129e-05
8.140433	1.007192932e-03
8.145433	-5.311328073e-04
8.150434	-1.745475621e-03
8.155434	-1.354903644e-03
8.160434	3.555982830e-04
8.165434	-1.536707993e-03
8.170435	-9.261472406e-04
8.175435	6.213638326e-04
8.180435	-1.748916542e-03
8.185435	-2.131302497e-03
8.190436	6.781419299e-04
8.195436	8.771558930e-06
8.200436	-8.135905148e-04
8.205436	-1.310969715e-03
8.210437	-1.426369075e-03
8.215437	2.941340713e-04
8.220437	-2.966097690e-03
8.225437	-3.635467104e-03
8.230438	1.507854456e-03
8.235438	2.118417281e-03
8.240438	-2.260754323e-03
8.245439	-1.984173413e-03
8.250439	1.123257079e-03
8.255439	-1.095028985e-03
8.260439	3.384908658e-04
8.265440	9.490546514e-04
8.270440	-2.149184126e-03
8.275440	-1.870602361e-03
8.280440	-1.814008627e-03
8.285441	-7.054706868e-04
8.290441	-8.778644514e-04
8.295441	-9.362641187e-04
8.300441	-2.035608256e-03
8.305442	4.008596933e-04
8.310442	1.500398917e-03
8.315442	-2.542788150e-03
8.320443	-9.382754642e-04
8.325443	-5.366986314e-04
8.330443	-1.818032121e-03
8.335443	-1.175240573e-04
8.340444	-2.086820630e-03
8.345444	-8.732863402e-04
8.350444	1.430190136e-03
8.355444	-1.934031754e-03
8.360445	-2.259415121e-03
8.365445	-1.209871461e-03
8.370445	-7.132982262e-04
8.375445	-9.416862670e-04
8.380446	-7.230979210e-04
8.385446	2.224519191e-04
8.390446	-2.739213804e-04
8.395447	-1.718244095e-03
8.400447	-1.212670364e-03
8.405447	-1.050078228e-03
8.410447	-9.444828965e-04
8.415448	-9.928792116e-04
8.420448	6.596341622e-04
8.425448	1.156209185e-03
8.430448	-1.272060052e-03
8.435449	-1.329455237e-03
8.440449	5.540465021e-04
8.445449	-4.512979334e-04
8.450449	-2.994560401e-03
8.455450	-1.828020036e-03
8.460450	4.364620915e-04
8.465450	9.430378884e-04
8.470451	-3.372911031e-04
8.475451	-4.047490682e-03
8.480451	-2.489970296e-03
8.485451	3.312324469e-03
8.490452	2.140928294e-04
8.495452	-1.611206355e-03
8.500452	-2.777540427e-03
8.505452	-3.543895610e-03
8.510453	-1.794703511e-04
8.515453	1.474046078e-03
8.520453	3.267116524e-04
8.525453	-2.607527560e-03
8.530454	-8.970136698e-04
8.535454	-6.684207892e-04
8.540454	-1.834753546e-03
8.545455	-8.412010249e-04
8.550455	2.673455440e-04
8.555455	-2.970187375e-04
8.560455	-2.831278072e-03
8.565456	-3.270648672e-03
8.570456	-7.821228859e-05
8.575456	3.703702102e-04
8.580456	1.019910105e-04
8.585457	9.815509156e-04
8.590457	-3.339612380e-03
8.595457	-2.116070440e-03
8.600457	1.754330874e-03
8.605458	4.302925331e-05
8.610458	-7.883190077e-04
8.615458	-2.290631413e-03
8.620459	-4.081236967e-04
8.625459	-2.355248614e-04
8.630459	-1.726837354e-03
8.635459	4.806535745e-04
8.640460	-2.339587898e-03
8.645460	-1.022049299e-03
8.650460	5.844740947e-04
8.655460	4.011206386e-05
8.660461	-1.332695335e-04
8.665461	-1.959563043e-03
8.670461	-1.233992124e-03
8.675461	-2.505314820e-03
8.680462	3.631424494e-04
8.685462	5.817408359e-04
8.690462	-3.013457749e-03
8.695462	-2.898853497e-03
8.700463	-7.383579016e-04
8.705463	1.412138393e-03
8.710463	-3.571566460e-04
8.715464	3.594162556e-04
8.720464	-7.979109998e-04
8.725464	-3.666147082e-03
8.730464	-4.737053728e-04
8.735465	-1.391114829e-04
8.740465	-1.792411686e-03
8.745465	6.830686623e-04
8.750465	2.517037982e-04
8.755466	-2.349545478e-03
8.760466	-2.520923836e-03
8.765466	1.302485487e-03
8.770466	1.683078106e-03
8.775467	-1.691129383e-03
8.780467	-3.344428242e-03
8.785467	-2.685849904e-03
8.790468	-6.983420859e-04
8.795468	7.451948358e-04
8.800468	-1.441439847e-04
8.805468	-1.081480083e-03
8.810469	-5.748928177e-04
8.815469	-1.416233685e-03
8.820469	-1.311624700e-03
8.825469	-5.860485753e-04
8.830470	1.077477827e-03
8.835470	-6.918130046e-04
8.840470	-3.360055851e-03
8.845470	-1.591534525e-03
8.850471	1.074939206e-03
8.855471	-1.687298132e-03
8.860471	-9.797198647e-04
8.865472	-9.231068022e-04
8.870472	-1.526458466e-03
8.875472	3.825873249e-03
8.880472	-1.259239683e-03
8.885473	-4.681440898e-03
8.890473	-1.135012614e-03
8.895473	9.584931224e-04
8.900473	6.221282776e-04
8.905474	-1.702130658e-03
8.910474	-5.445746260e-04
8.915474	2.400014156e-04
8.920474	6.662858251e-05
8.925475	-2.534614938e-03
8.930475	-3.575941262e-03
8.935475	1.566403666e-03
8.940476	9.540548649e-04
8.945476	-3.023114785e-03
8.950476	-2.136452557e-04
8.955476	-4.330144468e-04
8.960477	-2.584280706e-03
8.965477	-2.097687106e-03
8.970477	8.367764589e-04
8.975477	-2.055482732e-04
8.980478	-3.197769116e-03
8.985478	1.390606989e-03
8.990478	3.472828246e-04
8.995478	-3.141911069e-03
9.000479	-1.984351959e-03
9.005479	-1.430760550e-03
9.010479	-6.571806721e-04
9.015480	-7.055569008e-04
9.020480	-1.040917692e-03
9.025480	9.375986096e-04
9.030480	-2.187181699e-04
9.035481	-2.149993556e-03
9.040481	-2.647345043e-03
9.045481	-1.931760874e-03
9.050481	6.097263435e-04
9.055482	3.903605878e-04
9.060482	-2.036887555e-03
9.065482	-1.100314451e-03
9.070482	1.938147022e-03
9.075483	-1.981021245e-03
9.080483	-3.043341299e-03
9.085483	1.268052984e-03
9.090484	-1.265188484e-03
9.095484	-1.821534932e-03
9.100484	2.729777891e-04
9.105484	-3.873627815e-04
9.110485	-1.659670627e-03
9.115485	-2.098022659e-03
9.120485	1.495411026e-03
9.125485	-1.163822527e-03
9.130486	-2.770111914e-03
9.135486	2.039257614e-03
9.140486	1.079858605e-04
9.145486	-2.273261784e-03
9.150487	4.982166640e-04
9.155487	-2.208013346e-03
9.160487	-1.939401419e-03
9.165487	-5.638481976e-04
9.170488	-1.167189542e-03
9.175488	-2.820474863e-03
9.180488	-3.431815433e-03
9.185489	7.155910467e-04
9.190489	4.942300821e-04
9.195489	4.288609946e-04
9.200489	-8.914411665e-04
9.205490	-2.808458602e-04
9.210490	-1.752235189e-04
9.215490	-6.725689301e-04
9.220490	6.559887112e-04
9.225491	-3.963268303e-04
9.230491	-2.662577626e-03
9.235491	-9.990372776e-04
9.240491	1.575302125e-04
9.245492	-2.940675804e-03
9.250492	-2.836052009e-03
9.255492	-7.805318099e-04
9.260493	-6.943247123e-06
9.265493	5.956545865e-04
9.270493	1.034261319e-03
9.275493	-2.340928912e-03
9.280494	-3.659228376e-03
9.285494	-1.232726855e-03
9.290494	-1.223096602e-03
9.295494	-2.160415803e-03
9.300495	1.357028216e-03
9.305495	4.197093677e-04
9.310495	-2.658495428e-03
9.315495	-2.879898725e-04
9.320496	-1.292304629e-03
9.325496	-2.888587721e-03
9.330496	2.548772489e-04
9.335497	3.695035039e-04
9.340497	-9.577933664e-04
9.345497	-1.571128037e-03
9.350497	-2.891424926e-03
9.355498	6.460199714e-04
9.360498	5.876563120e-04
9.365498	-1.343607548e-03
9.370498	-1.404467937e-05
9.375499	-8.473665864e-04
9.380499	-1.679688369e-03
9.385499	-1.881335856e-04
9.390499	-1.622422994e-03
9.395500	-6.278414210e-04
9.400500	-1.322331290e-04
9.405500	-1.895952460e-04
9.410501	3.080132948e-04
9.415501	-2.284213634e-03
9.420501	-7.456601067e-04
9.425501	-1.242998110e-03
9.430502	-1.845330350e-03
9.435502	-9.087442698e-04
9.440502	-1.521075622e-03
9.445502	-2.572383447e-03
9.450503	-2.978679983e-04
9.455503	5.907213478e-04
9.460503	8.338512358e-05
9.465503	-2.459842630e-03
9.470504	-4.390102810e-03
9.475504	1.345229445e-03
9.480504	1.295869574e-03
9.485505	-3.063260874e-03
9.490505	-2.527725070e-04
9.495505	2.021744548e-03
9.500505	-1.908408182e-03
9.505506	-2.300748914e-03
9.510506	1.628680651e-03
9.515506	-1.076536698e-03
9.520506	-2.175839289e-03
9.525507	-6.962788735e-04
9.530507	-2.464545522e-03
9.535507	-8.109940034e-04
9.540507	-1.805301461e-03
9.545508	-2.349632675e-03
9.550508	6.308488016e-04
9.555508	-2.004667873e-04
9.560509	-2.800688106e-03
9.565509	-1.473118169e-03
9.570509	-8.655119090e-05
9.575509	4.100633052e-04
9.580510	4.087044694e-04
9.585510	-1.971527651e-03
9.590510	-2.802841979e-03
9.595510	-6.423152686e-04
9.600511	-8.056647670e-04
9.605511	-1.026011053e-03
9.610511	-4.813978483e-04
9.615511	7.321799540e-04
9.620512	1.018807243e-03
9.625512	-1.582411679e-03
9.630512	-3.418671109e-03
9.635512	-2.195093116e-03
9.640513	8.042910370e-05
9.645513	8.440319256e-04
9.650513	-2.367153647e-03
9.655514	-1.152574451e-03
9.660514	2.276887114e-03
9.665514	-1.920245471e-03
9.670514	-3.133536589e-03
9.675515	3.549223809e-04
9.680515	1.176523387e-03
9.685515	-2.092657831e-03
9.690515	-2.256004072e-03
9.695516	-5.454498061e-04
9.700516	-1.252766748e-03
9.705516	2.957964974e-04
9.710516	-1.263474765e-03
9.715517	-3.251723027e-03
9.720517	-2.692355075e-04
9.725517	6.039075288e-03
9.730518	1.029249557e-02
9.735518	8.074260269e-03
9.740518	4.480098338e-03
9.745518	7.691574588e-03
9.750519	5.817321538e-03
9.755519	2.242664792e-04
9.760519	2.269805295e-03
9.765519	3.608381897e-03
9.770520	7.311829257e-04
9.775520	-1.105071232e-03
9.780520	-2.744670618e-04
9.785520	-1.927730588e-03
9.790521	2.105703586e-03
9.795521	5.202187780e-03
9.800521	1.619525213e-02
9.805522	1.802080429e-02
9.810522	6.310076650e-03
9.815522	6.472717633e-03
9.820522	2.543576447e-03
9.825523	2.924206201e-03
9.830523	2.379885338e-03
9.835523	-1.481258914e-03
9.840523	6.298977794e-03
9.845524	2.227077897e-02
9.850524	1.779666787e-02
9.855524	8.572809602e-03
9.860524	6.918548882e-03
9.865525	9.915156200e-04
9.870525	-6.717442541e-04
9.875525	-1.772033889e-03
9.880526	1.574968613e-02
9.885526	3.090053244e-02
9.890526	1.371209911e-02
9.895526	3.092316567e-03
9.900527	5.912819301e-03
9.905527	-1.888112810e-03
9.910527	1.712352906e-02
9.915527	3.503722952e-02
9.920528	1.149313536e-02
9.925528	1.054344304e-03
9.930528	-4.949194197e-04
9.935528	7.840291272e-03
9.940529	3.205365757e-02
9.945529	2.210184134e-02
9.950529	5.401384274e-03
9.955530	6.602912540e-04
9.960530	1.514217592e-02
9.965530	3.491977909e-02
9.970530	1.613543360e-02
9.975531	1.097889010e-03
9.980531	5.677301146e-03
9.985531	3.000466304e-02
9.990531	2.613252510e-02
9.995532	1.537489628e-03
10.000532	1.253956088e-02
10.005532	3.596797133e-02
10.010532	2.243234815e-02
10.015533	-2.807866807e-04
10.020533	1.844487448e-02
10.025533	3.479966194e-02
10.030534	1.237451235e-02
10.035534	8.665367413e-03
10.040534	3.502862307e-02
10.045534	2.486682173e-02
10.050535	1.417727347e-03
10.055535	9.438959199e-03
10.060535	3.602220390e-02
10.065535	2.263857468e-02
10.070536	1.253377124e-02
10.075536	3.303833983e-02
10.080536	1.828878383e-02
10.085536	3.365237272e-03
10.090537	2.440577792e-02
10.095537	3.275099403e-02
10.100537	1.191976227e-02
10.105538	2.186989339e-02
10.110538	3.601780141e-02
10.115538	9.548870092e-03
10.120538	8.994560522e-03
10.125539	3.866564341e-02
10.130539	1.977530953e-02
10.135539	9.987491668e-03
10.140539	3.882661937e-02
10.145540	1.866535366e-02
10.150540	2.474569231e-02
10.155540	3.877760819e-02
10.160540	1.998427028e-02
10.165541	3.474414782e-02
10.170541	2.458135121e-02
10.175541	2.458101424e-02
10.180541	3.269624578e-02
10.185542	1.716273542e-02
10.190542	3.164462868e-02
10.195542	2.440667745e-02
10.200543	3.511452847e-03
10.205543	2.589892617e-02
10.210543	3.501710549e-02
10.215543	8.041204895e-03
10.220544	2.839178713e-02
10.225544	3.241623796e-02
10.230544	2.064852898e-02
10.235544	4.010015960e-02
10.240545	1.533314246e-02
10.245545	9.540116248e-03
10.250545	3.771928320e-02
10.255545	2.301773123e-02
10.260546	2.821812083e-02
10.265546	3.319752238e-02
10.270546	2.313072445e-02
10.275547	3.705865039e-02
10.280547	2.279707596e-02
10.285547	3.025234657e-02
10.290547	3.650268147e-02
10.295548	3.717131345e-02
10.300548	2.489763404e-02
10.305548	2.146548453e-02
10.310548	4.579285864e-02
10.315549	4.379563318e-02
10.320549	3.892956051e-02
10.325549	3.396749314e-02
10.330549	3.998984168e-02
10.335550	4.075447007e-02
10.340550	1.909229158e-02
10.345550	3.113632039e-02
10.350551	5.130591717e-02
10.355551	4.004518598e-02
10.360551	4.037083868e-02
10.365551	4.158344439e-02
10.370552	3.877226432e-02
10.375552	3.345721763e-02
10.380552	3.864761233e-02
10.385552	4.744181552e-02
10.390553	4.147680398e-02
10.395553	3.699471374e-02
10.400553	4.605490337e-02
10.405553	4.804246938e-02
10.410554	4.782315298e-02
10.415554	3.909428940e-02
10.420554	3.583413513e-02
10.425555	4.064255186e-02
10.430555	4.561396012e-02
10.435555	4.859547442e-02
10.440555	4.605228277e-02
10.445556	4.717089654e-02
10.450556	4.738955837e-02
10.455556	4.637528598e-02
10.460556	4.185420031e-02
10.465557	4.064093888e-02
10.470557	4.173955467e-02
10.475557	4.135624948e-02
10.480557	4.019898565e-02
10.485558	4.278952267e-02
10.490558	4.539005934e-02
10.495558	4.174792826e-02
10.500559	3.698685689e-02
10.505559	4.014036473e-02
10.510559	4.256791137e-02
10.515559	3.753885483e-02
10.520560	3.609560776e-02
10.525560	3.908812493e-02
10.530560	3.815085132e-02
10.535560	3.051283433e-02
10.540561	3.598941995e-02
10.545561	3.002481433e-02
10.550561	3.422126842e-02
10.555561	2.985137837e-02
10.560562	3.135147627e-02
10.565562	3.334044837e-02
10.570562	1.642072644e-02
10.575563	3.996365243e-02
10.580563	1.890465106e-02
10.585563	1.963159106e-02
10.590563	4.080464369e-02
10.595564	9.727275789e-03
10.600564	2.289005489e-02
10.605564	4.068818762e-02
10.610564	5.032763812e-03
10.615565	1.227855822e-02
10.620565	4.001816273e-02
10.625565	1.387443357e-02
10.630565	1.349193432e-02
10.635566	4.106914805e-02
10.640566	2.006754595e-02
10.645566	-1.599971221e-04
10.650566	2.569700869e-02
10.655567	3.459591672e-02
10.660567	8.403791494e-03
10.665567	9.957673055e-04
10.670568	2.172854646e-02
10.675568	3.355309965e-02
10.680568	1.331665841e-02
10.685568	-4.396273267e-04
10.690569	8.882847808e-04
10.695569	5.651195991e-05
10.700569	1.933736951e-02
10.705569	3.403927082e-02
10.710570	1.078169145e-02
10.715570	-1.875751567e-03
10.720570	-2.795525598e-04
10.725570	-2.707839289e-03
10.730571	1.048945183e-03
10.735571	5.420566424e-04
10.740571	-2.049420821e-03
10.745572	-5.009183000e-04
10.750572	2.931184225e-03
10.755572	-2.146631641e-04
10.760572	-1.773594768e-03
10.765573	-1.227738132e-03
10.770573	-9.419674667e-04
10.775573	-1.220166607e-03
10.780573	-7.194062589e-03
10.785574	-2.885512395e-02
10.790574	-2.670455169e-02
10.795574	-3.763385122e-03
10.800574	-6.363859757e-03
10.805575	-3.983899112e-03
10.810575	-1.791227081e-02
10.815575	-3.632280389e-02
10.820576	-1.620088638e-02
10.825576	-8.404154027e-04
10.830576	-8.736407183e-03
10.835576	-3.404937233e-02
10.840577	-2.625919809e-02
10.845577	-6.643852649e-03
10.850577	-2.781969061e-03
10.855577	-2.272271918e-02
10.860578	-3.775003045e-02
10.865578	-1.222749844e-02
10.870578	-3.997546407e-03
10.875578	-4.877109630e-03
10.880579	-2.889625158e-03
10.885579	-1.332837952e-02
10.890579	-3.150942186e-02
10.895580	-2.084179851e-02
10.900580	-3.273042037e-03
10.905580	-1.007771355e-03
10.910580	-6.735977573e-04
10.915581	-3.340964306e-03
10.920581	-7.315113387e-04
10.925581	-2.826432492e-04
10.930581	8.052305566e-03
10.935582	2.805953371e-02
10.940582	2.026854069e-02
10.945582	1.637524454e-03
10.950582	1.360132164e-03
10.955583	-1.793927939e-04
10.960583	-1.278640972e-03
10.965583	-3.162347226e-03
10.970584	-7.919795625e-04
10.975584	-8.496825477e-04
10.980584	-7.925914406e-04
10.985584	1.750667622e-03
10.990585	4.785298294e-04
10.995585	2.026342238e-03
11.000585	1.146983950e-03
11.005585	-1.616673910e-03
11.010586	-2.955007387e-03
11.015586	-1.234203386e-03
11.020586	4.193043943e-04
11.025586	-1.569493887e-03
11.030587	9.321380136e-05
11.035587	1.632128274e-03
11.040587	-2.669946364e-03
11.045587	-3.778890650e-03
11.050588	9.717535825e-04
11.055588	-2.428846832e-04
11.060588	-8.425652104e-03
11.065589	-3.002930545e-02
11.070589	-2.903506061e-02
11.075589	-5.109035348e-03
11.080589	-2.849099350e-02
11.085590	-3.379661297e-02
11.090590	-2.418092592e-02
11.095590	-3.660816617e-02
11.100590	-3.047099370e-02
11.105591	-3.949491458e-02
11.110591	-4.573778319e-02
11.115591	-4.661713690e-02
11.120591	-4.822295176e-02
11.125592	-5.325148436e-02
11.130592	-5.313769029e-02
11.135592	-5.324268439e-02
11.140593	-5.529817453e-02
11.145593	-5.613042954e-02
11.150593	-6.330934676e-02
11.155593	-6.165573360e-02
11.160594	-6.475386748e-02
11.165594	-6.563311919e-02
11.170594	-6.817528224e-02
11.175594	-7.259334531e-02
11.180595	-7.193367827e-02
11.185595	-7.387387275e-02
11.190595	-7.967686155e-02
11.195595	-7.934217662e-02
11.200596	-7.646562670e-02
11.205596	-7.829182643e-02
11.210596	-8.536574683e-02
11.215597	-8.625499600e-02
11.220597	-8.270848091e-02
11.225597	-8.265177999e-02
11.230597	-8.520494005e-02
11.235598	-9.316681221e-02
11.240598	-9.289012239e-02
11.245598	-8.918261485e-02
11.250598	-9.913338062e-02
11.255599	-1.017325372e-01
11.260599	-9.437322333e-02
11.265599	-9.554045570e-02
11.270599	-1.005194851e-01
11.275600	-1.046015620e-01
11.280600	-1.102995528e-01
11.285600	-1.068690289e-01
11.290601	-1.100141551e-01
11.295601	-1.174890507e-01
11.300601	-1.096407612e-01
11.305601	-1.085801105e-01
11.310602	-1.118502292e-01
11.315602	-1.080937214e-01
11.320602	-1.049391814e-01
11.325602	-1.048254795e-01
11.330603	-1.024458979e-01
11.335603	-9.454960954e-02
11.340603	-9.046811806e-02
11.345603	-8.814553282e-02
11.350604	-8.349007147e-02
11.355604	-7.752567954e-02
11.360604	-7.012836363e-02
11.365605	-6.393398352e-02
11.370605	-6.066444764e-02
11.375605	-5.464305793e-02
11.380605	-4.973060903e-02
11.385606	-4.790399578e-02
11.390606	-4.321153477e-02
11.395606	-4.343181225e-02
11.400606	-3.463656907e-02
11.405607	-3.491484305e-02
11.410607	-3.939889311e-02
11.415607	-1.734635450e-02
11.420607	-3.662661712e-02
11.425608	-3.120719336e-02
11.430608	-4.909879920e-03
11.435608	-7.950005774e-03
11.440609	-2.723126753e-02
11.445609	-3.796698364e-02
11.450609	-7.904869640e-03
11.455609	-8.675307133e-04
11.460610	-2.855711502e-03
11.465610	-2.981991125e-03
11.470610	4.368331765e-03
11.475610	3.024466943e-02
11.480611	2.427070147e-02
11.485611	6.686713741e-04
11.490611	2.438412460e-02
11.495611	3.051151356e-02
11.500612	2.382958407e-02
11.505612	3.737457888e-02
11.510612	3.283353593e-02
11.515612	3.847295166e-02
11.520613	3.847266758e-02
11.525613	4.018329271e-02
11.530613	4.190391750e-02
11.535614	4.345255165e-02
11.540614	5.460767502e-02
11.545614	5.272449212e-02
11.550614	4.460764100e-02
11.555615	4.627126985e-02
11.560615	5.317262031e-02
11.565615	5.422328217e-02
11.570615	5.472097365e-02
11.575616	6.201330393e-02
11.580616	6.245299891e-02
11.585616	5.610605508e-02
11.590616	5.771068851e-02
11.595617	5.935432006e-02
11.600617	6.189790395e-02
11.605617	6.510945252e-02
11.610618	6.212633080e-02
11.615618	5.902921534e-02
11.620618	6.505061507e-02
11.625618	6.095955289e-02
11.630619	5.803442891e-02
11.635619	5.963906418e-02
11.640619	5.134222634e-02
11.645619	4.896207398e-02
11.650620	4.957276274e-02
11.655620	4.515671909e-02
11.660620	4.509944380e-02
11.665620	4.553814233e-02
11.670621	4.012715222e-02
11.675621	4.189578042e-02
11.680621	2.221354983e-02
11.685622	2.253825525e-02
11.690622	3.790816059e-02
11.695622	9.728382622e-03
11.700622	4.376001214e-04
11.705623	4.145126428e-03
11.710623	3.704873569e-03
11.715623	1.099020998e-02
11.720623	3.418336875e-03
11.725624	-6.801395179e-03
11.730624	-6.739965548e-04
11.735624	-3.378127961e-03
11.740624	-1.459180653e-02
11.745625	-3.350107554e-02
11.750625	-2.813763545e-02
11.755625	-3.460956562e-02
11.760626	-4.936905475e-02
11.765626	-5.456005263e-02
11.770626	-5.919607983e-02
11.775626	-5.953133558e-02
11.780627	-6.561128556e-02
11.785627	-6.821042048e-02
11.790627	-8.286491394e-02
11.795627	-9.318963751e-02
11.800628	-9.988155411e-02
11.805628	-1.056835178e-01
11.810628	-1.093255962e-01
11.815628	-1.102258203e-01
11.820629	-1.167447452e-01
11.825629	-1.241436232e-01
11.830629	-1.253678294e-01
11.835630	-1.282339480e-01
11.840630	-1.282342189e-01
11.845630	-1.320502866e-01
11.850630	-1.357493603e-01
11.855631	-1.354816448e-01
11.860631	-1.412276092e-01
11.865631	-1.392389848e-01
11.870631	-1.307797044e-01
11.875632	-1.278461299e-01
11.880632	-1.229326605e-01
11.885632	-1.180191908e-01
11.890632	-1.166915303e-01
11.895633	-1.132019845e-01
11.900633	-1.088424847e-01
11.905633	-1.002782085e-01
11.910634	-9.131295331e-02
11.915634	-8.816938828e-02
11.920634	-8.668673469e-02
11.925634	-8.623702595e-02
11.930635	-8.811119340e-02
11.935635	-8.507162200e-02
11.940635	-8.259602039e-02
11.945635	-7.811352533e-02
11.950636	-7.462597713e-02
11.955636	-7.214837500e-02
11.960636	-6.783687021e-02
11.965636	-6.827011283e-02
11.970637	-6.860436051e-02
11.975637	-6.894760750e-02
11.980637	-6.855689332e-02
11.985637	-6.816417904e-02
11.990638	-7.275219962e-02
11.995638	-6.927364906e-02
12.000638	-6.866294574e-02
12.005639	-7.479988330e-02
12.010639	-7.153932051e-02
12.015639	-7.253453115e-02
12.020639	-7.502066226e-02
12.025640	-7.110213385e-02
12.030640	-7.165636731e-02
12.035640	-7.689435142e-02
12.040640	-7.877851372e-02
12.045641	-8.524943183e-02
12.050641	-8.387276716e-02
12.055641	-8.127316732e-02
12.060641	-9.082292104e-02
12.065642	-9.127415850e-02
12.070642	-9.188638720e-02
12.075642	-9.568944595e-02
12.080643	-9.679764784e-02
12.085643	-1.022776170e-01
12.090643	-1.070286247e-01
12.095643	-1.056979557e-01
12.100644	-1.058722064e-01
12.105644	-1.105652166e-01
12.110644	-1.075736353e-01
12.115644	-1.026621559e-01
12.120645	-1.030993918e-01
12.125645	-9.608302391e-02
12.130645	-9.183050883e-02
12.135645	-9.121979983e-02
12.140646	-8.094460469e-02
12.145646	-8.016990400e-02
12.150646	-7.480644717e-02
12.155647	-6.216137745e-02
12.160647	-6.226562937e-02
12.165647	-5.761113420e-02
12.170647	-5.286164387e-02
12.175648	-5.557475638e-02
12.180648	-5.585299820e-02
12.185648	-6.044101056e-02
12.190648	-5.270867804e-02
12.195649	-4.336043127e-02
12.200649	-4.147778718e-02
12.205649	-4.971760445e-02
12.210649	-5.480358926e-02
12.215650	-4.546534111e-02
12.220650	-4.563658692e-02
12.225650	-4.601882130e-02
12.230651	-5.579855560e-02
12.235651	-5.143004225e-02
12.240651	-3.993090798e-02
12.245651	-4.888768541e-02
12.250652	-5.011187394e-02
12.255652	-4.010465968e-02
12.260652	-4.264677768e-02
12.265652	-2.872877101e-02
12.270653	-3.136688349e-02
12.275653	-3.777279533e-02
12.280653	-6.561707869e-03
12.285653	-1.917207078e-03
12.290654	-4.948297797e-03
12.295654	-1.362740254e-03
12.300654	4.619111680e-04
12.305655	-4.622069717e-03
12.310655	-6.343229263e-03
12.315655	1.122122760e-03
12.320655	1.177869124e-03
12.325656	-2.563050481e-04
12.330656	-4.460331674e-03
12.335656	1.725626316e-02
12.340656	3.931683990e-02
12.345657	9.301186874e-03
12.350657	7.983007598e-03
12.355657	3.860012985e-02
12.360657	1.946289882e-02
12.365658	1.770474359e-02
12.370658	3.616351320e-02
12.375658	1.797123255e-02
12.380659	3.240421673e-02
12.385659	2.997609798e-02
12.390659	1.770150320e-02
12.395659	3.416238015e-02
12.400660	3.079931178e-02
12.405660	3.722172312e-02
12.410660	3.538557396e-02
12.415660	3.604529226e-02
12.420661	3.400915416e-02
12.425661	3.842467310e-02
12.430661	4.538305700e-02
12.435661	3.709525208e-02
12.440662	3.538509751e-02
12.445662	3.870167576e-02
12.450662	3.820245720e-02
12.455663	4.262997679e-02
12.460663	4.118680887e-02
12.465663	3.902467940e-02
12.470663	4.080234058e-02
12.475664	3.682530808e-02
12.480664	3.549713490e-02
12.485664	3.637584454e-02
12.490664	4.013240133e-02
12.495665	4.218004922e-02
12.500665	3.786703567e-02
12.505665	4.256954278e-02
12.510665	4.588612382e-02
12.515666	4.040817287e-02
12.520666	4.488269275e-02
12.525666	4.604738890e-02
12.530666	5.589362349e-02
12.535667	5.898121778e-02
12.540667	5.444021807e-02
12.545667	5.179211789e-02
12.550668	5.516569763e-02
12.555668	6.096914832e-02
12.560668	5.810006054e-02
12.565668	6.444748274e-02
12.570669	6.826203988e-02
12.575669	6.478098529e-02
12.580669	6.853654600e-02
12.585669	6.793433872e-02
12.590670	6.776410867e-02
12.595670	6.998075188e-02
12.600670	6.859358700e-02
12.605670	7.058324272e-02
12.610671	6.859411028e-02
12.615671	6.428110168e-02
12.620671	6.671873421e-02
12.625672	7.024730893e-02
12.630672	7.477783058e-02
12.635672	7.097379576e-02
12.640672	6.566784105e-02
12.645673	6.660255461e-02
12.650673	6.638332976e-02
12.655673	6.538114678e-02
12.660673	6.758779332e-02
12.665674	6.400174821e-02
12.670674	5.936675911e-02
12.675674	6.682212712e-02
12.680674	6.300809478e-02
12.685675	5.859209468e-02
12.690675	6.582747504e-02
12.695675	6.145847288e-02
12.700676	5.526356805e-02
12.705676	6.372388390e-02
12.710676	6.676448826e-02
12.715676	5.781573056e-02
12.720677	5.670555613e-02
12.725677	5.935318204e-02
12.730677	6.140983960e-02
12.735677	6.455443951e-02
12.740678	6.355026031e-02
12.745678	6.129414792e-02
12.750678	5.958100687e-02
12.755678	6.460150786e-02
12.760679	5.996552271e-02
12.765679	6.002128822e-02
12.770679	6.488679811e-02
12.775680	6.487756751e-02
12.780680	7.156898071e-02
12.785680	6.637702622e-02
12.790680	6.256299866e-02
12.795681	6.212279185e-02
12.800681	5.813677387e-02
12.805681	5.879650899e-02
12.810681	5.503947926e-02
12.815682	5.079547566e-02
12.820682	5.481803256e-02
12.825682	5.304989769e-02
12.830682	4.769695373e-02
12.835683	4.503886663e-02
12.840683	4.929341207e-02
12.845683	4.784926084e-02
12.850684	3.691361470e-02
12.855684	3.879628694e-02
12.860684	2.535577447e-02
12.865684	3.049927371e-02
12.870685	3.116701124e-02
12.875685	2.375817859e-02
12.880685	3.989509373e-02
12.885685	1.839701094e-02
12.890686	2.757229681e-02
12.895686	3.122387672e-02
12.900686	1.269963640e-02
12.905686	3.447325281e-02
12.910687	2.933930068e-02
12.915687	2.491431106e-02
12.920687	3.232069234e-02
12.925688	1.248652279e-02
12.930688	2.458865473e-02
12.935688	3.518886677e-02
12.940688	1.054595367e-02
12.945689	3.529103231e-03
12.950689	2.353581559e-02
12.955689	2.906029849e-02
12.960689	8.212184413e-03
12.965690	3.853193472e-03
12.970690	3.261584980e-04
12.975690	-2.435916947e-03
12.980690	-2.887115091e-03
12.985691	1.251442847e-03
12.990691	2.696144295e-03
12.995691	-2.344868651e-02
13.000691	-3.445132253e-02
13.005692	-1.079380196e-02
13.010692	-3.327419935e-03
13.015692	-2.775134140e-02
13.020693	-3.626910872e-02
13.025693	-8.976780608e-03
13.030693	-6.378138785e-03
13.035693	-7.200314784e-03
13.040694	1.097024356e-03
13.045694	-5.537842018e-03
13.050694	-4.496116502e-03
13.055694	2.797276698e-03
13.060695	4.403972603e-03
13.065695	-9.489610804e-04
13.070695	-1.064173146e-03
13.075695	-9.033996712e-04
13.080696	1.872133871e-02
13.085696	2.888358063e-02
13.090696	9.429398110e-03
13.095697	-6.742815535e-04
13.100697	2.528331221e-03
13.105697	4.678000224e-03
13.110697	3.130866085e-03
13.115698	1.917714401e-03
13.120698	5.786292633e-03
13.125698	1.844240366e-02
13.130698	1.219052066e-02
13.135699	5.001687711e-03
13.140699	5.394451709e-03
13.145699	-2.374636121e-04
13.150699	2.086198119e-03
13.155700	1.197030965e-03
13.160700	1.125228188e-02
13.165700	3.324889784e-02
13.170701	1.717053929e-02
13.175701	1.959719664e-02
13.180701	4.076985709e-02
13.185701	3.115415544e-02
13.190702	4.087542545e-02
13.195702	4.591294481e-02
13.200702	3.418235631e-02
13.205702	3.230924371e-02
13.210703	4.076958167e-02
13.215703	4.280526159e-02
13.220703	4.518492343e-02
13.225703	4.872052401e-02
13.230704	5.071920656e-02
13.235704	5.005003124e-02
13.240704	4.590104124e-02
13.245705	4.938964520e-02
13.250705	5.414118221e-02
13.255705	5.092914304e-02
13.260705	4.833707111e-02
13.265706	4.712392605e-02
13.270706	4.584278483e-02
13.275706	4.623355490e-02
13.280706	4.960716653e-02
13.285707	5.292478136e-02
13.290707	5.225560848e-02
13.295707	5.270437635e-02
13.300707	5.552501828e-02
13.305708	5.634676676e-02
13.310708	5.662354445e-02
13.315708	5.672833150e-02
13.320709	6.115388896e-02
13.325709	6.597142578e-02
13.330709	6.524525770e-02
13.335709	6.838888401e-02
13.340710	6.569382110e-02
13.345710	6.734752710e-02
13.350710	7.220206307e-02
13.355710	6.584619555e-02
13.360711	6.098924853e-02
13.365711	6.253796101e-02
13.370711	6.330271540e-02
13.375711	6.486042784e-02
13.380712	6.845503216e-02
13.385712	6.513800434e-02
13.390712	5.844515631e-02
13.395713	6.059583810e-02
13.400713	6.303450479e-02
13.405713	6.325428973e-02
13.410713	6.401804596e-02
13.415714	5.550929563e-02
13.420714	5.595906901e-02
13.425714	6.009864634e-02
13.430714	5.657063175e-02
13.435715	5.855832399e-02
13.440715	5.688521117e-02
13.445715	4.578759989e-02
13.450715	5.695280463e-02
13.455716	5.965745963e-02
13.460716	5.557547584e-02
13.465716	5.722818723e-02
13.470716	4.019389284e-02
13.475717	5.070013375e-02
13.480717	6.308827479e-02
13.485717	5.351858401e-02
13.490718	5.341339003e-02
13.495718	4.727751705e-02
13.500718	4.992417714e-02
13.505718	5.810654300e-02
13.510719	5.219865857e-02
13.515719	5.529529540e-02
13.520719	6.301968629e-02
13.525719	5.544889098e-02
13.530720	4.623318338e-02
13.535720	5.026677127e-02
13.540720	5.323941581e-02
13.545720	5.556209514e-02
13.550721	5.750279502e-02
13.555721	5.943249570e-02
13.560721	5.517052596e-02
13.565722	4.936763840e-02
13.570722	4.589662703e-02
13.575722	4.794332239e-02
13.580722	4.401333588e-02
13.585723	4.306619093e-02
13.590723	4.173806647e-02
13.595723	3.882302665e-02
13.600723	3.340312029e-02
13.605724	2.416741712e-02
13.610724	3.621158226e-02
13.615724	2.029623484e-02
13.620724	2.517178175e-02
13.625725	3.577302432e-02
13.630725	1.101314803e-02
13.635725	6.805045497e-04
13.640726	1.263411665e-04
13.645726	3.499969083e-03
13.650726	-1.520290729e-04
13.655726	-2.198112425e-03
13.660727	-5.913898508e-04
13.665727	-9.460801254e-05
13.670727	-1.319734359e-03
13.675727	-2.083885000e-03
13.680728	1.228415968e-02
13.685728	2.118149558e-02
13.690728	3.498245564e-03
13.695728	1.444164435e-03
13.700729	1.294136272e-02
13.705729	6.756501761e-03
13.710729	-2.583148237e-04
13.715730	-1.206453879e-03
13.720730	2.842775628e-04
13.725730	1.117044228e-03
13.730730	5.628848914e-04
13.735731	-2.028165875e-03
13.740731	-2.144348058e-03
13.745731	-3.756302765e-04
13.750731	-1.588753661e-03
13.755732	-1.321955540e-03
13.760732	6.786320740e-06
13.765732	1.784504525e-03
13.770732	2.118299759e-03
13.775733	2.272104792e-03
13.780733	1.888938613e-03
13.785733	3.388347311e-04
13.790734	-1.820236534e-03
13.795734	5.124535038e-04
13.800734	3.962740258e-04
13.805734	-9.318407618e-04
13.810735	-1.591990854e-03
13.815735	-6.017940411e-03
13.820735	-7.403051490e-03
13.825735	-3.800427648e-03
13.830736	-1.592729382e-03
13.835736	-3.370818880e-03
13.840736	-2.473050485e-03
13.845736	-2.231717857e-02
13.850737	-3.265981183e-02
13.855737	-1.293004446e-02
13.860737	-1.927812631e-03
13.865737	-1.458432213e-02
13.870738	-4.001115214e-02
13.875738	-1.878146365e-02
13.880738	-2.354239245e-02
13.885739	-3.669487466e-02
13.890739	-2.541565621e-02
13.895739	-3.813016127e-02
13.900739	-3.801434857e-02
13.905740	-4.327224980e-02
13.910740	-4.509933330e-02
13.915740	-4.763237902e-02
13.920740	-4.758456180e-02
13.925741	-5.266947133e-02
13.930741	-5.675143398e-02
13.935741	-6.222932216e-02
13.940741	-6.997208963e-02
13.945742	-7.029725144e-02
13.950742	-7.178935094e-02
13.955742	-7.035560585e-02
13.960743	-8.024825806e-02
13.965743	-8.467420083e-02
13.970743	-8.356643772e-02
13.975743	-8.881533626e-02
13.980744	-9.041142887e-02
13.985744	-1.012980271e-01
13.990744	-1.029141182e-01
13.995744	-1.018063539e-01
14.000745	-1.148448370e-01
14.005745	-1.093763043e-01
14.010745	-1.068346156e-01
14.015745	-1.123694971e-01
14.020746	-1.159544821e-01
14.025746	-1.194344725e-01
14.030746	-1.144149147e-01
14.035747	-1.190998405e-01
14.040747	-1.277795536e-01
14.045747	-1.144634365e-01
14.050747	-1.076089754e-01
14.055748	-1.098270315e-01
14.060748	-1.095422206e-01
14.065748	-1.125822325e-01
14.070748	-1.076106704e-01
14.075749	-9.920829050e-02
14.080749	-9.589163988e-02
14.085749	-1.042373687e-01
14.090749	-1.059004527e-01
14.095750	-9.722008674e-02
14.100750	-9.854018858e-02
14.105750	-9.877034816e-02
14.110751	-9.463073995e-02
14.115751	-9.716477654e-02
14.120751	-9.621799804e-02
14.125751	-8.881856254e-02
14.130752	-8.982367976e-02
14.135752	-8.821893558e-02
14.140752	-8.008353855e-02
14.145752	-8.185161450e-02
14.150753	-8.158479847e-02
14.155753	-7.301842368e-02
14.160753	-6.671092850e-02
14.165753	-6.101340065e-02
14.170754	-5.571785119e-02
14.175754	-5.096827246e-02
14.180754	-4.477277041e-02
14.185755	-4.300503262e-02
14.190755	-3.355070346e-02
14.195755	-3.647671554e-02
14.200755	-2.465351193e-02
14.205756	-2.559962887e-02
14.210756	-4.262389035e-02
14.215756	-1.487353324e-02
14.220756	-1.320978832e-02
14.225757	-3.752866111e-02
14.230757	-2.427153240e-02
14.235757	-5.698686210e-03
14.240757	-6.414813781e-03
14.245758	-2.161205472e-03
14.250758	-9.789964893e-03
14.255758	-3.135598274e-02
14.260759	-2.516047704e-02
14.265759	-2.657838508e-03
14.270759	-2.325020502e-03
14.275759	-4.036093549e-03
14.280760	-3.491286362e-03
14.285760	-6.750276615e-03
14.290760	-2.183563758e-02
14.295760	-2.919640919e-02
14.300761	-1.090054529e-02
14.305761	-5.365002426e-03
14.310761	-2.846893595e-02
14.315761	-3.101396281e-02
14.320762	-1.311007714e-02
14.325762	-3.438710716e-02
14.330762	-3.345031853e-02
14.335762	-2.874772998e-02
14.340763	-3.957831497e-02
14.345763	-3.776257240e-02
14.350763	-4.185351543e-02
14.355764	-4.035275565e-02
14.360764	-4.444569810e-02
14.365764	-4.566979293e-02
14.370764	-4.035423538e-02
14.375765	-4.134734203e-02
14.380765	-4.539128618e-02
14.385765	-4.378753050e-02
14.390765	-4.250575747e-02
14.395766	-4.406283320e-02
14.400766	-4.406299153e-02
14.405766	-4.234324110e-02
14.410766	-4.334734556e-02
14.415767	-4.168359170e-02
14.420767	-4.350965198e-02
14.425767	-4.273685026e-02
14.430768	-4.013614555e-02
14.435768	-4.401609589e-02
14.440768	-4.638712626e-02
14.445768	-5.090904200e-02
14.450769	-5.666389192e-02
14.455769	-6.037385038e-02
14.460769	-5.959004764e-02
14.465769	-6.097512931e-02
14.470770	-6.860287869e-02
14.475770	-7.324078687e-02
14.480770	-7.219899693e-02
14.485770	-8.231161345e-02
14.490771	-8.827645036e-02
14.495771	-8.285789254e-02
14.500771	-8.850774574e-02
14.505772	-9.701444676e-02
14.510772	-1.009343915e-01
14.515772	-1.030944297e-01
14.520772	-1.064004066e-01
14.525773	-1.053026176e-01
14.530773	-1.100075197e-01
14.535773	-1.134854868e-01
14.540773	-1.080179295e-01
14.545774	-1.039742962e-01
14.550774	-1.041934360e-01
14.555774	-1.010497544e-01
14.560774	-9.502922563e-02
14.565775	-9.193054119e-02
14.570775	-9.153871253e-02
14.575775	-8.740008294e-02
14.580776	-8.209451519e-02
14.585776	-8.281262680e-02
14.590776	-7.761305296e-02
14.595776	-7.828216671e-02
14.600777	-7.921726609e-02
14.605777	-7.484864735e-02
14.610777	-7.966753968e-02
14.615777	-7.827376224e-02
14.620778	-7.473609861e-02
14.625778	-7.557620188e-02
14.630778	-7.071260831e-02
14.635778	-7.004279144e-02
14.640779	-6.855101806e-02
14.645779	-6.120155603e-02
14.650779	-5.965378516e-02
14.655780	-5.413622522e-02
14.660780	-5.666923683e-02
14.665780	-5.755133602e-02
14.670780	-4.152933414e-02
14.675781	-4.174846813e-02
14.680781	-2.273662482e-02
14.685781	-2.677055544e-02
14.690781	-4.163590968e-02
14.695782	-1.920024779e-02
14.700782	-3.257168104e-02
14.705782	-2.936999560e-02
14.710782	-5.885388812e-03
14.715783	-5.436556484e-03
14.720783	-4.221764667e-03
14.725783	-5.158858156e-03
14.730784	-6.429933649e-03
14.735784	-6.765058695e-03
14.740784	-4.833304087e-03
14.745784	2.956139172e-03
14.750785	-6.288123152e-04
14.755785	-6.849512736e-04
14.760785	4.571627408e-03
14.765785	1.865629863e-03
14.770786	1.568504419e-03
14.775786	-2.465400534e-04
14.780786	-3.668498820e-03
14.785786	-2.952677449e-03
14.790787	2.132911720e-03
14.795787	2.401460771e-02
14.800787	3.054312059e-02
14.805787	6.940236439e-03
14.810788	2.466335020e-03
14.815788	2.358307263e-02
14.820788	3.070455490e-02
14.825789	6.327712841e-03
14.830789	2.301768661e-02
14.835789	3.689881002e-02
14.840789	2.324839811e-02
14.845790	3.711752262e-02
14.850790	4.252709734e-02
14.855790	4.054006573e-02
14.860790	3.729010153e-02
14.865791	3.971683561e-02
14.870791	4.286053179e-02
14.875791	4.667519251e-02
14.880791	4.877094489e-02
14.885792	5.059471197e-02
14.890792	5.574530233e-02
14.895792	6.027892573e-02
14.900793	5.369314083e-02
14.905793	5.402498820e-02
14.910793	6.259939737e-02
14.915793	5.943643110e-02
14.920794	5.871933496e-02
14.925794	6.115707125e-02
14.930794	6.193089627e-02
14.935794	6.144278865e-02
14.940795	5.905278243e-02
14.945795	6.148152013e-02
14.950795	6.276231911e-02
14.955795	6.286618094e-02
14.960796	6.761679583e-02
14.965796	6.496880449e-02
14.970796	6.563763696e-02
14.975797	7.005427032e-02
14.980797	7.187104219e-02
14.985797	7.701463735e-02
14.990797	8.183025018e-02
14.995798	8.000421652e-02
15.000798	8.519580982e-02
15.005798	9.248829160e-02
15.010798	9.022428193e-02
15.015799	8.729930766e-02
15.020799	9.155095189e-02
15.025799	9.442766949e-02
15.030799	9.144669889e-02
15.035800	9.094059689e-02
15.040800	9.646517434e-02
15.045800	9.967587511e-02
15.050801	9.697089077e-02
15.055801	9.498186858e-02
15.060801	9.635866759e-02
15.065801	9.592056337e-02
15.070802	9.846030099e-02
15.075802	9.751422426e-02
15.080802	9.574719143e-02
15.085802	9.293521441e-02
15.090803	9.027922933e-02
15.095803	9.232399445e-02
15.100803	9.392978315e-02
15.105803	9.652151964e-02
15.110804	9.298258246e-02
15.115804	8.723776285e-02
15.120804	8.155094039e-02
15.125805	7.944692758e-02
15.130805	8.203666535e-02
15.135805	8.370045259e-02
15.140805	8.238239869e-02
15.145806	8.519312540e-02
15.150806	8.690191095e-02
15.155806	7.916819901e-02
15.160806	7.845311396e-02
15.165807	8.181681219e-02
15.170807	7.794489553e-02
15.175807	7.646285198e-02
15.180807	7.679871197e-02
15.185808	7.833850816e-02
15.190808	7.960731899e-02
15.195808	7.541142073e-02
15.200809	7.982806459e-02
15.205809	7.994193756e-02
15.210809	7.352815798e-02
15.215809	7.424499934e-02
15.220810	7.607078195e-02
15.225810	7.208487393e-02
15.230810	7.153878317e-02
15.235810	7.403453084e-02
15.240811	6.673179995e-02
15.245811	6.462679282e-02
15.250811	6.424469427e-02
15.255811	5.722894882e-02
15.260812	5.594789856e-02
15.265812	5.632976008e-02
15.270812	5.186587959e-02
15.275813	5.325268813e-02
15.280813	5.401752999e-02
15.285813	4.942765690e-02
15.290813	4.340486027e-02
15.295814	4.406470841e-02
15.300814	3.085429457e-02
15.305814	3.489896314e-02
15.310814	3.003210596e-02
15.315815	1.968854033e-02
15.320815	3.716349523e-02
15.325815	1.693545584e-02
15.330815	1.507161375e-03
15.335816	2.366586784e-02
15.340816	3.599609733e-02
15.345816	1.163027897e-02
15.350816	1.077726101e-03
15.355817	-1.035275447e-03
15.360817	-3.359265538e-03
15.365817	-9.215086779e-04
15.370818	-3.196539290e-04
15.375818	-7.597435226e-04
15.380818	-1.962792298e-03
15.385818	2.070880612e-03
15.390819	6.151551257e-03
15.395819	1.416201311e-02
15.400819	1.946661912e-02
15.405819	9.574033726e-03
15.410820	4.544074549e-04
15.415820	2.126207407e-03
15.420820	6.271762546e-04
15.425820	-3.198840225e-04
15.430821	-2.911856569e-03
15.435821	6.728425731e-04
15.440821	1.180705612e-03
15.445822	-2.533278217e-04
15.450822	-1.478372137e-03
15.455822	-4.900299361e-03
15.460822	-2.636549970e-04
15.465823	-7.117399207e-03
15.470823	-3.303212930e-02
15.475823	-2.441969571e-02
15.480823	-2.749956419e-03
15.485824	-1.087152696e-03
15.490824	-5.892867724e-04
15.495824	-5.413966787e-04
15.500824	-2.204415344e-03
15.505825	-3.849434731e-03
15.510825	-2.301623714e-03
15.515825	-2.367726615e-03
15.520826	-3.859753433e-03
15.525826	-3.964853789e-03
15.530826	-2.196053585e-03
15.535826	-3.132592082e-04
15.540827	-9.823288588e-04
15.545827	-3.640292482e-03
15.550827	-1.699500483e-03
15.555827	-1.422619743e-03
15.560828	-1.479721003e-03
15.565828	-1.584819474e-03
15.570828	1.616906396e-03
15.575828	2.333764676e-03
15.580829	-5.911830958e-04
15.585829	-9.262683903e-04
15.590829	-2.532285846e-03
15.595830	-1.815426624e-03
15.600830	-9.265763136e-04
15.605830	-8.116845997e-04
15.610830	-1.048241377e-04
15.615831	3.450502297e-04
15.620831	-1.365960226e-03
15.625831	-1.596049219e-03
15.630831	-1.042179675e-03
15.635832	-8.692896308e-04
15.640832	-9.173875958e-04
15.645832	-1.376463464e-03
15.650832	-1.261569627e-03
15.655833	-1.089678585e-03
15.660833	7.261252503e-04
15.665833	-1.042879997e-03
15.670834	-8.699883001e-04
15.675834	-1.280945209e-02
15.680834	-3.668828058e-02
15.685834	-1.805836993e-02
15.690835	-7.663878772e-04
15.695835	-5.573230120e-03
15.700835	-1.922521997e-03
15.705835	-3.414540088e-03
15.710836	-6.845454810e-03
15.715836	-3.205221101e-02
15.720836	-3.122135195e-02
15.725836	-2.305986505e-03
15.730837	4.577702143e-04
15.735837	-1.598216461e-03
15.740837	-1.206333105e-03
15.745838	-3.174759475e-04
15.750838	-1.703497550e-03
15.755838	-2.869530617e-03
15.760838	-2.583640677e-03
15.765839	-2.315749544e-03
15.770839	-1.321896789e-03
15.775839	-2.745915188e-03
15.780839	-2.258035047e-03
15.785840	-1.379175466e-03
15.790840	-1.982236823e-03
15.795840	-1.647347834e-03
15.800840	-4.027314201e-03
15.805841	-1.446585168e-02
15.810841	-3.298195927e-02
15.815841	-2.011573590e-02
15.820841	-1.436821473e-03
15.825842	-2.201872557e-03
15.830842	1.333847831e-03
15.835842	1.208210492e-04
15.840843	-2.861111405e-03
15.845843	-2.814204732e-03
15.850843	-3.149277503e-03
15.855843	-2.537400407e-03
15.860844	-4.458388348e-03
15.865844	-7.173333820e-03
15.870844	-1.580596428e-02
15.875844	-3.022928650e-02
15.880845	-1.414123142e-02
15.885845	-1.580641400e-04
15.890845	-2.366035394e-03
15.895845	-3.083085716e-03
15.900846	-5.692035168e-03
15.905846	-2.359617081e-02
15.910846	-3.287876481e-02
15.915847	-1.154298720e-02
15.920847	-3.206714114e-04
15.925847	-2.138963776e-02
15.930847	-3.857681035e-02
15.935848	-1.408519967e-02
15.940848	-1.868935797e-03
15.945848	-1.911410459e-02
15.950848	-3.647326709e-02
15.955849	-1.862630201e-02
15.960849	-1.928275587e-03
15.965849	-3.696266689e-03
15.970849	-1.640867540e-02
15.975850	-3.834759311e-02
15.980850	-1.751878546e-02
15.985850	-1.430725399e-03
15.990851	-3.533697496e-03
15.995851	-5.856657655e-03
16.000851	-3.010745120e-02
16.005851	-3.232541647e-02
16.010852	-5.139945515e-03
16.015852	-1.269234175e-03
16.020852	-5.360099110e-03
16.025852	-6.354128532e-03
16.030853	-2.342630250e-02
16.035853	-3.000303449e-02
16.040853	-1.144010347e-02
16.045853	-3.916585000e-03
16.050854	-1.021633102e-02
16.055854	-3.310119461e-02
16.060854	-2.906748980e-02
16.065855	-3.429933897e-03
16.070855	-3.706999319e-03
16.075855	-1.772933337e-02
16.080855	-3.475450746e-02
16.085856	-1.945140090e-02
16.090856	-1.547432451e-03
16.095856	-9.455434379e-04
16.100856	-2.589534725e-03
16.105857	-2.298752822e-02
16.110857	-3.957272429e-02
16.115857	-1.740598139e-02
16.120857	-1.212920508e-03
16.125858	2.542802174e-03
16.130858	-6.517793188e-03
16.135858	-3.425839469e-02
16.140859	-2.868576794e-02
16.145859	-5.476079095e-03
16.150859	-4.416211828e-03
16.155859	-5.687220340e-03
16.160860	-9.998066921e-03
16.165860	-2.829416937e-02
16.170860	-2.564738556e-02
16.175860	-5.190548857e-03
16.180861	-4.080682822e-03
16.185861	-5.745668951e-03
16.190861	-1.825951901e-03
16.195861	-2.484991062e-03
16.200862	-4.970932810e-03
16.205862	-5.639970963e-03
16.210862	-1.741641806e-02
16.215863	-2.984283034e-02
16.220863	-1.457871529e-02
16.225863	-1.492484156e-03
16.230863	-2.776213274e-04
16.235864	-6.026763499e-04
16.240864	-3.651586248e-03
16.245864	-1.711761267e-03
16.250864	-2.219121130e-04
16.255865	-1.874895549e-03
16.260865	-2.150951987e-03
16.265865	-2.266016751e-03
16.270865	4.957656993e-04
16.275866	-8.332340173e-04
16.280866	-3.146181158e-03
16.285866	-1.655330390e-03
16.290866	-1.064824695e-04
16.295867	-2.543422300e-03
16.300867	-3.155458963e-03
16.305867	-2.152581286e-03
16.310868	-3.277470926e-04
16.315868	-9.957800615e-04
16.320868	-3.375721733e-03
16.325868	-3.539781033e-03
16.330869	-1.273969342e-03
16.335869	-7.180664612e-04
16.340869	-4.254945641e-03
16.345869	-2.707095046e-03
16.350870	-7.192676161e-04
16.355870	2.746129217e-04
16.360870	1.220496251e-03
16.365870	3.894743346e-04
16.370871	-1.608485272e-03
16.375871	-3.100471554e-03
16.380871	-2.927546156e-03
16.385872	-3.978555418e-03
16.390872	-8.347387960e-03
16.395872	-2.265769146e-02
16.400872	-2.309773251e-02
16.405873	-5.527731294e-03
16.410873	-2.545953873e-03
16.415873	-3.157985053e-03
16.420873	-2.374090246e-03
16.425874	-1.877179936e-03
16.430874	-2.325219124e-03
16.435874	-1.112346419e-03
16.440874	-2.269347419e-03
16.445875	-2.708386370e-03
16.450875	1.409565773e-02
16.455875	2.984975792e-02
16.460876	1.447851395e-02
16.465876	5.501934712e-04
16.470876	1.382088111e-03
16.475876	-8.348548393e-04
16.480877	-1.331889035e-03
16.485877	6.639444086e-04
16.490877	1.589111158e-04
16.495877	1.152798332e-03
16.500878	-7.460803177e-03
16.505878	-3.465541610e-02
16.510878	-2.498198984e-02
16.515878	-8.263336788e-04
16.520879	-2.212318680e-03
16.525879	-4.755241904e-03
16.530879	-3.044391153e-03
16.535880	-1.315791121e-02
16.540880	-3.465582547e-02
16.545880	-2.249752972e-02
16.550880	-3.436600889e-03
16.555881	-1.884483835e-02
16.560881	-3.680693974e-02
16.565881	-1.681005998e-02
16.570881	-2.318887119e-03
16.575882	-1.006053143e-02
16.580882	-3.244839644e-02
16.585882	-2.957160508e-02
16.590882	-6.476888904e-03
16.595883	-6.915920692e-03
16.600883	-2.752587932e-02
16.605883	-3.266966038e-02
16.610884	-6.687096855e-03
16.615884	-5.634207046e-03
16.620884	-6.255735673e-05
16.625884	-1.448784376e-02
16.630885	-3.935057475e-02
16.635885	-1.674383046e-02
16.640885	-3.982562243e-03
16.645885	-6.142500105e-03
16.650886	-2.824729095e-03
16.655886	-2.835842319e-02
16.660886	-3.283323721e-02
16.665886	-1.227038277e-02
16.670887	-5.147813187e-03
16.675887	-1.531932347e-02
16.680887	-3.537430779e-02
16.685887	-1.663835522e-02
16.690888	-4.920029139e-03
16.695888	-1.271066510e-02
16.700888	-1.355167049e-02
16.705889	-2.654202940e-02
16.710889	-1.829151790e-02
16.715889	-2.759393481e-03
16.720889	-4.433353605e-03
16.725890	-4.098420347e-03
16.730890	-3.316693933e-04
16.735890	-3.161567315e-03
16.740890	-8.514330802e-03
16.745891	-4.260605033e-03
16.750891	-4.987614093e-03
16.755891	-4.918665251e-03
16.760891	-4.030759732e-03
16.765892	-7.960597710e-03
16.770892	-1.526325604e-02
16.775892	-1.890510886e-02
16.780893	-5.474869532e-03
16.785893	8.707468803e-04
16.790893	-2.492120060e-03
16.795893	-6.247965857e-03
16.800894	-2.884190119e-03
16.805894	-3.822185324e-03
16.810894	-5.256153908e-03
16.815894	-2.161032862e-02
16.820895	-3.100787313e-02
16.825895	-1.067599876e-02
16.830895	-6.469266422e-03
16.835895	-3.371474860e-03
16.840896	-1.013015878e-02
16.845896	-3.499387942e-02
16.850896	-2.315955185e-02
16.855897	-4.156605352e-03
16.860897	-5.255589360e-03
16.865897	-5.590816420e-05
16.870897	-1.697605014e-02
16.875898	-3.924690727e-02
16.880898	-1.376230434e-02
16.885898	-6.200446645e-04
16.890898	-5.973800919e-03
16.895899	-1.605074086e-03
16.900899	-2.445069955e-03
16.905899	-8.247801609e-03
16.910899	-3.670632793e-02
16.915900	-2.487099730e-02
16.920900	1.215575528e-03
16.925900	-4.147178571e-03
16.930901	-4.758185183e-03
16.935901	-2.666335324e-03
16.940901	-1.614429910e-03
16.945901	-3.766353839e-03
16.950902	-4.205368642e-03
16.955902	-2.432533634e-02
16.960902	-3.134400069e-02
16.965902	-7.024331721e-03
16.970903	-4.424507205e-03
16.975903	-4.760526288e-03
16.980903	8.701374919e-04
16.985903	-4.043637614e-03
16.990904	-3.209718209e-03
16.995904	-2.272804042e-03
17.000904	-1.824863627e-03
17.005905	-1.177736976e-02
17.010905	-3.445119898e-02
17.015905	-1.857307860e-02
17.020905	-3.330836121e-04
17.025906	-3.937926425e-03
17.030906	-5.650869631e-03
17.035906	-3.812001523e-03
17.040906	-2.117111201e-02
17.045907	-3.466142804e-02
17.050907	-1.183367564e-02
17.055907	-5.486046403e-03
17.060907	-2.715226669e-03
17.065908	-1.630753632e-02
17.070908	-3.471758946e-02
17.075908	-1.576262986e-02
17.080909	-4.598255638e-03
17.085909	-4.426296467e-03
17.090909	-5.086292805e-03
17.095909	-3.030298270e-02
17.100910	-2.947005796e-02
17.105910	-5.304374096e-03
17.110910	-5.811377612e-03
17.115910	-8.689254778e-03
17.120911	-2.747328563e-02
17.125911	-2.725232715e-02
17.130911	-5.649505762e-03
17.135911	-9.072352981e-03
17.140912	-3.045524464e-02
17.145912	-3.090524951e-02
17.150912	-1.150930977e-02
17.155912	-2.996635634e-02
17.160913	-3.454714077e-02
17.165913	-1.238934722e-02
17.170913	-2.703359588e-02
17.175914	-3.482420885e-02
17.180914	-1.255942027e-02
17.185914	-3.068548301e-02
17.190914	-3.466229812e-02
17.195915	-1.167154744e-02
17.200915	-3.311443303e-02
17.205915	-2.924166496e-02
17.210915	-1.045768979e-02
17.215916	-3.631633978e-02
17.220916	-3.057067061e-02
17.225916	-1.349760372e-02
17.230916	-3.730936186e-02
17.235917	-2.714892680e-02
17.240917	-8.574939026e-03
17.245917	-3.349563747e-02
17.250918	-3.140177261e-02
17.255918	-9.186977776e-03
17.260918	-3.096284277e-02
17.265918	-3.162183077e-02
17.270919	-8.021108935e-03
17.275919	-3.023694981e-02
17.280919	-3.648763966e-02
17.285919	-1.238894359e-02
17.290920	-3.466178071e-02
17.295920	-2.947107842e-02
17.300920	-2.542931478e-02
17.305920	-4.145848329e-02
17.310921	-2.587733297e-02
17.315921	-3.565683343e-02
17.320921	-3.057112435e-02
17.325922	-3.588586182e-02
17.330922	-3.189809387e-02
17.335922	-3.448997569e-02
17.340922	-3.925074191e-02
17.345923	-3.489199296e-02
17.350923	-4.433750951e-02
17.355923	-4.228163760e-02
17.360923	-3.621097899e-02
17.365924	-3.980480608e-02
17.370924	-4.660046262e-02
17.375924	-4.239470410e-02
17.380924	-4.549255685e-02
17.385925	-4.732747653e-02
17.390925	-4.538859671e-02
17.395925	-4.322772846e-02
17.400926	-5.102733016e-02
17.405926	-4.876346690e-02
17.410926	-4.736555735e-02
17.415926	-5.521315577e-02
17.420927	-5.572214431e-02
17.425927	-5.379126238e-02
17.430927	-5.567417735e-02
17.435927	-5.814906060e-02
17.440928	-5.731711950e-02
17.445928	-5.749012471e-02
17.450928	-6.003200367e-02
17.455928	-6.224989962e-02
17.460929	-6.483977555e-02
17.465929	-6.361685405e-02
17.470929	-6.212594656e-02
17.475930	-6.229795038e-02
17.480930	-5.722223309e-02
17.485930	-5.848417845e-02
17.490930	-6.317794103e-02
17.495931	-6.523084384e-02
17.500931	-6.600581438e-02
17.505931	-6.313097883e-02
17.510931	-6.284300543e-02
17.515932	-6.096911615e-02
17.520932	-5.925921791e-02
17.525932	-5.892324635e-02
17.530932	-5.975421248e-02
17.535933	-5.677338112e-02
17.540933	-5.627641740e-02
17.545933	-5.881829180e-02
17.550934	-5.405855434e-02
17.555934	-5.145770181e-02
17.560934	-5.295863086e-02
17.565934	-5.544450728e-02
17.570935	-5.318863568e-02
17.575935	-4.936384729e-02
17.580935	-5.030080537e-02
17.585935	-5.406861264e-02
17.590936	-4.869590587e-02
17.595936	-4.819893951e-02
17.600936	-4.727199578e-02
17.605936	-4.737599697e-02
17.610937	-4.964088298e-02
17.615937	-4.079935952e-02
17.620937	-4.229228611e-02
17.625937	-4.473016220e-02
17.630938	-4.273027410e-02
17.635938	-4.294926774e-02
17.640938	-4.085738405e-02
17.645939	-3.891749204e-02
17.650939	-4.134536746e-02
17.655939	-4.201433620e-02
17.660939	-4.803502003e-02
17.665940	-4.467220275e-02
17.670940	-3.881151809e-02
17.675940	-3.443175442e-02
17.680940	-3.279084482e-02
17.685941	-4.649711865e-02
17.690941	-4.902998656e-02
17.695941	-4.560817098e-02
17.700941	-4.057844068e-02
17.705942	-3.206289555e-02
17.710942	-4.051344774e-02
17.715942	-4.058044561e-02
17.720943	-3.864954952e-02
17.725943	-2.101348857e-02
17.730943	-2.051551578e-02
17.735943	-4.273033462e-02
17.740944	-2.520926683e-02
17.745944	-2.985501972e-02
17.750944	-3.305684917e-02
17.755944	-1.918658647e-02
17.760945	-3.279086211e-02
17.765945	-2.770413172e-02
17.770945	-1.382386884e-02
17.775945	-3.377480617e-02
17.780946	-2.659518639e-02
17.785946	-8.518146012e-03
17.790946	-3.355481211e-02
17.795947	-3.235087375e-02
17.800947	-6.090267950e-03
17.805947	-2.819108949e-02
17.810947	-3.897451278e-02
17.815948	-9.513076519e-03
17.820948	-1.366285218e-02
17.825948	-3.930848421e-02
17.830948	-2.454826525e-02
17.835949	-1.665478094e-03
17.840949	-2.222637987e-02
17.845949	-3.837251623e-02
17.850949	-1.327984590e-02
17.855950	-7.855052082e-04
17.860950	-8.136108695e-03
17.865950	-3.250280683e-02
17.870951	-3.123186843e-02
17.875951	-4.322293546e-03
17.880951	-5.421228608e-03
17.885951	-5.871197949e-03
17.890952	-1.561420228e-03
17.895952	-2.326825840e-02
17.900952	-3.555059764e-02
17.905952	-9.188992172e-03
17.910953	-2.219354972e-03
17.915953	-1.167402762e-03
17.920953	2.645294768e-04
17.925953	-4.981182851e-03
17.930954	-1.607353424e-03
17.935954	-1.820346153e-02
17.940954	-4.074225329e-02
17.945955	-1.376667855e-02
17.950955	2.531464370e-03
17.955955	-3.605199126e-03
17.960955	-1.733713438e-04
17.965956	-3.653175681e-03
17.970956	-3.224187693e-03
17.975956	-1.665259569e-03
17.980956	-2.846882256e-02
17.985957	-3.688036361e-02
17.990957	-6.749954525e-03
17.995957	7.726573426e-04
18.000957	-2.601150952e-03
18.005958	2.667089892e-04
18.010958	-1.759032844e-02
18.015958	-3.903217495e-02
18.020959	-1.885223514e-02
18.025959	-2.000118085e-03
18.030959	-7.199827817e-03
18.035959	-3.455735870e-02
18.040960	-3.068655043e-02
18.045960	-2.935012165e-03
18.050960	-1.746422469e-02
18.055960	-3.726315666e-02
18.060961	-1.830714983e-02
18.065961	-6.033787304e-03
18.070961	-3.549420465e-02
18.075961	-3.122941565e-02
18.080962	-7.133681254e-03
18.085962	-3.245531803e-02
18.090962	-3.600011291e-02
18.095962	-6.970640221e-03
18.100963	-3.510312676e-02
18.105963	-4.024383603e-02
18.110963	-1.692105908e-02
18.115964	-3.582803562e-02
18.120964	-2.437562678e-02
18.125964	-2.609851689e-02
18.130964	-3.604796917e-02
18.135965	-1.487507666e-02
18.140965	-3.698588159e-02
18.145965	-2.995823619e-02
18.150965	-2.537046077e-02
18.155966	-3.688182878e-02
18.160966	-2.483644956e-02
18.165966	-3.924966273e-02
18.170966	-2.620133638e-02
18.175967	-3.172702181e-02
18.180967	-3.305693018e-02
18.185967	-2.780918819e-02
18.190968	-4.090347032e-02
18.195968	-2.891608633e-02
18.200968	-3.864854680e-02
18.205968	-2.012351009e-02
18.210969	-2.167140542e-02
18.215969	-4.251927393e-02
18.220969	-1.918649222e-02
18.225969	-5.316206956e-03
18.230970	-1.558383552e-03
18.235970	-2.282622876e-02
18.240970	-3.422259880e-02
18.245970	-1.018285350e-02
18.250971	6.025970553e-04
18.255971	-4.541104856e-03
18.260971	5.849367188e-03
18.265972	2.978711887e-02
18.270972	1.491093537e-02
18.275972	9.374896100e-05
18.280972	4.195556467e-03
18.285973	2.370554463e-02
18.290973	3.447999769e-02
18.295973	6.576508323e-03
18.300973	2.209970927e-02
18.305974	3.563501619e-02
18.310974	1.795098396e-02
18.315974	3.718498824e-02
18.320974	2.547463874e-02
18.325975	2.658260765e-02
18.330975	3.497618927e-02
18.335975	2.403079980e-02
18.340976	3.465026350e-02
18.345976	3.392533086e-02
18.350976	3.835212444e-02
18.355976	3.598027989e-02
18.360977	3.724124234e-02
18.365977	3.420243374e-02
18.370977	4.060612313e-02
18.375977	4.011917927e-02
18.380978	4.188811566e-02
18.385978	4.121818202e-02
18.390978	3.840836245e-02
18.395978	4.387610281e-02
18.400979	4.381813734e-02
18.405979	3.851345119e-02
18.410979	4.028238902e-02
18.415980	4.774702412e-02
18.420980	4.011846230e-02
18.425980	3.934653600e-02
18.430980	4.299837464e-02
18.435981	4.365637276e-02
18.440981	3.994660345e-02
18.445981	3.873370157e-02
18.450981	4.255753201e-02
18.455982	4.685833733e-02
18.460982	4.547244536e-02
18.465982	4.294061460e-02
18.470982	4.210869365e-02
18.475983	4.156175778e-02
18.480983	4.282472588e-02
18.485983	4.685954678e-02
18.490984	4.542565881e-02
18.495984	4.298782448e-02
18.500984	4.360882768e-02
18.505984	4.194695255e-02
18.510985	4.580778391e-02
18.515985	4.376092974e-02
18.520985	4.194706342e-02
18.525985	3.741534190e-02
18.530986	2.496904161e-02
18.535986	3.558951461e-02
18.540986	3.751945011e-02
18.545986	3.917340052e-02
18.550987	3.880145894e-02
18.555987	3.370676881e-02
18.560987	3.923051410e-02
18.565987	4.492925033e-02
18.570988	3.713070474e-02
18.575988	2.475940262e-02
18.580988	1.215911292e-02
18.585989	3.464295728e-02
18.590989	2.955826829e-02
18.595989	2.869728681e-03
18.600989	3.089727888e-02
18.605990	3.354317941e-02
18.610990	6.452661903e-03
18.615990	-2.167837814e-03
18.620990	-1.383837530e-03
18.625991	-1.660780573e-03
18.630991	7.091358324e-04
18.635991	-1.107724822e-03
18.640991	-1.127348030e-04
18.645992	-2.158582798e-03
18.650992	-7.826125654e-04
18.655992	-2.052501356e-03
18.660993	-3.821363366e-03
18.665993	-1.221457519e-03
18.670993	2.705075016e-04
18.675993	-2.436303900e-03
18.680994	3.701414485e-03
18.685994	3.364986658e-02
18.690994	2.724625254e-02
18.695994	1.656659260e-03
18.700995	-4.213982655e-03
18.705995	8.280398805e-03
18.710995	3.946178652e-02
18.715995	2.287771518e-02
18.720996	-1.497941469e-03
18.725996	6.520679021e-03
18.730996	3.215836257e-02
18.735997	2.740066313e-02
18.740997	3.861477991e-04
18.745997	1.232356080e-02
18.750997	3.608834492e-02
18.755998	1.508751044e-02
18.760998	2.287714478e-02
18.765998	3.895533849e-02
18.770998	1.159884278e-02
18.775999	3.100286006e-02
18.780999	3.088791582e-02
18.785999	3.237988634e-02
18.790999	3.410184487e-02
18.796000	3.282896294e-02
18.801000	3.404294896e-02
18.806000	2.669239079e-02
18.811001	3.962475398e-02
18.816001	4.028577013e-02
18.821001	4.205372765e-02
18.826001	4.084084396e-02
18.831002	4.072590211e-02
18.836002	4.089694528e-02
18.841002	4.244591540e-02
18.846002	4.111703884e-02
18.851003	4.189105066e-02
18.856003	3.989321016e-02
18.861003	3.851733681e-02
18.866003	4.565901064e-02
18.871004	3.763749127e-02
18.876004	3.387074581e-02
18.881004	3.066997049e-02
18.886005	2.232446907e-02
18.891005	4.227546274e-02
18.896005	1.962072293e-02
18.901005	-4.803922511e-03
18.906006	9.610366391e-03
18.911006	3.625200514e-02
18.916006	2.442769019e-02
18.921006	1.705955130e-03
18.926007	2.595964364e-03
18.931007	-1.830743359e-03
18.936007	-1.323713277e-03
18.941007	-1.983620884e-03
18.946008	-3.386508520e-04
18.951008	-8.355666513e-04
18.956008	2.154332319e-03
18.961009	-3.149327325e-03
18.966009	-1.274368571e-03
18.971009	1.592537658e-03
18.976009	-1.935215733e-03
18.981010	-2.872106697e-03
18.986010	5.279716352e-05
18.991010	-2.651999285e-03
18.996010	-2.211962774e-03
19.001011	6.069474404e-04
19.006011	-4.477721703e-03
19.011011	-2.660757717e-03
19.016011	2.759014870e-03
19.021012	-2.374650952e-03
19.026012	-8.346715162e-04
19.031012	2.759198909e-03
19.036012	2.581403441e-02
19.041013	2.852095249e-02
19.046013	1.153470516e-03
19.051013	-1.886305251e-03
19.056014	6.745298402e-03
19.061014	3.487786501e-02
19.066014	2.425849313e-02
19.071014	6.955476997e-03
19.076015	3.780289991e-02
19.081015	2.504164268e-02
19.086015	2.288082182e-02
19.091015	3.404629237e-02
19.096016	3.521329498e-02
19.101016	3.802321045e-02
19.106016	2.994570527e-02
19.111016	3.520349100e-02
19.116017	3.239270615e-02
19.121017	3.996336934e-02
19.126017	4.376823307e-02
19.131018	4.062446665e-02
19.136018	3.703872398e-02
19.141018	3.575685900e-02
19.146018	3.663887916e-02
19.151019	3.155321698e-02
19.156019	3.929487274e-02
19.161019	3.040541337e-02
19.166019	3.520322620e-02
19.171020	2.630576773e-02
19.176020	2.327499744e-02
19.181020	3.968719319e-02
19.186020	5.361088030e-03
19.191021	5.245163413e-03
19.196021	4.150430419e-02
19.201021	3.166789710e-02
19.206022	-6.186019465e-03
19.211022	-6.462934565e-03
19.216022	2.655650812e-03
19.221022	2.603747774e-02
19.226023	3.487107876e-02
19.231023	1.110641396e-02
19.236023	-2.543788609e-03
19.241023	-3.258678984e-03
19.246024	-7.647398041e-04
19.251024	1.712938046e-02
19.256024	3.719238559e-02
19.261024	1.260676588e-02
19.266025	6.124766662e-04
19.271025	1.625736239e-04
19.276025	3.927446629e-03
19.281026	3.134306185e-02
19.286026	2.624940653e-02
19.291026	2.102764908e-03
19.296026	-1.051993069e-03
19.301027	1.758009032e-02
19.306027	3.770109474e-02
19.311027	1.519836663e-02
19.316027	-1.047442106e-04
19.321028	-1.929571740e-03
19.326028	-1.705896591e-04
19.331028	1.328406488e-03
19.336028	-2.648305865e-03
19.341029	3.040467897e-03
19.346029	-1.040238449e-03
19.351029	-1.155155504e-03
19.356030	3.872654129e-03
19.361030	-2.770478343e-04
19.366030	-3.594793813e-03
19.371030	-1.489827996e-03
19.376031	1.586932667e-02
19.381031	2.598286697e-02
19.386031	7.295939452e-03
19.391031	1.492326888e-03
19.396032	1.941381974e-03
19.401032	-9.923827660e-04
19.406032	-1.823259124e-03
19.411032	1.465594401e-02
19.416033	3.454796584e-02
19.421033	1.498108679e-02
19.426033	-6.670004652e-04
19.431034	3.873838635e-03
19.436034	1.282057368e-03
19.441034	1.630933915e-02
19.446034	3.460644725e-02
19.451035	1.072879892e-02
19.456035	-3.868342814e-03
19.461035	5.465044131e-04
19.466035	1.990509901e-03
19.471036	6.703341752e-03
19.476036	1.288909549e-02
19.481036	2.360460853e-02
19.486036	1.834597149e-02
19.491037	4.084813543e-03
19.496037	-2.423756536e-03
19.501037	-1.587930551e-04
19.506038	1.991176780e-03
19.511038	-9.335832159e-04
19.516038	-1.755454830e-03
19.521038	5.585069934e-04
19.526039	1.552539263e-03
19.531039	-4.575049420e-03
19.536039	-2.596069067e-03
19.541039	1.552796104e-03
19.546040	-2.679960970e-02
19.551040	-3.420812930e-02
19.556040	-5.960545262e-03
19.561040	-4.470537714e-03
19.566041	-2.423559556e-03
19.571041	-1.386386375e-02
19.576041	-3.762951211e-02
19.581041	-2.155127958e-02
19.586042	2.246501150e-04
19.591042	-6.849885354e-03
19.596042	-3.680820336e-02
19.601043	-3.033545896e-02
19.606043	-4.352752082e-03
19.611043	-9.830371546e-03
19.616043	-3.608988535e-02
19.621044	-2.701927818e-02
19.626044	-5.299343616e-03
19.631044	-2.536400461e-03
19.636044	-1.214479902e-02
19.641045	-3.629942360e-02
19.646045	-2.276305279e-02
19.651045	-3.196002524e-03
19.656045	-2.201964094e-03
19.661046	4.373777674e-03
19.666046	-4.420662758e-03
19.671046	-4.111661883e-02
19.676047	-3.287696486e-02
19.681047	-2.479489257e-03
19.686047	-1.034473395e-03
19.691047	-1.484356504e-03
19.696048	-2.813192623e-03
19.701048	3.993538752e-03
19.706048	-9.609644004e-03
19.711048	-4.034191540e-02
19.716049	-2.413868313e-02
19.721049	-6.235541045e-03
19.726049	1.556139122e-03
19.731049	-3.691486896e-03
19.736050	-4.056143064e-02
19.741050	-3.144082045e-02
19.746050	4.987337445e-03
19.751051	-5.298019662e-03
19.756051	-4.580876880e-02
19.761051	-3.176641946e-02
19.766051	7.829456984e-04
19.771052	1.002030790e-03
19.776052	-3.342904079e-02
19.781052	-4.282544376e-02
19.786052	-6.683268766e-03
19.791053	1.166985269e-02
19.796053	-1.535261201e-02
19.801053	-4.585589134e-02
19.806053	-2.341998634e-02
19.811054	4.761613276e-03
19.816054	9.576456038e-03
19.821054	-2.635553358e-02
19.826055	-4.780429334e-02
19.831055	-1.877373794e-02
19.836055	-5.018369797e-03
19.841055	4.262236605e-03
19.846056	1.703365756e-02
19.851056	-9.328839655e-03
19.856056	-1.916521568e-02
19.861056	-3.248140638e-02
19.866057	-3.237631074e-02
19.871057	-5.571635053e-03
19.876057	-2.971671646e-03
19.881057	-1.921625560e-03
19.886058	-1.749532539e-03
19.891058	4.024554040e-04
19.896058	-3.582229998e-03
19.901059	2.438552630e-03
19.906059	2.001772069e-02
19.911059	1.510508535e-02
19.916059	-1.258833801e-02
19.921060	-2.065480511e-02
19.926060	-7.502400648e-03
19.931060	-6.517348747e-03
19.936060	-3.221187748e-02
19.941061	-2.961191101e-02
19.946061	-5.953064458e-03
19.951061	4.934461658e-03
19.956061	1.239017055e-02
19.961062	-2.303483943e-02
19.966062	-5.005729612e-02
19.971062	-1.362812766e-02
19.976063	-1.755652755e-03
19.981063	-4.591919698e-02
19.986063	-2.065543391e-02
19.991063	-1.684052970e-02
19.996064	-4.508591993e-02
20.001064	-2.066311142e-02
20.006064	-3.911202227e-02
20.011064	-3.369220249e-02
20.016065	-3.950378506e-02
20.021065	-3.795575887e-02
20.026065	-3.491581180e-02
20.031065	-3.590765003e-02
20.036066	-3.612952899e-02
20.041066	-3.668439000e-02
20.046066	-2.590985340e-02
20.051066	-4.093794409e-02
20.056067	-1.695410964e-02
20.061067	-3.673994679e-02
20.066067	-3.180809846e-02
20.071068	-1.905466595e-02
20.076068	-4.232131724e-02
20.081068	-1.789050539e-02
20.086068	-2.237215542e-02
20.091069	-4.033408817e-02
20.096069	-1.308142571e-02
20.101069	-7.325619574e-03
20.106069	-3.801087485e-02
20.111070	-2.745732344e-02
20.116070	-2.030562923e-03
20.121070	-6.055235607e-03
20.126070	-2.661502853e-02
20.131071	-3.502746735e-02
20.136071	-1.413146490e-02
20.141071	-4.294873945e-03
20.146072	1.780025475e-04
20.151072	-8.886861087e-05
20.156072	-3.625565608e-03
20.161072	-2.641502836e-03
20.166073	-1.522447009e-03
20.171073	-1.934021181e-04
20.176073	-1.150235403e-03
20.181073	-1.913078772e-03
20.186074	-7.609659473e-03
20.191074	-3.149027270e-02
20.196074	-2.623243562e-02
20.201074	-3.519526759e-03
20.206075	-3.959386135e-03
20.211075	-9.184304269e-04
20.216075	-3.461177478e-03
20.221076	-1.034188643e-03
20.226076	-2.467994212e-03
20.231076	-3.086736521e-02
20.236076	-3.524501372e-02
20.241077	-6.453426320e-03
20.246077	4.103276888e-04
20.251077	-2.440423305e-02
20.256077	-4.065524906e-02
20.261078	-1.396654887e-02
20.266078	2.064718441e-03
20.271078	-1.363132639e-02
20.276078	-3.916384777e-02
20.281079	-2.086770023e-02
20.286079	-3.680493464e-03
20.291079	-3.296392685e-03
20.296080	-6.834083066e-03
20.301080	-3.750932973e-02
20.306080	-2.948763450e-02
20.311080	-1.795985313e-03
20.316081	-2.742812570e-03
20.321081	-3.181666612e-03
20.326081	-1.965166770e-02
20.331081	-3.612266850e-02
20.336082	-1.490167396e-02
20.341082	-5.065073635e-03
20.346082	-1.862120222e-03
20.351082	7.790060309e-05
20.356083	-1.689881115e-03
20.361083	-3.954636164e-03
20.366083	-3.238549535e-03
20.371084	-2.555832513e-04
20.376084	-2.291349780e-03
20.381084	-1.852247716e-03
20.386084	-4.948957344e-03
20.391085	-5.779787264e-03
20.396085	-2.299846247e-03
20.401085	2.010050857e-03
20.406085	3.004124569e-03
20.411086	-6.375549037e-04
20.416086	-7.994192391e-04
20.421086	5.196378864e-04
20.426086	-3.520507900e-05
20.431087	-2.624939572e-03
20.436087	1.373131840e-02
20.441087	3.517230615e-02
20.446088	1.649342816e-02
20.451088	-6.056243702e-03
20.456088	2.014549151e-02
20.461088	3.937859763e-02
20.466089	1.246015885e-02
20.471089	-2.404920835e-03
20.476089	1.191544730e-02
20.481089	3.683625181e-02
20.486090	2.102522314e-02
20.491090	-3.177358930e-03
20.496090	7.041228316e-03
20.501090	3.451389802e-02
20.506091	2.628446701e-02
20.511091	1.075939378e-03
20.516091	-8.548262023e-04
20.521091	2.401998262e-02
20.526092	3.501153015e-02
20.531092	6.545176736e-03
20.536092	-9.692909070e-04
20.541093	1.766185096e-02
20.546093	3.656097880e-02
20.551093	1.306436197e-02
20.556093	-9.677580562e-04
20.561094	1.539650532e-02
20.566094	3.739246937e-02
20.571094	1.495879693e-02
20.576094	8.586814493e-04
20.581095	3.191516425e-02
20.586095	3.153431949e-02
20.591095	4.338901266e-03
20.596095	2.396199293e-02
20.601096	3.755540555e-02
20.606096	6.882173014e-03
20.611096	2.136453882e-02
20.616097	3.805478741e-02
20.621097	9.318452546e-03
20.626097	1.472930157e-02
20.631097	3.888615371e-02
20.636098	1.462458152e-02
20.641098	1.022442571e-03
20.646098	2.689020439e-02
20.651098	3.324700427e-02
20.656099	6.604559650e-03
20.661099	-9.648992546e-04
20.666099	5.506895198e-03
20.671099	3.076169079e-02
20.676100	2.677604195e-02
20.681100	2.466474405e-03
20.686100	4.733493445e-03
20.691101	-1.461037202e-03
20.696101	-3.727776541e-03
20.701101	7.471257535e-04
20.706101	3.662865642e-04
20.711102	-1.125493301e-03
20.716102	-8.493669709e-04
20.721102	5.277010298e-04
20.726102	2.445356986e-02
20.731103	3.231129361e-02
20.736103	5.394867276e-03
20.741103	-6.846671678e-04
20.746103	2.594250227e-04
20.751104	-2.397291023e-03
20.756104	-9.052275163e-04
20.761104	2.617647507e-02
20.766105	3.706503923e-02
20.771105	1.479136756e-02
20.776105	-7.873283072e-03
20.781105	1.189378901e-03
20.786106	3.855653555e-02
20.791106	3.093708533e-02
20.796106	2.143761614e-03
20.801106	-9.698463525e-03
20.806107	2.495483840e-02
20.811107	3.656836608e-02
20.816107	9.323960899e-03
20.821107	-4.545155501e-03
20.826108	-3.445067904e-03
20.831108	2.948532682e-02
20.836108	3.590913171e-02
20.841109	5.903874536e-03
20.846109	-3.511477610e-03
20.851109	-7.404777352e-04
20.856109	-1.839271789e-03
20.861110	1.286309390e-02
20.866110	3.750693102e-02
20.871110	2.014800256e-02
20.876110	6.461883145e-04
20.881111	-1.362793410e-05
20.886111	-4.820223378e-03
20.891111	-3.386150542e-03
20.896111	2.208864376e-02
20.901112	3.965985870e-02
20.906112	8.495666181e-03
20.911112	-5.317449038e-03
20.916113	7.712008176e-03
20.921113	3.701060024e-02
20.926113	2.375245619e-02
20.931113	-9.580784520e-04
20.936114	3.325525288e-02
20.941114	3.021556599e-02
20.946114	8.439875930e-03
20.951114	3.790146071e-02
20.956115	2.872410098e-02
20.961115	2.701334433e-02
20.966115	2.917538190e-02
20.971115	2.407880580e-02
20.976116	3.756624143e-02
20.981116	3.027378259e-02
20.986116	3.607662743e-02
20.991116	2.584732527e-02
20.996117	3.629492350e-02
21.001117	3.381120981e-02
21.006117	3.480731124e-02
21.011118	4.542690102e-02
21.016118	3.601955629e-02
21.021118	3.076299101e-02
21.026118	3.673682859e-02
21.031119	3.961383113e-02
21.036119	3.652715111e-02
21.041119	3.978613379e-02
21.046119	3.939431090e-02
21.051120	4.148935595e-02
21.056120	4.392738299e-02
21.061120	4.133667774e-02
21.066120	4.253977093e-02
21.071121	4.110700455e-02
21.076121	4.525594150e-02
21.081121	5.237672060e-02
21.086122	4.790311666e-02
21.091122	5.250203037e-02
21.096122	5.255018636e-02
21.101122	5.376428057e-02
21.106123	5.697526879e-02
21.111123	5.553150484e-02
21.116123	5.797153453e-02
21.121123	6.061955338e-02
21.126124	6.564644593e-02
21.131124	6.830346477e-02
21.136124	6.840961951e-02
21.141124	7.742430063e-02
21.146125	7.482459977e-02
21.151125	7.537873138e-02
21.156125	7.615285151e-02
21.161126	7.493807767e-02
21.166126	7.499623635e-02
21.171126	8.017912267e-02
21.176126	8.482303788e-02
21.181127	8.538717033e-02
21.186127	8.776020679e-02
21.191127	8.410756400e-02
21.196127	8.626761225e-02
21.201128	8.477685492e-02
21.206128	8.726088640e-02
21.211128	8.969992049e-02
21.216128	8.793317853e-02
21.221129	8.814233170e-02
21.226129	8.809349881e-02
21.231129	9.317939304e-02
21.236130	8.803783150e-02
21.241130	8.676706430e-02
21.246130	9.145998011e-02
21.251130	9.113416311e-02
21.256131	9.931789369e-02
21.261131	9.295239841e-02
21.266131	8.261911440e-02
21.271131	8.759901609e-02
21.276132	8.112652718e-02
21.281132	8.710237635e-02
21.286132	9.229326750e-02
21.291132	9.107949955e-02
21.296133	9.157664083e-02
21.301133	8.919593541e-02
21.306133	8.914810613e-02
21.311134	8.738036857e-02
21.316134	8.378672835e-02
21.321134	8.234297401e-02
21.326134	8.156918426e-02
21.331135	7.897849138e-02
21.336135	7.615981086e-02
21.341135	6.809140980e-02
21.346135	6.924751831e-02
21.351136	7.842520037e-02
21.356136	7.461057373e-02
21.361136	6.299736214e-02
21.366136	6.815025897e-02
21.371137	6.682050084e-02
21.376137	6.565473422e-02
21.381137	6.366701155e-02
21.386138	5.029389471e-02
21.391138	5.593476672e-02
21.396138	6.145864518e-02
21.401138	5.090537903e-02
21.406139	4.459788728e-02
21.411139	4.868884264e-02
21.416139	4.349829192e-02
21.421139	3.327100935e-02
21.426140	4.294566838e-02
21.431140	5.111740759e-02
21.436140	3.448446643e-02
21.441140	3.648353442e-02
21.446141	3.217193832e-02
21.451141	1.437305985e-02
21.456141	3.901592408e-02
21.461141	2.425688437e-02
21.466142	4.473263033e-04
21.471142	2.052416620e-03
21.476142	9.011222392e-03
21.481143	3.034826359e-02
21.486143	2.238486355e-02
21.491143	3.095066208e-03
21.496143	1.164345735e-03
21.501144	-7.849997721e-03
21.506144	-3.449040339e-02
21.511144	-2.110693777e-02
21.516144	-4.978562609e-04
21.521145	-2.487572460e-03
21.526145	-7.839109613e-03
21.531145	-3.586544043e-02
21.536145	-3.066653832e-02
21.541146	-2.939442712e-02
21.546146	-3.681185348e-02
21.551146	-3.327486229e-02
21.556147	-4.333014788e-02
21.561147	-4.183004790e-02
21.566147	-3.171740580e-02
21.571147	-3.609399277e-02
21.576148	-3.746973913e-02
21.581148	-3.884648522e-02
21.586148	-3.481351883e-02
21.591148	-2.934562853e-02
21.596149	-3.995388290e-02
21.601149	-2.027274818e-02
21.606149	-3.690668158e-02
21.611149	-2.585408744e-02
21.616150	-1.652440143e-02
21.621150	-4.067193449e-02
21.626150	-2.231772806e-02
21.631151	-5.517028816e-04
21.636151	-1.121895230e-02
21.641151	-4.033522016e-02
21.646151	-2.265197714e-02
21.651152	-3.637804678e-03
21.656152	-9.162326744e-03
21.661152	-2.702019255e-02
21.666152	-3.127278182e-02
21.671153	-7.230875894e-03
21.676153	-1.706984737e-03
21.681153	-4.804634762e-03
21.686153	-4.191481945e-03
21.691154	-1.265451927e-03
21.696154	2.256546424e-04
21.701154	-1.476068731e-03
21.706155	8.024612248e-03
21.711155	3.244949961e-02
21.716155	1.841743278e-02
21.721155	-4.965136452e-03
21.726156	1.360906280e-02
21.731156	3.582506855e-02
21.736156	1.498536474e-02
21.741156	3.324172925e-03
21.746157	3.699157024e-02
21.751157	2.566336117e-02
21.756157	2.188875054e-02
21.761157	3.891303380e-02
21.766158	2.151514826e-02
21.771158	3.184978781e-02
21.776158	2.770119797e-02
21.781159	3.157218178e-02
21.786159	3.759505135e-02
21.791159	3.373344692e-02
21.796159	3.671647864e-02
21.801160	3.206091689e-02
21.806160	4.704931047e-02
21.811160	4.555858083e-02
21.816160	4.290091348e-02
21.821161	5.119866362e-02
21.826161	4.367625549e-02
21.831161	3.819873881e-02
21.836161	6.042374881e-02
21.841162	5.894202004e-02
21.846162	5.915220149e-02
21.851162	5.461263582e-02
21.856162	5.086602819e-02
21.861163	6.280458647e-02
21.866163	6.362773622e-02
21.871163	6.727973572e-02
21.876164	7.021277369e-02
21.881164	6.562521192e-02
21.886164	6.678234480e-02
21.891164	7.396115760e-02
21.896165	7.777614955e-02
21.901165	7.866529736e-02
21.906165	7.452571288e-02
21.911165	7.612282348e-02
21.916166	7.811191345e-02
21.921166	7.983201795e-02
21.926166	8.104614959e-02
21.931166	8.093135215e-02
21.936167	8.701122542e-02
21.941167	8.391458703e-02
21.946167	7.672596652e-02
21.951168	8.569318688e-02
21.956168	8.475633428e-02
21.961168	7.666936223e-02
21.966168	7.849556310e-02
21.971169	8.066524593e-02
21.976169	8.448004148e-02
21.981169	8.336199963e-02
21.986169	7.589549569e-02
21.991170	7.729192054e-02
21.996170	7.536182256e-02
22.001170	7.358351673e-02
22.006170	7.700563450e-02
22.011171	7.872614301e-02
22.016171	7.226478695e-02
22.021171	6.253430499e-02
22.026172	6.949373550e-02
22.031172	6.888146899e-02
22.036172	6.307947874e-02
22.041172	6.540275653e-02
22.046173	6.734295491e-02
22.051173	8.039136265e-02
22.056173	8.127141787e-02
22.061173	6.081560820e-02
22.066174	5.545239596e-02
22.071174	6.502098969e-02
22.076174	7.005902463e-02
22.081174	6.806173402e-02
22.086175	6.214505210e-02
22.091175	5.512862890e-02
22.096175	5.828326492e-02
22.101176	5.352282217e-02
22.106176	4.799792030e-02
22.111176	5.457517493e-02
22.116176	5.523474455e-02
22.121177	5.916414046e-02
22.126177	5.662158086e-02
22.131177	5.148795929e-02
22.136177	5.358165352e-02
22.141178	5.076260928e-02
22.146178	5.463400939e-02
22.151178	5.501639531e-02
22.156178	5.131749854e-02
22.161179	4.700563460e-02
22.166179	4.513284114e-02
22.171179	5.209227810e-02
22.176180	5.496013293e-02
22.181180	4.960732524e-02
22.186180	4.087059777e-02
22.191180	4.325117918e-02
22.196181	4.656751104e-02
22.201181	4.601344899e-02
22.206181	4.408336035e-02
22.211181	4.253455166e-02
22.216182	4.788777605e-02
22.221182	4.341492334e-02
22.226182	3.601632646e-02
22.231182	3.811002490e-02
22.236183	4.208632343e-02
22.241183	3.369398008e-02
22.246183	3.552029341e-02
22.251184	3.551000465e-02
22.256184	3.551091551e-02
22.261184	3.574071443e-02
22.266184	3.319736107e-02
22.271185	3.314087565e-02
22.276185	3.092330541e-02
22.281185	3.590325254e-02
22.286185	3.137290575e-02
22.291186	3.352400380e-02
22.296186	3.391609562e-02
22.301186	3.783580003e-02
22.306186	3.601001027e-02
22.311187	3.280819393e-02
22.316187	2.988346307e-02
22.321187	3.463382418e-02
22.326187	3.413706461e-02
22.331188	3.573389390e-02
22.336188	3.451987292e-02
22.341188	3.568602556e-02
22.346189	3.640360229e-02
22.351189	3.159617311e-02
22.356189	3.153829152e-02
22.361189	3.684382486e-02
22.366190	3.143372841e-02
22.371190	3.336504167e-02
22.376190	3.849838483e-02
22.381190	3.607063040e-02
22.386191	2.988647600e-02
22.391191	3.590787259e-02
22.396191	3.739961033e-02
22.401191	3.585170998e-02
22.406192	3.374873938e-02
22.411192	3.386365102e-02
22.416192	3.502090744e-02
22.421193	3.342451054e-02
22.426193	3.519263491e-02
22.431193	3.662707724e-02
22.436193	3.370235166e-02
22.441194	3.375026819e-02
22.446194	3.496492287e-02
22.451194	3.807177713e-02
22.456194	4.060426215e-02
22.461195	3.524196733e-02
22.466195	3.790044609e-02
22.471195	3.839754004e-02
22.476195	3.906672506e-02
22.481196	4.171470504e-02
22.486196	4.376001729e-02
22.491196	3.706929445e-02
22.496197	3.950728626e-02
22.501197	3.984199016e-02
22.506197	3.917304767e-02
22.511197	3.679299641e-02
22.516198	3.707120397e-02
22.521198	3.978618214e-02
22.526198	3.823678736e-02
22.531198	3.486278985e-02
22.536199	2.994067490e-02
22.541199	3.591528056e-02
22.546199	2.850699830e-02
22.551199	3.524586374e-02
22.556200	3.387006104e-02
22.561200	2.890034972e-02
22.566200	3.508494530e-02
22.571201	7.783922255e-03
22.576201	3.160538015e-02
22.581201	2.845117313e-02
22.586201	1.485532899e-03
22.591202	2.906339164e-02
22.596202	3.696889699e-02
22.601202	5.399607848e-04
22.606202	1.198217846e-02
22.611203	4.348852910e-02
22.616203	1.878846967e-02
22.621203	-4.869444973e-03
22.626203	2.120789511e-02
22.631204	3.768724594e-02
22.636204	1.010984043e-02
22.641204	-3.768893515e-03
22.646205	2.226904953e-02
22.651205	3.901648697e-02
22.656205	1.331358263e-02
22.661205	-2.659339049e-03
22.666206	1.087556992e-02
22.671206	3.603586074e-02
22.676206	2.100018987e-02
22.681206	-1.339792269e-03
22.686207	-1.533666720e-06
22.691207	1.327825626e-03
22.696207	2.818876537e-03
22.701207	6.126231052e-03
22.706208	2.619129442e-02
22.711208	2.453841321e-02
22.716208	6.902482383e-03
22.721209	-1.385645451e-03
22.726209	-2.160172728e-03
22.731209	-2.322432355e-03
22.736209	-1.165161952e-03
22.741210	2.764361208e-03
22.746210	7.760993598e-04
22.751210	-1.881826650e-03
22.756210	-1.824296883e-03
22.761211	-1.660972526e-03
22.766211	-2.343608101e-02
22.771211	-3.575769213e-02
22.776211	-8.896487224e-03
22.781212	-1.277758563e-03
22.786212	-2.653651249e-03
22.791212	-2.945689120e-02
22.796212	-3.443779170e-02
22.801213	-9.670174345e-03
22.806213	-3.448431945e-02
22.811213	-3.365262848e-02
22.816214	-9.114398275e-03
22.821214	-3.664409829e-02
22.826214	-2.840400073e-02
22.831214	-1.431401412e-02
22.836215	-4.300075194e-02
22.841215	-2.067000323e-02
22.846215	-2.199889582e-02
22.851215	-4.105924503e-02
22.856216	-1.364296619e-02
22.861216	-2.337421120e-02
22.866216	-3.769401192e-02
22.871216	-1.149216783e-02
22.876217	-2.669112135e-02
22.881217	-4.144969809e-02
22.886217	-1.010492691e-02
22.891218	-2.691009435e-02
22.896218	-4.111449991e-02
22.901218	-5.745942119e-03
22.906218	-2.705264543e-03
22.911219	-3.735658186e-02
22.916219	-3.465188598e-02
22.921219	-6.184460243e-03
22.926219	1.386577219e-03
22.931220	-7.225624294e-03
22.936220	-3.873210781e-02
22.941220	-2.646821932e-02
22.946220	-8.780394652e-04
22.951221	-3.697648234e-03
22.956221	7.860547391e-04
22.961221	-2.182060110e-02
22.966222	-3.957191498e-02
22.971222	-1.359055486e-02
22.976222	-2.649213379e-04
22.981222	-5.684690510e-03
22.986223	-1.095891838e-03
22.991223	-1.153045826e-03
22.996223	-2.817606525e-02
23.001223	-3.414040459e-02
23.006224	-6.897110087e-03
23.011224	-1.152071844e-03
23.016224	5.587811978e-04
23.021224	-1.613088679e-02
23.026225	-4.325899934e-02
23.031225	-2.154000991e-02
23.036225	6.348586686e-05
23.041226	-9.784135962e-04
23.046226	-7.277333216e-03
23.051226	-3.458803497e-02
23.056226	-2.972204804e-02
23.061227	-2.640342587e-03
23.066227	-1.923434533e-03
23.071227	-1.704199793e-03
23.076227	-8.143005130e-04
23.081228	-3.737771160e-04
23.086228	-9.273556680e-03
23.091228	-3.562750762e-02
23.096228	-2.678543047e-02
23.101229	-3.528019882e-03
23.106229	-4.244433877e-03
23.111229	-4.206891566e-04
23.116230	-1.170004087e-02
23.121230	-4.038676644e-02
23.126230	-2.220508480e-02
23.131230	2.391255853e-03
23.136231	-3.354089365e-03
23.141231	-3.850813551e-03
23.146231	-2.965949114e-02
23.151231	-3.883635319e-02
23.156232	-7.616763779e-03
23.161232	1.732689154e-03
23.166232	-3.620075666e-03
23.171232	-1.363945002e-03
23.176233	7.871914594e-04
23.181233	-2.969657611e-03
23.186233	-3.466379880e-03
23.191234	-1.085754987e-03
23.196234	-8.195664521e-05
23.201234	-1.916707104e-03
23.206234	-2.690513784e-03
23.211235	-7.978620834e-04
23.216235	-1.476373407e-03
23.221235	-9.792470511e-04
23.226235	1.516173225e-03
23.231236	-3.406711697e-03
23.236236	-2.078128930e-03
23.241236	2.568177574e-03
23.246236	-6.433977377e-04
23.251237	-1.417302500e-03
23.256237	-2.515889780e-03
23.261237	-1.187205958e-03
23.266237	-1.406739572e-03
23.271238	-1.034004478e-03
23.276238	-5.368757878e-04
23.281238	-2.906494400e-03
23.286239	9.481902200e-03
23.291239	3.578795871e-02
23.296239	2.091480582e-02
23.301239	-1.357253309e-03
23.306240	1.405456142e-03
23.311240	-1.911110830e-03
23.316240	-5.825246725e-04
23.321240	3.639820197e-04
23.326241	2.279974588e-02
23.331241	3.478726570e-02
23.336241	4.943610806e-03
23.341241	3.053002375e-05
23.346242	2.019182339e-03
23.351242	1.356722639e-02
23.356242	3.567740883e-02
23.361243	1.605231145e-02
23.366243	7.395848954e-04
23.371243	-1.019162404e-03
23.376243	5.299145604e-04
23.381244	2.794541586e-02
23.386244	3.584065569e-02
23.391244	6.217491380e-03
23.396244	-5.051449003e-03
23.401245	-4.149352105e-04
23.406245	-1.294527797e-03
23.411245	4.785109655e-03
23.416245	3.524025075e-02
23.421246	2.711524419e-02
23.426246	-4.620274681e-04
23.431246	1.134849271e-03
23.436247	-6.902917581e-04
23.441247	-5.186387890e-04
23.446247	-6.904673394e-04
23.451247	1.576174615e-03
23.456248	1.030366377e-03
23.461248	-5.748852968e-04
23.466248	-1.730960653e-03
23.471248	-1.731497264e-03
23.476249	-5.740952580e-04
23.481249	1.749144946e-03
23.486249	-1.290329390e-03
23.491249	-4.224709106e-03
23.496250	-2.560833201e-03
23.501250	-6.204717926e-04
23.506250	-1.068617155e-02
23.511251	-3.704920423e-02
23.516251	-2.472779437e-02
23.521251	-1.345772640e-03
23.526251	-3.562689052e-03
23.531252	-2.397285166e-03
23.536252	3.178364985e-04
23.541252	-2.004073701e-03
23.546252	-3.887207030e-03
23.551253	-2.118334406e-03
23.556253	-2.223861871e-03
23.561253	5.866557651e-04
23.566253	3.678347448e-04
23.571254	-1.562995002e-03
23.576254	2.574752007e-02
23.581254	3.657811194e-02
23.586255	4.727274310e-03
23.591255	-2.058796344e-03
23.596255	2.469724906e-02
23.601255	3.673177772e-02
23.606256	8.159966510e-03
23.611256	1.021643357e-04
23.616256	3.022343157e-02
23.621256	3.215479847e-02
23.626257	1.145217762e-03
23.631257	1.485295868e-02
23.636257	4.017498202e-02
23.641257	1.397374618e-02
23.646258	3.148433905e-04
23.651258	3.082729127e-02
23.656258	3.336952714e-02
23.661259	1.481594609e-03
23.666259	1.491235172e-02
23.671259	4.232776517e-02
23.676259	1.580234802e-02
23.681260	3.748261327e-03
23.686260	3.917414931e-02
23.691260	2.684287778e-02
23.696260	-4.481883255e-03
23.701261	2.255215173e-02
23.706261	4.011249084e-02
23.711261	8.108966532e-03
23.716261	-2.664386831e-03
23.721262	2.508561090e-02
23.726262	3.409080590e-02
23.731262	7.622787981e-03
23.736262	-1.381858634e-03
23.741263	2.004887606e-02
23.746263	3.574591594e-02
23.751263	1.270941632e-02
23.756264	-8.838853905e-04
23.761264	2.387417314e-02
23.766264	3.675046389e-02
23.771264	6.132768355e-03
23.776265	2.237448050e-02
23.781265	3.602493069e-02
23.786265	1.718370937e-02
23.791265	3.852065112e-02
23.796266	2.697384221e-02
23.801266	3.310109339e-02
23.806266	3.210682359e-02
23.811266	3.216449804e-02
23.816267	3.586447895e-02
23.821267	3.244283889e-02
23.826267	3.736555517e-02
23.831268	3.636228688e-02
23.836268	3.945960068e-02
23.841268	3.554028791e-02
23.846268	3.116279971e-02
23.851269	3.791231986e-02
23.856269	3.194791649e-02
23.861269	3.205249050e-02
23.866269	3.206256975e-02
23.871270	2.161530544e-02
23.876270	4.123044228e-02
23.881270	1.448394537e-02
23.886270	-1.440626976e-03
23.891271	2.907183083e-02
23.896271	3.554336762e-02
23.901271	6.800077740e-03
23.906272	-1.047623402e-03
23.911272	2.817875178e-04
23.916272	-1.878515734e-03
23.921272	3.866458218e-04
23.926273	-1.576429782e-04
23.931273	1.162069278e-03
23.936273	5.029869941e-04
23.941273	-1.150742178e-03
23.946274	-1.542338280e-03
23.951274	-7.678962005e-04
23.956274	-1.102194941e-03
23.961274	-2.730271761e-02
23.966275	-3.962497829e-02
23.971275	-7.229117378e-03
23.976275	1.116922981e-03
23.981276	-2.166168089e-02
23.986276	-3.769284346e-02
23.991276	-1.375663176e-02
23.996276	3.917007878e-04
24.001277	-2.496846495e-02
24.006277	-3.961230050e-02
24.011277	-1.176699590e-02
24.016277	-2.150721477e-03
24.021278	-6.069226910e-03
24.026278	-2.939249997e-02
24.031278	-3.287212834e-02
24.036278	-4.634943572e-03
24.041279	-5.245624138e-03
24.046279	-9.249668049e-04
24.051279	-6.459385062e-03
24.056280	-3.796512166e-02
24.061280	-3.115979588e-02
24.066280	-9.238162097e-04
24.071280	2.890969049e-03
24.076281	-2.209661345e-02
24.081281	-3.967578981e-02
24.086281	-9.497006276e-03
24.091281	-7.221438331e-03
24.096282	-3.972262035e-02
24.101282	-2.563178047e-02
24.106282	-9.935425791e-03
24.111282	-4.304827467e-02
24.116283	-2.623367906e-02
24.121283	-1.633871518e-02
24.126283	-4.193806311e-02
24.131284	-1.684560720e-02
24.136284	-1.822124322e-02
24.141284	-3.910834119e-02
24.146284	-1.457905472e-02
24.151285	-2.441444014e-02
24.156285	-4.104746378e-02
24.161285	-1.082177970e-02
24.166285	-1.108897346e-02
24.171286	-3.767166725e-02
24.176286	-2.701314176e-02
24.181286	-1.749292949e-03
24.186286	-2.098167711e-02
24.191287	-3.927681093e-02
24.196287	-1.102982018e-02
24.201287	-7.778999655e-03
24.206287	-3.789910388e-02
24.211288	-2.888558947e-02
24.216288	-2.521297775e-03
24.221288	-2.385606870e-02
24.226289	-4.159773054e-02
24.231289	-9.373849917e-03
24.236289	-9.430852028e-03
24.241289	-4.341314940e-02
24.246290	-2.208668853e-02
24.251290	-6.562518819e-03
24.256290	-4.281029508e-02
24.261290	-2.942721109e-02
24.266291	4.743944693e-04
24.271291	-6.561235028e-03
24.276291	-3.121362726e-02
24.281291	-3.180559911e-02
24.286292	-6.321257786e-03
24.291292	-4.228272045e-03
24.296292	-1.637512579e-03
24.301293	-1.808506011e-03
24.306293	-2.352779387e-03
24.311293	-1.568723217e-03
24.316293	-3.174739716e-03
24.321294	-1.444026284e-04
24.326294	-9.181629947e-04
24.331294	-4.664665036e-03
24.336294	-1.905041460e-04
24.341295	1.290916133e-03
24.346295	-1.079458506e-03
24.351295	-3.526976849e-04
24.356295	-6.868802307e-04
24.361296	6.327494548e-04
24.366296	-2.407388757e-03
24.371296	-9.057683516e-04
24.376297	1.360111602e-03
24.381297	-2.349090422e-03
24.386297	-1.965809930e-03
24.391297	-1.134153089e-03
24.396298	-2.281190798e-03
24.401298	-1.123750886e-03
24.406298	-1.515328380e-03
24.411298	-2.430581268e-05
24.416299	-1.189941734e-03
24.421299	-1.352030836e-03
24.426299	9.711480658e-04
24.431299	1.086244618e-03
24.436300	-2.890340987e-03
24.441300	-2.393164359e-03
24.446300	1.087153790e-03
24.451301	-7.848073659e-05
24.456301	-2.679038738e-03
24.461301	-3.003617604e-03
24.466301	-5.765866607e-03
24.471302	-3.335279495e-02
24.476302	-2.964298781e-02
24.481302	-3.394179362e-03
24.486302	-2.839603997e-03
24.491303	-1.013296079e-03
24.496303	5.358267817e-04
24.501303	-2.054229990e-03
24.506303	-2.953076521e-03
24.511304	-8.496825477e-04
24.516304	-1.671132799e-03
24.521304	-2.005308771e-03
24.526305	-3.994877359e-04
24.531305	4.225751865e-04
24.536305	-6.283620653e-04
24.541305	-1.335117427e-03
24.546306	-9.525305338e-04
24.551306	-1.286705317e-03
24.556306	-2.165650926e-03
24.561306	-5.121310424e-04
24.566307	-5.117230296e-04
24.571307	-9.032939692e-04
24.576307	-2.289511804e-03
24.581307	-7.306860934e-04
24.586308	5.987520167e-04
24.591308	1.093261137e-02
24.596308	2.889376520e-02
24.601309	1.690661224e-02
24.606309	-1.174726134e-04
24.611309	1.202366994e-03
24.616309	-6.226259238e-04
24.621310	-7.282101021e-04
24.626310	-1.155812364e-02
24.631310	-3.405961615e-02
24.636310	-2.018934314e-02
24.641311	-8.893587389e-04
24.646311	-2.773801010e-04
24.651311	9.551145091e-05
24.656311	-9.457215811e-04
24.661312	-3.822656773e-03
24.666312	-1.671559217e-03
24.671312	-7.635550403e-06
24.676313	-1.165061616e-03
24.681313	-1.127050269e-04
24.686313	-1.001245002e-03
24.691313	-5.614554375e-04
24.696314	-1.717280803e-03
24.701314	-2.328634934e-03
24.706314	-1.831447834e-03
24.711314	-1.108256145e-04
24.716315	8.833354427e-04
24.721315	-1.992897432e-03
24.726315	-1.284820766e-03
24.731315	1.649337687e-03
24.736316	7.794986760e-04
24.741316	-4.477806763e-03
24.746316	-3.283888308e-02
24.751316	-3.349783273e-02
24.756317	-2.430169757e-03
24.761317	-1.932980505e-03
24.766317	-3.189147107e-02
24.771318	-3.669869928e-02
24.776318	-5.584138028e-03
24.781318	-1.458884258e-02
24.786318	-4.255723822e-02
24.791319	-1.785663521e-02
24.796319	-8.893206658e-04
24.801319	-3.681149265e-02
24.806319	-3.475638451e-02
24.811320	-2.589977844e-03
24.816320	-7.292209882e-03
24.821320	-3.841653630e-02
24.826320	-2.962198586e-02
24.831321	1.168494777e-03
24.836321	-1.005338969e-02
24.841321	-3.923691856e-02
24.846322	-2.780440766e-02
24.851322	3.375146282e-04
24.856322	1.552269412e-03
24.861322	-1.851154377e-02
24.866323	-4.343199843e-02
24.871323	-1.812862437e-02
24.876323	-6.070361985e-04
24.881323	1.285583498e-03
24.886324	-1.414187533e-02
24.891324	-4.581966959e-02
24.896324	-1.988612808e-02
24.901324	2.356227565e-04
24.906325	1.220991680e-03
24.911325	-2.370846076e-02
24.916325	-4.431764280e-02
24.921326	-1.203723793e-02
24.926326	3.430256594e-04
24.931326	1.891565593e-03
24.936326	-1.889930601e-02
24.941327	-4.073102206e-02
24.946327	-1.513186084e-02
24.951327	-5.448136689e-04
24.956327	-1.863920235e-03
24.961328	-2.280678279e-02
24.966328	-3.906649426e-02
24.971328	-1.309485188e-02
24.976328	2.315633033e-04
24.981329	-2.138786383e-03
24.986329	-1.479797011e-03
24.991329	-2.740309350e-02
24.996330	-3.894985450e-02
25.001330	-1.010016405e-02
25.006330	-1.859877173e-03
25.011330	-2.022843118e-03
25.016331	-1.267057742e-03
25.021331	-1.591414718e-03
25.026331	1.864166784e-04
25.031331	-2.700203624e-03
25.036332	-2.087409873e-03
25.041332	-1.580510298e-03
25.046332	5.699020479e-04
25.051332	-9.705024492e-03
25.056333	-3.640317726e-02
25.061333	-2.535283774e-02
25.066333	-2.028480137e-04
25.071334	3.995476315e-04
25.076334	-5.835721961e-04
25.081334	-1.797679546e-03
25.086334	-1.702756334e-03
25.091335	-2.026510660e-03
25.096335	-1.471911516e-03
25.101335	-6.174832526e-03
25.106335	-3.319776611e-02
25.111336	-3.181181061e-02
25.116336	-1.470595102e-03
25.121336	7.875208432e-05
25.126336	-1.250047446e-03
25.131337	-2.798735089e-03
25.136337	-1.192090379e-03
25.141337	-5.398136292e-03
25.146338	-3.749689836e-02
25.151338	-3.230524377e-02
25.156338	-7.035937768e-04
25.161338	4.171478033e-03
25.166339	-7.212085146e-03
25.171339	-3.849878946e-02
25.176339	-2.893906626e-02
25.181339	-1.026019114e-03
25.186340	-2.103382280e-02
25.191340	-4.092543247e-02
25.196340	-1.257280814e-02
25.201340	-1.799318717e-02
25.206341	-4.418386122e-02
25.211341	-1.401553290e-02
25.216341	-3.070521194e-02
25.221341	-3.545512588e-02
25.226342	-1.771433595e-02
25.231342	-4.092276768e-02
25.236342	-2.168905678e-02
25.241343	-3.362838755e-02
25.246343	-3.456530337e-02
25.251343	-2.484328596e-02
25.256343	-3.744198110e-02
25.261344	-2.953616670e-02
25.266344	-3.993557844e-02
25.271344	-3.738357889e-02
25.276344	-3.986851124e-02
25.281345	-4.009696341e-02
25.286345	-4.369063640e-02
25.291345	-4.677833612e-02
25.296345	-4.346117633e-02
25.301346	-4.318375466e-02
25.306346	-4.588857417e-02
25.311346	-4.589793688e-02
25.316347	-4.468326450e-02
25.321347	-4.738798345e-02
25.326347	-4.777052574e-02
25.331347	-4.367860584e-02
25.336348	-4.103050896e-02
25.341348	-4.301866528e-02
25.346348	-4.423196262e-02
25.351348	-3.914609484e-02
25.356349	-3.196673823e-02
25.361349	-4.058924091e-02
25.366349	-2.698632560e-02
25.371349	-3.793030442e-02
25.376350	-2.538913226e-02
25.381350	-1.974899284e-02
25.386350	-4.102712141e-02
25.391351	-1.328675715e-02
25.396351	-3.212721501e-02
25.401351	-3.775697538e-02
25.406351	-1.664945775e-02
25.411352	-3.997347656e-02
25.416352	-3.035714733e-02
25.421352	-2.228893556e-02
25.426352	-3.173329209e-02
25.431353	-1.250027382e-02
25.436353	-2.958172375e-02
25.441353	-3.638712008e-02
25.446353	-2.598633146e-02
25.451354	-4.969252844e-02
25.456354	-4.578299417e-02
25.461354	-2.532593989e-02
25.466355	-3.510397717e-02
25.471355	-2.825019895e-02
25.476355	-2.775288242e-02
25.481355	-3.599250098e-02
25.486356	-1.791651912e-02
25.491356	-2.913837868e-02
25.496356	-3.051416178e-02
25.501356	-1.177801447e-02
25.506357	-1.278121702e-02
25.511357	-3.267281468e-02
25.516357	-3.548342071e-02
25.521357	-6.969092783e-03
25.526358	-1.003365274e-03
25.531358	-1.299928217e-02
25.536358	-3.813959972e-02
25.541359	-2.371492160e-02
25.546359	-2.655896181e-03
25.551359	-5.417303537e-03
25.556359	-3.084440509e-02
25.561360	-3.283255320e-02
25.566360	-6.086129568e-03
25.571360	-1.172344439e-03
25.576360	-7.193877459e-03
25.581361	-3.349053183e-02
25.586361	-2.216298730e-02
25.591361	-8.674757525e-03
25.596361	-8.291430491e-03
25.601362	-2.807963032e-02
25.606362	-3.477022664e-02
25.611362	-8.462478014e-03
25.616363	-9.874274624e-04
25.621363	-1.850914711e-02
25.626363	-3.863022831e-02
25.631363	-1.785808450e-02
25.636364	-1.739762457e-04
25.641364	-8.728572133e-03
25.646364	-3.569428852e-02
25.651364	-2.690940635e-02
25.656365	-5.142514534e-03
25.661365	-3.202167928e-03
25.666365	-5.582191332e-03
25.671365	-3.587352991e-02
25.676366	-3.033917392e-02
25.681366	-2.254617231e-03
25.686366	-2.368960416e-03
25.691366	-4.203611912e-03
25.696367	-2.539649321e-03
25.701367	-7.396139715e-03
25.706367	-3.358689512e-02
25.711368	-2.723888114e-02
25.716368	-1.659889890e-03
25.721368	-2.318902822e-03
25.726368	-2.365348155e-03
25.731369	-3.139854578e-03
25.736369	1.773836617e-03
25.741369	-1.557508782e-02
25.746369	-3.795284459e-02
25.751370	-1.568977569e-02
25.756370	-1.044701389e-03
25.761370	-1.369130658e-03
25.766370	-1.469406823e-02
25.771371	-3.889722699e-02
25.776371	-1.877544328e-02
25.781371	-7.284700285e-03
25.786372	-3.751933768e-02
25.791372	-2.911743002e-02
25.796372	-2.192845766e-02
25.801372	-3.889510025e-02
25.806373	-1.723409733e-02
25.811373	-3.298710411e-02
25.816373	-3.248007560e-02
25.821373	-2.341740201e-02
25.826374	-3.950499045e-02
25.831374	-2.385696677e-02
25.836374	-3.607346076e-02
25.841374	-2.491719780e-02
25.846375	-2.347301805e-02
25.851375	-4.093733236e-02
25.856375	-1.999298950e-02
25.861376	-3.507713005e-02
25.866376	-2.994354582e-02
25.871376	-5.509588037e-03
25.876376	-2.258212228e-02
25.881377	-2.750470261e-02
25.886377	-1.269713224e-02
25.891377	-1.125375083e-02
25.896377	-1.125329249e-02
25.901378	-2.368957244e-02
25.906378	-3.191947595e-02
25.911378	-8.823445551e-03
25.916378	-1.252989146e-03
25.921379	-6.061074129e-03
25.926379	-3.622944369e-03
25.931379	-2.744381767e-02
25.936380	-3.441168723e-02
25.941380	-5.447867875e-03
25.946380	5.170750079e-04
25.951380	-1.585052830e-03
25.956381	-3.238604349e-03
25.961381	-2.910526776e-02
25.966381	-3.788863967e-02
25.971381	-7.433398567e-03
25.976382	3.196558271e-05
25.981382	-8.704508289e-03
25.986382	-3.259237606e-02
25.991382	-2.523130582e-02
25.996383	8.190969071e-05
26.001383	-1.511681973e-02
26.006383	-3.257162896e-02
26.011384	-2.787761615e-02
26.016384	-1.020319360e-02
26.021384	-2.826946978e-02
26.026384	-3.456747175e-02
26.031385	-5.392960371e-03
26.036385	-1.350886529e-02
26.041385	-4.081864907e-02
26.046385	-2.075335263e-02
26.051386	-6.156665125e-03
26.056386	-3.622900143e-02
26.061386	-2.644055781e-02
26.066386	-1.416674622e-02
26.071387	-4.352082020e-02
26.076387	-2.180241062e-02
26.081387	-2.461309612e-02
26.086388	-3.871218100e-02
26.091388	-1.511107104e-02
26.096388	-3.853935933e-02
26.101388	-3.074830804e-02
26.106389	-2.925712148e-02
26.111389	-3.401670226e-02
26.116389	-1.886564193e-02
26.121389	-3.909179967e-02
26.126390	-2.682688547e-02
26.131390	-3.622341889e-02
26.136390	-3.240945482e-02
26.141390	-2.913986161e-02
26.146391	-3.688168252e-02
26.151391	-2.235198791e-02
26.156391	-4.129821248e-02
26.161391	-2.234165298e-02
26.166392	-3.030346148e-02
26.171392	-3.538872281e-02
26.176392	-1.887063308e-02
26.181393	-4.080909761e-02
26.186393	-1.924287604e-02
26.191393	-2.460422198e-02
26.196393	-3.997503533e-02
26.201394	-1.338208061e-02
26.206394	-3.189772633e-02
26.211394	-3.655210917e-02
26.216394	-5.380397476e-03
26.221395	-2.129518101e-02
26.226395	-4.090976756e-02
26.231395	-1.355185248e-02
26.236395	-1.819623498e-02
26.241396	-4.090865623e-02
26.246396	-1.327375536e-02
26.251396	-1.249842561e-02
26.256397	-4.267644923e-02
26.261397	-1.968630077e-02
26.266397	-4.983711305e-03
26.271397	-4.001847606e-02
26.276398	-3.029662132e-02
26.281398	-5.087590182e-03
26.286398	-3.504462451e-02
26.291398	-3.312435426e-02
26.296399	-3.768543175e-03
26.301399	-3.056174527e-02
26.306399	-3.714702207e-02
26.311399	-8.355180464e-03
26.316400	-2.813275520e-02
26.321400	-3.974576405e-02
26.326400	-5.639204621e-03
26.331401	-5.858819155e-03
26.336401	-3.653381355e-02
26.341401	-2.581700946e-02
26.346401	-4.433772557e-03
26.351402	-3.870428041e-03
26.356402	-1.110366864e-02
26.361402	-3.696991795e-02
26.366402	-2.393323639e-02
26.371403	-1.392060211e-03
26.376403	-2.490626428e-03
26.381403	-2.376256989e-03
26.386403	-4.640760842e-03
26.391404	-2.116750589e-02
26.396404	-3.813422736e-02
26.401404	-1.231522450e-02
26.406405	2.491364302e-03
26.411405	-8.250827308e-04
26.416405	-3.538561663e-03
26.421405	-3.758173076e-03
26.426406	-1.110940497e-02
26.431406	-3.598170473e-02
26.436406	-2.347799239e-02
26.441406	-1.596778693e-03
26.446407	-1.873386211e-03
26.451407	3.348742701e-04
26.456407	-3.337120532e-04
26.461407	-3.411170073e-03
26.466408	-1.458519725e-02
26.471408	-3.565269801e-02
26.476408	-2.148707270e-02
26.481409	-4.848108669e-04
26.486409	-2.376331109e-03
26.491409	1.110862720e-03
26.496409	-1.315628723e-03
26.501410	-3.303143343e-03
26.506410	-2.308816401e-03
26.511410	-5.682256959e-03
26.516410	-2.643038445e-03
26.521411	-1.115920511e-02
26.526411	-3.397561095e-02
26.531411	-1.855705040e-02
26.536411	-3.756366391e-04
26.541412	-3.473090850e-03
26.546412	2.435976039e-03
26.551412	5.724565351e-04
26.556413	-4.733879670e-03
26.561413	-2.640334532e-02
26.566413	-3.784435488e-02
26.571413	-8.449536375e-03
26.576414	2.724251500e-03
26.581414	-3.077058446e-02
26.586414	-3.917175503e-02
26.591414	-6.393115835e-03
26.596415	-2.861755078e-02
26.601415	-3.396988300e-02
26.606415	-2.164915511e-02
26.611415	-3.823388953e-02
26.616416	-3.037492397e-02
26.621416	-3.784014313e-02
26.626416	-4.403442972e-02
26.631416	-3.839434563e-02
26.636417	-3.352822020e-02
26.641417	-4.131842139e-02
26.646417	-4.016109835e-02
26.651418	-3.932875785e-02
26.656418	-4.413711714e-02
26.661418	-4.381174934e-02
26.666418	-3.955759034e-02
26.671419	-3.778029943e-02
26.676419	-4.076175522e-02
26.681419	-3.866748083e-02
26.686419	-3.976603644e-02
26.691420	-3.922067932e-02
26.696420	-4.104719587e-02
26.701420	-3.843594830e-02
26.706420	-3.932451441e-02
26.711421	-3.938312449e-02
26.716421	-3.507096689e-02
26.721421	-3.656050052e-02
26.726422	-4.136885746e-02
26.731422	-4.004954016e-02
26.736422	-4.004915254e-02
26.741422	-3.810886794e-02
26.746423	-3.412269199e-02
26.751423	-3.761111829e-02
26.756423	-3.484687701e-02
26.761423	-3.970323022e-02
26.766424	-4.120376175e-02
26.771424	-3.778055502e-02
26.776424	-4.358285741e-02
26.781424	-3.771378044e-02
26.786425	-3.499853555e-02
26.791425	-3.882094275e-02
26.796425	-3.490176156e-02
26.801426	-3.877316582e-02
26.806426	-3.750084351e-02
26.811426	-4.108526270e-02
26.816426	-4.434569895e-02
26.821427	-3.661171984e-02
26.826427	-3.870321794e-02
26.831427	-4.545146817e-02
26.836427	-3.937240054e-02
26.841428	-3.616018025e-02
26.846428	-3.965860284e-02
26.851428	-4.119712952e-02
26.856428	-4.102374709e-02
26.861429	-3.926544880e-02
26.866429	-3.871108631e-02
26.871429	-4.163553860e-02
26.876430	-3.632942852e-02
26.881430	-3.710299489e-02
26.886430	-3.527769934e-02
26.891430	-2.305995640e-02
26.896431	-3.958668434e-02
26.901431	-1.963835228e-02
26.906431	-2.681657715e-02
26.911431	-3.714763415e-02
26.916432	-1.327851015e-02
26.921432	-3.185312833e-02
26.926432	-3.493957018e-02
26.931432	-4.769780825e-03
26.936433	-1.283895731e-02
26.941433	-3.864719007e-02
26.946433	-2.145970966e-02
26.951434	-1.337385206e-03
26.956434	-9.624549439e-03
26.961434	-3.487981095e-02
26.966434	-2.742281231e-02
26.971435	-4.595631067e-03
26.976435	-3.553290893e-03
26.981435	-1.404933681e-02
26.986435	-3.747769467e-02
26.991436	-1.996423013e-02
26.996436	-1.944792336e-03
27.001436	-3.542310923e-03
27.006436	-9.401602656e-03
27.011437	-3.753170961e-02
27.016437	-2.449400617e-02
27.021437	-2.660770420e-03
27.026438	-3.979303027e-03
27.031438	-2.133898222e-02
27.036438	-3.581981438e-02
27.041438	-1.344160696e-02
27.046439	8.780292690e-04
27.051439	-2.763378965e-03
27.056439	-4.148907029e-03
27.061439	-1.605643908e-03
27.066440	-3.096166061e-03
27.071440	-8.009505987e-03
27.076440	-1.829555997e-02
27.081440	-3.118047555e-02
27.086441	-1.304604093e-02
27.091441	2.822514376e-03
27.096441	-2.749213272e-04
27.101441	-1.660447927e-03
27.106442	-2.758989629e-03
27.111442	-2.146622175e-03
27.116442	-2.213218443e-03
27.121443	-8.268918327e-04
27.126443	-1.428459321e-03
27.131443	-1.438058135e-03
27.136443	5.426332313e-05
27.141444	-1.542250757e-03
27.146444	-7.108938174e-04
27.151444	-1.990424435e-03
27.156444	-8.810819586e-04
27.161445	2.587489650e-02
27.166445	2.951710457e-02
27.171445	5.418788362e-03
27.176445	2.169363333e-03
27.181446	3.718683213e-03
27.186446	-4.358484698e-03
27.191446	1.365095997e-02
27.196447	3.841004577e-02
27.201447	1.432073005e-02
27.206447	-1.031050274e-03
27.211447	1.107270917e-02
27.216448	3.349791975e-02
27.221448	2.282989078e-02
27.226448	2.938352575e-03
27.231448	4.659664914e-03
27.236449	2.908276987e-02
27.241449	2.737226507e-02
27.246449	2.557989361e-03
27.251449	1.752659770e-02
27.256450	3.323316694e-02
27.261450	1.736641577e-02
27.266450	6.583394358e-03
27.271451	3.251742007e-02
27.276451	2.798706638e-02
27.281451	6.918592542e-03
27.286451	2.908681904e-02
27.291452	3.273903059e-02
27.296452	8.306736154e-03
27.301452	2.947101653e-02
27.306452	3.091434605e-02
27.311453	7.428001777e-03
27.316453	2.687137417e-02
27.321453	3.522733647e-02
27.326453	7.812201655e-03
27.331454	9.408523833e-03
27.336454	3.600251651e-02
27.341454	2.069873794e-02
27.346455	2.288124797e-03
27.351455	3.493468407e-03
27.356455	-2.471806410e-03
27.361455	1.931344284e-02
27.366456	3.633994537e-02
27.371456	1.107569757e-02
27.376456	-1.915202907e-03
27.381456	1.517023201e-03
27.386457	-2.191370714e-03
27.391457	-2.515944461e-03
27.396457	-1.174004467e-02
27.401457	-3.314249694e-02
27.406458	-1.777090512e-02
27.411458	2.733413848e-03
27.416458	-1.853932368e-03
27.421459	-3.068457832e-03
27.426459	-2.743065049e-03
27.431459	-3.898593337e-03
27.436459	-4.998124446e-03
27.441460	-2.655256737e-02
27.446460	-3.313880632e-02
27.451460	-5.216880652e-03
27.456460	-1.574627526e-05
27.461461	-3.023198424e-04
27.466461	-8.568789983e-04
27.471461	-2.289391298e-03
27.476461	-5.108829669e-03
27.481462	-3.617497179e-03
27.486462	-8.921803063e-03
27.491462	-3.534298555e-02
27.496462	-2.406317326e-02
27.501463	4.749339634e-04
27.506463	2.349246862e-03
27.511463	-1.731123344e-03
27.516464	-6.759442972e-03
27.521464	-3.672194124e-03
27.526464	-4.330745875e-03
27.531464	-2.278935066e-02
27.536465	-3.075151361e-02
27.541465	-8.143302488e-03
27.546465	7.566379526e-04
27.551465	-1.566824462e-03
27.556466	-5.820184068e-03
27.561466	-4.269852226e-03
27.566466	-9.307169821e-03
27.571466	-3.201954710e-02
27.576467	-2.394256195e-02
27.581467	-1.401346029e-03
27.586467	-3.608813529e-03
27.591468	-7.202207155e-03
27.596468	-2.059065336e-03
27.601468	-2.361550317e-02
27.606468	-3.517147279e-02
27.611469	-5.699624592e-03
27.616469	-4.542270146e-03
27.621469	-5.259815817e-03
27.626469	-1.477089359e-02
27.631470	-3.632533061e-02
27.636470	-1.543002544e-02
27.641470	-3.327252427e-03
27.646470	-2.493879824e-03
27.651471	-9.741077250e-03
27.656471	-3.543529330e-02
27.661471	-2.250056392e-02
27.666472	-1.776248736e-03
27.671472	-5.207648516e-03
27.676472	-3.716309991e-03
27.681472	-7.357698296e-03
27.686473	-3.189497496e-02
27.691473	-2.647384501e-02
27.696473	-3.762634590e-03
27.701473	-3.820212911e-03
27.706474	-5.701694063e-03
27.711474	-3.360379099e-02
27.716474	-2.559379798e-02
27.721474	-4.649492808e-03
27.726475	-4.973056218e-03
27.731475	-5.919586339e-03
27.736475	-3.570558229e-02
27.741476	-2.564869740e-02
27.746476	-6.126091167e-04
27.751476	-3.595030337e-03
27.756476	-1.409105175e-02
27.761477	-3.796836123e-02
27.766477	-2.133482540e-02
27.771477	-1.433463236e-03
27.776477	-6.078795245e-03
27.781478	-1.442293036e-02
27.786478	-3.200157412e-02
27.791478	-1.890484940e-02
27.796478	-1.431357340e-03
27.801479	-5.301729813e-03
27.806479	-6.028269361e-03
27.811479	-4.641921145e-03
27.816480	-3.132907951e-02
27.821480	-3.078468621e-02
27.826480	-2.594763259e-03
27.831480	-8.164352903e-04
27.836481	-1.080502591e-04
27.841481	-1.652075438e-02
27.846481	-3.945311156e-02
27.851481	-1.757185230e-02
27.856482	-1.980258324e-03
27.861482	-4.904679307e-03
27.866482	-9.340019772e-03
27.871482	-3.469924711e-02
27.876483	-2.280745574e-02
27.881483	-2.590107071e-03
27.886483	-3.918612193e-03
27.891484	-2.426267211e-03
27.896484	-1.518716393e-02
27.901484	-3.702057791e-02
27.906484	-1.933509382e-02
27.911485	1.676213516e-03
27.916485	-4.842464564e-04
27.921485	-7.608064872e-04
27.926485	-3.523234142e-03
27.931486	-6.237664201e-03
27.936486	-4.181347874e-03
27.941486	-7.021070854e-04
27.946486	-7.288330751e-03
27.951487	-2.645288521e-02
27.956487	-2.545751185e-02
27.961487	-6.120113989e-03
27.966487	-3.749929835e-04
27.971488	2.331289811e-03
27.976488	-3.795957378e-03
27.981488	-8.049304094e-03
27.986489	-2.743159145e-03
27.991489	-2.293755712e-03
27.996489	-2.932589035e-02
28.001489	-2.994642970e-02
28.006490	-2.857442827e-03
28.011490	-1.413091724e-03
28.016490	-1.860639842e-03
28.021490	-2.520176536e-03
28.026491	-4.891622023e-03
28.031491	-1.202281419e-02
28.036491	-2.971444447e-02
28.041491	-2.198142699e-02
28.046492	-1.247100921e-03
28.051492	-1.073681037e-03
28.056492	-2.795160215e-03
28.061493	-5.451589514e-03
28.066493	-1.962345564e-03
28.071493	-1.611016333e-02
28.076493	-3.380379233e-02
28.081494	-1.677726801e-02
28.086494	-1.405655516e-03
28.091494	-3.671104733e-03
28.096494	-2.178753687e-03
28.101495	-1.196780242e-02
28.106495	-3.777699887e-02
28.111495	-2.058948224e-02
28.116495	-9.070981598e-04
28.121496	-4.557472834e-03
28.126496	-2.545393002e-02
28.131496	-3.224113755e-02
28.136497	-8.206984367e-03
28.141497	-5.768682324e-03
28.146497	-2.422726860e-02
28.151497	-3.540224216e-02
28.156498	-1.195505717e-02
28.161498	-8.367815663e-03
28.166498	-3.285808052e-02
28.171498	-2.782091585e-02
28.176499	-6.044641405e-03
28.181499	-2.837302083e-02
28.186499	-3.550320852e-02
28.191499	-8.748198465e-03
28.196500	-3.151755399e-02
28.201500	-3.439496746e-02
28.206500	-1.936733318e-02
28.211501	-3.771992321e-02
28.216501	-2.588411887e-02
28.221501	-3.334028821e-02
28.226501	-3.361783924e-02
28.231502	-3.085455188e-02
28.236502	-3.699079100e-02
28.241502	-3.190562686e-02
28.246502	-3.842484532e-02
28.251503	-3.842441042e-02
28.256503	-3.583311319e-02
28.261503	-3.134891651e-02
28.266503	-3.825011408e-02
28.271504	-3.394790742e-02
28.276504	-3.444544532e-02
28.281504	-3.030522977e-02
28.286505	-3.974929151e-02
28.291505	-2.481864962e-02
28.296505	-3.284578644e-02
28.301505	-3.167841219e-02
28.306506	-3.101101119e-02
28.311506	-3.914514189e-02
28.316506	-2.659437271e-02
28.321506	-3.687038919e-02
28.326507	-2.686948409e-02
28.331507	-3.593056492e-02
28.336507	-3.073040417e-02
28.341507	-3.908552226e-02
28.346508	-3.129349910e-02
28.351508	-3.404691487e-02
28.356508	-3.603537119e-02
28.361509	-3.344207107e-02
28.366509	-3.781140047e-02
28.371509	-2.394169988e-02
28.376509	-3.957842965e-02
28.381510	-2.254389712e-02
28.386510	-2.990406686e-02
28.391510	-3.183552522e-02
28.396510	-6.245447349e-03
28.401511	-2.178618153e-02
28.406511	-3.835286099e-02
28.411511	-1.657757978e-02
28.416511	-2.658880531e-03
28.421512	-1.508377988e-02
28.426512	-3.536826103e-02
28.431512	-2.122157348e-02
28.436512	-2.485129929e-03
28.441513	-5.638521883e-03
28.446513	1.053562607e-03
28.451513	-2.292972109e-02
28.456514	-3.697153346e-02
28.461514	-1.060849487e-02
28.466514	-2.587480510e-03
28.471514	-2.204059752e-03
28.476515	-2.155621036e-03
28.481515	-3.305053626e-02
28.486515	-3.276410992e-02
28.491515	-4.249184962e-03
28.496516	4.460071436e-04
28.501516	-1.418777247e-02
28.506516	-3.541920101e-02
28.511516	-2.039155809e-02
28.516517	-5.182924652e-03
28.521517	-1.159614098e-02
28.526517	-3.143964279e-02
28.531518	-2.729142061e-02
28.536518	-4.407194897e-03
28.541518	-2.590848410e-03
28.546518	-2.275933238e-02
28.551519	-3.623717209e-02
28.556519	-1.220600683e-02
28.561519	-5.684910044e-03
28.566519	-8.494316814e-03
28.571520	-3.358753814e-02
28.576520	-2.474556439e-02
28.581520	-2.137322745e-03
28.586520	-8.445542857e-03
28.591521	-3.246374926e-03
28.596521	-6.111777891e-03
28.601521	-3.043903913e-02
28.606522	-2.651080318e-02
28.611522	-1.579684274e-03
28.616522	-3.854118124e-03
28.621522	-6.454534496e-03
28.626523	-5.844012932e-04
28.631523	2.292891241e-03
28.636523	-2.028433183e-03
28.641523	-3.469910654e-03
28.646524	-5.346207942e-04
28.651524	-8.591574029e-04
28.656524	-2.799607922e-03
28.661524	-6.718953044e-03
28.666525	-2.357061014e-02
28.671525	-2.612302770e-02
28.676525	-7.271583625e-03
28.681526	-2.445104587e-04
28.686526	-2.462945374e-03
28.691526	-9.235800356e-04
28.696526	-5.871505756e-04
28.701527	-3.235562212e-03
28.706527	-3.513099822e-03
28.711527	-2.998229790e-04
28.716527	1.135548569e-03
28.721528	-1.379620915e-02
28.726528	-3.639455895e-02
28.731528	-1.992298679e-02
28.736528	8.593562061e-04
28.741529	-1.846051315e-03
28.746529	-4.942437904e-03
28.751529	-3.288077057e-03
28.756530	-4.673554383e-03
28.761530	-3.130468872e-02
28.766530	-2.804541284e-02
28.771530	-2.292333297e-03
28.776531	-3.725807531e-03
28.781531	-4.085343289e-04
28.786531	-1.638123493e-02
28.791531	-3.776364765e-02
28.796532	-1.748827607e-02
28.801532	-2.729610916e-03
28.806532	-1.024176101e-02
28.811532	-3.439702570e-02
28.816533	-2.146426302e-02
28.821533	-4.056738228e-03
28.826533	-4.773249258e-03
28.831534	-1.715013992e-02
28.836534	-3.952849846e-02
28.841534	-1.604229647e-02
28.846534	-3.834494425e-03
28.851535	-1.788151748e-03
28.856535	-1.035224455e-02
28.861535	-3.467049924e-02
28.866535	-1.963384714e-02
28.871536	-1.948335797e-03
28.876536	-4.432751458e-03
28.881536	-4.155313893e-03
28.886536	-1.784987519e-03
28.891537	3.743502097e-04
28.896537	-3.820973915e-03
28.901537	-2.833573584e-03
28.906537	-3.972501919e-04
28.911538	-1.133221543e-02
28.916538	-3.444453280e-02
28.921538	-1.880691121e-02
28.926539	1.585335024e-04
28.931539	-2.937848153e-03
28.936539	8.784026310e-04
28.941539	-5.560671602e-04
28.946540	-1.282574477e-03
28.951540	-3.212017677e-03
28.956540	-2.772586750e-03
28.961540	4.866943168e-04
28.966541	-2.768105074e-04
28.971541	-2.437240896e-03
28.976541	-1.239091197e-04
28.981541	4.953661120e-05
28.986542	3.849738563e-04
28.991542	3.284320821e-04
28.996542	-2.815945315e-03
29.001543	-2.214521826e-03
29.006543	-7.231455449e-04
29.011543	-1.381654778e-03
29.016543	-6.062401527e-04
29.021544	-3.426634131e-03
29.026544	7.226012955e-04
29.031544	-7.850486429e-03
29.036544	-3.576354530e-02
29.041545	-2.353673914e-02
29.046545	-2.592396553e-03
29.051545	-2.429948414e-03
29.056545	-6.605856203e-04
29.061546	-2.354391138e-02
29.066546	-3.299795134e-02
29.071546	-1.055368789e-02
29.076547	-3.479606742e-03
29.081547	-5.189058258e-03
29.086547	7.290846318e-04
29.091547	-8.505966329e-03
29.096548	-3.713398562e-02
29.101548	-2.475418605e-02
29.106548	-1.372971530e-03
29.111548	-4.689336800e-03
29.116549	-3.198957618e-03
29.121549	6.642954746e-04
29.126549	1.889689007e-03
29.131549	-1.474673196e-03
29.136550	-3.368113511e-03
29.141550	-1.762739806e-03
29.146550	-5.183098646e-03
29.151551	-2.729246326e-02
29.156551	-2.811496003e-02
29.161551	-3.298820430e-03
29.166551	-7.084984767e-04
29.171552	-1.520682102e-04
29.176552	1.281315537e-03
29.181552	-6.347818539e-03
29.186552	-5.619397039e-03
29.191553	1.235698701e-03
29.196553	-1.143714235e-03
29.201553	-5.293032899e-03
29.206553	-9.284875133e-05
29.211554	2.842455996e-03
29.216554	-2.203975947e-02
29.221554	-3.712249607e-02
29.226555	-9.209519541e-03
29.231555	-1.485401212e-04
29.236555	-5.380578893e-04
29.241555	-9.657111194e-03
29.246556	-3.672920942e-02
29.251556	-2.556334146e-02
29.256556	-1.588154721e-03
29.261556	-1.247511348e-02
29.266557	-3.468147003e-02
29.271557	-2.407957156e-02
29.276557	-3.125223636e-03
29.281557	-9.205437574e-03
29.286558	-3.347568383e-02
29.291558	-2.611261259e-02
29.296558	-8.036111084e-03
29.301559	-4.625829336e-03
29.306559	-1.269193702e-02
29.311559	-3.439831902e-02
29.316559	-1.688778691e-02
29.321560	-4.947958366e-03
29.326560	-7.269371116e-03
29.331560	-2.461162976e-03
29.336560	-5.605531703e-03
29.341561	-3.031575318e-02
29.346561	-2.660448632e-02
29.351561	-4.694120950e-04
29.356561	-3.013812238e-03
29.361562	-4.275280497e-03
29.366562	8.009142570e-04
29.371562	-1.463500407e-03
29.376562	-6.097788890e-03
29.381563	-9.555972743e-04
29.386563	-2.456052203e-03
29.391563	-4.223492807e-03
29.396564	-3.612059824e-03
29.401564	-4.499546987e-03
29.406564	-4.557078174e-03
29.411564	-3.390674340e-03
29.416565	-5.133613897e-04
29.421565	9.210284352e-04
29.426565	2.545301322e-04
29.431565	3.522822655e-03
29.436566	7.059101045e-03
29.441566	2.911788260e-03
29.446566	-1.781495362e-03
29.451566	-2.344998530e-03
29.456567	1.366271042e-03
29.461567	1.862711738e-03
29.466567	9.327308135e-05
29.471568	1.187111395e-02
29.476568	3.309245262e-02
29.481568	1.877468179e-02
29.486568	7.561079415e-04
29.491569	2.419487298e-03
29.496569	4.579840340e-03
29.501569	2.828604745e-02
29.506569	2.856550078e-02
29.511570	5.577191884e-03
29.516570	-1.334972007e-03
29.521570	1.458064998e-02
29.526570	3.757089578e-02
29.531571	1.701045822e-02
29.536571	-2.881014798e-03
29.541571	1.487051002e-02
29.546572	3.834673045e-02
29.551572	2.198107025e-02
29.556572	-9.962381477e-04
29.561572	1.569534353e-02
29.566573	3.497478767e-02
29.571573	1.724320061e-02
29.576573	-2.543277028e-03
29.581573	1.689915881e-02
29.586574	3.840748488e-02
29.591574	1.840201924e-02
29.596574	-3.314355263e-03
29.601574	1.480915121e-02
29.606575	3.619248440e-02
29.611575	1.762994250e-02
29.616575	-7.706079039e-04
29.621576	1.415106935e-02
29.626576	3.647135319e-02
29.631576	2.084365565e-02
29.636576	-1.097584827e-04
29.641577	2.735425211e-02
29.646577	3.566128180e-02
29.651577	3.763450174e-03
29.656577	1.380938761e-02
29.661578	4.129239767e-02
29.666578	1.653618652e-02
29.671578	-1.818365023e-03
29.676578	2.150686654e-02
29.681579	3.846543688e-02
29.686579	1.315325578e-02
29.691579	9.003801531e-04
29.696580	7.362509165e-03
29.701580	3.254964228e-02
29.706580	2.631844671e-02
29.711580	-2.076692320e-04
29.716581	1.273725183e-03
29.721581	1.055210137e-03
29.726581	-1.917158310e-03
29.731581	-5.417579050e-04
29.736582	3.966658610e-04
29.741582	-4.238166971e-04
29.746582	1.449557571e-03
29.751582	1.946005198e-03
29.756583	2.835677749e-04
29.761583	-8.238990508e-04
29.766583	-3.754485216e-04
29.771584	-3.852789057e-03
29.776584	2.610341775e-03
29.781584	-1.341233122e-02
29.786584	-3.750957461e-02
29.791585	-1.656521370e-02
29.796585	-3.793417974e-03
29.801585	-1.920042425e-03
29.806585	-1.805573201e-03
29.811586	-3.164651049e-02
29.816586	-3.137904917e-02
29.821586	-8.495790708e-03
29.826586	1.619147039e-03
29.831587	-1.037573905e-02
29.836587	-3.987569389e-02
29.841587	-2.230615232e-02
29.846587	6.271040585e-04
29.851588	-1.180775816e-02
29.856588	-3.733992360e-02
29.861588	-2.506709983e-02
29.866589	-1.855857777e-03
29.871589	-1.635392695e-03
29.876589	-1.512419828e-02
29.881589	-3.772051931e-02
29.886590	-1.826707691e-02
29.891590	-3.182402024e-03
29.896590	-3.181924668e-03
29.901590	1.024329091e-03
29.906591	-1.689048971e-03
29.911591	-2.741515265e-03
29.916591	-1.843085217e-03
29.921591	-1.735612983e-03
29.926592	-4.162050998e-04
29.931592	-2.682606369e-03
29.936592	-3.284096083e-03
29.941593	-9.117438676e-04
29.946593	5.806552673e-04
29.951593	1.918062760e-03
29.956593	-4.143344328e-04
29.961594	-2.124764596e-03
29.966594	-3.463802207e-04
29.971594	-9.668681335e-04
29.976594	-2.849288810e-03
29.981595	1.251972346e-03
29.986595	-1.948060330e-05
29.991595	-7.919599814e-04
29.996595	2.247357998e-03
30.001596	-2.380300438e-04
30.006596	-2.453432334e-03
30.011596	1.196853483e-03
30.016597	-1.225962406e-04
30.021597	4.238548977e-04
30.026597	7.013204555e-04
30.031597	-4.879902243e-03
30.036598	2.692175527e-03
30.041598	-1.593935278e-02
30.046598	-3.765671684e-02
30.051598	-1.366251226e-02
30.056599	-1.111698867e-03
30.061599	-1.168214765e-03
30.066599	1.365131690e-03
30.071599	-2.776183769e-02
30.076600	-3.748183924e-02
30.081600	-9.845827697e-03
30.086600	1.692040236e-03
30.091601	-4.549146025e-03
30.096601	-3.515703608e-02
30.101601	-3.002382714e-02
30.106601	-6.526594899e-03
30.111602	-2.654318670e-03
30.116602	-1.001544481e-02
30.121602	-3.659854839e-02
30.126602	-2.267080670e-02
30.131603	-2.385403069e-03
30.136603	-3.320870560e-03
30.141603	-6.625291010e-04
30.146603	-2.465676984e-02
30.151604	-3.482674581e-02
30.156604	-7.017741821e-03
30.161604	-2.879478644e-03
30.166605	-5.307866068e-03
30.171605	-1.664576345e-03
30.176605	-1.443104501e-03
30.181605	-4.396741423e-04
30.186606	-1.083163754e-02
30.191606	-3.399192166e-02
30.196606	-1.896323700e-02
30.201606	2.983079814e-03
30.206607	-5.026009895e-03
30.211607	-6.305457455e-03
30.216607	-9.902556869e-04
30.221607	-1.209759411e-03
30.226608	-1.105280261e-03
30.231608	-1.684795807e-02
30.236608	-3.437854067e-02
30.241609	-1.210524039e-02
30.246609	-1.094340934e-03
30.251609	-2.929758059e-03
30.256609	-8.624969769e-03
30.261610	-3.210123557e-02
30.266610	-2.657404400e-02
30.271610	-8.565516228e-03
30.276610	-3.072485176e-02
30.281611	-3.088435738e-02
30.286611	-8.391067841e-03
30.291611	-3.315026476e-02
30.296611	-3.105588995e-02
30.301612	-1.701315059e-02
30.306612	-3.807254399e-02
30.311612	-2.353183090e-02
30.316612	-2.816709771e-02
30.321613	-3.591919863e-02
30.326613	-1.253695552e-02
30.331613	-3.060250763e-02
30.336614	-3.397684109e-02
30.341614	-1.695325943e-02
30.346614	-3.624174618e-02
30.351614	-2.524784359e-02
30.356615	-1.712178834e-02
30.361615	-3.817118111e-02
30.366615	-1.910970732e-02
30.371615	-1.650935784e-02
30.376616	-3.894467657e-02
30.381616	-2.048517046e-02
30.386616	-6.997399779e-03
30.391616	-3.138061458e-02
30.396617	-2.861727325e-02
30.401617	-5.781999465e-03
30.406617	-6.880452507e-03
30.411618	-4.623083945e-03
30.416618	-4.680592147e-03
30.421618	-3.037373665e-02
30.426618	-2.788937985e-02
30.431619	-1.468296173e-03
30.436619	-7.008478393e-04
30.441619	-1.915293982e-03
30.446619	-2.076796029e-03
30.451620	-2.240297866e-03
30.456620	1.515991901e-03
30.461620	-2.190321281e-03
30.466620	-9.078997183e-04
30.471621	4.732290152e-03
30.476621	2.130589856e-02
30.481621	2.461421267e-02
30.486622	7.266625605e-03
30.491622	2.745356390e-03
30.496622	-1.623920807e-03
30.501622	-1.425091082e-04
30.506623	2.955816687e-03
30.511623	2.135351032e-03
30.516623	1.027900743e-03
30.521623	-1.018499498e-03
30.526624	4.149152655e-04
30.531624	1.687338695e-03
30.536624	1.246125683e-02
30.541624	1.572157472e-02
30.546625	3.801700175e-03
30.551625	-2.726461063e-03
30.556625	-1.240945439e-02
30.561626	-1.609876643e-02
30.566626	-3.996918320e-03
30.571626	3.183191684e-03
30.576626	1.472774690e-03
30.581627	-5.105383281e-03
30.586627	-3.276988308e-03
30.591627	-1.287601797e-03
30.596627	-7.351387530e-04
30.601628	-2.118055870e-02
30.606628	-3.488633704e-02
30.611628	-8.915225748e-03
30.616628	-3.831003353e-03
30.621629	-3.169545604e-03
30.626629	-6.704864522e-03
30.631629	-3.394692234e-02
30.636630	-2.586885879e-02
30.641630	-6.255408729e-03
30.646630	-3.999035315e-03
30.651630	-2.029667489e-02
30.656631	-3.560036723e-02
30.661631	-1.404302016e-02
30.666631	-3.441090263e-03
30.671631	-8.249340574e-03
30.676632	-2.991069434e-02
30.681632	-2.454748549e-02
30.686632	-3.430114527e-03
30.691632	-6.306467201e-03
30.696633	-3.267134441e-03
30.701633	-2.382754628e-02
30.706633	-3.278357527e-02
30.711634	-1.150521237e-02
30.716634	-5.368043996e-03
30.721634	-1.161772814e-03
30.726634	-2.188517549e-02
30.731635	-3.371905091e-02
30.736635	-9.733831504e-03
30.741635	-4.809598119e-03
30.746635	-3.041196772e-03
30.751636	-4.988364955e-04
30.756636	-2.470305343e-02
30.761636	-3.387906964e-02
30.766636	-7.905955388e-03
30.771637	-1.270812423e-03
30.776637	-1.309468750e-02
30.781637	-3.404807686e-02
30.786638	-2.304516593e-02
30.791638	-8.066466383e-03
30.796638	-3.205769387e-02
30.801638	-2.741144453e-02
30.806639	-9.718889044e-03
30.811639	-3.552601965e-02
30.816639	-2.735295761e-02
30.821639	-1.807195442e-02
30.826640	-4.105923472e-02
30.831640	-2.226573732e-02
30.836640	-3.066979314e-02
30.841640	-3.238020490e-02
30.846641	-2.397515463e-02
30.851641	-3.851388385e-02
30.856641	-2.585705954e-02
30.861641	-3.376214142e-02
30.866642	-3.829440261e-02
30.871642	-3.955583769e-02
30.876642	-2.464113310e-02
30.881643	-2.453664064e-02
30.886643	-3.873238743e-02
30.891643	-1.667706238e-02
30.896643	-3.226773479e-02
30.901644	-3.491609552e-02
30.906644	-3.181776183e-02
30.911644	-3.529707817e-02
30.916644	-2.281224357e-02
30.921645	-3.542007417e-02
30.926645	-2.241926683e-02
30.931645	-2.650955029e-02
30.936645	-3.574356006e-02
30.941646	-2.170080786e-02
30.946646	-3.651752049e-02
30.951646	-2.380369742e-02
30.956647	-3.518276991e-03
30.961647	-7.943542074e-03
30.966647	-2.860894323e-02
30.971647	-3.137129658e-02
30.976648	-1.285578163e-02
30.981648	-7.654558389e-03
30.986648	-1.943143196e-02
30.991648	-3.176327592e-02
30.996649	-1.340875204e-02
31.001649	-1.189901704e-03
31.006649	-3.684268656e-03
31.011649	-9.592453928e-03
31.016650	-1.865347140e-02
31.021650	-2.816446485e-02
31.026650	-1.511565820e-02
31.031651	1.135978186e-03
31.036651	-4.134384730e-04
31.041651	-3.175790522e-03
31.046651	-6.109133384e-03
31.051652	-5.286675931e-03
31.056652	-6.769095786e-03
31.061652	-2.398826862e-03
31.066652	7.475072563e-04
31.071653	-2.301772707e-02
31.076653	-2.953587870e-02
31.081653	-4.059732061e-03
31.086653	-4.654214051e-04
31.091654	-1.295875298e-03
31.096654	8.645118120e-04
31.101654	1.480520372e-04
31.106655	-1.457360362e-03
31.111655	-2.174819902e-03
31.116655	-1.628346582e-03
31.121655	-2.563794345e-03
31.126656	-2.115315631e-03
31.131656	-4.102707259e-03
31.136656	1.415697315e-04
31.141656	2.349955104e-03
31.146657	-2.724272060e-03
31.151657	-1.118854434e-03
31.156657	-7.943685835e-04
31.161657	4.320693805e-04
31.166658	-2.053295129e-03
31.171658	-2.675758640e-03
31.176658	4.235799703e-04
31.181659	1.533024516e-03
31.186659	-5.390006074e-06
31.191659	-1.171824225e-03
31.196659	7.015799522e-04
31.201660	-6.187552333e-05
31.206660	-7.303359629e-04
31.211660	6.450949688e-04
31.216660	1.016280583e-04
31.221661	-2.486729993e-03
31.226661	-6.368019182e-03
31.231661	-2.553717623e-03
31.236661	-2.381222263e-03
31.241662	-6.032523421e-03
31.246662	-2.275218566e-03
31.251662	-1.117775332e-03
31.256663	-3.913090856e-04
31.261663	-2.188132850e-04
31.266663	1.379606756e-03
31.271663	5.183909551e-03
31.276664	7.343299929e-03
31.281664	2.813046226e-03
31.286664	-4.154077769e-03
31.291664	-1.677843048e-04
31.296665	3.762512225e-03
31.301665	2.549082444e-03
31.306665	-8.832292239e-04
31.311665	5.960912575e-03
31.316666	2.707729530e-02
31.321666	2.001517697e-02
31.326666	9.175259666e-03
31.331666	6.958883754e-03
31.336667	4.497362667e-04
31.341667	-1.712642345e-03
31.346667	1.668988525e-02
31.351668	3.720630049e-02
31.356668	1.309808947e-02
31.361668	4.255066556e-03
31.366668	1.891079379e-02
31.371669	2.089919491e-02
31.376669	1.902480158e-02
31.381669	5.815011286e-03
31.386669	2.332958680e-02
31.391670	3.808930893e-02
31.396670	1.000331018e-02
31.401670	1.365562330e-02
31.406670	3.516598662e-02
31.411671	2.134322943e-02
31.416671	3.113121645e-02
31.421671	3.129571543e-02
31.426672	2.564552379e-02
31.431672	3.642845814e-02
31.436672	3.306514502e-02
31.441672	3.798839122e-02
31.446673	3.671696701e-02
31.451673	3.681347011e-02
31.456673	3.090629265e-02
31.461673	3.683348578e-02
31.466674	3.318318844e-02
31.471674	4.024732126e-02
31.476674	4.682348013e-02
31.481674	4.008534728e-02
31.486675	3.958988246e-02
31.491675	3.555560596e-02
31.496675	3.577610323e-02
31.501676	3.467767073e-02
31.506676	3.793700652e-02
31.511676	4.047138096e-02
31.516676	3.849299551e-02
31.521677	3.118989338e-02
31.526677	3.599914706e-02
31.531677	3.031295909e-02
31.536677	3.991995774e-02
31.541678	2.373532836e-02
31.546678	2.909855290e-02
31.551678	3.556171901e-02
31.556678	3.835916541e-03
31.561679	3.230391235e-02
31.566679	3.562124604e-02
31.571679	9.085167767e-03
31.576680	3.379536370e-02
31.581680	3.528779471e-02
31.586680	-1.627731223e-03
31.591680	5.396405707e-03
31.596681	3.705823220e-02
31.601681	2.893317510e-02
31.606681	3.898017559e-03
31.611681	-1.798168574e-03
31.616682	1.987118976e-02
31.621682	3.811273051e-02
31.626682	1.147165870e-02
31.631682	5.837490493e-04
31.636683	-1.327015601e-04
31.641683	3.624609945e-03
31.646683	3.424349272e-02
31.651684	2.955025389e-02
31.656684	4.233147925e-04
31.661684	4.238264472e-04
31.666684	1.639273558e-03
31.671685	1.419797073e-03
31.676685	-1.399541041e-03
31.681685	5.004630312e-03
31.686685	3.352962510e-02
31.691686	2.745246052e-02
31.696686	-1.825572965e-04
31.701686	9.828930289e-04
31.706686	9.254084829e-04
31.711687	-1.280961682e-03
31.716687	-1.175454740e-03
31.721687	1.473921137e-02
31.726688	3.707153619e-02
31.731688	1.943498709e-02
31.736688	-1.232400709e-03
31.741688	7.678638246e-03
31.746689	3.552467010e-02
31.751689	2.567970687e-02
31.756689	-1.612328246e-03
31.761689	2.171294431e-02
31.766690	3.951351080e-02
31.771690	7.844708729e-03
31.776690	9.823116986e-03
31.781690	4.121396083e-02
31.786691	2.072256444e-02
31.791691	4.391570720e-04
31.796691	2.939213082e-02
31.801691	3.846416214e-02
31.806692	5.802413426e-03
31.811692	-2.495631157e-03
31.816692	1.723583341e-02
31.821693	3.747327113e-02
31.826693	1.757984355e-02
31.831693	-7.236685168e-04
31.836693	-1.211861492e-04
31.841694	1.779237549e-02
31.846694	4.079166669e-02
31.851694	1.464857193e-02
31.856694	-2.098022578e-03
31.861695	6.073483137e-04
31.866695	-6.630692403e-04
31.871695	5.043836074e-04
31.876695	9.918726989e-04
31.881696	2.039635564e-02
31.886696	3.725897387e-02
31.891696	1.255080338e-02
31.896697	-1.051957746e-03
31.901697	-6.034662037e-04
31.906697	-1.375909643e-03
31.911697	1.635240199e-04
31.916698	-1.928849061e-03
31.921698	2.305517745e-04
31.926698	3.450614555e-04
31.931698	-1.650316561e-03
31.936699	4.152890678e-03
31.941699	5.147353776e-03
31.946699	1.144653478e-02
31.951699	3.311689825e-02
31.956700	1.875117860e-02
31.961700	-7.582673751e-04
31.966700	-1.484712370e-03
31.971701	-1.483196012e-03
31.976701	7.241220887e-06
31.981701	2.225639806e-03
31.986701	-2.587113890e-04
31.991702	-1.204144368e-03
31.996702	1.395234172e-03
32.001702	-3.721549402e-04
32.006702	-2.566441336e-04
32.011703	1.929983265e-02
32.016703	3.195867641e-02
32.021703	1.151128120e-02
32.026703	2.067300783e-03
32.031704	1.849829665e-03
32.036704	4.534213279e-04
32.041704	1.285894506e-03
32.046705	-9.784675187e-04
32.051705	-2.851850268e-03
32.056705	-1.132424052e-03
32.061705	1.228968088e-03
32.066706	-9.744354002e-05
32.071706	-6.888941902e-04
32.076706	9.655357694e-04
32.081706	7.440655823e-04
32.086707	-9.653253887e-04
32.091707	8.990936152e-04
32.096707	-1.090282321e-03
32.101707	-6.297884978e-04
32.106708	1.245630134e-03
32.111708	-6.377512272e-04
32.116708	-2.291144751e-03
32.121709	-1.190684686e-03
32.126709	1.905669285e-03
32.131709	8.028512096e-05
32.136709	-1.963087378e-03
32.141710	-1.074615755e-03
32.146710	3.118294494e-04
32.151710	9.733132857e-04
32.156710	3.341706399e-03
32.161711	1.794307869e-03
32.166711	9.205432891e-03
32.171711	2.540609045e-02
32.176711	1.965291584e-02
32.181712	4.732228937e-03
32.186712	3.159833526e-04
32.191712	8.054768936e-04
32.196712	6.890027360e-04
32.201713	-9.053927398e-04
32.206713	-1.841823145e-03
32.211713	-8.483561354e-04
32.216714	2.031010629e-03
32.221714	1.036583515e-03
32.226714	-1.734749015e-03
32.231714	2.158953046e-02
32.236715	3.784918578e-02
32.241715	1.701181442e-02
32.246715	4.405005322e-03
32.251715	2.244640635e-03
32.256716	1.767234048e-02
32.261716	2.525345777e-02
32.266716	7.063945896e-03
32.271716	8.164408031e-03
32.276717	3.414554679e-02
32.281717	2.624048808e-02
32.286717	2.801255722e-03
32.291718	2.778944750e-02
32.296718	3.696748032e-02
32.301718	4.629721483e-03
32.306718	1.380775443e-02
32.311719	4.111782298e-02
32.316719	1.370280249e-02
32.321719	5.243773784e-03
32.326719	3.784956084e-02
32.331720	2.851057907e-02
32.336720	1.316547098e-03
32.341720	1.800718090e-02
32.346720	3.609374052e-02
32.351721	1.668929441e-02
32.356721	2.981545353e-03
32.361721	6.136899384e-03
32.366722	2.730029561e-02
32.371722	3.099962083e-02
32.376722	4.197568540e-03
32.381722	-5.468314568e-05
32.386723	2.048727167e-03
32.391723	-1.440564971e-03
32.396723	9.667366507e-03
32.401723	3.427358006e-02
32.406724	2.503959368e-02
32.411724	2.375321749e-03
32.416724	1.161908877e-03
32.421724	7.234548487e-04
32.426725	1.278948015e-03
32.431725	-1.379387806e-03
32.436725	-1.054882225e-03
32.441726	-2.684011525e-04
32.446726	-4.878665085e-04
32.451726	5.662756319e-05
32.456726	-9.267970291e-04
32.461727	4.496529171e-04
32.466727	-4.947736224e-04
32.471727	-1.202212704e-03
32.476727	-1.203689274e-03
32.481728	1.445693217e-03
32.486728	-4.926801998e-04
32.491728	-1.257115997e-03
32.496728	-4.365693840e-05
32.501729	-9.890829827e-04
32.506729	3.973669998e-04
32.511729	3.498933175e-04
32.516730	-8.735177525e-04
32.521730	-1.149979130e-03
32.526730	-1.579432307e-03
32.531730	7.339686821e-04
32.536731	2.855166400e-04
32.541731	-2.695800613e-03
32.546731	-4.773943856e-04
32.551731	1.454027169e-03
32.556732	7.375896289e-04
32.561732	-3.249673870e-03
32.566732	-2.073112227e-04
32.571732	1.963097866e-03
32.576733	-4.752478375e-04
32.581733	-6.477140052e-04
32.586733	-3.112071850e-04
32.591734	-7.496590825e-04
32.596734	-9.221250673e-04
32.601734	1.293439057e-04
32.606734	6.848393210e-04
32.611735	-9.665478158e-04
32.616735	-3.650547262e-04
32.621735	1.030290297e-02
32.626735	3.208826938e-02
32.631736	2.252130353e-02
32.636736	5.249988689e-04
32.641736	2.121439337e-03
32.646736	1.788982465e-03
32.651737	1.520522249e-03
32.656737	2.515994863e-03
32.661737	2.461834483e-02
32.666738	3.236045870e-02
32.671738	5.232427420e-03
32.676738	-7.987259721e-04
32.681738	8.818288345e-03
32.686739	3.385348261e-02
32.691739	2.992521753e-02
32.696739	2.543218113e-04
32.701739	2.068504326e-04
32.706740	2.755692180e-02
32.711740	3.551102492e-02
32.716740	6.394099963e-03
32.721740	1.428920634e-02
32.726741	3.733750676e-02
32.731741	1.855403232e-02
32.736741	4.406311366e-03
32.741741	3.060144457e-02
32.746742	3.004800063e-02
32.751742	7.391732427e-03
32.756742	3.054302771e-02
32.761743	3.193048070e-02
32.766743	1.093012459e-02
32.771743	3.535335239e-02
32.776743	2.728630845e-02
32.781744	9.879761357e-03
32.786744	3.552792417e-02
32.791744	2.573997194e-02
32.796744	3.801666066e-03
32.801745	2.883686166e-02
32.806745	3.220420985e-02
32.811745	1.280876888e-02
32.816745	3.254724638e-02
32.821746	2.895496493e-02
32.826746	1.121443611e-02
32.831746	2.409027881e-02
32.836747	2.762761830e-02
32.841747	1.077504241e-02
32.846747	1.192250913e-02
32.851747	3.651872863e-02
32.856748	2.315596728e-02
32.861748	2.146612719e-03
32.866748	1.878925545e-02
32.871748	3.465693945e-02
32.876749	1.601745900e-02
32.881749	2.922683673e-03
32.886749	2.641896207e-02
32.891749	3.470604952e-02
32.896750	9.614912457e-03
32.901750	1.547869915e-03
32.906750	1.651660212e-02
32.911751	3.077937193e-02
32.916751	1.885153491e-02
32.921751	4.092848529e-03
32.926751	1.099501002e-02
32.931752	3.155744496e-02
32.936752	2.366139371e-02
32.941752	5.527887047e-03
32.946752	6.475365497e-03
32.951753	2.156109196e-02
32.956753	2.917921570e-02
32.961753	7.575893820e-03
32.966753	1.937722783e-03
32.971754	1.769041399e-02
32.976754	3.306212551e-02
32.981754	1.846643110e-02
32.986755	6.803580733e-03
32.991755	9.960942114e-03
32.996755	3.134333413e-02
33.001755	2.084742185e-02
33.006756	2.390933064e-03
33.011756	2.538023976e-02
33.016756	3.428129589e-02
33.021756	1.227599602e-02
33.026757	1.608932288e-02
33.031757	3.980759101e-02
33.036757	1.543241736e-02
33.041757	2.189460347e-02
33.046758	3.782128621e-02
33.051758	1.394308627e-02
33.056758	3.251662832e-02
33.061759	2.748742588e-02
33.066759	2.277620658e-02
33.071759	3.782393633e-02
33.076759	2.279726582e-02
33.081760	3.494714981e-02
33.086760	2.720509193e-02
33.091760	2.853355162e-02
33.096760	3.412678452e-02
33.101761	2.477781227e-02
33.106761	3.727167821e-02
33.111761	2.616579950e-02
33.116761	3.455888367e-02
33.121762	2.859373163e-02
33.126762	2.660736800e-02
33.131762	3.413049859e-02
33.136763	3.284909756e-02
33.141763	3.682741680e-02
33.146763	1.964886146e-02
33.151763	3.960033117e-02
33.156764	2.484264716e-02
33.161764	2.091338722e-02
33.166764	3.704906005e-02
33.171764	2.125843113e-02
33.176765	3.441226266e-02
33.181765	2.423133545e-02
33.186765	1.765621649e-02
33.191765	3.938559202e-02
33.196766	1.882221721e-02
33.201766	1.417799569e-02
33.206766	3.927219239e-02
33.211766	1.976176172e-02
33.216767	2.048025509e-02
33.221767	3.584196962e-02
33.226767	1.562357675e-02
33.231768	2.838642961e-02
33.236768	3.346269138e-02
33.241768	1.330229557e-02
33.246768	3.358774843e-02
33.251769	2.574069775e-02
33.256769	2.496727086e-02
33.261769	3.904705395e-02
33.266769	1.849667912e-02
33.271770	3.342941694e-02
33.276770	2.872519932e-02
33.281770	2.031417892e-02
33.286770	3.562889656e-02
33.291771	3.458648431e-02
33.296771	4.093367904e-02
33.301771	1.496259287e-02
33.306772	1.833894571e-02
33.311772	3.978033770e-02
33.316772	1.982993142e-02
33.321772	3.524964380e-02
33.326773	2.734559684e-02
33.331773	1.010104677e-02
33.336773	3.846207092e-02
33.341773	2.414336531e-02
33.346774	8.831712564e-03
33.351774	3.724173424e-02
33.356774	2.574187883e-02
33.361774	2.705637099e-03
33.366775	3.056168838e-02
33.371775	3.331407500e-02
33.376775	3.968169026e-03
33.381776	2.558255244e-02
33.386776	3.702547694e-02
33.391776	1.199034180e-02
33.396776	3.432068727e-02
33.401777	3.050742339e-02
33.406777	1.199194160e-02
33.411777	3.653016976e-02
33.416777	2.889410936e-02
33.421778	2.774770381e-02
33.426778	2.923815804e-02
33.431778	1.795929154e-02
33.436778	3.344600138e-02
33.441779	2.735785886e-02
33.446779	8.449398315e-03
33.451779	3.045476155e-02
33.456780	3.217620376e-02
33.461780	7.734037687e-03
33.466780	2.685355455e-02
33.471780	3.488366132e-02
33.476781	5.700747547e-03
33.481781	1.216293780e-02
33.486781	3.764711629e-02
33.491781	2.272644401e-02
33.496782	2.051077882e-03
33.501782	3.322544407e-03
33.506782	2.874972610e-02
33.511782	3.106313728e-02
33.516783	7.357932479e-03
33.521783	-3.741219181e-04
33.526783	2.933236524e-03
33.531784	2.852340975e-02
33.536784	2.969088210e-02
33.541784	1.007545996e-02
33.546784	-1.147408546e-03
33.551785	1.526725290e-02
33.556785	3.670964696e-02
33.561785	1.819316654e-02
33.566785	6.806327486e-04
33.571786	4.218979273e-03
33.576786	3.112908266e-02
33.581786	2.958069984e-02
33.586786	4.602563316e-03
33.591787	1.499454545e-02
33.596787	3.334810413e-02
33.601787	1.875141553e-02
33.606788	1.897193881e-02
33.611788	3.998435619e-02
33.616788	1.610616140e-02
33.621788	1.736762943e-02
33.626789	3.903901188e-02
33.631789	1.455884923e-02
33.636789	2.273294969e-02
33.641789	3.816066436e-02
33.646790	1.086065182e-02
33.651790	1.389202594e-02
33.656790	3.666235016e-02
33.661790	1.594798744e-02
33.666791	1.571953508e-02
33.671791	4.097472724e-02
33.676791	1.605458835e-02
33.681791	-1.685932408e-03
33.686792	1.269083851e-02
33.691792	3.589114013e-02
33.696792	2.251838716e-02
33.701793	4.452883848e-03
33.706793	2.943109101e-02
33.711793	3.054056783e-02
33.716793	6.280394128e-03
33.721794	-8.506906539e-04
33.726794	1.626993462e-02
33.731794	3.915525329e-02
33.736794	1.783992310e-02
33.741795	4.295179621e-03
33.746795	3.379414662e-02
33.751795	3.678652358e-02
33.756795	3.192231847e-02
33.761796	2.462924260e-02
33.766796	2.347284035e-02
33.771796	3.706665355e-02
33.776797	2.850164545e-02
33.781797	3.529782029e-02
33.786797	2.739377710e-02
33.791797	3.436394277e-02
33.796798	3.917222346e-02
33.801798	3.457400454e-02
33.806798	4.016724355e-02
33.811798	4.336960978e-02
33.816799	4.928683163e-02
33.821799	3.392718526e-02
33.826799	3.546664004e-02
33.831799	4.293277961e-02
33.836800	4.254133717e-02
33.841800	3.840209411e-02
33.846800	4.094549563e-02
33.851801	4.210297091e-02
33.856801	4.375741978e-02
33.861801	4.370895927e-02
33.866801	3.005922227e-02
33.871802	3.297660407e-02
33.876802	3.580599058e-02
33.881802	3.443060079e-02
33.886802	3.553007939e-02
33.891803	2.177534814e-02
33.896803	3.979392686e-02
33.901803	2.071447891e-02
33.906803	9.388618562e-03
33.911804	3.602973873e-02
33.916804	2.365193441e-02
33.921804	5.298447978e-03
33.926805	4.256040776e-03
33.931805	1.609718921e-03
33.936805	-7.216196543e-04
33.941805	2.199070969e-02
33.946806	3.177972648e-02
33.951806	1.044439886e-02
33.956806	3.199321780e-03
33.961806	8.629570517e-03
33.966807	1.216691997e-02
33.971807	2.293088507e-02
33.976807	1.835266626e-02
33.981807	4.817923907e-03
33.986808	2.777031484e-04
33.991808	4.970991278e-03
33.996808	2.525645007e-02
34.001809	3.239760806e-02
34.006809	8.356424709e-03
34.011809	1.775346276e-02
34.016809	3.344116624e-02
34.021810	1.437171854e-02
34.026810	2.598563877e-02
34.031810	3.979944201e-02
34.036810	3.499223577e-02
34.041811	3.350985270e-02
34.046811	3.406536127e-02
34.051811	4.665622969e-02
34.056811	4.206701197e-02
34.061812	4.527937931e-02
34.066812	3.969821442e-02
34.071812	3.427804099e-02
34.076813	4.306311200e-02
34.081813	4.417359125e-02
34.086813	4.893487635e-02
34.091813	4.588557693e-02
34.096814	4.682306548e-02
34.101814	4.765455970e-02
34.106814	4.429027713e-02
34.111814	4.246591267e-02
34.116815	3.997158388e-02
34.121815	3.964613976e-02
34.126815	4.169156955e-02
34.131815	3.727634302e-02
34.136816	3.505999956e-02
34.141816	3.975428854e-02
34.146816	3.445910890e-02
34.151816	3.810145390e-02
34.156817	2.975643654e-02
34.161817	2.937499562e-02
34.166817	3.318033203e-02
34.171818	3.892556528e-02
34.176818	3.373538023e-02
34.181818	3.104006250e-02
34.186818	3.628832227e-02
34.191819	3.169210571e-02
34.196819	3.716965333e-02
34.201819	2.970368947e-02
34.206819	3.826927289e-02
34.211820	2.340600256e-02
34.216820	3.805146264e-02
34.221820	2.600654245e-02
34.226820	2.562480190e-02
34.231821	3.767000038e-02
34.236821	1.643976885e-02
34.241821	3.717430517e-02
34.246822	2.231093503e-02
34.251822	4.779606829e-03
34.256822	3.396329381e-02
34.261822	3.429911528e-02
34.266823	2.907624402e-03
34.271823	1.689281989e-02
34.276823	3.922377149e-02
34.281823	1.689469864e-02
34.286824	-1.621476995e-03
34.291824	3.741677218e-03
34.296824	1.247015245e-02
34.301824	3.142618369e-02
34.306825	2.153284949e-02
34.311825	3.027173426e-03
34.316825	2.865321648e-03
34.321826	-1.120026727e-03
34.326826	-1.256399574e-04
34.331826	4.787538391e-03
34.336826	3.731129122e-04
34.341827	-1.814178552e-04
34.346827	9.180634223e-04
34.351827	-2.550912273e-03
34.356827	6.613566704e-04
34.361828	3.090667285e-03
34.366828	1.532590018e-03
34.371828	-1.207821565e-04
34.376828	-1.669159892e-03
34.381829	-3.552019812e-03
34.386829	-2.384741950e-03
34.391829	2.309348339e-03
34.396830	1.598026739e-04
34.401830	-1.493569360e-03
34.406830	-2.659767284e-03
34.411830	-3.825865191e-03
34.416831	-2.183396722e-02
34.421831	-3.184129481e-02
34.426831	-4.655700714e-03
34.431831	-6.596731108e-04
34.436832	-4.367835688e-03
34.441832	-2.053218604e-03
34.446832	-2.176760148e-04
34.451832	-1.121413819e-04
34.456833	-7.232686067e-04
34.461833	5.580035309e-04
34.466833	-2.815676706e-03
34.471834	-1.047230439e-03
34.476834	3.149986660e-03
34.481834	5.511652724e-04
34.486834	-3.807362493e-03
34.491835	1.383001843e-03
34.496835	2.540480716e-03
34.501835	-4.986171689e-04
34.506835	-1.043447706e-03
34.511836	-1.596477787e-03
34.516836	-1.595837297e-03
34.521836	1.249117186e-04
34.526836	8.324146504e-04
34.531837	-3.903797220e-04
34.536837	3.366222133e-04
34.541837	5.814571459e-03
34.546838	2.913937142e-02
34.551838	3.107100934e-02
34.556838	2.050093694e-03
34.561838	2.059533898e-03
34.566839	3.035586950e-02
34.571839	2.891258701e-02
34.576839	5.158191309e-03
34.581839	3.025169733e-02
34.586840	3.471640065e-02
34.591840	1.194775257e-02
34.596840	3.506176394e-02
34.601840	3.030155800e-02
34.606841	2.311418119e-02
34.611841	3.367756021e-02
34.616841	3.372579856e-02
34.621841	3.732034829e-02
34.626842	3.301911803e-02
34.631842	3.787570067e-02
34.636842	3.698738891e-02
34.641843	3.749460294e-02
34.646843	3.346085853e-02
34.651843	3.787786462e-02
34.656843	4.213247937e-02
34.661844	3.561326722e-02
34.666844	3.583439655e-02
34.671844	3.700087562e-02
34.676844	3.606416657e-02
34.681845	3.572132596e-02
34.686845	3.716499033e-02
34.691845	3.291145777e-02
34.696845	2.334370789e-02
34.701846	3.738630216e-02
34.706846	2.214005436e-02
34.711846	3.567617560e-02
34.716847	3.141364360e-02
34.721847	1.058499279e-02
34.726847	3.849764937e-02
34.731847	2.119661095e-02
34.736848	1.102619326e-02
34.741848	3.413120561e-02
34.746848	3.639732644e-02
34.751848	3.303264679e-02
34.756849	2.401926762e-02
34.761849	1.693608579e-02
34.766849	3.269968872e-02
34.771849	2.248237364e-02
34.776850	7.771097607e-03
34.781850	1.506455113e-02
34.786850	3.125883121e-02
34.791851	1.948289909e-02
34.796851	4.904816036e-03
34.801851	1.037386666e-02
34.806851	2.567859412e-02
34.811852	2.607021485e-02
34.816852	9.380944147e-03
34.821852	2.470653302e-03
34.826852	1.274714828e-02
34.831853	2.104504852e-02
34.836853	1.667682250e-02
34.841853	8.275011045e-03
34.846853	1.097234498e-03
34.851854	4.796879378e-03
34.856854	4.902515442e-03
34.861854	7.539778057e-04
34.866855	2.475527944e-03
34.871855	1.539519454e-03
34.876855	-8.410121856e-04
34.881855	3.938273391e-05
34.886856	-8.965257219e-04
34.891856	1.326096299e-02
34.896856	2.568834375e-02
34.901856	1.016491127e-02
34.906857	5.414405764e-03
34.911857	4.688586196e-03
34.916857	1.037122260e-03
34.921857	1.209754926e-03
34.926858	3.208390477e-03
34.931858	2.864750628e-03
34.936858	1.374571778e-03
34.941859	1.709495859e-03
34.946859	6.192799293e-03
34.951859	2.028329172e-02
34.956859	2.508317834e-02
34.961860	1.442538718e-02
34.966860	-1.165741550e-03
34.971860	-8.306174115e-04
34.976860	3.433597744e-03
34.981861	4.810866471e-03
34.986861	2.426467369e-02
34.991861	2.935004520e-02
34.996861	9.065866163e-03
35.001862	1.006095526e-02
35.006862	3.161725069e-02
35.011862	2.647486627e-02
35.016862	4.202293038e-03
35.021863	1.409670881e-02
35.026863	3.328293034e-02
35.031863	2.565527816e-02
35.036864	3.007158535e-02
35.041864	3.140045677e-02
35.046864	2.835236102e-02
35.051864	3.521673802e-02
35.056865	4.262428614e-02
35.061865	3.261706058e-02
35.066865	2.593625810e-02
35.071865	3.654653588e-02
35.076866	3.399541375e-02
35.081866	3.963575592e-02
35.086866	2.284059146e-02
35.091866	3.068991614e-02
35.096867	3.156951156e-02
35.101867	3.620560718e-02
35.106867	3.616895135e-02
35.111868	6.268084052e-03
35.116868	3.073952462e-02
35.121868	3.704003173e-02
35.126868	7.646537469e-03
35.131869	-4.780881085e-04
35.136869	1.692912825e-02
35.141869	3.423195016e-02
35.146869	1.482772458e-02
35.151870	1.234589913e-03
35.156870	4.772544023e-03
35.161870	2.115627653e-03
35.166870	2.010375564e-03
35.171871	2.152148006e-02
35.176871	3.401595778e-02
35.181871	9.249117502e-03
35.186872	1.955847781e-03
35.191872	2.845242818e-03
35.196872	7.363259611e-05
35.201872	-1.904619820e-03
35.206873	1.240555247e-03
35.211873	2.895109609e-03
35.216873	-2.571957214e-03
35.221873	-5.831206218e-04
35.226874	1.023736294e-03
35.231874	-5.245389583e-04
35.236874	-2.904369974e-03
35.241874	-2.401020492e-02
35.246875	-3.047201880e-02
35.251875	-9.976766557e-03
35.256875	1.246778865e-03
35.261876	-1.290052620e-02
35.266876	-3.423584891e-02
35.271876	-1.964788243e-02
35.276876	-2.622845582e-03
35.281877	-1.538372437e-02
35.286877	-3.379340269e-02
35.291877	-2.848764246e-02
35.296877	-3.129795052e-02
35.301878	-4.141097013e-02
35.306878	-3.622970327e-02
35.311878	-2.991959645e-02
35.316878	-3.886587811e-02
35.321879	-4.169498515e-02
35.326879	-3.931486928e-02
35.331879	-4.114032970e-02
35.336880	-4.694127865e-02
35.341880	-4.748530723e-02
35.346880	-4.677850233e-02
35.351880	-4.920603071e-02
35.356881	-4.289592386e-02
35.361881	-4.224491599e-02
35.366881	-4.975787386e-02
35.371881	-5.151703779e-02
35.376882	-4.726252158e-02
35.381882	-4.925937286e-02
35.386882	-4.649627732e-02
35.391882	-4.771017024e-02
35.396883	-4.074059845e-02
35.401883	-4.090254732e-02
35.406883	-3.664873106e-02
35.411884	-3.576823538e-02
35.416884	-3.218348353e-02
35.421884	-2.338870882e-02
35.426884	-3.946641109e-02
35.431885	-1.818740043e-02
35.436885	-1.470684304e-02
35.441885	-3.991405970e-02
35.446885	-1.879744040e-02
35.451886	-3.100832791e-03
35.456886	-3.393804998e-02
35.461886	-3.294296038e-02
35.466886	-5.030302564e-03
35.471887	-1.101269022e-03
35.476887	-7.408790982e-03
35.481887	-3.426911971e-02
35.486887	0.000000000e+00
