expfull_T9_run04
7197	0
0.000000	0.000000000e+00
0.005000	-1.376947017e-03
0.010000	-1.757942103e-03
0.015001	3.829410928e-04
0.020001	3.819276669e-04
0.025001	-6.120378344e-04
0.030001	1.375852746e-03
0.035002	8.318655262e-04
0.040002	3.358759902e-04
0.045002	2.768653636e-04
0.050002	-1.215076103e-03
0.055003	2.102750288e-03
0.060003	-4.971377034e-04
0.065003	-2.485055231e-03
0.070003	-7.741512827e-04
0.075004	1.710715311e-03
0.080004	1.108730891e-03
0.085004	-1.632211928e-04
0.090004	-5.823973422e-05
0.095005	-2.046157262e-03
0.100005	-5.542427435e-04
0.105005	2.485597065e-03
0.110005	1.270642230e-03
0.115006	-1.548235191e-03
0.120006	6.116470880e-04
0.125006	1.489591240e-03
0.130006	2.370535247e-03
0.135007	2.196255867e-04
0.140007	-3.308217616e-03
0.145007	-1.156334950e-03
0.150007	-1.606326705e-03
0.155007	-8.323775336e-04
0.160008	-4.974071745e-04
0.165008	1.156499526e-03
0.170008	2.102440397e-03
0.175008	-1.634637125e-04
0.180009	-9.464393955e-04
0.185009	5.544746899e-04
0.190009	1.327423910e-03
0.195009	-2.763392120e-03
0.200010	-6.115094530e-04
0.205010	2.924306419e-03
0.210010	-5.555390998e-04
0.215010	-1.653499579e-03
0.220011	-7.165582732e-04
0.225011	1.040343458e-03
0.230011	1.547305517e-03
0.235011	1.223307683e-03
0.240012	-7.746093600e-04
0.245012	-7.276250995e-04
0.250012	1.270265001e-03
0.255012	-1.318623518e-03
0.260013	-9.376553772e-04
0.265013	2.484165998e-03
0.270013	4.392512240e-04
0.275013	-2.323628897e-03
0.280014	1.548170760e-03
0.285014	-5.457416481e-04
0.290014	-1.492709413e-03
0.295014	8.781626862e-04
0.300014	-1.271747019e-03
0.305015	4.391569343e-04
0.310015	-6.128057629e-04
0.315015	-8.487687778e-07
0.320015	1.108084239e-03
0.325016	-1.156819915e-03
0.330016	-8.318490692e-04
0.335016	1.610895375e-04
0.340016	-9.161123165e-07
0.345017	-6.129000438e-04
0.350017	-1.043892711e-03
0.355017	1.720351342e-04
0.360017	2.254921136e-03
0.365018	6.099870601e-04
0.370018	-9.369517450e-04
0.375018	-3.929914669e-04
0.380018	1.709678461e-04
0.385019	9.359174585e-04
0.390019	-3.930318671e-04
0.395019	-1.712981627e-03
0.400019	7.158876774e-04
0.405020	1.825820640e-03
0.410020	-9.960566287e-04
0.415020	-4.510963973e-04
0.420020	3.338522513e-04
0.425021	-1.320081387e-03
0.430021	3.338253214e-04
0.435021	2.101726529e-03
0.440021	7.627776878e-04
0.445021	-1.731906026e-04
0.450022	-1.100159327e-03
0.455022	4.387529331e-04
0.460022	1.212702114e-03
0.465022	-7.662158373e-04
0.470023	-4.402450339e-04
0.475023	-9.472340275e-04
0.480023	-9.392478761e-04
0.485023	1.269632050e-03
0.490024	9.366346591e-04
0.495024	-1.163279822e-04
0.500024	9.916050814e-04
0.505024	-2.037262193e-03
0.510025	-2.486253984e-03
0.515025	2.186020053e-04
0.520025	1.929505968e-03
0.525025	-1.164087474e-04
0.530026	1.164515968e-03
0.535026	2.765453659e-04
0.540026	-1.387387785e-03
0.545026	2.761398515e-03
0.550027	9.924704326e-04
0.555027	-1.111441482e-03
0.560027	-3.354923916e-04
0.565027	-2.685090831e-04
0.570028	6.674322854e-04
0.575028	-2.785355156e-04
0.580028	-2.659434060e-03
0.585028	-1.053525026e-03
0.590028	3.333945774e-04
0.595029	2.763838721e-04
0.600029	-2.216055490e-04
0.605029	1.211311835e-03
0.610029	1.613490556e-04
0.615030	-1.157600741e-03
0.620030	1.546255302e-03
0.625030	7.622796859e-04
0.630030	-1.329632803e-03
0.635031	1.702813496e-04
0.640031	-1.655643976e-03
0.645031	-1.386670412e-03
0.650031	8.772068690e-04
0.655032	1.938142210e-03
0.660032	2.182117696e-04
0.665032	6.011798334e-04
0.670032	1.719112424e-03
0.675033	-9.397726964e-04
0.680033	-9.957834443e-04
0.685033	-1.052794144e-03
0.690033	1.814054038e-03
0.695034	1.604050723e-03
0.700034	-1.435816008e-03
0.705034	-1.158842825e-03
0.710034	4.950638997e-04
0.715035	-5.892281097e-05
0.720035	-2.219283920e-04
0.725035	3.142895757e-03
0.730035	9.349888738e-04
0.735035	-2.429862169e-03
0.740036	-2.372878367e-03
0.745036	5.999647029e-04
0.750036	8.299401570e-04
0.755036	1.880875988e-03
0.760037	-3.940276596e-04
0.765037	-2.936918372e-03
0.770037	1.431857325e-03
0.775037	5.528863039e-04
0.780038	-1.650924868e-04
0.785038	-6.620819431e-04
0.790038	-2.220020192e-03
0.795038	-1.388073789e-03
0.800039	2.273736032e-03
0.805039	2.818696288e-03
0.810039	-1.445111361e-03
0.815039	-7.201597920e-04
0.820040	8.867492102e-04
0.825040	-9.961733509e-04
0.830040	1.928672042e-03
0.835040	-1.274186812e-03
0.840041	-9.402163695e-04
0.845041	2.598599392e-03
0.850041	-9.952405902e-04
0.855041	-3.372857839e-04
0.860042	4.366634244e-04
0.865042	6.096416390e-04
0.870042	-1.053291536e-03
0.875042	-1.226296622e-03
0.880042	1.765545542e-03
0.885043	2.846035847e-04
0.890043	2.745906335e-04
0.895043	-1.551334672e-03
0.900043	-8.813804412e-04
0.905044	2.703433105e-03
0.910044	1.813462627e-03
0.915044	-1.388396268e-03
0.920044	-2.315364960e-03
0.925045	-9.394447993e-04
0.930045	6.564647436e-04
0.935045	2.206376507e-03
0.940045	1.326405549e-03
0.945046	-1.876453295e-03
0.950046	-2.795437981e-04
0.955046	1.593352379e-03
0.960046	-1.388517130e-03
0.965047	-1.436528240e-03
0.970047	1.603311616e-03
0.975047	1.709293074e-03
0.980047	-1.608560216e-03
0.985048	-6.636192484e-04
0.990048	4.363142386e-04
0.995048	5.522952165e-04
1.000048	7.242734922e-04
1.005049	1.032900406e-04
1.010049	-3.946993467e-04
1.015049	7.712309575e-04
1.020049	-8.347049539e-04
1.025049	-8.257188088e-04
1.030050	-1.077668813e-04
1.035050	-2.317743163e-04
1.040050	1.823113085e-03
1.045050	2.261767421e-04
1.050051	-1.054774852e-03
1.055051	-2.822702941e-03
1.060051	-1.053801734e-03
1.065051	9.920861046e-04
1.070052	-1.054828518e-03
1.075052	1.325043202e-03
1.080052	2.424976699e-03
1.085052	-7.868816960e-04
1.090053	2.840532013e-04
1.095053	-5.469201055e-04
1.100053	-3.949408538e-04
1.105053	1.590189970e-04
1.110054	-4.999626093e-04
1.115054	1.879909115e-03
1.120054	-1.330949324e-03
1.125054	-1.942933197e-03
1.130055	2.433842149e-03
1.135055	1.267885015e-03
1.140055	-1.550992341e-03
1.145055	-5.480541555e-04
1.150056	6.558743298e-04
1.155056	9.908447558e-04
1.160056	-1.771035349e-03
1.165056	-3.042987363e-03
1.170056	2.146748750e-03
1.175057	2.864700693e-03
1.180057	-8.821318698e-04
1.185057	-1.112134172e-03
1.190057	1.162742629e-03
1.195058	-3.851960619e-04
1.200058	-4.522062289e-04
1.205058	7.707213460e-04
1.210058	-1.437185490e-03
1.215059	2.167212853e-04
1.220059	1.267657163e-03
1.225059	-2.431177711e-03
1.230059	-2.802949208e-04
1.235060	6.566464609e-04
1.240060	1.985568924e-03
1.245060	9.906035505e-04
1.250060	5.363537819e-05
1.255061	2.759491386e-03
1.260061	-2.269279295e-03
1.265061	-3.703223479e-03
1.270061	-2.268306127e-03
1.275062	5.985421129e-04
1.280062	1.325493636e-03
1.285062	-4.424344260e-04
1.290062	-9.504232978e-04
1.295063	9.324724353e-04
1.300063	1.602426712e-03
1.305063	1.114852838e-04
1.310063	8.284372931e-04
1.315063	1.545389303e-03
1.320064	-1.112495800e-03
1.325064	-5.585359223e-04
1.330064	-1.332511951e-03
1.335064	-2.708458925e-03
1.340065	6.663648067e-04
1.345065	1.984287815e-03
1.350065	6.553385748e-04
1.355065	5.513302137e-04
1.360066	-3.856379439e-04
1.365066	5.983011867e-04
1.370066	6.552850575e-04
1.375066	-4.436752795e-04
1.380067	1.592822413e-04
1.385067	-6.626914631e-04
1.390067	1.937169679e-03
1.395067	-5.587232326e-04
1.400068	-8.937204387e-04
1.405068	9.901752614e-04
1.410068	-6.078738727e-05
1.415068	-3.957845912e-04
1.420069	-2.238062635e-04
1.425069	-1.379763842e-03
1.430069	1.581485601e-04
1.435069	2.654014728e-03
1.440070	-9.978223856e-04
1.445070	-3.321723591e-03
1.450070	8.850600018e-04
1.455070	3.752908219e-03
1.460070	-9.398786503e-04
1.465071	-1.437867980e-03
1.470071	-6.194775306e-05
1.475071	-3.379477956e-04
1.480071	2.204916110e-03
1.485072	3.779909247e-04
1.490072	-1.657924174e-03
1.495072	-1.494945400e-03
1.500072	-6.160011823e-04
1.505073	1.104902399e-03
1.510073	5.499158275e-04
1.515073	-5.590440062e-04
1.520073	1.047865080e-03
1.525074	-4.097503361e-06
1.530074	-8.930679525e-04
1.535074	-1.610046702e-03
1.540074	9.418167790e-04
1.545075	2.156744788e-03
1.550075	1.018306159e-04
1.555075	-1.333113478e-03
1.560075	-1.496118961e-03
1.565076	9.897477093e-04
1.570076	-1.610140156e-03
1.575076	-1.275169672e-03
1.580076	1.544680881e-03
1.585076	-5.592309200e-04
1.590077	-1.161215211e-03
1.595077	2.261606242e-03
1.600077	1.821614134e-03
1.605077	-5.592842951e-04
1.610078	-1.667244162e-03
1.615078	1.676539355e-04
1.620078	1.658568636e-03
1.625078	2.156249396e-04
1.630079	-6.237498183e-05
1.635079	-9.983431456e-04
1.640079	9.335502744e-04
1.645079	-8.363776368e-04
1.650080	-2.605305595e-03
1.655080	3.885365723e-04
1.660080	1.324478065e-03
1.665080	1.371462464e-03
1.670081	-2.327372344e-03
1.675081	-1.380431380e-03
1.680081	9.894409083e-04
1.685081	5.974464981e-04
1.690082	8.844193186e-04
1.695082	-6.645192501e-04
1.700082	4.354143346e-04
1.705082	1.486350285e-03
1.710083	-2.432473899e-03
1.715083	-9.985564311e-04
1.720083	2.375267408e-03
1.725083	8.273287963e-04
1.730083	-9.505987141e-04
1.735084	1.046291585e-03
1.740084	1.103234396e-04
1.745084	9.902676500e-04
1.750084	7.692649983e-04
1.755085	-1.333646822e-03
1.760085	1.572679023e-04
1.765085	-8.936946887e-04
1.770085	5.502223061e-04
1.775086	-1.677563546e-04
1.780086	-6.277473440e-05
1.785086	9.321639330e-04
1.790086	-1.552729445e-03
1.795087	-9.987694920e-04
1.800087	4.921452400e-04
1.805087	3.291397991e-04
1.810087	-7.218227837e-04
1.815088	4.351080707e-04
1.820088	5.500892156e-04
1.825088	-1.610819793e-03
1.830088	9.310442205e-04
1.835089	2.374961227e-03
1.840089	-9.408920353e-04
1.845089	-2.709819959e-03
1.850089	-2.249531908e-04
1.855090	1.313959235e-03
1.860090	7.109750398e-04
1.865090	1.099907491e-04
1.870090	-7.789796410e-04
1.875090	-7.789929355e-04
1.880091	-6.204083331e-05
1.885091	1.150887332e-03
1.890091	1.380862940e-03
1.895091	-1.323019849e-03
1.900092	-1.770884478e-04
1.905092	1.427820802e-03
1.910092	1.715793615e-03
1.915092	-1.381070203e-03
1.920093	-1.831061771e-03
1.925093	1.427767657e-03
1.930093	-2.214069855e-03
1.935093	-1.191842476e-04
1.940094	1.209738330e-03
1.945094	5.487569503e-04
1.950094	1.370703999e-03
1.955094	-2.822295023e-04
1.960095	7.117092468e-04
1.965095	-8.842270030e-04
1.970095	-1.219224111e-03
1.975095	-1.220237338e-03
1.980096	-9.422640284e-04
1.985096	1.811589784e-03
1.990096	1.705581628e-03
1.995096	-3.883305814e-04
2.000097	-2.108260840e-03
2.005097	-2.243650350e-04
2.010097	2.212504081e-03
2.015097	4.915738745e-04
2.020097	-9.423701827e-04
2.025098	9.956626310e-05
2.030098	-8.364018268e-04
2.035098	-1.937361952e-03
2.040098	2.145209251e-04
2.045099	1.266456892e-03
2.050099	-1.784866277e-04
2.055099	1.093438724e-03
2.060099	1.380411615e-03
2.065100	-1.046484508e-03
2.070100	-1.601470977e-03
2.075100	-1.205557084e-04
2.080100	1.574176214e-04
2.085101	-2.768454414e-03
2.090101	-7.235663624e-04
2.095101	2.709254702e-03
2.100101	2.308260807e-03
2.105102	-5.640761510e-06
2.110102	-9.426087862e-04
2.115102	-6.166377655e-04
2.120102	8.732770788e-04
2.125103	-1.206881918e-04
2.130103	-9.416618106e-04
2.135103	2.976135855e-03
2.140103	-1.994637472e-03
2.145104	-2.213640141e-03
2.150104	1.104186485e-03
2.155104	-8.377330256e-04
2.160104	2.201107069e-03
2.165104	1.772114539e-03
2.170105	-1.391745992e-03
2.175105	-1.208205666e-04
2.180105	-6.648075431e-04
2.185105	-2.248420090e-04
2.190106	8.250940862e-04
2.195106	-6.387623648e-05
2.200106	-4.448710754e-04
2.205106	-1.056854765e-03
2.210107	1.045030563e-03
2.215107	-1.162876097e-03
2.220107	-2.443827495e-03
2.225107	1.809953975e-03
2.230108	6.069988144e-04
2.235108	-2.729719336e-04
2.240108	4.909779759e-04
2.245108	-3.437845617e-03
2.250109	1.206916988e-03
2.255109	1.981866370e-03
2.260109	-9.420057239e-04
2.265109	5.093313919e-05
2.270110	-1.058026549e-03
2.275110	9.408637647e-04
2.280110	-3.980848204e-04
2.285110	-1.947023269e-03
2.290111	3.278537271e-04
2.295111	6.538247883e-04
2.300111	1.265782048e-03
2.305111	2.708699202e-03
2.310111	-2.251723974e-04
2.315112	-3.218041148e-03
2.320112	-1.212038165e-04
2.325112	1.657697126e-03
2.330112	2.707508696e-04
2.335113	-7.812115540e-04
2.340113	1.557300295e-04
2.345113	-6.182458087e-04
2.350113	-1.325224879e-03
2.355114	1.542623513e-03
2.360114	1.484613122e-03
2.365114	-3.413119388e-04
2.370114	-1.391274451e-03
2.375115	-1.683466617e-04
2.380115	2.870493483e-03
2.385115	4.425974812e-04
2.390115	-2.272284668e-03
2.395116	4.335715518e-04
2.400116	-6.663885395e-04
2.405116	6.525346234e-04
2.410116	1.255492343e-03
2.415117	-2.157356113e-03
2.420117	-8.274334772e-04
2.425117	3.184980400e-04
2.430117	9.294553789e-04
2.435118	-6.350986781e-05
2.440118	1.084686608e-04
2.445118	-7.235043537e-04
2.450118	-6.755198380e-04
2.455118	1.934341030e-03
2.460119	9.873735697e-04
2.465119	-2.835782525e-04
2.470119	5.039246506e-05
2.475119	1.092329014e-03
2.480120	1.653605933e-04
2.485120	1.819267608e-03
2.490120	5.953135238e-04
2.495120	-2.769537229e-03
2.500121	4.912922316e-04
2.505121	-6.369413652e-05
2.510121	-1.393643100e-03
2.515121	-9.446779210e-04
2.520122	4.902396722e-04
2.525122	1.160194188e-03
2.530122	-8.857202147e-04
2.535122	2.032140813e-04
2.540123	1.082055214e-04
2.545123	-3.887836357e-04
2.550123	-2.779681382e-03
2.555123	-8.377882490e-04
2.560124	3.529987800e-03
2.565124	1.598067905e-03
2.570124	-1.707785676e-03
2.575124	-5.608541686e-04
2.580125	6.530741063e-04
2.585125	-7.808698183e-04
2.590125	4.320585074e-04
2.595125	1.264005222e-03
2.600125	-1.162890773e-03
2.605126	-3.889412565e-04
2.610126	-1.670892510e-03
2.615126	-7.239513402e-04
2.620126	7.669635765e-04
2.625127	3.179721238e-04
2.630127	1.704892063e-03
2.635127	-5.040144454e-04
2.640127	-5.620247646e-04
2.645128	1.922842186e-03
2.650128	-1.690699648e-04
2.655128	-1.163035106e-03
2.660128	1.548881706e-04
2.665129	-2.841037539e-04
2.670129	3.848508481e-04
2.675129	-1.996047348e-03
2.680129	9.867955773e-04
2.685130	2.870691544e-03
2.690130	-1.106129620e-03
2.695130	-1.221137174e-03
2.700130	-2.361978146e-04
2.705131	4.897540460e-04
2.710131	7.187298944e-04
2.715131	-7.812108098e-04
2.720131	-7.912234239e-04
2.725132	3.747072067e-04
2.730132	-7.287450963e-06
2.735132	-1.661220717e-03
2.740132	1.076808152e-04
2.745132	1.149617436e-03
2.750133	7.666228321e-04
2.755133	2.126364826e-04
2.760133	2.696206461e-04
2.765133	2.216098785e-04
2.770134	-1.115338677e-03
2.775134	1.196536658e-03
2.780134	1.540506976e-03
2.785134	6.045390715e-04
2.790135	-1.001396496e-03
2.795135	-3.372295141e-03
2.800135	3.252372045e-03
2.805135	3.175006230e-04
2.810136	-3.429331609e-03
2.815136	7.104555145e-04
2.820136	-6.194933649e-04
2.825136	-2.285253026e-04
2.830137	-3.895305980e-04
2.835137	2.210330855e-03
2.840137	7.663874834e-04
2.845137	-2.445470559e-03
2.850138	1.425329557e-03
2.855138	2.143281846e-03
2.860138	-1.832539319e-03
2.865138	-1.881550010e-03
2.870139	1.320282400e-03
2.875139	4.333121559e-04
2.880139	-1.796713103e-04
2.885139	-1.164636821e-03
2.890139	-1.766620816e-03
2.895140	2.974137325e-03
2.900140	1.809180506e-03
2.905140	-3.997259263e-04
2.910140	2.692287437e-04
2.915141	1.494156581e-03
2.920141	-9.447387458e-04
2.925141	-1.948703328e-03
2.930141	-1.221751451e-03
2.935142	3.841580040e-04
2.940142	8.141242177e-04
2.945142	2.111402880e-04
2.950142	-4.468409857e-04
2.955143	-1.220816659e-03
2.960143	-6.108591270e-04
2.965143	1.368032335e-03
2.970143	1.646005894e-03
2.975144	-7.927302627e-06
2.980144	-3.329246387e-04
2.985144	5.460199186e-04
2.990144	1.148977798e-03
2.995145	-3.419632595e-04
3.000145	-9.549466899e-04
3.005145	-7.729684875e-04
3.010145	6.039520426e-04
3.015146	-1.450961789e-03
3.020146	-1.326980782e-03
3.025146	2.256833237e-03
3.030146	-6.780381187e-04
3.035146	-7.820461040e-04
3.040147	2.698772891e-03
3.045147	-7.820721086e-04
3.050147	1.491805142e-03
3.055147	8.808216323e-04
3.060148	-3.276990689e-03
3.065148	2.688251767e-04
3.070148	2.973681633e-03
3.075148	3.737941231e-04
3.080149	-1.327136773e-03
3.085149	-1.776128092e-03
3.090149	-6.771941203e-04
3.095149	2.036661909e-03
3.100150	-1.442183170e-03
3.105150	-1.164209570e-03
3.110150	2.036622961e-03
3.115150	1.205650087e-03
3.120151	-8.392641941e-04
3.125151	3.736642869e-04
3.130151	1.320605607e-03
3.135151	2.696433579e-04
3.140152	-4.483349613e-04
3.145152	-3.048222449e-03
3.150152	-1.803738344e-04
3.155152	4.082407455e-03
3.160153	-7.253734637e-04
3.165153	-2.666292750e-03
3.170153	-4.484127583e-04
3.175153	-1.546372727e-03
3.180153	1.760454710e-03
3.185154	1.424457969e-03
3.190154	-4.484645909e-04
3.195154	-1.002450808e-03
3.200154	-1.834423606e-03
3.205155	4.947251690e-05
3.210155	1.043411595e-03
3.215155	1.262388078e-03
3.220155	3.254203536e-04
3.225156	9.641846138e-05
3.230156	2.014004511e-04
3.235156	-1.499530395e-03
3.240156	-5.525890395e-04
3.245157	7.653344127e-04
3.250157	-1.236356180e-04
3.255157	-2.856407340e-04
3.260157	3.253168447e-04
3.265158	1.654239773e-03
3.270158	-8.692896329e-06
3.275158	9.862461545e-04
3.280158	-6.571599949e-05
3.285159	-3.823547553e-03
3.290159	-1.164688806e-03
3.295159	1.702159904e-03
3.300159	1.032179320e-03
3.305160	-8.977404512e-04
3.310160	7.751658893e-04
3.315160	2.487070349e-03
3.320160	7.091432472e-04
3.325160	-1.013786508e-03
3.330161	-1.557773162e-03
3.335161	-8.308211570e-04
3.340161	1.531184466e-04
3.345161	1.149057473e-03
3.350162	8.230603035e-04
3.355162	-2.829776294e-03
3.360162	2.110640398e-04
3.365162	1.873970881e-03
3.370163	1.921955669e-03
3.375163	8.229958153e-04
3.380163	-2.714846324e-03
3.385163	-1.556915103e-03
3.390164	1.644917471e-03
3.395164	-1.061964770e-03
3.400164	-1.939935281e-03
3.405164	1.597881082e-03
3.410165	-3.659878035e-03
3.415165	2.418815696e-03
3.420165	4.081722557e-03
3.425165	-3.048946160e-03
3.430166	-2.599980705e-03
3.435166	9.278361508e-04
3.440166	3.308708366e-03
3.445166	9.368099745e-04
3.450167	-8.991142838e-04
3.455167	-5.631433666e-04
3.460167	-1.003134996e-03
3.465167	1.204745577e-03
3.470167	8.227511522e-04
3.475168	-3.547050800e-03
3.480168	8.707231181e-04
3.485168	2.151648438e-03
3.490168	2.677265100e-04
3.495169	-1.060222250e-03
3.500169	-2.103184763e-03
3.505169	-1.338234533e-03
3.510169	3.156727938e-04
3.515170	3.470507680e-03
3.520170	-3.913187737e-04
3.525170	-1.224291413e-03
3.530170	3.250479772e-03
3.535171	2.094522725e-03
3.540171	-1.950294889e-03
3.545171	-1.118347879e-03
3.550171	-7.263796305e-04
3.555172	-1.386360608e-03
3.560172	1.434490414e-03
3.565172	8.125076053e-04
3.570172	-1.835377421e-03
3.575173	3.255054594e-04
3.580173	3.469340900e-03
3.585173	-4.014850963e-04
3.590173	-4.100319392e-03
3.595174	-4.495084150e-04
3.600174	1.701374957e-03
3.605174	1.654364413e-03
3.610174	4.742915923e-05
3.615174	-8.995379456e-04
3.620175	1.054007429e-04
3.625175	-1.997510567e-03
3.630175	5.453538976e-04
3.635175	1.089314841e-03
3.640176	-1.453575228e-03
3.645176	-1.108604677e-03
3.650176	-5.066465277e-04
3.655176	1.424247482e-03
3.660177	1.596226388e-03
3.665177	4.882670722e-04
3.670177	-4.596999641e-04
3.675177	-1.549660145e-03
3.680178	8.802097911e-04
3.685178	1.530165637e-03
3.690178	-1.338708680e-03
3.695178	-1.167729713e-03
3.700179	-1.558723620e-03
3.705179	1.204130254e-03
3.710179	-1.148188617e-04
3.715179	-9.457915280e-04
3.720180	-3.448333044e-04
3.725180	-1.721779616e-03
3.730180	2.647996710e-03
3.735180	1.702029602e-03
3.740181	1.367033006e-03
3.745181	2.670733341e-04
3.750181	-3.546755352e-03
3.755181	7.640238309e-04
3.760181	4.290272433e-04
3.765182	-2.504843908e-03
3.770182	-2.769641886e-04
3.775182	1.815922048e-03
3.780182	1.585920401e-03
3.785183	-1.730074517e-04
3.790183	5.439452000e-04
3.795183	-7.840034496e-04
3.800183	9.848984337e-04
3.805184	2.637805917e-03
3.810184	-8.420388654e-04
3.815184	-2.991947835e-03
3.820184	-3.097955452e-03
3.825185	7.158477438e-04
3.830185	2.025771791e-03
3.835185	1.528783051e-03
3.840185	2.198335016e-04
3.845186	-8.421279665e-04
3.850186	1.423749950e-03
3.855186	-8.891511383e-04
3.860186	-2.301956604e-04
3.865187	-1.281157652e-03
3.870187	-1.501159747e-03
3.875187	2.589630100e-03
3.880187	8.207027667e-04
3.885188	4.297089300e-04
3.890188	-6.727978897e-05
3.895188	-1.167239404e-03
3.900188	-5.072839584e-04
3.905188	-2.114219100e-03
3.910189	-1.339269201e-03
3.915189	9.276086922e-04
3.920189	1.538566510e-03
3.925189	-4.503501873e-04
3.930190	-1.339319972e-03
3.935190	1.977507254e-03
3.940190	-5.073854994e-04
3.945190	1.261516440e-03
3.950191	2.034466452e-03
3.955191	-1.444378323e-03
3.960191	-8.414201026e-04
3.965191	-2.056374139e-03
3.970192	-1.166429767e-03
3.975192	2.035403025e-03
3.980192	-1.835025504e-04
3.985192	2.664630637e-04
3.990193	-4.505149979e-04
3.995193	-1.396482005e-03
4.000193	3.307278306e-03
4.005193	2.484305366e-03
4.010194	-3.156435042e-03
4.015194	-2.228492486e-03
4.020194	1.748302921e-03
4.025194	-8.325851655e-04
4.030195	1.156306191e-03
4.035195	5.913208114e-04
4.040195	-6.806304442e-04
4.045195	-7.846380684e-04
4.050195	-1.663608287e-03
4.055196	-1.070070456e-05
4.060196	2.427168994e-03
4.065196	1.652193762e-03
4.070196	-1.005690589e-03
4.075197	-7.947134041e-04
4.080197	-8.997209658e-04
4.085197	-1.157714308e-04
4.090197	9.831629035e-04
4.095198	-1.727939281e-04
4.100198	6.011560957e-04
4.105198	1.480101054e-03
4.110198	-7.278049992e-04
4.115199	4.614503072e-05
4.120199	-1.501792872e-03
4.125199	-6.798451541e-04
4.130199	5.910808956e-04
4.135200	-1.166846865e-03
4.140200	1.424015482e-03
4.145200	-1.259223136e-04
4.150200	-2.717809817e-03
4.155201	8.200068316e-04
4.160201	-7.269311024e-04
4.165201	6.009922109e-04
4.170201	2.253899841e-03
4.175202	-7.949655964e-04
4.180202	2.669705611e-04
4.185202	1.489898950e-03
4.190202	-1.062990419e-03
4.195202	-1.820455197e-04
4.200203	3.239174801e-04
4.205203	-1.388012472e-03
4.210203	-1.006043483e-03
4.215203	1.642816096e-03
4.220204	1.518754850e-04
4.225204	-1.618051659e-03
4.230204	2.368743352e-03
4.235204	4.858216654e-04
4.240205	-2.391052046e-03
4.245205	-2.211693356e-04
4.250205	2.253698656e-03
4.255205	6.487635618e-04
4.260206	1.700700236e-03
4.265206	-9.001867851e-04
4.270206	-5.082182536e-04
4.275206	-5.082308011e-04
4.280207	-3.548096628e-03
4.285207	1.316656031e-03
4.290207	6.006780463e-04
4.295207	9.368997657e-05
4.300208	3.247525220e-03
4.305208	1.036644227e-04
4.310208	-3.270185272e-03
4.315208	-1.330291431e-03
4.320209	1.316568290e-03
4.325209	-1.120326620e-03
4.330209	3.660501603e-05
4.335209	1.145538971e-03
4.340209	-7.853803531e-04
4.345210	-5.942790889e-05
4.350210	-8.904003177e-04
4.355210	8.105050748e-04
4.360210	7.044976800e-04
4.365211	-7.854429173e-04
4.370211	-6.704609737e-04
4.375211	-1.168449443e-03
4.380211	-2.885044160e-04
4.385212	2.359355285e-03
4.390212	1.144401427e-03
4.395212	-7.765183564e-04
4.400212	4.854082432e-04
4.405213	-7.955424234e-04
4.410213	3.233910821e-04
4.415213	3.233785956e-04
4.420213	-2.717487122e-03
4.425214	1.480297790e-03
4.430214	2.856218900e-03
4.435214	-1.341590971e-03
4.440214	2.093216984e-04
4.445215	-6.706483038e-04
4.450215	5.422806828e-04
4.455215	4.372732817e-04
4.460215	-2.994573548e-03
4.465216	1.145214181e-03
4.470216	2.588132076e-03
4.475216	-1.665675075e-03
4.480216	-2.506646943e-03
4.485216	1.919126991e-03
4.490217	2.808071633e-03
4.495217	-1.005756745e-03
4.500217	-3.050670496e-03
4.505217	4.516763649e-05
4.510218	3.221418237e-04
4.515218	4.851215151e-04
4.520218	1.601247609e-04
4.525218	-1.674799115e-03
4.530219	-5.178673893e-04
4.535219	7.050611528e-04
4.540219	1.593005865e-03
4.545219	-7.288944974e-04
4.550220	-6.709097225e-04
4.555220	1.153989775e-03
4.560220	1.640953849e-03
4.565220	8.669787856e-04
4.570221	-6.798850574e-05
4.575221	-3.930814482e-03
4.580221	1.019784629e-04
4.585221	4.681745010e-03
4.590222	-4.620191346e-04
4.595222	-1.999957312e-03
4.600222	-1.999969715e-03
4.605222	6.468901330e-04
4.610223	2.760775708e-03
4.615223	-2.936961689e-03
4.620223	-8.440750960e-04
4.625223	3.352709955e-03
4.630223	-1.226081440e-03
4.635224	-1.274091511e-03
4.640224	2.080734184e-03
4.645224	1.086769774e-03
4.650224	-5.081656267e-04
4.655225	1.144742218e-03
4.660225	-3.481981016e-04
4.665225	-6.141976368e-04
4.670225	1.326696315e-03
4.675226	-2.902380128e-04
4.680226	-3.386100958e-03
4.685226	-8.432360532e-04
4.690226	-5.102644860e-04
4.695227	-1.752930129e-04
4.700227	1.029636474e-03
4.705227	-1.283264249e-03
4.710227	-5.563116877e-04
4.715228	-6.723184388e-04
4.720228	-9.593169346e-04
4.725228	2.855486599e-03
4.730228	2.367497809e-03
4.735229	-3.943812305e-04
4.740229	-5.093880181e-04
4.745229	-1.844160388e-04
4.750229	-1.174316054e-04
4.755229	-2.001353009e-03
4.760230	6.945045464e-04
4.765230	-1.174685903e-04
4.770230	-1.174809139e-04
4.775230	8.674592264e-04
4.780231	-2.450392957e-03
4.785231	2.032378365e-03
4.790231	1.928371071e-03
4.795231	-4.045286445e-04
4.800232	-1.745520541e-04
4.805232	-1.330508569e-03
4.810232	-1.258448393e-05
4.815232	-2.905833690e-04
4.820233	8.093512426e-04
4.825233	1.421309409e-03
4.830233	1.096312799e-03
4.835233	-1.176409025e-04
4.840234	5.993122032e-04
4.845234	-1.895579669e-03
4.850234	-2.612557350e-03
4.855234	2.750171535e-03
4.860235	1.012871020e-04
4.865235	-1.619642116e-03
4.870235	-6.237024611e-04
4.875235	9.342100728e-04
4.880236	1.143187715e-03
4.885236	-1.277632112e-04
4.890236	-1.757731604e-04
4.895236	4.851826747e-04
4.900236	-1.847972503e-04
4.905237	-2.106716748e-03
4.910237	9.341242294e-04
4.915237	1.478085721e-03
4.920237	-2.328439529e-04
4.925238	1.803045536e-03
4.930238	-5.678522799e-04
4.935238	-3.214736773e-03
4.940238	8.670539783e-04
4.945239	5.990546738e-04
4.950239	-4.529067904e-04
4.955239	3.690413039e-04
4.960239	1.590392075e-04
4.965240	-2.555841989e-03
4.970240	4.839990667e-04
4.975240	2.586885346e-03
4.980240	-1.340937300e-03
4.985241	-2.900002428e-04
4.990241	-4.050069093e-04
4.995241	9.239167357e-04
5.000241	8.759068406e-04
5.005242	3.209214172e-04
5.010242	-2.330640521e-04
5.015242	-6.720550690e-04
5.020242	-4.530778402e-04
5.025243	-6.820789872e-04
5.030243	1.190818420e-03
5.035243	5.408375968e-04
5.040243	3.788332236e-04
5.045243	-8.351203748e-04
5.050244	-1.284110892e-03
5.055244	1.860725139e-03
5.060244	-1.562121840e-03
5.065244	-5.111847435e-04
5.070245	3.696599991e-03
5.075245	-7.871957738e-04
5.080245	-1.839157173e-03
5.085245	3.787236115e-04
5.090246	-5.682428504e-04
5.095246	4.836942134e-04
5.100246	7.036714342e-04
5.105246	3.569151463e-05
5.110247	4.836577366e-04
5.115247	-8.932879597e-04
5.120247	1.535582659e-03
5.125247	1.420576061e-03
5.130248	-1.782281501e-03
5.135248	-4.533577852e-04
5.140248	-1.943298015e-03
5.145248	-9.023603950e-04
5.150249	2.251475249e-03
5.155249	4.356967911e-05
5.160249	5.415335135e-04
5.165249	4.265269353e-04
5.170250	-2.556341223e-03
5.175250	-2.164372265e-03
5.180250	3.684933649e-04
5.185250	5.414728974e-04
5.190250	1.200428977e-03
5.195251	-2.335139275e-04
5.200251	-9.504914336e-04
5.205251	9.804032636e-04
5.210251	-1.755530501e-04
5.215252	8.083873570e-04
5.220252	6.453831238e-04
5.225252	-1.609520142e-03
5.230252	-5.675825260e-04
5.235253	2.251269330e-03
5.240253	-6.726016403e-04
5.245253	-6.826132448e-04
5.250253	2.471222451e-03
5.255254	-1.667589872e-03
5.260254	-2.498561845e-03
5.265254	9.232609234e-04
5.270254	4.832700850e-04
5.275255	-1.944624805e-03
5.280255	1.142214140e-03
5.285255	-5.687153492e-04
5.290255	-1.666674420e-03
5.295256	1.535158982e-03
5.300256	5.401949448e-04
5.305256	-5.677636360e-04
5.310256	-6.257728898e-04
5.315257	2.308073457e-03
5.320257	5.981439387e-04
5.325257	-1.383856982e-05
5.330257	-6.828183247e-04
5.335257	-2.335750587e-03
5.340258	1.754039982e-03
5.345258	5.980837393e-04
5.350258	-1.666818978e-03
5.355258	1.142033423e-03
5.360259	2.470957256e-03
5.365259	-1.724852259e-03
5.370259	-9.509016352e-04
5.375259	2.365926259e-03
5.380260	-8.459307375e-04
5.385260	-4.629612354e-04
5.390260	8.749621786e-04
5.395260	-1.552932648e-03
5.400261	1.916887876e-03
5.405261	5.879400139e-04
5.410261	-2.670914698e-03
5.415261	-7.300203734e-04
5.420262	2.470813144e-03
5.425262	2.585795601e-03
5.430262	-3.933901716e-03
5.435262	-2.231995846e-03
5.440263	9.238398540e-04
5.445263	-4.541056215e-04
5.450263	1.093807690e-03
5.455263	8.178090342e-04
5.460264	4.383441629e-05
5.465264	2.628118764e-04
5.470264	-1.400119831e-03
5.475264	-1.563123929e-03
5.480264	1.036738626e-03
5.485265	3.687589058e-04
5.490265	-2.060135821e-03
5.495265	2.087652031e-03
5.500265	1.639661702e-03
5.505266	3.207134111e-04
5.510266	-7.782454944e-04
5.515266	-2.509173895e-03
5.520266	3.106780638e-04
5.525267	1.209622738e-03
5.530267	9.216247024e-04
5.535267	3.106422584e-04
5.540267	7.696081762e-04
5.545268	2.626207184e-04
5.550268	-1.734294826e-03
5.555268	-1.945296564e-03
5.560268	2.145872706e-04
5.565269	1.371519515e-03
5.570269	6.925403719e-04
5.575269	1.084509543e-03
5.580269	1.592473117e-03
5.585270	-1.944368083e-03
5.590270	-6.744412786e-04
5.595270	4.824909822e-04
5.600270	-2.720366330e-03
5.605271	1.313427085e-03
5.610271	1.639399461e-03
5.615271	-1.453260148e-05
5.620271	1.484476461e-04
5.625271	-1.295494546e-03
5.630272	1.811343623e-03
5.635272	5.403930869e-04
5.640272	-1.611514927e-03
5.645272	9.793481534e-04
5.650273	-2.060516997e-03
5.655273	-2.270518728e-03
5.660273	8.083208078e-04
5.665273	8.643062445e-04
5.670274	4.243156222e-04
5.675274	-1.467504553e-05
5.680274	1.209254029e-03
5.685274	1.199242662e-03
5.690275	-1.735627534e-03
5.695275	-9.036795322e-04
5.700275	1.582573720e-04
5.705275	5.972243466e-04
5.710276	1.753156720e-03
5.715276	6.551978794e-04
5.720276	-1.505709655e-03
5.725276	-1.840705314e-03
5.730277	3.219246615e-05
5.735277	-9.617713822e-04
5.740277	4.351493766e-04
5.745277	1.094105756e-03
5.750278	-4.648308156e-04
5.755278	2.146031361e-03
5.760278	1.649043540e-03
5.765278	-7.898505517e-04
5.770278	-1.506827749e-03
5.775279	-2.949769905e-03
5.780279	-1.492335110e-05
5.785279	2.642936574e-03
5.790279	-2.339363647e-04
5.795280	9.789933056e-04
5.800280	5.870004401e-04
5.805280	-1.285920946e-03
5.810280	6.539736463e-04
5.815281	-9.619601373e-04
5.820281	-6.839853272e-04
5.825281	-5.120053985e-04
5.830281	-1.066990380e-03
5.835282	-8.950104456e-04
5.840282	1.150879048e-03
5.845282	1.361857106e-03
5.850282	-1.228029650e-03
5.855283	7.118649677e-04
5.860283	5.288620497e-04
5.865283	-5.700966569e-04
5.870283	3.768458942e-04
5.875284	1.361786614e-03
5.880284	-1.201535992e-04
5.885284	-9.521251803e-04
5.890284	5.297915619e-04
5.895285	-7.321592606e-04
5.900285	-4.551843562e-04
5.905285	2.919641034e-03
5.910285	1.591693405e-03
5.915285	-1.401173863e-03
5.920286	-1.345188281e-03
5.925286	-2.778130833e-03
5.930286	5.966945710e-04
5.935286	1.753627025e-03
5.940287	-1.840211223e-03
5.945287	-6.272814666e-04
5.950287	-6.272931644e-04
5.955287	7.016309997e-04
5.960288	9.306082556e-04
5.965288	-1.391291368e-03
5.970288	3.262822020e-05
5.975288	1.197560311e-03
5.980289	7.015725691e-04
5.985289	-1.171348713e-03
5.990289	-1.204111109e-04
5.995289	6.435403451e-04
6.000290	-1.784354142e-03
6.005290	1.475476857e-03
6.010290	1.093483630e-03
6.015290	-1.229415916e-03
6.020291	-1.548616307e-05
6.025291	-2.344872474e-04
6.030291	-1.182453145e-03
6.035291	-4.654993974e-04
6.040292	8.174270368e-04
6.045292	3.194394296e-04
6.050292	5.284177037e-04
6.055292	-9.525224555e-04
6.060292	-2.108478297e-03
6.065293	1.036358287e-03
6.070293	2.632269633e-03
6.075293	-2.926008232e-04
6.080293	-1.669545987e-03
6.085294	1.463547502e-04
6.090294	1.141295114e-03
6.095294	1.463315227e-04
6.100294	-1.286610926e-03
6.105295	5.962865891e-04
6.110295	1.924210893e-03
6.115295	-3.976886415e-04
6.120295	-9.526734531e-04
6.125296	-1.679649961e-03
6.130296	-1.459672170e-03
6.135296	4.242253155e-04
6.140296	2.030136221e-03
6.145297	-7.327420123e-04
6.150297	-9.517430221e-04
6.155297	1.485127786e-03
6.160297	7.001540987e-04
6.165298	1.638097258e-03
6.170298	-3.498183631e-04
6.175298	9.781059800e-04
6.180298	-1.287796218e-03
6.185299	-3.772687844e-03
6.190299	1.973023284e-03
6.195299	-4.078733547e-04
6.200299	-2.358932050e-04
6.205299	2.306972517e-03
6.210300	-2.929135431e-04
6.215300	-9.518932781e-04
6.220300	2.130389591e-04
6.225300	6.430066723e-04
6.230301	8.059872746e-04
6.235301	-1.057934292e-03
6.240301	-1.229937515e-03
6.245301	1.082939332e-03
6.250302	9.209356314e-04
6.255302	7.579319826e-04
6.260302	-4.560209392e-04
6.265302	1.479384007e-04
6.270303	1.695852184e-03
6.275303	-6.507432922e-05
6.280303	-2.826952528e-03
6.285303	5.288740052e-04
6.290304	2.297777135e-03
6.295304	-1.287061335e-03
6.300304	-1.288072775e-03
6.305304	1.558460488e-04
6.310305	-5.611308288e-04
6.315305	4.082863834e-05
6.320305	3.181759697e-05
6.325305	2.517955066e-04
6.330306	2.607836026e-04
6.335306	-1.775129601e-03
6.340306	4.077129054e-05
6.345306	-1.355172795e-03
6.350306	-2.941107708e-03
6.355307	2.526616938e-03
6.360307	3.683549647e-03
6.365307	-5.602569742e-04
6.370307	1.035654554e-03
6.375308	8.146537784e-04
6.380308	-2.559194822e-03
6.385308	1.637591184e-03
6.390308	1.693577049e-03
6.395309	-2.167248038e-03
6.400309	-1.679283017e-03
6.405309	-1.313691501e-04
6.410309	2.136027795e-04
6.415310	9.859691290e-05
6.420310	-9.623632942e-04
6.425310	8.625372162e-04
6.430310	1.808480152e-03
6.435311	-4.554219854e-04
6.440311	7.015107737e-04
6.445311	4.225128410e-04
6.450311	-6.194482643e-04
6.455312	-8.474486522e-04
6.460312	-1.240441074e-03
6.465312	9.784404465e-04
6.470312	1.564687360e-04
6.475313	5.944362179e-04
6.480313	5.374275929e-04
6.485313	-1.670477216e-03
6.490313	8.053919161e-04
6.495313	-4.085608597e-04
6.500314	-8.965486709e-04
6.505314	3.183813299e-04
6.510314	4.233649053e-04
6.515314	6.423429820e-04
6.520315	2.033528186e-04
6.525315	4.803281023e-04
6.530315	1.197282154e-03
6.535315	4.132660411e-05
6.540316	-6.766500814e-04
6.545316	-1.669326944e-05
6.550316	-2.061605904e-03
6.555316	2.602707018e-04
6.560317	2.688142195e-03
6.565317	-9.536933548e-04
6.570317	-3.417342104e-04
6.575317	1.932286535e-04
6.580318	-6.857402362e-04
6.585318	1.552078657e-04
6.590318	-1.278734232e-03
6.595318	-5.137824556e-04
6.600319	3.651638219e-04
6.605319	-1.182772764e-03
6.610319	1.590082111e-03
6.615319	1.761062568e-03
6.620320	-2.616737426e-03
6.625320	-9.628285357e-04
6.630320	3.346952172e-03
6.635320	2.029004505e-03
6.640320	-1.727825446e-03
6.645321	-6.768874412e-04
6.650321	-1.172874770e-03
6.655321	8.050185019e-04
6.660321	6.420151076e-04
6.665322	-1.335900687e-03
6.670322	6.419925952e-04
6.675322	3.659946643e-04
6.680322	1.549935995e-04
6.685323	-9.549640739e-04
6.690323	8.159392114e-04
6.695323	-6.280023359e-04
6.700323	-1.288981669e-03
6.705324	1.254884319e-03
6.710324	-7.506272081e-05
6.715324	-7.350420929e-04
6.720324	-6.860556800e-04
6.725325	-5.710724491e-04
6.730325	-8.960679794e-04
6.735325	1.310814293e-03
6.740325	1.913773981e-03
6.745326	-1.785058701e-03
6.750326	6.518124803e-04
6.755326	1.865742690e-03
6.760326	3.658038880e-04
6.765327	5.277848767e-04
6.770327	-1.174144170e-03
6.775327	-1.728128619e-03
6.780327	-1.069171607e-03
6.785327	1.254705052e-03
6.790328	8.147151107e-04
6.795328	-3.115106391e-03
6.800328	4.797089357e-04
6.805328	3.022575038e-03
6.810329	-1.843201280e-03
6.815329	-1.116247527e-03
6.820329	-1.223066565e-04
6.825329	-1.461253186e-03
6.830330	7.476290518e-04
6.835330	-1.231286583e-03
6.840330	5.366169451e-04
6.845330	3.471464154e-03
6.850331	9.775733844e-04
6.855331	8.760520461e-05
6.860331	-6.773690047e-04
6.865331	-9.533668111e-04
6.870332	1.196518301e-03
6.875332	2.595524027e-04
6.880332	-1.231386755e-03
6.885332	1.081490500e-03
6.890333	-1.804597024e-04
6.895333	-1.393412267e-03
6.900333	-9.064468743e-04
6.905333	1.808410993e-03
6.910334	-1.068461253e-03
6.915334	-2.398408157e-03
6.920334	3.739284517e-03
6.925334	2.086353208e-03
6.930334	-3.497388377e-03
6.935335	-5.725406255e-04
6.940335	2.907280344e-03
6.945335	-1.126536038e-03
6.950335	-1.174544792e-03
6.955336	2.593749328e-04
6.960336	-1.613545735e-03
6.965336	-5.146098355e-04
6.970336	-4.096259597e-04
6.975337	2.200237022e-03
6.980337	2.630205219e-03
6.985337	-1.738594969e-03
6.990337	-8.396494000e-04
6.995338	1.808211761e-03
7.000338	-9.546659262e-04
7.005338	-1.566647423e-03
7.010338	-4.667115412e-04
7.015339	3.172395946e-04
7.020339	1.750159411e-03
7.025339	5.842046659e-04
7.030339	-1.336713638e-03
7.035340	-2.947749403e-04
7.040340	-7.437642799e-04
7.045340	-2.943669108e-03
7.050340	3.299018586e-03
7.055341	3.080018156e-03
7.060341	-1.901752396e-03
7.065341	-1.318488128e-04
7.070341	1.761048837e-03
7.075341	-8.978338184e-04
7.080342	-3.287729453e-03
7.085342	6.410699445e-04
7.090342	2.256980977e-03
7.095342	-4.099012789e-04
7.100343	-1.183874892e-03
7.105343	-3.429264463e-04
7.110343	1.310982766e-03
7.115343	1.450280815e-04
7.120344	-2.560852275e-03
7.125344	1.253952652e-03
7.130344	2.629875295e-03
7.135344	5.359654118e-04
7.140345	-4.010003074e-04
7.145345	-5.720029922e-04
7.150345	9.695378583e-05
7.155345	-5.730248091e-04
7.160346	-2.177958275e-03
7.165346	-8.400337745e-04
7.170346	2.190809021e-03
7.175346	1.195846125e-03
7.180347	8.698509453e-04
7.185347	-1.175061268e-03
7.190347	-2.178023767e-03
7.195347	1.918509471e-04
7.200348	2.256740385e-03
7.205348	1.205780213e-03
7.210348	-3.521554872e-04
7.215348	-1.739099437e-03
7.220348	-2.514072919e-03
7.225349	1.483723245e-03
7.230349	4.317631379e-04
7.235349	-1.520153529e-03
7.240349	1.437552899e-04
7.245350	-1.892157316e-03
7.250350	-1.127205102e-03
7.255350	1.416661256e-03
7.260350	2.084618159e-03
7.265351	-2.382805822e-04
7.270351	1.807609821e-03
7.275351	-4.002944626e-04
7.280351	-2.838187643e-03
7.285352	1.414596256e-03
7.290352	-9.543002474e-04
7.295352	-6.203272008e-04
7.300352	1.252571573e-03
7.305353	-8.493378057e-04
7.310353	-2.383781174e-04
7.315353	-3.533833869e-04
7.320353	-7.923730159e-04
7.325354	3.165626482e-04
7.330354	8.125279008e-04
7.335354	1.519482973e-03
7.340354	7.465094782e-04
7.345355	-2.274355519e-03
7.350355	-1.280414287e-03
7.355355	1.301450307e-03
7.360355	1.692420648e-03
7.365355	-4.584863236e-04
7.370356	-1.843430261e-03
7.375356	1.090417359e-03
7.380356	-1.071489071e-03
7.385356	-5.155266757e-04
7.390357	2.467318590e-03
7.395357	4.204066203e-04
7.400357	9.641149748e-05
7.405357	-4.005752723e-04
7.410358	-2.178500214e-03
7.415358	1.243323882e-03
7.420358	8.123339375e-04
7.425358	-1.280575791e-03
7.430359	8.133124086e-04
7.435359	-1.844570045e-03
7.440359	-1.906606023e-04
7.445359	4.792963339e-04
7.450360	-4.586691202e-04
7.455360	1.472226964e-03
7.460360	-1.337062435e-04
7.465360	-4.107035884e-04
7.470361	1.532584815e-04
7.475361	1.032205352e-03
7.480361	-9.547094531e-04
7.485361	-6.777335212e-04
7.490362	1.357157569e-03
7.495362	-7.678391494e-05
7.500362	1.148146275e-03
7.505362	1.530117153e-03
7.510362	-6.317891843e-04
7.515363	-1.624751938e-03
7.520363	-2.120738674e-03
7.525363	4.301275380e-04
7.530363	2.743005240e-03
7.535364	-1.346808030e-03
7.540364	-1.844794655e-03
7.545364	8.610149351e-05
7.550364	9.280502037e-04
7.555365	1.032034535e-03
7.560365	9.750266408e-04
7.565365	1.148007649e-03
7.570365	-1.404879775e-03
7.575366	-2.561834569e-03
7.580366	-5.159439456e-04
7.585366	1.413952280e-03
7.590366	1.643930556e-03
7.595367	-1.231941261e-03
7.600367	1.032938808e-03
7.605367	2.025880270e-03
7.610367	-2.341919529e-03
7.615368	-7.360076439e-04
7.620368	8.119070436e-04
7.625368	-1.127009974e-03
7.630368	-6.880417559e-04
7.635369	1.088861890e-03
7.640369	-4.590739867e-04
7.645369	5.268678425e-04
7.650369	3.638651291e-04
7.655369	-2.611001866e-03
7.660370	9.485696212e-05
7.665370	1.529777136e-03
7.670370	-2.284049356e-03
7.675370	-1.960075555e-03
7.680371	1.414751000e-03
7.685371	2.577962852e-04
7.690371	-9.561556751e-04
7.695371	-5.151875063e-04
7.700372	1.414708803e-03
7.705372	6.977328675e-04
7.710372	-4.592218292e-04
7.715372	2.188639839e-03
7.720373	-7.352295705e-04
7.725373	-8.412349801e-04
7.730373	1.088661351e-03
7.735373	-7.462606048e-04
7.740374	-1.070255482e-03
7.745374	-1.931671669e-05
7.750374	8.596303535e-04
7.755374	-7.843008062e-04
7.760375	3.626333371e-04
7.765375	3.518470525e-03
7.770375	-2.504249282e-03
7.775375	-1.903288777e-03
7.780376	6.495775241e-04
7.785376	-7.639791851e-05
7.790376	-1.914028458e-04
7.795376	6.395465742e-04
7.800376	8.695250038e-04
7.805377	-1.337378947e-03
7.810377	5.825179261e-04
7.815377	9.164913474e-04
7.820377	-1.814661155e-04
7.825378	-1.344788354e-04
7.830378	-3.544786655e-04
7.835378	-1.835417633e-03
7.840378	3.154681141e-04
7.845379	6.974392412e-04
7.850379	1.194404822e-03
7.855379	1.309388842e-03
7.860379	-1.615480415e-03
7.865380	-7.935305088e-04
7.870380	1.748336390e-03
7.875380	-2.400473783e-03
7.880380	-1.915908058e-04
7.885381	2.580265004e-03
7.890381	-7.845829961e-04
7.895381	1.032318911e-03
7.900381	2.835697147e-05
7.905382	-1.243592030e-03
7.910382	2.573251393e-04
7.915382	1.759242265e-03
7.920382	-2.396716392e-04
7.925382	-1.916843327e-04
7.930383	8.122568386e-04
7.935383	-6.326837914e-04
7.940383	-3.499555788e-03
7.945383	-1.013686131e-03
7.950384	2.131151725e-03
7.955384	1.759159325e-03
7.960384	-1.960671489e-03
7.965384	-1.186719191e-03
7.970385	3.527042956e-03
7.975385	-9.557510222e-04
7.980385	-2.967931627e-04
7.985385	2.847044768e-03
7.990386	-1.128773668e-03
7.995386	-2.667709716e-03
8.000386	2.695021132e-03
8.005386	2.628014049e-03
8.010387	-8.038306272e-04
8.015387	-1.248737065e-04
8.020387	2.100998203e-04
8.025387	-4.118804619e-04
8.030388	8.590478988e-04
8.035388	-6.798881190e-04
8.040388	-6.788984573e-04
8.045388	2.025960706e-03
8.050389	-5.749240454e-04
8.055389	-1.672881332e-03
8.060389	-5.749445989e-04
8.065389	-1.129928084e-03
8.070389	-8.509518167e-04
8.075390	4.199765782e-04
8.080390	1.805899427e-03
8.085390	-2.970093330e-04
8.090390	-6.800011004e-04
8.095391	1.308892657e-03
8.100391	-4.600322107e-04
8.105391	-1.625986177e-03
8.110391	-9.090310181e-04
8.115392	-1.234025566e-03
8.120392	2.302793501e-03
8.125392	1.632815611e-03
8.130392	-1.186058558e-03
8.135393	2.098638501e-04
8.140393	-2.881223289e-04
8.145393	1.251793137e-03
8.150393	-2.015567918e-05
8.155394	-7.371312771e-04
8.160394	4.777998855e-04
8.165394	-1.799100415e-03
8.170394	-2.458078801e-03
8.175395	1.309729159e-03
8.180395	4.767591788e-04
8.185395	-5.662006624e-04
8.190395	4.767388245e-04
8.195396	-7.724460946e-05
8.200396	-1.832496612e-04
8.205396	-2.502565912e-04
8.210396	-8.512377453e-04
8.215396	3.146958247e-04
8.220397	2.302589727e-03
8.225397	-6.802764544e-04
8.230397	-2.840182352e-03
8.235397	1.426635407e-04
8.240398	4.286396010e-04
8.245398	7.536137830e-04
8.250398	-4.123400717e-04
8.255398	9.745828632e-04
8.260399	1.031569991e-03
8.265399	-3.060242636e-03
8.270399	3.615820965e-04
8.275399	8.105503172e-04
8.280400	-1.674339856e-03
8.285400	2.417452552e-03
8.290400	7.545227150e-04
8.295400	-2.897311124e-03
8.300401	-8.534198626e-04
8.305401	1.078476808e-03
8.310401	2.245410404e-03
8.315401	9.350418636e-05
8.320402	-7.944630308e-04
8.325402	1.414420287e-03
8.330402	9.734315040e-04
8.335402	-2.783397236e-03
8.340403	-5.175166578e-04
8.345403	2.187342737e-03
8.350403	5.334125126e-04
8.355403	-3.500402843e-03
8.360403	-4.595596527e-04
8.365404	2.857270221e-03
8.370404	-2.066502169e-03
8.375404	-1.234552355e-03
8.380404	3.637627626e-05
8.385405	-8.525908417e-04
8.390405	1.031308212e-03
8.395405	1.862258090e-03
8.400405	-3.546449231e-04
8.405406	-3.546549307e-04
8.410406	6.382871409e-04
8.415406	2.130205133e-03
8.420406	-7.946636945e-04
8.425407	-1.177655202e-03
8.430407	1.135223179e-03
8.435407	-2.987175965e-04
8.440407	4.292372883e-04
8.445408	4.202277466e-04
8.450408	-1.731678365e-03
8.455408	-1.267657941e-04
8.460408	2.684088576e-03
8.465409	-2.562668151e-03
8.470409	-2.400685926e-03
8.475409	8.581468342e-04
8.480409	9.151341349e-04
8.485410	1.642089104e-03
8.490410	4.761354374e-04
8.495410	-6.328209759e-04
8.500410	-1.396794036e-03
8.505410	9.160844044e-04
8.510411	-6.798484930e-04
8.515411	-3.165738433e-03
8.520411	3.065950878e-03
8.525411	5.340631666e-04
8.530412	-3.107770970e-03
8.535412	-5.759030752e-04
8.540412	-7.893696229e-05
8.545412	1.030999570e-03
8.550413	2.626912650e-03
8.555413	1.134974769e-03
8.560413	-2.171875511e-03
8.565413	-6.229601506e-04
8.570414	1.632921092e-03
8.575414	1.021940708e-03
8.580414	-3.460031372e-04
8.585414	1.979607433e-04
8.590415	-4.130196289e-04
8.595415	2.089404952e-04
8.600415	-7.380236527e-04
8.605415	-1.188011783e-03
8.610416	-1.398011493e-03
8.615416	-1.072037067e-03
8.620416	2.024803628e-03
8.625416	-2.110745970e-05
8.630417	-1.129063813e-03
8.635417	-3.461114273e-04
8.640417	1.354796658e-03
8.645417	4.758292640e-04
8.650417	-1.570081803e-03
8.655418	6.378018248e-04
8.660418	2.138719578e-03
8.665418	2.187707413e-03
8.670418	-9.001533482e-04
8.675419	-2.172101750e-03
8.680419	-1.129161876e-03
8.685419	6.377430596e-04
8.690419	1.354698675e-03
8.695420	-5.752179541e-04
8.700420	2.557321678e-04
8.705420	-1.512192272e-03
8.710420	-6.812421420e-04
8.715421	2.077051928e-04
8.720421	2.566930722e-04
8.725421	9.726487645e-04
8.730421	-1.407246118e-03
8.735422	9.726292734e-04
8.740422	2.556541381e-04
8.745422	-1.626264767e-03
8.750422	1.631568262e-03
8.755423	2.463518380e-03
8.760423	-1.339307800e-03
8.765423	-1.952287935e-03
8.770423	2.463489223e-03
8.775424	1.192540854e-03
8.780424	-3.501242309e-03
8.785424	-6.333904288e-04
8.790424	1.527495577e-03
8.795424	-1.397372950e-03
8.800425	1.527476192e-03
8.805425	1.688458735e-03
8.810425	-2.124366922e-03
8.815425	-1.234419554e-03
8.820426	3.897323088e-03
8.825426	-6.814655878e-04
8.830426	-1.675427281e-03
8.835426	8.574408081e-04
8.840427	-1.512454467e-03
8.845427	1.136408031e-03
8.850427	7.524169145e-04
8.855427	-1.456486119e-03
8.860428	6.384031295e-04
8.865428	1.135369506e-03
8.870428	-2.115483226e-03
8.875428	-1.845860500e-04
8.880429	1.469324499e-03
8.885429	-3.555970429e-04
8.890429	-2.009526833e-03
8.895429	9.243219517e-04
8.900430	1.469286040e-03
8.905430	-1.961557975e-03
8.910430	8.333372749e-05
8.915430	3.132176979e-03
8.920431	-9.106374876e-04
8.925431	-1.627612471e-03
8.930431	7.622625976e-04
8.935431	5.332640702e-04
8.940431	-6.906864319e-04
8.945432	-9.586830688e-04
8.950432	-5.757111205e-04
8.955432	4.172313918e-04
8.960432	1.918149391e-03
8.965433	-9.577213608e-04
8.970433	-2.841639985e-03
8.975433	1.297150710e-03
8.980433	5.901752896e-04
8.985434	-1.512732752e-03
8.990434	-5.277898250e-04
8.995434	3.701573055e-04
9.000434	2.855027847e-03
9.005435	-1.368372725e-04
9.010435	-1.847764213e-03
9.015435	-1.235803262e-03
9.020435	6.370968328e-04
9.025436	2.138014886e-03
9.030436	-1.559816140e-03
9.035436	-4.838667383e-03
9.040436	-7.990655710e-05
9.045437	4.297872661e-03
9.050437	1.307007531e-03
9.055437	-1.939295070e-04
9.060437	7.420158437e-04
9.065438	-1.340893097e-03
9.070438	-1.339902612e-03
9.075438	2.460113803e-04
9.080438	4.169936686e-04
9.085438	-1.628917041e-03
9.090439	-6.809722442e-04
9.095439	1.813897894e-03
9.100439	1.965881116e-03
9.105439	4.179463890e-04
9.110440	-1.015993836e-03
9.115440	-2.736920206e-03
9.120440	-2.206066382e-05
9.125440	1.200870890e-03
9.130441	-9.690337971e-04
9.135441	1.631831259e-03
9.140441	-1.179042483e-03
9.145441	-6.240786730e-04
9.150442	1.421813182e-03
9.155442	-1.466056832e-03
9.160442	5.228377825e-04
9.165442	3.128385303e-04
9.170443	3.698263962e-04
9.175443	9.727879150e-04
9.180443	6.367947565e-04
9.185443	-1.849094633e-03
9.190444	-7.961548199e-04
9.195444	1.631718637e-03
9.200444	-1.016162922e-03
9.205444	1.143723477e-03
9.210445	3.597519660e-04
9.215445	-2.992255741e-04
9.220445	-6.924601530e-05
9.225445	1.411673171e-03
9.230445	-1.237208314e-03
9.235446	-2.345164167e-03
9.240446	3.123562562e-03
9.245446	1.306640935e-03
9.250446	-9.592590175e-04
9.255447	3.696675305e-04
9.260447	-1.351258717e-03
9.265447	-1.905241282e-03
9.270447	9.265299144e-05
9.275448	9.236035912e-04
9.280448	-1.132306471e-03
9.285448	3.596122359e-04
9.290448	3.606029063e-04
9.295449	5.895825772e-04
9.300449	1.363535949e-03
9.305449	-8.063685896e-04
9.310449	6.375524551e-04
9.315450	2.645611971e-04
9.320450	-2.670306408e-03
9.325450	-1.513371499e-03
9.330450	1.468475335e-03
9.335451	4.175168158e-04
9.340451	-5.194472007e-04
9.345451	1.133463787e-03
9.350451	1.029459576e-03
9.355452	-4.614776899e-04
9.360452	3.594734651e-04
9.365452	-1.351453175e-03
9.370452	-1.618449502e-03
9.375452	6.464319752e-04
9.380453	1.974444409e-04
9.385453	3.024301733e-04
9.390453	1.974260452e-04
9.395453	3.594090354e-04
9.400454	-1.352517526e-03
9.405454	-2.230484334e-03
9.410454	1.631320097e-03
9.415454	1.191332159e-03
9.420455	-1.846106020e-04
9.425455	1.086318891e-03
9.430455	-1.276316797e-04
9.435455	-2.996325354e-04
9.440456	-2.265505673e-05
9.445456	-2.068565460e-03
9.450456	1.630246873e-03
9.455456	2.080216015e-03
9.460457	-2.229585108e-03
9.465457	-4.146818359e-04
9.470457	3.341127763e-03
9.475457	1.492726951e-04
9.480458	-2.775595255e-03
9.485458	2.552493477e-04
9.490458	-9.687006883e-04
9.495458	-1.408688558e-03
9.500459	1.525160739e-03
9.505459	1.200167328e-03
9.510459	3.521446222e-05
9.515459	2.451952395e-04
9.520459	-5.197769230e-04
9.525460	-6.827781351e-04
9.530460	6.361491320e-04
9.535460	1.134116027e-03
9.540460	-5.198132126e-04
9.545461	-6.248172065e-04
9.550461	-2.998419490e-04
9.555461	-2.428537528e-04
9.560461	-7.398388148e-04
9.565462	-1.948741620e-04
9.570462	-7.988875192e-05
9.575462	-1.514828531e-03
9.580462	1.490821296e-04
9.585463	-1.952825449e-03
9.590463	5.310456443e-04
9.595463	2.958919445e-03
9.600463	1.467982391e-03
9.605464	8.090051868e-04
9.610464	-1.570888953e-03
9.615464	-1.906881737e-03
9.620464	-5.769549226e-04
9.625465	2.549959313e-04
9.630465	-4.639783552e-04
9.635465	1.969807604e-04
9.640465	7.999426796e-04
9.645466	-2.302657445e-05
9.650466	-5.780087585e-04
9.655466	1.489471893e-04
9.660466	1.499381801e-04
9.665466	-1.190006105e-03
9.670467	1.027877897e-03
9.675467	3.514748920e-03
9.680467	-5.770625328e-04
9.685467	-1.735015584e-03
9.690468	5.308661188e-04
9.695468	3.118677581e-04
9.700468	-1.074074276e-03
9.705468	-1.792048545e-03
9.710469	1.388493436e-04
9.715469	2.796712149e-03
9.720469	1.247778000e-03
9.725469	-1.304107738e-03
9.730470	-1.294117120e-03
9.735470	-8.441477328e-04
9.740470	1.190745163e-03
9.745470	1.629715089e-03
9.750471	-8.451743426e-04
9.755471	5.307503710e-04
9.760471	1.190709645e-03
9.765471	-1.733158104e-03
9.770472	-8.124669724e-05
9.775472	2.021642947e-03
9.780472	3.117166211e-04
9.785472	-1.457206853e-03
9.790473	-1.514212948e-03
9.795473	-1.964200072e-03
9.800473	2.436845273e-04
9.805473	7.516511771e-04
9.810473	-2.332024785e-05
9.815474	1.190612337e-03
9.820474	-1.853300727e-04
9.825474	-1.179290915e-03
9.830474	3.106283634e-04
9.835475	1.189577134e-03
9.840475	-8.037037379e-05
9.845475	-7.393473660e-04
9.850475	6.935746810e-04
9.855476	1.744515169e-03
9.860476	-9.023658642e-04
9.865476	1.802494806e-03
9.870476	3.105580390e-04
9.875477	-4.334226552e-03
9.880477	2.127452810e-03
9.885477	1.629468083e-03
9.890477	-1.131407421e-03
9.895478	-1.848381570e-03
9.900478	-1.458409140e-03
9.905478	2.355398043e-03
9.910478	1.133448280e-03
9.915479	-1.628427153e-03
9.920479	1.200427582e-03
9.925479	-2.435114528e-04
9.930479	-3.063384074e-03
9.935480	1.916366862e-03
9.940480	9.124066055e-04
9.945480	-1.189500654e-03
9.950480	1.908341125e-03
9.955480	1.745340293e-03
9.960481	-1.840495332e-03
9.965481	-4.635704793e-04
9.970481	-1.466530757e-03
9.975481	-3.006465114e-03
9.980482	1.916288613e-03
9.985482	2.681243021e-03
9.990482	-1.131581622e-03
9.995482	1.403483257e-04
10.000483	4.723236442e-04
10.005483	-1.018613050e-03
10.010483	2.543168624e-04
10.015483	1.305257494e-03
10.020484	2.299200880e-03
10.025484	-1.629618132e-03
10.030484	-2.012608278e-03
10.035484	1.639206840e-03
10.040485	6.932438742e-04
10.045485	9.132246387e-04
10.050485	-1.027690297e-03
10.055485	-1.629669851e-03
10.060486	-1.064705724e-03
10.065486	-2.437539469e-04
10.070486	1.906133694e-03
10.075486	1.582140740e-03
10.080487	3.420686454e-05
10.085487	-1.849710790e-03
10.090487	-2.011711549e-03
10.095487	1.582106423e-03
10.100487	1.467103406e-03
10.105488	-1.954740003e-03
10.110488	-4.158228379e-04
10.115488	-9.698046547e-04
10.120488	-1.791773533e-03
10.125489	4.731086077e-04
10.130489	-5.218519116e-04
10.135489	-2.438738646e-04
10.140489	1.525032227e-03
10.145490	-1.352837400e-03
10.150490	3.308718594e-05
10.155490	3.187926400e-03
10.160490	4.160516704e-04
10.165491	-3.570764416e-03
10.170491	-2.231837543e-03
10.175491	3.245889575e-03
10.180491	2.078937402e-03
10.185492	-1.132916069e-03
10.190492	-1.352913937e-03
10.195492	-5.779598215e-04
10.200492	7.509675608e-04
10.205493	7.019614536e-04
10.210493	2.529746559e-04
10.215493	-2.021924010e-03
10.220493	-1.189972623e-03
10.225494	-1.860295320e-04
10.230494	8.069140940e-04
10.235494	2.460825823e-03
10.240494	-5.210386981e-04
10.245494	-2.174967307e-03
10.250495	-8.107679997e-05
10.255495	-2.408797724e-05
10.260495	1.246842259e-03
10.265495	1.017844894e-03
10.270496	8.068466652e-04
10.275496	-5.210976501e-04
10.280496	3.386716088e-05
10.285496	5.878320247e-04
10.290497	-4.161279138e-04
10.295497	1.084791255e-03
10.300497	-1.871557404e-04
10.305497	-3.011586188e-04
10.310498	1.958090190e-04
10.315498	-1.410121842e-03
10.320498	-2.441864831e-04
10.325498	1.026743813e-03
10.330499	-7.401792641e-04
10.335499	9.077227710e-05
10.340499	4.727454928e-04
10.345499	-5.212148777e-04
10.350500	-1.851159027e-03
10.355500	3.274171187e-05
10.360500	3.073586616e-03
10.365500	-5.782454542e-04
10.370501	-1.687200251e-03
10.375501	9.696631994e-04
10.380501	5.296761238e-04
10.385501	-2.013209451e-03
10.390501	-1.572239036e-03
10.395502	1.524603197e-03
10.400502	1.963573717e-03
10.405502	2.126557563e-03
10.410502	-1.458277699e-03
10.415503	-5.213311998e-04
10.420503	3.106203718e-04
10.425503	3.262551945e-05
10.430503	-7.413453900e-04
10.435504	-1.735305677e-03
10.440504	1.294539832e-03
10.445504	-1.353340619e-03
10.450504	6.445547059e-04
10.455505	1.467506744e-03
10.460505	-2.787296135e-03
10.465505	3.095461636e-04
10.470505	1.017503766e-03
10.475506	-2.534431149e-04
10.480506	2.576412084e-03
10.485506	1.361462510e-03
10.490506	-1.736396182e-03
10.495507	-4.744652934e-04
10.500507	8.049972141e-05
10.505507	3.114803780e-04
10.510507	3.348560482e-05
10.515508	-1.793434405e-03
10.520508	-6.844961089e-04
10.525508	8.064237555e-04
10.530508	1.954450725e-04
10.535508	-1.735469899e-03
10.540509	1.361372470e-03
10.545509	1.352364746e-03
10.550509	-2.346464883e-03
10.555509	-1.459515840e-03
10.560510	1.188348217e-03
10.565510	1.744313245e-03
10.570510	-1.907518634e-03
10.575510	-1.572542932e-03
10.580511	1.027323461e-03
10.585511	9.213204572e-04
10.590511	9.693100254e-04
10.595511	7.973102160e-04
10.600512	-8.265541875e-05
10.605512	-6.366367824e-04
10.610512	1.473172834e-04
10.615512	2.251207647e-03
10.620513	-1.629613133e-03
10.625513	-1.688618368e-03
10.630513	1.963197300e-03
10.635513	1.952745553e-04
10.640514	-1.123669855e-03
10.645514	-2.290621596e-03
10.650514	2.522476140e-04
10.655514	1.409183720e-03
10.660515	1.466172920e-03
10.665515	-1.343699507e-03
10.670515	1.382209282e-04
10.675515	2.241111397e-03
10.680515	1.466140770e-03
10.685516	-6.847634430e-04
10.690516	-2.787669968e-03
10.695516	-3.117974822e-04
10.700516	-5.787926076e-04
10.705517	7.591348103e-04
10.710517	1.083111171e-03
10.715517	-8.558032450e-04
10.720517	-2.438407743e-04
10.725518	1.352074211e-03
10.730518	1.074079645e-03
10.735518	-2.487529309e-05
10.740518	-1.018835294e-03
10.745519	-7.428565831e-04
10.750519	1.199041727e-03
10.755519	-1.399016089e-04
10.760519	-1.850826986e-03
10.765520	4.720529498e-04
10.770520	-9.138881034e-04
10.775520	-4.069205129e-04
10.780520	3.090369954e-04
10.785521	3.570267479e-04
10.790521	1.245975916e-03
10.795521	-8.469309915e-04
10.800521	-1.237920037e-03
10.805522	6.349816550e-04
10.810522	6.909710452e-04
10.815522	-2.347890187e-03
10.820522	-8.200744776e-05
10.825522	3.072832391e-03
10.830523	-7.419913753e-04
10.835523	9.109209634e-04
10.840523	1.628878432e-03
10.845523	-2.452932434e-03
10.850524	-9.050150129e-04
10.855524	1.408865443e-03
10.860524	1.466854785e-03
10.865524	-1.300759945e-04
10.870525	-6.850570586e-04
10.875525	-1.631019247e-03
10.880525	1.948847850e-04
10.885525	1.637807307e-03
10.890526	-1.296058922e-03
10.895526	1.513797635e-03
10.900526	1.368562711e-04
10.905526	-1.956050532e-03
10.910527	4.718244752e-04
10.915527	-1.401537948e-04
10.920527	1.083779330e-03
10.925527	-1.286114085e-03
10.930528	-1.296121395e-03
10.935528	1.742724148e-03
10.940528	-3.601821388e-04
10.945528	-2.451954669e-04
10.950529	-2.071115113e-03
10.955529	1.131722534e-03
10.960529	8.647276567e-04
10.965529	-2.013141202e-03
10.970529	7.975003015e-05
10.975530	-1.019204678e-03
10.980530	3.087234847e-04
10.985530	2.622604066e-03
10.990530	1.303659989e-03
10.995531	-1.297222210e-03
11.000531	-1.296229983e-03
11.005531	1.743615579e-03
11.010531	1.800605112e-03
11.015532	-1.957221227e-03
11.020532	1.366700050e-04
11.025532	1.189611484e-03
11.030532	1.026611654e-03
11.035533	4.236330655e-04
11.040533	-1.632275393e-03
11.045533	-1.192304310e-03
11.050533	3.262889138e-05
11.055534	-2.443654118e-04
11.060534	-1.019335675e-03
11.065534	-4.173723917e-04
11.070534	-6.853671147e-04
11.075535	1.857502501e-03
11.080535	1.178527624e-03
11.085535	-1.182366071e-03
11.090535	-1.621352522e-03
11.095535	1.351496360e-03
11.100536	4.008360498e-03
11.105536	-1.794367058e-03
11.110536	-3.619286597e-03
11.115536	-1.304625990e-04
11.120537	-1.679395449e-03
11.125537	-3.594667598e-04
11.130537	2.517386790e-03
11.135537	-4.754763549e-04
11.140538	7.484569822e-04
11.145538	6.434544652e-04
11.150538	-3.285363491e-03
11.155538	-3.025150331e-04
11.160539	2.680333430e-03
11.165539	3.664375440e-04
11.170539	-1.908460219e-03
11.175539	-1.688478392e-03
11.180540	-2.455555856e-04
11.185540	9.683782780e-04
11.190540	1.083365187e-03
11.195540	3.093950063e-04
11.200541	7.939857563e-05
11.205541	-6.375743463e-04
11.210541	3.083724760e-04
11.215541	4.713570928e-04
11.220542	9.683255948e-04
11.225542	2.513526924e-04
11.230542	-1.019593468e-03
11.235542	-3.026355688e-04
11.240542	6.913089662e-04
11.245543	6.333042784e-04
11.250543	1.026277829e-03
11.255543	-6.846470711e-04
11.260543	-1.459617140e-03
11.265544	8.052660778e-04
11.270544	-5.226772922e-04
11.275544	-1.458639576e-03
11.280544	-3.027028205e-04
11.285545	2.067175349e-03
11.290545	-3.607149122e-04
11.295545	-1.019690545e-03
11.300545	7.482166933e-04
11.305546	-1.887455130e-04
11.310546	-9.617156295e-04
11.315546	-5.227442352e-04
11.320546	-4.177567164e-04
11.325547	1.372090892e-04
11.330547	2.240100189e-03
11.335547	2.182095590e-03
11.340547	-6.287761381e-04
11.345548	-1.459743421e-03
11.350548	-4.657987780e-04
11.355548	-1.841739748e-03
11.360548	-1.978264658e-04
11.365549	2.288046184e-03
11.370549	2.192043453e-03
11.375549	-2.511736879e-03
11.380549	-2.023767786e-03
11.385549	7.480910806e-04
11.390550	-1.737796283e-03
11.395550	1.941031336e-04
11.400550	4.448890442e-03
11.405550	8.530566639e-04
11.410551	-1.622831163e-03
11.415551	-5.228915717e-04
11.420551	-4.749012034e-04
11.425551	5.860402799e-04
11.430552	-2.459268708e-04
11.435552	-1.898854393e-03
11.440552	1.360400974e-04
11.445552	2.238931311e-03
11.450553	-2.359565246e-04
11.455553	-6.379444035e-04
11.460553	7.969790642e-04
11.465553	1.302947373e-03
11.470554	4.129830609e-04
11.475554	4.139757520e-04
11.480554	3.198693265e-05
11.485554	-1.402951061e-03
11.490555	-7.439901121e-04
11.495555	-2.519911639e-03
11.500555	-7.430046370e-04
11.505555	2.572828094e-03
11.510556	1.025895530e-03
11.515556	-1.793975591e-03
11.520556	-8.306538395e-05
11.525556	2.401807473e-03
11.530556	-1.575007793e-03
11.535557	-1.125036712e-03
11.540557	1.082849528e-03
11.545557	2.508824911e-04
11.550557	-6.950790387e-04
11.555558	2.508681237e-04
11.560558	8.628314109e-04
11.565558	-2.613285492e-05
11.570558	-2.014044075e-03
11.575559	-7.431125781e-04
11.580559	1.406776501e-03
11.585559	1.235777603e-03
11.590559	-1.125115596e-03
11.595560	-2.119074764e-03
11.600560	2.181476957e-05
11.605560	1.014759714e-03
11.610560	-1.241138532e-03
11.615561	-2.397089862e-03
11.620561	4.717645561e-04
11.625561	3.626605176e-03
11.630561	1.961678427e-03
11.635562	-2.302122883e-03
11.640562	-1.240181234e-03
11.645562	1.254691260e-03
11.650562	-8.325125129e-05
11.655563	-8.572209774e-04
11.660563	1.024681116e-03
11.665563	-1.412696811e-04
11.670563	-2.628229759e-05
11.675563	-6.282603049e-04
11.680564	-5.802696778e-04
11.685564	1.234635674e-03
11.690564	5.276627498e-04
11.695564	-5.702912992e-04
11.700565	1.627595583e-03
11.705565	2.019569633e-03
11.710565	-2.731208098e-03
11.715565	-1.910254742e-03
11.720566	1.799559187e-03
11.725566	-8.335694527e-05
11.730566	3.063054668e-05
11.735566	1.456179954e-04
11.740567	-5.813539138e-04
11.745567	7.955726376e-04
11.750567	6.335734701e-04
11.755567	-3.391239254e-03
11.760568	-2.062310371e-03
11.765568	2.076482899e-03
11.770568	1.407508221e-03
11.775568	4.705464824e-04
11.780569	1.407494305e-03
11.785569	6.335247090e-04
11.790569	1.935389988e-04
11.795569	1.130486836e-03
11.800570	-7.446194320e-05
11.805570	-1.297409849e-03
11.810570	-2.626352633e-03
11.815570	9.194693072e-04
11.820570	1.522433289e-03
11.825571	-8.449606311e-05
11.830571	3.554757960e-04
11.835571	3.564688474e-04
11.840571	-1.737436986e-03
11.845572	-2.652645347e-05
11.850572	7.846159382e-05
11.855572	-1.315351511e-04
11.860572	1.359386014e-03
11.865573	-1.241495325e-03
11.870573	-3.605447089e-04
11.875573	7.383953907e-04
11.880573	-2.657454324e-05
11.885574	-7.425468370e-04
11.890574	-1.461518981e-03
11.895574	-4.095765926e-04
11.900574	1.685315463e-03
11.905575	1.904298064e-03
11.910575	-1.896076987e-04
11.915575	-3.009478418e-03
11.920575	4.703468145e-04
11.925576	1.857273065e-03
11.930576	-1.689562552e-03
11.935576	1.521275678e-03
11.940576	5.843141064e-04
11.945577	-2.023566814e-03
11.950577	-6.956376901e-04
11.955577	-5.246527217e-04
11.960577	2.249206624e-03
11.965577	4.222880316e-04
11.970578	-9.156541565e-04
11.975578	-5.236798338e-04
11.980578	2.502760578e-04
11.985578	2.982669930e-04
11.990579	-2.292614702e-03
11.995579	-1.240672212e-03
12.000579	1.857171538e-03
12.005579	-3.607281436e-04
12.010580	-4.197320188e-04
12.015580	2.191135250e-03
12.020580	-9.157215106e-04
12.025580	7.371920040e-04
12.030581	2.032110740e-04
12.035581	-1.737701946e-03
12.040581	-8.587510604e-04
12.045581	-9.057554790e-04
12.050582	2.182088804e-03
12.055582	3.071726199e-04
12.060582	-2.894679515e-03
12.065582	2.401058220e-03
12.070583	1.789081095e-03
12.075583	-1.077787192e-03
12.080583	-1.318394998e-04
12.085583	-1.135797690e-03
12.090584	-6.388283177e-04
12.095584	1.464063550e-03
12.100584	-1.240812530e-03
12.105584	-7.428431905e-04
12.110584	1.082062110e-03
12.115585	-1.623813907e-03
12.120585	1.187043817e-03
12.125585	1.072042762e-03
12.130585	-1.240852207e-03
12.135586	-1.182861601e-03
12.140586	1.024025294e-03
12.145586	1.626989607e-03
12.150586	-5.239131595e-04
12.155587	-1.518871713e-03
12.160587	-2.559392373e-04
12.165587	-1.889490350e-04
12.170587	-2.235856800e-03
12.175588	9.659821092e-04
12.180588	5.279966996e-04
12.185588	1.360090750e-04
12.190588	3.649914846e-04
12.195589	-2.674868330e-03
12.200589	1.511923066e-03
12.205589	2.840852402e-03
12.210589	-4.669944628e-04
12.215590	3.649588702e-04
12.220590	2.295859168e-03
12.225590	-2.904896321e-03
12.230590	-1.909950839e-03
12.235591	2.572826308e-03
12.240591	-1.182998905e-03
12.245591	-6.960288906e-04
12.250591	4.119111580e-04
12.255591	-1.890663075e-04
12.260592	1.406850199e-03
12.265592	-4.090686170e-04
12.270592	-2.952952293e-03
12.275592	1.349833583e-03
12.280593	2.018794849e-03
12.285593	1.438789014e-04
12.290593	5.848511824e-04
12.295593	4.128530535e-04
12.300594	-9.730864795e-04
12.305594	-1.891307370e-04
12.310594	-1.126091929e-03
12.315594	-3.459985694e-03
12.320595	8.517997937e-04
12.325595	1.416766126e-03
12.330595	-1.241111986e-03
12.335595	-1.136123442e-03
12.340596	1.740731323e-03
12.345596	1.846719829e-03
12.350596	9.107586299e-04
12.355596	-8.519966850e-05
12.360597	-4.101903459e-04
12.365597	2.027737116e-04
12.370597	-1.461152332e-03
12.375597	1.071719072e-03
12.380598	-1.992259283e-04
12.385598	-1.021192593e-03
12.390598	1.463681143e-03
12.395598	-1.853165097e-03
12.400598	2.497270858e-04
12.405599	1.196675065e-03
12.410599	1.464655820e-03
12.415599	1.347137036e-04
12.420599	-1.796199402e-03
12.425600	-2.465173409e-03
12.430600	1.446943353e-04
12.435600	2.907554701e-03
12.440600	1.406620864e-03
12.445601	8.046436432e-04
12.450601	-1.690242211e-03
12.455601	-3.623125676e-04
12.460601	-6.873031410e-04
12.465602	-1.575266537e-03
12.470602	1.579574946e-03
12.475602	1.741560884e-03
12.480602	-5.253359425e-04
12.485603	-2.733235612e-03
12.490603	-1.136318914e-03
12.495603	2.018522595e-03
12.500603	1.187556484e-03
12.505604	-1.423855385e-04
12.510604	-1.333921795e-04
12.515604	1.741511127e-03
12.520604	9.095450851e-04
12.525605	-1.576341125e-03
12.530605	-4.194031506e-04
12.535605	6.995366631e-04
12.540605	-2.474238076e-04
12.545605	5.265326672e-04
12.550606	8.754768960e-05
12.555606	-2.962311269e-03
12.560606	-1.681379248e-03
12.565606	1.904441533e-03
12.570607	6.794945112e-04
12.575607	-1.519405498e-03
12.580607	-1.900393243e-03
12.585607	2.494968639e-04
12.590608	1.683421532e-03
12.595608	3.232340656e-03
12.600608	-3.624919525e-04
12.605608	-2.236407616e-03
12.610609	8.614367650e-04
12.615609	1.364656586e-04
12.620609	-5.245085313e-04
12.625609	-9.074961330e-04
12.630610	5.274285293e-04
12.635610	-1.425452105e-04
12.640610	-1.136503308e-03
12.645610	-1.021514923e-03
12.650611	1.913337366e-03
12.655611	2.180318425e-03
12.660611	-2.245474014e-03
12.665611	-9.645418827e-04
12.670612	1.578329347e-03
12.675612	1.443925215e-04
12.680612	-1.461535997e-03
12.685612	5.743597170e-04
12.690612	5.743536991e-04
12.695613	-1.737540731e-03
12.700613	-3.626130989e-04
12.705613	1.520290021e-03
12.710613	-1.896334473e-04
12.715614	-1.193590983e-03
12.720614	-5.246292572e-04
12.725614	2.493274066e-04
12.730614	2.677204249e-03
12.735615	1.923182113e-04
12.740615	-5.716508813e-04
12.745615	7.472795004e-04
12.750615	-1.739606425e-03
12.755616	-6.306658978e-04
12.760616	5.172727527e-04
12.765616	-4.196879641e-04
12.770616	4.212655135e-04
12.775617	1.578203745e-03
12.780617	5.752462299e-04
12.785617	-6.876987322e-04
12.790617	-2.455619316e-03
12.795618	4.702335602e-04
12.800618	2.123147880e-03
12.805618	5.262190591e-04
12.810618	1.912293358e-04
12.815619	-3.794584176e-03
12.820619	-2.177668097e-03
12.825619	1.139165941e-03
12.830619	-4.107651222e-04
12.835619	-1.427839214e-04
12.840620	2.783069003e-03
12.845620	2.018100070e-03
12.850620	-1.137753463e-03
12.855620	-7.447782735e-04
12.860621	4.221595658e-04
12.865621	7.717038342e-05
12.870621	-8.597902223e-04
12.875621	-1.518764240e-03
12.880622	1.024107212e-03
12.885622	1.243090830e-03
12.890622	-2.478430166e-04
12.895622	-8.018220803e-04
12.900623	-8.028278279e-04
12.905623	3.641100591e-04
12.910623	-6.968445195e-04
12.915623	-6.398530504e-04
12.920624	6.990765515e-04
12.925624	1.464033861e-03
12.930624	-4.198809760e-04
12.935624	-6.888737520e-04
12.940625	3.060724734e-04
12.945625	-4.668959676e-04
12.950625	3.007430321e-05
12.955625	4.110501778e-04
12.960626	2.342951203e-03
12.965626	-3.619239740e-04
12.970626	-3.172794029e-03
12.975626	-2.479409134e-04
12.980626	-4.779355237e-04
12.985627	8.703150253e-05
12.990627	4.690073662e-04
12.995627	-1.999660409e-04
13.000627	-6.869482265e-04
13.005628	2.189907238e-03
13.010628	7.459712504e-04
13.015628	-3.182844799e-03
13.020628	-7.449681316e-04
13.025629	1.797903474e-03
13.030629	2.017887199e-03
13.035629	-1.471950017e-03
13.040629	-1.241966764e-03
13.045630	4.689450174e-04
13.050630	5.259366304e-04
13.055630	1.252895913e-03
13.060630	-1.430423380e-04
13.065631	-1.690973248e-03
13.070631	-6.390296345e-04
13.075631	5.259085304e-04
13.080631	-8.500306643e-04
13.085632	4.119028297e-04
13.090632	1.787830827e-03
13.095632	1.300848743e-03
13.100632	2.008962494e-04
13.105633	-5.830714900e-04
13.110633	-1.356039755e-03
13.115633	-1.184053622e-03
13.120633	-1.300053585e-03
13.125633	1.918688513e-04
13.130634	1.787786274e-03
13.135634	-9.170887209e-04
13.140634	5.268360482e-04
13.145634	6.978222610e-04
13.150635	-2.481376116e-04
13.155635	-6.391242645e-04
13.160635	5.838111922e-04
13.165635	1.127779424e-03
13.170636	-2.179066479e-03
13.175636	-8.601356392e-04
13.180636	1.902725515e-03
13.185636	-2.381766466e-04
13.190637	-5.251682813e-04
13.195637	1.788714559e-03
13.200637	-2.581921233e-04
13.205637	-1.185152854e-03
13.210638	1.473713352e-03
13.215638	-6.401900805e-04
13.220638	-2.791091722e-03
13.225638	-5.252065329e-04
13.230639	1.404694877e-03
13.235639	2.179652036e-03
13.240639	8.674761762e-05
13.245639	-8.502125872e-04
13.250640	-2.246150634e-03
13.255640	5.747078011e-04
13.260640	1.358664553e-03
13.265640	-2.065175602e-03
13.270640	-6.882474592e-04
13.275641	-2.828470699e-05
13.280641	1.844619508e-03
13.285641	1.816943850e-04
13.290641	1.578621584e-03
13.295642	1.912600091e-03
13.300642	-1.471241956e-03
13.305642	-2.236210397e-03
13.310642	-1.405255860e-03
13.315643	1.916617132e-04
13.320643	1.567589958e-03
13.325643	7.665657689e-05
13.330643	-2.016247745e-03
13.335644	-1.333439529e-04
13.340644	-1.577279586e-03
13.345644	1.070587296e-03
13.350644	7.465976192e-04
13.355645	-2.734239687e-03
13.360645	1.853533582e-03
13.365645	1.912525437e-03
13.370645	-1.461317017e-03
13.375646	2.180501924e-03
13.380646	2.284491624e-03
13.385646	-1.033353517e-03
13.390646	-1.185351451e-03
13.395647	6.985523572e-04
13.400647	-7.443832593e-04
13.405647	-1.911332191e-03
13.410647	2.294459568e-03
13.415647	1.463494431e-03
13.420648	-3.634226310e-04
13.425648	-2.494333652e-04
13.430648	-3.011305291e-03
13.435648	-2.350342414e-03
13.440649	2.237430941e-03
13.445649	5.255083561e-04
13.450649	-3.634539437e-04
13.455649	1.414455046e-03
13.460650	7.454821389e-04
13.465650	1.951198859e-05
13.470650	1.128453282e-03
13.475650	8.604610382e-04
13.480651	-2.016405283e-03
13.485651	-2.850639631e-05
13.490651	4.104672546e-04
13.495651	-2.246409668e-03
13.500652	1.434698335e-04
13.505652	4.684490026e-04
13.510652	-1.136478676e-03
13.515652	1.750376855e-03
13.520653	3.634386664e-04
13.525653	-2.906408639e-03
13.530653	-1.022504684e-03
13.535653	-2.485471518e-04
13.540654	5.734080689e-04
13.545654	1.902338826e-03
13.550654	1.022376201e-03
13.555654	-1.184522375e-03
13.560654	-8.025458970e-04
13.565655	-4.205694134e-04
13.570655	-1.357529266e-03
13.575655	2.483881549e-04
13.580655	-7.560127186e-05
13.585656	1.577313892e-03
13.590656	2.064285335e-03
13.595656	1.405312093e-03
13.600656	-1.242565150e-03
13.605657	-1.520556770e-03
13.610657	2.466245776e-03
13.615657	-1.461569674e-03
13.620657	-1.195587532e-03
13.625658	1.567274104e-03
13.630658	-5.826271410e-04
13.635658	3.053249980e-04
13.640658	-8.566112967e-05
13.645659	5.263043408e-04
13.650659	-9.076314382e-04
13.655659	-9.756331383e-04
13.660659	1.902222986e-03
13.665660	3.072949934e-04
13.670660	-1.463624499e-03
13.675660	-3.646824998e-04
13.680660	1.520221571e-03
13.685661	-2.870861977e-05
13.690661	-4.196946928e-04
13.695661	2.017182753e-03
13.700661	8.527106371e-05
13.705661	-2.399613931e-03
13.710662	-3.067198664e-04
13.715662	-2.016642254e-03
13.720662	-1.241684568e-03
13.725662	2.514129253e-03
13.730663	1.184188542e-03
13.735663	7.723707409e-05
13.740663	-1.427571970e-04
13.745663	-1.625690507e-03
13.750664	2.822478871e-05
13.755664	4.102014800e-04
13.760664	-1.022734227e-03
13.765664	4.111917033e-04
13.770665	-1.242733326e-03
13.775665	-1.242738177e-03
13.780665	-8.027642575e-04
13.785665	1.462121588e-03
13.790666	1.844098318e-03
13.795666	-3.125666646e-03
13.800666	9.181333575e-04
13.805666	2.294062131e-03
13.810667	4.681454460e-04
13.815667	-1.682755548e-03
13.820667	3.061436569e-04
13.825667	2.399037848e-03
13.830668	-5.268257261e-04
13.835668	-1.184798754e-03
13.840668	-6.978270368e-04
13.845668	1.682053325e-03
13.850668	-4.108504299e-04
13.855669	-8.687082950e-05
13.860669	4.680976277e-04
13.865669	-3.345723050e-03
13.870669	-4.688666479e-04
13.875670	9.660593548e-04
13.880670	-4.778756892e-04
13.885670	4.680739249e-04
13.890670	1.330853688e-04
13.895671	8.600455634e-04
13.900671	-1.339111766e-04
13.905671	-4.788992335e-04
13.910671	1.128018507e-03
13.915672	1.430613487e-04
13.920672	3.630460400e-04
13.925672	-8.598996204e-04
13.930672	-1.357880266e-03
13.935673	-1.023901060e-03
13.940673	-5.829270124e-04
13.945673	1.959945593e-03
13.950673	-6.889312178e-04
13.955674	-1.959874528e-03
13.960674	4.680036433e-04
13.965674	1.519948230e-03
13.970674	1.340104859e-04
13.975675	9.649657495e-04
13.980675	-8.029535471e-04
13.985675	-1.634918012e-03
13.990675	2.177893349e-03
13.995675	1.241933915e-03
14.000676	-3.173857560e-03
14.005676	-2.399899512e-03
14.010676	3.900791794e-03
14.015676	1.959880885e-03
14.020677	1.461900339e-03
14.025677	5.249409865e-04
14.030677	-2.351924732e-03
14.035677	3.529401543e-04
14.040678	-8.610058133e-04
14.045678	-1.576975810e-03
14.050678	1.909343144e-04
14.055678	-1.910517911e-04
14.060679	-8.030267906e-04
14.065679	-5.260446900e-04
14.070679	-4.690519661e-04
14.075679	1.241860937e-03
14.080680	8.028776103e-04
14.085680	-1.358022603e-03
14.090680	-6.890593934e-04
14.095680	3.628853369e-04
14.100681	1.808896289e-04
14.105681	1.729810384e-03
14.110681	-2.390990680e-04
14.115681	-6.890818251e-04
14.120682	-8.611539706e-05
14.125682	9.648294149e-04
14.130682	1.328651107e-04
14.135682	-6.880997187e-04
14.140682	1.566787002e-03
14.145683	-2.914041316e-05
14.150683	-1.070094608e-03
14.155683	-2.295039917e-03
14.160683	1.069793254e-03
14.165684	4.108206392e-04
14.170684	-1.405096130e-03
14.175684	2.121729239e-03
14.180684	1.680746120e-03
14.185685	-2.620050700e-03
14.190685	-1.023132167e-03
14.195685	8.027753188e-04
14.200685	-1.520116948e-03
14.205686	4.107854817e-04
14.210686	9.647543746e-04
14.215686	2.377850974e-04
14.220686	1.127737785e-03
14.225687	-6.311816739e-04
14.230687	6.397526370e-04
14.235687	2.456660602e-03
14.240687	-2.686095520e-03
14.245688	-4.692068486e-04
14.250688	9.067224170e-04
14.255688	-1.922288620e-04
14.260688	-4.682198555e-04
14.265688	-2.409130486e-03
14.270689	8.597074406e-04
14.275689	1.681663472e-03
14.280689	-7.462236386e-04
14.285689	-6.412329923e-04
14.290690	-8.626405853e-05
14.295690	-2.927108443e-05
14.300690	1.575647185e-03
14.305690	-7.362454959e-04
14.310691	-2.304174078e-03
14.315691	3.670533300e-03
14.320691	2.628579343e-03
14.325691	-1.415229725e-03
14.330692	-1.358236712e-03
14.335692	1.298630824e-03
14.340692	4.196690224e-04
14.345692	-4.283108218e-03
14.350693	-8.631498937e-05
14.355693	1.519603293e-03
14.360693	-3.643099827e-04
14.365693	7.566458506e-05
14.370694	8.026253070e-04
14.375694	4.196396060e-04
14.380694	-1.253283831e-03
14.385694	-1.080296355e-03
14.390695	1.577571195e-03
14.395695	-1.253296337e-03
14.400695	-2.935956810e-05
14.405695	5.256094942e-04
14.410695	-1.349304160e-03
14.415696	1.426196915e-04
14.420696	1.729538964e-03
14.425696	2.235510413e-03
14.430696	-1.343793286e-04
14.435697	-2.074289818e-03
14.440697	-1.243334037e-03
14.445697	1.346536856e-03
14.450697	2.955834784e-04
14.455698	2.475816990e-04
14.460698	-2.458291793e-03
14.465698	3.055707245e-04
14.470698	9.085375430e-04
14.475699	-1.797335932e-03
14.480699	-2.974123939e-04
14.485699	2.073469113e-03
14.490699	3.392401398e-03
14.495700	-1.808351639e-03
14.500700	-1.960348349e-03
14.505700	-3.534299470e-04
14.510700	-3.164357670e-04
14.515701	1.518471643e-03
14.520701	-2.399343288e-03
14.525701	-6.984294000e-04
14.530701	1.519459542e-03
14.535702	1.425219931e-04
14.540702	-1.444681562e-04
14.545702	-6.414481647e-04
14.550702	-2.948169075e-05
14.555702	8.494719027e-04
14.560703	-4.114712164e-04
14.565703	-1.344885576e-04
14.570703	8.494599851e-04
14.575703	-6.884697484e-04
14.580704	-5.264815226e-04
14.585704	-2.594983587e-04
14.590704	7.444492413e-04
14.595704	-1.915095238e-04
14.600705	-7.464866712e-04
14.605705	8.546924678e-05
14.610705	1.299406734e-03
14.615705	-8.753024200e-05
14.620706	-9.764912473e-04
14.625706	-6.885090519e-04
14.630706	-1.242486214e-03
14.635706	1.681368773e-03
14.640707	8.014073556e-04
14.645707	-8.755362147e-05
14.650707	-2.956029757e-05
14.655707	-1.682484391e-03
14.660708	1.461360006e-03
14.665708	2.064327044e-03
14.670708	-2.017479803e-03
14.675708	-2.458462368e-03
14.680709	1.904059418e-04
14.685709	3.053965542e-04
14.690709	2.236299527e-03
14.695709	1.021354340e-03
14.700709	-2.515478776e-03
14.705710	-2.960257109e-05
14.710710	-1.358542239e-03
14.715710	-3.635940642e-04
14.720710	3.230228682e-03
14.725711	1.737995760e-05
14.730711	-2.400507130e-03
14.735711	-9.655801679e-04
14.740711	1.576293373e-03
14.745712	2.513244382e-03
14.750712	1.803532141e-04
14.755712	-9.095979381e-04
14.760712	2.573419867e-04
14.765713	-1.138594386e-03
14.770713	-1.310589826e-03
14.775713	1.796256486e-03
14.780713	1.079287360e-03
14.785714	-1.301601451e-03
14.790714	-9.086241369e-04
14.795714	6.872951229e-04
14.800714	-4.696527449e-04
14.805715	2.473089490e-04
14.810715	2.341204191e-03
14.815715	-8.036477138e-04
14.820715	-3.012544787e-03
14.825716	7.442702116e-04
14.830716	2.675173343e-03
14.835716	-1.902609379e-03
14.840716	8.529101285e-05
14.845716	2.561167858e-03
14.850717	-9.186678391e-04
14.855717	-1.798629013e-03
14.860717	1.576204461e-03
14.865717	-7.466870591e-04
14.870718	-1.138671768e-03
14.875718	1.624191260e-03
14.880718	-1.405666122e-03
14.885718	-1.023688169e-03
14.890719	2.016161507e-03
14.895719	1.078203177e-03
14.900719	-1.750663882e-03
14.905719	-1.854662452e-03
14.910720	-2.497434961e-04
14.915720	-2.975769110e-05
14.920720	-2.237654699e-03
14.925720	1.184176581e-03
14.930721	2.790095511e-03
14.935721	1.136171782e-03
14.940721	6.291927026e-04
14.945721	1.332130976e-04
14.950722	-6.887507681e-04
14.955722	-2.497754872e-04
14.960722	-2.572666900e-03
14.965722	-1.927852849e-04
14.970723	2.398086152e-03
14.975723	1.819750769e-05
14.980723	-1.300742337e-03
14.985723	-7.780486039e-05
14.990723	2.015090634e-03
14.995724	-8.037768003e-04
15.000724	-1.023769663e-03
15.005724	-8.781831215e-05
15.010724	-3.068112120e-04
15.015725	-2.294718730e-03
15.020725	1.633088237e-03
15.025725	6.871304409e-04
15.030725	-2.907699502e-03
15.035726	-8.683909146e-05
15.040726	1.634074413e-03
15.045726	3.123999073e-03
15.050726	-2.189747884e-03
15.055727	-1.415788657e-03
15.060727	3.008994368e-03
15.065727	-7.468277645e-04
15.070727	-1.357801677e-03
15.075728	9.640828617e-04
15.080728	8.010873388e-04
15.085728	9.070788389e-04
15.090728	1.331128158e-04
15.095729	-2.342771059e-03
15.100729	7.450765395e-04
15.105729	2.950948963e-04
15.110729	-2.630767243e-03
15.115730	-1.683816298e-03
15.120730	1.430921826e-04
15.125730	9.070519716e-04
15.130730	1.785006264e-03
15.135730	1.900799159e-04
15.140731	-2.562790539e-03
15.145731	9.640359237e-04
15.150731	2.960648531e-04
15.155731	8.010371762e-04
15.160732	1.241012642e-03
15.165732	-1.912838431e-03
15.170732	8.010272976e-04
15.175732	-7.948989568e-04
15.180733	-1.242880611e-03
15.185733	7.350206557e-04
15.190733	-2.515825707e-03
15.195733	7.540132157e-04
15.200734	2.837909384e-03
15.205734	-1.912864568e-03
15.210734	8.010012058e-04
15.215734	2.062937063e-03
15.220735	9.649868248e-04
15.225735	9.169859170e-04
15.230735	-2.018875603e-03
15.235735	-8.619346555e-04
15.240736	-1.919701986e-04
15.245736	-1.138927696e-03
15.250736	4.669915990e-04
15.255736	2.245902550e-03
15.260737	9.639612381e-04
15.265737	-2.515873987e-03
15.270737	-1.300935799e-03
15.275737	2.780864026e-03
15.280737	-1.855915342e-03
15.285738	-3.624833121e-03
15.290738	3.172835640e-03
15.295738	2.512864349e-03
15.300738	-1.626938983e-03
15.305739	-2.500085733e-04
15.310739	-5.269983317e-04
15.315739	-1.128972399e-03
15.320739	-2.020202543e-04
15.325740	7.496326698e-05
15.330740	1.794877151e-03
15.335740	1.078908609e-03
15.340740	-9.659957874e-04
15.345741	-8.804124905e-05
15.350741	5.719238163e-04
15.355741	2.794699544e-05
15.360741	-7.950163544e-04
15.365742	-1.082005567e-03
15.370742	1.126884762e-03
15.375742	-8.610223445e-04
15.380742	-5.850387120e-04
15.385743	2.186824463e-03
15.390743	-9.660264009e-04
15.395743	-3.680898398e-03
15.400743	3.039062518e-04
15.405744	2.951775434e-03
15.410744	2.379034061e-04
15.415744	-1.854998587e-03
15.420744	-4.700684321e-04
15.425744	1.297843244e-03
15.430745	9.068591253e-04
15.435745	-9.090562139e-04
15.440745	1.418900840e-04
15.445745	-2.304994790e-03
15.450746	-1.464038346e-03
15.455746	3.123737265e-03
15.460746	7.488146206e-05
15.465746	-1.407049962e-03
15.470747	4.668566498e-04
15.475747	8.498352272e-04
15.480747	-3.071118653e-04
15.485747	-5.271041741e-04
15.490748	1.298804778e-03
15.495748	8.488235807e-04
15.500748	-1.684057080e-03
15.505748	-4.691186222e-04
15.510749	9.638093197e-04
15.515749	6.958193620e-04
15.520749	-1.081097762e-03
15.525749	-7.561163277e-04
15.530750	1.842755363e-03
15.535750	2.072741394e-03
15.540750	-1.960066827e-03
15.545750	-2.238056268e-03
15.550751	8.382881489e-05
15.555751	1.297767378e-03
15.560751	4.098073948e-04
15.565751	-5.271502178e-04
15.570751	3.518045305e-04
15.575752	-5.271558698e-04
15.580752	8.017771719e-04
15.585752	8.487720920e-04
15.590752	-3.651721232e-04
15.595753	5.817793721e-04
15.600753	8.587632090e-04
15.605753	-3.357036105e-03
15.610753	-2.467081841e-03
15.615754	2.962653316e-03
15.620754	1.297730902e-03
15.625754	-2.076109026e-03
15.630754	-1.186154739e-03
15.635755	9.637387422e-04
15.640755	4.667599804e-04
15.645755	-1.302157386e-03
15.650755	2.062677474e-03
15.655756	1.241714367e-03
15.660756	-2.238120405e-03
15.665756	1.900677117e-03
15.670756	-2.353120288e-03
15.675757	-1.406168701e-03
15.680757	3.286602101e-03
15.685757	-3.024050860e-05
15.690757	8.587138953e-04
15.695758	-1.359181743e-03
15.700758	-2.295139249e-03
15.705758	1.900655568e-03
15.710758	8.487036729e-04
15.715758	1.417351326e-04
15.720759	3.009594060e-03
15.725759	-1.693181612e-03
15.730759	-3.949075376e-03
15.735759	-1.082216384e-03
15.740760	1.680647634e-03
15.745760	1.747641773e-03
15.750760	1.068671922e-03
15.755760	7.916826748e-04
15.760761	-1.904189819e-03
15.765761	-1.922750490e-04
15.770761	6.296826808e-04
15.775761	-2.468170394e-03
15.780762	-8.042532902e-04
15.785762	1.632626513e-03
15.790762	-7.952588809e-04
15.795762	-1.442928694e-04
15.800763	7.469399739e-05
15.805763	1.135640233e-03
15.810763	9.636459818e-04
15.815763	-2.353196478e-03
15.820764	-2.503005145e-04
15.825764	2.015587588e-03
15.830764	-5.842894588e-04
15.835764	-8.831592034e-05
15.840765	-1.741238660e-03
15.845765	-5.272997624e-04
15.850765	3.114521959e-03
15.855765	-1.301267413e-03
15.860765	1.986576984e-04
15.865766	2.466528932e-04
15.870766	-9.762905646e-04
15.875766	-3.033869801e-05
15.880766	-6.893093643e-04
15.885767	-3.643275151e-04
15.890767	-1.197289772e-03
15.895767	1.986403994e-04
15.900767	2.664625241e-05
15.905768	-2.593423869e-04
15.910768	1.575566615e-03
15.915768	-1.140304735e-03
15.920768	6.296074153e-04
15.925769	1.910543172e-03
15.930769	8.462888576e-05
15.935769	-1.024319999e-03
15.940769	-9.773246689e-04
15.945770	2.292515116e-03
15.950770	-1.024327187e-03
15.955770	-3.127228075e-03
15.960770	1.690537017e-03
15.965771	1.900524509e-03
15.970771	-2.411269750e-03
15.975771	-5.853602388e-04
15.980771	5.245838342e-04
15.985772	1.995971698e-04
15.990772	1.126550086e-03
15.995772	-1.254337339e-03
16.000772	-6.903668910e-04
16.005772	6.965638423e-04
16.010773	3.045804404e-04
16.015773	1.125538502e-03
16.020773	-4.223890969e-04
16.025773	-1.521338360e-03
16.030774	-3.041261682e-05
16.035774	2.398467862e-03
16.040774	1.460510846e-03
16.045774	-1.302358085e-03
16.050775	-6.903898960e-04
16.055775	3.035598624e-04
16.060775	6.295418660e-04
16.065775	-1.961335343e-03
16.070776	-2.075332092e-03
16.075776	3.507396213e-03
16.080776	3.035486064e-04
16.085776	4.665385058e-04
16.090777	1.957464318e-03
16.095777	-3.567271253e-03
16.100777	-2.295334860e-03
16.105777	-7.004140491e-04
16.110778	-1.364434740e-04
16.115778	2.846410360e-03
16.120778	2.015448273e-03
16.125778	-1.406388760e-03
16.130779	1.184484010e-03
16.135779	1.068487433e-03
16.140779	-3.070314979e-03
16.145779	1.461464131e-03
16.150779	-5.284419845e-04
16.155780	-2.124367110e-03
16.160780	7.444922779e-04
16.165780	-3.644563398e-04
16.170780	-2.019378600e-03
16.175781	-9.194338186e-04
16.180781	1.345454743e-03
16.185781	8.451348459e-05
16.190781	1.022466102e-03
16.195782	8.484723940e-04
16.200782	1.315048980e-04
16.205782	-9.674441559e-04
16.210782	-3.074780979e-04
16.215783	-1.024445576e-03
16.220783	2.349389509e-03
16.225783	1.078448779e-03
16.230783	-2.468382099e-03
16.235784	1.183439587e-03
16.240784	-5.274798900e-04
16.245784	4.084728883e-04
16.250784	1.135435759e-03
16.255785	-8.614698968e-04
16.260785	1.324800997e-04
16.265785	1.077432467e-03
16.270785	-2.458398896e-03
16.275786	1.334739948e-04
16.280786	1.298415762e-03
16.285786	-2.573399367e-03
16.290786	1.727391060e-03
16.295786	1.517399205e-03
16.300787	4.194502136e-04
16.305787	2.072368457e-03
16.310787	-8.054946153e-04
16.315787	-1.024486012e-03
16.320788	-4.125175097e-04
16.325788	3.044459311e-04
16.330788	6.294282967e-04
16.335788	-2.411426880e-03
16.340789	-1.139490208e-03
16.345789	1.565377311e-03
16.350789	1.517377702e-03
16.355789	-1.463480348e-03
16.360790	-1.416484530e-03
16.365790	-6.325242764e-04
16.370790	-1.355501654e-04
16.375790	1.402373710e-03
16.380791	6.294091262e-04
16.385791	6.864044902e-04
16.390791	-1.464493576e-03
16.395791	-1.024516685e-03
16.400792	-8.625263712e-04
16.405792	1.135375339e-03
16.410792	1.795341629e-03
16.415792	-2.132470645e-03
16.420793	-1.244515347e-03
16.425793	2.934085870e-04
16.430793	1.680339814e-03
16.435793	1.460348605e-03
16.440793	-2.505706385e-04
16.445794	-3.555673860e-04
16.450794	1.403345911e-03
16.455794	2.943976306e-04
16.460794	-1.129535441e-03
16.465795	-1.788505428e-03
16.470795	5.233812031e-04
16.475795	5.233794230e-04
16.480795	-1.473525971e-03
16.485796	-1.254538309e-03
16.490796	1.893902373e-04
16.495796	3.043829304e-04
16.500796	1.632317087e-03
16.505797	1.403326394e-03
16.510797	-1.693525876e-03
16.515797	-6.895760655e-04
16.520797	-1.465540341e-03
16.525798	-2.036029705e-04
16.530798	2.293274802e-03
16.535798	-4.125963098e-04
16.540798	-1.359552309e-03
16.545799	-4.135996642e-04
16.550799	1.852289280e-03
16.555799	1.518303713e-03
16.560799	1.737447425e-05
16.565800	-3.176110329e-04
16.570800	-1.789541660e-03
16.575800	-7.762594862e-05
16.580800	-1.446243726e-04
16.585800	1.842278078e-03
16.590801	2.454246895e-03
16.595801	-2.515514880e-03
16.600801	8.435800324e-05
16.605801	7.433245698e-04
16.610802	-1.809553838e-03
16.615802	1.633278377e-03
16.620802	6.383247872e-04
16.625802	-9.775988256e-04
16.630803	-3.064612940e-05
16.635803	3.033361575e-04
16.640803	-1.740566781e-03
16.645803	-2.515530960e-03
16.650804	1.297283440e-03
16.655804	2.072244466e-03
16.660804	-1.521583642e-03
16.665804	-1.358593068e-03
16.670805	3.277181635e-03
16.675805	2.789203640e-03
16.680805	-4.390451375e-03
16.685805	-2.076564590e-03
16.690806	3.612159315e-03
16.695806	-3.656502195e-04
16.700806	-1.684588079e-03
16.705806	1.575253074e-03
16.710807	6.282972729e-04
16.715807	-3.076590532e-04
16.720807	-2.132572468e-03
16.725807	-1.464606196e-03
16.730807	9.722747062e-04
16.735808	7.342847162e-04
16.740808	-6.996475459e-04
16.745808	-1.356762308e-04
16.750808	-3.646666376e-04
16.755809	3.512973533e-04
16.760809	8.002742362e-04
16.765809	-1.936792322e-04
16.770809	-3.068853456e-05
16.775810	-9.096475415e-04
16.780810	-1.521619429e-03
16.785810	-6.416633177e-04
16.790810	2.292193668e-03
16.795811	-4.226767056e-04
16.800811	-1.139643502e-03
16.805811	1.794213501e-03
16.810811	-7.869749171e-05
16.815812	-1.636623682e-03
16.820812	6.292655785e-04
16.825812	-6.326748854e-04
16.830812	-9.776596001e-04
16.835813	5.242665500e-04
16.840813	8.582490767e-04
16.845813	1.892800166e-04
16.850813	1.021238520e-03
16.855814	-1.637634486e-03
16.860814	-6.426838372e-04
16.865814	1.795197174e-03
16.870814	-8.626758623e-04
16.875814	1.901189427e-03
16.880815	1.422730144e-04
16.885815	-1.857631761e-03
16.890815	1.957182822e-03
16.895815	1.796189303e-03
16.900816	-7.006914689e-04
16.905816	-6.916931808e-04
16.910816	-2.018630408e-03
16.915816	-8.046902646e-04
16.920817	8.012309658e-04
16.925817	1.892592484e-04
16.930817	1.738183241e-03
16.935817	1.958171381e-03
16.940818	-3.348573726e-03
16.945818	-3.128585574e-03
16.950818	1.412553823e-04
16.955818	8.012223101e-04
16.960819	1.892506337e-04
16.965819	6.282282392e-04
16.970819	1.126203003e-03
16.975819	-1.071692111e-03
16.980820	-5.757172392e-04
16.985820	1.507181046e-03
16.990820	-8.774315310e-05
16.995820	-2.123646063e-03
17.000821	5.712227036e-04
17.005821	9.062053753e-04
17.010821	-3.657343893e-04
17.015821	1.680165717e-03
17.020821	-3.547372116e-04
17.025822	-1.741671408e-03
17.030822	1.402175723e-03
17.035822	5.812142216e-04
17.040822	-2.019661367e-03
17.045823	-8.875567533e-05
17.050823	5.252135839e-04
17.055823	-9.667155102e-04
17.060823	-3.076177977e-05
17.065824	1.622157352e-03
17.070824	7.901964225e-04
17.075824	-1.846677387e-03
17.080824	-7.947292321e-04
17.085825	6.761987072e-04
17.090825	6.281999631e-04
17.095825	-2.407591516e-04
17.100825	5.712006103e-04
17.105826	9.631806482e-04
17.110826	8.581846786e-04
17.115826	-4.797517775e-04
17.120826	-8.617343667e-04
17.125827	1.078170984e-03
17.130827	-9.097340835e-04
17.135827	-2.965635864e-03
17.140827	1.312136652e-04
17.145828	1.632140227e-03
17.150828	4.661955108e-04
17.155828	-1.023733562e-03
17.160828	-3.078246576e-05
17.165828	2.462031928e-04
17.170829	-1.464715197e-03
17.175829	1.794126555e-03
17.180829	1.068160638e-03
17.185829	-1.808701460e-03
17.190830	-2.407780789e-04
17.195830	8.011706941e-04
17.200830	-1.359725942e-03
17.205830	-8.047536537e-04
17.210831	3.392042869e-03
17.215831	1.192148132e-03
17.220831	-2.850657651e-03
17.225831	1.069152258e-03
17.230832	8.001643441e-04
17.235832	-3.348636305e-03
17.240832	-1.357922573e-04
17.245832	3.402036111e-03
17.250833	1.728116030e-03
17.255833	-1.637722386e-03
17.260833	-3.567630100e-03
17.265833	-2.507910425e-04
17.270834	2.407079826e-03
17.275834	6.291647934e-04
17.280834	-5.857774053e-04
17.285834	-1.961711828e-03
17.290834	-2.238699285e-03
17.295835	1.321854643e-04
17.300835	3.009045799e-03
17.305835	8.581488031e-04
17.310835	-3.013665127e-03
17.315836	-9.197669852e-04
17.320836	7.911496468e-04
17.325836	7.431511785e-04
17.330836	2.569062272e-03
17.335837	-1.579738260e-03
17.340837	-1.903723390e-03
17.345837	1.078131930e-03
17.350837	1.900091503e-03
17.355838	4.661599614e-04
17.360838	-2.353704682e-03
17.365838	-1.928097152e-04
17.370838	2.569056252e-03
17.375839	-1.458134417e-04
17.380839	-3.658035442e-04
17.385839	5.811500367e-04
17.390839	-1.903730739e-03
17.395840	-6.427923011e-04
17.400840	7.341405446e-04
17.405840	1.411684734e-04
17.410840	8.581331842e-04
17.415841	1.717309385e-05
17.420841	-3.088118458e-04
17.425841	1.738088693e-03
17.430841	-1.081775868e-03
17.435841	-2.344715568e-03
17.440842	-1.458223469e-04
17.445842	1.623091633e-03
17.450842	1.193111748e-03
17.455842	-6.428002745e-04
17.460843	-7.577953506e-04
17.465843	-1.301769716e-03
17.470843	1.576090770e-03
17.475843	1.402098559e-03
17.480844	-3.568171501e-04
17.485844	-1.406767071e-03
17.490844	-4.798124017e-04
17.495844	1.795077216e-03
17.500845	1.311569455e-04
17.505845	-1.474766118e-03
17.510845	-1.731754282e-03
17.515845	1.460091102e-03
17.520846	-5.368130733e-04
17.525846	-2.458720863e-03
17.530846	1.517086702e-03
17.535846	2.397043692e-03
17.540847	5.231336042e-04
17.545847	-1.568765957e-03
17.550847	-1.358776613e-03
17.555847	1.679076251e-03
17.560848	6.951232329e-04
17.565848	-1.243783689e-03
17.570848	2.371443373e-04
17.575848	-1.082792447e-03
17.580848	1.413086604e-03
17.585849	5.241290304e-04
17.590849	-3.902657785e-03
17.595849	2.292042761e-03
17.600849	2.292042300e-03
17.605850	-2.076747297e-03
17.610850	-2.191742197e-03
17.615850	-1.458413862e-04
17.620850	1.241091235e-03
17.625851	-3.084780684e-05
17.630851	8.414621656e-05
17.635851	-7.478140495e-04
17.640851	4.651269933e-04
17.645852	1.298086382e-03
17.650852	-1.415783036e-03
17.655852	-9.678050551e-04
17.660852	1.517074621e-03
17.665853	-4.798293836e-04
17.670853	-1.938435661e-04
17.675853	2.072046698e-03
17.680853	-7.468176180e-04
17.685854	-7.478179314e-04
17.690854	7.414204089e-05
17.695854	-1.359789101e-03
17.700854	-8.538138655e-04
17.705855	1.355079184e-03
17.710855	1.126089904e-03
17.715855	-1.751771523e-03
17.720855	-6.898230981e-04
17.725855	-1.741772641e-03
17.730856	-1.914764600e-03
17.735856	3.668965599e-03
17.740856	7.441064699e-04
17.745856	1.355076690e-03
17.750857	5.231165595e-04
17.755857	-1.684777156e-03
17.760857	1.575065234e-03
17.765857	-3.648414039e-04
17.770858	-2.598467332e-04
17.775858	6.851074028e-04
17.780858	-3.567687587e-03
17.785858	-9.098161126e-04
17.790859	1.852050348e-03
17.795859	-5.848322685e-04
17.800859	2.349025903e-03
17.805859	1.842050151e-03
17.810860	-2.598486155e-04
17.815860	9.060949015e-04
17.820860	-1.349796421e-03
17.825860	-4.128418402e-04
17.830861	-2.608493673e-04
17.835861	-1.799775276e-03
17.840861	1.413069477e-03
17.845861	-1.928531874e-04
17.850862	-3.086117353e-05
17.855862	-4.708400998e-04
17.860862	-1.359797350e-03
17.865862	2.893997191e-03
17.870862	1.298074074e-03
17.875863	-1.798776595e-03
17.880863	7.413287654e-05
17.885863	-4.808404642e-04
17.890863	-1.579787544e-03
17.895864	2.742003750e-03
17.900864	9.630895005e-04
17.905864	-3.078492607e-04
17.910864	-5.278387400e-04
17.915865	-3.088494007e-04
17.920865	-6.328338489e-04
17.925865	-3.184710762e-03
17.930865	1.355070052e-03
17.935866	1.899043730e-03
17.940866	1.012086477e-03
17.945866	1.136080436e-03
17.950866	-3.668470750e-04
17.955867	-1.856775208e-03
17.960867	2.015037881e-03
17.965867	-9.678181839e-04
17.970867	-1.961770237e-03
17.975868	2.350021634e-03
17.980868	-1.301802126e-03
17.985868	1.020085800e-03
17.990868	5.231097831e-04
17.995869	-3.462697839e-03
18.000869	1.738051156e-03
18.005869	2.178029935e-03
18.010869	-9.108209613e-04
18.015869	-1.799778029e-03
18.020870	-1.253804348e-03
18.025870	-1.302801945e-03
18.030870	-2.988503568e-04
18.035870	9.640887376e-04
18.040871	1.011086525e-03
18.045871	1.574059415e-03
18.050871	1.575059434e-03
18.055871	-1.635785521e-03
18.060872	-2.573740171e-03
18.065872	1.192078157e-03
18.070872	1.575059764e-03
18.075872	-9.198197240e-04
18.080873	-3.070715808e-03
18.085873	4.661135959e-04
18.090873	1.623057871e-03
18.095873	-4.698409951e-04
18.100874	-1.081811332e-03
18.105874	5.131118216e-04
18.110874	1.899045068e-03
18.115874	3.611194399e-04
18.120875	-1.071811250e-03
18.125875	4.101173809e-04
18.130875	1.613655813e-05
18.135875	-1.465791749e-03
18.140876	-6.328317783e-04
18.145876	8.580964416e-04
18.150876	7.431021771e-04
18.155876	-2.028519753e-04
18.160876	-5.848333420e-04
18.165877	-1.458543263e-04
18.170877	1.891297146e-04
18.175877	1.411322459e-04
18.180877	8.413521743e-05
18.185878	-1.693778745e-03
18.190878	7.413615887e-05
18.195878	1.135085191e-03
18.200878	1.981306567e-04
18.205879	-3.648419215e-04
18.210879	-1.196801511e-03
18.215879	-4.708362881e-04
18.220879	1.403073536e-03
18.225880	2.471296006e-04
18.230880	-2.344745024e-03
18.235880	1.574066121e-03
18.240880	8.491014023e-04
18.245881	-9.198129242e-04
18.250881	9.630965004e-04
18.255881	1.853053856e-03
18.260881	3.511266606e-04
18.265882	-2.965712932e-03
18.270882	-1.348790646e-03
18.275882	-4.708326883e-04
18.280882	1.240085073e-03
18.285883	-1.938453747e-04
18.290883	2.461337397e-04
18.295883	9.640994431e-04
18.300883	-1.798766846e-03
18.305883	-7.578167195e-04
18.310884	-6.438218479e-04
18.315884	1.518074188e-03
18.320884	5.821197468e-04
18.325884	-1.579775518e-03
18.330885	1.614785157e-05
18.335885	2.904008872e-03
18.340885	1.518076173e-03
18.345885	-1.856760526e-03
18.350886	-1.464779025e-03
18.355886	6.861175889e-04
18.360886	1.575075116e-03
18.365886	6.381207760e-04
18.370887	5.231267702e-04
18.375887	-1.798760714e-03
18.380887	1.815204854e-05
18.385887	-2.516725144e-03
18.390888	-2.622719561e-03
18.395888	9.061105941e-04
18.400888	2.617028496e-03
18.405888	3.171002244e-03
18.410889	-1.024794755e-03
18.415889	-2.907703380e-03
18.420889	8.581153661e-04
18.425889	1.136102458e-03
18.430890	-1.253781680e-03
18.435890	5.231330778e-04
18.440890	-7.478050541e-04
18.445890	-1.254780053e-03
18.450890	1.460089453e-03
18.455891	2.015063211e-03
18.460891	-1.301776152e-03
18.465891	-7.478023342e-04
18.470891	6.951285846e-04
18.475892	-1.904745365e-03
18.480892	3.511463277e-04
18.485892	4.671413085e-04
18.490892	-1.740751543e-03
18.495893	6.861319152e-04
18.500893	3.031509966e-04
18.505893	-1.458267308e-04
18.510893	2.120064515e-03
18.515894	6.381366545e-04
18.520894	-8.057930340e-04
18.525894	1.891595711e-04
18.530894	9.071255507e-04
18.535895	1.183112868e-03
18.540895	-5.288038624e-04
18.545895	-1.522755240e-03
18.550895	-1.636749082e-03
18.555896	-1.521753971e-03
18.560896	1.460102778e-03
18.565896	7.911357386e-04
18.570896	-1.626746883e-03
18.575897	3.611578557e-04
18.580897	3.041612975e-04
18.585897	1.021127390e-03
18.590897	-1.417754195e-03
18.595897	-1.521748467e-03
18.600898	4.671562531e-04
18.605898	1.899087861e-03
18.610898	3.124029466e-03
18.615898	-2.629692099e-03
18.620899	6.281513991e-04
18.625899	1.412114305e-03
18.630899	-2.296705940e-03
18.635899	2.361725669e-04
18.640900	-3.081378562e-05
18.645900	-5.747867635e-04
18.650900	-1.024764272e-03
18.655900	2.461751650e-04
18.660901	-3.077973126e-04
18.665901	2.072088613e-03
18.670901	6.381586183e-04
18.675901	-3.854623736e-03
18.680902	-2.027991820e-04
18.685902	1.518118572e-03
18.690902	1.345127742e-03
18.695902	1.355128085e-03
18.700903	-2.065705977e-03
18.705903	-1.416736461e-03
18.710903	2.176090975e-03
18.715903	1.297134247e-03
18.720904	-1.635723344e-03
18.725904	-1.521727984e-03
18.730904	3.031848036e-04
18.735904	-1.244739613e-03
18.740904	-2.238690761e-03
18.745905	1.403134351e-03
18.750905	3.066054981e-03
18.755905	-8.779190229e-05
18.760905	-1.473724108e-03
18.765906	-4.707716073e-04
18.770906	-1.927841103e-04
18.775906	-2.191686714e-03
18.780906	1.784122320e-03
18.785907	2.561969972e-04
18.790907	-9.097457912e-04
18.795907	1.346146272e-03
18.800907	-2.507757036e-04
18.805908	1.517139923e-03
18.810908	-6.897526003e-04
18.815908	-8.778068750e-05
18.820908	1.565140507e-03
18.825909	5.231917754e-04
18.830909	-3.013636536e-03
18.835909	1.332125725e-04
18.840909	1.241160094e-03
18.845910	-4.717562304e-04
18.850910	2.349108629e-03
18.855910	-1.855687413e-03
18.860910	-2.295665158e-03
18.865911	3.612076337e-04
18.870911	2.362146979e-04
18.875911	1.345162212e-03
18.880911	2.073128120e-03
18.885911	-1.244710696e-03
18.890912	-2.678640433e-03
18.895912	9.061876068e-04
18.900912	-8.876330541e-05
18.905912	-2.507544145e-04
18.910913	8.011958916e-04
18.915913	-3.077495011e-04
18.920913	-2.027534786e-04
18.925913	-1.627683609e-03
18.930914	1.412321167e-04
18.935914	4.672174907e-04
18.940914	-8.627172067e-04
18.945914	3.228086471e-03
18.950915	1.021194111e-03
18.955915	-1.464684777e-03
18.960915	1.068194111e-03
18.965915	1.724597755e-05
18.970916	-1.082699785e-03
18.975916	-1.961656208e-03
18.980916	-1.071698001e-03
18.985916	1.355186032e-03
18.990917	-6.437163191e-04
18.995917	6.292234206e-04
19.000917	2.350141545e-03
19.005917	-1.937344859e-04
19.010918	-1.301679815e-03
19.015918	5.712309902e-04
19.020918	3.512428152e-04
19.025918	-1.301676194e-03
19.030918	1.355196792e-03
19.035919	7.432275531e-04
19.040919	-3.657176931e-04
19.045919	-1.927248060e-04
19.050919	-1.186675591e-03
19.055920	-6.996978462e-04
19.060920	1.068218080e-03
19.065920	-8.872482061e-05
19.070920	-4.127079177e-04
19.075921	-1.349661424e-03
19.080921	-1.244665214e-03
19.085921	6.862428743e-04
19.090921	1.565201741e-03
19.095922	1.068227022e-03
19.100922	-7.476840319e-04
19.105922	-9.096749066e-04
19.110922	-3.557003314e-04
19.115923	1.345218893e-03
19.120923	1.173228518e-03
19.125923	-4.696908564e-04
19.130923	-4.126922713e-04
19.135924	-2.506987479e-04
19.140924	-3.070801787e-05
19.145924	8.002532296e-04
19.150924	-1.683625527e-03
19.155925	-3.646878197e-04
19.160925	1.507223204e-03
19.165925	-4.706799557e-04
19.170925	-9.666546346e-04
19.175925	-3.069841956e-05
19.180926	1.077249500e-03
19.185926	3.042882075e-04
19.190926	-1.855606139e-03
19.195926	-1.464623598e-03
19.200927	1.737223284e-03
19.205927	-9.196470588e-04
19.210927	-6.896567295e-04
19.215927	1.403243692e-03
19.220928	-6.906538043e-04
19.225928	1.795227662e-03
19.230928	1.793071076e-04
19.235928	-1.579606540e-03
19.240929	1.078266643e-03
19.245929	-1.456728127e-04
19.250929	6.872884610e-04
19.255929	-1.926675856e-04
19.260930	-1.627596841e-03
19.265930	1.738242202e-03
19.270930	1.900235883e-03
19.275930	-1.961576221e-03
19.280931	-1.799582528e-03
19.285931	-1.140612816e-03
19.290931	8.582922304e-04
19.295931	1.575259155e-03
19.300932	7.433313230e-05
19.305932	-2.026519582e-04
19.310932	9.062960653e-04
19.315932	-1.292596253e-03
19.320932	-7.476209977e-04
19.325933	1.021295190e-03
19.330933	-2.018556522e-03
19.335933	-8.764814100e-05
19.340933	1.078297167e-03
19.345934	7.434720967e-05
19.350934	-1.081595405e-03
19.355934	-2.458527349e-03
19.360934	-5.286188904e-04
19.365935	2.674228136e-03
19.370935	-3.656235296e-04
19.375935	-4.696168877e-04
19.380935	3.009216835e-03
19.385936	-1.456292621e-04
19.390936	-3.646170526e-04
19.395936	-8.862872709e-05
19.400936	-1.292568967e-03
19.405937	-3.395465813e-03
19.410937	-8.615864474e-04
19.415937	5.112126901e-03
19.420937	1.794288712e-03
19.425938	-3.184469308e-03
19.430938	-1.473550199e-03
19.435938	2.637910024e-05
19.440938	1.517308839e-03
19.445939	7.438018638e-05
19.450939	-2.458495854e-03
19.455939	2.235279317e-03
19.460939	1.461318394e-03
19.465939	-8.525681987e-04
19.470940	-2.468488473e-03
19.475940	-7.575693109e-04
19.480940	3.286237260e-03
19.485940	1.355332206e-03
19.490941	-1.129546104e-03
19.495941	-1.578522672e-03
19.500941	-1.359531473e-03
19.505941	-2.515831735e-04
19.510942	1.241346551e-03
19.515942	3.523912420e-04
19.520942	-4.135699971e-04
19.525942	-2.985737497e-04
19.530943	4.093938839e-04
19.535943	5.243901429e-04
19.540943	-1.474511565e-03
19.545943	-3.057943531e-05
19.550944	-1.355725410e-04
19.555944	-2.595647238e-04
19.560944	4.118225821e-03
19.565944	6.383956190e-04
19.570945	-3.576399104e-03
19.575945	3.514131764e-04
19.580945	2.129329227e-03
19.585945	-1.244506067e-03
19.590946	-1.521490825e-03
19.595946	3.614201756e-04
19.600946	1.843350535e-03
19.605946	-9.195142242e-04
19.610946	-1.465485976e-03
19.615947	4.094254340e-04
19.620947	-9.665062484e-04
19.625947	2.644774101e-05
19.630947	-6.435180031e-04
19.635948	3.614354188e-04
19.640948	1.184397630e-03
19.645948	-1.082491021e-03
19.650948	-1.350476143e-03
19.655949	2.894320931e-03
19.660949	1.231403147e-03
19.665949	-2.458416804e-03
19.670949	1.413398290e-03
19.675950	-1.253471021e-03
19.680950	-2.411413155e-03
19.685950	3.286313829e-03
19.690950	8.594329519e-04
19.695951	-2.573399367e-03
19.700951	1.647763425e-05
19.705951	5.814523732e-04
19.710951	-9.674708551e-04
19.715952	-3.654978902e-04
19.720952	4.674639318e-04
19.725952	-4.124915667e-04
19.730952	-3.050796661e-05
19.735953	-8.750317350e-05
19.740953	3.614772046e-04
19.745953	2.177391614e-03
19.750953	6.854656809e-04
19.755953	7.434649471e-04
19.760954	2.474909565e-04
19.765954	-1.903403154e-03
19.770954	3.034924137e-04
19.775954	7.334737495e-04
19.780955	-1.081436560e-03
19.785955	-1.903394787e-03
19.790955	7.914772511e-04
19.795955	1.680436458e-03
19.800956	-2.504682297e-04
19.805956	8.451772582e-05
19.810956	3.615064864e-04
19.815956	-3.654562916e-04
19.820957	-2.248363272e-03
19.825957	6.864972239e-04
19.830957	9.634860077e-04
19.835957	-1.359399720e-03
19.840958	-9.674164747e-04
19.845958	-2.984465924e-04
19.850958	4.675186143e-04
19.855958	-1.358391077e-03
19.860959	2.465336493e-04
19.865959	3.343386373e-03
19.870959	1.240490068e-03
19.875959	-1.138392910e-03
19.880960	-8.044068192e-04
19.885960	-1.637364400e-03
19.890960	-1.130386647e-03
19.895960	1.576484934e-03
19.900960	1.623484900e-03
19.905961	-1.454274841e-04
19.910961	6.865346068e-04
19.915961	-1.684348711e-03
19.920961	-8.043889255e-04
19.925962	3.611400210e-03
19.930962	-2.504111315e-04
19.935962	-2.515299542e-03
19.940962	1.795494678e-03
19.945963	8.005449852e-04
19.950963	-1.856324489e-03
19.955963	-4.693891320e-04
19.960963	-1.924001973e-04
19.965964	9.055491196e-04
19.970964	-3.653872237e-04
19.975964	-7.463665149e-04
19.980964	9.635532827e-04
19.985965	1.315957696e-04
19.990965	-1.463324914e-03
19.995965	-8.043543746e-04
20.000965	-6.433597951e-04
20.005966	9.055678018e-04
20.010966	3.287455202e-03
20.015966	1.795529577e-03
20.020966	-2.124278861e-03
20.025967	-2.066279282e-03
20.030967	1.068571800e-03
20.035967	-7.563377310e-04
20.040967	9.065844044e-04
20.045967	9.635840553e-04
20.050968	-1.072315274e-03
20.055968	1.632556589e-03
20.060968	7.925995485e-04
20.065968	8.495992226e-04
20.070969	-8.835307635e-05
20.075969	-1.301292097e-03
20.080969	4.666250169e-04
20.085969	-1.684268722e-03
20.090970	-2.955204927e-03
20.095970	2.936407281e-04
20.100970	2.234549516e-03
20.105970	-2.403285629e-04
20.110971	-2.295226906e-03
20.115971	-6.413042497e-04
20.120971	1.900575556e-03
20.125971	2.071569797e-03
20.130972	8.016335907e-04
20.135972	-1.855235670e-03
20.140972	-1.417254297e-03
20.145972	9.056361067e-04
20.150973	1.356616864e-03
20.155973	4.096650973e-04
20.160973	-1.130258043e-03
20.165973	-2.296199229e-03
20.170974	-2.592949931e-04
20.175974	3.626775398e-04
20.180974	1.518624306e-03
20.185974	-2.022900701e-04
20.190974	-2.678168003e-03
20.195975	1.077653299e-03
20.200975	1.345642945e-03
20.205975	1.897013237e-04
20.210975	3.036984144e-04
20.215976	-1.522210860e-03
20.220976	1.518644978e-03
20.225976	2.130618051e-03
20.230976	-4.064080347e-03
20.235977	4.667035973e-04
20.240977	3.009583493e-03
20.245977	-3.172533046e-04
20.250977	-2.792131216e-03
20.255978	1.251676255e-03
20.260978	2.119637013e-03
20.265978	-1.140202995e-03
20.270978	-1.683174126e-03
20.275979	-8.042138815e-04
20.280979	-5.852217776e-04
20.285979	-3.072325155e-04
20.290979	2.775400149e-05
20.295980	1.135703217e-03
20.300980	6.287303828e-04
20.305980	-1.452295598e-04
20.310980	-4.692112147e-04
20.315981	-2.409114872e-03
20.320981	1.574695570e-03
20.325981	1.240714415e-03
20.330981	2.947628022e-04
20.335981	-1.465149519e-03
20.340982	-2.850079933e-03
20.345982	8.497442441e-04
20.350982	2.464669054e-03
20.355982	8.478667882e-05
20.360983	-1.081154281e-03
20.365983	8.017576115e-04
20.370983	6.867659387e-04
20.375983	-6.901648209e-04
20.380984	-1.301132544e-03
20.385984	7.347719879e-04
20.390984	1.622731931e-03
20.395984	-7.951485644e-04
20.400985	-1.301121332e-03
20.405985	1.781782712e-05
20.410985	3.401657330e-03
20.415985	1.240764454e-03
20.420986	-2.296062007e-03
20.425986	2.468181020e-04
20.430986	-1.196109409e-03
20.435986	-2.123061818e-03
20.440987	1.988289742e-04
20.445987	1.068789849e-03
20.450987	2.512723027e-03
20.455987	-8.714861538e-05
20.460987	-2.802014702e-03
20.465988	6.868197964e-04
20.470988	1.297793200e-03
20.475988	-9.670945874e-04
20.480988	6.298312409e-04
20.485989	-3.071206278e-04
20.490989	-4.701098459e-04
20.495989	1.125816048e-03
20.500989	-8.520855622e-04
20.505990	1.633797389e-03
20.510990	6.768465147e-04
20.515990	-4.120979836e-04
20.520990	-1.521041511e-03
20.525991	-1.140056944e-03
20.530991	1.135836172e-03
20.535991	-6.410750989e-04
20.540991	2.178791773e-03
20.545992	1.135845089e-03
20.550992	-6.320665986e-04
20.555992	-3.843908590e-03
20.560992	-1.970995990e-03
20.565993	3.343750496e-03
20.570993	1.078862817e-03
20.575993	-2.017984701e-03
20.580993	-8.050402250e-04
20.585994	1.068872355e-03
20.590994	7.448910219e-04
20.595994	-2.572945807e-03
20.600994	-1.082014726e-03
20.605994	2.292825435e-03
20.610995	1.518865843e-03
20.615995	-1.357992247e-03
20.620995	-2.677925476e-03
20.625995	-3.080367883e-04
20.630996	1.900859675e-03
20.635996	-3.004404828e-05
20.640996	-4.220220422e-04
20.645996	1.575884622e-03
20.650997	-9.669895477e-04
20.655997	4.669443481e-04
20.660997	2.407853780e-03
20.665997	-1.577950729e-03
20.670998	-2.027925890e-03
20.675998	6.389485213e-04
20.680998	8.009438357e-04
20.685998	-1.081962147e-03
20.690999	1.079936653e-03
20.695999	2.015894630e-03
20.700999	-2.305893624e-03
20.705999	-4.789786379e-04
20.711000	1.470930417e-03
20.716000	2.469926637e-04
20.721000	-1.080940065e-03
20.726000	-1.854899525e-03
20.731001	-8.619442600e-04
20.736001	1.632938521e-03
20.741001	1.460950023e-03
20.746001	-2.997480992e-05
20.751001	-2.457854416e-03
20.756002	1.518956863e-03
20.761002	8.499923750e-04
20.766002	-1.693881615e-03
20.771002	1.192982287e-03
20.776003	1.355977662e-03
20.781003	1.804548405e-05
20.786003	-2.074850250e-03
20.791003	1.413984621e-03
20.796004	-8.793962423e-05
20.801004	-3.739760099e-03
20.806004	-3.069225089e-04
20.811004	1.690984344e-03
20.816005	1.356003799e-03
20.821005	3.520555475e-04
20.826005	9.640293094e-04
20.831005	5.250538010e-04
20.836006	-2.294806789e-03
20.841006	-2.991278768e-05
20.846006	8.490481109e-04
20.851006	-1.300844798e-03
20.856007	1.461025234e-03
20.861007	-9.188565626e-04
20.866007	-1.300834782e-03
20.871007	3.066957757e-03
20.876008	7.450731782e-04
20.881008	-1.578811298e-03
20.886008	-2.018786696e-03
20.891008	-1.405812908e-03
20.896008	-6.328468368e-04
20.901009	-2.598614546e-04
20.906009	6.880961822e-04
20.911009	9.640862572e-04
20.916009	1.901270135e-04
20.921010	1.022090266e-03
20.926010	1.958048505e-03
20.931010	-1.960758936e-03
20.936010	-2.237742144e-03
20.941011	3.051385544e-04
20.946011	4.091369703e-04
20.951011	1.069108558e-03
20.956011	4.101438097e-04
20.961012	8.591255921e-04
20.966012	-4.698068089e-04
20.971012	8.591325138e-04
20.976012	4.101576531e-04
20.981013	-1.138764113e-03
20.986013	-3.068007868e-04
20.991013	-2.018023680e-04
20.996013	-1.081756405e-03
21.001014	1.414126630e-03
21.006014	6.401674884e-04
21.011014	-2.190692371e-03
21.016014	1.460134937e-03
21.021015	-3.067762625e-04
21.026015	-2.189681858e-03
21.031015	9.061722531e-04
21.036015	2.572071131e-04
21.041015	-5.267515059e-04
21.046016	-1.138718420e-03
21.051016	-6.317393348e-04
21.056016	2.283123540e-03
21.061016	-1.358697122e-03
21.066017	3.622233900e-04
21.071017	1.691162826e-03
21.076017	7.524440153e-05
21.081017	-1.855658815e-03
21.086018	-1.902652952e-03
21.091018	3.116108418e-03
21.096018	1.021213134e-03
21.101018	-3.290575147e-03
21.106019	-6.406994258e-04
21.111019	1.854183782e-03
21.116019	-9.096791923e-04
21.121019	-1.080667305e-03
21.126020	1.739200234e-03
21.131020	2.728650454e-05
21.136020	-6.896752403e-04
21.141020	7.529149548e-05
21.146021	1.232239318e-03
21.151021	9.162582369e-04
21.156021	-1.023644460e-03
21.161021	-2.629563271e-03
21.166022	-5.266610826e-04
21.171022	1.184260031e-03
21.176022	2.130218071e-03
21.181022	9.072807976e-04
21.186022	-1.253611200e-03
21.191023	5.243067028e-04
21.196023	-2.572540109e-03
21.201023	-8.606190102e-04
21.206023	1.414274923e-03
21.211024	-1.846563957e-03
21.216024	1.903414732e-04
21.221024	6.873212339e-04
21.226024	-4.116219729e-04
21.231025	1.299299208e-03
21.236025	8.493246905e-04
21.241025	-8.662636606e-05
21.246025	-1.740542764e-03
21.251026	-9.755759043e-04
21.256026	1.796294099e-03
21.261026	1.241324677e-03
21.266026	-9.665649619e-04
21.271027	1.078340145e-03
21.276027	5.723683749e-04
21.281027	-1.300537415e-03
21.286027	-2.485843662e-04
21.291028	-5.835643722e-04
21.296028	-6.415577412e-04
21.301028	-1.345783729e-04
21.306028	-9.095371263e-04
21.311029	1.324164328e-04
21.316029	-8.656914340e-05
21.321029	7.443946104e-04
21.326029	2.837297462e-03
21.331029	1.904290847e-04
21.336030	-7.935195481e-04
21.341030	-4.215336193e-04
21.346030	-1.445430999e-04
21.351030	-2.572422025e-03
21.356031	-5.835141195e-04
21.361031	2.189355954e-03
21.366031	-4.115146049e-04
21.371031	9.634229503e-04
21.376032	-4.215062841e-04
21.381032	-1.357457183e-03
21.386032	-3.075039253e-04
21.391032	8.548104627e-05
21.396033	2.791354392e-03
21.401033	5.144682361e-04
21.406033	-2.295392190e-03
21.411033	-7.364634705e-04
21.416034	1.424980736e-04
21.421034	7.550527976e-05
21.426034	7.550925791e-05
21.431034	-6.894498375e-04
21.436035	-1.243419111e-03
21.441035	6.304944404e-04
21.446035	8.494878715e-04
21.451035	6.874996963e-04
21.456036	4.675143259e-04
21.461036	-8.645491917e-05
21.466036	1.079492830e-03
21.471036	-2.295340255e-03
21.476036	-1.635368074e-03
21.481037	2.628430174e-03
21.486037	-1.081386726e-03
21.491037	-3.074200304e-04
21.496037	2.131466314e-03
21.501038	6.305428185e-04
21.506038	-8.513815885e-04
21.511038	-1.023369214e-03
21.516038	5.155605894e-04
21.521039	3.045748576e-04
21.526039	-2.493943145e-04
21.531039	-1.463331628e-03
21.536039	-1.186340895e-03
21.541040	2.733474023e-03
21.546040	5.735823831e-04
21.551040	-2.074285699e-03
21.556040	2.905478077e-03
21.561041	2.847485006e-03
21.566041	-1.693291698e-03
21.571041	-1.693287558e-03
21.576041	-4.693424846e-04
21.581042	-5.263355816e-04
21.586042	3.056284216e-04
21.591042	-1.520279288e-03
21.596042	-1.080296355e-03
21.601043	7.456196924e-04
21.606043	1.680578747e-03
21.611043	-5.843077528e-04
21.616043	-2.017234401e-03
21.621043	-8.612859962e-04
21.626044	1.336701849e-04
21.631044	1.426739585e-04
21.636044	-1.960220332e-03
21.641044	4.106694568e-04
21.646045	2.476815483e-04
21.651045	-8.729805350e-05
21.656045	4.004508692e-03
21.661045	9.086623543e-04
21.666046	-1.473218437e-03
21.671046	-6.312548217e-04
21.676046	-1.520207658e-03
21.681046	3.784540573e-03
21.686047	1.633648655e-03
21.691047	-2.744135777e-03
21.696047	-2.012542278e-04
21.701047	-9.662130209e-04
21.706048	-3.532383142e-04
21.711048	-3.632335343e-04
21.716048	8.474914692e-05
21.721048	6.867244013e-04
21.726049	-3.632206091e-04
21.731049	1.748681780e-03
21.736049	1.844681472e-03
21.741049	-2.351111688e-03
21.746050	-1.856131242e-03
21.751050	1.461712965e-03
21.756050	-1.912029095e-04
21.761050	-2.238099763e-03
21.766050	2.130693736e-03
21.771051	1.290738641e-03
21.776051	-2.409078418e-03
21.781051	-7.461543033e-04
21.786051	1.428071721e-04
21.791052	4.197981897e-04
21.796052	-5.351513277e-04
21.801052	-1.368106728e-03
21.806052	1.241771710e-03
21.811053	1.911743783e-03
21.816053	-1.464088869e-03
21.821053	-7.451191496e-04
21.826053	1.348428046e-04
21.831054	1.518780440e-03
21.836054	6.398272992e-04
21.841054	-1.855047844e-03
21.846054	-1.441259736e-04
21.851055	3.058567613e-04
21.856055	6.878427836e-04
21.861055	-2.011098469e-04
21.866055	-1.921058116e-04
21.871056	6.398585092e-04
21.876056	-3.060913536e-04
21.881056	-3.640840681e-04
21.886056	-8.609299318e-05
21.891057	-2.016995301e-03
21.896057	1.403844096e-03
21.901057	4.004723074e-03
21.906057	-6.310486672e-04
21.911057	-1.186017362e-03
21.916058	-2.490580587e-04
21.921058	-7.550291072e-04
21.926058	-9.650144359e-04
21.931058	1.633864672e-03
21.936059	-9.190075669e-04
21.941059	-9.660007457e-04
21.946059	2.905816940e-03
21.951059	-2.903684548e-05
21.956060	2.969519904e-04
21.961060	-5.260037146e-04
21.966060	2.479635107e-04
21.971060	6.309496122e-04
21.976061	-2.901394300e-05
21.981061	1.899800846e-04
21.986061	-1.128951654e-03
21.991061	-8.599738417e-05
21.996062	1.809943434e-04
22.001062	-6.409613656e-04
22.006062	-2.389761424e-04
22.011062	6.399860651e-04
22.016063	-8.599369053e-04
22.021063	-1.910881540e-03
22.026063	1.183973734e-03
22.031063	9.169912726e-04
22.036064	-4.679372259e-04
22.041064	7.350093776e-04
22.046064	-2.351836967e-03
22.051064	1.430472923e-04
22.056064	2.016961528e-03
22.061065	-3.182782821e-03
22.066065	-2.489197324e-04
22.071065	4.119874105e-03
22.076065	9.650310754e-04
22.081066	-3.288758908e-03
22.086066	-2.246804485e-03
22.091066	9.080479654e-04
22.096066	1.854007033e-03
22.101067	6.300708359e-04
22.106067	-3.628765043e-04
22.111067	2.011010162e-04
22.116067	-1.462813929e-03
22.121068	2.811886323e-05
22.126068	5.830968346e-04
22.131068	-6.978365785e-04
22.136068	-3.058507293e-04
22.141069	-1.908515060e-04
22.146069	4.681214681e-04
22.151069	9.071050654e-04
22.156069	-1.438394206e-04
22.161070	-3.628240555e-04
22.166070	5.831350892e-04
22.171070	-1.080779795e-03
22.176070	2.481608758e-04
22.181071	-7.937840171e-04
22.186071	-2.351704001e-03
22.191071	1.463116706e-03
22.196071	6.881589435e-04
22.201071	1.290134729e-03
22.206072	1.911926145e-04
22.211072	-6.307628632e-04
22.216072	1.332051202e-04
22.221072	-2.878219974e-05
22.226073	2.017123922e-03
22.231073	1.332197211e-04
22.236073	-2.733637032e-03
22.241073	-4.687414635e-04
22.246074	-2.497471441e-04
22.251074	7.932074125e-04
22.256074	3.012105218e-03
22.261074	1.358189949e-03
22.266075	-2.456621018e-03
22.271075	-3.230578747e-03
22.276075	-1.252669288e-03
22.281075	-1.577648676e-03
22.286076	1.577203989e-03
22.291076	2.131182189e-03
22.296076	-3.536929344e-04
22.301076	-2.857567136e-03
22.306077	-8.569596506e-05
22.311077	1.911212615e-03
22.316077	5.732821556e-04
22.321077	1.739230852e-03
22.326078	9.652731841e-04
22.331078	-8.567110997e-05
22.336078	-2.073570177e-03
22.341078	-9.646187069e-04
22.346078	-1.346537665e-04
22.351079	-5.256298920e-04
22.356079	6.313192775e-04
22.361079	1.903455760e-04
22.366079	-1.577564076e-03
22.371080	7.636112378e-05
22.376080	9.663232012e-04
22.381080	-1.127570700e-03
22.386080	2.073279853e-03
22.391081	1.185327758e-03
22.396081	-1.576533888e-03
22.401081	-1.300542150e-03
22.406081	3.063853557e-04
22.411082	2.734273243e-03
22.416082	2.483982989e-04
22.421082	-1.634505743e-03
22.426082	-1.520506159e-03
22.431083	9.653789515e-04
22.436083	1.510357745e-03
22.441083	1.434288218e-04
22.446083	-1.567483494e-03
22.451084	-1.633475195e-03
22.456084	3.544339770e-04
22.461084	3.054414656e-04
22.466084	1.242401373e-03
22.471085	-1.335270834e-04
22.476085	-1.462457802e-03
22.481085	3.544596501e-04
22.486085	6.314514323e-04
22.491085	-2.485009403e-04
22.496086	-4.684851608e-04
22.501086	9.074535972e-04
22.506086	4.114827081e-04
22.511086	7.454717665e-04
22.516087	-4.104672585e-04
22.521087	-3.947291365e-03
22.526087	1.681442160e-03
22.531087	1.788442195e-03
22.536088	-1.404398497e-03
22.541088	-8.514199757e-04
22.546088	5.735164662e-04
22.551088	-2.844925819e-05
22.556089	-4.674228440e-04
22.561089	1.788473508e-03
22.566089	-9.753878565e-04
22.571089	-1.902337874e-03
22.576090	6.985418438e-04
22.581090	1.290518526e-03
22.586090	1.232526585e-03
22.591090	-5.253833045e-04
22.596091	-1.681322243e-03
22.601091	-6.303676910e-04
22.606091	1.357541644e-03
22.611091	8.605709171e-04
22.616092	-8.637808631e-05
22.621092	-2.003672871e-04
22.626092	-1.241311743e-03
22.631092	-1.433594271e-04
22.636092	1.863806788e-05
22.641093	-2.473437753e-04
22.646093	4.216292614e-04
22.651093	4.776318884e-04
22.656093	-8.033009521e-04
22.661094	4.116457495e-04
22.666094	2.284560700e-03
22.671094	-4.683010821e-04
22.676094	-1.346253351e-03
22.681095	-4.202926798e-04
22.686095	3.536753325e-04
22.691095	1.357632250e-03
22.696095	-1.332904123e-04
22.701096	-5.252661096e-04
22.706096	-5.252607205e-04
22.711096	9.656727146e-04
22.716096	-8.032365091e-04
22.721097	-5.822417698e-04
22.726097	5.837073668e-04
22.731097	-9.172147751e-04
22.736097	2.179641177e-03
22.741098	1.080699645e-03
22.746098	-1.911150522e-03
22.751098	5.737349836e-04
22.756098	-3.532148340e-04
22.761099	-3.508057117e-03
22.766099	-1.367154994e-03
22.771099	2.132681547e-03
22.776099	8.617483528e-04
22.781099	-1.749120164e-03
22.786100	1.080748728e-03
22.791100	5.827782438e-04
22.796100	-1.300125392e-03
22.801100	2.498052926e-04
22.806101	1.290760548e-03
22.811101	-1.421647896e-04
22.816101	-2.284055904e-03
22.821101	-6.881274179e-04
22.826102	2.562721199e-03
22.831102	-8.614543010e-05
22.836102	-1.902052256e-03
22.841102	9.668148127e-04
22.846103	2.179761810e-03
22.851103	-2.074027336e-03
22.856103	-2.001122297e-04
22.861103	2.409767361e-03
22.866104	-7.350752924e-04
22.871104	9.078509787e-04
22.876104	-1.357034135e-03
22.881104	-1.633015237e-03
22.886105	1.300848743e-03
22.891105	-7.707916315e-05
22.896105	-1.472006244e-03
22.901105	7.948899438e-04
22.906106	6.899006153e-04
22.911106	-1.461989914e-03
22.916106	1.739861164e-03
22.921106	1.739866784e-03
22.926106	-5.730159598e-04
22.931107	-1.241978041e-03
22.936107	5.739399498e-04
22.941107	2.897189427e-05
22.946107	1.919696742e-04
22.951108	9.669379228e-04
22.956108	-1.900918003e-03
22.961108	-7.549676490e-04
22.966108	1.901909786e-03
22.971109	2.572883075e-03
22.976109	-8.589456094e-04
22.981109	-3.450814829e-03
22.986109	8.609827525e-04
22.991110	1.682948775e-03
22.996110	-8.599227928e-04
23.001110	9.659947852e-04
23.006110	-2.130850035e-03
23.011111	-1.575871105e-03
23.016111	2.514937175e-03
23.021111	1.023014909e-03
23.026111	-2.015832689e-03
23.031112	7.460397472e-04
23.036112	2.121979081e-03
23.041112	-8.018740517e-04
23.046112	-7.490338520e-05
23.051113	-1.183844103e-03
23.056113	-8.598539765e-04
23.061113	-3.048749929e-04
23.066113	-3.048692183e-04
23.071113	-1.739794182e-03
23.076114	1.023078254e-03
23.081114	2.896993601e-03
23.086114	-9.638142618e-04
23.091114	-1.355789542e-03
23.096115	3.541337358e-04
23.101115	6.311261788e-04
23.106115	-5.248122126e-04
23.111115	-1.184774537e-03
23.116116	4.691514645e-04
23.121116	1.856090357e-03
23.126116	-2.293703515e-03
23.131116	-2.780703414e-05
23.136117	1.521124056e-03
23.141117	-3.627791631e-04
23.146117	1.348144119e-03
23.151117	4.121951577e-04
23.156118	-1.460708576e-03
23.161118	-9.647266393e-04
23.166118	4.692100329e-04
23.171118	-2.467495252e-04
23.176119	-1.462684947e-03
23.181119	1.787164097e-03
23.186119	1.464185587e-03
23.191119	-1.728654403e-03
23.196120	1.187210775e-03
23.201120	1.463203373e-03
23.206120	-1.242660106e-03
23.211120	3.542687471e-04
23.216120	-9.636617093e-04
23.221121	-6.966686566e-04
23.226121	1.787217403e-03
23.231121	-1.068638809e-03
23.236121	2.593030526e-04
23.241122	1.343150453e-04
23.246122	-8.116333331e-04
23.251122	6.893001953e-04
23.256122	-1.460590064e-03
23.261123	-3.626370757e-04
23.266123	1.138296468e-03
23.271123	1.081305211e-03
23.276123	1.343569125e-04
23.281124	-1.136575744e-03
23.286124	-1.126570219e-03
23.291124	-1.289556340e-03
23.296124	-8.115733911e-04
23.301125	1.406325586e-03
23.306125	8.043606682e-04
23.311125	-2.904454292e-03
23.316125	-7.558478816e-05
23.321126	2.467298524e-03
23.326126	-2.757501110e-05
23.331126	1.234370136e-03
23.336126	-1.415573945e-04
23.341127	2.014321167e-04
23.346127	2.294337174e-03
23.351127	-2.302434888e-03
23.356127	5.754322937e-04
23.361127	1.913373805e-03
23.366128	-3.055130093e-04
23.371128	-2.628394799e-03
23.376128	-2.015418282e-03
23.381128	2.620364080e-03
23.386129	-1.894941895e-04
23.391129	-2.062397676e-03
23.396129	9.084650589e-04
23.401129	8.514739380e-04
23.406130	2.190415448e-03
23.411130	1.683446056e-03
23.416130	-5.814384858e-04
23.421130	-2.745907414e-05
23.426131	-1.414385980e-03
23.431131	-2.464361907e-04
23.436131	-3.044272267e-04
23.441131	-1.185378537e-03
23.446132	-1.680348472e-03
23.451132	2.975622451e-04
23.456132	9.085389424e-04
23.461132	-7.913728203e-04
23.466133	-1.893956782e-04
23.471133	2.395898186e-04
23.476133	4.695849248e-04
23.481133	-1.323798093e-04
23.486134	-1.413311768e-03
23.491134	4.126063270e-04
23.496134	-2.483555440e-04
23.501134	-9.643147553e-04
23.506134	2.506328437e-04
23.511135	-5.813207588e-04
23.516135	-9.742955432e-04
23.521135	2.458545025e-03
23.526135	2.248561419e-03
23.531136	-1.404256014e-03
23.536136	4.696598112e-04
23.541136	-1.576235169e-03
23.546136	-1.413236756e-03
23.551137	1.024651864e-03
23.556137	-1.911200147e-03
23.561137	3.066991020e-04
23.566137	1.636641213e-03
23.571138	1.176669720e-03
23.576138	-2.130164365e-03
23.581138	-1.231201437e-03
23.586138	2.687615743e-03
23.591139	1.176694994e-03
23.596139	6.897248295e-04
23.601139	-1.892264109e-04
23.606139	-9.741821829e-04
23.611140	-9.061791176e-04
23.616140	2.597709607e-04
23.621140	4.117699823e-04
23.626140	1.129741693e-03
23.631140	6.327720469e-04
23.636141	-2.628064196e-03
23.641141	-2.398068918e-03
23.646141	8.627800813e-04
23.651141	3.290669289e-03
23.656142	-5.821373968e-04
23.661142	-2.026061307e-03
23.666142	7.948089488e-04
23.671142	1.138798756e-03
23.676143	-1.289077648e-03
23.681143	-2.072033439e-03
23.686143	2.181767677e-03
23.691143	1.960784773e-03
23.696144	1.918765848e-04
23.701144	-2.710640537e-05
23.706144	-3.343939873e-03
23.711144	-2.014997563e-03
23.716145	2.018814202e-03
23.721145	-1.420750421e-04
23.726145	-3.610580064e-04
23.731145	8.618894399e-04
23.736146	7.469014666e-04
23.741146	-7.430201406e-04
23.746146	-1.183992370e-03
23.751146	-2.704171775e-05
23.756147	6.329329261e-04
23.761147	6.319394766e-04
23.766147	3.079616211e-04
23.771147	-6.859838933e-04
23.776147	-7.439745763e-04
23.781148	2.619869591e-03
23.786148	1.300939778e-03
23.791148	-5.719632934e-04
23.796148	-3.139692068e-04
23.801149	2.410105509e-04
23.806149	-2.369598310e-04
23.811149	-2.894824995e-03
23.816149	2.980274612e-04
23.821150	1.741964334e-03
23.826150	-9.628985466e-04
23.831150	-1.020889173e-03
23.836150	-6.968982307e-04
23.841151	8.520335952e-04
23.846151	2.744948824e-03
23.851151	8.040490963e-04
23.856151	-1.192847923e-03
23.861152	-1.956804446e-03
23.866152	-4.088725460e-04
23.871152	-4.758626971e-04
23.876152	1.684039676e-03
23.881153	1.921183096e-04
23.886153	-1.967770813e-03
23.891153	1.799054018e-03
23.896153	-7.384894513e-05
23.901154	-1.957751372e-03
23.906154	9.091169100e-04
23.911154	-1.470761569e-03
23.916154	-6.857927935e-04
23.921154	2.851043168e-03
23.926155	1.351809211e-04
23.931155	3.071792966e-04
23.936155	-1.020749929e-03
23.941155	-1.354727122e-03
23.946156	2.066114464e-03
23.951156	1.962126180e-03
23.956156	-5.237471369e-04
23.961156	-1.518692408e-03
23.966157	-1.679677926e-03
23.971157	3.024626306e-05
23.976157	-1.327391475e-04
23.981157	-5.237135490e-04
23.986158	1.350202740e-03
23.991158	3.082597673e-04
23.996158	-2.454600140e-03
24.001158	-1.417050233e-04
24.006159	2.181189616e-03
24.011159	-5.236730755e-04
24.016159	-6.286612445e-04
24.021159	-9.066410590e-04
24.026160	-9.156338510e-04
24.031160	-4.756483079e-04
24.036160	4.133155704e-04
24.041160	1.971247166e-03
24.046161	-1.575574853e-03
24.051161	-2.556317602e-04
24.056161	7.473266366e-04
24.061161	-6.865973458e-04
24.066161	-3.036090161e-04
24.071162	3.083682665e-04
24.076162	-1.316036736e-04
24.081162	-1.747518852e-03
24.086162	-2.015499083e-03
24.091163	1.417342071e-03
24.096163	1.685335982e-03
24.101163	-1.241515904e-03
24.106163	1.684349734e-03
24.111164	1.293375465e-03
24.116164	9.673980633e-04
24.121164	-2.465364760e-04
24.126164	1.522385023e-03
24.131165	6.904320571e-04
24.136165	-2.626400971e-03
24.141165	1.454721356e-04
24.146165	9.094421582e-04
24.151166	-8.350301673e-05
24.156166	-1.737416285e-03
24.161166	-1.518419944e-03
24.166166	1.140458641e-03
24.171167	1.522447125e-03
24.176167	-5.234472039e-04
24.181167	-4.664430243e-04
24.186167	4.705186894e-04
24.191168	4.705256300e-04
24.196168	1.072503522e-03
24.201168	-2.244329441e-03
24.206168	-9.633843091e-04
24.211168	2.134473134e-03
24.216169	4.705604091e-04
24.221169	5.275646290e-04
24.226169	1.935877247e-04
24.231169	-1.249335651e-03
24.236170	3.060955847e-05
24.241170	-1.633303142e-03
24.246170	-2.291264389e-03
24.251170	1.475560807e-03
24.256171	1.846549908e-03
24.261171	1.244585973e-03
24.266171	-3.113196682e-03
24.271171	-8.582984933e-04
24.276172	3.290508292e-03
24.281172	1.522600651e-03
24.286172	-8.002801988e-04
24.291172	-3.229155928e-03
24.296173	-1.633225909e-03
24.301173	2.170126819e-05
24.306173	1.685628016e-03
24.311173	2.134613407e-03
24.316174	3.657058498e-04
24.321174	-1.412626097e-04
24.326174	3.077227967e-04
24.331174	-1.077203278e-03
24.336175	1.367452173e-04
24.341175	1.186701633e-03
24.346175	-1.632155219e-03
24.351175	-1.565151351e-03
24.356175	5.277547420e-04
24.361176	-1.192155135e-03
24.366176	-1.297142951e-03
24.371176	1.301738736e-03
24.376176	-5.231660587e-04
24.381177	1.800728910e-03
24.386177	2.296712109e-03
24.391177	-1.738086011e-03
24.396177	-2.732030891e-03
24.401178	-1.981460375e-04
24.406178	5.188265145e-04
24.411178	-9.050975984e-04
24.416178	1.914773467e-03
24.421179	1.522799558e-03
24.426179	1.129825701e-03
24.431179	4.708646872e-04
24.436179	-4.650829530e-04
24.441180	7.958633791e-04
24.446180	-9.730440484e-04
24.451180	-1.240023961e-03
24.456180	-9.060328749e-04
24.461181	-2.460575172e-04
24.466181	9.118938108e-04
24.471181	-2.605369800e-05
24.476181	1.406884368e-03
24.481182	1.302896618e-03
24.486182	-1.726949911e-03
24.491182	-3.610085966e-04
24.496182	1.961886535e-03
24.501182	8.898418168e-05
24.506183	-3.017858611e-03
24.511183	7.899918061e-05
24.516183	-3.609723183e-04
24.521183	-2.788847866e-03
24.526184	2.249916214e-03
24.531184	2.354918427e-03
24.536184	-7.529242875e-04
24.541184	3.080317963e-04
24.546185	3.205241200e-05
24.551185	-2.549264364e-04
24.556185	1.025019093e-03
24.561185	5.280503893e-04
24.566186	-9.048731354e-04
24.571186	-1.899817794e-03
24.576186	-6.378713766e-04
24.581186	1.370985498e-04
24.586187	1.083060228e-03
24.591187	-5.808521232e-04
24.596187	-1.249812491e-03
24.601187	1.418066094e-03
24.606188	2.611292886e-04
24.611188	9.111052774e-04
24.616188	-1.077791364e-03
24.621188	-1.908743889e-03
24.626189	2.517049876e-03
24.631189	-3.038065965e-04
24.636189	7.918230297e-05
24.641189	1.141138437e-03
24.646189	-3.597817269e-04
24.651190	7.381726797e-04
24.656190	1.360150064e-03
24.661190	-7.277336696e-05
24.666190	-2.071669477e-03
24.671191	-1.407552530e-04
24.676191	-6.277243258e-04
24.681191	-1.622668876e-03
24.686191	1.372536149e-04
24.691192	1.189210281e-03
24.696192	1.302212270e-03
24.701192	-9.726704846e-04
24.706192	-1.688628476e-03
24.711193	8.062585669e-04
24.716193	1.942955662e-04
24.721193	-8.576461941e-04
24.726193	-4.656576406e-04
24.731194	1.083275078e-03
24.736194	-5.806371309e-04
24.741194	-1.239597839e-03
24.746194	1.466279055e-03
24.751195	2.403241330e-03
24.756195	-5.706076358e-04
24.761195	-2.789493035e-03
24.766195	-1.469549230e-03
24.771196	1.303324455e-03
24.776196	2.355281204e-03
24.781196	3.663847243e-04
24.786196	1.364033557e-04
24.791196	-1.574506531e-03
24.796197	-1.956480554e-03
24.801197	5.294070110e-04
24.806197	2.068340285e-03
24.811197	-2.071452352e-03
24.816198	-9.624983150e-04
24.821198	3.014317310e-03
24.826198	-2.233421838e-03
24.831198	6.344473198e-04
24.836199	1.962390807e-03
24.841199	-1.851417535e-03
24.846199	-4.174791541e-04
24.851199	6.434772336e-04
24.856200	8.634742151e-04
24.861200	1.073471684e-03
24.866200	7.484949783e-04
24.871200	-1.076409329e-03
24.876201	-2.950311266e-03
24.881201	1.365473708e-04
24.886201	3.560389748e-03
24.891201	7.585326130e-04
24.896202	-2.291312548e-03
24.901202	-1.630336807e-03
24.906202	-5.803798348e-04
24.911202	5.855715436e-04
24.916203	1.198549616e-03
24.921203	-8.093458105e-04
24.926203	1.350557609e-03
24.931203	9.215859860e-04
24.936203	-1.458291472e-03
24.941204	2.297534935e-03
24.946204	1.292591125e-03
24.951204	-2.511217593e-03
24.956204	5.296433369e-04
24.961205	-5.792954390e-04
24.966205	-1.956221276e-03
24.971205	-7.522716733e-04
24.976205	3.566825189e-04
24.981206	1.962612729e-03
24.986206	-1.181227808e-03
24.991206	2.617102789e-04
24.996206	2.182625301e-03
25.001207	-2.520139981e-03
25.006207	-5.802258657e-04
25.011207	1.685672520e-03
25.016207	3.276005240e-05
25.021208	6.437383227e-04
25.026208	-2.452110084e-04
25.031208	4.147649067e-04
25.036208	-1.881982179e-04
25.041209	5.867721566e-04
25.046209	1.188750885e-03
25.051209	-2.902043885e-03
25.056209	-2.624049510e-03
25.061210	-4.651459114e-04
25.066210	1.359773811e-03
25.071210	1.073795421e-03
25.076210	2.528428563e-04
25.081210	1.523789331e-03
25.086211	1.800783783e-03
25.091211	-5.220962769e-04
25.096211	-8.570722783e-04
25.101211	-5.800778115e-04
25.106212	-2.289987442e-03
25.111212	1.140854814e-03
25.116212	1.789831341e-03
25.121212	-3.590570878e-04
25.126213	-1.677985570e-03
25.131213	-1.300524164e-04
25.136213	3.669314661e-04
25.141213	-1.400361911e-04
25.146214	5.769370831e-04
25.151214	-1.133972456e-03
25.156214	-3.020047228e-04
25.161214	4.343778942e-03
25.166215	1.857906820e-03
25.171215	-1.620917372e-03
25.176215	-1.735903915e-03
25.181215	-4.451764922e-03
25.186216	-2.405855750e-03
25.191216	1.466965250e-03
25.196216	8.070050298e-04
25.201216	1.130997324e-03
25.206217	1.132005211e-03
25.211217	1.470606900e-04
25.216217	-1.869152452e-04
25.221217	-2.012819168e-03
25.226217	8.908733893e-05
25.231218	5.870712636e-04
25.236218	-8.188848464e-05
25.241218	1.466044774e-03
25.246218	-6.368457564e-04
25.251219	-8.186456376e-05
25.256219	1.906047473e-03
25.261219	-1.964757714e-03
25.266219	-5.218193647e-04
25.271220	2.632036413e-03
25.276220	4.721486617e-04
25.281220	-2.509699413e-03
25.286220	-8.467716617e-04
25.291221	-1.397977671e-04
25.296221	-5.217713098e-04
25.301221	1.800124650e-03
25.306221	-8.177648921e-05
25.311222	-5.217472185e-04
25.316222	-1.688682856e-03
25.321222	9.691969064e-04
25.326222	1.199193855e-03
25.331223	-1.457669857e-03
25.336223	8.026397391e-05
25.341223	1.026226381e-03
25.346223	5.292584356e-04
25.351224	2.329092935e-05
25.356224	1.382934567e-04
25.361224	-2.510570613e-03
25.366224	-1.876746404e-04
25.371224	1.419255893e-03
25.376225	1.410264424e-03
25.381225	-8.086203801e-04
25.386225	-3.606338960e-04
25.391225	2.355243133e-03
25.396226	-1.400567477e-03
25.401226	-8.555856604e-04
25.406226	7.493450028e-04
25.411226	2.523771186e-04
25.416227	-6.265723247e-04
25.421227	-1.563518964e-03
25.426227	1.854047681e-04
25.431227	1.017372762e-03
25.436228	-7.156652766e-05
25.441228	-5.695343355e-04
25.446228	-8.254967729e-05
25.451228	-1.630466800e-03
25.456229	-3.015227696e-04
25.461229	7.504346343e-04
25.466229	1.351413809e-03
25.471229	-4.744898778e-04
25.476230	-1.562429178e-03
25.481230	1.027454017e-03
25.486230	-2.448701155e-05
25.491230	1.303457100e-03
25.496231	1.303465309e-03
25.501231	-1.677382607e-03
25.506231	-7.504191284e-04
25.511231	1.026503332e-03
25.516231	-2.924247824e-04
25.521232	-9.133865792e-04
25.526232	1.515504428e-03
25.531232	1.858496115e-03
25.536232	-2.510284780e-03
25.541233	-9.133536042e-04
25.546233	2.240502431e-03
25.551233	3.676010868e-04
25.556233	-9.613265076e-04
25.561234	-5.213394738e-04
25.566234	4.156235782e-04
25.571234	-6.353174193e-04
25.576234	-7.983012692e-04
25.581235	-1.134276765e-03
25.586235	-4.643008085e-04
25.591235	3.293526118e-03
25.596235	1.074641514e-03
25.601236	-1.793211762e-03
25.606236	-6.832570226e-04
25.611236	6.446872004e-04
25.616236	6.926932041e-04
25.621237	1.857259981e-04
25.626237	-1.841167844e-03
25.631237	-3.169095417e-03
25.636237	2.623633337e-03
25.641238	1.247708089e-03
25.646238	-1.734139644e-03
25.651238	-2.442032023e-04
25.656238	-7.991680593e-04
25.661238	8.077627447e-04
25.666239	1.801723138e-03
25.671239	1.074766596e-03
25.676239	1.629748186e-03
25.681239	1.958257750e-04
25.686240	-2.347043108e-03
25.691240	-5.791200471e-04
25.696240	2.135757314e-03
25.701240	2.021771215e-03
25.706241	-2.452004455e-03
25.711241	-2.175009416e-03
25.716241	1.571818157e-03
25.721241	2.241794238e-03
25.726242	-1.290829097e-04
25.731242	-2.346967437e-03
25.736242	-2.530600679e-04
25.741242	3.099211958e-04
25.746243	-1.018006272e-03
25.751243	-1.686965539e-03
25.756243	1.801874522e-03
25.761243	7.599332654e-04
25.766244	-3.010070696e-04
25.771244	6.829539030e-04
25.776244	5.869670038e-04
25.781244	2.059938639e-04
25.786245	-1.017938586e-03
25.791245	-1.409911186e-03
25.796245	-1.132916069e-03
25.801245	-6.269319991e-04
25.806245	-8.094985549e-05
25.811246	2.403938712e-03
25.816246	1.581986888e-03
25.821246	-9.598819204e-04
25.826246	-2.231812017e-03
25.831247	-9.128671577e-04
25.836247	-1.868936740e-04
25.841247	1.419037343e-03
25.846247	1.391076508e-04
25.851248	-8.087319541e-05
25.856248	2.021033897e-03
25.861248	8.113607173e-05
25.866248	-1.294788969e-03
25.871249	-6.838099036e-04
25.876249	-2.383319809e-05
25.881249	1.468103357e-03
25.886249	8.117886547e-05
25.891250	-1.572732736e-03
25.896250	-1.237740327e-03
25.901250	-2.379033623e-05
25.906250	1.907125055e-03
25.911251	1.142170566e-03
25.916251	9.231897307e-04
25.921251	-2.345643899e-03
25.926251	-1.238688722e-03
25.931252	3.895072107e-03
25.936252	-1.686649879e-03
25.941252	-4.335513413e-03
25.946252	9.702391277e-04
25.951252	2.576170245e-03
25.956253	-1.386900912e-04
25.961253	-1.294625664e-03
25.966253	-7.876414928e-04
25.971253	-1.295608331e-03
25.976254	1.075285888e-03
25.981254	-7.976150623e-04
25.986254	-2.174539946e-03
25.991254	2.911223253e-03
25.996255	1.582296061e-03
26.001255	-1.514545798e-03
26.006255	3.013752337e-04
26.011255	4.163783643e-04
26.016256	-1.351527622e-03
26.021256	8.141190743e-05
26.026256	9.793772620e-04
26.031256	-1.180509792e-03
26.036257	8.143800384e-05
26.041257	2.242342416e-03
26.046257	2.534471227e-04
26.051257	-3.585146238e-04
26.056258	7.984382577e-04
26.061258	7.504493000e-04
26.066258	-1.854967960e-04
26.071258	-2.068397183e-03
26.076259	3.104967396e-04
26.081259	8.654786975e-04
26.086259	7.514929476e-04
26.091259	1.630459277e-03
26.096259	-1.964358462e-03
26.101260	-1.410376438e-03
26.106260	-1.064384370e-03
26.111260	2.635603074e-04
26.116260	-1.954087652e-04
26.121261	-2.461290623e-03
26.126261	2.519477765e-03
26.131261	2.519486554e-03
26.136261	-6.843500204e-04
26.141262	-1.906282246e-03
26.146262	-8.543242169e-04
26.151262	1.639564222e-03
26.156262	7.506159385e-04
26.161263	-1.905247061e-03
26.166263	6.456386406e-04
26.171263	1.639599492e-03
26.176263	-1.801225609e-03
26.181264	-8.129978741e-05
26.186264	-6.252646953e-04
26.191264	9.706671194e-04
26.196264	-1.294214720e-03
26.201265	-2.173163446e-03
26.206265	3.676563073e-03
26.211265	1.075697463e-03
26.216265	-1.850152457e-03
26.221266	-1.897141320e-03
26.226266	-7.022062319e-05
26.231266	1.573708910e-03
26.236266	4.737708807e-04
26.241266	-1.572121488e-03
26.246267	8.077725375e-04
26.251267	1.257759714e-03
26.256267	-9.121266568e-04
26.261267	1.180781233e-03
26.266268	1.467776290e-03
26.271268	-1.724060743e-03
26.276268	-2.230027406e-03
26.281268	1.868648652e-04
26.286269	2.183777411e-03
26.291269	6.458605686e-04
26.296269	-7.400636050e-04
26.301269	-8.540491641e-04
26.306270	-3.000669582e-04
26.311270	-9.600261571e-04
26.316270	-4.150435081e-04
26.321270	2.184839966e-03
26.326271	1.200896417e-03
26.331271	4.169432203e-04
26.336271	-3.454860937e-03
26.341271	-6.829857471e-04
26.346272	1.525916619e-03
26.351272	-2.429890212e-04
26.356272	1.132953557e-03
26.361272	3.020026546e-04
26.366273	1.028976564e-03
26.371273	-1.849558451e-04
26.376273	-1.838867014e-03
26.381273	-7.399110454e-04
26.386273	1.191004773e-03
26.391274	2.519949650e-03
26.396274	-1.676838770e-03
26.401274	-2.183805274e-03
26.406274	5.220731586e-04
26.411275	5.890789604e-04
26.416275	-1.514810455e-03
26.421275	-1.455804259e-03
26.426275	-3.568482509e-04
26.431276	3.011290452e-04
26.436276	-6.828144073e-04
26.441276	1.143106527e-03
26.446276	2.186065255e-03
26.451277	-2.998056942e-04
26.456277	-1.791724612e-03
26.461277	1.526124332e-03
26.466277	9.231625175e-04
26.471278	-2.565660007e-03
26.476278	4.752023187e-04
26.481278	1.191176859e-03
26.486278	-2.622629967e-03
26.491279	-7.967089895e-04
26.496279	3.628086558e-03
26.501279	1.469199871e-03
26.506279	-1.377134535e-04
26.511280	-3.586936652e-04
26.516280	-5.766740173e-04
26.521280	-1.723609529e-03
26.526280	-1.294621099e-03
26.531280	6.842925295e-04
26.536281	1.631255969e-03
26.541281	5.323181576e-04
26.546281	-1.676566078e-03
26.551281	-9.595915253e-04
26.556282	3.123562460e-04
26.561282	-1.791533044e-03
26.566282	2.185284186e-03
26.571282	1.469327916e-03
26.576283	-1.847502819e-03
26.581283	3.124021166e-04
26.586283	-3.485567948e-04
26.591283	-3.575471690e-04
26.596284	2.071344797e-03
26.601284	2.080353562e-03
26.606284	-1.848447610e-03
26.611284	-1.733443951e-03
26.616285	-4.624960802e-04
26.621285	-1.375025484e-04
26.626285	-6.344693405e-04
26.631285	-2.994762828e-04
26.636286	7.614817407e-04
26.641286	3.695098939e-04
26.646286	2.788402385e-03
26.651286	4.745233077e-04
26.656287	-3.474277733e-04
26.661287	-2.994208385e-04
26.666287	-2.010329006e-03
26.671287	-8.041289241e-05
26.676287	-1.304344555e-03
26.681288	-1.073346435e-03
26.686288	5.325853281e-04
26.691288	2.546080221e-04
26.696288	1.258568848e-03
26.701289	5.326131720e-04
26.706289	1.296585589e-03
26.711289	-1.075290638e-03
26.716289	-6.343026233e-04
26.721290	7.526397391e-04
26.726290	-2.230206987e-03
26.731290	1.526621002e-03
26.736290	4.266834060e-04
26.741291	1.573637368e-03
26.746291	-2.512652285e-04
26.751291	-2.670139153e-03
26.756291	3.247584561e-03
26.761292	6.947171121e-04
26.766292	-1.017190922e-03
26.771292	-4.622083622e-04
26.776292	-6.341907118e-04
26.781293	-4.611897077e-04
26.786293	4.177772273e-04
26.791293	-2.991788064e-04
26.796293	-1.790097481e-03
26.801293	3.598081253e-04
26.806294	-5.771372781e-04
26.811294	-4.041362486e-04
26.816294	2.185748135e-03
26.821294	-1.409068974e-03
26.826295	-2.321163877e-04
26.831295	1.908789678e-03
26.836295	-7.480726884e-04
26.841295	-1.284037415e-03
26.846296	-2.208891436e-05
26.851296	8.578780272e-04
26.856296	1.305865822e-03
26.861296	9.293378598e-05
26.866297	-2.990378698e-04
26.871297	-1.627964299e-03
26.876297	-6.810005704e-04
26.881297	2.797840962e-03
26.886298	-2.990001268e-04
26.891298	-1.178948209e-03
26.896298	-1.074943778e-03
26.901298	-1.024936737e-03
26.906299	1.851933871e-03
26.911299	1.970232082e-04
26.916299	-2.319466200e-04
26.921299	1.363985824e-03
26.926300	-3.089239568e-04
26.931300	5.800426176e-04
26.936300	-1.177863053e-03
26.941300	-1.836821760e-03
26.946300	1.861009258e-03
26.951301	-7.988756835e-05
26.956301	8.311406549e-05
26.961301	-1.685791053e-03
26.966301	-2.612736805e-03
26.971302	3.467979224e-03
26.976302	1.078104088e-03
26.981302	-3.721654730e-03
26.986302	1.249114883e-03
26.991303	2.731052887e-03
26.996303	-2.449687530e-03
27.001303	1.585127268e-03
27.006303	-1.367800813e-04
27.011304	-1.733693460e-03
27.016304	7.531960620e-04
27.021304	5.802139661e-04
27.026304	-1.732664844e-03
27.031305	1.502538409e-04
27.036305	2.243162395e-03
27.041305	-2.286609405e-03
27.046305	-3.556930244e-04
27.051306	8.672575301e-04
27.056306	1.411240859e-03
27.061306	1.574242580e-03
27.066306	-1.120617760e-03
27.071307	-2.344549091e-03
27.076307	-2.986382360e-04
27.081307	2.359243087e-03
27.086307	1.641287347e-03
27.091307	-2.459505115e-03
27.096308	-1.626535701e-03
27.101308	2.578270976e-03
27.106308	-3.565777488e-04
27.111308	-2.726453738e-03
27.116309	-3.565584866e-04
27.121309	4.184137473e-04
27.126309	-6.955305920e-05
27.131309	1.861363391e-03
27.136310	5.814348170e-04
27.141310	1.984629553e-04
27.146310	1.641402970e-03
27.151310	-1.847418980e-03
27.156311	-6.904651535e-04
27.161311	2.243402914e-03
27.166311	-1.790392720e-03
27.171311	-3.558297714e-03
27.176312	1.584463754e-03
27.181312	1.308486761e-03
27.186312	7.525232858e-04
27.191312	1.975597662e-04
27.196313	-2.344307852e-03
27.201313	-9.103673573e-04
27.206313	1.308535255e-03
27.211313	2.075981031e-04
27.216314	1.468546959e-03
27.221314	1.967532595e-03
27.226314	-1.626284226e-03
27.231314	-2.125250416e-03
27.236314	1.861566893e-03
27.241315	3.019520740e-03
27.246315	-6.332932170e-04
27.251315	-2.182208715e-03
27.256315	-1.350239122e-03
27.261316	-4.602723235e-04
27.266316	-1.178227915e-03
27.271316	-2.982606265e-04
27.276316	1.422666078e-03
27.281317	3.707266176e-04
27.286317	2.234646428e-03
27.291317	3.027494474e-04
27.296317	-1.178169296e-03
27.301318	-1.732132774e-03
27.306318	1.193735798e-03
27.311318	3.295644142e-03
27.316318	-2.889047558e-03
27.321319	-6.801443695e-04
27.326319	2.072732568e-03
27.331319	1.978328687e-04
27.336319	-2.421360834e-04
27.341320	-1.789051605e-03
27.346320	-1.454057952e-03
27.351320	-6.810854349e-04
27.356320	2.558791716e-04
27.361321	2.521779641e-03
27.366321	-1.360822405e-04
27.371321	-1.360723999e-04
27.376321	-1.617991030e-03
27.381321	-2.343946143e-03
27.386322	2.464831615e-03
27.391322	1.967865458e-03
27.396322	-6.899963995e-04
27.401322	-1.349954682e-03
27.406323	-1.732926328e-03
27.411323	6.489685828e-04
27.416323	3.709918764e-04
27.421323	-4.039608395e-04
27.426324	1.030979788e-03
27.431324	1.890303141e-04
27.436324	7.440134210e-04
27.441324	-1.119886721e-03
27.446325	-1.569855102e-03
27.451325	1.365013152e-03
27.456325	1.088036429e-03
27.461325	-2.090013515e-05
27.466326	1.990991636e-04
27.471326	-6.318508096e-04
27.476326	-2.408597558e-04
27.481326	1.412070395e-03
27.486327	-4.028320763e-04
27.491327	-6.798087711e-04
27.496327	-7.947932805e-04
27.501327	-1.014772718e-03
27.506328	1.078136216e-03
27.511328	6.961646051e-04
27.516328	-5.177668479e-04
27.521328	-2.066682129e-03
27.526328	-2.077090991e-05
27.531329	1.747153730e-03
27.536329	2.562356617e-04
27.541329	7.532216512e-04
27.546329	1.471196979e-03
27.551330	-1.347155276e-04
27.556330	-1.847622866e-03
27.561330	4.762749638e-04
27.566330	1.700225886e-03
27.571331	-2.886681197e-04
27.576331	-7.866825117e-05
27.581331	1.893288221e-04
27.586331	3.734616962e-05
27.591332	-5.646147608e-04
27.596332	-2.400516131e-03
27.601332	-1.836131060e-04
27.606332	1.307324962e-03
27.611333	2.739676920e-05
27.616333	-1.345853771e-04
27.621333	-7.375462357e-04
27.626333	-7.856799767e-05
27.631334	3.743645082e-05
27.636334	-2.448433518e-03
27.641334	1.794371759e-03
27.646334	1.586391856e-03
27.651335	-2.170416759e-03
27.656335	1.192431001e-03
27.661335	1.585422104e-03
27.666335	-2.404796939e-04
27.671335	-1.406413342e-03
27.676336	-1.013422227e-03
27.681336	1.307475842e-03
27.686336	2.081448577e-03
27.691336	-1.348375789e-03
27.696337	-1.568355073e-03
27.701337	5.335535804e-04
27.706337	9.155452497e-04
27.711337	8.115603784e-04
27.716338	-2.228282790e-03
27.721338	-4.703575185e-04
27.726338	1.079577796e-03
27.731338	-1.893268595e-03
27.736339	9.736031652e-04
27.741339	2.024562574e-03
27.746339	-1.177272753e-03
27.751339	-1.071267728e-03
27.756340	-3.542921880e-04
27.761340	9.736538676e-04
27.766340	1.412642832e-03
27.771340	3.671939759e-05
27.776341	-4.022492553e-04
27.781341	-1.342520260e-04
27.786341	-2.972339917e-04
27.791341	-1.291175847e-03
27.796342	9.737250133e-04
27.801342	1.747697837e-03
27.806342	-1.234148061e-03
27.811342	-2.881835305e-04
27.816342	-4.021678379e-04
27.821343	-8.511359735e-04
27.826343	-2.501547810e-04
27.831343	5.238180660e-04
27.836343	6.498221910e-04
27.841344	-3.441196262e-04
27.846344	1.633795124e-03
27.851344	4.758612298e-04
27.856344	1.988848199e-04
27.861345	-2.970810167e-04
27.866345	-2.724953606e-03
27.871345	1.585848567e-03
27.876345	5.339095758e-04
27.881346	-5.740267088e-04
27.886346	1.528882039e-03
27.891346	-6.320034170e-04
27.896346	-1.673942875e-03
27.901347	-6.219833919e-04
27.906347	1.413928605e-03
27.911347	2.469951910e-04
27.916347	-1.185925382e-03
27.921348	-1.175915593e-03
27.926348	-3.449454244e-04
27.931348	2.636920935e-03
27.936348	9.160142776e-04
27.941349	-4.689085925e-04
27.946349	5.920504910e-04
27.951349	8.120501671e-04
27.956349	4.200793837e-04
27.961349	-2.839752979e-03
27.966350	-9.568335521e-04
27.971350	2.025032838e-03
27.976350	1.431339809e-04
27.981350	-1.730765258e-03
27.986351	1.529087726e-03
27.991351	1.748087481e-03
27.996351	-4.697951450e-04
28.001351	4.781694338e-04
28.006352	-1.673716370e-03
28.011352	-9.567406347e-04
28.016352	8.691815809e-04
28.021352	-7.937278117e-04
28.026353	-7.675206533e-05
28.031353	-6.797126087e-04
28.036353	-2.400619191e-03
28.041353	1.356209849e-03
28.046354	3.020139905e-03
28.051354	-1.185646733e-03
28.056354	-1.347628541e-03
28.061354	1.807229567e-03
28.066355	7.062930851e-04
28.071355	-6.865912708e-05
28.076355	2.834657959e-05
28.081355	-6.886084243e-04
28.086356	3.143535640e-04
28.091356	-5.735931795e-04
28.096356	-1.290548172e-03
28.101356	1.523925919e-04
28.106356	1.194352713e-03
28.111357	-2.008482288e-03
28.116357	-2.395572463e-04
28.121357	1.137386718e-03
28.126357	4.774289967e-04
28.131358	-1.245315200e-04
28.136358	-2.284416840e-03
28.141358	-7.651296696e-05
28.146358	8.594522997e-04
28.151359	1.241444308e-03
28.156359	-3.434687485e-04
28.161359	-1.835386289e-03
28.166359	-2.448346249e-03
28.171360	5.355201944e-04
28.176360	2.351443012e-03
28.181360	2.475550231e-04
28.186360	3.857558004e-05
28.191361	-4.583899597e-04
28.196361	1.251537989e-03
28.201361	9.560426151e-05
28.206361	-2.393690857e-04
28.211362	-6.893368790e-04
28.216362	-2.237251676e-03
28.221362	1.643571513e-03
28.226362	5.356354873e-04
28.231363	-1.682246963e-03
28.236363	2.576699146e-04
28.241363	2.083592298e-03
28.246363	1.089650785e-03
28.251363	-7.932478184e-04
28.256364	-7.362400476e-04
28.261364	-2.505144146e-03
28.266364	-2.008157603e-03
28.271364	1.437490685e-04
28.276365	1.195708833e-03
28.281365	4.777540253e-04
28.286365	9.167433818e-04
28.291365	3.779635194e-05
28.296366	-7.931529908e-04
28.301366	1.864729282e-03
28.306366	-1.396102775e-03
28.311366	-4.111397520e-04
28.316367	-1.242089080e-03
28.321367	-7.713473672e-05
28.326367	1.031822313e-03
28.331367	3.888081441e-05
28.336368	1.195835555e-03
28.341368	-1.119042133e-03
28.346368	4.868909445e-04
28.351368	4.789019218e-04
28.356369	1.439286845e-04
28.361369	-1.405985910e-03
28.366369	-2.284932885e-03
28.371369	3.629499212e-04
28.376370	3.182824430e-03
28.381370	1.367922640e-03
28.386370	-1.623922342e-03
28.391370	2.246901454e-03
28.396370	2.580080717e-04
28.401371	-2.446850751e-03
28.406371	-7.695450184e-05
28.411371	-1.682866358e-03
28.416371	9.605842169e-05
28.421372	1.863983735e-03
28.426372	1.644004999e-03
28.431372	9.180506864e-04
28.436372	-1.681813178e-03
28.441373	-2.388721649e-04
28.446373	5.930983406e-04
28.451373	-1.672781633e-03
28.456373	8.614414031e-05
28.461374	2.304047765e-03
28.466374	1.090117030e-03
28.471374	-1.338132191e-04
28.476374	-7.680528860e-05
28.481375	-2.006701457e-03
28.486375	1.442054190e-04
28.491375	1.692141401e-03
28.496375	-1.337701668e-03
28.501376	4.782213867e-04
28.506376	6.982214719e-04
28.511376	-1.012685244e-03
28.516376	1.577200466e-03
28.521377	-1.807039751e-04
28.526377	-2.828565459e-03
28.531377	-3.536741877e-04
28.536377	-1.510607624e-03
28.541377	1.195272506e-03
28.546378	1.243280921e-03
28.551378	-7.564468600e-05
28.556378	7.083282147e-04
28.561378	-2.886487539e-03
28.566379	4.203636021e-04
28.571379	4.783715521e-04
28.576379	-6.875614210e-04
28.581379	3.633986114e-04
28.586380	-1.805643739e-04
28.591380	1.415369362e-03
28.596380	1.309385245e-03
28.601380	7.654222705e-04
28.606381	-1.394462708e-03
28.611381	-2.179414045e-03
28.616381	-1.904992580e-04
28.621381	-4.004783382e-04
28.626382	6.504817259e-04
28.631382	1.473452797e-03
28.636382	1.080482560e-03
28.641382	5.835173450e-04
28.646383	-1.012394826e-03
28.651383	-1.234269255e-04
28.656383	6.415469629e-04
28.661383	2.485767428e-04
28.666384	-2.863866205e-04
28.671384	-3.433730498e-04
28.676384	-6.293484235e-04
28.681384	-1.289305743e-03
28.686384	-1.902265328e-03
28.691385	1.635574753e-03
28.696385	1.090611893e-03
28.701385	-1.394257334e-03
28.706385	6.416552478e-04
28.711386	-2.382914334e-04
28.716386	-1.835203507e-03
28.721386	6.986850505e-04
28.726386	1.913637270e-03
28.731387	-4.582373899e-04
28.736387	-1.682167451e-03
28.741387	1.137707317e-03
28.746387	3.795589907e-03
28.751388	-7.921777887e-04
28.756388	-1.175148425e-03
28.761388	-1.819338237e-05
28.766388	-6.871502087e-04
28.771389	1.147772119e-03
28.776389	7.088041991e-04
28.781389	4.788261959e-04
28.786389	1.438532637e-04
28.791390	-1.241068989e-03
28.796390	-1.566042397e-03
28.801390	-7.610339834e-05
28.806390	-8.980528129e-04
28.811391	-1.174028575e-03
28.816391	1.358860096e-03
28.821391	1.367870586e-03
28.826391	-1.805159485e-05
28.831391	-1.288979322e-03
28.836392	-6.602741306e-05
28.841392	2.303869142e-03
28.846392	1.185934041e-03
28.851392	4.219818584e-04
28.856393	-7.819490855e-04
28.861393	-1.738891947e-03
28.866393	-5.719373142e-04
28.871393	7.090118198e-04
28.876394	-6.299125949e-04
28.881394	-6.868988788e-04
28.886394	3.907705117e-05
28.891394	-1.288847884e-03
28.896395	-5.728714647e-04
28.901395	1.587035267e-03
28.906395	1.646043402e-03
28.911395	-1.403798412e-03
28.916396	-9.068114093e-04
28.921396	7.661188399e-04
28.926396	-2.340720213e-03
28.931396	1.301115015e-03
28.936397	4.512970998e-03
28.941397	-1.785713990e-03
28.946397	-1.778830904e-05
28.951397	-2.377666785e-04
28.956398	-7.347316758e-04
28.961398	1.358178330e-03
28.966398	7.572183591e-04
28.971398	1.092213218e-03
28.976398	-1.394655724e-03
28.981399	1.864198022e-03
28.986399	5.362731508e-04
28.991399	-4.547470442e-03
28.996399	-1.125624554e-03
29.001400	2.630205219e-03
29.006400	9.633856606e-05
29.011400	-8.976024076e-04
29.016400	8.613237553e-04
29.021401	-7.445876750e-04
29.026401	-3.515955788e-04
29.031401	3.743804494e-04
29.036401	1.444026199e-04
29.041402	9.203762417e-04
29.046402	1.149376266e-03
29.051402	-9.555110608e-04
29.056402	-1.566470489e-03
29.061403	2.024552216e-04
29.066403	1.091423406e-03
29.071403	1.646407714e-03
29.076403	-1.288439538e-03
29.081404	-1.127436208e-03
29.086404	9.184761501e-04
29.091404	-8.964251464e-04
29.096404	8.753847344e-05
29.101405	-1.240386320e-03
29.106405	-1.613357202e-03
29.111405	1.545685905e-04
29.116405	1.311523874e-03
29.121405	-3.523846900e-04
29.126406	-1.346325587e-03
29.131406	1.196562815e-03
29.136406	4.796085560e-04
29.141406	1.474571675e-03
29.146407	-1.231286583e-03
29.151407	-3.440168825e-03
29.156407	5.376503370e-04
29.161407	-7.430897305e-05
29.166408	-1.184244245e-03
29.171408	1.358644183e-03
29.176408	-3.422625590e-04
29.181408	-8.972246067e-04
29.186409	6.997094878e-04
29.191409	8.627127941e-04
29.196409	1.254705052e-03
29.201409	8.147374667e-04
29.206410	8.047491322e-04
29.211410	3.167838706e-04
29.216410	6.517788921e-04
29.221410	-7.417487650e-05
29.226411	-1.183110157e-03
29.231411	4.798207814e-04
29.236411	3.251698200e-03
29.241411	-2.371222059e-04
29.246412	-1.240062589e-03
29.251412	1.254828208e-03
29.256412	-1.800913197e-04
29.261412	-1.708796761e-05
29.266412	-2.224970182e-03
29.271413	-1.450996312e-03
29.276413	1.449378901e-04
29.281413	1.970860995e-03
29.286413	1.034917404e-03
29.291414	-2.941879418e-03
29.296414	8.619482330e-04
29.301414	2.688871302e-03
29.306414	-5.619605481e-04
29.311415	-1.728892974e-03
29.316415	1.244974747e-03
29.321415	1.082993824e-03
29.326415	2.130470733e-04
29.331416	-2.444813380e-03
29.336416	-1.403852354e-03
29.341416	4.220707891e-04
29.346416	-2.061798053e-03
29.351417	1.035063755e-03
29.356417	8.720829025e-04
29.361417	8.813202399e-05
29.366417	2.501354923e-04
29.371418	-7.818034107e-04
29.376418	9.816541155e-05
29.381418	2.511693239e-04
29.386418	-8.387667703e-04
29.391419	-1.335731481e-03
29.396419	2.019117904e-03
29.401419	6.421956711e-04
29.406419	-2.386646829e-03
29.411419	2.602367356e-04
29.416420	3.172453035e-04
29.421420	-7.372450378e-05
29.426420	6.432522172e-04
29.431420	9.828984874e-05
29.436421	1.417237522e-03
29.441421	2.631190266e-03
29.446421	-1.068619824e-03
29.451421	-2.779525906e-03
29.456422	-2.894509012e-03
29.461422	3.183472684e-04
29.466422	1.265312914e-03
29.471422	-1.010565886e-03
29.476423	-1.508530494e-03
29.481423	-1.403524202e-03
29.486423	3.903231032e-03
29.491423	1.532356829e-03
29.496424	-3.171404774e-03
29.501424	-3.985272334e-04
29.506424	-3.415186084e-04
29.511424	2.248367771e-03
29.516425	9.784404465e-04
29.521425	-2.673371913e-03
29.526425	-7.344541058e-04
29.531425	-8.484372122e-04
29.536426	1.025483739e-03
29.541426	4.514326749e-03
29.546426	8.725139219e-04
29.551426	-3.600258795e-03
29.556426	-1.115367321e-03
29.561427	1.455832309e-04
29.566427	2.191495899e-03
29.571427	-4.563648846e-04
29.576427	-2.453257084e-03
29.581428	7.585993193e-04
29.586428	2.363533284e-03
29.591428	2.036489604e-04
29.596428	4.066825952e-05
29.601429	-1.948224311e-03
29.606429	-1.679225855e-03
29.611429	9.776573533e-04
29.616429	9.296711146e-04
29.621430	1.742643325e-03
29.626430	-1.564185620e-03
29.631430	-2.998104957e-03
29.636430	1.474690622e-03
29.641431	2.144669746e-03
29.646431	-1.842126368e-03
29.651431	3.077813343e-04
29.656431	2.412691211e-03
29.661432	7.107848267e-04
29.666432	-2.780035213e-03
29.671432	7.008082639e-04
29.676432	3.358691464e-03
29.681433	-7.330995608e-04
29.686433	-2.931093083e-04
29.691433	-1.182054912e-03
29.696433	-1.450030483e-03
29.701433	2.143807558e-03
29.706434	9.778753329e-04
29.711434	-3.227910171e-03
29.716434	-7.900163290e-04
29.721434	4.339361071e-04
29.726435	-7.329960579e-04
29.731435	3.097858511e-05
29.736435	1.694909795e-03
29.741435	1.532929135e-03
29.746436	-1.956890904e-03
29.751436	-2.061874308e-03
29.756436	1.207979404e-03
29.761436	1.207990938e-03
29.766437	-2.119836907e-03
29.771437	-1.309213616e-04
29.776437	1.094031060e-03
29.781437	7.010615730e-04
29.786438	1.532033016e-03
29.791438	-3.978622853e-04
29.796438	-3.724690161e-03
29.801438	4.231212045e-04
29.806439	2.088052409e-03
29.811439	-1.448765323e-03
29.816439	-7.327883114e-04
29.821439	7.011540504e-04
29.826439	1.752114900e-03
29.831440	-1.507716188e-03
29.836440	-5.127526301e-04
29.841440	1.972139020e-03
29.846440	-1.575344898e-05
29.851441	-1.286680519e-03
29.856441	-1.344666128e-03
29.861441	-1.787108083e-04
29.866441	1.083239882e-03
29.871442	-1.066644754e-03
29.876442	-1.009635901e-03
29.881442	8.062880602e-04
29.886442	-1.229602068e-03
29.891443	1.208291880e-03
29.896443	1.463547502e-04
29.901443	-7.262306214e-05
29.906443	2.365270895e-03
29.911444	1.589319971e-03
29.916444	-1.506518981e-03
29.921444	-1.343515218e-03
29.926444	7.583949673e-04
29.931445	-8.475158870e-04
29.936445	1.475383638e-03
29.941445	-1.506460801e-03
29.946445	-1.448451955e-03
29.951446	3.243333245e-03
29.956446	-3.984793323e-04
29.961446	-1.228427621e-03
29.966446	8.064858219e-04
29.971446	-8.474226922e-04
29.976447	-1.009403211e-03
29.981447	3.195443136e-04
29.986447	-8.473876954e-04
29.991447	9.775358969e-04
29.996448	1.753510120e-03
30.001448	-2.923794580e-04
30.006448	-3.403654611e-04
30.011448	-1.401302571e-03
30.016449	-1.239298704e-03
30.021449	1.566456108e-04
30.026449	1.370598712e-03
30.031449	1.418608090e-03
30.036450	-2.720180453e-03
30.041450	-1.621221793e-03
30.046450	2.966568482e-03
30.051450	9.871860579e-05
30.056451	-1.008216258e-03
30.061451	1.151691207e-03
30.066451	9.207140712e-04
30.071451	-4.072101180e-04
30.076452	-2.176113020e-03
30.081452	-2.921922230e-04
30.086452	1.428736444e-03
30.091452	9.217726430e-04
30.096453	-9.041274969e-04
30.101453	-1.067107895e-03
30.106453	2.259743274e-03
30.111453	1.925771136e-03
30.116453	-1.181067168e-03
30.121454	-1.286050354e-03
30.126454	1.360833645e-03
30.131454	1.092858333e-03
30.136454	5.398967775e-04
30.141455	-4.640430083e-04
30.146455	-7.320183124e-04
30.151455	-1.783955776e-03
30.156455	-1.056979095e-03
30.161456	2.030883640e-03
30.166456	-1.343941701e-03
30.171456	-1.505922107e-03
30.176456	1.256956323e-03
30.181457	4.302669495e-05
30.186457	1.245980420e-03
30.191457	7.590157106e-04
30.196457	-1.218877036e-03
30.201458	9.007158133e-05
30.206458	2.298976765e-03
30.211458	9.210550696e-04
30.216458	-2.825752289e-03
30.221459	-8.938337281e-04
30.226459	1.304071998e-03
30.231459	1.371080574e-03
30.236459	9.801112578e-04
30.241460	-1.482890527e-05
30.246460	-1.945723892e-03
30.251460	-1.180748991e-03
30.256460	2.088105062e-03
30.261460	-6.737498094e-04
30.266461	-1.840681657e-03
30.271461	1.590164586e-03
30.276461	1.476181924e-03
30.281461	-2.508613912e-03
30.286462	-6.746905843e-04
30.291462	4.342677364e-04
30.296462	1.085248164e-03
30.301462	1.476241143e-03
30.306463	-1.898584119e-03
30.311463	-1.448593982e-03
30.316463	-6.164906438e-05
30.321463	-7.163672116e-05
30.326464	-3.496114408e-04
30.331464	8.073445856e-04
30.336464	8.173559720e-04
30.341464	9.793600252e-04
30.346465	2.044093032e-04
30.351465	5.404049642e-04
30.356465	7.024090258e-04
30.361465	-9.524992168e-04
30.366466	-2.499412669e-03
30.371466	4.254580514e-04
30.376466	2.691360580e-03
30.381466	1.649422763e-03
30.386467	-1.124431460e-03
30.391467	-1.343408991e-03
30.396467	7.695009325e-04
30.401467	-5.114253382e-04
30.406467	3.685440985e-04
30.411468	7.595371383e-04
30.416468	-1.391347136e-03
30.421468	-7.139892632e-05
30.426468	-4.063708396e-04
30.431469	-1.228319246e-03
30.436469	7.025994828e-04
30.441469	-2.923405690e-04
30.446469	-1.763342378e-04
30.451470	-3.483140042e-04
30.456470	-1.008270216e-03
30.461470	8.166536429e-04
30.466470	-2.342836925e-04
30.471471	5.406908473e-04
30.476471	1.477217605e-04
30.481471	-6.832261845e-04
30.486471	8.747105739e-04
30.491472	8.747225281e-04
30.496472	-7.401875710e-04
30.501472	-5.111866635e-04
30.506472	-1.066147915e-03
30.511473	4.827892909e-04
30.516473	2.642697011e-03
30.521473	-1.343098644e-03
30.526473	-6.251213229e-04
30.531474	9.798131915e-04
30.536474	4.287039205e-05
30.541474	-1.411487576e-05
30.546474	-1.505030932e-03
30.551474	1.009035446e-04
30.556475	2.194814472e-03
30.561475	7.028984717e-04
30.566475	-1.285993539e-03
30.571475	-1.399976040e-03
30.576476	1.036918344e-03
30.581476	-2.661891130e-03
30.586476	-8.929645012e-04
30.591476	7.019705280e-04
30.596477	-6.259533686e-04
30.601477	4.840050733e-04
30.606477	-1.839870749e-03
30.611477	9.230079207e-04
30.616478	1.038014392e-03
30.621478	-1.170866972e-03
30.626478	3.780702958e-04
30.631478	7.030666398e-04
30.636479	-7.408516372e-04
30.641479	1.152069036e-03
30.646479	4.313459682e-05
30.651479	-2.393735747e-03
30.656480	7.131263433e-04
30.661480	1.582096448e-03
30.666480	-1.122760954e-03
30.671480	-8.347628029e-04
30.676481	1.143153787e-03
30.681481	-2.499658337e-03
30.686481	-6.737344061e-04
30.691481	-4.057352796e-04
30.696481	4.262366296e-04
30.701482	2.472149951e-03
30.706482	1.697199423e-03
30.711482	9.322484151e-04
30.716482	-2.906804858e-04
30.721483	-1.180625456e-03
30.726483	-8.926272759e-04
30.731483	5.993127982e-04
30.736483	1.917261273e-03
30.741484	2.053559851e-04
30.746484	-1.944528161e-03
30.751484	4.263695010e-04
30.756484	-7.885597652e-04
30.761485	-1.342520930e-03
30.766485	-1.275674693e-04
30.771485	-1.765530018e-04
30.776485	1.094397762e-03
30.781486	5.414365586e-04
30.786486	-1.121471070e-03
30.791486	-1.275069305e-04
30.796486	9.894512758e-04
30.801487	7.024772452e-04
30.806487	-4.054571592e-04
30.811487	4.453324582e-05
30.816487	8.185080164e-04
30.821488	-1.008391680e-03
30.826488	-6.253980332e-04
30.831488	4.845605288e-04
30.836488	-5.673765630e-04
30.841488	1.257547496e-03
30.846489	1.534546269e-03
30.851489	-2.002270883e-03
30.856489	-2.384240300e-03
30.861489	8.766144643e-04
30.866490	5.896404669e-04
30.871490	-1.342254136e-03
30.876490	-3.962876359e-04
30.881490	-1.762860948e-04
30.886491	7.046835474e-04
30.891491	1.698647738e-03
30.896491	-7.125467036e-05
30.901491	1.257693358e-03
30.906492	1.534692161e-03
30.911492	-4.052020359e-04
30.916492	-2.775075477e-03
30.921492	-1.342132458e-03
30.926493	1.200756992e-03
30.931493	-3.381565480e-04
30.936493	3.688215171e-04
30.941493	8.668096715e-04
30.946494	5.418375485e-04
30.951494	3.788576095e-04
30.956494	-1.725028649e-03
30.961494	-4.162898786e-03
30.966495	1.812824999e-03
30.971495	3.744743960e-03
30.976495	-1.618984953e-03
30.981495	-1.180451864e-04
30.986495	4.849379229e-04
30.991496	-1.007977807e-03
30.996496	1.591908927e-03
31.001496	1.525924331e-03
31.006496	-1.340925078e-03
31.011497	-1.331913289e-03
31.016497	4.403252872e-05
31.021497	-4.049335724e-04
31.026497	5.420329544e-04
31.031498	2.529949242e-03
31.036498	3.210680908e-04
31.041498	-7.868661954e-04
31.046498	-4.618696395e-04
31.051499	-1.169823226e-03
31.056499	5.411064432e-04
31.061499	1.975049483e-03
31.066499	-2.277733005e-03
31.071500	-9.017871605e-04
31.076500	-3.957993254e-04
31.081500	2.741805972e-04
31.086500	3.520439285e-05
31.091501	-1.006733054e-03
31.096501	1.813143111e-03
31.101501	-1.847481920e-04
31.106501	5.412290400e-04
31.111502	8.192278961e-04
31.116502	-5.086957357e-04
31.121502	9.232474302e-04
31.126502	2.642915156e-04
31.131502	-2.832546733e-03
31.136503	2.063188828e-04
31.141503	7.623043364e-04
31.146503	-1.943552775e-03
31.151503	3.223501544e-04
31.156504	1.087325528e-03
31.161504	3.113752773e-04
31.166504	-1.723514209e-03
31.171504	4.541271684e-05
31.176505	1.316363680e-03
31.181505	-2.058461127e-03
31.186505	-1.254756342e-05
31.191505	1.316400607e-03
31.196506	1.200418520e-03
31.201506	-4.524893859e-04
31.206506	1.316437556e-03
31.211506	2.138410206e-03
31.216507	-2.324630401e-04
31.221507	-2.163357519e-03
31.226507	-9.584033473e-04
31.231507	-1.274311228e-04
31.236508	-1.838336213e-03
31.241508	1.096534472e-03
31.246508	1.211541260e-03
31.251508	3.225965054e-04
31.256509	5.895959618e-04
31.261509	-2.173258344e-03
31.266509	-1.503278333e-03
31.271509	1.096608534e-03
31.276509	8.766315040e-04
31.281510	-8.442730819e-04
31.286510	-4.522796442e-04
31.291510	2.425593815e-03
31.296510	-7.392410725e-04
31.301511	-1.895172917e-03
31.306511	-6.712196248e-04
31.311511	-9.591933568e-04
31.316511	1.039722537e-03
31.321512	1.374718742e-03
31.326512	-4.621802244e-04
31.331512	-1.007141544e-03
31.336512	4.378010969e-04
31.341513	3.524664493e-03
31.346513	-4.051334509e-04
31.351513	-1.063089307e-03
31.356513	8.198322036e-04
31.361514	-1.168059459e-03
31.366514	2.658837264e-04
31.371514	1.019040376e-04
31.376514	-1.122024491e-03
31.381515	-4.610439913e-04
31.386515	2.530824010e-03
31.391515	-6.150117505e-04
31.396515	-2.056929748e-03
31.401516	2.559710304e-04
31.406516	-1.200362297e-05
31.411516	1.316944651e-03
31.416516	-1.197879164e-05
31.421516	-2.105865311e-03
31.426517	1.030404986e-04
31.431517	1.699975847e-03
31.436517	-4.039101827e-04
31.441517	1.500755081e-04
31.446518	1.373028913e-03
31.451518	3.230920219e-04
31.456518	-7.858420200e-04
31.461518	5.901040080e-04
31.466519	4.851215151e-04
31.471519	1.601496422e-04
31.476519	1.040119615e-03
31.481519	-1.282755825e-03
31.486520	-1.747968509e-04
31.491520	-6.978946766e-05
31.496520	-6.807475262e-04
31.501520	2.662192245e-04
31.506521	6.572128114e-04
31.511521	4.525480782e-05
31.516521	-8.426898730e-04
31.521521	2.082718673e-04
31.526522	3.529268321e-05
31.531522	-7.856552245e-04
31.536522	-1.550605833e-03
31.541522	5.423056269e-04
31.546523	3.143291062e-04
31.551523	9.243121437e-04
31.556523	2.482249430e-03
31.561523	-1.893526891e-03
31.566523	-6.805729488e-04
31.571524	-1.175876341e-04
31.576524	-2.774446912e-03
31.581524	1.699349652e-03
31.586524	1.375377783e-03
31.591525	-1.722460205e-03
31.596525	2.253360401e-03
31.601525	2.359367785e-03
31.606525	-3.882318459e-03
31.611526	-3.319333126e-03
31.616526	2.855381359e-03
31.621526	1.862441792e-03
31.626526	-1.052405012e-03
31.631527	8.205171050e-04
31.636527	3.556750617e-05
31.641527	-1.895326782e-03
31.646527	1.479522852e-03
31.651528	2.095966666e-04
31.656528	-3.318220539e-03
31.661528	-1.173625019e-04
31.666528	-1.833467885e-04
31.671529	1.919564246e-03
31.676529	2.703538940e-03
31.681529	-1.664237715e-03
31.686529	-6.232754192e-04
31.691530	-3.472762008e-04
31.696530	-2.114178380e-03
31.701530	-2.882539641e-04
31.706530	3.227290928e-04
31.711530	2.311645646e-03
31.716531	1.929676632e-03
31.721531	-1.893126309e-03
31.726531	-1.120458492e-05
31.731531	2.531685239e-03
31.736532	2.568075949e-04
31.741532	-1.838078735e-03
31.746532	-6.711224948e-04
31.751532	-1.168085944e-03
31.756533	-2.162025404e-03
31.761533	3.238671839e-04
31.766533	1.977799929e-03
31.771533	-9.480462823e-04
31.776534	1.144865279e-03
31.781534	-6.806360098e-05
31.786534	-1.223995230e-03
31.791534	1.260897419e-03
31.796535	-1.005980586e-03
31.801535	-1.722933396e-03
31.806535	4.859725793e-04
31.811535	1.862918712e-03
31.816536	5.439949619e-04
31.821536	-7.279310541e-04
31.826536	-4.029341433e-04
31.831536	1.146003696e-03
31.836537	2.090615185e-04
31.841537	-6.891246214e-05
31.846537	1.040046619e-03
31.851537	6.580776620e-04
31.856537	9.830745853e-04
31.861538	1.147079281e-03
31.866538	-1.119798695e-03
31.871538	-7.858022000e-04
31.876538	-8.317873630e-04
31.881539	-2.161710555e-03
31.886539	-2.334689584e-03
31.891539	-3.457729556e-04
31.896539	1.595145992e-03
31.901540	9.841881075e-04
31.906540	-6.797189543e-04
31.911540	2.149157142e-03
31.916540	1.700191445e-03
31.921541	-8.426731875e-04
31.926541	8.782563900e-04
31.931541	-6.126590110e-04
31.936541	-1.156703560e-04
31.941542	-1.013614373e-03
31.946542	-4.596284646e-04
31.951542	2.196255998e-03
31.956542	-5.076008508e-04
31.961543	-1.166556394e-03
31.966543	3.243843001e-04
31.971543	-6.125578222e-04
31.976543	-2.439456989e-03
31.981544	3.714200049e-04
31.986544	2.800315437e-03
31.991544	1.365397357e-03
31.996544	-1.109470527e-03
32.001544	-1.386444491e-03
32.006545	1.919408623e-03
32.011545	2.972370474e-03
32.016545	-1.893382006e-03
32.021545	-2.611334678e-03
32.026546	-2.294369616e-04
32.031546	-1.154297837e-04
32.036546	7.055432744e-04
32.041546	-1.724016673e-04
32.046547	-1.004348827e-03
32.051547	-4.023651935e-04
32.056547	1.977532631e-03
32.061547	-1.035873116e-05
32.066548	-2.380231655e-03
32.071548	6.486348530e-04
32.076548	2.914538188e-03
32.081548	6.016625184e-04
32.086549	-5.652684577e-04
32.091549	-7.272479357e-04
32.096549	8.786872601e-04
32.101549	-1.559182368e-03
32.106550	-2.773111068e-03
32.111550	-1.023170656e-05
32.116550	2.150676711e-03
32.121550	2.035694977e-03
32.126551	1.366739981e-03
32.131551	-6.121517879e-04
32.136551	-2.495048189e-03
32.141551	6.968104803e-04
32.146551	5.438305894e-04
32.151552	5.448432679e-04
32.156552	-1.731034158e-03
32.161552	-1.167048647e-03
32.166552	1.041857473e-03
32.171553	-1.501007060e-03
32.176553	1.040882993e-03
32.181553	8.789035496e-04
32.186553	-1.385974395e-03
32.191554	5.919428834e-04
32.196554	8.119450097e-04
32.201554	-1.223943982e-03
32.206554	-1.826902132e-03
32.211555	-9.977074739e-06
32.216555	9.279904067e-04
32.221555	-1.338887428e-03
32.226555	1.307997576e-03
32.231556	9.840259706e-04
32.236556	2.200756024e-04
32.241556	9.850514428e-04
32.246556	-1.395820881e-03
32.251557	9.840770191e-04
32.256557	-3.448460731e-04
32.261557	6.491187226e-04
32.266557	-2.288261323e-04
32.271558	-1.500751970e-03
32.276558	1.098135370e-03
32.281558	9.841536483e-04
32.286558	5.921853453e-04
32.291558	1.157170857e-03
32.296559	5.452131754e-04
32.301559	-2.552624524e-03
32.306559	-1.500662510e-03
32.311559	-1.247161321e-04
32.316560	-1.727010262e-04
32.321560	2.485183483e-03
32.326560	7.642793358e-04
32.331560	-2.389555649e-03
32.336561	-2.227550671e-03
32.341561	2.673417121e-04
32.346561	6.023383445e-04
32.351561	1.376313791e-03
32.356562	1.377326547e-03
32.361562	-1.175537433e-03
32.366562	1.524112822e-04
32.371562	-5.635413523e-04
32.376563	-6.655252755e-05
32.381563	-9.542465407e-06
32.386563	4.294491623e-04
32.391563	7.644458110e-04
32.396564	2.774821335e-04
32.401564	1.525009867e-04
32.406564	-2.006381992e-03
32.411564	6.595021637e-04
32.416565	5.445205397e-04
32.421565	-1.814315941e-04
32.426565	1.099519411e-03
32.431565	3.088436248e-03
32.436565	4.856363753e-03
32.441566	8.795685276e-04
32.446566	-1.616298172e-03
32.451566	5.446103705e-04
32.456566	4.522431222e-03
32.461567	1.644582964e-03
32.466567	2.096650642e-04
32.471567	2.867549628e-03
32.476567	3.307541240e-03
32.481568	6.290410121e-03
32.486568	5.019484314e-03
32.491568	3.365576993e-03
32.496568	1.319688592e-03
32.501569	1.978669643e-03
32.506569	5.133530233e-03
32.511569	1.424722098e-03
32.516569	3.250646832e-03
32.521570	2.370702166e-03
32.526570	-2.609044621e-03
32.531570	4.883996331e-05
32.536570	3.966663739e-03
32.541571	5.928394469e-04
32.546571	8.228412184e-04
32.551571	1.758808918e-03
32.556571	-5.060688918e-04
32.561572	2.476800018e-03
32.566572	-1.720592557e-04
32.571572	-1.939961047e-03
32.576572	3.169429066e-04
32.581572	-2.860151071e-04
32.586573	1.872893580e-03
32.591573	2.093895801e-03
32.596573	-1.221931271e-03
32.601573	9.601800960e-05
32.606574	4.803321873e-05
32.611574	6.600165763e-04
32.616574	4.880377734e-04
32.621574	-8.925342482e-06
32.626575	3.192933020e-03
32.631575	-6.208700054e-04
32.636575	-2.446768975e-03
32.641575	7.650889099e-04
32.646576	3.831202523e-04
32.651576	-8.968050638e-04
32.656576	-1.138299439e-04
32.661576	4.817514876e-05
32.666577	-6.777768998e-04
32.671577	1.932110050e-03
32.676577	1.655136334e-03
32.681577	-6.676763951e-05
32.686578	-1.557682760e-03
32.691578	2.112447843e-04
32.696578	7.082337207e-04
32.701578	4.927845032e-05
32.706579	6.512623225e-04
32.711579	-8.692896329e-06
32.716579	-6.686481135e-04
32.721579	-4.486458001e-04
32.726579	-5.636273170e-04
32.731580	-5.066171335e-04
32.736580	2.869232868e-03
32.741580	1.588307630e-03
32.746580	-1.729519295e-03
32.751581	-1.059538690e-03
32.756581	1.377356637e-03
32.761581	-8.563526699e-06
32.766581	-1.776465253e-03
32.771582	-1.385471176e-03
32.776582	-6.784923480e-04
32.781582	2.314376153e-03
32.786582	2.429383555e-03
32.791583	-2.226378780e-03
32.796583	-7.824355155e-04
32.801583	1.712457027e-03
32.806583	-1.234414042e-04
32.811584	-3.434178259e-04
32.816584	-1.222362441e-03
32.821584	5.465651464e-04
32.826584	7.665674940e-04
32.831585	-6.203525989e-04
32.836585	1.157574559e-03
32.841585	1.434574160e-03
32.846585	9.276116012e-04
32.851586	-1.059279528e-03
32.856586	-1.890226447e-03
32.861586	3.736772635e-04
32.866586	2.106981084e-04
32.871586	1.206663019e-03
32.876587	5.467078531e-04
32.881587	-1.280190988e-03
32.886587	-1.107186353e-03
32.891587	-5.631996222e-04
32.896588	1.262725238e-03
32.901588	-3.321847942e-04
32.906588	9.857645864e-04
32.911588	2.696695001e-03
32.916589	-2.168057207e-03
32.921589	-3.324988372e-03
32.926589	1.482792578e-03
32.931589	7.088429319e-04
32.936590	-1.442040255e-03
32.941590	9.948551304e-04
32.946590	-5.050594727e-04
32.951590	-1.556995696e-03
32.956591	-2.280468306e-04
32.961591	1.703872934e-03
32.966591	4.889445821e-04
32.971591	-1.890927542e-03
32.976592	-8.005408386e-06
32.981592	2.811871505e-03
32.986592	-1.336915238e-03
32.991592	-2.289556963e-04
32.996592	2.754913307e-03
33.001593	-2.109838876e-03
33.006593	-1.555852592e-03
33.011593	1.640774191e-04
33.016593	8.230586386e-04
33.021594	1.253050912e-03
33.026594	6.040952615e-04
33.031594	-8.868197501e-04
33.036594	2.591379714e-04
33.041595	-2.278254928e-04
33.046595	-7.717862045e-04
33.051595	7.671525544e-04
33.056595	-1.227914556e-04
33.061596	-2.273674605e-03
33.066596	8.711866488e-04
33.071596	1.044191340e-03
33.076596	-1.660665067e-03
33.081597	7.662308434e-04
33.086597	3.272650759e-04
33.091597	1.542864721e-04
33.096597	-1.117639090e-03
33.101598	-2.053580866e-03
33.106598	2.478213459e-03
33.111598	-1.126484401e-04
33.116598	-2.875502037e-03
33.121599	1.035322264e-03
33.126599	4.323644235e-04
33.131599	1.063932155e-04
33.136599	9.863638043e-04
33.141599	1.818336711e-03
33.146600	-3.905436140e-04
33.151600	5.954218634e-04
33.156600	4.146166647e-05
33.161600	-5.054988668e-04
33.166601	2.592364684e-03
33.171601	-2.932355595e-03
33.176601	-1.996387697e-03
33.181601	-2.844572501e-04
33.186602	2.258433092e-03
33.191602	2.917414363e-03
33.196602	-3.219276373e-03
33.201602	-1.221359723e-03
33.206603	2.592469284e-03
33.211603	9.865598749e-04
33.216603	-1.775293741e-03
33.221603	2.696206461e-04
33.226604	8.816041949e-04
33.231604	1.159603865e-03
33.236604	1.598595766e-03
33.241604	-2.330201521e-03
33.246605	-1.451230852e-03
33.251605	2.085611536e-03
33.256605	-1.122692895e-04
33.261605	-1.498189302e-03
33.266606	-9.532025087e-04
33.271606	8.817220276e-04
33.276606	7.667406773e-04
33.281606	-3.210054282e-03
33.286606	-6.519296528e-05
33.291607	5.460553439e-03
33.296607	2.268720598e-03
33.301607	-8.961135443e-04
33.306607	-2.053044597e-03
33.311608	6.048402303e-04
33.316608	1.923789682e-03
33.321608	3.278798212e-04
33.326608	1.101855579e-03
33.331609	-2.370666829e-04
33.336609	-1.612987158e-03
33.341609	1.379881510e-03
33.346609	1.923868373e-03
33.351610	-2.826889212e-03
33.356610	-2.214905627e-03
33.361610	9.869529587e-04
33.366610	-3.419697765e-04
33.371611	-1.058922047e-03
33.376611	3.280241392e-04
33.381611	9.870054621e-04
33.386611	2.037967867e-03
33.391612	1.080741445e-04
33.396612	-5.608804361e-04
33.401612	1.207047369e-03
33.406612	-1.163825066e-03
33.411613	-5.518414672e-04
33.416613	1.045094595e-03
33.421613	9.815343756e-05
33.426613	-6.482555599e-05
33.431613	-6.381246329e-05
33.436614	-1.114748597e-03
33.441614	-2.837755597e-04
33.446614	1.072187145e-04
33.451614	-6.087335834e-04
33.456615	8.152108382e-04
33.461615	8.722212359e-04
33.466615	-1.687153728e-04
33.471615	-1.440640832e-03
33.476616	-1.163641048e-03
33.481616	1.045265494e-03
33.486616	2.133188037e-04
33.491616	-1.890566496e-03
33.496617	-6.186147278e-04
33.501617	1.485296887e-03
33.506617	4.477165645e-03
33.511617	2.153290969e-03
33.516618	4.026213736e-03
33.521618	1.679861044e-02
33.526618	1.811755995e-02
33.531618	5.843165538e-03
33.536619	3.033314324e-03
33.541619	3.531303458e-03
33.546619	1.045436609e-03
33.551619	4.904765662e-04
33.556620	2.479393745e-03
33.561620	2.211419853e-03
33.566620	4.325188872e-04
33.571620	-8.964037955e-04
33.576620	2.235553280e-04
33.581621	7.105450030e-04
33.586621	-1.115353690e-03
33.591621	3.368443082e-03
33.596621	-1.792051623e-02
33.601622	-3.471569242e-02
33.606622	-7.796978467e-03
33.611622	1.599581196e-03
33.616622	-1.717245530e-03
33.621623	-1.774229590e-03
33.626623	-2.874163311e-03
33.631623	-2.074028781e-02
33.636623	-3.914038654e-02
33.641624	-1.227067021e-02
33.646624	4.687524498e-03
33.651624	2.918623070e-03
33.656624	-1.001174544e-03
33.661625	-2.654081567e-03
33.666625	-5.473932268e-03
33.671625	-4.211979975e-03
33.676625	-1.017767884e-02
33.681626	-2.946773460e-02
33.686626	-1.874123911e-02
33.691626	-3.150978367e-03
33.696626	4.908590667e-04
33.701627	7.108616564e-04
33.706627	-1.758524208e-02
33.711627	-2.951465309e-02
33.716627	-1.470835451e-02
33.721627	-2.096003956e-02
33.726628	-3.819419454e-02
33.731628	-2.404686414e-02
33.736628	-3.106351227e-02
33.741628	-4.034505108e-02
33.746629	-3.753417353e-02
33.751629	-3.808913352e-02
33.756629	-4.118797074e-02
33.761629	-3.288935805e-02
33.766630	-3.952202470e-02
33.771630	-2.388476620e-02
33.776630	-1.437421200e-02
33.781630	-3.979997161e-02
33.786631	-1.990691851e-02
33.791631	-8.378256532e-04
33.796631	-1.602775503e-03
33.801631	2.594035169e-03
33.806632	2.767783773e-02
33.811632	2.331906134e-02
33.816632	4.476983988e-03
33.821632	5.633941383e-03
33.826633	2.260117457e-03
33.831633	2.159719739e-02
33.836633	3.420560209e-02
33.841633	9.782794092e-03
33.846634	1.820191647e-03
33.851634	1.723946068e-02
33.856634	3.409166055e-02
33.861634	1.651152230e-02
33.866634	1.925239551e-03
33.871635	2.977202025e-03
33.876635	-1.162584922e-03
33.881635	2.813586349e-04
33.886635	4.745156440e-03
33.891636	2.397824141e-02
33.896636	3.404476880e-02
33.901636	1.093889725e-02
33.906636	-2.271451896e-03
33.911637	5.494252098e-04
33.916637	2.260355888e-03
33.921637	9.314332851e-04
33.926637	-4.554865173e-04
33.931638	3.808320950e-03
33.936638	2.824115496e-02
33.941638	3.077504593e-02
33.946638	6.906211214e-03
33.951639	1.982462121e-03
33.956639	1.265509989e-03
33.961639	2.564134676e-02
33.966639	3.055612281e-02
33.971640	9.726141437e-03
33.976640	4.524405766e-03
33.981640	1.829075460e-02
33.986640	3.416000195e-02
33.991641	1.414198139e-02
33.996641	1.829079442e-02
34.001641	3.569796754e-02
34.006641	1.569094645e-02
34.011641	3.970525406e-03
34.016642	1.484658663e-03
34.021642	1.807187136e-02
34.026642	3.773493560e-02
34.031642	1.607299439e-02
34.036643	1.714700676e-03
34.041643	8.837540632e-04
34.046643	-7.211551935e-04
34.051643	3.913634392e-03
34.056644	7.687994620e-04
34.061644	-1.716067321e-03
34.066644	-1.391069720e-03
34.071644	1.668683734e-04
34.076645	3.868710434e-04
34.081645	1.753818357e-03
34.086645	1.045865817e-03
34.091645	5.499030458e-04
34.096646	3.199274378e-04
34.101646	-2.710912986e-03
34.106646	9.319244873e-04
34.111646	1.046932232e-03
34.116647	1.099907491e-04
34.121647	1.877918717e-03
34.126647	-7.799397034e-04
34.131647	1.371969734e-03
34.136648	-2.155846697e-03
34.141648	2.720494223e-04
34.146648	4.930520574e-04
34.151648	-1.715828029e-03
34.156648	-1.764204605e-02
34.161649	-3.808804592e-02
34.166649	-1.470616114e-02
34.171649	4.582921183e-03
34.176649	6.541241138e-04
34.181650	-4.592609345e-03
34.186650	-2.000285226e-02
34.191650	-3.566008326e-02
34.196650	-1.382712371e-02
34.201651	-6.067484796e-04
34.206651	-2.384649356e-03
34.211651	-9.517291787e-03
34.216651	-3.648197702e-02
34.221652	-2.575648137e-02
34.226652	8.272488823e-04
34.231652	1.486230394e-03
34.236652	-2.270574966e-03
34.241653	-1.275609669e-03
34.246653	1.662853951e-02
34.251653	2.885396277e-02
34.256653	1.453466721e-02
34.261654	4.851147910e-03
34.266654	2.041296851e-03
34.271654	9.333636495e-04
34.276654	1.613064348e-02
34.281655	3.299284295e-02
34.286655	1.320681125e-02
34.291655	-6.153502508e-05
34.296655	4.248270292e-03
34.301655	2.490368466e-03
34.306656	1.707419586e-03
34.311656	5.974864879e-04
34.316656	8.617112754e-03
34.321656	3.100504554e-02
34.326657	2.172350684e-02
34.331657	3.972376934e-03
34.336657	3.972390269e-03
34.341657	2.213488498e-03
34.346658	3.875899625e-04
34.351658	4.134422460e-03
34.356658	3.077514999e-02
34.361658	2.647437090e-02
34.366659	6.247360499e-03
34.371659	4.908438464e-03
34.376659	-2.164206834e-03
34.381659	1.602692852e-02
34.386660	3.514501913e-02
34.391660	1.442003276e-02
34.396660	9.886943696e-04
34.401660	4.976515244e-03
34.406661	3.312608900e-03
34.411661	8.167427105e-04
34.416661	7.707582788e-04
34.421661	-2.269081654e-03
34.426662	-3.381614992e-04
34.431662	1.878744853e-03
34.436662	5.284633217e-05
34.441662	4.928384488e-04
34.446662	-1.091191441e-04
34.451663	-9.980628849e-04
34.456663	-2.498977088e-03
34.461663	5.391305275e-05
34.466663	5.499024706e-04
34.471664	1.868852169e-03
34.476664	2.815819822e-03
34.481664	1.707886656e-03
34.486664	-2.240067420e-04
34.491665	4.449743304e-04
34.496665	-7.199560830e-04
34.501665	-2.603851795e-03
34.506665	-3.399476991e-04
34.511666	-3.959316334e-04
34.516666	-6.245635934e-03
34.521666	-2.995347831e-02
34.526666	-3.012445669e-02
34.531667	-5.480632759e-03
34.536667	4.135916467e-03
34.541667	1.325065501e-03
34.546667	-3.321696855e-03
34.551668	-6.158140847e-04
34.556668	6.081402116e-04
34.561668	2.711052086e-03
34.566668	3.791780053e-04
34.571669	-5.261536374e-03
34.576669	-7.217421131e-04
34.581669	6.652043200e-04
34.586669	-4.419536891e-03
34.591669	-2.847036271e-02
34.596670	-3.206417587e-02
34.601670	-3.655533637e-03
34.606670	2.261194170e-03
34.611670	-1.159627346e-03
34.616671	-8.836272882e-04
34.621671	-9.986083590e-04
34.626671	-1.054592277e-03
34.631671	1.593625130e-04
34.636672	-4.435950036e-04
34.641672	-5.585760716e-04
34.646672	-2.225789054e-04
34.651672	-1.551501381e-03
34.656673	-2.499442245e-03
34.661673	-2.431432142e-03
34.666673	-2.813400321e-03
34.671673	-3.206367968e-03
34.676674	-5.481244784e-03
34.681674	-8.788071792e-03
34.686674	-6.914148849e-03
34.691674	-1.332404862e-03
34.696675	4.862309541e-03
34.701675	4.527339099e-03
34.706675	5.416309584e-03
34.711675	7.348229732e-03
34.716676	5.024355286e-03
34.721676	2.863472974e-03
34.726676	-3.863567800e-04
34.731676	1.277576305e-03
34.736676	1.985555529e-03
34.741677	-5.003110950e-04
34.746677	5.996492118e-04
34.751677	2.252582830e-03
34.756677	7.706677521e-04
34.761678	-3.148129709e-03
34.766678	-2.269158734e-03
34.771678	9.906973288e-04
34.776678	2.596633219e-03
34.781679	7.147374487e-04
34.786679	-5.571877607e-04
34.791679	4.937749166e-04
34.796679	8.277721988e-04
34.801680	1.324761615e-03
34.806680	-2.880022038e-03
34.811680	-1.551072775e-03
34.816680	2.539743187e-03
34.821681	1.879788445e-03
34.826681	-1.081022037e-04
34.831681	-7.770565100e-04
34.836681	1.257858682e-03
34.841682	1.038882659e-03
34.846682	-1.650458250e-04
34.851682	-2.373925805e-03
34.856682	-8.349866717e-04
34.861683	-1.608935907e-03
34.866683	4.469782754e-04
34.871683	1.879922526e-03
34.876683	-3.949542656e-04
34.881683	4.940162408e-04
34.886684	-1.608868851e-03
34.891684	-1.179273971e-04
34.896684	1.660000206e-03
34.901684	7.720564768e-04
34.906685	-5.988995412e-05
34.911685	-1.991783296e-03
34.916685	4.941101393e-04
34.921685	1.823059415e-03
34.926686	-1.598762014e-03
34.931686	-5.567988863e-04
34.936686	1.038137553e-03
34.941686	-1.494726780e-03
34.946687	1.384147691e-03
34.951687	2.483108070e-03
34.956687	-6.057294266e-04
34.961687	-8.347049539e-04
34.966688	-8.916887819e-04
34.971688	1.278219910e-03
34.976688	-1.331640703e-03
34.981688	-6.716591333e-04
34.986689	1.546247244e-03
34.991689	1.123298757e-04
34.996689	-1.551576391e-03
35.001689	-1.493565766e-03
35.006690	1.881284773e-03
35.011690	2.205282562e-03
35.016690	-1.714514823e-03
35.021690	1.154485864e-02
35.026690	3.072094654e-02
35.031691	1.469873328e-02
35.036691	1.048405537e-03
35.041691	9.444239853e-04
35.046691	4.954590843e-04
35.051692	1.373430139e-03
35.056692	5.514832412e-04
35.061692	4.375021737e-04
35.066692	1.326472699e-03
35.071693	1.326486131e-03
35.076693	-1.216377706e-03
35.081693	1.880486258e-03
35.086693	2.205484005e-03
35.091694	1.605961354e-04
35.096694	-2.803691470e-04
35.101694	3.316147506e-04
35.106694	-1.215297153e-03
35.111695	-1.828254133e-03
35.116695	9.916232027e-04
35.121695	3.796661754e-04
35.126695	1.985602102e-03
35.131696	8.306712824e-04
35.136696	-3.099125608e-03
35.141696	5.373565749e-05
35.146696	5.474904744e-05
35.151697	4.387439533e-04
35.156697	1.097725587e-03
35.161697	-1.828119757e-03
35.166697	-2.048095699e-03
35.171697	1.497746602e-03
35.176698	3.706653431e-03
35.181698	-2.154122283e-06
35.186698	-1.608063171e-03
35.191698	-5.912448778e-05
35.196699	2.043787458e-03
35.201699	5.998705924e-04
35.206699	-2.372972480e-03
35.211699	-1.655993641e-03
35.216700	-6.005722362e-05
35.221700	-4.311838567e-03
35.226700	-2.691973395e-02
35.231700	-2.902361896e-02
35.236701	-1.989910297e-03
35.241701	9.439615465e-04
35.246701	-2.879840451e-03
35.251701	-1.965904178e-06
35.256702	-1.158896617e-03
35.261702	-6.709067221e-04
35.266702	5.530476524e-04
35.271702	7.240528476e-04
35.276703	2.180907170e-04
35.281703	5.430884805e-04
35.286703	-1.770786391e-03
35.291703	-1.272796976e-03
35.296704	1.872064688e-03
35.301704	5.516583173e-05
35.306704	-5.981516742e-05
35.311704	1.049144760e-03
35.316704	2.851950843e-04
35.321705	-1.214719070e-03
35.326705	-4.507424907e-04
35.331705	1.651169514e-03
35.336705	-1.932644061e-03
35.341706	-5.412462654e-03
35.346706	6.002605968e-04
35.351706	2.752170189e-03
35.356706	7.252814716e-04
35.361707	-7.666330663e-04
35.366707	-2.105554988e-03
35.371707	-3.595469622e-03
35.376707	-6.462317798e-03
35.381708	-7.353261341e-03
35.386708	-6.588284805e-03
35.391708	-8.738167585e-03
35.396708	-1.259996774e-02
35.401709	-4.533343616e-03
35.406709	-1.655469058e-03
35.411709	-3.040388757e-03
35.416709	6.574462257e-04
35.421710	5.638219288e-03
35.426710	8.679085980e-03
35.431710	1.082899567e-02
35.436710	1.044602762e-02
35.441711	4.644321096e-03
35.446711	5.188308300e-03
35.451711	4.194369733e-03
35.456711	-8.893714404e-04
35.461711	1.327535022e-03
35.466712	1.824524496e-03
35.471712	1.546551373e-03
35.476712	1.001591137e-03
35.481712	-9.942990692e-04
35.486713	-2.219226486e-03
35.491713	6.576481243e-04
35.496713	2.159589096e-03
35.501713	-1.874202751e-03
35.506714	3.807018798e-04
35.511714	6.007047248e-04
35.516714	1.137416917e-04
35.521714	4.377395179e-04
35.526715	-8.901829260e-04
35.531715	-1.319148758e-03
35.536715	-1.598121828e-03
35.541715	-3.941664724e-04
35.546716	1.318764318e-03
35.551716	-3.203003974e-03
35.556716	-7.896763965e-03
35.561716	-1.348948057e-02
35.566717	-2.344098679e-02
35.571717	-1.132855793e-02
35.576717	-1.377024775e-03
35.581717	-2.160973471e-03
35.586718	1.814848103e-03
35.591718	-4.980267995e-04
35.596718	-1.711954742e-03
35.601718	-1.271962511e-03
35.606718	4.389683786e-04
35.611719	1.269941740e-03
35.616719	6.579847435e-04
35.621719	-1.377903526e-03
35.626719	-1.156900725e-03
35.631720	-7.279079617e-04
35.636720	1.987974425e-03
35.641720	1.997987411e-03
35.646720	-2.151798831e-03
35.651721	3.810923883e-04
35.656721	3.095974824e-03
35.661721	1.768052386e-03
35.666721	2.661383451e-04
35.671722	6.101352120e-04
35.676722	-1.213763288e-03
35.681722	2.045092894e-03
35.686722	4.586983680e-03
35.691723	2.192079610e-04
35.696723	-8.327277968e-04
35.701723	-4.407332456e-04
35.706723	-4.977170244e-04
35.711724	-1.727192393e-04
35.716724	-1.157658230e-03
35.721724	-1.099647559e-03
35.726724	1.710230294e-03
35.731725	1.213267752e-03
35.736725	5.525073115e-03
35.741725	1.249275029e-02
35.746725	1.205278500e-02
35.751725	9.883903152e-03
35.756726	5.133145919e-03
35.761726	1.720324111e-03
35.766726	-2.115691740e-04
35.771726	1.987338169e-03
35.776727	2.313335907e-03
35.781727	8.314209042e-04
35.786727	2.981330612e-03
35.791727	9.934400302e-04
35.796728	3.344853076e-04
35.801728	4.368304089e-03
35.806728	9.464827161e-04
35.811728	-3.924391877e-04
35.816729	-4.494229640e-04
35.821729	-2.266321798e-03
35.826729	-1.827329512e-03
35.831729	-1.491332256e-03
35.836730	1.777523447e-03
35.841730	-1.153717185e-04
35.846730	1.353598287e-02
35.851730	3.067516913e-02
35.856731	1.392699095e-02
35.861731	2.704546074e-03
35.866731	4.425476488e-03
35.871731	2.379588707e-03
35.876732	4.976930106e-04
35.881732	1.147249689e-04
35.886732	2.427626811e-03
35.891732	-1.632346667e-04
35.896732	-5.822626039e-05
35.901733	4.798552802e-03
35.906733	9.937499152e-04
35.911733	-1.433119478e-03
35.916733	-1.051700963e-04
35.921734	-2.161057395e-03
35.926734	1.156795944e-03
35.931734	-1.631268750e-04
35.936734	-1.631134009e-04
35.941735	1.940798529e-03
35.946735	2.198950629e-04
35.951735	-1.491008886e-03
35.956735	2.769192602e-04
35.961736	1.987850157e-03
35.966736	6.029304750e-04
35.971736	-7.749895450e-04
35.976736	1.149809756e-04
35.981737	0.000000000e+00
