expfull_T9_run07
4546	0
0.000000	0.000000000e+00
0.005000	1.547914378e-03
0.010001	1.051942666e-03
0.015001	-3.755788743e-03
0.020001	-2.769819775e-04
0.025001	1.653911056e-03
0.030002	-2.779806289e-04
0.035002	-5.459650472e-04
0.040002	-6.119607227e-04
0.045003	-1.719898329e-03
0.050003	3.040836992e-03
0.055003	3.536809997e-03
0.060003	-4.474742856e-03
0.065004	-3.307807246e-03
0.070004	2.705858247e-03
0.075004	3.421818992e-03
0.080004	1.490927250e-03
0.085005	-1.490905920e-03
0.090005	-2.264862139e-03
0.095005	-3.349690494e-04
0.100006	3.919910820e-04
0.105006	2.150893701e-03
0.110006	-5.559547943e-04
0.115006	-4.698251402e-05
0.120007	9.379632393e-04
0.125007	1.433936244e-03
0.130007	-9.379309206e-04
0.135008	-1.328908484e-03
0.140008	2.780026056e-04
0.145008	-2.679663201e-04
0.150008	1.548933067e-03
0.155009	-1.663887230e-03
0.160009	6.019871345e-04
0.165009	3.829999854e-04
0.170009	-1.872873644e-03
0.175010	1.987911833e-03
0.180010	2.770078313e-04
0.185010	-1.619670575e-04
0.190011	-1.768876855e-03
0.195011	-1.930867181e-03
0.200011	-1.050915576e-03
0.205011	-1.328899437e-03
0.210012	1.929919588e-03
0.215012	2.924864784e-03
0.220012	5.549975079e-04
0.225013	-1.040912903e-03
0.230013	-1.051911643e-03
0.235013	-1.149632154e-04
0.240013	1.930923409e-03
0.245014	-8.319219657e-04
0.250014	1.280960925e-03
0.255014	2.274906177e-03
0.260014	-2.876806062e-03
0.265015	-1.107904000e-03
0.270015	4.970072006e-04
0.275015	4.960079022e-04
0.280016	-1.939855696e-03
0.285016	-6.689258817e-04
0.290016	3.822824430e-03
0.295016	-1.433881957e-03
0.300017	-4.969335295e-04
0.305017	5.803618682e-05
0.310017	-2.159839561e-03
0.315018	1.375964028e-03
0.320018	6.110073061e-04
0.325018	-1.619489696e-04
0.330018	2.680277127e-04
0.335019	7.740001595e-04
0.340019	-1.872851680e-03
0.345019	-3.249373030e-04
0.350020	3.478851350e-03
0.355020	-1.051895497e-03
0.360020	-5.539226041e-04
0.365020	8.799981262e-04
0.370021	-2.679372514e-04
0.375021	6.120143526e-04
0.380021	-6.109168453e-04
0.385021	-2.322820792e-03
0.390022	1.140440422e-04
0.395022	1.548964717e-03
0.400022	3.250335742e-04
0.405023	-3.349289992e-04
0.410023	-2.045833002e-03
0.415023	-1.433866462e-03
0.420023	1.271983380e-03
0.425024	5.705173638e-05
0.430024	2.200432978e-04
0.435024	-1.050885225e-03
0.440025	-4.979153983e-04
0.445025	1.767958965e-03
0.450025	9.950026888e-04
0.455025	4.400342635e-04
0.460026	-1.629314869e-04
0.465026	8.320137079e-04
0.470026	-1.385862040e-03
0.475026	-1.328864572e-03
0.480027	1.385984769e-03
0.485027	-3.919154998e-04
0.490027	-1.051878074e-03
0.495028	-5.549051262e-04
0.500028	-3.919135651e-04
0.505028	-2.099230629e-04
0.510028	6.690285962e-04
0.515029	-1.139271233e-04
0.520029	1.167002133e-03
0.525029	-8.888826439e-04
0.530030	-1.662838865e-03
0.535030	3.048899185e-03
0.540030	-5.548993234e-04
0.545030	7.070309913e-04
0.550031	2.217947429e-03
0.555031	-1.758830292e-03
0.560031	-1.548841351e-03
0.565031	2.680580343e-04
0.570032	9.380213403e-04
0.575032	2.290614965e-04
0.580032	-3.154749272e-03
0.585033	-1.107862705e-03
0.590033	2.321946789e-03
0.595033	-1.165858184e-03
0.600033	-8.308762094e-04
0.605034	1.996966833e-03
0.610034	9.940233736e-04
0.615034	-1.662827911e-03
0.620035	-2.370787810e-03
0.625035	4.310840453e-03
0.630035	3.422890584e-03
0.635035	-2.819760856e-03
0.640036	-2.265791086e-03
0.645036	1.387005980e-03
0.650036	1.940975750e-03
0.655037	-9.378631627e-04
0.660037	8.520728941e-08
0.665037	3.260676834e-04
0.670037	-2.299006877e-04
0.675038	-1.873808426e-03
0.680038	-9.368600002e-04
0.685038	2.102971227e-03
0.690038	-3.248928192e-04
0.695039	6.600529312e-04
0.700039	5.450599834e-04
0.705039	-1.883804008e-03
0.710040	-8.788593719e-04
0.715040	2.217968679e-03
0.720040	-4.488820488e-04
0.725040	-1.165841448e-03
0.730041	1.223026059e-03
0.735041	-1.376828403e-03
0.740041	-1.108842695e-03
0.745042	1.435016173e-03
0.750042	-4.968755154e-04
0.755042	-6.698652314e-04
0.760042	1.491014981e-03
0.765043	-2.198890237e-04
0.770043	-8.218548321e-04
0.775043	-5.448696263e-04
0.780043	-8.878498686e-04
0.785044	9.940458921e-04
0.790044	2.149982112e-03
0.795044	-9.458447086e-04
0.800045	9.940478197e-04
0.805045	2.200915964e-04
0.810045	5.810126683e-05
0.815045	2.159984767e-03
0.820046	-1.271823329e-03
0.825046	-1.212825975e-03
0.830046	-1.213825277e-03
0.835047	-2.714740986e-03
0.840047	-1.618826196e-04
0.845047	1.108047247e-03
0.850047	2.819952481e-03
0.855048	1.631011945e-04
0.860048	-1.051830453e-03
0.865048	1.151051531e-04
0.870048	9.370599857e-04
0.875049	1.711017493e-03
0.880049	-2.102769315e-03
0.885049	-1.048800198e-04
0.890050	1.664022037e-03
0.895050	-1.718750029e-04
0.900050	-5.788071456e-05
0.905050	-1.628742216e-04
0.910051	-7.168427065e-04
0.915051	9.370657591e-04
0.920051	1.272047731e-03
0.925052	1.192595143e-07
0.930052	4.960922591e-04
0.935052	9.460678221e-04
0.940052	1.151147738e-04
0.945053	-9.938227819e-04
0.950053	-2.102760338e-03
0.955053	-1.223808683e-03
0.960054	-4.398517333e-04
0.965054	-4.968479160e-04
0.970054	1.631159435e-04
0.975054	-1.547788064e-03
0.980055	9.940709139e-04
0.985055	1.223058792e-03
0.990055	1.434047674e-03
0.995055	4.301888484e-03
1.000056	-1.041813061e-03
1.005056	-2.704719743e-03
1.010056	-1.385792609e-03
1.015057	-4.398446890e-04
1.020057	2.093014790e-03
1.025057	-1.548781606e-03
1.030057	-1.048614383e-04
1.035058	-6.588299246e-04
1.040058	-2.768505733e-04
1.045058	2.094017933e-03
1.050059	5.541043953e-04
1.055059	1.271065077e-03
1.060059	-1.987752663e-03
1.065059	-1.051804186e-03
1.070060	1.378270334e-07
1.075060	-1.618525056e-04
1.080060	8.220932964e-04
1.085060	5.541088709e-04
1.090061	-6.598228350e-04
1.095061	-7.168190194e-04
1.100061	7.181016485e-04
1.105062	8.220964916e-04
1.110062	-9.948016100e-04
1.115062	-6.588196962e-04
1.120062	-1.432775923e-03
1.125063	8.320984893e-04
1.130063	2.191332897e-04
1.135063	-1.109792008e-03
1.140064	5.551158417e-04
1.145064	-1.618435623e-04
1.150064	1.377071309e-03
1.155064	8.890991431e-04
1.160065	6.111152739e-04
1.165065	-8.888004946e-04
1.170065	-9.367971816e-04
1.175065	8.891016953e-04
1.180066	5.451215039e-04
1.185066	1.525139839e-07
1.190066	2.871371575e-04
1.195067	-2.288334487e-04
1.200067	-1.718359877e-04
1.205067	5.541241906e-04
1.210067	-9.367920802e-04
1.215068	-2.322714203e-03
1.220068	1.377080238e-03
1.225068	6.591208883e-04
1.230069	7.261177916e-04
1.235069	2.301460702e-04
1.240069	-1.825738714e-03
1.245069	1.319086655e-03
1.250070	1.434080883e-03
1.255070	-1.041780495e-03
1.260070	-8.307916174e-04
1.265071	-3.338186781e-04
1.270071	-6.028030505e-04
1.275071	-6.118019125e-04
1.280071	-1.108773579e-03
1.285072	1.988054465e-03
1.290072	3.479971954e-03
1.295072	5.816329407e-05
1.300072	-1.098771592e-03
1.305073	1.677983431e-07
1.310073	-2.380698875e-03
1.315073	-1.319757368e-03
1.320074	2.706018903e-03
1.325074	-1.165764679e-03
1.330074	-1.816727764e-03
1.335074	1.721620270e-04
1.340075	1.052113621e-03
1.345075	1.654080707e-03
1.350075	-1.385749241e-03
1.355076	1.491091062e-03
1.360076	2.543033070e-03
1.365076	-2.150704704e-03
1.370076	-1.051765315e-03
1.375077	1.631676093e-04
1.380077	-1.213755017e-03
1.385077	-4.497969595e-04
1.390077	-2.298085853e-04
1.395078	2.438043364e-03
1.400078	-4.681751482e-05
1.405078	-1.825717739e-03
1.410079	5.541502606e-04
1.415079	2.211694524e-04
1.420079	3.261642349e-04
1.425079	5.061548377e-04
1.430080	1.548097402e-03
1.435080	9.941289096e-04
1.440080	-1.653722887e-03
1.445081	-2.274687645e-03
1.450081	-2.198015347e-04
1.455081	1.826085077e-03
1.460081	1.272116584e-03
1.465082	-8.317655286e-04
1.470082	-1.328737198e-03
1.475082	1.491106279e-03
1.480082	7.751468142e-04
1.485083	-2.255683639e-03
1.490083	-2.197964699e-04
1.495083	2.681769671e-04
1.500084	1.538106824e-03
1.505084	4.501680896e-04
1.510084	-1.873701764e-03
1.515084	-1.166740532e-03
1.520085	1.053136382e-03
1.525085	-3.347856341e-04
1.530085	-2.323674157e-03
1.535086	2.333066945e-03
1.540086	1.329123529e-03
1.545086	4.401737036e-04
1.550086	-2.379668509e-03
1.555087	-1.717909270e-04
1.560087	1.653107999e-03
1.565087	-1.270728418e-03
1.570087	1.664108649e-03
1.575088	-1.711702579e-03
1.580088	-4.967696587e-04
1.585088	8.321569085e-04
1.590089	-2.370663961e-03
1.595089	1.099143291e-03
1.600089	1.491122076e-03
1.605089	2.057980443e-07
1.610090	-4.487685492e-04
1.615090	-1.047870895e-04
1.620090	-6.587555854e-04
1.625091	1.052149693e-03
1.630091	2.543067231e-03
1.635091	2.095796218e-07
1.640091	-1.109727931e-03
1.645092	-9.937337661e-04
1.650092	-6.117544248e-04
1.655092	-5.547569718e-04
1.660093	1.941104558e-03
1.665093	1.099152111e-03
1.670093	5.551830573e-04
1.675093	-4.678276463e-05
1.680094	-3.813572205e-03
1.685094	-2.380651435e-03
1.690094	1.987105770e-03
1.695094	-4.967551708e-04
1.700095	-9.927269006e-04
1.705095	2.209095284e-03
1.710095	1.157154539e-03
1.715096	8.311733353e-04
1.720096	1.722106889e-04
1.725096	1.152144936e-04
1.730096	4.721891127e-05
1.735097	1.051163587e-03
1.740097	-1.098715968e-03
1.745097	-2.379643951e-03
1.750098	2.323094583e-03
1.755098	2.772092323e-04
1.760098	-2.160654273e-03
1.765098	-1.147676672e-04
1.770099	6.121924451e-04
1.775099	7.271866633e-04
1.780099	7.171878476e-04
1.785099	6.021948833e-04
1.790100	-6.597341600e-04
1.795100	9.941742910e-04
1.800100	5.551993826e-04
1.805101	-2.322639603e-03
1.810101	-2.287556732e-04
1.815101	8.321858246e-04
1.820101	1.108171070e-03
1.825102	-1.490683465e-03
1.830102	-1.433686016e-03
1.835102	1.596145752e-03
1.840103	1.632262367e-04
1.845103	-8.217182447e-04
1.850103	-1.108701625e-03
1.855103	-8.887132601e-04
1.860104	1.152314132e-04
1.865104	1.826136686e-03
1.870104	2.543097353e-03
1.875104	1.722301116e-04
1.880105	-1.156695200e-03
1.885105	-9.457063340e-04
1.890105	8.221957618e-04
1.895106	-5.547268751e-04
1.900106	-2.045643159e-03
1.905106	2.046129422e-03
1.910106	2.440678800e-07
1.915107	-4.967276109e-04
1.920107	1.492162168e-03
1.925107	2.202336790e-04
1.930108	1.108184815e-03
1.935108	5.724400988e-05
1.940108	-1.662659513e-03
1.945108	1.152420242e-04
1.950109	2.490561478e-07
1.955109	-7.267098059e-04
1.960109	-4.967220007e-04
1.965110	-6.587123498e-04
1.970110	-3.817271641e-04
1.975110	-7.167078724e-04
1.980110	2.192405877e-04
1.985111	8.792044289e-04
1.990111	2.601109086e-03
1.995111	1.052196032e-03
2.000111	-2.208621614e-03
2.005112	-6.017105486e-04
2.010112	-6.687061931e-04
2.015112	-1.328668790e-03
2.020113	8.902081684e-04
2.025113	2.160138014e-03
2.030113	-2.380608300e-03
2.035113	-1.663647636e-03
2.040114	3.480066315e-03
2.045114	2.658112745e-03
2.050114	-1.930630894e-03
2.055115	-2.991571145e-03
2.060115	7.742196000e-04
2.065115	1.711168002e-03
2.070115	-1.548649701e-03
2.075116	2.302517770e-04
2.080116	1.549178891e-03
2.085116	-1.606644609e-03
2.090116	-1.443653073e-03
2.095117	4.982393207e-04
2.100117	2.601122742e-03
2.105117	-1.147252788e-04
2.110118	-1.653638893e-03
2.115118	1.549183226e-03
2.120118	1.622611414e-04
2.125118	2.292580263e-04
2.130119	3.932495054e-04
2.135119	-2.829570262e-03
2.140119	1.433192784e-03
2.145120	4.502481841e-04
2.150120	-6.016925710e-04
2.155120	1.272203611e-03
2.160120	2.102634130e-04
2.165121	1.548189465e-03
2.170121	1.444195879e-03
2.175121	2.769688842e-07
2.180121	-1.710627062e-03
2.185122	-2.657573669e-03
2.190122	-8.316748130e-04
2.195122	2.212671213e-04
2.200123	-5.671676920e-05
2.205123	1.003224775e-03
2.210123	-4.976909595e-04
2.215123	-2.287053342e-04
2.220124	9.472297448e-04
2.225124	2.831362722e-07
2.230124	2.811127098e-03
2.235125	6.112503178e-04
2.240125	-1.988604171e-03
2.245125	-1.384637216e-03
2.250125	-9.356616228e-04
2.255126	-1.057072625e-04
2.260126	-4.406879781e-04
2.265126	2.782725678e-04
2.270127	4.982609224e-04
2.275127	2.202770298e-04
2.280127	9.942345102e-04
2.285127	2.905192552e-07
2.290128	-1.147024576e-04
2.295128	5.542608740e-04
2.300128	-1.050649067e-03
2.305128	5.728979928e-05
2.310129	-4.976786574e-04
2.315129	-2.494566753e-03
2.320129	4.402702961e-04
2.325130	2.543153711e-03
2.330130	5.829281112e-05
2.335130	-3.144528076e-03
2.340130	3.922754237e-04
2.345131	2.266171600e-03
2.350131	-1.214633794e-03
2.355131	9.362469452e-04
2.360132	5.462692918e-04
2.365132	2.772848951e-04
2.370132	6.692636615e-04
2.375132	-6.106643935e-04
2.380133	-2.494558788e-03
2.385133	-1.319623658e-03
2.390133	1.385226207e-03
2.395133	1.100242701e-03
2.400134	1.712209206e-03
2.405134	-1.825593014e-03
2.410134	-1.270623333e-03
2.415135	2.657158375e-03
2.420135	-1.653600767e-03
2.425135	-1.662599655e-03
2.430135	2.820151122e-03
2.435136	-1.051632485e-03
2.440136	-3.316505649e-03
2.445136	1.109248305e-03
2.450137	1.710215421e-03
2.455137	8.902617287e-04
2.460137	-5.668488651e-05
2.465137	2.093195906e-03
2.470138	1.883208218e-03
2.475138	-3.536489122e-03
2.480138	-4.386611617e-04
2.485138	2.820157826e-03
2.490139	8.222697814e-04
2.495139	-7.166438434e-04
2.500139	-1.988572348e-03
2.505140	9.372651973e-04
2.510140	-4.966542794e-04
2.515140	-1.930573756e-03
2.520140	1.387241943e-03
2.525141	6.692825636e-04
2.530141	-4.966518491e-04
2.535141	-4.486539169e-04
2.540142	-1.109616473e-03
2.545142	2.773068378e-04
2.550142	-1.616680905e-04
2.555142	-3.246584001e-04
2.560143	3.307139799e-03
2.565143	1.204257603e-03
2.570143	-1.432594834e-03
2.575144	-2.589529749e-03
2.580144	-6.016399326e-04
2.585144	3.259145504e-03
2.590144	3.823064413e-04
2.595145	-2.321542262e-03
2.600145	1.153225314e-04
2.605145	-5.546395252e-04
2.610145	-6.116357438e-04
2.615146	-1.046633936e-04
2.620146	1.051272788e-03
2.625146	1.214264309e-03
2.630147	-9.356152697e-04
2.635147	-6.596300468e-04
2.640147	7.172938183e-04
2.645147	8.232885148e-04
2.650148	-2.776495240e-04
2.655148	3.923137410e-04
2.660148	3.361900239e-07
2.665149	-1.214595496e-03
2.670149	7.172974384e-04
2.675149	7.182979855e-04
2.680149	5.733542495e-05
2.685150	5.443088874e-04
2.690150	-1.270589362e-03
2.695150	4.503153304e-04
2.700150	3.353223412e-04
2.705151	-9.466056125e-04
2.710151	6.593054885e-04
2.715151	6.123087092e-04
2.720152	-2.186443787e-04
2.725152	-1.433576067e-03
2.730152	4.393201538e-04
2.735152	1.711249867e-03
2.740153	1.153394115e-04
2.745153	6.603096397e-04
2.750153	-4.396284581e-04
2.755154	-5.546214491e-04
2.760154	1.434268306e-03
2.765154	-1.490568087e-03
2.770154	-1.547564311e-03
2.775155	7.843063289e-04
2.780155	-1.329575261e-03
2.785155	-4.966210839e-04
2.790155	7.183118045e-04
2.795156	-1.165582603e-03
2.800156	-1.433567069e-03
2.805156	9.942982193e-04
2.810157	2.370222135e-03
2.815157	-1.146387808e-04
2.820157	-3.236265355e-04
2.825157	1.329281942e-03
2.830158	-1.109581537e-03
2.835158	3.572012914e-07
2.840158	-8.785932157e-04
2.845159	-2.045527583e-03
2.850159	1.319285486e-03
2.855159	3.595894979e-07
2.860159	-1.213572159e-03
2.865160	6.703234442e-04
2.870160	-7.735954870e-04
2.875160	-1.328563961e-03
2.880161	3.097189978e-03
2.885161	7.743200325e-04
2.890161	-2.542494519e-03
2.895161	4.403398369e-04
2.900162	3.353462837e-04
2.905162	1.711270196e-03
2.910162	1.654273967e-03
2.915162	-5.546023329e-04
2.920163	-9.375803942e-04
2.925163	-7.065926732e-04
2.930163	1.643593811e-04
2.935164	6.603323336e-04
2.940164	7.163298066e-04
2.945164	-1.606540141e-03
2.950164	7.843272041e-04
2.955165	2.543229770e-03
2.960165	-9.935725234e-04
2.965165	-2.265501043e-03
2.970166	-1.720530823e-03
2.975166	1.643647208e-04
2.980166	1.769275868e-03
2.985166	-6.025913504e-04
2.990167	1.491292545e-03
2.995167	2.868216398e-03
3.000167	-2.322493721e-03
3.005167	-1.595533644e-03
3.010168	2.380245369e-03
3.015168	-6.115872992e-04
3.020168	-2.647473244e-03
3.025169	3.923579307e-04
3.030169	2.256254643e-03
3.035169	5.543500836e-04
3.040169	-1.490535360e-03
3.045170	-4.485928399e-04
3.050170	-3.825959281e-04
3.055170	-4.761400764e-05
3.060171	1.215316196e-03
3.065171	-2.045501482e-03
3.070171	-8.785659289e-04
3.075171	1.597296675e-03
3.080172	-1.109551878e-03
3.085172	2.203745914e-04
3.090172	7.743443059e-04
3.095172	2.773725914e-04
3.100173	6.703512780e-04
3.105173	6.593524789e-04
3.110173	1.053839404e-04
3.115174	-2.704458874e-03
3.120174	-9.365568153e-04
3.125174	1.998280207e-03
3.130174	1.053862892e-04
3.135175	-1.500523623e-03
3.140175	-2.427471376e-03
3.145175	1.272323013e-03
3.150176	2.983228247e-03
3.155176	-7.175649141e-04
3.160176	-8.795553002e-04
3.165176	-1.615947280e-04
3.170177	-1.165538191e-03
3.175177	1.377320676e-03
3.180177	1.271327168e-03
3.185178	-1.711506008e-03
3.190178	1.110337310e-03
3.195178	2.763245775e-03
3.200178	-8.895500634e-04
3.205179	-1.318525572e-03
3.210179	-1.318524988e-03
3.215179	6.603653085e-04
3.220179	4.254165602e-03
3.225180	-9.465439683e-04
3.230180	-3.373408131e-03
3.235180	-1.051536951e-03
3.240181	2.773895683e-04
3.245181	-7.635518354e-04
3.250181	3.343875566e-04
3.255181	1.654314577e-03
3.260182	1.320333772e-03
3.265182	-3.825707399e-04
3.270182	-1.711496095e-03
3.275183	8.323627124e-04
3.280183	2.381276970e-03
3.285183	-7.835460674e-04
3.290183	-3.211410177e-03
3.295184	2.783959098e-04
3.300184	1.329337919e-03
3.305184	1.144062100e-04
3.310184	2.204008827e-04
3.315185	2.820256567e-03
3.320185	9.943589079e-04
3.325185	-1.548498794e-03
3.330186	-1.156520061e-03
3.335186	-1.050525389e-03
3.340186	5.841338665e-05
3.345186	-2.765673655e-04
3.350187	1.271346944e-03
3.355187	-1.051523019e-03
3.360187	-1.883476074e-03
3.365188	1.272348623e-03
3.370188	8.333736654e-04
3.375188	-1.271508448e-03
3.380188	-6.695414194e-04
3.385189	8.313755085e-04
3.390189	-1.625685201e-04
3.395189	8.803739312e-04
3.400189	-4.965487536e-04
3.405190	-2.369443797e-03
3.410190	1.827322885e-03
3.415190	6.593885517e-04
3.420191	-7.165341896e-04
3.425191	1.549340104e-03
3.430191	3.824057148e-04
3.435191	-1.328498358e-03
3.440192	-1.615628189e-04
3.445192	7.753855377e-04
3.450192	-7.175306846e-04
3.455193	7.163899743e-04
3.460193	2.774150132e-04
3.465193	-1.710473624e-03
3.470193	7.183915841e-04
3.475194	5.544012970e-04
3.480194	-8.325208339e-04
3.485194	1.634242330e-04
3.490195	-7.735229762e-04
3.495195	6.124003560e-04
3.500195	1.054291829e-04
3.505195	-1.213496739e-03
3.510196	4.361783919e-07
3.515196	7.163968482e-04
3.520196	6.124032154e-04
3.525196	-3.815408187e-04
3.530197	1.387361168e-03
3.535197	-3.915391195e-04
3.540197	-3.431369133e-03
3.545198	-2.185476196e-04
3.550198	3.317255893e-03
3.555198	1.329367252e-03
3.560198	-9.365058962e-04
3.565199	-6.125233828e-04
3.570199	1.157378546e-03
3.575199	1.634345101e-04
3.580200	-1.098494591e-03
3.585200	1.329370668e-03
3.590200	-1.214486989e-03
3.595200	-1.156489653e-03
3.600201	1.377369698e-03
3.605201	1.634379206e-04
3.610201	-2.599407533e-03
3.615201	2.204358792e-04
3.620202	1.328374699e-03
3.625202	-8.225048612e-04
3.630202	2.204375803e-04
3.635203	1.492367260e-03
3.640203	1.664358241e-03
3.645203	4.515398197e-07
3.650203	-3.708341196e-03
3.655204	-1.605457828e-03
3.660204	2.714301989e-03
3.665204	3.097281210e-03
3.670205	4.414297910e-04
3.675205	-3.096372475e-03
3.680205	-9.374922293e-04
3.685205	5.544251876e-04
3.690206	-4.965156771e-04
3.695206	4.404326689e-04
3.700206	2.543316035e-03
3.705206	2.204460566e-04
3.710207	-1.663448387e-03
3.715207	1.386382203e-03
3.720207	9.954045560e-04
3.725208	-1.882434493e-03
3.730208	3.824398430e-04
3.735208	9.944062992e-04
3.740208	-2.255412020e-03
3.745209	-1.596448183e-03
3.750209	2.104516761e-04
3.755209	-1.715264741e-04
3.760210	1.734548605e-04
3.765210	2.204528022e-04
3.770210	1.549379299e-03
3.775210	1.549379860e-03
3.780211	-8.884837130e-04
3.785211	-1.271461809e-03
3.790211	-1.711436728e-03
3.795212	1.052409797e-03
3.800212	8.324226163e-04
3.805212	-1.548444134e-03
3.810212	1.434390185e-03
3.815213	-1.709434044e-03
3.820213	-1.433448867e-03
3.825213	2.542330113e-03
3.830213	6.594356088e-04
3.835214	-8.314807416e-04
3.840214	-6.584898251e-04
3.845214	4.404494861e-04
3.850215	-6.594886550e-04
3.855215	-6.594880981e-04
3.860215	1.042417608e-03
3.865215	1.989365389e-03
3.870216	6.124426840e-04
3.875216	-8.314762875e-04
3.880216	-4.394975775e-04
3.885217	5.554475278e-04
3.890217	-1.165456007e-03
3.895217	-6.014868835e-04
3.900217	1.051421551e-03
3.905218	3.344620636e-04
3.910218	2.209358126e-03
3.915218	-1.385440974e-03
3.920218	-1.988406816e-03
3.925219	6.594461678e-04
3.930219	1.329409383e-03
3.935219	-3.244978883e-04
3.940220	-6.014818984e-04
3.945220	1.052426479e-03
3.950220	-1.777415256e-03
3.955220	-2.864977954e-04
3.960221	1.826385001e-03
3.965221	3.924654685e-04
3.970221	-1.883407141e-03
3.975222	-4.964838855e-04
3.980222	2.438353101e-03
3.985222	1.883384582e-03
3.990222	1.054842183e-04
3.995223	-2.864933855e-04
4.000223	-1.872404449e-03
4.005223	-7.634657027e-04
4.010223	5.748909357e-05
4.015224	-1.778408039e-03
4.020224	1.654401193e-03
4.025224	8.904443191e-04
4.030225	6.124603605e-04
4.035225	-1.624959010e-04
4.040225	-6.594676554e-04
4.045225	9.954406612e-04
4.050226	-1.662410663e-03
4.055226	-2.218379131e-03
4.060226	1.826395993e-03
4.065227	2.276371462e-03
4.070227	-1.144947429e-04
4.075227	-7.734574709e-04
4.080227	-8.784510729e-04
4.085228	-1.004443505e-03
4.090228	1.624920053e-04
4.095228	-1.040440407e-03
4.100229	3.824808361e-04
4.105229	1.825400964e-03
4.110229	2.874872205e-04
4.115229	2.684888241e-04
4.120230	6.604675228e-04
4.125230	-4.649253258e-05
4.130230	-2.194823475e-04
4.135230	-1.328420000e-03
4.140231	-4.964658233e-04
4.145231	1.271436191e-03
4.150231	-1.271421547e-03
4.155232	8.324617421e-04
4.160232	-3.914695032e-04
4.165232	-2.275363968e-03
4.170232	-1.213422610e-03
4.175233	1.836407959e-03
4.180233	8.324644524e-04
4.185233	-2.102371442e-03
4.190234	7.744687671e-04
4.195234	1.711417090e-03
4.200234	8.324666162e-04
4.205234	-1.548400153e-03
4.210235	-5.544550073e-04
4.215235	1.052455976e-03
4.220235	7.654725100e-04
4.225235	-1.328410254e-03
4.230236	-1.261413449e-03
4.235236	2.820359604e-03
4.240236	-4.484576791e-04
4.245237	-2.102364965e-03
4.250237	1.606428874e-03
4.255237	1.884413920e-03
4.260237	-2.761326626e-03
4.265238	-1.166414976e-03
4.270238	2.102403383e-03
4.275238	1.721425153e-03
4.280239	-3.914565555e-04
4.285239	-1.442397448e-03
4.290239	-9.354251665e-04
4.295239	1.003467311e-03
4.300240	7.744806086e-04
4.305240	4.852160320e-05
4.310240	6.034912088e-04
4.315240	-9.364224338e-04
4.320241	-1.539388295e-03
4.325241	-2.774580901e-04
4.330241	2.314397995e-03
4.335242	1.330453366e-03
4.340242	-4.394474603e-04
4.345242	-1.491388300e-03
4.350242	-2.982304675e-03
4.355243	4.985018653e-04
4.360243	3.700323954e-03
4.365243	-1.144629079e-04
4.370244	-3.344501154e-04
4.375244	-6.594314716e-04
4.380244	-4.384432561e-04
4.385244	5.752963372e-05
4.390245	3.925114956e-04
4.395245	5.338722202e-07
4.400245	-1.271394710e-03
4.405245	4.975072359e-04
4.410246	-5.646136022e-05
4.415246	5.359930548e-07
4.420246	8.324901562e-04
4.425247	5.370519366e-07
4.430247	6.025040322e-04
4.435247	-8.884123472e-04
4.440247	-4.964336644e-04
4.445248	1.769440582e-03
4.450248	-1.051401679e-03
4.455248	-3.756250404e-03
4.460249	-1.044533985e-04
4.465249	3.375353192e-03
4.470249	2.093425164e-03
4.475249	-1.386380373e-03
4.480250	1.155364486e-04
4.485250	5.555124540e-04
4.490250	-5.534252166e-04
4.495251	-1.490372473e-03
4.500251	-1.433375124e-03
4.505251	5.445151693e-04
4.510251	-2.774384966e-04
4.515252	2.276419696e-03
4.520252	7.745039256e-04
4.525252	-4.964247187e-04
4.530252	4.985203548e-04
4.535253	-3.154275544e-03
4.540253	-1.605361345e-03
4.545253	2.763395699e-03
4.550254	8.315038900e-04
4.555254	-1.099387975e-03
4.560254	1.157486767e-03
4.565254	5.455213953e-04
4.570255	-1.433367795e-03
4.575255	1.711457459e-03
4.580255	3.355346629e-04
4.585256	-2.369314069e-03
4.590256	-4.964179289e-04
4.595256	5.548942475e-07
4.600256	-7.734014514e-04
4.605257	1.711460582e-03
4.610257	9.365042917e-04
4.615257	-1.051384400e-03
4.620257	6.125233864e-04
4.625258	7.175180537e-04
4.630258	4.985307769e-04
4.635258	-1.318367445e-03
4.640259	1.710464270e-03
4.645259	-8.313935494e-04
4.650259	-6.584026730e-04
4.655259	2.266434837e-03
4.660260	-2.160317934e-03
4.665260	-5.544069179e-04
4.670260	2.763408690e-03
4.675261	-1.050378244e-03
4.680261	-1.155371876e-03
4.685261	1.725546313e-04
4.690261	-2.762281289e-03
4.695262	3.145389980e-03
4.700262	1.768467233e-03
4.705262	-7.733905892e-04
4.710262	-4.394086884e-04
4.715263	-8.783837094e-04
4.720263	-1.714225960e-04
4.725263	-1.144252591e-04
4.730264	1.110506986e-03
4.735264	-2.764152049e-04
4.740264	-2.428294764e-03
4.745264	1.145640302e-04
4.750265	2.209447790e-03
4.755265	6.605346261e-04
4.760265	7.175319612e-04
4.765266	4.975447328e-04
4.770266	-1.606337502e-03
4.775266	-2.265300266e-03
4.780266	1.492490815e-03
4.785267	-4.394010067e-04
4.790267	-2.674100822e-04
4.795267	2.486436950e-03
4.800268	-2.284112366e-04
4.805268	-1.988312645e-03
4.810268	-7.173829672e-04
4.815268	4.975498307e-04
4.820269	1.155716274e-04
4.825269	3.925566985e-04
4.830269	-1.385343708e-03
4.835269	4.415549829e-04
4.840270	2.323450608e-03
4.845270	2.195683688e-04
4.850270	-7.163789623e-04
4.855271	3.925597407e-04
4.860271	-1.144114987e-04
4.865271	-1.385340161e-03
4.870271	2.161462674e-03
4.875272	8.325372425e-04
4.880272	-1.605326385e-03
4.885272	-1.663322648e-03
4.890273	-8.313685106e-04
4.895273	4.975579298e-04
4.900273	1.155797220e-04
4.905273	-1.604323921e-03
4.910274	1.711491785e-03
4.915274	3.039418280e-03
4.920274	5.758496682e-05
4.925274	-4.383868892e-04
4.930275	-1.107349104e-03
4.935275	-4.403857737e-04
4.940275	-1.624007648e-04
4.945276	2.215783366e-04
4.950276	3.355724845e-04
4.955276	-2.150288473e-03
4.960276	1.099530909e-03
4.965277	2.486454113e-03
4.970277	-2.150286972e-03
4.975277	9.365414922e-04
4.980278	1.157529675e-03
4.985278	-2.657257220e-03
4.990278	3.925733059e-04
4.995278	2.381462959e-03
5.000279	-1.443323379e-03
5.005279	-2.380270663e-03
5.010279	-4.393783355e-04
5.015279	-8.783533732e-04
5.020280	1.654505962e-03
5.025280	1.109536831e-03
5.030280	-8.793518272e-04
5.035281	1.711504275e-03
5.040281	1.549513799e-03
5.045281	-2.484260895e-03
5.050281	-2.379266251e-03
5.055282	1.548515341e-03
5.060282	7.175621465e-04
5.065282	-1.143909926e-04
5.070283	-3.243787954e-04
5.075283	-4.383719484e-04
5.080283	-1.713863344e-04
5.085283	2.093487933e-03
5.090284	3.212426065e-03
5.095284	-2.150274568e-03
5.100284	-3.593193659e-03
5.105285	1.330532424e-03
5.110285	1.271536204e-03
5.115285	-2.773769801e-04
5.120285	1.386530778e-03
5.125286	-3.316206638e-03
5.130286	-1.997279653e-03
5.135286	3.977387857e-03
5.140286	1.052551354e-03
5.145287	-4.393650087e-04
5.150287	4.495859378e-04
5.155287	1.726018639e-04
5.160288	-7.833443702e-04
5.165288	9.945570324e-04
5.170288	6.129152862e-07
5.175288	-9.453338771e-04
5.180289	-1.548299785e-03
5.185289	3.925925329e-04
5.190289	5.861163352e-05
5.195290	-1.988273802e-03
5.200290	2.820458684e-03
5.205290	3.255982137e-04
5.210290	-6.583464630e-04
5.215291	7.185772840e-04
5.220291	6.115837324e-04
5.225291	7.745751337e-04
5.230291	-1.327307239e-03
5.235292	3.925973915e-04
5.240292	-7.173402651e-04
5.245292	-2.265253513e-03
5.250293	1.989509844e-03
5.255293	1.100559871e-03
5.260293	-1.328304281e-03
5.265293	-4.973501087e-04
5.270294	1.636135369e-04
5.275294	-1.270306066e-03
5.280294	1.433543725e-03
5.285295	1.883519129e-03
5.290295	-1.652283332e-03
5.295295	3.356063594e-04
5.300295	1.109563706e-03
5.305296	-2.160253580e-03
5.310296	-5.543426008e-04
5.315296	4.406024287e-04
5.320296	-2.183603664e-04
5.325297	1.108566160e-03
5.330297	7.165884851e-04
5.335297	1.607539309e-03
5.340298	-8.883211132e-04
5.345298	-2.293573605e-04
5.350298	-1.930262088e-03
5.355298	-8.203234697e-04
5.360299	1.386554014e-03
5.365299	-2.773527767e-04
5.370299	4.986044541e-04
5.375300	1.386555443e-03
5.380300	2.206208988e-04
5.385300	-2.542224647e-03
5.390300	9.935787712e-04
5.395301	1.320561023e-03
5.400301	-1.270294109e-03
5.405301	2.296227720e-04
5.410302	5.556050784e-04
5.415302	-4.483384960e-04
5.420302	-8.893134461e-04
5.425302	1.940529314e-03
5.430303	1.329563837e-03
5.435303	-1.222293470e-03
5.440303	-5.635797758e-05
5.445303	1.271568486e-03
5.450304	-2.704209464e-03
5.455304	-1.710264387e-03
5.460304	-2.193470079e-04
5.465305	3.826199139e-04
5.470305	9.365895105e-04
5.475305	-1.433277942e-03
5.480305	1.110580753e-03
5.485306	2.878482694e-03
5.490306	-9.463036735e-04
5.495306	-2.992189183e-03
5.500307	2.296317267e-04
5.505307	1.339570336e-03
5.510307	-8.883050322e-04
5.515307	2.686309570e-04
5.520308	1.989535515e-03
5.525308	6.468266970e-07
5.530308	-3.813314182e-04
5.535308	-1.214284530e-03
5.540309	-4.973240212e-04
5.545309	2.206364312e-04
5.550309	-1.143444341e-04
5.555310	1.272578735e-03
5.560310	2.266523805e-03
5.565310	-1.596260449e-03
5.570310	-5.533181104e-04
5.575311	7.186114663e-04
5.580311	-1.491264909e-03
5.585311	-1.109285734e-03
5.590312	3.936309680e-04
5.595312	1.056474806e-04
5.600312	-1.271275318e-03
5.605312	-3.813244551e-04
5.610313	1.377577979e-03
5.615313	7.176152220e-04
5.620313	3.346370272e-04
5.625313	-3.343252293e-04
5.630314	-2.207220389e-03
5.635314	3.356383529e-04
5.640314	1.433577622e-03
5.645315	2.380525307e-03
5.650315	-2.183293947e-04
5.655315	-2.484202654e-03
5.660315	8.896097751e-04
5.665316	3.256416645e-04
5.670316	3.256421224e-04
5.675316	9.476079166e-04
5.680317	6.126270432e-04
5.685317	-9.942829434e-04
5.690317	-1.883232944e-03
5.695317	-2.193252203e-04
5.700318	-6.583002993e-04
5.705318	1.157598953e-03
5.710318	2.705513140e-03
5.715319	-1.548249334e-03
5.720319	-1.987224414e-03
5.725319	2.381532560e-03
5.730319	1.596576762e-03
5.735320	-5.733060889e-05
5.740320	-2.752179966e-03
5.745320	-1.548246610e-03
5.750320	1.262597188e-03
5.755321	1.932560303e-03
5.760321	1.726588378e-04
5.765321	-3.243130130e-04
5.770322	-5.732744101e-05
5.775322	4.976420807e-04
5.780322	5.866699666e-05
5.785322	-2.045215299e-03
5.790323	-6.682915874e-04
5.795323	1.319598073e-03
5.800323	2.296592676e-04
5.805324	-7.062881207e-04
5.810324	-8.882775290e-04
5.815324	-1.713170380e-04
5.820324	1.271602994e-03
5.825325	7.746311389e-04
5.830325	5.867148858e-05
5.835325	8.896256253e-04
5.840325	1.711580263e-03
5.845326	-2.322194480e-03
5.850326	-6.012899426e-04
5.855326	3.146501632e-03
5.860327	6.026438517e-04
5.865327	-1.711226746e-03
5.870327	-8.302753981e-04
5.875327	2.206664757e-04
5.880328	-4.962931222e-04
5.885328	2.206673644e-04
5.890328	8.896305256e-04
5.895329	-1.711224080e-03
5.900329	-1.165254065e-03
5.905329	1.156749894e-04
5.910329	-4.831542851e-05
5.915330	3.836609388e-04
5.920330	7.656400923e-04
5.925330	9.376309485e-04
5.930330	-6.012828434e-04
5.935331	2.296712868e-04
5.940331	1.386607249e-03
5.945331	-7.252746112e-04
5.950332	-2.437178763e-03
5.955332	-4.392896701e-04
5.960332	-9.932583570e-04
5.965332	-1.166248277e-03
5.970333	1.932579458e-03
5.975333	-1.537226725e-03
5.980333	-8.792629562e-04
5.985334	8.796394542e-04
5.990334	4.768625804e-05
5.995334	5.546584405e-04
6.000334	5.556588214e-04
6.005335	8.326438208e-04
6.010335	5.556596937e-04
6.015335	-1.143025322e-04
6.020336	1.271620663e-03
6.025336	-7.162681130e-04
6.030336	-2.924144629e-03
6.035336	3.356741292e-04
6.040337	2.206809720e-04
6.045337	-9.932509394e-04
6.050337	5.546632256e-04
6.055337	2.206822721e-04
6.060338	2.103577767e-03
6.065338	3.317510545e-03
6.070338	-3.332855570e-04
6.075339	-2.437167872e-03
6.080339	1.156632270e-03
6.085339	7.756539337e-04
6.090339	-1.929194889e-03
6.095340	-1.622929315e-04
6.100340	8.796494290e-04
6.105340	7.176588868e-04
6.110341	-1.768202142e-03
6.115341	-8.792512557e-04
6.120341	6.126660255e-04
6.125341	2.686856246e-04
6.130342	2.786854953e-04
6.135342	2.103584218e-03
6.140342	-1.548211833e-03
6.145342	-4.472048454e-03
6.150343	1.549616373e-03
6.155343	2.982536939e-03
6.160343	-1.386219155e-03
6.165344	-6.112619191e-04
6.170344	1.387627104e-03
6.175344	-8.212493657e-04
6.180344	-5.729151793e-05
6.185345	2.543563955e-03
6.190345	8.796571124e-04
6.195345	-1.385216238e-03
6.200346	4.506818671e-04
6.205346	6.126732620e-04
6.210346	-9.462394340e-04
6.215346	-5.728855469e-05
6.220347	1.736989939e-04
6.225347	-1.605201443e-03
6.230347	7.746663437e-04
6.235347	2.161589469e-03
6.240348	-6.592528994e-04
6.245348	-1.605199760e-03
6.250348	7.111597023e-07
6.255349	3.356929101e-04
6.260349	-6.102539511e-04
6.265349	-4.402630061e-04
6.270349	-1.606197608e-03
6.275350	-2.282739838e-04
6.280350	4.976859749e-04
6.285350	1.147077366e-04
6.290351	1.167649471e-03
6.295351	-4.382606112e-04
6.300351	2.094598644e-03
6.305351	7.157565142e-07
6.310352	-3.088111681e-03
6.315352	9.376643698e-04
6.320352	2.094600307e-03
6.325353	-6.112484761e-04
6.330353	-1.547195899e-03
6.335353	2.485579760e-03
6.340353	-4.827860905e-05
6.345354	-2.704130180e-03
6.350354	-1.604191068e-03
6.355354	4.986921465e-04
6.360354	7.166804100e-04
6.365355	7.207240163e-07
6.370355	2.648573566e-03
6.375355	-9.372261791e-04
6.380356	-2.035164578e-03
6.385356	9.386700951e-04
6.390356	1.492639632e-03
6.395356	1.443642772e-03
6.400357	-9.462236259e-04
6.405357	-2.217152385e-03
6.410357	-7.162356252e-04
6.415358	1.281653437e-03
6.420358	1.444644761e-03
6.425358	-1.720178449e-03
6.430358	-1.491190803e-03
6.435359	8.896769137e-04
6.440359	1.320653301e-03
6.445359	1.329653206e-03
6.450359	6.116936260e-04
6.455360	-5.626874126e-05
6.460360	-2.102154314e-03
6.465360	-1.271200220e-03
6.470361	-6.112365963e-04
6.475361	4.407051813e-04
6.480361	1.884625113e-03
6.485361	-5.626631353e-05
6.490362	7.309133255e-07
6.495362	1.109669513e-03
6.500362	-9.362160629e-04
6.505363	6.026985726e-04
6.510363	1.099671277e-03
6.515363	-1.816165815e-03
6.520363	-6.582299482e-04
6.525364	-8.882167296e-04
6.530364	2.777186910e-04
6.535364	6.606977471e-04
6.540364	-1.987154283e-03
6.545365	2.787198350e-04
6.550365	2.777202899e-04
6.555365	-1.329189755e-03
6.560366	-4.962357785e-04
6.565366	1.722640957e-03
6.570366	1.548651052e-03
6.575366	-1.491179135e-03
6.580367	3.267199470e-04
6.585367	1.874634075e-03
6.590367	4.497138855e-04
6.595368	-6.592239151e-04
6.600368	-2.322130842e-03
6.605368	-1.710164553e-03
6.610368	9.946850952e-04
6.615369	7.646983075e-04
6.620369	3.087569243e-03
6.625369	1.884636679e-03
6.630370	-3.249076815e-03
6.635370	-1.768158956e-03
6.640370	6.027093033e-04
6.645370	1.167678209e-03
6.650371	4.987158837e-04
6.655371	-6.122218096e-04
6.660371	3.357257508e-04
6.665371	-1.270184358e-03
6.670372	-2.045140777e-03
6.675372	1.827643775e-03
6.680372	1.051687411e-03
6.685373	-9.372013545e-04
6.690373	3.257286491e-04
6.695373	-2.282400881e-04
6.700373	-3.242343496e-04
6.705374	1.444667454e-03
6.710374	-1.328177622e-03
6.715374	-1.883146305e-03
6.720375	3.317564236e-03
6.725375	3.212570475e-03
6.730375	-3.812288491e-04
6.735375	-1.547163483e-03
6.740376	-6.102153154e-04
6.745376	9.366988573e-04
6.750376	-7.742054055e-04
6.755376	-5.532173370e-04
6.760377	1.214684519e-03
6.765377	-3.242293307e-04
6.770377	6.127188348e-04
6.775378	1.204686226e-03
6.780378	-5.532154192e-04
6.785378	-2.207122861e-03
6.790378	-2.218121866e-03
6.795379	-4.392206260e-04
6.800379	1.052696608e-03
6.805379	-1.489161348e-03
6.810380	3.357373272e-04
6.815380	2.264630206e-03
6.820380	4.977290594e-04
6.825380	-1.432163004e-03
6.830381	-9.941870343e-04
6.835381	2.151638021e-03
6.840381	8.907086741e-04
6.845381	-1.099180047e-03
6.850382	2.677441491e-04
6.855382	-8.301942831e-04
6.860382	-4.623759756e-05
6.865383	9.947047653e-04
6.870383	7.605361949e-07
6.875383	1.099699666e-03
6.880383	4.977335905e-04
6.885384	6.127275569e-04
6.890384	-3.912161164e-04
6.895384	-1.213169933e-03
6.900385	-9.371849398e-04
6.905385	1.157698682e-03
6.910385	-2.762210294e-04
6.915385	-1.376159355e-03
6.920386	2.706613477e-03
6.925386	7.177246941e-04
6.930386	-2.590090583e-03
6.935387	-1.612255766e-04
6.940387	1.215698056e-03
6.945387	4.977384401e-04
6.950387	-1.052174810e-03
6.955388	3.257487661e-04
6.960388	1.377690509e-03
6.965388	-6.011988341e-04
6.970388	-1.098170768e-03
6.975389	7.747252206e-04
6.980389	-6.591944958e-04
6.985389	-8.311845425e-04
6.990390	-4.482055192e-04
6.995390	1.057639742e-04
7.000390	3.260588516e-03
7.005390	-9.931740464e-04
7.010391	-1.156164597e-03
7.015391	-4.722603420e-05
7.020391	2.207593958e-04
7.025392	1.215704310e-03
7.030392	-1.142212054e-04
7.035392	2.045658784e-03
7.040392	-4.961991889e-04
7.045393	-8.311801562e-04
7.050393	3.357551713e-04
7.055393	-1.050167226e-03
7.060393	-2.322095976e-03
7.065394	-8.311787059e-04
7.070394	1.606685789e-03
7.075394	-1.595135406e-03
7.080395	7.177360538e-04
7.085395	1.549690048e-03
7.090395	-2.265096986e-03
7.095395	-9.461701327e-04
7.100396	1.549691127e-03
7.105396	2.380645176e-03
7.110396	-1.051163204e-03
7.115397	-2.542079754e-03
7.120397	2.428643576e-03
7.125397	1.549692919e-03
7.130397	-3.249039281e-03
7.135398	5.877672472e-05
7.140398	1.099719067e-03
7.145398	-9.461665552e-04
7.150398	1.492697878e-03
7.155399	7.813805549e-07
7.160399	-1.433138349e-03
7.165399	9.477293148e-04
7.170400	4.407579236e-04
7.175400	-1.768118617e-03
7.180400	-4.391923277e-04
7.185400	1.931675892e-03
7.190401	7.838574054e-07
7.195401	-1.825114029e-03
7.200401	-7.161754806e-04
7.205402	7.747417791e-04
7.210402	4.977575672e-04
7.215402	1.727760300e-04
7.220402	7.177460082e-04
7.225403	-5.621050755e-05
7.230403	7.757434757e-04
7.235403	9.957315647e-04
7.240403	-1.142062273e-04
7.245404	-9.941568372e-04
7.250404	-6.591751582e-04
7.255404	1.067825013e-04
7.260405	-3.341925748e-04
7.265405	9.467363835e-04
7.270405	1.884684456e-03
7.275405	-2.761947670e-04
7.280406	4.778752279e-05
7.285406	-1.606119956e-03
7.290406	-8.201634137e-04
7.295407	2.207789173e-04
7.300407	7.915220557e-07
7.305407	7.187518527e-04
7.310407	-4.961800929e-04
7.315408	5.067643543e-04
7.320408	2.777774591e-04
7.325408	-4.481817391e-04
7.330409	-7.171664059e-04
7.335409	5.547630487e-04
7.340409	-4.961780388e-04
7.345409	5.879137266e-05
7.350410	1.989684101e-03
7.355410	-8.891551154e-04
7.360410	-1.270133543e-03
7.365410	-1.155139612e-03
7.370411	-6.121695338e-04
7.375411	1.627876150e-04
7.380411	1.654704806e-03
7.385412	2.600652424e-03
7.390412	-3.231842868e-04
7.395412	-1.930094393e-03
7.400412	-1.548115345e-03
7.405413	1.057928161e-04
7.410413	1.214731349e-03
7.415413	3.040629923e-03
7.420414	-2.191880650e-04
7.425414	-1.098138744e-03
7.430414	8.327539777e-04
7.435414	8.006783327e-07
7.440415	-4.491739099e-04
7.445415	4.977736482e-04
7.450415	-6.011647726e-04
7.455415	6.607652301e-04
7.460416	9.377501254e-04
7.465416	-1.213129670e-03
7.470416	-2.191847328e-04
7.475417	2.207910775e-04
7.480417	1.727940832e-04
7.485417	4.397795339e-04
7.490417	-2.281829092e-04
7.495418	-9.351431793e-04
7.500418	8.317586769e-04
7.505418	-7.731515494e-04
7.510419	-2.599049460e-03
7.515419	1.147996198e-04
7.520419	2.380673666e-03
7.525419	4.407821071e-04
7.530420	-2.427057735e-03
7.535420	-1.141863100e-04
7.540420	2.811650953e-03
7.545420	2.207956726e-04
7.550421	-4.961640444e-04
7.555421	5.780540668e-05
7.560421	3.927870620e-04
7.565422	-4.961630708e-04
7.570422	-3.911685985e-04
7.575422	-8.311437544e-04
7.580422	-5.718656558e-05
7.585423	1.167745489e-03
7.590423	-1.376112414e-03
7.595423	-8.881392881e-04
7.600424	4.417869139e-04
7.605424	2.207995510e-04
7.610424	-4.401632915e-04
7.615424	3.347938389e-04
7.620425	2.218004562e-04
7.625425	-1.051128281e-03
7.630425	2.103696213e-03
7.635426	1.387736434e-03
7.640426	-3.039016536e-03
7.645426	1.156749943e-03
7.650426	7.167747816e-04
7.655427	-1.767086470e-03
7.660427	9.957598673e-04
7.665427	-7.741411761e-04
7.670427	-4.961563527e-04
7.675428	1.444735793e-03
7.680428	-7.741402292e-04
7.685428	-2.281703424e-04
7.690429	1.712721802e-03
7.695429	1.223749368e-03
7.700429	8.897682949e-04
7.705429	-2.217058242e-03
7.710430	-1.710086184e-03
7.715430	-6.581444981e-04
7.720430	6.597823633e-04
7.725431	-1.270109768e-03
7.730431	-1.107118541e-03
7.735431	2.982653839e-03
7.740431	6.697830506e-04
7.745432	-3.811580682e-04
7.750432	-9.941235966e-04
7.755432	1.628122344e-04
7.760432	-3.911565828e-04
7.765433	3.928000343e-04
7.770433	1.167757153e-03
7.775433	-1.223109292e-03
7.780434	2.678079239e-04
7.785434	2.103705913e-03
7.790434	2.878074229e-04
7.795434	-2.102059079e-03
7.800435	-1.108114167e-03
7.805435	1.272753447e-03
7.810435	5.782146312e-05
7.815436	2.778095074e-04
7.820436	-5.617157488e-05
7.825436	7.177855948e-04
7.830436	1.606736355e-03
7.835437	-8.781248553e-04
7.840437	-8.301272276e-04
7.845437	-4.961455388e-04
7.850437	-5.716970188e-05
7.855438	1.628183392e-04
7.860438	8.327813020e-04
7.865438	-1.141656220e-04
7.870439	-1.442091314e-03
7.875439	-1.758073403e-03
7.880439	9.467761493e-04
7.885439	1.874724732e-03
7.890440	-6.681332506e-04
7.895440	2.208175047e-04
7.900440	1.166765083e-03
7.905441	-1.653077464e-03
7.910441	-8.881197993e-04
7.915441	7.757877645e-04
7.920441	-1.930061137e-03
7.925442	-1.166103418e-03
7.930442	5.448015257e-04
7.935442	8.317858266e-04
7.940443	1.549746108e-03
7.945443	3.838113823e-04
7.950443	7.277925055e-04
7.955443	-7.161267283e-04
7.960444	-3.535969280e-03
7.965444	1.329759836e-03
7.970444	2.151714319e-03
7.975444	-1.987054727e-03
7.980445	-8.311188577e-04
7.985445	1.826733306e-03
7.990445	-2.191523818e-04
7.995446	-1.711068944e-03
8.000446	1.109774135e-03
8.005446	1.712740820e-03
8.010446	3.358178477e-04
8.015447	-3.911413486e-04
8.020447	-5.541319764e-04
8.025447	-5.541316884e-04
8.030448	-8.881127874e-04
8.035448	6.128038507e-04
8.040448	2.266711962e-03
8.045448	-1.108099667e-03
8.050449	-3.143985917e-03
8.055449	1.826737340e-03
8.060449	2.380706752e-03
8.065449	-1.328086265e-03
8.070450	-6.111259381e-04
8.075450	-4.391352395e-04
8.080450	9.957850730e-04
8.085451	5.883757420e-05
8.090451	-2.160038481e-03
8.095451	3.348227581e-04
8.100451	8.317953428e-04
8.105452	-1.108096261e-03
8.110452	3.358235471e-04
8.115452	8.327961306e-04
8.120453	2.208305170e-04
8.125453	-3.341382735e-04
8.130453	1.638342531e-04
8.135453	8.327972495e-04
8.140454	-1.548069781e-03
8.145454	-1.141494181e-04
8.150454	1.223776295e-03
8.155454	2.381712038e-03
8.160455	-1.141485855e-04
8.165455	-1.605065217e-03
8.170455	-1.611454132e-04
8.175456	-1.825052404e-03
8.180456	8.327997437e-04
8.185456	2.218722778e-03
8.190456	-2.281405781e-04
8.195457	1.628379062e-04
8.200457	3.928253624e-04
8.205457	-1.156088040e-03
8.210458	-1.443071773e-03
8.215458	1.262777697e-03
8.220458	6.698110170e-04
8.225458	1.158421627e-04
8.230459	-1.223082945e-03
8.235459	-1.141444771e-04
8.240459	1.281777996e-03
8.245460	-1.595061402e-03
8.250460	-5.531192014e-04
8.255460	-9.460970305e-04
8.260460	1.058446117e-04
8.265461	2.601705781e-03
8.270461	-3.341303308e-04
8.275461	-1.711053324e-03
8.280461	2.878691147e-03
8.285462	1.654759627e-03
8.290462	-2.647000361e-03
8.295462	-4.614504573e-05
8.300463	6.038189962e-04
8.305463	-2.656999006e-03
8.310463	-8.321004467e-04
8.315463	3.537656282e-03
8.320464	-2.661314606e-04
8.325464	-4.137915414e-03
8.330464	9.947987923e-04
8.335465	2.868694619e-03
8.340465	-1.490062196e-03
8.345465	-1.816043766e-03
8.350465	1.051796665e-03
8.355466	1.492772350e-03
8.360466	1.215788048e-03
8.365466	-1.108082178e-03
8.370466	-1.606054165e-03
8.375467	-1.721338205e-04
8.380467	1.827754981e-03
8.385467	2.161736626e-03
8.390468	-4.961149878e-04
8.395468	-1.611333990e-04
8.400468	6.118237801e-04
8.405468	8.798091020e-04
8.410469	-3.372953626e-03
8.415469	-2.370009266e-03
8.420469	9.368066945e-04
8.425470	-1.213073233e-03
8.430470	8.898098245e-04
8.435470	1.989748777e-03
8.440470	-8.300938127e-04
8.445471	-9.460870943e-04
8.450471	1.051801813e-03
8.455471	1.158542282e-04
8.460471	1.272790002e-03
8.465472	-5.713562576e-05
8.470472	-7.260980913e-04
8.475472	1.607772089e-03
8.480473	5.558309667e-04
8.485473	1.058562954e-04
8.490473	4.978346998e-04
8.495473	2.778472100e-04
8.500474	8.628962686e-07
8.505474	-1.490053763e-03
8.510474	-1.768038022e-03
8.515475	1.328789634e-03
8.520475	1.606774389e-03
8.525475	-1.107074115e-03
8.530475	1.052805757e-03
8.535476	4.978369331e-04
8.540476	-1.141287147e-04
8.545476	1.328791114e-03
8.550477	-4.391101119e-04
8.555477	-1.824032682e-03
8.560477	-8.300878326e-04
8.565477	1.825764395e-03
8.570478	-4.391091350e-04
8.575478	-1.270062581e-03
8.580478	1.166801850e-03
8.585478	-1.663040195e-03
8.590479	-1.548046361e-03
8.595479	2.935703992e-03
8.600479	7.658251645e-04
8.605480	-5.531010883e-04
8.610480	-3.231136657e-04
8.615480	-1.768032898e-03
8.620480	9.938134186e-04
8.625481	3.938470950e-04
8.630481	-1.662038088e-03
8.635481	3.348508598e-04
8.640482	1.281798322e-03
8.645482	-3.331114381e-04
8.650482	-5.530989407e-04
8.655482	6.028368732e-04
8.660483	-9.460765666e-04
8.665483	1.825769189e-03
8.670483	1.109809326e-03
8.675483	-1.824026931e-03
8.680484	-5.530975277e-04
8.685484	8.898222895e-04
8.690484	-1.271057047e-03
8.695485	3.348536859e-04
8.700485	2.046758511e-03
8.705485	-1.662034558e-03
8.710485	1.329798933e-03
8.715486	3.358545588e-04
8.720486	-1.987015752e-03
8.725486	4.398492249e-04
8.730487	-7.170860664e-04
8.735487	7.748310159e-04
8.740487	6.608375984e-04
8.745487	-5.530945176e-04
8.750488	1.271804006e-03
8.755488	-9.930695400e-04
8.760488	3.838539490e-04
8.765488	1.376798838e-03
8.770489	-2.761970273e-03
8.775489	-2.254998301e-03
8.780489	2.103759002e-03
8.785490	2.811719772e-03
8.790490	-1.271052462e-03
8.795490	-1.758025097e-03
8.800490	-1.212055300e-03
8.805491	-8.310763091e-04
8.810491	1.156813125e-03
8.815491	1.377801032e-03
8.820492	1.329803930e-03
8.825492	-1.491038636e-03
8.830492	1.638693544e-04
8.835492	-1.611123122e-04
8.840493	2.298661189e-04
8.845493	-8.310745320e-04
8.850493	-2.770966198e-03
8.855494	1.827777725e-03
8.860494	2.275752978e-03
8.865494	-1.141136112e-04
8.870494	-6.100857511e-04
8.875495	8.898308736e-04
8.880495	-1.271048478e-03
8.885495	-2.933955584e-03
8.890495	7.748379344e-04
8.895496	2.600736390e-03
8.900496	-3.210939498e-03
8.905496	9.948263221e-04
8.910497	2.772727451e-03
8.915497	-3.258936177e-03
8.920497	1.817781102e-03
8.925497	2.104765321e-03
8.930498	-1.434037241e-03
8.935498	8.318366908e-04
8.940498	9.388309405e-04
8.945499	-2.828958861e-03
8.950499	-1.653024186e-03
8.955499	6.708465113e-04
8.960499	3.828627722e-04
8.965500	1.434804356e-03
8.970500	1.826782720e-03
8.975500	1.728751057e-04
8.980500	-2.321985641e-03
8.985501	-1.443034418e-03
8.990501	2.820728162e-03
8.995501	1.109823722e-03
9.000502	-6.110801606e-04
9.005502	-1.108052256e-03
9.010502	1.728765618e-04
9.015502	-2.263987420e-03
9.020503	1.549800235e-03
9.025503	2.982720581e-03
9.030503	-2.321983572e-03
9.035504	7.848434831e-04
9.040504	3.358687096e-04
9.045504	-1.166047382e-03
9.050504	1.628787578e-04
9.055505	-5.610883461e-05
9.060505	-4.960841114e-04
9.065505	-1.611025785e-04
9.070505	-9.360591869e-04
9.075506	-7.730680695e-04
9.080506	1.215821286e-03
9.085506	1.434809282e-03
9.090507	-1.548024278e-03
9.095507	-1.109048544e-03
9.100507	1.376813113e-03
9.105507	3.490695501e-03
9.110508	-3.230917507e-04
9.115508	-3.201931109e-03
9.120508	6.598538630e-04
9.125509	7.188507720e-04
9.130509	-1.548022694e-03
9.135509	-1.710992366e-04
9.140509	-1.490025534e-03
9.145510	-2.200961149e-04
9.150510	1.989780919e-03
9.155510	1.329817895e-03
9.160511	-1.987997003e-03
9.165511	-1.107045906e-03
9.170511	1.606803038e-03
9.175511	1.051834161e-03
9.180512	9.948375295e-04
9.185512	-2.149987011e-03
9.190512	-6.590699115e-04
9.195512	2.151773625e-03
9.200513	9.388414153e-04
9.205513	-2.760906839e-04
9.210513	-1.052047249e-03
9.215514	6.698569756e-04
9.220514	6.708571087e-04
9.225514	-1.223037152e-03
9.230514	-9.460524011e-04
9.235515	3.358763420e-04
9.240515	1.549808874e-03
9.245515	-3.340859457e-04
9.250516	-1.825002668e-03
9.255516	1.158893485e-04
9.260516	1.387818647e-03
9.265516	1.051837557e-03
9.270517	2.778808755e-04
9.275517	-1.327029495e-03
9.280517	-4.960756224e-04
9.285517	-5.540722068e-04
9.290518	-6.120687916e-04
9.295518	2.161776799e-03
9.300518	8.974110715e-07
9.305519	-1.768003823e-03
9.310519	1.158913650e-04
9.315519	1.769799370e-03
9.320519	2.543756416e-03
9.325520	-2.656953558e-03
9.330520	-1.719005652e-03
9.335520	8.986733113e-07
9.340521	-3.810798596e-04
9.345521	1.501815381e-03
9.350521	4.398747428e-04
9.355521	-1.051041988e-03
9.360522	-1.271029551e-03
9.365522	9.388474647e-04
9.370522	1.826798153e-03
9.375522	-6.120657481e-04
9.380523	-2.043985769e-03
9.385523	1.826798679e-03
9.390523	3.097728022e-03
9.395524	-2.598954317e-03
9.400524	-2.158978664e-03
9.405524	1.214833480e-03
9.410524	-1.620896090e-04
9.415525	1.444821007e-03
9.420525	3.358829819e-04
9.425525	3.828805339e-04
9.430526	1.058961417e-04
9.435526	-2.761943857e-03
9.440526	-1.099036364e-03
9.445526	2.763748524e-03
9.450527	1.157838194e-03
9.455527	4.988750881e-04
9.460527	1.932795341e-03
9.465528	-3.087924676e-03
9.470528	-1.157032121e-03
9.475528	1.262833182e-03
9.480528	-6.100622715e-04
9.485529	2.161783414e-03
9.490529	4.398795449e-04
9.495529	-8.310494583e-04
9.500529	5.890110773e-05
9.505530	-6.010619468e-04
9.510530	1.108842921e-03
9.515530	-1.824993407e-03
9.520531	-8.780460193e-04
9.525531	-6.590580613e-04
9.530531	-2.828936967e-03
9.535531	6.608687005e-04
9.540532	2.219781980e-03
9.545532	3.040736388e-03
9.550532	3.828846760e-04
9.555533	-3.315909023e-03
9.560533	5.548754103e-04
9.565533	7.748633091e-04
9.570533	-1.823991693e-03
9.575534	1.491823669e-03
9.580534	1.149005652e-04
9.585534	-1.155028502e-03
9.590534	2.265781007e-03
9.595535	9.368552271e-04
9.600535	-4.960647572e-04
9.605535	-1.605002798e-03
9.610536	-5.608896687e-05
9.615536	2.323778553e-03
9.620536	2.208959055e-04
9.625536	-1.327017672e-03
9.630537	-9.360393086e-04
9.635537	5.548777527e-04
9.640537	-1.939983051e-03
9.645538	1.159025227e-04
9.650538	1.387831787e-03
9.655538	-1.050032194e-03
9.660538	-1.929983002e-03
9.665539	3.828882477e-04
9.670539	9.368575240e-04
9.675539	2.298970740e-04
9.680539	1.639009013e-04
9.685540	-1.719993957e-03
9.690540	3.098737634e-03
9.695540	3.358917610e-04
9.700541	-5.141802808e-03
9.705541	8.898611817e-04
9.710541	2.829753214e-03
9.715541	-2.280762206e-04
9.720542	9.111632144e-07
9.725542	-9.360364735e-04
9.730542	3.838901092e-04
9.735543	7.748684636e-04
9.740543	-3.373900173e-03
9.745543	-1.328014051e-03
9.750543	1.329837965e-03
9.755544	1.769813587e-03
9.760544	4.978846161e-04
9.765544	-4.960598475e-04
9.770545	2.428777287e-03
9.775545	-1.328013199e-03
9.780545	-2.809930468e-03
9.785545	-7.640443492e-04
9.790546	1.043855033e-03
9.795546	1.434833382e-03
9.800546	2.778979988e-04
9.805546	1.059077225e-04
9.810547	-3.820649439e-04
9.815547	2.209015890e-04
9.820547	-2.760705767e-04
9.825548	-6.010523282e-04
9.830548	4.978865619e-04
9.835548	1.434834480e-03
9.840548	2.788990375e-04
9.845549	5.791148841e-05
9.850549	-1.140787918e-04
9.855549	-5.608189014e-05
9.860550	1.166850087e-03
9.865550	-9.940293498e-04
9.870550	-1.385007427e-03
9.875550	5.891223250e-05
9.880551	-1.547998079e-03
9.885551	-1.490001180e-03
9.890551	1.166850879e-03
9.895551	5.448856727e-04
9.900552	4.408915985e-04
9.905552	8.328698824e-04
9.910552	-1.130772689e-04
9.915553	2.935752942e-03
9.920553	-9.940279147e-04
9.925553	-3.038913821e-03
9.930553	1.629078621e-04
9.935554	-5.607980630e-05
9.940554	-1.040770048e-04
9.945554	5.548863959e-04
9.950555	-6.580458792e-04
9.955555	4.408929999e-04
9.960555	6.028840965e-04
9.965555	-1.328008167e-03
9.970556	-7.730389722e-04
9.975556	2.438782150e-03
9.980556	1.491835048e-03
9.985556	-1.605992181e-03
9.990557	6.708810464e-04
9.995557	9.388662327e-04
10.000557	2.779031908e-04
10.005558	1.548832480e-03
10.010558	-1.328007067e-03
10.015558	-2.866921181e-03
10.020558	-2.379948201e-03
10.025559	-2.860647784e-04
10.030559	1.664826613e-03
10.035559	8.908698654e-04
10.040560	3.756710264e-03
10.045560	-2.200679847e-04
10.050560	-8.300338731e-04
10.055560	1.769821348e-03
10.060561	4.978923512e-04
10.065561	-1.709984484e-03
10.070561	-9.930243263e-04
10.075562	-4.390550854e-04
10.080562	-6.580427666e-04
10.085562	1.157856143e-03
10.090562	-1.605989708e-03
10.095563	9.378686301e-04
10.100563	1.329846897e-03
10.105563	-6.580422020e-04
10.110563	1.639121004e-04
10.115564	-2.217955042e-03
10.120564	3.928995603e-04
10.125564	8.898719733e-04
10.130565	-1.500994669e-03
10.135565	7.758785456e-04
10.140565	-4.607553628e-05
10.145565	2.600777058e-03
10.150566	9.948666665e-04
10.155566	-3.258896155e-03
10.160566	5.558913463e-04
10.165567	3.839010384e-04
10.170567	4.398980239e-04
10.175567	3.929007490e-04
10.180567	-6.010437510e-04
10.185568	6.028892563e-04
10.190568	4.892023470e-05
10.195568	7.178830561e-04
10.200568	6.128890113e-04
10.205569	-2.541935061e-03
10.210569	-2.190644162e-04
10.215569	-1.156012096e-03
10.220570	7.648809508e-04
10.225570	1.214855974e-03
10.230570	-1.431996410e-03
10.235570	1.549837507e-03
10.240571	2.160803556e-03
10.245571	8.328776640e-04
10.250571	-1.384998630e-03
10.255572	-2.494936672e-03
10.260572	-2.206952624e-03
10.265572	9.244248291e-07
10.270572	2.208801473e-03
10.275573	6.698873367e-04
10.280573	-8.310289176e-04
10.285573	2.219124960e-04
10.290573	1.166859928e-03
10.295574	1.443844586e-03
10.300574	-9.920195633e-04
10.305574	-1.280003419e-03
10.310575	-8.890251150e-04
10.315575	1.606835879e-03
10.320575	1.941817303e-03
10.325575	-4.749809666e-03
10.330576	1.059198060e-04
10.335576	3.929706790e-03
10.340576	-2.484935617e-03
10.345577	-8.300277578e-04
10.350577	1.639169380e-04
10.355577	-1.662981155e-03
10.360577	-7.160338410e-04
10.365578	3.929044447e-04
10.370578	6.128922729e-04
10.375578	4.409019465e-04
10.380578	2.046812534e-03
10.385579	1.434846727e-03
10.390579	-2.760578339e-04
10.395579	-2.102955931e-03
10.400580	-6.110389923e-04
10.405580	1.999815585e-03
10.410580	-1.271002041e-03
10.415580	6.598904315e-04
10.420581	-1.489989667e-03
10.425581	6.128932187e-04
10.430581	2.878767020e-03
10.435582	-1.270001678e-03
10.440582	9.275734351e-07
10.445582	4.792503617e-05
10.450582	-4.970445100e-04
10.455583	4.509027401e-04
10.460583	7.758847088e-04
10.465583	-2.159951591e-03
10.470584	-2.656923814e-03
10.475584	3.359094689e-04
10.480584	2.266801935e-03
10.485584	9.948729008e-04
10.490585	-1.214003916e-03
10.495585	1.159220421e-04
10.500585	1.549842204e-03
10.505585	-6.120372334e-04
10.510586	-1.156006841e-03
10.515586	-6.100371929e-04
10.520586	3.259107202e-04
10.525587	2.779134701e-04
10.530587	1.329854918e-03
10.535587	2.209167951e-04
10.540587	-2.101953673e-03
10.545588	1.826827441e-03
10.550588	2.600784380e-03
10.555588	-5.440402807e-04
10.560589	3.929075731e-04
10.565589	1.204862393e-03
10.570589	-1.776971353e-03
10.575589	-2.205947375e-03
10.580590	-3.240521866e-04
10.585590	1.940821657e-03
10.590590	7.178898826e-04
10.595590	-2.484931549e-03
10.600591	-2.541928304e-03
10.605591	2.209806940e-03
10.610591	2.601785161e-03
10.615592	-1.213002166e-03
10.620592	-1.214002044e-03
10.625592	-2.290568707e-04
10.630592	-3.330510093e-04
10.635593	-1.213001903e-03
10.640593	3.594730217e-03
10.645593	1.664837838e-03
10.650594	-3.372881336e-03
10.655594	-1.662976569e-03
10.660594	1.149244082e-04
10.665594	2.495791780e-03
10.670595	1.759832859e-03
10.675595	-1.662976320e-03
10.680595	6.128969023e-04
10.685595	9.958756188e-04
10.690596	-6.110347645e-04
10.695596	-1.929961198e-03
10.700596	-2.044954730e-03
10.705597	5.549004335e-04
10.710597	1.110869507e-03
10.715597	1.597842425e-03
10.720597	-8.220226537e-04
10.725598	-8.310220950e-04
10.730598	2.428796285e-03
10.735598	-1.317994842e-03
10.740599	-2.713916989e-03
10.745599	-7.250277783e-04
10.750599	3.270749584e-03
10.755599	3.097759279e-03
10.760600	-2.981901835e-03
10.765600	-9.930126260e-04
10.770600	-1.718972114e-03
10.775601	-9.940124645e-04
10.780601	1.433852278e-03
10.785601	1.931824577e-03
10.790601	-1.098006513e-03
10.795602	-1.212000109e-03
10.800602	3.595731996e-03
10.805602	1.271861560e-03
10.810602	-8.310211921e-04
10.815603	-8.780185238e-04
10.820603	-8.300211501e-04
10.825603	-3.910455669e-04
10.830604	-1.042009240e-03
10.835604	-4.400427411e-04
10.840604	1.597843730e-03
10.845604	-1.098005978e-03
10.850605	5.549019479e-04
10.855605	8.808838258e-04
10.860605	3.929110666e-04
10.865606	1.549846633e-03
10.870606	-1.384989759e-03
10.875606	-9.370146813e-04
10.880606	-9.930115172e-04
10.885607	-1.326992861e-03
10.890607	-1.108005023e-03
10.895607	3.829119270e-04
10.900607	2.878772869e-03
10.905608	1.549846974e-03
10.910608	-1.547980337e-03
10.915608	-1.327992557e-03
10.920609	3.829121302e-04
10.925609	3.929116122e-04
10.930609	-8.210206940e-04
10.935609	-1.051007838e-03
10.940610	1.059277216e-04
10.945610	1.712838203e-03
10.950610	-2.190540919e-04
10.955611	2.779182474e-04
10.960611	1.664840988e-03
10.965611	-6.590294626e-04
10.970611	-1.547979884e-03
10.975612	7.178938687e-04
10.980612	2.209216004e-04
10.985612	6.029003459e-04
10.990612	3.087761893e-03
10.995613	-1.814964835e-03
11.000613	-1.699971211e-03
11.005613	9.340260062e-07
11.010614	-7.260254273e-04
11.015614	2.103816891e-03
11.020614	1.729245344e-04
11.025614	-1.165000870e-03
11.030615	8.808851386e-04
11.035615	9.378819916e-04
11.040615	-2.044951740e-03
11.045616	-1.652973557e-03
11.050616	8.898847523e-04
11.055616	-3.340470078e-04
11.060616	3.423743590e-03
11.065617	3.930715362e-03
11.070617	-1.327991533e-03
11.075617	-2.044951549e-03
11.080618	-1.317992039e-03
11.085618	-1.939957350e-03
11.090618	4.409099837e-04
11.095618	1.606845028e-03
11.100619	-1.270994561e-03
11.105619	5.893134313e-05
11.110619	6.608978171e-04
11.115619	3.829133321e-04
11.120620	-6.590285765e-04
11.125620	1.149283108e-04
11.130620	1.099873439e-03
11.135621	5.893147313e-05
11.140621	-3.306880923e-03
11.145621	-9.360130368e-04
11.150621	2.706783962e-03
11.155622	-7.830215254e-04
11.160622	2.209225411e-04
11.165622	-3.810438922e-04
11.170623	-5.606198670e-05
11.175623	2.779194168e-04
11.180623	-2.760496928e-04
11.185623	-3.340464445e-04
11.190624	1.663842225e-03
11.195624	1.110873058e-03
11.200624	3.829136435e-04
11.205624	-2.770495611e-04
11.210625	-1.432985125e-03
11.215625	1.654842798e-03
11.220625	-8.880154706e-04
11.225626	-1.317991495e-03
11.230626	6.129009049e-04
11.235626	-1.604975477e-03
11.240626	4.979073365e-04
11.245627	3.154759275e-03
11.250627	-2.044950924e-03
11.255627	-1.164999955e-03
11.260628	8.898855310e-04
11.265628	-7.730217829e-04
11.270628	1.215867381e-03
11.275628	3.359164303e-04
11.280629	-4.390403722e-04
11.285629	1.149287611e-04
11.290629	1.376858438e-03
11.295629	1.639260433e-04
11.300630	-9.350127048e-04
11.305630	-5.540339321e-04
11.310630	5.793196669e-05
11.315631	-6.110307462e-04
11.320631	2.679202721e-04
11.325631	1.444854683e-03
11.330631	-4.380403766e-04
11.335632	5.793198457e-05
11.340632	-1.318991274e-03
11.345632	-9.450121153e-04
11.350633	3.259170546e-04
11.355633	-7.740216427e-04
11.360633	1.224866956e-03
11.365633	7.188951544e-04
11.370634	-4.960371354e-04
11.375634	8.898856235e-04
11.380634	1.434855250e-03
11.385635	1.629261353e-04
11.390635	-8.310184724e-04
11.395635	-1.156000363e-03
11.400635	-4.380403797e-04
11.405636	1.654842976e-03
11.410636	4.399106827e-04
11.415636	-4.960371595e-04
11.420636	-2.760494248e-04
11.425637	-1.156000389e-03
11.430637	-2.190526125e-04
11.435637	6.129010148e-04
11.440638	8.898855712e-04
11.445638	1.042877038e-03
11.450638	-2.216941294e-03
11.455638	-2.541923190e-03
11.460639	2.046821062e-03
11.465639	1.272864187e-03
11.470639	-2.044950914e-03
11.475640	1.729254694e-04
11.480640	-1.431985096e-03
11.485640	7.178950761e-04
11.490640	3.259753402e-03
11.495641	-3.910431433e-04
11.500641	-2.206941952e-03
11.505641	-1.490981866e-03
11.510641	1.059291219e-04
11.515642	1.167869924e-03
11.520642	2.763780967e-03
11.525642	5.549040581e-04
11.530643	-1.374988400e-03
11.535643	8.798859162e-04
11.540643	-4.970373606e-04
11.545643	-1.661972453e-03
11.550644	-1.140587374e-04
11.555644	1.109873033e-03
11.560644	5.793164278e-05
11.565645	-1.824963438e-03
11.570645	-1.610561888e-04
11.575645	2.600789869e-03
11.580645	-6.680279722e-04
11.585646	-2.483926788e-03
11.590646	4.979070081e-04
11.595646	8.898851418e-04
11.600646	6.129005578e-04
11.605647	-1.279993969e-03
11.610647	3.359159513e-04
11.615647	1.386857358e-03
11.620648	1.059287239e-04
11.625648	-1.108003644e-03
11.630648	-2.321936013e-03
11.635648	1.711839152e-03
11.640649	1.223866323e-03
11.645649	-2.206942496e-03
11.650649	1.712839021e-03
11.655650	2.103817205e-03
11.660650	2.428799067e-03
11.665650	3.929125045e-04
11.670650	-2.541923958e-03
11.675651	-1.776966619e-03
11.680651	-8.780167471e-04
11.685651	3.359155694e-04
11.690652	-1.996954444e-03
11.695652	9.468814605e-04
11.700652	2.218810543e-03
11.705652	-2.044951859e-03
11.710653	-1.051007284e-03
11.715653	6.608972766e-04
11.720653	1.214866371e-03
11.725653	5.793081730e-05
11.730654	-1.709970687e-03
11.735654	-1.441985655e-03
11.740654	7.748907605e-04
11.745655	2.820776705e-03
11.750655	1.272862939e-03
11.755655	-1.099004907e-03
11.760655	-2.770507511e-04
11.765656	-4.960385822e-04
11.770656	2.381800994e-03
11.775656	7.658910151e-04
11.780657	-3.431875072e-03
11.785657	-1.156001948e-03
11.790657	-1.040606133e-04
11.795657	3.929116511e-04
11.800658	9.388811842e-04
11.805658	1.639243348e-04
11.810658	-1.140602123e-04
11.815658	-2.158946287e-03
11.820659	-2.190544415e-04
11.825659	3.756723939e-03
11.830659	6.128991094e-04
11.835660	-1.652974651e-03
11.840660	-1.166001833e-03
11.845660	-4.960392145e-04
11.850660	1.167868009e-03
11.855661	1.884828008e-03
11.860661	-3.340483738e-04
11.865661	-2.436931221e-03
11.870662	-1.610581047e-04
11.875662	2.323803363e-03
11.880662	-1.004011217e-03
11.885662	6.128986232e-04
11.890663	-4.380428526e-04
11.895663	-1.269996533e-03
11.900663	1.778833501e-03
11.905663	3.087760504e-03
11.910664	1.596843547e-03
11.915664	-2.483929072e-03
11.920664	-3.200889164e-03
11.925665	1.605842897e-03
11.930665	1.606842791e-03
11.935665	-2.377935180e-03
11.940665	3.259140773e-04
11.945666	-1.630587230e-04
11.950666	-1.709972563e-03
11.955666	1.769833448e-03
11.960667	8.318856687e-04
11.965667	-8.300217634e-04
11.970667	6.038982673e-04
11.975667	-6.010346338e-04
11.980668	6.598950372e-04
11.985668	1.059258556e-04
11.990668	-7.630257717e-04
11.995669	6.128974891e-04
12.000669	1.629225104e-04
12.005669	-1.720588775e-04
12.010669	-8.880190331e-04
12.015670	9.313658202e-07
12.020670	2.160810933e-03
12.025670	-9.360165335e-04
12.030670	-1.986958022e-03
12.035671	-3.240507588e-04
12.040671	1.157866591e-03
12.045671	1.597842009e-03
12.050672	-9.360168347e-04
12.055672	-4.706643926e-05
12.060672	1.654838648e-03
12.065672	2.689158259e-04
12.070673	-1.040634501e-04
12.075673	-1.767970780e-03
12.080673	-2.656921301e-03
12.085674	1.387853211e-03
12.090674	2.705779696e-03
12.095674	6.118963268e-04
12.100674	-3.810483999e-04
12.105675	-1.547983430e-03
12.110675	7.748870450e-04
12.115675	-7.830261962e-04
12.120675	-1.594981012e-03
12.125676	1.110868118e-03
12.130676	6.028963601e-04
12.135676	3.929079945e-04
12.140677	-2.101953031e-03
12.145677	-1.166005263e-03
12.150677	2.438793764e-03
12.155677	9.478767858e-04
12.160678	-1.547984186e-03
12.165678	-2.273943798e-03
12.170678	1.769830763e-03
12.175679	1.280857942e-03
12.180679	-1.384993558e-03
12.185679	2.209168686e-04
12.190679	8.318827447e-04
12.195680	-5.530401447e-04
12.200680	9.289069837e-07
12.205680	8.318825213e-04
12.210680	7.748856226e-04
12.215681	-1.107009571e-03
12.220681	-1.986960606e-03
12.225681	2.705777781e-03
12.230682	9.958730007e-04
12.235682	-1.098010381e-03
12.240682	-1.720620635e-04
12.245682	-5.540408535e-04
12.250683	1.224859926e-03
12.255683	-1.710623559e-04
12.260683	-1.824970260e-03
12.265684	1.826826138e-03
12.270684	-1.213004527e-03
12.275684	-3.315887410e-03
12.280684	1.606838155e-03
12.285685	3.709720875e-03
12.290685	1.816826287e-03
12.295685	-2.290597742e-04
12.300686	-1.155008253e-03
12.305686	-2.149952886e-03
12.310686	-3.910509974e-04
12.315686	4.988993192e-04
12.320687	-5.706978063e-05
12.325687	9.269015534e-07
12.330687	-1.040673329e-04
12.335687	5.548958553e-04
12.340688	-8.880238147e-04
12.345688	1.059207034e-04
12.350688	2.275799684e-03
12.355689	6.698890964e-04
12.360689	-1.489990618e-03
12.365689	5.892296905e-05
12.370689	9.261118089e-07
12.375690	-1.140675693e-04
12.380690	4.978982342e-04
12.385690	-1.986963370e-03
12.390691	-3.544876636e-03
12.395691	5.548947837e-04
12.400691	4.043700253e-03
12.405691	1.157860994e-03
12.410692	-1.280003232e-03
12.415692	9.468725667e-04
12.420692	2.275798409e-03
12.425692	-1.546988634e-03
12.430693	1.059191515e-04
12.435693	1.711829556e-03
12.440693	-2.378942553e-03
12.445694	-1.328001220e-03
12.450694	1.491841528e-03
12.455694	9.948691277e-04
12.460694	-6.580388498e-04
12.465695	-1.050017102e-03
12.470695	3.349056151e-04
12.475695	7.268836705e-04
12.480696	-3.330573560e-04
12.485696	-2.860600750e-04
12.490696	5.792065414e-05
12.495696	-1.318002763e-03
12.500697	-4.380519059e-04
12.505697	1.639144438e-04
12.510697	5.448931092e-04
12.515697	6.128892173e-04
12.520698	4.508981426e-04
12.525698	1.041865104e-03
12.530698	4.792039453e-05
12.535699	-1.040019076e-03
12.540699	-1.155012772e-03
12.545699	-2.760618629e-04
12.550699	2.209103344e-04
12.555700	-1.109015652e-03
12.560700	-5.540466879e-04
12.565700	6.128881697e-04
12.570701	-1.318004325e-03
12.575701	-3.340592698e-04
12.580701	9.368697907e-04
12.585701	6.138876826e-04
12.590702	-2.180660598e-04
12.595702	9.368694638e-04
12.600702	2.779060794e-04
12.605703	-1.156014116e-03
12.610703	2.649773669e-03
12.615703	7.188811708e-04
12.620703	-7.170389140e-04
12.625704	3.828996721e-04
12.630704	6.698835654e-04
12.635704	4.978930379e-04
12.640704	-1.661986701e-03
12.645705	-1.041021422e-03
12.650705	3.828991054e-04
12.655705	-2.860637266e-04
12.660706	-3.230617798e-04
12.665706	3.709713350e-03
12.670706	1.318846482e-03
12.675706	-3.037910824e-03
12.680707	-3.477886420e-03
12.685707	4.398951169e-04
12.690707	2.218795857e-03
12.695708	9.378671280e-04
12.700708	9.948638328e-04
12.705708	-1.620718079e-04
12.710708	-7.260404962e-04
12.715709	-1.432001272e-03
12.720709	-1.652989076e-03
12.725709	-4.490562943e-04
12.730709	-7.730383594e-04
12.735710	1.281846996e-03
12.740710	1.549831938e-03
12.745710	-1.719985950e-03
12.750711	1.931810404e-03
12.755711	-1.040762549e-04
12.760711	2.789022770e-04
12.765711	4.408931246e-04
12.770712	-8.320360572e-04
12.775712	-3.340639354e-04
12.780712	-1.098021484e-03
12.785713	2.103799946e-03
12.790713	-4.960552856e-04
12.795713	-1.661990433e-03
12.800713	-1.620741534e-04
12.805714	-4.390588443e-04
12.810714	6.038829022e-04
12.815714	2.983750139e-03
12.820714	1.443835832e-03
12.825715	-2.760929957e-03
12.830715	-2.273957227e-03
12.835715	1.940807745e-03
12.840716	-1.156019794e-03
12.845716	-3.268902170e-03
12.850716	2.104798211e-03
12.855716	1.999803930e-03
12.860717	9.151999173e-07
12.865717	-4.960572359e-04
12.870717	-1.605995510e-03
12.875718	2.778993624e-04
12.880718	1.941806495e-03
12.885718	2.313785629e-03
12.890718	-6.100515548e-04
12.895719	-2.044971719e-03
12.900719	-8.890362782e-04
12.905719	4.978862891e-04
12.910720	1.549827525e-03
12.915720	5.558827824e-04
12.920720	8.318672633e-04
12.925720	2.778979988e-04
12.930721	-3.477892822e-03
12.935721	-3.258905166e-03
12.940721	1.816811814e-03
12.945721	9.948574835e-04
12.950722	3.358940684e-04
12.955722	1.272841709e-03
12.960722	7.178724976e-04
12.965723	-1.099026385e-03
12.970723	-1.929980216e-03
12.975723	9.958565782e-04
12.980723	2.705761139e-03
12.985724	3.828904534e-04
12.990724	-1.538002635e-03
12.995724	-6.110544405e-04
13.000725	-1.500005042e-03
13.005725	-1.548002513e-03
13.010725	1.711815665e-03
13.015725	7.278703564e-04
13.020726	-6.010557265e-04
13.025726	2.208983173e-04
13.030726	5.558795006e-04
13.035726	1.654818107e-03
13.040727	1.988799345e-03
13.045727	-2.190777545e-04
13.050727	-2.704939362e-03
13.055728	-6.010567649e-04
13.060728	-7.250500046e-04
13.065728	1.099848140e-03
13.070728	1.988798446e-03
13.075729	-1.620818329e-04
13.080729	-2.090793654e-04
13.085729	-7.150513188e-04
13.090730	-2.860753792e-04
13.095730	4.398840084e-04
13.100730	-2.091975039e-03
13.105730	-1.270021003e-03
13.110731	1.549821687e-03
13.115731	8.328614901e-04
13.120731	-5.708906644e-05
13.125731	-1.443011982e-03
13.130732	-3.910707649e-04
13.135732	2.298944709e-04
13.140732	1.224838864e-03
13.145733	-8.300467710e-04
13.150733	-1.824991479e-03
13.155733	-1.213025743e-03
13.160733	-7.730504225e-04
13.165734	6.028727353e-04
13.170734	2.543764406e-03
13.175734	3.202727520e-03
13.180735	9.058039274e-07
13.185735	1.728960576e-04
13.190735	-2.770790257e-04
13.195735	1.272834433e-03
13.200736	8.328587911e-04
13.205736	-1.213027350e-03
13.210736	-8.310488017e-04
13.215736	-1.328021268e-03
13.220737	1.434824589e-03
13.225737	-3.910738143e-04
13.230737	-3.315910972e-03
13.235738	8.898544669e-04
13.240738	2.323774386e-03
13.245738	-6.010627730e-04
13.250738	-8.780475027e-04
13.255739	3.258852327e-04
13.260739	3.828818887e-04
13.265739	-3.240788787e-04
13.270740	1.271832010e-03
13.275740	-6.690599892e-04
13.280740	5.789932670e-05
13.285740	-6.100636159e-04
13.290741	-1.327023828e-03
13.295741	6.698647106e-04
13.300741	2.208895620e-04
13.305742	2.046787630e-03
13.310742	8.898519364e-04
13.315742	-2.290858751e-04
13.320742	-3.340801962e-04
13.325743	5.889772935e-05
13.330743	-8.210534026e-04
13.335743	6.118665639e-04
13.340743	1.262830110e-03
13.345744	-2.100982593e-03
13.350744	2.778846532e-04
13.355744	1.605810470e-03
13.360745	-7.730571273e-04
13.365745	-8.780514522e-04
13.370745	-2.190883545e-04
13.375745	-8.880512491e-04
13.380746	2.778835932e-04
13.385746	1.768800323e-03
13.390746	3.358800041e-04
13.395747	4.408739735e-04
13.400747	-1.213034030e-03
13.405747	-1.432022006e-03
13.410747	8.798489689e-04
13.415748	-4.390777054e-04
13.420748	9.948421981e-04
13.425748	1.628883830e-04
13.430748	-2.369970638e-03
13.435749	1.549810722e-03
13.440749	6.608600826e-04
13.445749	-1.490020228e-03
13.450750	6.028629478e-04
13.455750	-1.620946038e-04
13.460750	-8.780548864e-04
13.465750	1.262825613e-03
13.470751	8.957573247e-07
13.475751	-5.540734990e-04
13.480751	6.698581025e-04
13.485752	2.308823807e-04
13.490752	4.978673139e-04
13.495752	-1.606015620e-03
13.500752	-7.830616730e-04
13.505753	1.167829411e-03
13.510753	-4.960780445e-04
13.515753	-4.480809088e-04
13.520753	7.278533642e-04
13.525754	5.789051246e-05
13.530754	4.978658011e-04
13.535754	2.763739328e-03
13.540755	5.788993940e-05
13.545755	-1.548020752e-03
13.550755	-5.530763944e-04
13.555755	-1.824005756e-03
13.560756	1.051833775e-03
13.565756	6.118581019e-04
13.570756	-2.101990844e-03
13.575757	-4.960805388e-04
13.580757	2.649743943e-03
13.585757	-6.110745202e-04
13.590757	-1.214041111e-03
13.595758	6.128568758e-04
13.600758	8.907853361e-07
13.605758	-9.460566363e-04
13.610759	-5.610643251e-05
13.615759	1.607800637e-03
13.620759	-1.098048759e-03
13.625759	-8.220643389e-04
13.630760	3.040720181e-03
13.635760	8.238435326e-04
13.640760	-2.818953647e-03
13.645760	-1.041051513e-04
13.650761	1.148824432e-04
13.655761	-1.141049961e-04
13.660761	2.314759437e-03
13.665762	-8.790627672e-04
13.670762	-1.653019836e-03
13.675762	3.268696183e-04
13.680762	-9.930570229e-04
13.685763	-1.099051319e-03
13.690763	-1.940004656e-03
13.695763	-1.141066212e-04
13.700764	3.097714172e-03
13.705764	1.728769740e-04
13.710764	-3.240955346e-04
13.715764	1.435806176e-03
13.720765	1.759787913e-03
13.725765	1.108823986e-03
13.730765	-3.420923770e-03
13.735765	-1.327040674e-03
13.740766	2.323755651e-03
13.745766	8.798359146e-04
13.750766	-9.930599144e-04
13.755767	8.898349383e-04
13.760767	1.596795328e-03
13.765767	-1.720020030e-03
13.770767	-1.758018123e-03
13.775768	9.478308630e-04
13.780768	1.654791251e-03
13.785768	-1.141103770e-04
13.790769	-1.443036526e-03
13.795769	7.178428308e-04
13.800769	2.161762145e-03
13.805769	-3.240995271e-04
13.810770	7.178421890e-04
13.815770	-1.711084827e-04
13.820770	-1.491035136e-03
13.825770	-2.191062386e-04
13.830771	6.608445039e-04
13.835771	-1.710023579e-03
13.840771	-1.318045642e-03
13.845772	2.208757585e-03
13.850772	-5.711635106e-05
13.855772	-1.041139499e-04
13.860772	1.158735711e-04
13.865773	4.978520637e-04
13.870773	1.654787366e-03
13.875773	7.178393641e-04
13.880774	-2.980954715e-03
13.885774	-4.367877639e-03
13.890774	1.825776954e-03
13.895774	2.820721283e-03
13.900775	-2.160001353e-03
13.905775	6.028444452e-04
13.910775	-6.680849461e-04
13.915776	-1.611134239e-04
13.920776	1.884772331e-03
13.925776	5.548462266e-04
13.930776	5.548460021e-04
13.935777	-1.595034406e-03
13.940777	4.408519051e-04
13.945777	2.983709961e-03
13.950777	-7.160840683e-04
13.955778	-2.876963865e-03
13.960778	-1.327050471e-03
13.965778	7.748321590e-04
13.970779	5.548441916e-04
13.975779	2.788593445e-04
13.980779	5.548437347e-04
13.985779	1.596785436e-03
13.990780	9.378219320e-04
13.995780	-9.360738618e-04
14.000780	-5.440959378e-04
14.005781	-1.318053034e-03
14.010781	6.608364469e-04
14.015781	-3.331083900e-04
14.020781	8.328263981e-04
14.025782	5.448422156e-04
14.030782	-3.708920946e-03
14.035782	-1.930020321e-03
14.040782	1.931764220e-03
14.045783	1.052812972e-03
14.050783	1.166806384e-03
14.055783	1.728615437e-04
14.060784	-2.703978359e-03
14.065784	-2.281165800e-04
14.070784	3.815657816e-03
14.075784	4.034645375e-03
14.080785	-9.940746012e-04
14.085785	-3.640927324e-03
14.090785	-1.987019738e-03
14.095786	1.491786143e-03
14.100786	1.931761384e-03
14.105786	1.628597293e-04
14.110786	7.178285603e-04
14.115787	-5.531008481e-04
14.120787	-1.710036610e-03
14.125787	-1.051073576e-03
14.130787	1.271796725e-03
14.135788	2.046753293e-03
14.140788	-1.547046659e-03
14.145788	-1.156068691e-03
14.150789	8.798176017e-04
14.155789	1.329792280e-03
14.160789	3.154690332e-03
14.165789	-1.711245580e-04
14.170790	-3.315949535e-03
14.175790	-1.548048309e-03
14.180790	-3.811135894e-04
14.185791	2.161744446e-03
14.190791	-2.281226077e-04
14.195791	-1.433055701e-03
14.200791	-1.270065032e-03
14.205792	-9.360838923e-04
14.210792	1.003807746e-03
14.215792	2.688484584e-04
14.220793	1.376786462e-03
14.225793	-7.160971461e-04
14.230793	-2.761219162e-04
14.235793	4.978346998e-04
14.240794	-9.350856908e-04
14.245794	3.348432828e-04
14.250794	9.948062507e-04
14.255794	6.608246127e-04
14.260795	1.214793487e-03
14.265795	3.348422762e-04
14.270795	-5.531084891e-04
14.275796	-4.961119188e-04
14.280796	2.198479258e-04
14.285796	1.827758060e-03
14.290796	-3.811190893e-04
14.295797	-1.501056928e-03
14.300797	8.591123473e-07
14.305797	-2.484002657e-03
14.310798	-1.548055075e-03
14.315798	3.595657999e-03
14.320798	1.435778117e-03
14.325798	-1.816040910e-03
14.330799	1.500773979e-03
14.335799	2.925694308e-03
14.340799	-2.437007076e-03
14.345799	-1.270072371e-03
14.350800	-1.882038524e-03
14.355800	8.562787515e-07
14.360800	2.046741997e-03
14.365801	-1.940036072e-03
14.370801	8.554973543e-07
14.375801	3.824642129e-03
14.380801	-7.161050680e-04
14.385802	-1.327071280e-03
14.390802	2.380721815e-03
14.395802	-1.271074926e-03
14.400803	-1.131397234e-04
14.405803	9.947982652e-04
14.410803	-9.370943306e-04
14.415803	-1.767048340e-03
14.420804	-7.151072319e-04
14.425804	-4.961197019e-04
14.430804	4.784971575e-05
14.435804	4.784944957e-05
14.440805	-1.595059254e-03
14.445805	-1.098087219e-03
14.450805	-8.311023657e-04
14.455806	-1.131426469e-04
14.460806	2.820693576e-03
14.465806	2.045736498e-03
14.470806	-1.155085383e-03
14.475807	1.606760424e-03
14.480807	1.597760656e-03
14.485807	-3.143975348e-03
14.490808	-4.401263095e-04
14.495808	1.988738054e-03
14.500808	-9.350992662e-04
14.505808	-8.881021573e-04
14.510809	9.367958651e-04
14.515809	3.928259090e-04
14.520809	3.928256359e-04
14.525810	2.108355051e-04
14.530810	6.608101531e-04
14.535810	1.728370746e-04
14.540810	-1.271082728e-03
14.545811	-8.301075791e-04
14.550811	1.157781356e-03
14.555811	8.897960157e-04
14.560811	7.758020925e-04
14.565812	-1.930047382e-03
14.570812	-1.873050835e-03
14.575812	1.759746424e-03
14.580813	1.319770667e-03
14.585813	-7.161161476e-04
14.590813	-8.791073425e-04
14.595813	-1.547070395e-03
14.600814	-6.101228923e-04
14.605814	5.548119036e-04
14.610814	-6.591207219e-04
14.615815	1.051783645e-03
14.620815	2.104724681e-03
14.625815	-1.050099775e-03
14.630815	1.628323435e-04
14.635816	7.747979550e-04
14.640816	-1.988048349e-03
14.645816	5.783734677e-05
14.650816	8.227944306e-04
14.655817	1.932732287e-03
14.660817	8.396714119e-07
14.665817	-4.033935747e-03
14.670818	-5.431305820e-04
14.675818	1.387761520e-03
14.680818	2.778230930e-04
14.685818	-5.715852417e-05
14.690819	1.058321052e-04
14.695819	-1.156097852e-03
14.700819	-1.041567664e-04
14.705820	1.759739067e-03
14.710820	-1.270092363e-03
14.715820	-1.611544550e-04
14.720820	-1.109101913e-03
14.725821	-8.311176954e-04
14.730821	1.884730655e-03
14.735821	7.847916663e-04
14.740821	2.678201874e-04
14.745822	7.077953755e-04
14.750822	1.052775857e-03
14.755822	1.052775565e-03
14.760823	8.897843569e-04
14.765823	-1.098105147e-03
14.770823	-3.698960489e-03
14.775823	-2.265040698e-03
14.780824	2.592688277e-03
14.785824	3.595632087e-03
14.790824	8.887826501e-04
14.795825	-1.720072248e-03
14.800825	-2.599023558e-03
14.805825	1.728216654e-04
14.810825	2.208707905e-03
14.815826	2.678157780e-04
14.820826	-4.391451188e-04
14.825826	1.004774111e-03
14.830827	-1.041643834e-04
14.835827	5.457990945e-04
14.840827	1.434749253e-03
14.845827	8.327825024e-04
14.850828	-5.531405568e-04
14.855828	-1.621626467e-04
14.860828	-2.191597705e-04
14.865828	-2.181601269e-04
14.870829	-4.391481119e-04
14.875829	-2.191606738e-04
14.880829	2.649679138e-03
14.885830	1.931718849e-03
14.890830	1.166761179e-03
14.895830	1.376749173e-03
14.900830	-7.741312576e-04
14.905831	-2.981008568e-03
14.910831	1.214757289e-03
14.915831	9.947692451e-04
14.920832	3.828030462e-04
14.925832	4.034599219e-03
14.930832	2.218700117e-03
14.935832	3.537626304e-03
14.940833	1.769724526e-03
14.945833	-1.318103690e-03
14.950833	8.797735103e-04
14.955833	-4.391532910e-04
14.960834	3.928000343e-04
14.965834	1.931713959e-03
14.970834	2.266694981e-03
14.975835	-2.761636099e-04
14.980835	-5.531484828e-04
14.985835	4.636561974e-03
14.990835	1.710724726e-03
14.995836	-2.207057239e-03
15.000836	-5.531497258e-04
15.005836	1.386741848e-03
15.010837	-1.605091723e-03
15.015837	-2.191692756e-04
15.020837	1.778719065e-03
15.025837	-3.341634929e-04
15.030838	-1.711728904e-04
15.035838	1.377740471e-03
15.040838	5.547860219e-04
15.045838	-3.241653073e-04
15.050839	9.957608153e-04
15.055839	1.931708337e-03
15.060839	1.328741626e-03
15.065840	-1.155120260e-03
15.070840	8.907654020e-04
15.075840	8.146835633e-07
15.080840	-3.097012986e-03
15.085841	8.317677373e-04
15.090841	2.428678420e-03
15.095841	-1.939078475e-03
15.100842	-1.432107049e-03
15.105842	3.594612482e-03
15.110842	3.814599902e-03
15.115842	1.109750329e-03
15.120843	-1.500104539e-03
15.125843	-1.939080396e-03
15.130843	-1.213121176e-03
15.135844	-8.791401115e-04
15.140844	-1.872085095e-03
15.145844	1.319736696e-03
15.150844	2.648662309e-03
15.155845	-2.092073804e-03
15.160845	-1.434110797e-03
15.165845	-1.385113852e-03
15.170845	1.435728612e-03
15.175846	3.814595708e-03
15.180846	-1.596103068e-03
15.185846	8.076072410e-07
15.190847	9.947518866e-04
15.195847	8.069546535e-07
15.200847	-1.711837868e-04
15.205847	-2.762039720e-03
15.210848	1.826704212e-03
15.215848	6.697683622e-04
15.220848	-4.961669863e-04
15.225849	1.492721840e-03
15.230849	4.977769612e-04
15.235849	-5.719243883e-05
15.240849	-1.141895922e-04
15.245850	-1.213128676e-03
15.250850	-4.391721414e-04
15.255850	8.317566960e-04
15.260850	-2.092080684e-03
15.265851	-7.251571974e-04
15.270851	1.711706659e-03
15.275851	1.272730791e-03
15.280852	-7.161586968e-04
15.285852	-1.873094552e-03
15.290852	1.042742609e-03
15.295852	2.705649597e-03
15.300853	7.277594947e-04
15.305853	-6.681630427e-04
15.310853	-1.385123420e-03
15.315854	-3.241828844e-04
15.320854	1.147923145e-04
15.325854	1.931690719e-03
15.330854	2.208674945e-03
15.335855	-4.961746456e-04
15.340855	-2.207079631e-03
15.345855	1.052738355e-03
15.350855	1.272725756e-03
15.355856	-2.103086442e-03
15.360856	7.747528311e-04
15.365856	-1.433124459e-03
15.370857	4.779266659e-05
15.375857	2.763640967e-03
15.380857	-9.351532328e-04
15.385857	6.607574828e-04
15.390858	1.883688985e-03
15.395858	5.779040417e-05
15.400858	-1.662114084e-03
15.405859	-2.150087231e-03
15.410859	-8.791584054e-04
15.415859	2.381659519e-03
15.420859	2.763637887e-03
15.425860	-1.003152526e-03
15.430860	-2.379076188e-03
15.435860	1.109729029e-03
15.440861	2.777750507e-04
15.445861	-2.761944210e-04
15.450861	-2.191979435e-04
15.455861	1.328715442e-03
15.460862	2.763635124e-03
15.465862	-2.191989836e-04
15.470862	6.697511259e-04
15.475862	3.257699488e-04
15.480863	2.677728329e-04
15.485863	1.444706891e-03
15.490863	-3.241948731e-04
15.495864	-1.213145679e-03
15.500864	-7.731705499e-04
15.505864	1.262715636e-03
15.510864	1.712690207e-03
15.515865	1.727756791e-04
15.520865	-9.371628130e-04
15.525865	-2.924052431e-03
15.530866	4.407596890e-04
15.535866	2.705633111e-03
15.540866	1.549697181e-03
15.545866	-2.045102827e-03
15.550867	-1.142107930e-04
15.555867	1.654690269e-03
15.560867	-1.595128967e-03
15.565867	4.407572148e-04
15.570868	2.036667916e-03
15.575868	7.810252244e-07
15.580868	-3.811980420e-04
15.585869	1.223712157e-03
15.590869	-2.705069241e-03
15.595869	-2.322090942e-03
15.600869	1.874674807e-03
15.605870	2.705628139e-03
15.610870	5.077502729e-04
15.615870	-3.258040210e-03
15.620871	-2.862061953e-04
15.625871	9.367252891e-04
15.630871	1.281705703e-03
15.635871	2.266650450e-03
15.640872	-5.722039569e-05
15.645872	-3.259042312e-03
15.650872	-7.251838902e-04
15.655872	3.260593613e-03
15.660873	1.548688659e-03
15.665873	-3.812041459e-04
15.670873	2.787587106e-04
15.675874	-1.712165741e-04
15.680874	1.157670685e-04
15.685874	-1.042210346e-04
15.690874	-1.386149954e-03
15.695875	5.547415119e-04
15.700875	-8.781789931e-04
15.705875	-2.876068012e-03
15.710876	-1.712191238e-04
15.715876	2.323641467e-03
15.720876	1.727609736e-04
15.725876	-2.192175471e-04
15.730877	8.797208400e-04
15.735877	1.769670874e-03
15.740877	1.444688618e-03
15.745878	-8.891816782e-04
15.750878	1.214700700e-03
15.755878	1.052709359e-03
15.760878	-1.328158319e-03
15.765879	-3.242146404e-04
15.770879	1.109705075e-03
15.775879	-1.328159428e-03
15.780879	-2.045119841e-03
15.785880	1.712670359e-03
15.790880	1.100704093e-03
15.795880	-1.109173117e-03
15.800881	-3.260053616e-03
15.805881	8.327179129e-04
15.810881	1.387686611e-03
15.815881	4.507384557e-04
15.820882	1.156698738e-03
15.825882	-7.271966428e-04
15.830882	1.826660651e-03
15.835883	3.937401364e-04
15.840883	-1.612293089e-04
15.845883	1.491678196e-03
15.850883	-2.102121890e-03
15.855884	-2.102122266e-03
15.860884	4.977324626e-04
15.865884	-1.710144865e-03
15.870884	-1.042347423e-04
15.875885	7.177190711e-04
15.880885	1.654666475e-03
15.885885	1.711662921e-03
15.890886	-1.329167986e-03
15.895886	-1.653150309e-03
15.900886	1.167692101e-03
15.905886	2.763602778e-03
15.910887	-1.443163151e-03
15.915887	-1.663151271e-03
15.920887	8.907060169e-04
15.925888	-4.392202446e-04
15.930888	-2.762091168e-03
15.935888	1.387677175e-03
15.940888	-2.772304179e-04
15.945889	-2.102129095e-03
15.950889	2.046639303e-03
15.955889	1.057470894e-04
15.960889	-9.351952804e-04
15.965890	-7.642051939e-04
15.970890	-1.109186352e-03
15.975890	8.227055954e-04
15.980891	2.869591133e-03
15.985891	-6.012158170e-04
15.990891	-8.792007100e-04
15.995891	2.763595883e-03
16.000892	3.347308625e-04
16.005892	-1.606161354e-03
16.010892	-6.102172475e-04
16.015893	7.483145739e-07
16.020893	-1.605162573e-03
16.025893	9.386952648e-04
16.030893	2.437611339e-03
16.035894	2.297339991e-04
16.040894	-6.112195222e-04
16.045894	-8.312076514e-04
16.050894	-1.652162288e-03
16.055895	1.329671138e-03
16.060895	2.591600417e-03
16.065895	1.057385684e-04
16.070896	-4.972282185e-04
16.075896	-1.328182299e-03
16.080896	8.326968781e-04
16.085896	1.721646943e-03
16.090897	-1.987146752e-03
16.095897	-1.222189777e-03
16.100897	1.051683101e-03
16.105898	-1.596169722e-03
16.110898	-6.582223903e-04
16.115898	-1.385182270e-03
16.120898	1.042682025e-03
16.125899	1.826637938e-03
16.130899	-2.772452036e-04
16.135899	1.157674429e-03
16.140900	1.282667067e-03
16.145900	-1.491178738e-03
16.150900	-1.721166317e-03
16.155900	6.697000375e-04
16.160901	-9.352109154e-04
16.165901	-4.962357785e-04
16.170901	2.658587998e-03
16.175901	1.492652579e-03
16.180902	-2.992097876e-03
16.185902	1.873630548e-03
16.190902	1.989623683e-03
16.195903	-2.192536117e-04
16.200903	1.825632022e-03
16.205903	-1.155202251e-03
16.210903	7.329250928e-07
16.215904	-2.427132167e-03
16.220904	-3.153092110e-03
16.225904	1.057258675e-04
16.230905	1.778632230e-03
16.235905	2.208607864e-03
16.240905	1.434650595e-03
16.245905	-8.792208524e-04
16.250906	-1.490187206e-03
16.255906	-3.912488566e-04
16.260906	2.207166325e-04
16.265906	1.941620318e-03
16.270907	-2.045157896e-03
16.275907	-1.327198316e-03
16.280907	1.328653262e-03
16.285908	3.347082502e-04
16.290908	-1.712639579e-04
16.295908	-1.777174864e-03
16.300908	-5.532434842e-04
16.305909	-5.442443937e-04
16.310909	2.275598042e-03
16.315909	1.637153333e-04
16.320910	-2.160155562e-03
16.325910	3.097551006e-03
16.330910	8.906735904e-04
16.335910	-4.392527001e-04
16.340911	-9.462248559e-04
16.345911	-7.252375826e-04
16.350911	4.496965248e-04
16.355911	-4.727618927e-05
16.360912	-1.712696906e-04
16.365912	-1.166214652e-03
16.370912	1.712624492e-03
16.375913	-5.432501967e-04
16.380913	-5.442505541e-04
16.385913	1.213651061e-03
16.390913	-9.462289783e-04
16.395914	2.207055719e-04
16.400914	6.706800795e-04
16.405914	2.314588046e-03
16.410915	5.546857140e-04
16.415915	-2.485145286e-03
16.420915	-1.777185157e-03
16.425915	1.444634868e-03
16.430916	4.496899015e-04
16.435916	-1.768186909e-03
16.440916	2.763560111e-03
16.445917	1.989602827e-03
16.450917	-2.485148204e-03
16.455917	-2.265160882e-03
16.460917	9.376601995e-04
16.465918	8.326656321e-04
16.470918	1.166646599e-03
16.475918	-8.882392973e-04
16.480918	-1.996177970e-03
16.485919	7.103194934e-07
16.490919	-1.052841939e-04
16.495919	1.444629005e-03
16.500920	7.186690433e-04
16.505920	-1.883186372e-03
16.510920	-2.103174533e-03
16.515920	1.712612383e-03
16.520921	1.884602375e-03
16.525921	-2.192807945e-04
16.530921	-1.930185866e-03
16.535922	1.156641675e-03
16.540922	1.539619907e-03
16.545922	-1.988183905e-03
16.550922	-1.622860911e-04
16.555923	-6.102615495e-04
16.560923	-2.192837649e-04
16.565923	1.051644978e-03
16.570923	1.100641821e-03
16.575924	4.986749437e-04
16.580924	2.296895081e-04
16.585924	6.116677926e-04
16.590925	8.796524299e-04
16.595925	4.406764672e-04
16.600925	-1.432219581e-03
16.605925	-4.392753477e-04
16.610926	-1.883195304e-03
16.615926	-2.981134542e-03
16.620926	1.271628013e-03
16.625927	1.825596709e-03
16.630927	1.769599400e-03
16.635927	-6.682651630e-04
16.640927	-1.987192087e-03
16.645928	8.326503262e-04
16.650928	6.126621552e-04
16.655928	-3.342855012e-04
16.660928	-1.605215102e-03
16.665929	2.495555921e-03
16.670929	2.543552814e-03
16.675929	-1.050247329e-03
16.680930	6.596569407e-04
16.685930	-1.490223676e-03
16.690930	-9.932518071e-04
16.695930	1.873587984e-03
16.700931	-1.099246769e-03
16.705931	-1.155244083e-03
16.710931	1.056852074e-04
16.715932	-1.328235313e-03
16.720932	-1.709214516e-03
16.725932	2.776743140e-04
16.730932	1.548603046e-03
16.735933	7.176489197e-04
16.740933	-6.112774539e-04
16.745933	-1.165247018e-03
16.750934	-7.732693015e-04
16.755934	2.380554491e-03
16.760934	2.486548145e-03
16.765934	-9.932583570e-04
16.770935	-7.642715582e-04
16.775935	-6.592778494e-04
16.780935	2.686699942e-04
16.785935	6.606477082e-04
16.790936	-1.433236036e-03
16.795936	8.326372413e-04
16.800936	1.491600075e-03
16.805937	-1.988206430e-03
16.810937	-1.873213281e-03
16.815937	8.796328550e-04
16.820937	1.597592399e-03
16.825938	9.956255050e-04
16.830938	-7.172794745e-04
16.835938	-1.930212319e-03
16.840939	-1.155255953e-03
16.845939	-8.312744530e-04
16.850939	6.606419549e-04
16.855939	1.549591967e-03
16.860940	1.721581937e-03
16.865940	-1.385245359e-03
16.870940	-1.443242573e-03
16.875940	5.546456348e-04
16.880941	4.976483649e-04
16.885941	-1.050265814e-03
16.890941	1.146688152e-04
16.895942	2.323545263e-03
16.900942	-1.050267156e-03
16.905942	-9.362739569e-04
16.910942	1.056675251e-04
16.915943	-1.930219459e-03
16.920943	1.387595183e-03
16.925943	2.323542571e-03
16.930944	-4.149097145e-03
16.935944	-8.882793271e-04
16.940944	1.769572095e-03
16.945944	-1.930222158e-03
16.950945	-1.156265744e-03
16.955945	7.166294248e-04
16.960945	7.186288617e-04
16.965945	-1.662238900e-03
16.970946	-2.773165364e-04
16.975946	8.896179754e-04
16.980946	1.272596178e-03
16.985947	1.056607608e-04
16.990947	-2.705183039e-03
16.995947	3.356470358e-04
17.000947	9.946098563e-04
17.005948	-3.813139152e-04
17.010948	1.052605715e-03
17.015948	-2.160215683e-03
17.020949	-7.162966113e-04
17.025949	1.491579884e-03
17.030949	-2.763220438e-04
17.035949	8.326156965e-04
17.040950	-2.819181238e-03
17.045950	-7.162988931e-04
17.050950	1.768562163e-03
17.055951	-2.207216716e-03
17.060951	7.176198187e-04
17.065951	-2.763252450e-04
17.070951	-5.533102666e-04
17.075952	-5.733836708e-05
17.080952	-8.782930728e-04
17.085952	5.556265524e-04
17.090952	-2.934179413e-03
17.095953	-4.493183600e-04
17.100953	1.548569833e-03
17.105953	3.356369715e-04
17.110954	-7.733016862e-04
17.115954	-2.924182275e-03
17.120954	5.765107994e-05
17.125954	4.396293295e-04
17.130955	-2.427211358e-03
17.135955	6.528694737e-07
17.140955	-2.283348316e-04
17.145956	-8.872985695e-04
17.150956	2.296387177e-04
17.155956	-1.653256809e-03
17.160956	-1.443268976e-03
17.165957	6.500870209e-07
17.170957	1.156432134e-04
17.175957	-2.600205892e-03
17.180957	-2.159230934e-03
17.185958	1.110586367e-03
17.190958	-2.150232367e-03
17.195958	-1.940244537e-03
17.200959	8.795978410e-04
17.205959	-6.013200915e-04
17.210959	-2.312225207e-03
17.215959	-1.491271428e-03
17.220960	-1.713454578e-04
17.225960	-2.101238369e-03
17.230960	-1.873251544e-03
17.235961	1.051584980e-03
17.240961	-2.436221107e-03
17.245961	-2.102240189e-03
17.250961	5.763896629e-05
17.255962	-1.376281588e-03
17.260962	-1.143523888e-04
17.265962	3.836193875e-04
17.270962	-7.163197817e-04
17.275963	1.626307613e-04
17.280963	2.428504008e-03
17.285963	5.763566932e-05
17.290964	-3.306177331e-03
17.295964	-1.815260895e-03
17.300964	1.874532992e-03
17.305964	-1.713534594e-04
17.310965	-5.248070997e-03
17.315965	-3.243458801e-04
17.320965	2.486496992e-03
17.325966	-2.160244510e-03
17.330966	-2.193531547e-04
17.335966	-7.153259881e-04
17.340966	-1.328292302e-03
17.345967	-3.913449951e-04
17.350967	-1.930259704e-03
17.355967	7.745890730e-04
17.360968	1.157567252e-03
17.365968	5.762807736e-05
17.370968	1.051572206e-03
17.375968	-1.653277525e-03
17.380969	-1.613611501e-04
17.385969	1.377552605e-03
17.390969	-1.270300303e-03
17.395969	8.795794012e-04
17.400970	-8.323256697e-04
17.405970	-8.783235853e-04
17.410970	1.607537393e-03
17.415971	6.264696693e-07
17.420971	-1.883269017e-03
17.425971	2.206132489e-04
17.430971	4.975973313e-04
17.435972	-1.547289184e-03
17.440972	3.936021648e-04
17.445972	1.548537316e-03
17.450973	2.206108425e-04
17.455973	6.226207126e-07
17.460973	-1.224309594e-03
17.465973	-2.590233951e-03
17.470974	3.595420827e-03
17.475974	2.706469887e-03
17.480974	-3.756170421e-03
17.485974	-1.051321652e-03
17.490975	2.208496188e-03
17.495975	8.325723862e-04
17.500975	5.861503561e-05
17.505976	-1.223314005e-03
17.510976	1.146109442e-04
17.515976	1.052558185e-03
17.520976	-8.783346887e-04
17.525977	-1.270313329e-03
17.530977	1.596526409e-03
17.535977	1.051556295e-03
17.540978	-1.595296678e-03
17.545978	6.595771658e-04
17.550978	7.075740030e-04
17.555978	-4.638446545e-05
17.560979	-1.710292221e-03
17.565979	-5.543571322e-04
17.570979	1.769512865e-03
17.575979	-1.328314976e-03
17.580980	2.295977086e-04
17.585980	-5.533591454e-04
17.590980	-1.385313269e-03
17.595981	3.345903867e-04
17.600981	1.052549883e-03
17.605981	1.654515843e-03
17.610981	4.395830623e-04
17.615982	1.386529795e-03
17.620982	-1.613844281e-04
17.625982	-3.333753349e-04
17.630983	-7.263539258e-04
17.635983	-5.543640039e-04
17.640983	8.895550305e-04
17.645983	-2.663810402e-04
17.650984	3.925817409e-04
17.655984	2.675882131e-04
17.660984	1.549516274e-03
17.665985	6.695648214e-04
17.670985	-3.333797772e-04
17.675985	-1.107337138e-03
17.680985	-3.260217649e-03
17.685986	1.145937703e-04
17.690986	1.549513303e-03
17.695986	1.052540504e-03
17.700986	-1.385324125e-03
17.705987	-7.263613470e-04
17.710987	-4.963746617e-04
17.715987	-1.155338434e-03
17.720988	2.982430462e-03
17.725988	2.205838879e-04
17.730988	-2.264278124e-03
17.735988	-1.099343547e-03
17.740989	4.975669556e-04
17.745989	2.869434268e-03
17.750989	-9.363541275e-04
17.755990	-1.873302409e-03
17.760990	1.214525000e-03
17.765990	2.543450436e-03
17.770990	-2.763929087e-04
17.775991	-2.160288416e-03
17.780991	1.725810673e-04
17.785991	-1.328335785e-03
17.790991	-1.166345315e-03
17.795992	2.877428816e-03
17.800992	8.805396043e-04
17.805992	-2.484273370e-03
17.810993	2.104470387e-03
17.815993	1.055812861e-04
17.820993	-7.173733522e-04
17.825993	-5.443834969e-04
17.830994	-2.322284915e-03
17.835994	9.375329049e-04
17.840994	2.103467421e-03
17.845995	-7.743726962e-04
17.850995	-9.923610522e-04
17.855995	6.135489419e-04
17.860995	9.935272594e-04
17.865996	3.040412676e-03
17.870996	-7.733752794e-04
17.875996	-2.322289462e-03
17.880996	-6.013858777e-04
17.885997	-3.913980877e-04
17.890997	8.795305737e-04
17.895997	-3.813996596e-04
17.900998	3.255604323e-04
17.905998	-4.973942108e-04
17.910998	2.875615338e-04
17.915998	6.125429133e-04
17.920999	-1.662330812e-03
17.925999	-5.642082196e-05
17.930999	2.103458294e-03
17.936000	4.975472852e-04
17.941000	6.025409237e-04
17.946000	-1.714164523e-04
17.951000	-1.433346633e-03
17.956001	-1.548340735e-03
17.961001	-1.327353562e-03
17.966001	2.218448312e-03
17.971002	-5.742536049e-05
17.976002	-8.313827381e-04
17.981002	1.224502171e-03
17.986002	1.055640194e-04
17.991003	-2.294178241e-04
17.996003	3.925469996e-04
18.001003	5.856509982e-05
18.006003	-1.614231533e-04
18.011004	-9.363804771e-04
18.016004	-5.534023353e-04
18.021004	1.214498622e-03
18.026005	5.756258547e-05
18.031005	-6.014012040e-04
18.036005	2.428429422e-03
18.041005	8.225184075e-04
18.046006	-3.202257799e-03
18.051006	-2.265310533e-03
18.056006	1.654470493e-03
18.061007	-3.344191782e-04
18.066007	-8.783893784e-04
18.071007	8.905115201e-04
18.076007	-3.914175526e-04
18.081008	1.625510560e-04
18.086008	2.380426931e-03
18.091008	1.735494072e-04
18.096008	-4.205207074e-03
18.101009	-1.051383362e-03
18.106009	3.929338534e-03
18.111009	2.485418487e-03
18.116010	-2.380310855e-03
18.121010	-1.432364206e-03
18.126010	3.935335130e-04
18.131010	8.215091408e-04
18.136011	1.376477691e-03
18.141011	5.538530878e-07
18.146011	5.755015556e-05
18.151012	-1.098385943e-03
18.156012	-7.154078087e-04
18.161012	5.555208380e-04
18.166012	1.625422175e-04
18.171013	2.205384629e-04
18.176013	8.895006577e-04
18.181013	-2.265324040e-03
18.186013	5.491547989e-07
18.191014	2.543406913e-03
18.196014	-9.933964976e-04
18.201014	-4.964247187e-04
18.206015	-1.714433548e-04
18.211015	-1.214385754e-03
18.216015	1.155396020e-04
18.221015	3.145370218e-03
18.226016	-3.824336951e-04
18.231016	-1.385378324e-03
18.236016	-5.645291389e-05
18.241017	-1.040398603e-03
18.246017	1.156478435e-03
18.251017	1.768443802e-03
18.256017	-1.044523443e-04
18.261018	-2.103341469e-03
18.266018	-8.884097071e-04
18.271018	1.645310829e-04
18.276019	-1.044544538e-04
18.281019	2.322409764e-03
18.286019	1.042480569e-03
18.291019	-5.645871366e-05
18.296020	5.375809928e-07
18.301020	-1.261392618e-03
18.306020	1.155301138e-04
18.311020	-7.834203155e-04
18.316021	-9.464117615e-04
18.321021	-2.184528622e-04
18.326021	2.323404944e-03
18.331022	-1.054602205e-04
18.336022	-2.427331349e-03
18.341022	-2.764517528e-04
18.346022	1.988421490e-03
18.351023	3.537334634e-03
18.356023	-3.536271671e-03
18.361023	-1.548382993e-03
18.366024	1.989419306e-03
18.371024	-2.764549448e-04
18.376024	2.103411887e-03
18.381024	2.428393242e-03
18.386025	-2.264345755e-03
18.391025	-3.363285043e-03
18.396025	6.114929010e-04
18.401025	5.264172661e-07
18.406026	-9.454213976e-04
18.411026	7.744822140e-04
18.416026	-4.747251167e-05
18.421027	7.164843763e-04
18.426027	7.654811102e-04
18.431027	-1.767378264e-03
18.436027	6.114886209e-04
18.441028	4.974944378e-04
18.446028	9.384693250e-04
18.451028	-1.605389437e-03
18.456029	-2.925316412e-03
18.461029	2.323390530e-03
18.466029	1.769420866e-03
18.471029	-1.987370298e-03
18.476030	-2.774661322e-04
18.481030	3.039348477e-03
18.486030	1.607427742e-03
18.491030	-1.327409232e-03
18.496031	-1.988372934e-03
18.501031	2.775002451e-04
18.506031	4.404906219e-04
18.511032	-5.534545232e-04
18.516032	-5.748270457e-05
18.521032	-6.014529281e-04
18.526032	-9.354348550e-04
18.531033	2.427377188e-03
18.536033	-1.328414035e-03
18.541033	-3.914667941e-04
18.546034	1.099449573e-03
18.551034	5.102772681e-07
18.556034	2.495370692e-03
18.561034	1.387431897e-03
18.566035	-3.914695032e-04
18.571035	5.750493199e-05
18.576035	-1.144860254e-04
18.581036	-1.940384807e-03
18.586036	-1.757395549e-03
18.591036	7.274654210e-04
18.596036	1.099444146e-03
18.601037	-6.114610457e-04
18.606037	-4.394711753e-04
18.611037	-9.354440783e-04
18.616037	2.935339650e-03
18.621038	6.114686194e-04
18.626038	-3.153322106e-03
18.631038	3.824802907e-04
18.636039	6.114669830e-04
18.641039	-7.154596106e-04
18.646039	7.074605410e-04
18.651039	1.377422656e-03
18.656040	-7.064617513e-04
18.661040	7.744551672e-04
18.666040	-5.534713719e-04
18.671041	-3.097330145e-03
18.676041	1.874392223e-03
18.681041	1.663403434e-03
18.686041	-1.606414880e-03
18.691042	2.784795225e-04
18.696042	5.849123435e-05
18.701042	-4.494810041e-04
18.706042	6.114593185e-04
18.711043	-3.814858919e-04
18.716043	-1.135013768e-04
18.721043	3.317306868e-03
18.726044	-1.261438500e-03
18.731044	-3.259327703e-03
18.736044	1.701395275e-03
18.741044	1.989378674e-03
18.746045	1.224420756e-03
18.751045	-1.768412998e-03
18.756045	-2.102394936e-03
18.761046	-6.584759604e-04
18.766046	7.744436282e-04
18.771046	1.931378598e-03
18.776046	8.324392916e-04
18.781047	-9.944594442e-04
18.786047	-2.876355115e-03
18.791047	-3.814947117e-04
18.796047	1.624744185e-04
18.801048	-1.385439867e-03
18.806048	2.993315543e-03
18.811048	1.883376848e-03
18.816049	-6.684814859e-04
18.821049	2.371348544e-03
18.826049	5.199190388e-03
18.831049	1.606390067e-03
18.836050	-8.304746767e-04
18.841050	2.925315450e-03
18.846050	4.311237654e-03
18.851051	4.589221606e-03
18.856051	3.155300965e-03
18.861051	4.762339000e-07
18.866051	1.653383558e-03
18.871052	2.763321142e-03
18.876052	1.712379156e-03
18.881052	4.368230583e-03
18.886052	2.992306709e-03
18.891053	-1.213459453e-03
18.896053	-1.108465862e-03
18.901053	9.944163816e-04
18.906054	6.124371118e-04
18.911054	-1.442448924e-03
18.916054	-9.934745046e-04
18.921054	-2.675155228e-04
18.926055	4.081241553e-03
18.931055	5.133182367e-03
18.936055	3.354491946e-04
18.941056	-4.653007673e-05
18.946056	2.820309588e-03
18.951056	3.423275424e-03
18.956056	-1.145279679e-04
18.961057	-1.109473078e-03
18.966057	1.769365917e-03
18.971057	2.304511228e-04
18.976058	3.924415334e-04
18.981058	3.365275290e-03
18.986058	-1.615287162e-04
18.991058	-3.255201386e-04
18.996059	3.824398430e-04
19.001059	8.234147041e-04
19.006059	2.774445694e-04
19.011059	-2.765251197e-04
19.016060	5.544280065e-04
19.021060	-9.364894650e-04
19.026060	-3.335236331e-04
19.031061	1.940349075e-03
19.036061	3.834352814e-04
19.041061	-1.499460345e-03
19.046061	2.543313778e-03
19.051062	3.344363188e-04
19.056062	-2.591401183e-03
19.061062	2.103336604e-03
19.066063	6.034196325e-04
19.071063	-2.322417870e-03
19.076063	1.051393535e-03
19.081063	3.700245343e-03
19.086064	8.804019322e-04
19.091064	-1.606460036e-03
19.096064	-6.025165548e-04
19.101064	-1.615416981e-04
19.106065	4.974210095e-04
19.111065	-5.445214882e-04
19.116065	-8.305061171e-04
19.121066	1.377370266e-03
19.126066	6.124123304e-04
19.131066	-4.965264343e-04
19.136066	1.768346771e-03
19.141067	-6.685179857e-04
19.146067	-8.885062941e-04
19.151067	1.501359945e-03
19.156068	-2.185447706e-04
19.161068	4.424553942e-07
19.166068	-1.539472292e-03
19.171068	-2.494419640e-03
19.176069	-3.335406405e-04
19.181069	2.274313448e-03
19.186069	2.428304296e-03
19.191069	2.684240994e-04
19.196070	-9.945060858e-04
19.201070	8.893883498e-04
19.206070	2.151317449e-03
19.211071	-1.045573984e-04
19.216071	-9.935084270e-04
19.221071	-2.865483993e-04
19.226071	7.273945195e-04
19.231072	-1.050506967e-03
19.236072	-1.270495279e-03
19.241072	3.327247907e-03
19.246073	-1.768468672e-03
19.251073	-1.386490533e-03
19.256073	3.757222224e-03
19.261073	-2.761415053e-03
19.266074	-8.885200068e-04
19.271074	2.208306827e-03
19.276074	-6.015371492e-04
19.281075	-5.535403985e-04
19.286075	6.023946042e-04
19.291075	-1.539486599e-03
19.296075	1.154205945e-04
19.301076	1.759328401e-03
19.306076	-8.885246043e-04
19.311076	1.663332600e-03
19.316076	2.194124967e-04
19.321077	-1.212508275e-03
19.326077	3.040254133e-03
19.331077	9.943675781e-04
19.336078	-5.435472874e-04
19.341078	-1.145717719e-04
19.346078	-1.443498285e-03
19.351078	1.634115812e-04
19.356079	1.883315150e-03
19.361079	-8.215346808e-04
19.366079	-3.335624543e-04
19.371080	9.363661919e-04
19.376080	-2.647434654e-03
19.381080	5.741402100e-05
19.386080	1.768318090e-03
19.391081	3.363973152e-04
19.396081	4.973877638e-04
19.401081	-1.214517407e-03
19.406081	-1.270514866e-03
19.411082	-2.159465903e-03
19.416082	-1.490503765e-03
19.421082	1.491329471e-03
19.426083	2.203997225e-04
19.431083	2.203991421e-04
19.436083	-2.775736855e-04
19.441083	-1.385512519e-03
19.446084	-5.545594103e-04
19.451084	3.923872332e-04
19.456084	1.712313090e-03
19.461085	5.543770421e-04
19.466085	-6.015591170e-04
19.471085	8.323603858e-04
19.476085	8.793571843e-04
19.481086	-1.662501735e-03
19.486086	-3.815737064e-04
19.491086	1.720308569e-03
19.496086	-1.768497576e-03
19.501087	-1.050538172e-03
19.506087	2.313273772e-03
19.511087	-1.548511586e-03
19.516088	-3.363411022e-03
19.521088	2.208277872e-03
19.526088	3.040230922e-03
19.531088	-9.355480841e-04
19.536089	-2.218477168e-03
19.541089	9.363464222e-04
19.546089	2.276271161e-03
19.551090	2.203851542e-04
19.556090	-7.265626557e-04
19.561090	8.323498775e-04
19.566090	4.973679611e-04
19.571091	-1.662512250e-03
19.576091	1.607304930e-03
19.581091	1.271323069e-03
19.586092	-1.606517130e-03
19.591092	2.773772906e-04
19.596092	1.224323929e-03
19.601092	-2.044494481e-03
19.606093	-9.935536387e-04
19.611093	2.102273237e-03
19.616093	2.203775316e-04
19.621093	-2.044496830e-03
19.626094	1.623795883e-04
19.631094	2.935224464e-03
19.636094	8.323410737e-04
19.641095	-1.281541704e-03
19.646095	-1.825511976e-03
19.651095	-1.616052976e-04
19.656095	1.051326514e-03
19.661096	-1.270544672e-03
19.666096	-1.986505360e-03
19.671096	1.223315161e-03
19.676097	-2.296044547e-04
19.681097	1.053762862e-04
19.686097	1.501297899e-03
19.691097	6.603441764e-04
19.696098	3.343617536e-04
19.701098	-1.098558977e-03
19.706098	-7.835771229e-04
19.711098	1.874274159e-03
19.716099	2.658229876e-03
19.721099	-1.768524003e-03
19.726099	4.403522999e-04
19.731100	2.877215897e-03
19.736100	8.313293263e-04
19.741100	3.750450216e-07
19.746100	-3.336069337e-04
19.751101	3.145198593e-03
19.756101	1.721277358e-03
19.761101	-2.096156219e-04
19.766102	1.213304483e-03
19.771102	-1.146221022e-04
19.776102	9.383186219e-04
19.781102	-1.327555690e-03
19.786103	-3.757420862e-03
19.791103	-9.945754351e-04
19.796103	2.209245415e-03
19.801103	-9.935766790e-04
19.806104	-6.595958868e-04
19.811104	5.553358080e-04
19.816104	-1.328559793e-03
19.821105	1.329291484e-03
19.826105	-5.663187057e-05
19.831105	-4.496105643e-04
19.836105	3.637622337e-07
19.841106	1.633540828e-04
19.846106	4.493375486e-04
19.851106	-9.945825748e-04
19.856107	-6.116045150e-04
19.861107	2.303479649e-04
19.866107	2.658212059e-03
19.871107	1.519951251e-02
19.876108	1.707340748e-02
19.881108	5.687041465e-03
19.886108	1.051299227e-03
19.891109	1.215289491e-03
19.896109	1.214288949e-03
19.901109	3.489161568e-03
19.906109	1.214287753e-03
19.911110	1.596265867e-03
19.916110	3.317169359e-03
19.921110	2.783381212e-04
19.926110	9.952975651e-04
19.931111	1.108290669e-03
19.936111	8.313055071e-04
19.941111	1.434271304e-03
19.946112	1.434270704e-03
19.951112	2.783345277e-04
19.956112	1.663256744e-03
19.961112	1.051290250e-03
19.966113	1.063423141e-04
19.971113	9.942922268e-04
19.976113	-4.765030384e-05
19.981114	4.983186678e-04
19.986114	1.491262728e-03
19.991114	1.663252542e-03
19.996114	-2.286426192e-04
20.001115	-2.217532375e-03
20.006115	1.281272028e-03
20.011115	3.343242019e-04
20.016115	1.654250038e-03
20.021116	4.427094900e-03
20.026116	9.942856158e-04
20.031116	1.099279162e-03
20.036117	-4.966324964e-04
20.041117	-2.762506817e-03
20.046117	-1.046555470e-04
20.051117	3.353193297e-04
20.056118	3.253192842e-04
20.061118	1.053309416e-04
20.066118	-1.376587071e-03
20.071119	7.272950718e-04
20.076119	2.313206082e-03
20.081119	-1.329591501e-03
20.086119	-7.166262664e-04
20.091120	1.769234588e-03
20.096120	3.923107223e-04
20.101120	-8.886184932e-04
20.106120	1.654239184e-03
20.111121	-7.016278195e-03
20.116121	-3.321781853e-02
20.121121	-2.779612130e-02
20.126122	-3.039501644e-03
20.131122	-8.896220662e-04
20.136122	-1.861963454e-02
20.141122	-3.730759363e-02
20.146123	-1.487384451e-02
20.151123	2.437190101e-03
20.156123	-1.433594778e-03
20.161124	-6.853293333e-03
20.166124	-9.338155453e-03
20.171124	-2.183245973e-02
20.176124	-2.851508790e-02
20.181125	-5.974344745e-03
20.186125	3.216678304e-07
20.191125	-3.536481826e-03
20.196126	-2.067552724e-02
20.201126	-3.503372763e-02
20.206126	-8.287218880e-03
20.211126	-2.159560994e-03
20.216127	-3.504372890e-02
20.221127	-3.199389948e-02
20.226127	-3.150492734e-02
20.231127	-4.692506855e-02
20.236128	-4.780502012e-02
20.241128	-4.637010070e-02
20.246128	-4.857797826e-02
20.251129	-5.516461178e-02
20.256129	-5.284274179e-02
20.261129	-4.979291238e-02
20.266129	-4.587313144e-02
20.271130	-4.382824602e-02
20.276130	-4.647609906e-02
20.281130	-4.581513650e-02
20.286131	-2.531127984e-02
20.291131	-9.673151990e-03
20.296131	-3.001501891e-02
20.301131	-2.564726294e-02
20.306132	-1.146865341e-04
20.311132	2.387897564e-02
20.316132	2.647883013e-02
20.321132	2.877144893e-03
20.326133	7.742873105e-03
20.331133	3.525433922e-02
20.336133	2.597185594e-02
20.341134	6.748926665e-03
20.346134	3.000662985e-02
20.351134	3.061759519e-02
20.356134	1.145266268e-02
20.361135	2.874469835e-02
20.366135	3.238549483e-02
20.371135	9.386775980e-03
20.376136	1.768431293e-02
20.381136	3.388740928e-02
20.386136	1.625039162e-02
20.391136	4.311056409e-03
20.396137	6.959908170e-03
20.401137	1.100234128e-03
20.406137	8.459823350e-03
20.411137	2.713778178e-02
20.416138	2.082913276e-02
20.421138	5.143006362e-03
20.426138	1.835190099e-03
20.431139	2.103174550e-03
20.436139	2.592146684e-03
20.441139	2.210105880e-02
20.446139	3.377140777e-02
20.451140	1.127966067e-02
20.456140	1.931181063e-03
20.461140	2.094412082e-02
20.466141	3.770118630e-02
20.471141	1.740731670e-02
20.476141	3.161252440e-02
20.481141	3.106755416e-02
20.486142	1.801828080e-02
20.491142	3.808316193e-02
20.496142	1.718732588e-02
20.501143	2.646880799e-02
20.506143	3.592328046e-02
20.511143	2.172807097e-02
20.516143	3.603827282e-02
20.521144	2.265501808e-02
20.526144	7.733849047e-03
20.531144	2.968162524e-02
20.536144	3.206049204e-02
20.541145	9.453751342e-03
20.546145	-1.627133300e-04
20.551145	1.596338731e-02
20.556146	2.906965626e-02
20.561146	1.244658208e-02
20.566146	2.772596792e-04
20.571146	1.157210020e-03
20.576147	1.272202993e-03
20.581147	9.942178675e-04
20.586147	1.491189552e-03
20.591148	4.402475047e-04
20.596148	-5.772536081e-05
20.601148	-4.967015145e-04
20.606148	-8.306835198e-04
20.611149	1.710174254e-03
20.616149	1.491185840e-03
20.621149	1.282196868e-03
20.626149	-1.270661475e-03
20.631150	-2.238748521e-02
20.636150	-2.895411986e-02
20.641150	-6.356379897e-03
20.646151	8.802161732e-04
20.651151	2.600119699e-03
20.656151	7.742208405e-04
20.661151	-1.570486137e-02
20.666152	-3.686968243e-02
20.671152	-1.917566917e-02
20.676152	1.999150091e-03
20.681153	-1.215906146e-02
20.686153	-3.681268809e-02
20.691153	-2.332244055e-02
20.696153	-6.747364931e-03
20.701154	-3.470880720e-02
20.706154	-2.845715624e-02
20.711154	-4.808474854e-03
20.716154	-6.968355101e-03
20.721155	-2.404040426e-02
20.726155	-3.199396162e-02
20.731155	-1.005618488e-02
20.736156	-1.137396101e-04
20.741156	-3.985524450e-03
20.746156	1.548166524e-03
20.751156	2.365893362e-02
20.756157	2.646877640e-02
20.761157	7.962807155e-03
20.766157	3.986028166e-03
20.771158	2.428114369e-03
20.776158	8.785759422e-03
20.781158	3.023556336e-02
20.786158	2.858165491e-02
20.791159	4.636988771e-03
20.796159	1.149060618e-02
20.801159	3.089452414e-02
20.806160	2.100107490e-02
20.811160	5.142958078e-03
20.816160	4.369000588e-03
20.821160	5.542125700e-04
20.826161	2.447987852e-02
20.831161	3.476630461e-02
20.836161	9.071735998e-03
20.841161	1.712145538e-03
20.846162	8.231944569e-04
20.851162	1.978713693e-02
20.856162	3.311239366e-02
20.861163	1.464442230e-02
20.866163	3.757028448e-03
20.871163	8.019790251e-03
20.876163	3.244342845e-02
20.881164	2.597278844e-02
20.886164	2.428100011e-03
20.891164	2.453786716e-02
20.896165	3.388734547e-02
20.901165	1.171958030e-02
20.906165	2.867073042e-03
20.911165	5.802908796e-03
20.916166	2.592478674e-02
20.921166	2.686073395e-02
20.926166	7.628805156e-03
20.931166	1.989118841e-03
20.936167	1.874124623e-03
20.941167	-1.711676160e-03
20.946167	-8.797231533e-04
20.951168	4.980949592e-03
20.956168	6.111925008e-04
20.961168	-1.720678167e-03
20.966168	9.381730229e-04
20.971169	1.109162866e-03
20.976169	-6.691403020e-03
20.981169	-2.807421194e-02
20.986170	-2.691827699e-02
20.991170	-2.045663820e-03
20.996170	9.951660802e-04
21.001170	4.721828321e-05
21.006171	-8.797306842e-04
21.011171	-4.749515642e-03
21.016171	-8.068331306e-03
21.021171	-2.547536180e-02
21.026172	-2.791122668e-02
21.031172	-6.193437683e-03
21.036172	9.361643408e-04
21.041173	-1.213716471e-03
21.046173	1.272144358e-03
21.051173	-3.347667147e-04
21.056173	-5.132499956e-03
21.061174	-4.253549572e-03
21.066174	-5.037506509e-03
21.071174	-2.066563615e-02
21.076175	-2.868718972e-02
21.081175	-8.020342159e-03
21.086175	2.046096188e-03
21.091175	7.261691204e-04
21.096176	1.989098105e-03
21.101176	-5.084508299e-03
21.106176	-6.405435311e-03
21.111177	-2.657644814e-03
21.116177	-1.227310955e-02
21.121177	-2.995812456e-02
21.126177	-2.144059989e-02
21.131178	-6.587587379e-04
21.136178	6.021703571e-04
21.141178	-9.457440054e-04
21.146178	1.166137664e-03
21.151179	-5.447676148e-04
21.156179	-2.101681476e-03
21.161179	-1.108737446e-03
21.166180	-1.653707705e-03
21.171180	-4.636542097e-03
21.176180	-5.420499037e-03
21.181180	-1.662709098e-03
21.186181	5.551666630e-04
21.191181	9.371447427e-04
21.196181	-3.039634255e-03
21.201182	-1.047984518e-04
21.206182	3.699988868e-03
21.211182	1.825092727e-03
21.216182	4.979916270e-03
21.221183	3.261750000e-04
21.226183	-4.397829442e-04
21.231183	4.587936218e-03
21.236183	2.036077806e-03
21.241184	1.664097904e-03
21.246184	1.056360128e-02
21.251184	2.315189908e-02
21.256185	1.768420317e-02
21.261185	5.582876970e-03
21.266185	3.098014823e-03
21.271185	-2.427677852e-03
21.276186	-2.160693365e-03
21.281186	6.591488461e-04
21.286186	8.311386271e-04
21.291187	-5.419513645e-03
21.296187	-2.558839023e-02
21.301187	-2.082965607e-02
21.306187	-3.317632689e-03
21.311188	-2.494679188e-03
21.316188	-1.155754443e-03
21.321188	1.110118641e-03
21.326188	5.541489921e-04
21.331189	-2.762666789e-03
21.336189	-1.777722317e-03
21.341189	1.443097546e-03
21.346190	1.329103264e-03
21.351190	1.016161038e-02
21.356190	2.630670994e-02
21.361190	1.509433420e-02
21.366191	3.650971322e-03
21.371191	5.085890716e-03
21.376191	3.699967321e-03
21.381192	1.376096200e-03
21.386192	2.781567551e-04
21.391192	3.430980406e-03
21.396192	8.881214896e-04
21.401193	-3.338110452e-04
21.406193	1.434089790e-03
21.411193	-4.398064093e-04
21.416194	-2.485693024e-03
21.421194	-6.356477933e-03
21.426194	-1.990072372e-02
21.431194	-2.918320702e-02
21.436195	-1.292411381e-02
21.441195	4.971375568e-04
21.446195	9.951091675e-04
21.451195	2.201517211e-04
21.456196	2.201510846e-04
21.461196	-1.270766460e-03
21.466196	-1.386760632e-03
21.471197	1.141550821e-04
21.476197	8.801117570e-04
21.481197	2.486021620e-03
21.486197	-2.255714751e-03
21.491198	6.356804619e-03
21.496198	2.575172306e-02
21.501198	1.851612568e-02
21.506199	3.699950779e-03
21.511199	5.581845260e-03
21.516199	3.870939975e-03
21.521199	3.831337202e-04
21.526200	3.756945053e-03
21.531200	4.368910310e-03
21.536200	1.531516994e-07
21.541200	-5.548165565e-04
21.546201	1.052093249e-03
21.551201	8.321048719e-04
21.556201	-8.887998566e-04
21.561202	-1.988739193e-03
21.566202	5.541184505e-04
21.571202	1.435068715e-03
21.576202	-2.198396917e-04
21.581203	-4.978248373e-04
21.586203	-3.818319402e-04
21.591203	-1.148474583e-04
21.596204	1.653053374e-03
21.601204	3.489950362e-03
21.606204	1.110082358e-03
21.611204	2.045029613e-03
21.616205	1.359238542e-02
21.621205	1.818212898e-02
21.626205	8.507667520e-03
21.631205	1.711045671e-03
21.636206	-1.204792463e-03
21.641206	-1.271789368e-03
21.646206	3.039969690e-03
21.651207	3.097965818e-03
21.656207	-1.165797193e-03
21.661207	6.021036388e-04
21.666207	2.428001238e-03
21.671208	-1.758766064e-03
21.676208	-1.618557028e-04
21.681208	-6.413507925e-03
21.686209	-2.614440892e-02
21.691209	-1.608797003e-02
21.696209	-8.788183041e-04
21.701209	-1.271797043e-03
21.706210	-1.051809943e-03
21.711210	-1.048633582e-04
21.716210	9.950746999e-04
21.721210	-2.484732004e-03
21.726211	-2.198588698e-04
21.731211	-2.217748164e-03
21.736211	-1.548786087e-03
21.741212	5.812371659e-05
21.746212	-2.819716536e-03
21.751212	-5.085590895e-03
21.756212	-4.367631549e-03
21.761213	-5.467570887e-03
21.766213	-4.311635951e-03
21.771213	-1.265617153e-02
21.776214	-2.370655631e-02
21.781214	-9.511348083e-03
21.786214	1.272050295e-03
21.791214	1.052061915e-03
21.796215	-1.443799627e-03
21.801215	-9.948252902e-04
21.806215	3.350999492e-04
21.811216	-8.308357121e-04
21.816216	3.920954901e-04
21.821216	2.379984060e-03
21.826216	8.220702440e-04
21.831217	-1.940776418e-03
21.836217	5.811153796e-05
21.841217	-2.484747385e-03
21.846217	-3.154710688e-03
21.851218	1.721016936e-03
21.856218	5.710902717e-05
21.861218	-1.883783445e-03
21.866219	-3.248709680e-04
21.871219	-1.050831151e-03
21.876219	-7.628465208e-03
21.881219	-2.404055117e-02
21.886220	-2.332359177e-02
21.891220	-5.085608852e-03
21.896220	-8.318465654e-04
21.901221	-1.491810426e-03
21.906221	-1.709798920e-03
21.911221	-2.484756372e-03
21.916221	-1.548809177e-03
21.921222	1.711008505e-03
21.926222	2.656955143e-03
21.931222	2.542960853e-03
21.936222	9.664563309e-03
21.941223	2.149890311e-02
21.946223	1.448129358e-02
21.951223	4.090872014e-03
21.956224	2.877938971e-03
21.961224	2.542956997e-03
21.966224	3.871882291e-03
21.971224	2.599952535e-03
21.976225	1.261026513e-03
21.981225	-1.270833024e-03
21.986225	1.720859160e-04
21.991226	8.310485476e-04
21.996226	-9.358536225e-04
22.001226	-1.499822835e-03
22.006226	-5.538761973e-04
22.011227	5.060640868e-04
22.016227	1.376014959e-03
22.021227	2.867931168e-03
22.026227	1.224022143e-03
22.031228	-1.108848484e-03
22.036228	-1.605821430e-03
22.041228	-1.758813547e-03
22.046229	-1.385834978e-03
22.051229	-1.051854235e-03
22.056229	-1.083030991e-02
22.061229	-2.598046620e-02
22.066230	-1.812390471e-02
22.071230	-4.808647436e-03
22.076230	-1.386838784e-03
22.081231	8.327595509e-08
22.086231	1.052024005e-03
22.091231	-1.490834920e-03
22.096231	-3.813706106e-03
22.101232	1.882975763e-03
22.106232	5.540491824e-04
22.111232	-1.107858840e-03
22.116233	1.548992444e-03
22.121233	-8.318755095e-04
22.126233	-2.275795681e-03
22.131233	-6.028895598e-04
22.136234	2.829918479e-03
22.141234	4.970478498e-04
22.146234	-9.458723776e-04
22.151234	-1.719161562e-04
22.156235	2.265947332e-03
22.161235	2.045958948e-03
22.166235	6.110382748e-04
22.171236	8.010625236e-03
22.176236	8.068621359e-03
22.181236	1.328996328e-03
22.186236	1.270998916e-03
22.191237	1.547982834e-03
22.196237	-2.264805316e-03
22.201237	-3.258750566e-03
22.206238	6.110331180e-04
22.211238	1.767967995e-03
22.216238	-1.719245358e-04
22.221238	1.605975733e-03
22.226239	-1.376858672e-03
22.231239	-3.985713920e-03
22.236239	1.156998821e-03
22.241239	2.991895913e-03
22.246240	2.045947988e-03
22.251240	-2.769231986e-04
22.256240	3.928841760e-03
22.261241	1.392728388e-02
22.266241	1.005649896e-02
22.271241	5.362759910e-03
22.276241	4.530805631e-03
22.281242	-6.119084000e-04
22.286242	3.250387368e-04
22.291242	4.530803696e-03
22.296243	5.256762591e-03
22.301243	9.949994626e-04
22.306243	-1.385868492e-03
22.311243	-7.169064201e-04
22.316244	9.454526060e-03
22.321244	2.338074928e-02
22.326244	1.420526000e-02
22.331244	7.513632294e-03
22.336245	6.136708387e-03
22.341245	2.542908031e-03
22.346245	2.541907441e-03
22.351246	3.755839141e-03
22.356246	5.550168837e-04
22.361246	-1.212885233e-03
22.366246	1.815945318e-03
22.371247	1.327971868e-03
22.376247	-1.768856185e-03
22.381247	2.542902866e-03
22.386248	2.415669764e-02
22.391248	1.911897776e-02
22.396248	5.361743829e-03
22.401248	6.308690408e-03
22.406249	5.190752068e-03
22.411249	4.195806872e-03
22.416249	1.720944155e-03
22.421250	4.400148984e-04
22.426250	-9.469084514e-04
22.431250	-1.049560211e-04
22.436250	1.150310727e-04
22.441251	3.250187237e-04
22.446251	8.319898232e-04
22.451251	4.400110231e-04
22.456251	3.830135537e-04
22.461252	-4.796307314e-05
22.466252	5.540027321e-04
22.471252	-4.489420178e-04
22.476253	-2.160847256e-03
22.481253	3.340130544e-04
22.486253	-5.539381044e-04
22.491253	-4.090741637e-03
22.496254	-9.826422622e-03
22.501254	-2.503557563e-02
22.506254	-2.067581926e-02
22.511255	-3.976750575e-03
22.516255	-5.796962247e-05
22.521255	2.265900217e-03
22.526255	-6.019405982e-04
22.531256	-2.437838926e-03
22.536256	-2.982809200e-03
22.541256	-1.040918072e-03
22.546256	-6.689394491e-04
22.551257	-8.402509088e-03
22.556257	-1.033340212e-02
22.561257	-1.923290678e-02
22.566258	-2.272171299e-02
22.571258	-5.916650215e-03
22.576258	2.300065731e-04
22.581258	-1.433901340e-03
22.586259	-2.769664648e-04
22.591259	1.872913072e-03
22.596259	5.439864891e-04
22.601260	-9.369316226e-04
22.606260	-1.212916888e-03
22.611260	7.179748533e-04
22.616260	7.159743185e-04
22.621261	-3.040816954e-03
22.626261	2.275886089e-03
22.631261	-7.739445844e-04
22.636261	-3.766778434e-03
22.641262	-3.349703422e-04
22.646262	-2.102872460e-03
22.651262	-3.201811860e-03
22.656263	-1.900393182e-02
22.661263	-3.006231616e-02
22.666263	-1.343024375e-02
22.671263	-1.434912919e-03
22.676264	1.271935577e-03
22.681264	7.169658600e-04
22.686264	1.050946600e-03
22.691265	-1.213927820e-03
22.696265	-3.708789423e-03
22.701265	1.758905205e-03
22.706265	2.762848607e-03
22.711266	-1.098936815e-03
22.716266	-1.596909708e-03
22.721266	-1.108937550e-03
22.726267	0.000000000e+00
