expfull_T9_run02
4459	0
0.000000	0.000000000e+00
0.005000	4.489766800e-04
0.010001	1.873902137e-03
0.015001	-8.319556009e-04
0.020001	-4.799650257e-05
0.025001	8.899545135e-04
0.030002	-3.039838986e-03
0.035002	1.767908923e-03
0.040002	1.490923705e-03
0.045002	-1.825901966e-03
0.050003	-1.139915713e-04
0.055003	-2.189858161e-04
0.060003	-6.599624268e-04
0.065003	3.819831311e-04
0.070004	-1.873898224e-03
0.075004	-1.319927055e-03
0.080004	4.969778293e-04
0.085004	1.099946427e-03
0.090005	8.219612616e-04
0.095005	-1.099937623e-03
0.100005	7.179672089e-04
0.105006	1.491926832e-03
0.110006	-4.899204804e-05
0.115006	-1.988889988e-03
0.120006	-1.939892315e-03
0.125007	1.653919308e-03
0.130007	3.154840776e-03
0.135007	-1.328923648e-03
0.140007	-1.442917420e-03
0.145008	1.548925797e-03
0.150008	1.327937640e-03
0.155008	-1.619839168e-04
0.160008	-1.548910879e-03
0.165009	-2.769773923e-04
0.170009	4.979821783e-04
0.175009	1.620000569e-04
0.180009	3.919882305e-04
0.185010	-2.769764143e-04
0.190010	4.389862528e-04
0.195010	1.108951334e-03
0.200010	3.349921999e-04
0.205011	-2.199784279e-04
0.210011	-1.165928535e-03
0.215011	-1.149834496e-04
0.220012	3.919901862e-04
0.225012	5.700801230e-05
0.230012	2.769967106e-04
0.235012	-8.309448944e-04
0.240013	-4.499646458e-04
0.245013	-5.698502696e-05
0.250013	-2.149874937e-03
0.255013	-2.689734118e-04
0.260014	2.541879304e-03
0.265014	-1.222922855e-03
0.270014	-2.876835804e-03
0.275014	7.739728266e-04
0.280015	2.714871203e-03
0.285015	-7.169484334e-04
0.290015	1.418110662e-08
0.295015	2.542880963e-03
0.300016	-1.443909546e-03
0.305016	-2.370860650e-03
0.310016	-3.339673124e-04
0.315017	2.370890967e-03
0.320017	1.547934404e-03
0.325017	-9.939319410e-04
0.330017	-9.369346882e-04
0.335018	-4.969575361e-04
0.340018	-1.270916670e-03
0.345018	1.375944653e-03
0.350018	8.889704561e-04
0.355019	-1.490904391e-03
0.360019	1.271950844e-03
0.365019	1.720088188e-04
0.370019	6.589835041e-04
0.375020	8.219751937e-04
0.380020	-1.433906162e-03
0.385020	-3.239641731e-04
0.390020	-6.119488139e-04
0.395021	7.159817336e-04
0.400021	5.549904275e-04
0.405021	-1.825884368e-03
0.410022	-3.349623748e-04
0.415022	7.739796663e-04
0.420022	1.051965320e-03
0.425022	-1.212915563e-03
0.430023	-1.653892174e-03
0.435023	1.490943013e-03
0.440023	1.433946249e-03
0.445023	2.200102063e-04
0.450024	8.789758645e-04
0.455024	4.969961568e-04
0.460024	1.280955255e-03
0.465024	2.160909314e-03
0.470025	1.050174621e-04
0.475025	-2.160863369e-03
0.480025	-1.929875248e-03
0.485025	-5.697330369e-05
0.490026	-5.797300721e-05
0.495026	-1.156915085e-03
0.500026	-1.385902823e-03
0.505027	-5.797227531e-05
0.510027	2.492465650e-08
0.515027	-3.819547831e-04
0.520027	1.940923544e-03
0.525028	-8.309307307e-04
0.530028	3.340083712e-04
0.535028	3.201858095e-03
0.540028	2.638805963e-08
0.545029	1.720176049e-04
0.550029	-2.217856718e-03
0.555029	-1.719882611e-03
0.560029	7.739867420e-04
0.565030	-1.051917181e-03
0.570030	-6.589375631e-04
0.575030	2.599891640e-03
0.580030	2.670143257e-04
0.585031	-2.103860995e-03
0.590031	-1.619626718e-04
0.595031	7.839879235e-04
0.600031	1.150232779e-04
0.605032	-1.604886209e-03
0.610032	-5.796715523e-05
0.615032	2.484899626e-03
0.620033	3.920097150e-04
0.625033	-1.213905755e-03
0.630033	-5.539401494e-04
0.635033	-8.319253157e-04
0.640034	-2.769541999e-04
0.645034	8.799853216e-04
0.650034	-2.769537127e-04
0.655034	-6.599333684e-04
0.660035	4.970061529e-04
0.665035	-9.359183963e-04
0.670035	-1.719582493e-04
0.675035	2.322911050e-03
0.680036	7.259951084e-04
0.685036	-1.271899788e-03
0.690036	-3.349487209e-04
0.695036	-3.349484775e-04
0.700037	7.179965019e-04
0.705037	7.169967977e-04
0.710037	-6.599306906e-04
0.715038	8.899882050e-04
0.720038	1.098977479e-03
0.725038	-1.729555196e-04
0.730038	-1.595880594e-03
0.735039	3.920153144e-04
0.740039	2.770215931e-04
0.745039	-9.939114585e-04
0.750039	3.820165689e-04
0.755040	-9.459134912e-04
0.760040	-8.789167644e-04
0.765040	1.051982135e-03
0.770040	8.789914578e-04
0.775041	3.783300224e-08
0.780041	1.109979821e-03
0.785041	-1.059561177e-04
0.790041	-3.349438561e-04
0.795042	9.939866378e-04
0.800042	1.150330128e-04
0.805042	-1.825864876e-03
0.810043	3.250224775e-04
0.815043	-5.539311475e-04
0.820043	-9.949077598e-04
0.825043	3.340227340e-04
0.830044	1.150344706e-04
0.835044	8.889940921e-04
0.840044	-7.169213783e-04
0.845044	-1.139527823e-04
0.850045	1.710951680e-03
0.855045	6.600070819e-04
0.860045	-8.879114325e-04
0.865045	8.309985930e-04
0.870046	-5.559283712e-04
0.875046	-1.165896114e-03
0.880046	3.269871317e-03
0.885046	7.840020305e-04
0.890047	-9.939044131e-04
0.895047	-3.349387564e-04
0.900047	-2.275836645e-03
0.905047	-6.119237335e-04
0.910048	6.130122181e-04
0.915048	-6.589207817e-04
0.920048	-1.605870838e-03
0.925049	-5.795183864e-05
0.930049	9.929932448e-04
0.935049	5.550164746e-04
0.940049	-1.619456531e-04
0.945050	2.190345935e-04
0.950050	2.770317919e-04
0.955050	-9.359043045e-04
0.960050	2.770322767e-04
0.965051	1.376974788e-03
0.970051	-1.212889040e-03
0.975051	-1.376880191e-03
0.980051	1.653960978e-03
0.985052	-5.539228991e-04
0.990052	-1.156891010e-03
0.995052	1.825952677e-03
1.000052	5.704576071e-05
1.005053	-1.271884248e-03
1.010053	2.312927845e-03
1.015053	-6.119184022e-04
1.020054	-3.421770685e-03
1.025054	2.770354250e-04
1.030054	1.213986491e-03
1.035054	9.939982791e-04
1.040055	-2.199377653e-04
1.045055	-2.199375234e-04
1.050055	3.350335908e-04
1.055055	1.156990692e-03
1.060056	2.770371185e-04
1.065056	-2.189366084e-04
1.070056	-4.969217764e-04
1.075056	-8.799014339e-04
1.080057	-6.119152574e-04
1.085057	-4.969210512e-04
1.090057	1.883954230e-03
1.095057	2.427925921e-03
1.100058	-2.819798409e-03
1.105058	-1.768853327e-03
1.110058	2.598917672e-03
1.115059	-1.619371830e-04
1.120059	-1.385872703e-03
1.125059	-4.489216374e-04
1.130059	2.265936114e-03
1.135060	-9.938925516e-04
1.140060	-2.265825553e-03
1.145060	1.547974521e-03
1.150060	2.045948626e-03
1.155061	6.700210832e-04
1.160061	-2.102833142e-03
1.165061	8.210136410e-04
1.170061	-1.049375190e-04
1.175062	-1.872844489e-03
1.180062	1.596973638e-03
1.185062	-2.199307599e-04
1.190062	-7.179043825e-04
1.195063	-4.969157400e-04
1.200063	-6.109095159e-04
1.205063	1.538977888e-03
1.210064	1.442983167e-03
1.215064	-9.368916835e-04
1.220064	-7.738999972e-04
1.225064	1.328989873e-03
1.230065	1.548978568e-03
1.235065	-1.987835561e-03
1.240065	-1.108881452e-03
1.245065	1.710970788e-03
1.250066	-1.629306187e-04
1.255066	-2.209273339e-04
1.260066	2.780467181e-04
1.265066	6.600269105e-04
1.270067	7.740211682e-04
1.275067	-1.051882758e-03
1.280067	-1.166876482e-03
1.285067	3.350449298e-04
1.290068	6.275197533e-08
1.295068	1.630544379e-04
1.300068	-6.019051726e-04
1.305068	-9.368873505e-04
1.310069	1.653976908e-03
1.315069	1.150579188e-04
1.320069	-1.328866056e-03
1.325070	8.220212944e-04
1.330070	-7.648951757e-04
1.335070	-3.829149837e-04
1.340070	5.450365529e-04
1.345071	5.806235201e-05
1.350071	5.540365609e-04
1.355071	8.320222109e-04
1.360071	3.537880434e-03
1.365072	1.620578543e-04
1.370072	-4.473698597e-03
1.375072	-5.539040882e-04
1.380072	7.740264551e-04
1.385073	-6.598980452e-04
1.390073	-1.547851201e-03
1.395073	-1.213868490e-03
1.400073	2.207952155e-03
1.405074	2.312946884e-03
1.410074	5.706552416e-05
1.415074	-1.872832945e-03
1.420075	-9.468813041e-04
1.425075	4.970431510e-04
1.430075	5.560402942e-04
1.435075	4.970436302e-04
1.440076	4.960439223e-04
1.445076	-1.729207274e-04
1.450076	-8.218864268e-04
1.455076	-1.097871702e-03
1.460077	1.050654008e-04
1.465077	3.910506303e-04
1.470077	-4.969025260e-04
1.475077	1.376999361e-03
1.480078	1.620633667e-04
1.485078	1.140661251e-04
1.490078	7.280341401e-04
1.495078	-4.969013297e-04
1.500079	2.770582880e-04
1.505079	1.043018326e-03
1.510079	-1.271859939e-03
1.515080	-8.318827918e-04
1.520080	7.650336328e-04
1.525080	3.920534477e-04
1.530080	-1.538844970e-03
1.535081	-1.768832660e-03
1.540081	6.590401516e-04
1.545081	1.768982135e-03
1.550081	1.387002422e-03
1.555082	8.890287969e-04
1.560082	1.041021058e-03
1.565082	-3.349064872e-04
1.570082	7.840350236e-04
1.575083	-9.458739433e-04
1.580083	-2.656783907e-03
1.585083	1.004024193e-03
1.590083	-4.398997838e-04
1.595084	-7.178849553e-04
1.600084	7.170399709e-04
1.605084	-1.709131864e-04
1.610085	4.400549852e-04
1.615085	1.328008619e-03
1.620085	8.320348886e-04
1.625085	-6.588866219e-04
1.630086	1.051023871e-03
1.635086	2.427951841e-03
1.640086	-7.268823388e-04
1.645086	-3.651728590e-03
1.650087	7.998257444e-08
1.655087	2.102969850e-03
1.660087	-1.212855880e-03
1.665087	-7.168816738e-04
1.670088	2.770663966e-04
1.675088	-2.150805938e-03
1.680088	1.491003158e-03
1.685088	2.036974741e-03
1.690089	-8.788719828e-04
1.695089	-3.828977764e-04
1.700089	-8.888709827e-04
1.705089	6.020510036e-04
1.710090	5.540537603e-04
1.715090	-9.358678035e-04
1.720090	1.328013614e-03
1.725091	8.890368910e-04
1.730091	-1.719071878e-04
1.735091	-1.719069505e-04
1.740091	-2.589779811e-03
1.745092	3.340669679e-04
1.750092	2.484954315e-03
1.755092	6.690498606e-04
1.760092	-1.049092809e-04
1.765093	8.790393135e-04
1.770093	-8.888676606e-04
1.775093	-3.593725459e-03
1.780093	-5.691085205e-05
1.785094	2.217969987e-03
1.790094	6.120545109e-04
1.795094	1.630783124e-04
1.800094	-1.165851702e-03
1.805095	-1.825816827e-03
1.810095	-1.042857684e-03
1.815095	1.767995025e-03
1.820096	2.093978152e-03
1.825096	-1.710821916e-03
1.830096	-6.018798822e-04
1.835096	2.265969835e-03
1.840097	4.808647714e-05
1.845097	1.050837220e-04
1.850097	3.340719399e-04
1.855097	-1.098852617e-03
1.860098	2.200783954e-04
1.865098	-2.198982762e-04
1.870098	-9.938574186e-04
1.875098	8.790445179e-04
1.880099	-1.619006118e-04
1.885099	-2.768943403e-04
1.890099	-2.778940519e-04
1.895099	-7.168707762e-04
1.900100	-5.790512624e-05
1.905100	1.150860301e-04
1.910100	1.549011006e-03
1.915101	-3.348898813e-04
1.920101	-9.938550596e-04
1.925101	1.930991665e-03
1.930101	-2.188952623e-04
1.935102	-1.767813731e-03
1.940102	9.940415476e-04
1.945102	-2.768915118e-04
1.950102	-7.748651401e-04
1.955103	-1.988801191e-03
1.960103	-2.188938496e-04
1.965103	1.548013649e-03
1.970103	1.108036977e-03
1.975104	3.202927261e-03
1.980104	-4.488808379e-04
1.985104	-2.647765194e-03
1.990104	-7.738633110e-04
1.995105	5.809325865e-05
2.000105	2.819948537e-03
2.005105	3.250797157e-04
2.010105	-2.427775565e-03
2.015106	1.108039092e-03
2.020106	-5.789947917e-05
2.025106	-1.048967778e-04
2.030107	1.549016651e-03
2.035107	-2.542768356e-03
2.040107	-2.437773632e-03
2.045107	1.712008800e-03
2.050108	1.491020633e-03
2.055108	-1.501822053e-03
2.060108	6.120672339e-04
2.065108	2.275980137e-03
2.070109	-1.148941429e-04
2.075109	-6.688648334e-04
2.080109	6.690651793e-04
2.085109	-1.816804115e-03
2.090110	-1.718902148e-04
2.095110	2.370976556e-03
2.100110	-1.375826558e-03
2.105110	-1.213834826e-03
2.110111	1.987997359e-03
2.115111	1.931000584e-03
2.120111	-5.689484699e-05
2.125112	-2.093787707e-03
2.130112	-2.678833058e-04
2.135112	-1.490818886e-03
2.140112	-1.385824163e-03
2.145113	3.830832288e-04
2.150113	1.052048351e-03
2.155113	5.540747211e-04
2.160113	-1.767803181e-03
2.165114	2.680901978e-04
2.170114	7.740638749e-04
2.175114	-1.433820011e-03
2.180114	-1.166833790e-03
2.185115	8.890585388e-04
2.190115	5.710243726e-05
2.195115	5.450770588e-04
2.200115	1.549024599e-03
2.205116	-1.628853178e-04
2.210116	-2.322771723e-03
2.215116	8.320629278e-04
2.220117	2.045999447e-03
2.225117	-7.748522676e-04
2.230117	1.151012557e-04
2.235117	1.769014682e-03
2.240118	-2.380767283e-03
2.245118	-8.788458793e-04
2.250118	1.549026926e-03
2.255118	2.093998555e-03
2.260119	-3.338737851e-04
2.265119	-1.873792730e-03
2.270119	-1.710801052e-03
2.275119	-1.501811789e-03
2.280120	1.548028372e-03
2.285120	4.980837102e-04
2.290120	2.704968113e-03
2.295120	7.270721556e-04
2.300121	-2.762744449e-03
2.305121	-8.898425167e-04
2.310121	2.648971980e-03
2.315122	9.950590174e-04
2.320122	-1.628799763e-04
2.325122	-4.968622156e-04
2.330122	-3.348704863e-04
2.335123	1.213048502e-03
2.340123	-1.814792349e-03
2.345123	1.126263873e-07
2.350123	9.360637341e-04
2.355124	-6.018553166e-04
2.360124	-2.198751337e-04
2.365124	-1.490808197e-03
2.370124	-3.918656445e-04
2.375125	-1.628774320e-04
2.380125	-2.589749826e-03
2.385125	-2.858705148e-04
2.390125	3.086952693e-03
2.395126	9.460652885e-04
2.400126	-2.866734365e-03
2.405126	1.491037147e-03
2.410126	2.046008250e-03
2.415127	-7.158465631e-04
2.420127	6.020844956e-04
2.425127	-3.918631064e-04
2.430128	-8.798372646e-04
2.435128	-1.042828480e-03
2.440128	-2.768684509e-04
2.445128	-5.538536830e-04
2.450129	4.970913881e-04
2.455129	8.790715699e-04
2.460129	1.826022099e-03
2.465129	1.607033823e-03
2.470130	-5.787856408e-05
2.475130	-1.386808585e-03
2.480130	-1.490802897e-03
2.485130	8.320754160e-04
2.490131	-1.653793883e-03
2.495131	-3.338629302e-04
2.500131	3.699925585e-03
2.505131	6.690848890e-04
2.510132	-2.208763837e-03
2.515132	-1.548798246e-03
2.520132	2.681066227e-04
2.525133	1.931019574e-03
2.530133	-1.318809629e-03
2.535133	9.460717272e-04
2.540133	3.593932983e-03
2.545134	-3.593689544e-03
2.550134	-1.280810707e-03
2.555134	8.790761596e-04
2.560134	-3.201709431e-03
2.565135	3.351051677e-04
2.570135	2.208007097e-03
2.575135	-1.156816071e-03
2.580135	9.940712678e-04
2.585136	1.874025312e-03
2.590136	-1.618676055e-04
2.595136	1.241207453e-07
2.600136	-8.318319855e-04
2.605137	-4.388523828e-04
2.610137	-1.098817516e-03
2.615137	-1.606790627e-03
2.620138	9.940730944e-04
2.625138	1.435050178e-03
2.630138	-2.541740872e-03
2.635138	3.812925830e-03
2.640139	2.379001318e-03
2.645139	-3.421694004e-03
2.650139	-2.278614047e-04
2.655139	-1.710783346e-03
2.660140	1.443051352e-03
2.665140	4.401042199e-04
2.670140	2.201159935e-04
2.675140	3.821077188e-04
2.680141	-7.748313317e-04
2.685141	4.148910472e-03
2.690141	-1.270804846e-03
2.695141	-2.704729359e-03
2.700142	1.271062198e-03
2.705142	-2.657731371e-03
2.710142	3.351117757e-04
2.715142	2.208013703e-03
2.720143	2.671157982e-04
2.725143	-1.156809240e-03
2.730143	-1.317800564e-03
2.735144	2.209014558e-03
2.740144	1.548049475e-03
2.745144	-2.313747611e-03
2.750144	1.311707659e-07
2.755145	1.597047583e-03
2.760145	-1.165807182e-03
2.765145	-3.818481020e-04
2.770145	4.391090362e-04
2.775146	1.051267914e-04
2.780146	3.351149465e-04
2.785146	2.201212080e-04
2.790146	-2.150754130e-03
2.795147	-2.778522039e-04
2.800147	1.654046626e-03
2.805147	-7.168287126e-04
2.810147	-7.168284869e-04
2.815148	9.470844079e-04
2.820148	1.214070621e-03
2.825148	-2.160752026e-03
2.830149	4.491112206e-04
2.835149	-5.686199796e-05
2.840149	-1.834768459e-03
2.845149	-1.048590283e-04
2.850150	5.813264218e-05
2.855150	1.988031576e-03
2.860150	-8.228206707e-04
2.865150	-7.168260089e-04
2.870151	6.021049916e-04
2.875151	2.201252647e-04
2.880151	-1.767770176e-03
2.885151	1.099079582e-03
2.890152	2.819989484e-03
2.895152	5.813466536e-05
2.900152	-9.368128902e-04
2.905152	6.691030475e-04
2.910153	1.329068633e-03
2.915153	1.386067611e-07
2.920153	-3.765663520e-03
2.925154	-9.938087774e-04
2.930154	1.987034997e-03
2.935154	-7.838193507e-04
2.940154	7.281015198e-04
2.945155	-3.248429924e-04
2.950155	1.653053421e-03
2.955155	1.157079676e-03
2.960155	-2.768448405e-04
2.965156	-1.628505999e-04
2.970156	-6.598242926e-04
2.975156	-1.618502055e-04
2.980156	2.201299696e-04
2.985157	4.971156553e-04
2.990157	1.151359267e-04
2.995157	-1.501778986e-03
3.000157	-3.211689018e-03
3.005158	5.813958744e-05
3.010158	5.541137791e-04
3.015158	-7.168192929e-04
3.020159	1.663056022e-03
3.025159	2.201319766e-04
3.030159	7.651035963e-04
3.035159	1.151379324e-04
3.040160	-2.668417968e-04
3.045160	5.541153376e-04
3.050160	-4.978292286e-04
3.055160	5.541157822e-04
3.060161	4.411219349e-04
3.065161	-1.327785002e-03
3.070161	6.591109380e-04
3.075161	2.981989243e-03
3.080162	-1.050798873e-03
3.085162	-1.767761021e-03
3.090162	3.921258383e-04
3.095162	-3.348357853e-04
3.100163	5.714386326e-05
3.105163	8.321034109e-04
3.110163	-9.948004822e-04
3.115163	-1.662765203e-03
3.120164	-2.288402410e-04
3.125164	2.103037591e-03
3.130164	6.701130198e-04
3.135165	-2.102741225e-03
3.140165	1.051431145e-04
3.145165	1.329079097e-03
3.150165	-2.036744026e-03
3.155166	1.166088093e-03
3.160166	2.591013527e-03
3.165166	-2.160736856e-03
3.170166	1.499498922e-07
3.175167	2.323028254e-03
3.180167	-5.538205339e-04
3.185167	1.506112459e-07
3.190167	-1.156788446e-03
3.195168	-1.432773741e-03
3.200168	2.160037910e-03
3.205168	-3.358308739e-04
3.210168	-1.002795648e-03
3.215169	-2.768335304e-04
3.220169	-1.628392936e-04
3.225169	-2.198360823e-04
3.230170	2.103042221e-03
3.235170	1.110094555e-03
3.240170	-2.380722009e-03
3.245170	1.041098616e-03
3.250171	1.215089703e-03
3.255171	-1.815751003e-03
3.260171	1.108095757e-03
3.265171	1.214090413e-03
3.270172	-1.270778949e-03
3.275172	-1.138394519e-04
3.280172	-6.598105775e-04
3.285172	-8.797988125e-04
3.290173	3.261381124e-04
3.295173	1.631468858e-04
3.300173	5.715266755e-05
3.305173	8.891092207e-04
3.310174	-2.768293663e-04
3.315174	1.563144646e-07
3.320174	-5.684047572e-05
3.325175	-2.380718288e-03
3.330175	6.111249024e-04
3.335175	2.771426496e-04
3.340175	-2.768280571e-04
3.345176	1.100099893e-03
3.350176	-2.198306128e-04
3.355176	-4.398188489e-04
3.360176	1.051527659e-04
3.365177	1.549077199e-03
3.370177	-1.930739945e-03
3.375177	-1.048355602e-04
3.380177	2.486028675e-03
3.385178	-1.825744803e-03
3.390178	-1.816745058e-03
3.395178	-4.398171096e-04
3.400178	1.600152386e-07
3.405179	1.051105073e-03
3.410179	1.540079626e-03
3.415179	-1.279772157e-03
3.420179	-2.322717201e-03
3.425180	1.051105940e-03
3.430180	1.385088628e-03
3.435180	5.551324047e-04
3.440181	-4.388152114e-04
3.445181	-1.148319993e-04
3.450181	7.171245516e-04
3.455181	-1.538756832e-03
3.460182	-4.398142940e-04
3.465182	1.328093133e-03
3.470182	1.377090777e-03
3.475182	-1.718277115e-04
3.480183	-1.768743681e-03
3.485183	3.831435923e-04
3.490183	-3.818160431e-04
3.495183	-1.628273212e-04
3.500184	1.042109653e-03
3.505184	-8.787893129e-04
3.510184	-1.628266751e-04
3.515184	1.596081224e-03
3.520185	9.471154998e-04
3.525185	-1.433759325e-03
3.530185	-1.108776166e-03
3.535186	1.826070013e-03
3.540186	9.941138928e-04
3.545186	-1.270767020e-03
3.550186	-8.797873258e-04
3.555187	-7.747926219e-04
3.560187	1.549085623e-03
3.565187	-1.547751624e-03
3.570187	3.831472466e-04
3.575188	3.871964350e-03
3.580188	-3.211663651e-03
3.585188	-2.217715604e-03
3.590188	3.911476831e-04
3.595189	-2.108205086e-04
3.600189	3.921480583e-04
3.605189	1.874070493e-03
3.610189	1.100111328e-03
3.615190	-4.205609987e-03
3.620190	-2.150717625e-03
3.625190	5.534879209e-03
3.630191	3.097007374e-03
3.635191	-2.380704914e-03
3.640191	-1.605745374e-03
3.645191	1.549089257e-03
3.650192	-8.317855698e-04
3.655192	-9.357798988e-04
3.660192	1.607086851e-03
3.665192	-1.223764358e-03
3.670193	-1.883729507e-03
3.675193	-4.398050794e-04
3.680193	2.201604946e-04
3.685193	2.380047345e-03
3.690194	3.921518923e-04
3.695194	-6.597926840e-04
3.700194	2.266053965e-03
3.705194	6.601384633e-04
3.710195	-1.768733845e-03
3.715195	-2.981669972e-03
3.720195	1.737372406e-07
3.725196	1.825078169e-03
3.730196	7.171365306e-04
3.735196	-1.718166010e-04
3.740196	-5.547962888e-04
3.745197	-7.167875754e-04
3.750197	1.750059891e-07
3.755197	-1.048192722e-04
3.760197	-8.877779674e-04
3.765198	2.037068733e-03
3.770198	7.831347564e-04
3.775198	-1.539743116e-03
3.780198	-9.457740800e-04
3.785199	-9.457738694e-04
3.790199	2.658037195e-03
3.795199	1.051121744e-03
3.800199	-1.883724010e-03
3.805200	1.549096029e-03
3.810200	6.131453624e-04
3.815200	-8.877756514e-04
3.820200	1.108119804e-03
3.825201	-8.227786428e-04
3.830201	-2.274702229e-03
3.835201	8.231353907e-04
3.840202	1.769085952e-03
3.845202	-1.711731147e-03
3.850202	-1.099763057e-03
3.855202	2.438051470e-03
3.860203	-6.687852581e-04
3.865203	-1.443744375e-03
3.870203	2.771655118e-04
3.875203	1.151742230e-04
3.880204	1.549099172e-03
3.885204	1.377108408e-03
3.890204	-1.386746322e-03
3.895204	-1.099761176e-03
3.900205	1.225117011e-03
3.905205	-7.257803869e-04
3.910205	1.817192550e-07
3.915205	1.386109187e-03
3.920206	-7.747771903e-04
3.925206	-4.397945638e-04
3.930206	2.380057644e-03
3.935207	-1.148112046e-04
3.940207	-2.101706714e-03
3.945207	8.901364662e-04
3.950207	5.618044425e-05
3.955208	-1.434741097e-03
3.960208	1.837983592e-07
3.965208	1.157123284e-03
3.970208	-1.490737536e-03
3.975209	-2.150702690e-03
3.980209	4.401615352e-04
3.985209	2.037077928e-03
3.990209	1.931083698e-03
3.995210	-7.747740778e-04
4.000210	-2.768000073e-04
4.005210	2.291736433e-04
4.010210	-8.307705188e-04
4.015211	1.932084679e-03
4.020211	-1.638051117e-04
4.025211	-1.988709125e-03
4.030212	-4.387902665e-04
4.035212	8.801407153e-04
4.040212	4.718463922e-05
4.045212	-1.271745931e-03
4.050213	1.151814822e-04
4.055213	1.711097926e-03
4.060213	2.771733915e-04
4.065213	-7.157742879e-04
4.070214	8.901416308e-04
4.075214	1.003135906e-03
4.080214	-3.917906761e-04
4.085214	1.631804013e-04
4.090215	9.461395127e-04
4.095215	1.328119669e-03
4.100215	-3.917898559e-04
4.105215	-1.604725990e-03
4.110216	-4.387869797e-04
4.115216	-1.988705427e-03
4.120216	4.971643059e-04
4.125217	3.537004964e-03
4.130217	-1.148031661e-04
4.135217	-2.877657953e-03
4.140217	-3.347912116e-04
4.145218	3.921708378e-04
4.150218	7.271534601e-04
4.155218	-5.580524228e-05
4.160218	5.718903098e-05
4.165219	-9.947555538e-04
4.170219	-1.997702710e-03
4.175219	1.597108819e-03
4.180219	1.109134634e-03
4.185220	-5.457783047e-04
4.190220	-5.680376541e-05
4.195220	4.919087455e-05
4.200220	5.541645739e-04
4.205221	1.721848251e-04
4.210221	1.631855003e-04
4.215221	-1.051750531e-03
4.220221	-1.433730280e-03
4.225222	2.820046662e-03
4.230222	7.171572353e-04
4.235222	-1.825709100e-03
4.240223	-1.328734981e-03
4.245223	1.954718983e-07
4.250223	1.549114379e-03
4.255223	2.265077003e-03
4.260224	1.271129373e-03
4.265224	-2.541670310e-03
4.270224	-2.380678558e-03
4.275224	3.821766344e-04
4.280225	1.110138629e-03
4.285225	-1.051747703e-03
4.290225	9.361481632e-04
4.295225	1.110139232e-03
4.300226	-1.617938089e-04
4.305226	-9.367529340e-04
4.310226	-1.930700566e-03
4.315226	1.491120040e-03
4.320227	7.171608623e-04
4.325227	-8.307576943e-04
4.330227	5.551697655e-04
4.335228	-3.347833247e-04
4.340228	-2.380675745e-03
4.345228	1.109141291e-03
4.350228	2.438071742e-03
4.355229	-2.599663652e-03
4.360229	-6.117677867e-04
4.365229	1.108142143e-03
4.370229	-4.967734228e-04
4.375230	-1.147932715e-04
4.380230	-7.167614776e-04
4.385230	8.901543826e-04
4.390230	2.771867536e-04
4.395231	1.940099674e-03
4.400231	2.201901433e-04
4.405231	-1.719707842e-03
4.410231	1.769109246e-03
4.415232	4.391792463e-04
4.420232	-1.329727714e-03
4.425232	-1.156736594e-03
4.430233	3.921823087e-04
4.435233	1.110144825e-03
4.440233	-8.887500647e-04
4.445233	-6.687614126e-04
4.450234	1.435128362e-03
4.455234	-2.767815897e-04
4.460234	-4.967698457e-04
4.465234	3.341867392e-04
4.470235	5.720147451e-05
4.475235	7.741640422e-04
4.480235	3.351872794e-04
4.485235	4.971789746e-04
4.490236	-8.897480350e-04
4.495236	-1.604710313e-03
4.500236	8.321619845e-04
4.505236	3.911853262e-04
4.510237	1.988101709e-03
4.515237	1.052007298e-04
4.520237	-8.217504224e-04
4.525237	-4.387703266e-04
4.530238	-2.274673772e-03
4.535238	2.771924888e-04
4.540238	6.701720594e-04
4.545239	-1.930691238e-03
4.550239	1.108149464e-03
4.555239	2.046100432e-03
4.560239	-9.457423450e-04
4.565240	6.591736164e-04
4.570240	-4.977654658e-04
4.575240	3.821885452e-04
4.580240	6.131766171e-04
4.585241	-8.207479278e-04
4.590241	4.391861396e-04
4.595241	2.191978808e-04
4.600241	-5.678743904e-05
4.605242	-1.213726522e-03
4.610242	8.321662938e-04
4.615242	1.377137886e-03
4.620242	-9.367404756e-04
4.625243	-9.367402811e-04
4.630243	-1.548707967e-03
4.635243	1.768118143e-03
4.640244	1.319141901e-03
4.645244	-1.155728011e-03
4.650244	5.551823860e-04
4.655244	5.541826323e-04
4.660245	-1.319718822e-03
4.665245	2.102010736e-04
4.670245	1.157151566e-03
4.675245	-1.375715302e-03
4.680246	1.549131380e-03
4.685246	3.821928201e-04
4.690246	-1.767694150e-03
4.695246	3.351956729e-04
4.700247	6.591788615e-04
4.705247	-8.887397029e-04
4.710247	-4.967600833e-04
4.715247	2.217097672e-03
4.720248	-1.099728051e-03
4.725248	-7.737449683e-04
4.730248	7.651744535e-04
4.735249	1.052159583e-03
4.740249	8.891683299e-04
4.745249	-1.051729610e-03
4.750249	6.021837761e-04
4.755250	-2.767699001e-04
4.760250	4.501921368e-04
4.765250	9.371667694e-04
4.770250	-1.710694066e-03
4.775251	-2.370659236e-03
4.780251	-3.039623934e-03
4.785251	-3.917627165e-04
4.790251	3.919011223e-03
4.795252	2.820069092e-03
4.800252	-2.265663792e-03
4.805252	-1.652695773e-03
4.810252	-2.322660419e-03
4.815253	-1.717731184e-04
4.820253	3.930011789e-03
4.825253	-9.947295449e-04
4.830254	-9.457319264e-04
4.835254	-4.397582925e-04
4.840254	-7.177435125e-04
4.845254	3.352014133e-04
4.850255	3.921986115e-04
4.855255	2.193741725e-07
4.860255	-8.887337795e-04
4.865255	2.197529787e-07
4.870256	1.152139067e-04
4.875256	-6.117477494e-04
4.880256	7.171826905e-04
4.885256	7.171828794e-04
4.890257	-4.397562097e-04
4.895257	6.601862484e-04
4.900257	1.272154318e-03
4.905257	-4.777621701e-05
4.910258	-1.328708799e-03
4.915258	-3.347607779e-04
4.920258	1.271155123e-03
4.925258	4.411988719e-04
4.930259	7.751815307e-04
4.935259	-1.057720445e-04
4.940259	-7.167397900e-04
4.945260	2.202112215e-04
4.950260	-1.443701260e-03
4.955260	2.231425013e-07
4.960260	-1.627681156e-04
4.965261	-1.051721272e-03
4.970261	6.021921095e-04
4.975261	1.110165635e-03
4.980261	1.607139738e-03
4.985262	1.318155093e-03
4.990262	-5.777250504e-05
4.995262	-1.155714693e-03
5.000262	-1.595691414e-03
5.005263	-8.897282806e-04
5.010263	1.214161483e-03
5.015263	2.872103198e-04
5.020263	1.329155819e-03
5.025264	5.461970986e-04
5.030264	-3.259602968e-03
5.035264	2.261252855e-07
5.040265	3.822062625e-04
5.045265	-1.156712782e-03
5.050265	1.215162915e-03
5.055265	1.376154651e-03
5.060266	-2.093663050e-03
5.065266	-9.367235875e-04
5.070266	6.591928353e-04
5.075266	-1.617638919e-04
5.080267	-2.767576719e-04
5.085267	-4.487484604e-04
5.090267	1.214164446e-03
5.095267	7.831872498e-04
5.100268	1.329158779e-03
5.105268	-3.917507152e-04
5.110268	-4.387480647e-04
5.115268	-2.767563830e-04
5.120269	-1.491692433e-03
5.125269	1.152234111e-04
5.130269	-3.917497969e-04
5.135270	-6.687350760e-04
5.140270	2.103119626e-03
5.145270	9.361810561e-04
5.150270	-1.710679840e-03
5.155271	9.471808446e-04
5.160271	1.051175569e-03
5.165271	1.632223562e-04
5.170271	-3.917483335e-04
5.175272	5.722828426e-05
5.180272	-9.937163744e-04
5.185272	-2.197568136e-04
5.190272	9.941796548e-04
5.195273	-5.676500427e-05
5.200273	3.362145520e-04
5.205273	3.352147862e-04
5.210273	-1.931666055e-03
5.215274	-5.547381414e-04
5.220274	2.094123014e-03
5.225274	-3.827468057e-04
5.230274	-1.057611622e-04
5.235275	1.632249010e-04
5.240275	-5.576342442e-05
5.245275	4.823129819e-05
5.250276	-7.277277948e-04
5.255276	-2.035658967e-03
5.260276	-4.676317430e-05
5.265276	2.772200017e-04
5.270277	4.723225289e-05
5.275277	-4.967390166e-04
5.280277	-1.097707295e-03
5.285277	1.051180100e-03
5.290278	2.192239456e-04
5.295278	1.932134223e-03
5.300278	2.202242522e-04
5.305278	-7.267258675e-04
5.310279	-3.337463138e-04
5.315279	3.352187546e-04
5.320279	1.606152228e-03
5.325279	-1.768670464e-03
5.330280	5.723388145e-05
5.335280	6.692019409e-04
5.340280	2.772226926e-04
5.345281	-5.675959984e-05
5.350281	2.202260409e-04
5.355281	1.931136422e-03
5.360281	-1.271695299e-03
5.365282	-1.988657491e-03
5.370282	6.612036083e-04
5.375282	3.352208953e-04
5.380282	-6.027296986e-04
5.385283	1.157178110e-03
5.390283	-1.328691241e-03
5.395283	-5.775776935e-05
5.400283	6.692042531e-04
5.405284	-8.787143271e-04
5.410284	-1.137542992e-04
5.415284	-1.605675819e-03
5.420284	5.542109960e-04
5.425285	2.323118331e-03
5.430285	1.157179702e-03
5.435285	-1.710669602e-03
5.440286	-1.328689474e-03
5.445286	7.162033754e-04
5.450286	-1.767666082e-03
5.455286	6.032096577e-04
5.460287	1.711151683e-03
5.465287	-4.397352518e-04
5.470287	2.418313933e-07
5.475287	-8.787118612e-04
5.480288	-6.597231796e-04
5.485288	1.654155551e-03
5.490288	3.986033337e-03
5.495288	-1.988652905e-03
5.500289	-3.325582562e-03
5.505289	1.606158770e-03
5.510289	1.722342039e-04
5.515289	1.549162110e-03
5.520290	3.242265752e-04
5.525290	-5.547271186e-04
5.530290	8.901972184e-04
5.535291	-3.928549695e-03
5.540291	2.442754257e-07
5.545291	2.600107995e-03
5.550291	-3.917348043e-04
5.555292	5.552156683e-04
5.560292	-3.584566881e-03
5.565292	-1.165693663e-03
5.570292	2.380120407e-03
5.575293	-2.677404462e-04
5.580293	2.753101177e-03
5.585293	1.622373319e-04
5.590293	-1.653667187e-03
5.595294	3.537060549e-03
5.600294	-1.270686943e-03
5.605294	-1.270686771e-03
5.610294	1.052191484e-03
5.615295	-4.033541418e-03
5.620295	-1.108694758e-03
5.625295	9.371980352e-04
5.630295	3.922268097e-04
5.635296	-4.397293535e-04
5.640296	1.100189995e-03
5.645296	1.873149597e-03
5.650297	-1.816656572e-03
5.655297	-8.207086730e-04
5.660297	5.724541825e-05
5.665297	1.434173321e-03
5.670298	3.308075139e-03
5.675298	1.663161643e-03
5.680298	-2.810603380e-03
5.685298	-1.108692535e-03
5.690299	4.972233485e-04
5.695299	-1.213686684e-03
5.700299	-8.877036235e-04
5.705299	2.380125034e-03
5.710300	5.542210362e-04
5.715300	-3.373572643e-03
5.720300	6.022188559e-04
5.725300	1.328180923e-03
5.730301	-1.047437006e-04
5.735301	1.759158641e-03
5.740301	-9.456992251e-04
5.745302	-2.150635815e-03
5.750302	1.443175732e-03
5.755302	2.782370423e-04
5.760302	-1.710658402e-03
5.765303	1.157191247e-03
5.770303	1.548170894e-03
5.775303	-1.329677893e-03
5.780303	1.157191751e-03
5.785304	1.722162266e-03
5.790304	1.052472977e-04
5.795304	-1.147409887e-04
5.800304	-9.926947417e-04
5.805305	-1.108688487e-03
5.810305	-1.376674254e-03
5.815305	2.536445807e-07
5.820305	1.549172516e-03
5.825306	8.892073213e-04
5.830306	4.392311050e-04
5.835306	-1.156684967e-03
5.840307	-4.387224826e-04
5.845307	1.931153300e-03
5.850307	-2.103634767e-03
5.855307	-2.045637645e-03
5.860308	1.722461148e-04
5.865308	-1.547663450e-03
5.870308	3.308081861e-03
5.875308	2.380130730e-03
5.880309	-1.375671980e-03
5.885309	-1.270677326e-03
5.890309	-2.297317948e-04
5.895309	2.562992249e-07
5.900310	2.564640618e-07
5.905310	7.742160074e-04
5.910310	7.842156471e-04
5.915310	-1.385670302e-03
5.920311	-2.045635499e-03
5.925311	1.941155418e-03
5.930311	3.822374021e-04
5.935311	-3.917218125e-04
5.940312	-1.375670006e-03
5.945312	-1.548660763e-03
5.950312	3.307084546e-03
5.955313	1.166197074e-03
5.960313	-1.318672344e-03
5.965313	3.832384946e-04
5.970313	-8.316975763e-04
5.975314	-3.257239694e-04
5.980314	8.322154187e-04
5.985314	-2.867256908e-04
5.990314	-1.717315638e-04
5.995315	2.595716700e-07
6.000315	7.262216317e-04
6.005315	1.052204685e-03
6.010315	2.682459928e-04
6.015316	-1.047342694e-04
6.020316	-8.786934862e-04
6.025316	1.434185284e-03
6.030316	4.402376126e-04
6.035317	1.386188126e-03
6.040317	3.342434984e-04
6.045317	-9.936866439e-04
6.050318	-7.167010205e-04
6.055318	-3.431558370e-03
6.060318	-1.222674143e-03
6.065318	2.618317404e-07
6.070319	8.312183793e-04
6.075319	1.051206994e-03
6.080319	1.998157453e-03
6.085319	-2.149624690e-03
6.090320	-1.548656072e-03
6.095320	2.093152947e-03
6.100320	2.046155573e-03
6.105320	2.380138204e-03
6.110321	-1.499658005e-03
6.115321	-1.824640789e-03
6.120321	1.443187858e-03
6.125321	-5.673325984e-05
6.130322	-2.657596594e-03
6.135322	1.108205916e-03
6.140322	1.492185921e-03
6.145323	5.552352557e-04
6.150323	-5.773241419e-05
6.155323	-8.886886431e-04
6.160323	-6.017035474e-04
6.165324	-1.606650645e-03
6.170324	3.342476449e-04
6.175324	1.779171965e-03
6.180324	2.682514240e-04
6.185325	8.222225062e-04
6.190325	-1.433658936e-03
6.195325	-3.259562946e-03
6.200325	2.046158739e-03
6.205326	3.489083164e-03
6.210326	1.663179154e-03
6.215326	-1.442657679e-03
6.220326	-2.436605355e-03
6.225327	1.328197205e-03
6.230327	2.208151177e-03
6.235327	-2.981576283e-03
6.240328	-3.861529943e-03
6.245328	1.214203812e-03
6.250328	2.925114170e-03
6.255328	-1.156671441e-03
6.260329	3.352504110e-04
6.265329	1.157207426e-03
6.270329	3.342507740e-04
6.275329	-5.672855033e-05
6.280330	-3.822530747e-03
6.285330	-9.366820561e-04
6.290330	1.223204737e-03
6.295330	7.752284032e-04
6.300331	1.931167888e-03
6.305331	1.873171086e-03
6.310331	-4.967043764e-04
6.315331	-3.861527619e-03
6.320332	-3.817101040e-04
6.325332	2.705128037e-03
6.330332	-1.166668598e-03
6.335332	-7.156921141e-04
6.340333	-1.155668869e-03
6.345333	-2.777147949e-04
6.350333	1.491192517e-03
6.355334	1.157210199e-03
6.360334	1.632625191e-04
6.365334	-1.376656505e-03
6.370334	-2.777140310e-04
6.375335	-8.886818118e-04
6.380335	1.606187397e-03
6.385335	7.742312143e-04
6.390335	-9.936758448e-04
6.395336	-1.050672701e-03
6.400336	2.202607451e-04
6.405336	1.883173618e-03
6.410336	-2.045620027e-03
6.415337	-1.051672043e-03
6.420337	3.832527959e-04
6.425337	2.202615016e-04
6.430337	4.962471673e-04
6.435338	-7.736860293e-04
6.440338	-1.617179979e-04
6.445338	-9.936741820e-04
6.450339	2.772592632e-04
6.455339	1.653187198e-03
6.460339	-1.147198634e-04
6.465339	5.827120705e-05
6.470340	5.562452206e-04
6.475340	-6.596908111e-04
6.480340	-1.596641486e-03
6.485340	9.372256734e-04
6.490341	-2.207609120e-03
6.495341	-7.166872223e-04
6.500341	1.654188491e-03
6.505341	-9.356754308e-04
6.510342	2.485145176e-03
6.515342	1.491197492e-03
6.520342	-1.491645805e-03
6.525342	9.942238722e-04
6.530343	-1.384651124e-03
6.535343	-2.045616285e-03
6.540343	-1.057179531e-04
6.545344	1.492198328e-03
6.550344	9.952245591e-04
6.555344	2.772623890e-04
6.560344	1.596193312e-03
6.565345	3.352596396e-04
6.570345	-1.595638870e-03
6.575345	-9.376732563e-04
6.580345	2.192661683e-04
6.585346	-7.826810976e-04
6.590346	2.779551338e-07
6.595346	9.462284531e-04
6.600346	6.692431370e-04
6.605347	-3.347040245e-04
6.610347	3.252614830e-04
6.615347	1.434203426e-03
6.620347	-1.617126665e-04
6.625348	-4.386979833e-04
6.630348	3.822590740e-04
6.635348	1.271212562e-03
6.640349	-9.936684198e-04
6.645349	3.922589846e-04
6.650349	1.711189905e-03
6.655349	-1.767627364e-03
6.660350	5.827694784e-05
6.665350	7.742395149e-04
6.670350	-1.548638424e-03
6.675350	-4.966934915e-04
6.680351	2.438152617e-03
6.685351	-7.256811852e-04
6.690351	-1.606634804e-03
6.695351	5.542519247e-04
6.700352	6.602465050e-04
6.705352	-4.396956210e-04
6.710352	-7.646784210e-04
6.715352	3.352639914e-04
6.720353	6.602470775e-04
6.725353	3.822618103e-04
6.730353	-3.337004696e-04
6.735353	-1.328648107e-03
6.740354	-6.126855422e-04
6.745354	6.702472651e-04
6.750354	-4.956913984e-04
6.755355	-5.771424376e-05
6.760355	1.386210113e-03
6.765355	-7.746763304e-04
6.770355	1.443207405e-03
6.775356	1.712193429e-03
6.780356	-2.656577134e-03
6.785356	-1.606632100e-03
6.790356	-1.147102627e-04
6.795357	-1.317646986e-03
6.800357	7.742433618e-04
6.805357	8.222409832e-04
6.810357	-8.306721230e-04
6.815358	3.912638837e-04
6.820358	1.329214795e-03
6.825358	-4.386922758e-04
6.830358	1.142788412e-04
6.835359	9.362358403e-04
6.840359	-8.886682397e-04
6.845359	-5.671176572e-05
6.850360	3.342678529e-04
6.855360	-9.366653028e-04
6.860360	-1.652627586e-03
6.865360	5.828275492e-05
6.870361	2.045178611e-03
6.875361	2.982129574e-03
6.880361	3.832661137e-04
6.885361	-1.107655497e-03
6.890362	-9.366643331e-04
6.895362	-1.988608984e-03
6.900362	-5.536841581e-04
6.905362	3.352693227e-04
6.910363	1.654200236e-03
6.915363	3.317113095e-03
6.920363	-1.988608296e-03
6.925363	-2.934558510e-03
6.930364	1.387214797e-03
6.935364	-1.155651603e-03
6.940364	-1.223647897e-03
6.945365	1.711198203e-03
6.950365	1.166226943e-03
6.955365	2.772737356e-04
6.960365	5.828536540e-05
6.965366	9.942363778e-04
6.970366	-1.271644561e-03
6.975366	-7.736705618e-04
6.980366	1.711199155e-03
6.985367	-1.605626625e-03
6.990367	1.491210972e-03
6.995367	1.998184498e-03
7.000367	-7.166728770e-04
7.005368	-2.103599949e-03
7.010368	-1.548628942e-03
7.015368	3.978081122e-03
7.020368	-4.966838848e-04
7.025369	-4.406866895e-04
7.030369	-2.766951625e-04
7.035369	-2.981553064e-03
7.040369	1.329220818e-03
7.045370	9.372415252e-04
7.050370	3.832707340e-04
7.055370	-4.396859396e-04
7.060371	7.162535240e-04
7.065371	1.654204429e-03
7.070371	-1.547627390e-03
7.075371	1.722824732e-04
7.080372	4.492680683e-04
7.085372	-2.160594820e-03
7.090372	-2.264589230e-03
7.095372	9.952398099e-04
7.100373	2.102181844e-03
7.105373	-3.816876578e-04
7.110373	-8.306639614e-04
7.115373	2.925573676e-07
7.120374	-2.766927735e-04
7.125374	1.376220604e-03
7.130374	2.103182581e-03
7.135374	5.542640072e-04
7.140375	-1.778613420e-03
7.145375	-3.698512523e-03
7.150375	-8.786603932e-04
7.155376	4.972675215e-04
7.160376	2.937355584e-07
7.165376	1.214230152e-03
7.170376	1.109235793e-03
7.175377	-1.662618596e-03
7.180377	-3.346881630e-04
7.185377	1.223230199e-03
7.190377	2.782799243e-04
7.195378	-1.146993208e-04
7.200378	-5.770218310e-05
7.205378	2.266175977e-03
7.210378	4.982688946e-04
7.215379	-1.050649681e-03
7.220379	1.930193997e-03
7.225379	-1.653617778e-03
7.230379	-1.537623737e-03
7.235380	-6.116722078e-04
7.240380	-2.045596820e-03
7.245380	4.972698450e-04
7.250381	7.172584266e-04
7.255381	-5.670082451e-05
7.260381	1.376224096e-03
7.265381	-2.106924876e-04
7.270382	3.352789841e-04
7.275382	1.099239015e-03
7.280382	2.202852734e-04
7.285382	1.642883391e-04
7.290383	-1.050647768e-03
7.295383	2.971990492e-07
7.300383	4.962712940e-04
7.305383	-1.491624245e-03
7.310384	-9.936502552e-04
7.315384	2.935143667e-03
7.320384	5.729483717e-05
7.325384	-1.146960104e-04
7.330385	-1.490623669e-03
7.335385	-1.883602918e-03
7.340385	1.376226114e-03
7.345386	-8.206584573e-04
7.350386	-6.016698263e-04
7.355386	1.711208906e-03
7.360386	1.215235062e-03
7.365387	7.742583313e-04
7.370387	-2.206893246e-04
7.375387	-1.710611002e-03
7.380387	1.157238602e-03
7.385388	-1.146945162e-04
7.390388	-1.595616666e-03
7.395388	1.444223911e-03
7.400388	8.802536340e-04
7.405389	-6.116679391e-04
7.410389	-3.826798346e-04
7.415389	-7.166621827e-04
7.420389	1.654213504e-03
7.425390	-9.456499190e-04
7.430390	-8.786533130e-04
7.435390	1.998195817e-03
7.440390	-6.116670815e-04
7.445391	-1.711609229e-03
7.450391	6.692659322e-04
7.455391	2.094191266e-03
7.460392	-1.777605400e-03
7.465392	-6.586640068e-04
7.470392	8.882549241e-04
7.475392	-3.926777249e-04
7.480393	6.602671319e-04
7.485393	-2.484567690e-03
7.490393	-1.595614226e-03
7.495393	3.922815589e-04
7.500394	1.377229984e-03
7.505394	1.099244694e-03
7.510394	1.142965094e-04
7.515394	2.543169149e-03
7.520395	-1.882598444e-03
7.525395	-1.653610343e-03
7.530395	1.988198636e-03
7.535395	-3.916763370e-04
7.540396	-3.038537297e-03
7.545396	-1.547615429e-03
7.550396	1.142974637e-04
7.555397	1.152975298e-04
7.560397	7.752630099e-04
7.565397	2.647164881e-03
7.570397	3.641112832e-03
7.575398	-6.596613234e-04
7.580398	-8.786497119e-04
7.585398	2.212926751e-04
7.590398	-2.542562146e-03
7.595399	-1.626869366e-04
7.600399	2.772900883e-04
7.605399	-2.159581895e-03
7.610399	5.552757323e-04
7.615400	2.494174086e-03
7.620400	-7.736542851e-04
7.625400	-6.106627233e-04
7.630400	2.772907887e-04
7.635401	9.942532750e-04
7.640401	-1.270627736e-03
7.645401	-2.045586947e-03
7.650402	2.150192953e-03
7.655402	1.607221566e-03
7.660402	-2.092584133e-03
7.665402	-9.376446350e-04
7.670403	1.051251093e-03
7.675403	6.022747721e-04
7.680403	-1.939591703e-03
7.685403	5.552774683e-04
7.690404	2.103196340e-03
7.695404	-1.605608888e-03
7.700404	1.434231679e-03
7.705404	1.215243287e-03
7.710405	-1.385620092e-03
7.715405	-2.811545139e-03
7.720405	6.692722837e-04
7.725405	1.712217658e-03
7.730406	3.076212315e-07
7.735406	1.214244021e-03
7.740406	2.192963537e-04
7.745406	6.602733218e-04
7.750407	2.212964743e-04
7.755407	-4.768929541e-05
7.760407	8.892616409e-04
7.765408	-7.836504437e-04
7.770408	-1.003638786e-03
7.775408	1.166247440e-03
7.780408	5.072821372e-04
7.785409	-7.166535127e-04
7.790409	-1.711601181e-03
7.795409	2.782944901e-04
7.800409	1.932207795e-03
7.805410	-7.746500238e-04
7.810410	-1.224626296e-03
7.815410	1.214245810e-03
7.820410	7.282714272e-04
7.825411	-3.336727260e-04
7.830411	2.772953174e-04
7.835411	-6.596553965e-04
7.840411	-2.206783263e-04
7.845412	1.052254973e-03
7.850412	9.382610659e-04
7.855412	-1.721599221e-03
7.860413	-3.757492258e-03
7.865413	3.352930408e-04
7.870413	2.428183304e-03
7.875413	8.902641309e-04
7.880414	6.602763105e-04
7.885414	-8.326452247e-04
7.890414	3.352935842e-04
7.895414	6.132791023e-04
7.900415	-2.766740802e-04
7.905415	8.312678772e-04
7.910415	1.825215817e-03
7.915415	-1.997583435e-03
7.920416	-1.385615446e-03
7.925416	1.549230625e-03
7.930416	-9.926358576e-04
7.935416	-9.366386896e-04
7.940417	4.492886766e-04
7.945417	9.372631718e-04
7.950417	1.053069437e-04
7.955418	-8.306438264e-04
7.960418	-1.156626611e-03
7.965418	6.112807063e-04
7.970418	1.377240611e-03
7.975419	-9.366378393e-04
7.980419	-8.796407252e-04
7.985419	3.131956931e-07
7.990419	-1.156625977e-03
7.995420	-1.716775669e-04
8.000420	1.205250270e-03
8.005420	3.318139479e-03
8.010420	1.940211905e-03
8.015421	-2.705544158e-03
8.020421	-2.207570189e-03
8.025421	-9.936337989e-04
8.030421	-1.385613122e-03
8.035422	1.711224444e-03
8.040422	2.323192429e-03
8.045422	2.772999112e-04
8.050423	-1.146794123e-04
8.055423	-1.328615595e-03
8.060423	6.122826393e-04
8.065423	-1.327615442e-03
8.070424	-2.542551573e-03
8.075424	1.166253872e-03
8.080424	1.723061424e-04
8.085424	7.742746503e-04
8.090425	1.817220013e-03
8.095425	3.154758823e-07
8.100425	-8.796382377e-04
8.105425	-1.136783376e-04
8.110426	2.203042348e-04
8.115426	3.342983532e-04
8.120426	-1.605599730e-03
8.125426	5.831304063e-05
8.130427	1.443240453e-03
8.135427	-1.109625458e-03
8.140427	-8.306400002e-04
8.145427	2.046209108e-03
8.150428	9.942644201e-04
8.155428	-1.825587479e-03
8.160428	7.752761138e-04
8.165429	-6.586485266e-04
8.170429	-3.916624398e-04
8.175429	-1.146768779e-04
8.180429	-2.196712679e-04
8.185430	1.988212950e-03
8.190430	-5.546534881e-04
8.195430	-1.261616284e-03
8.200430	2.543184119e-03
8.205431	3.263005710e-04
8.210431	-7.646420723e-04
8.215431	-4.396590309e-04
8.220431	2.314196531e-03
8.225432	8.322744075e-04
8.230432	-2.705539812e-03
8.235432	2.203067221e-04
8.240432	-4.386585946e-04
8.245433	1.053129523e-04
8.250433	1.214254846e-03
8.255433	-1.046758323e-04
8.260434	-1.931579850e-03
8.265434	-1.146751140e-04
8.270434	3.366142291e-03
8.275434	-5.536518814e-04
8.280435	-2.045573481e-03
8.285435	-1.056752014e-04
8.290435	-8.786345366e-04
8.295435	-1.626720183e-04
8.300436	-2.103570054e-03
8.305436	4.831709881e-05
8.310436	2.266200788e-03
8.315436	-1.710590394e-03
8.320437	8.892732463e-04
8.325437	1.271253293e-03
8.330437	-3.593491286e-03
8.335437	2.104209764e-03
8.340438	3.364143730e-03
8.345438	-2.208563691e-03
8.350438	-2.484549112e-03
8.355439	3.145155506e-03
8.360439	2.161207242e-03
8.365439	-2.044571923e-03
8.370439	-1.051623945e-03
8.375440	-1.596595249e-03
8.380440	-4.396558781e-04
8.385440	1.989216735e-03
8.390440	1.157260493e-03
8.395441	-1.051623481e-03
8.400441	-1.051623388e-03
8.405441	-1.716694808e-04
8.410441	1.329251835e-03
8.415442	6.122895569e-04
8.420442	2.203102217e-04
8.425442	-1.051622929e-03
8.430442	-1.596594235e-03
8.435443	1.052266831e-03
8.440443	2.314200689e-03
8.445443	1.214258510e-03
8.450443	-4.966516015e-04
8.455444	-1.653590789e-03
8.460444	-1.930576161e-03
8.465444	-9.366282379e-04
8.470445	-6.116452045e-04
8.475445	1.817227406e-03
8.480445	2.218206450e-03
8.485445	4.972968619e-04
8.490446	-5.536478896e-04
8.495446	-1.376604607e-03
8.500446	2.193117199e-04
8.505446	-1.146706620e-04
8.510447	1.768230602e-03
8.515447	3.353058985e-04
8.520447	-1.327606735e-03
8.525447	-9.936241755e-04
8.530448	-1.386603462e-03
8.535448	7.742832118e-04
8.540448	-1.046705683e-04
8.545448	1.606239722e-03
8.550449	-4.966498199e-04
8.555449	-1.002623176e-03
8.560449	1.932222875e-03
8.565450	-8.796294575e-04
8.570450	-3.246584983e-04
8.575450	1.214260818e-03
8.580450	-9.466256809e-04
8.585451	-1.328605546e-03
8.590451	-3.816551608e-04
8.595451	6.602902386e-04
8.600451	1.826229130e-03
8.605452	-4.767243214e-05
8.610452	-1.051619654e-03
8.615452	-4.966486965e-04
8.620452	-1.547593452e-03
8.625453	-3.916540367e-04
8.630453	6.022938808e-04
8.635453	-6.586398541e-04
8.640453	-6.596397170e-04
8.645454	3.536140151e-03
8.650454	3.317151729e-03
8.655454	-2.484543684e-03
8.660455	-9.936218509e-04
8.665455	1.769233224e-03
8.670455	3.353085675e-04
8.675455	-6.696386042e-04
8.680456	-1.883574807e-03
8.685456	-5.536445256e-04
8.690456	-5.667052632e-05
8.695456	2.303144941e-04
8.700457	-2.676592870e-04
8.705457	-9.946210497e-04
8.710457	-1.716641604e-04
8.715457	2.046219516e-03
8.720458	1.166265782e-03
8.725458	-2.599536487e-03
8.730458	-7.826317657e-04
8.735458	7.742866007e-04
8.740459	3.343097744e-04
8.745459	-6.116404960e-04
8.750459	8.902807565e-04
8.755460	1.329257798e-03
8.760460	-1.271605615e-03
8.765460	-1.662585014e-03
8.770460	1.434252529e-03
8.775461	1.663240591e-03
8.780461	-2.196605050e-04
8.785461	-2.925518408e-03
8.790461	-1.716628644e-04
8.795462	1.492249884e-03
8.800462	-1.538590962e-03
8.805462	3.283469611e-07
8.810462	6.592938402e-04
8.815463	3.823084568e-04
8.820463	6.122964646e-04
8.825463	-4.966452538e-04
8.830463	-5.666826755e-05
8.835464	1.153227838e-04
8.840464	6.112968306e-04
8.845464	2.266210050e-03
8.850464	-3.916503737e-04
8.855465	-1.214607103e-03
8.860465	-1.489592593e-03
8.865465	-1.279603537e-03
8.870466	8.882827585e-04
8.875466	3.913089192e-04
8.880466	7.662893151e-04
8.885466	7.752889195e-04
8.890467	-2.686562124e-04
8.895467	1.623212441e-04
8.900467	-7.826290839e-04
8.905467	8.322862330e-04
8.910468	6.112979075e-04
8.915468	-2.876518958e-03
8.920468	9.372809495e-04
8.925468	1.386257460e-03
8.930469	-1.490591473e-03
8.935469	1.157269629e-03
8.940469	1.386257685e-03
8.945469	-4.406463546e-04
8.950470	-1.385596684e-03
8.955470	1.215266883e-03
8.960470	3.307237970e-07
8.965471	-3.316495118e-03
8.970471	1.052275660e-03
8.975471	6.692958347e-04
8.980471	-1.376596713e-03
8.985472	8.312874795e-04
8.990472	5.543020904e-04
8.995472	-4.486451967e-04
9.000472	4.832879244e-05
9.005473	3.353138027e-04
9.010473	-7.166309132e-04
9.015473	4.393084895e-04
9.020473	2.428204174e-03
9.025474	4.413085289e-04
9.030474	-3.804468559e-03
9.035474	3.913112967e-04
9.040474	1.817236528e-03
9.045475	-9.936158722e-04
9.050475	1.153259961e-04
9.055475	-8.316242320e-04
9.060476	1.214268460e-03
9.065476	1.109274041e-03
9.070476	-2.322545768e-03
9.075476	1.816237077e-03
9.080477	1.271265750e-03
9.085477	-2.255549074e-03
9.090477	-4.966413206e-04
9.095477	-1.825571502e-03
9.100478	5.543036597e-04
9.105478	1.157272082e-03
9.110478	1.607248534e-03
9.115478	-5.536379819e-04
9.120479	-2.599530534e-03
9.125479	-3.246498627e-04
9.130479	1.596249387e-03
9.135479	2.428205790e-03
9.140480	-3.826466134e-04
9.145480	-1.825570813e-03
9.150480	7.752927480e-04
9.155481	7.172958598e-04
9.160481	3.353159757e-04
9.165481	4.973075410e-04
9.170481	2.773191544e-04
9.175482	-2.313544797e-03
9.180482	-2.160552759e-03
9.185482	3.146168783e-03
9.190482	7.742933381e-04
9.195483	-1.328596225e-03
9.200483	-1.155605238e-03
9.205483	-4.396427493e-04
9.210483	3.823141761e-04
9.215484	3.342901597e-07
9.220484	-1.270598939e-03
9.225484	1.052279210e-03
9.230484	1.271267781e-03
9.235485	1.143285687e-04
9.240485	-1.050610224e-03
9.245485	-2.493534427e-03
9.250485	1.710245001e-03
9.255486	2.045227484e-03
9.260486	-8.206220371e-04
9.265486	-8.306214482e-04
9.270487	1.768242214e-03
9.275487	-4.966388495e-04
9.280487	-2.150551980e-03
9.285487	3.343176647e-04
9.290488	1.654248451e-03
9.295488	7.172976904e-04
9.300488	-4.966385330e-04
9.305488	4.973093623e-04
9.310489	1.157274786e-03
9.315489	3.923149980e-04
9.320489	1.051280474e-03
9.325489	-4.496406874e-04
9.330490	-1.490585991e-03
9.335490	3.358193123e-07
9.340490	-9.936119515e-04
9.345490	-1.537583340e-03
9.350491	2.193245101e-04
9.355491	7.742954435e-04
9.360491	2.438208174e-03
9.365492	1.816240879e-03
9.370492	-2.876512761e-03
9.375492	-1.490585441e-03
9.380492	3.823163197e-04
9.385493	-1.626550172e-04
9.390493	-1.270596807e-03
9.395493	-1.107605302e-03
9.400493	2.600200153e-03
9.405494	5.543075917e-04
9.410494	-8.316196083e-04
9.415494	-7.736225932e-04
9.420494	-7.736225342e-04
9.425495	2.763191894e-03
9.430495	9.952847418e-04
9.435495	-1.768570138e-03
9.440495	-5.765987748e-05
9.445496	1.723281097e-04
9.450496	5.833415064e-05
9.455496	-5.536336723e-04
9.460497	-1.711572840e-03
9.465497	8.222942269e-04
9.470497	2.486206953e-03
9.475497	-1.376590250e-03
9.480498	-2.590526479e-03
9.485498	-5.665941288e-05
9.490498	-1.882563523e-03
9.495498	6.123055894e-04
9.500499	1.386265024e-03
9.505499	-8.316185135e-04
9.510499	1.988233542e-03
9.515499	1.940236117e-03
9.520500	-2.296499406e-04
9.525500	2.683239786e-04
9.530500	6.133059274e-04
9.535500	-7.646216967e-04
9.540501	-1.433586531e-03
9.545501	-2.286497176e-04
9.550501	-1.051606470e-03
9.555501	-6.016300326e-04
9.560502	1.214274714e-03
9.565502	2.428211054e-03
9.570502	1.272271778e-03
9.575503	-9.366122349e-04
9.580503	-5.546322296e-04
9.585503	-3.346437223e-04
9.590503	-9.936090832e-04
9.595504	2.773242648e-04
9.600504	3.923182822e-04
9.605504	-3.906405713e-04
9.610504	-4.486374747e-04
9.615505	5.543099378e-04
9.620505	7.263009631e-04
9.625505	1.052283906e-03
9.630505	-4.396377384e-04
9.635506	-1.109602523e-03
9.640506	6.023076782e-04
9.645506	3.923187509e-04
9.650506	1.110281120e-03
9.655507	7.183017440e-04
9.660507	-2.206489242e-04
9.665507	1.153334925e-04
9.670508	1.597255764e-03
9.675508	3.243226246e-04
9.680508	-2.427532894e-03
9.685508	-1.318591046e-03
9.690509	9.942876116e-04
9.695509	7.173021989e-04
9.700509	-1.108601919e-03
9.705509	5.553108000e-04
9.710510	1.769247136e-03
9.715510	-1.166598727e-03
9.720510	-1.816564565e-03
9.725510	-4.765735727e-05
9.730511	3.253231153e-04
9.735511	-3.336422504e-04
9.740511	1.434265009e-03
9.745511	-1.146536478e-04
9.750512	3.403645687e-07
9.755512	1.329270663e-03
9.760512	-1.930558197e-03
9.765513	7.742998857e-04
9.770513	3.405543227e-07
9.775513	-2.436531499e-03
9.780513	-7.156217744e-04
9.785514	-1.816563945e-03
9.790514	1.548259499e-03
9.795514	3.041181189e-03
9.800514	-8.886125093e-04
9.805515	3.243238756e-04
9.810515	1.329271177e-03
9.815515	-9.936068611e-04
9.820515	-1.271592225e-03
9.825516	-1.433583678e-03
9.830516	-1.212595231e-03
9.835516	1.711251355e-03
9.840516	-6.606241120e-04
9.845517	-2.321536894e-03
9.850517	1.263275001e-03
9.855517	7.833002368e-04
9.860518	3.413747076e-07
9.865518	2.209225485e-03
9.870518	1.491263211e-03
9.875518	-2.102548123e-03
9.880519	7.273033948e-04
9.885519	2.103231222e-03
9.890519	-1.726492846e-04
9.895519	-1.386585528e-03
9.900520	-4.665581163e-05
9.905520	1.723327373e-04
9.910520	-1.214594427e-03
9.915520	-5.536290757e-04
9.920521	4.833937197e-05
9.925521	6.593073471e-04
9.930521	1.272275217e-03
9.935521	-9.356088600e-04
9.940522	-5.765489819e-05
9.945522	2.590206170e-03
9.950522	-2.186463662e-04
9.955522	-5.436292685e-04
9.960523	8.892955649e-04
9.965523	-5.546286099e-04
9.970523	-3.814457477e-03
9.975524	5.553132153e-04
9.980524	2.093232537e-03
9.985524	-1.051602366e-03
9.990524	2.303303917e-04
9.995525	-1.146514623e-04
10.000525	-1.270590753e-03
10.005525	5.543135056e-04
10.010525	4.393195801e-04
10.015526	1.272275901e-03
10.020526	1.052287486e-03
10.025526	-5.665427250e-05
10.030526	1.329273025e-03
10.035527	-1.319587911e-03
10.040527	8.792967185e-04
10.045527	1.053373778e-04
10.050527	-2.819509073e-03
10.055528	-4.966309526e-04
10.060528	7.753023271e-04
10.065528	-2.186454682e-04
10.070529	1.663255797e-03
10.075529	6.593085260e-04
10.080529	-2.102546481e-03
10.085529	6.123110659e-04
10.090530	7.743026000e-04
10.095530	-8.886100856e-04
10.100530	-1.767563918e-03
10.105530	1.491265078e-03
10.110531	3.433649772e-07
10.115531	-1.261590367e-03
10.120531	1.271276731e-03
10.125531	1.053379602e-04
10.130532	3.833234050e-04
10.135532	-2.186449658e-04
10.140532	-7.176187424e-04
10.145532	5.553144819e-04
10.150533	9.372944679e-04
10.155533	-1.491578018e-03
10.160533	-1.318587064e-03
10.165534	-1.716472273e-04
10.170534	-2.766416831e-04
10.175534	-3.246391305e-04
10.180534	9.942916784e-04
10.185535	-2.286441025e-04
10.190535	2.203323658e-04
10.195535	9.462942963e-04
10.200535	-7.166183929e-04
10.205536	1.328274313e-03
10.210536	2.773295042e-04
10.215536	-2.856409161e-04
10.220536	-3.346383126e-04
10.225537	-1.261589630e-03
10.230537	-6.586212451e-04
10.235537	1.434268941e-03
10.240537	1.492265928e-03
10.245538	-2.196441912e-04
10.250538	1.623357913e-04
10.255538	-8.886090190e-04
10.260538	-1.385582905e-03
10.265539	-2.676415497e-04
10.270539	4.963183839e-04
10.275539	1.053389345e-04
10.280540	9.472947742e-04
10.285540	1.607260165e-03
10.290540	3.445341554e-07
10.295540	-1.271588679e-03
10.300541	-1.136494244e-04
10.305541	-7.256172762e-04
10.310541	-5.456266942e-04
10.315541	9.932925640e-04
10.320542	-4.966292088e-04
10.325542	4.503211187e-04
10.330542	3.308171152e-03
10.335542	-1.051599997e-03
10.340543	-3.202487079e-03
10.345543	1.100287117e-03
10.350543	-7.156175479e-04
10.355543	-1.099597367e-03
10.360544	2.600208475e-03
10.365544	-5.536259688e-04
10.370544	-6.116228981e-04
10.375545	2.773304716e-04
10.380545	-1.108596761e-03
10.385545	1.663257784e-03
10.390545	1.153390525e-04
10.395546	-1.604570652e-03
10.400546	4.403220473e-04
10.405546	-3.346372533e-04
10.410546	9.362960669e-04
10.415547	2.600208761e-03
10.420547	-2.150541870e-03
10.425547	-1.136487514e-04
10.430547	8.323016249e-04
10.435548	3.453147704e-07
10.440548	-1.165593466e-03
10.445548	-2.533521646e-03
10.450548	2.773308497e-04
10.455549	2.037238504e-03
10.460549	1.051290276e-03
10.465549	-1.434579229e-03
10.470550	-5.536254431e-04
10.475550	-2.766399576e-04
10.480550	-6.016228779e-04
10.485550	-1.710564652e-03
10.490551	6.593109872e-04
10.495551	4.474110789e-03
10.500551	3.456179038e-07
10.505551	-2.485523889e-03
10.510552	-7.156167606e-04
10.515552	2.209229750e-03
10.520552	8.792995733e-04
10.525552	-4.966281895e-04
10.530553	1.723367211e-04
10.535553	-2.766396933e-04
10.540553	-1.385581469e-03
10.545553	-1.434578877e-03
10.550554	3.202177783e-03
10.555554	8.892991949e-04
10.560554	5.834282799e-05
10.565555	6.603112536e-04
10.570555	-1.213590374e-03
10.575555	-2.766395307e-04
10.580555	-8.896073395e-04
10.585556	-2.196424833e-04
10.590556	1.779252624e-03
10.595556	9.942938412e-04
10.600556	-1.778560606e-03
10.605557	-6.106218869e-04
10.610557	1.549264770e-03
10.615557	5.734309165e-05
10.620557	-1.046483880e-04
10.625558	-7.746132068e-04
10.630558	-5.536247876e-04
10.635558	-1.146478097e-04
10.640558	-1.710564030e-03
10.645559	-2.096427891e-04
10.650559	1.319276982e-03
10.655559	3.833261229e-04
10.660559	-8.796075750e-04
10.665560	6.113141903e-04
10.670560	8.803000890e-04
10.675560	-1.107595560e-03
10.680561	-1.056481310e-04
10.685561	2.103235951e-03
10.690561	2.266227412e-03
10.695561	-2.160540232e-03
10.700562	-1.616451293e-04
10.705562	2.203348377e-04
10.710562	-6.116214819e-04
10.715562	-1.616450840e-04
10.720563	-2.766390338e-04
10.725563	2.160233081e-03
10.730563	1.223282271e-03
10.735563	-1.337583307e-03
10.740564	-2.437525562e-03
10.745564	-1.873555148e-03
10.750564	-3.336359576e-04
10.755564	2.046239148e-03
10.760565	-1.626449052e-04
10.765565	-1.662566168e-03
10.770565	1.633380117e-04
10.775566	1.280279402e-03
10.780566	1.167285345e-03
10.785566	4.413234596e-04
10.790566	1.376274401e-03
10.795567	-2.296413003e-04
10.800567	-3.918447681e-03
10.805567	-7.076161899e-04
10.810567	1.931245321e-03
10.815568	1.043291936e-03
10.820568	-1.108595110e-03
10.825568	1.723376711e-04
10.830568	2.332224320e-03
10.835569	-8.316096149e-04
10.840569	-4.486297050e-04
10.845569	6.113146740e-04
10.850569	-1.882554425e-03
10.855570	4.934418947e-05
10.860570	-4.396301367e-04
10.865570	4.493232161e-04
10.870571	-3.816331614e-04
10.875571	-6.116210811e-04
10.880571	1.156286139e-03
10.885571	-1.051597971e-03
10.890572	1.664259496e-03
10.895572	2.601210329e-03
10.900572	-1.214589390e-03
10.905572	-1.385580407e-03
10.910573	-1.547571897e-03
10.915573	-1.099595401e-03
10.920573	2.313225485e-03
10.925573	-2.599516662e-03
10.930574	-1.758560792e-03
10.935574	3.259175859e-03
10.940574	-3.906325733e-04
10.945574	5.834386911e-05
10.950575	-2.196415340e-04
10.955575	3.469265302e-07
10.960575	1.816251625e-03
10.965575	3.833268385e-04
10.970576	1.004294253e-03
10.975576	1.500268228e-03
10.980576	2.203354110e-04
10.985577	-1.222588851e-03
10.990577	-7.166154020e-04
10.995577	-2.819505026e-03
11.000577	-6.696178583e-04
11.005578	3.259175943e-03
11.010578	-1.270586307e-03
11.015578	-1.490574756e-03
11.020578	-4.396299106e-04
11.025579	-1.261586766e-03
11.030579	7.743063840e-04
11.035579	4.403239170e-04
11.040579	-5.664999555e-05
11.045580	-1.108594781e-03
11.050580	3.353294382e-04
11.055580	2.046239644e-03
11.060580	-1.146469385e-04
11.065581	6.113149621e-04
11.070581	3.923264585e-04
11.075581	-1.050597807e-03
11.080582	-8.886063067e-04
11.085582	9.372978625e-04
11.090582	7.263089383e-04
11.095582	-2.776383675e-04
11.100583	-2.159539594e-03
11.105583	-4.386299148e-04
11.110583	2.265228174e-03
11.115583	-2.196414060e-04
11.120584	1.052291837e-03
11.125584	-9.366037744e-04
11.130584	-1.213589236e-03
11.135584	1.262280818e-03
11.140585	-9.366037731e-04
11.145585	4.403239587e-04
11.150585	2.256228651e-03
11.155585	-1.204589708e-03
11.160586	-3.201484901e-03
11.165586	-2.856379404e-04
11.170586	1.633384942e-04
11.175587	9.462973995e-04
11.180587	1.882248275e-03
11.185587	-5.764991058e-05
11.190587	2.486216573e-03
11.195588	1.633384877e-04
11.200588	-1.988548572e-03
11.205588	-7.646128124e-04
11.210588	-9.356038401e-04
11.215589	1.157286312e-03
11.220589	1.100289301e-03
11.225589	-2.766384335e-04
11.230589	-1.711563124e-03
11.235590	-8.796067924e-04
11.240590	-6.586183942e-04
11.245590	1.042292330e-03
11.250590	-7.746123132e-04
11.255591	-2.196414446e-04
11.260591	2.590211076e-03
11.265591	6.693118906e-04
11.270592	-8.206099148e-04
11.275592	-1.662565729e-03
11.280592	-3.346354302e-04
11.285592	-2.766384790e-04
11.290593	9.462973301e-04
11.295593	8.893003165e-04
11.300593	-5.536239566e-04
11.305593	1.272280205e-03
11.310594	1.548265714e-03
11.315594	-1.940551180e-03
11.320594	-6.106209878e-04
11.325594	8.313033264e-04
11.330595	2.773323954e-04
11.335595	1.053414159e-04
11.340595	-5.546239524e-04
11.345595	-2.149540250e-03
11.350596	-7.156155165e-04
11.355596	3.468989578e-07
11.360596	1.156286222e-03
11.365596	3.652155218e-03
11.370597	3.353292949e-04
11.375597	-7.736125100e-04
11.380597	4.403237684e-04
11.385598	-2.217536742e-03
11.390598	-2.150540266e-03
11.395598	1.548265593e-03
11.400598	9.362977033e-04
11.405599	2.773322803e-04
11.410599	-8.876065867e-04
11.415599	-1.616446981e-04
11.420599	2.103236420e-03
11.425600	-4.396301270e-04
11.430600	-2.427525802e-03
11.435600	-4.396301466e-04
11.440600	8.793006190e-04
11.445601	8.803005562e-04
11.450601	-3.816332214e-04
11.455601	2.265227847e-03
11.460601	-4.396301987e-04
11.465602	-3.430473235e-03
11.470602	5.543176117e-04
11.475602	-1.711563474e-03
11.480603	1.157285942e-03
11.485603	3.538160970e-03
11.490603	-1.156592637e-03
11.495603	-1.768560530e-03
11.500604	3.833265159e-04
11.505604	1.434271345e-03
11.510604	-1.213589695e-03
11.515604	-9.366042448e-04
11.520605	5.453179634e-04
11.525605	3.465533303e-07
11.530605	2.293345217e-04
11.535605	1.329276778e-03
11.540606	1.548265270e-03
11.545606	-1.433578241e-03
11.550606	4.934391408e-05
11.555606	7.173088418e-04
11.560607	-1.930552199e-03
11.565607	3.464430844e-07
11.570607	1.433271221e-03
11.575608	-8.316099208e-04
11.580608	-2.590517619e-03
11.585608	-3.336360870e-04
11.590608	2.371221933e-03
11.595609	1.606262066e-03
11.600609	-6.586190765e-04
11.605609	-6.126215065e-04
11.610609	3.343287768e-04
11.615610	-1.317584538e-03
11.620610	2.683322082e-04
11.625610	1.491268006e-03
11.630610	-8.216106190e-04
11.635611	-1.987549441e-03
11.640611	-1.882554969e-03
11.645611	1.710256445e-03
11.650611	3.097183634e-03
11.655612	5.834311080e-05
11.660612	9.372969611e-04
11.665612	-9.936017132e-04
11.670613	-1.596570084e-03
11.675613	-1.146478814e-04
11.680613	3.253290080e-04
11.685613	2.381221086e-03
11.690614	3.460276143e-07
11.695614	-2.322532075e-03
11.700614	-1.709564265e-03
11.705614	3.913254499e-04
11.710615	1.099288273e-03
11.715615	-1.328584319e-03
11.720615	3.459119150e-07
11.725615	3.366169236e-03
11.730616	1.052290660e-03
11.735616	-1.491575844e-03
11.740616	7.743052100e-04
11.745616	-1.616456871e-04
11.750617	-1.434578898e-03
11.755617	1.623372670e-04
11.760617	9.382965195e-04
11.765617	1.826249894e-03
11.770618	-6.596196563e-04
11.775618	-5.536252410e-04
11.780618	7.743050406e-04
11.785619	3.923250669e-04
11.790619	-1.653567576e-03
11.795619	-2.322532488e-03
11.800619	-3.906339062e-04
11.805620	1.768252762e-03
11.810620	2.103235157e-03
11.815620	-1.987550160e-03
11.820620	-2.542521056e-03
11.825621	1.825249678e-03
11.830621	1.214281721e-03
11.835621	2.213338125e-04
11.840621	-1.433579353e-03
11.845622	-3.709459927e-03
11.850622	3.823252908e-04
11.855622	1.110287059e-03
11.860622	-7.166170799e-04
11.865623	1.156284596e-03
11.870623	1.329275492e-03
11.875623	-8.216116438e-04
11.880624	1.434269931e-03
11.885624	1.653258412e-03
11.890624	-5.546257327e-04
11.895624	-1.327585190e-03
11.900625	-1.270588207e-03
11.905625	1.153390264e-04
11.910625	2.486214564e-03
11.915625	6.113129425e-04
11.920626	1.143389997e-04
11.925626	-1.604570810e-03
11.930626	-1.385582330e-03
11.935626	9.362957784e-04
11.940627	-3.144490068e-03
11.945627	-1.376582885e-03
11.950627	5.453162167e-04
11.955627	4.934222019e-05
11.960628	1.663257486e-03
11.965628	2.437216836e-03
11.970628	3.447074792e-07
11.975629	-1.327585624e-03
11.980629	1.435269338e-03
11.985629	1.098286996e-03
11.990629	-1.548574112e-03
11.995630	-2.666414237e-04
12.000630	2.437216635e-03
12.005630	3.823244564e-04
12.010630	-1.825559692e-03
12.015631	-1.107597404e-03
12.020631	-1.136496018e-04
12.025631	3.343268559e-04
12.030631	1.143383717e-04
12.035632	6.123122049e-04
12.040632	3.353267119e-04
12.045632	1.214280549e-03
12.050632	1.052289020e-03
12.055633	-5.665280810e-05
12.060633	-1.711565981e-03
12.065633	1.109285934e-03
12.070633	1.633355512e-04
12.075634	1.623355718e-04
12.080634	-5.765291417e-05
12.085634	-2.819507990e-03
12.090635	1.386271237e-03
12.095635	6.123118254e-04
12.100635	-7.256179858e-04
12.105635	-2.542522658e-03
12.110636	2.293318275e-04
12.115636	3.977135090e-03
12.120636	3.263266700e-04
12.125636	-1.271589497e-03
12.130637	-1.271589530e-03
12.135637	-7.166186921e-04
12.140637	-2.207540475e-03
12.145637	3.823235614e-04
12.150638	1.874245223e-03
12.155638	-1.040601825e-03
12.160638	3.343259767e-04
12.165638	-2.196449830e-04
12.170639	-4.765404511e-05
12.175639	1.434268141e-03
12.180639	-1.716476080e-04
12.185640	-5.546275429e-04
12.190640	8.322996282e-04
12.195640	6.123111383e-04
12.200640	-1.213593065e-03
12.205641	-8.886101580e-04
12.210641	1.931241805e-03
12.215641	3.431119492e-07
12.220641	-2.196453787e-04
12.225642	1.606258751e-03
12.230642	-1.108598796e-03
12.235642	-1.605572750e-03
12.240642	3.429261027e-07
12.245643	1.051287729e-03
12.250643	-8.786110174e-04
12.255643	-2.149544350e-03
12.260643	5.453141714e-04
12.265644	1.376270520e-03
12.270644	-6.016257081e-04
12.275644	6.693075480e-04
12.280645	4.973165361e-04
12.285645	-6.106253524e-04
12.290645	-1.056518952e-04
12.295645	8.222993617e-04
12.300646	1.319273238e-03
12.305646	-6.596229386e-04
12.310646	2.773278455e-04
12.315646	-9.356085334e-04
12.320647	-6.016261028e-04
12.325647	1.623337602e-04
12.330647	2.103312005e-04
12.335647	-5.665482742e-05
12.340648	6.133099684e-04
12.345648	-1.042603162e-03
12.350648	-1.319588665e-03
12.355648	1.329272267e-03
12.360649	-5.536289499e-04
12.365649	-1.499579343e-03
12.370649	6.023102967e-04
12.375650	2.657202403e-03
12.380650	-4.765567409e-05
12.385650	-2.322536319e-03
12.390650	2.113306479e-04
12.395651	-2.196467749e-04
12.400651	-3.246413072e-04
12.405651	1.883242768e-03
12.410651	1.623330474e-04
12.415652	3.833214053e-04
12.420652	1.329271713e-03
12.425652	-4.966324976e-04
12.430652	-6.116265061e-04
12.435653	-8.316150041e-04
12.440653	-6.596240753e-04
12.445653	2.208225361e-03
12.450653	-2.766442652e-04
12.455654	-1.872560548e-03
12.460654	1.663253829e-03
12.465654	-1.146529023e-04
12.470654	1.633324622e-04
12.475655	2.293289529e-04
12.480655	-3.906385537e-04
12.485655	6.603062415e-04
12.490656	4.963148026e-04
12.495656	9.942886202e-04
12.500656	-1.213595545e-03
12.505656	1.386267954e-03
12.510657	3.353230666e-04
12.515657	-1.385586658e-03
12.520657	-6.116273264e-04
12.525657	-7.166218630e-04
12.530658	4.973143760e-04
12.535658	6.603057739e-04
12.540658	-7.646194864e-04
12.545658	-1.930558340e-03
12.550659	2.256221868e-03
12.555659	1.597256406e-03
12.560659	-2.541526418e-03
12.565659	2.283281576e-04
12.570660	2.992183047e-03
12.575660	-6.686248633e-04
12.580660	-1.500581247e-03
12.585661	8.902932184e-04
12.590661	-1.538579351e-03
12.595661	-1.109601916e-03
12.600661	3.145174722e-03
12.605662	2.104229306e-03
12.610662	-2.599523867e-03
12.615662	-2.766458335e-04
12.620662	1.224275340e-03
12.625663	-4.396373798e-04
12.630663	4.973133935e-04
12.635663	-8.316169083e-04
12.640663	-3.346430431e-04
12.645664	-5.765763199e-05
12.650664	-5.546315996e-04
12.655664	-8.876141746e-04
12.660664	7.173015394e-04
12.665665	2.045231791e-03
12.670665	-1.261594702e-03
12.675665	-1.046554763e-04
12.680666	4.833644150e-05
12.685666	-1.825565259e-03
12.690666	-2.093551246e-03
12.695666	1.052283591e-03
12.700667	2.203272032e-04
12.705667	-1.662574026e-03
12.710667	2.209222709e-03
12.715667	8.882919846e-04
12.720668	-3.346438831e-04
12.725668	-7.736208973e-04
12.730668	3.353208456e-04
12.735668	8.322947076e-04
12.740669	2.193268249e-04
12.745669	1.623297618e-04
12.750669	-4.386387510e-04
12.755669	2.773236166e-04
12.760670	-1.146558654e-04
12.765670	-1.046564455e-04
12.770670	1.329268239e-03
12.775670	-1.327592371e-03
12.780671	8.322942117e-04
12.785671	2.151224931e-03
12.790671	-2.103551812e-03
12.795672	-2.265543366e-03
12.800672	1.053321416e-04
12.805672	1.884238719e-03
12.810672	3.923169657e-04
12.815673	5.543084066e-04
12.820673	3.923168517e-04
12.825673	-1.051607421e-03
12.830673	3.373100276e-07
12.835674	6.033056055e-04
12.840674	3.263200853e-04
12.845674	1.143311537e-04
12.850674	-1.626543668e-04
12.855675	-1.156602258e-03
12.860675	-5.546339105e-04
12.865675	9.382876747e-04
12.870675	9.382876159e-04
12.875676	-1.386590421e-03
12.880676	-6.596286353e-04
12.885676	5.733367549e-05
12.890677	-7.166257626e-04
12.895677	1.215272782e-03
12.900677	-1.050608353e-03
12.905677	1.153303927e-04
12.910678	1.988232033e-03
12.915678	-7.276254851e-04
12.920678	5.733325574e-05
12.925678	-6.016322190e-04
12.930679	-7.736232528e-04
12.935679	-4.956379039e-04
12.940679	2.160222642e-03
12.945679	2.150223105e-03
12.950680	-2.379539211e-03
12.955680	-1.375591965e-03
12.960680	6.603011191e-04
12.965680	2.193242019e-04
12.970681	-8.796181821e-04
12.975681	3.355711128e-07
12.980681	-3.916439182e-04
12.985682	-1.050609395e-03
12.990682	7.172977533e-04
12.995682	2.266216395e-03
13.000682	-1.595580981e-03
13.005683	-1.051609595e-03
13.010683	8.312915175e-04
13.015683	6.702999035e-04
13.020683	3.365158400e-03
13.025684	-1.329595259e-03
13.030684	-2.101554807e-03
13.035684	4.403117183e-04
13.040684	3.343172169e-04
13.045685	-2.044557992e-03
13.050685	-7.166277535e-04
13.055685	3.212165978e-03
13.060685	-5.546363857e-04
13.065686	-5.066389702e-04
13.070686	4.973082720e-04
13.075686	-3.246486531e-04
13.080687	1.153281889e-04
13.085687	7.742935370e-04
13.090687	-3.346483261e-04
13.095687	-1.626574194e-04
13.100688	-5.666304897e-05
13.105688	8.232906999e-04
13.110688	1.444258042e-03
13.115688	3.923131861e-04
13.120689	-1.281599025e-03
13.125689	-1.825570542e-03
13.130689	-1.375594227e-03
13.135689	1.271266785e-03
13.140690	2.601196915e-03
13.145690	-9.456169977e-04
13.150690	3.332858526e-07
13.155690	-5.446381795e-04
13.160691	-7.266286962e-04
13.165691	1.272266323e-03
13.170691	-1.701577663e-03
13.175691	-9.376178287e-04
13.180692	1.377260605e-03
13.185692	-9.456175472e-04
13.190692	-9.366180890e-04
13.195693	1.884233789e-03
13.200693	1.262266363e-03
13.205693	-2.428539995e-03
13.210693	-1.041612858e-03
13.215694	1.377260117e-03
13.220694	-1.165606491e-03
13.225694	2.370207861e-03
13.230694	2.208216292e-03
13.235695	-3.038508403e-03
13.240695	-7.076308109e-04
13.245695	4.963059290e-04
13.250695	-5.666511964e-05
13.255696	-8.206250946e-04
13.260696	-1.882569430e-03
13.265696	7.742910522e-04
13.270696	1.988227267e-03
13.275697	-8.886218138e-04
13.280697	5.543023816e-04
13.285697	2.161217970e-03
13.290698	-7.156311110e-04
13.295698	2.773167011e-04
13.300698	1.052275954e-03
13.305698	-1.768576066e-03
13.310699	-2.485538510e-03
13.315699	-1.165607860e-03
13.320699	2.093221026e-03
13.325699	2.600194344e-03
13.330700	3.353131422e-04
13.335700	-1.768576509e-03
13.340700	-8.796232403e-04
13.345700	1.884231624e-03
13.350701	-1.716605471e-04
13.355701	-8.316259835e-04
13.360701	3.302760478e-07
13.365701	-4.966437154e-04
13.370702	-6.106378078e-04
13.375702	1.157269328e-03
13.380702	1.549248679e-03
13.385703	-3.816500533e-04
13.390703	-8.796239931e-04
13.395703	-9.376210253e-04
13.400703	1.654242864e-03
13.405704	-1.279603229e-03
13.410704	-8.316268179e-04
13.415704	2.160216078e-03
13.420704	-7.076334796e-04
13.425705	-1.271603957e-03
13.430705	-9.936186241e-04
13.435705	4.973030471e-04
13.440705	1.596245291e-03
13.445706	7.182912930e-04
13.450706	-3.336535735e-04
13.455706	-2.427543753e-03
13.460706	5.552996132e-04
13.465707	1.605244428e-03
13.470707	-2.265552491e-03
13.475707	1.157267783e-03
13.480708	8.892817692e-04
13.485708	-1.442595921e-03
13.490708	1.874229916e-03
13.495708	-2.676577465e-04
13.500709	-1.271605134e-03
13.505709	5.542989536e-04
13.510709	7.752872750e-04
13.515709	2.103168475e-04
13.520710	-6.596375731e-04
13.525710	-6.016406975e-04
13.530710	-2.045564993e-03
13.535710	-5.536433780e-04
13.540711	2.706185448e-03
13.545711	1.153213493e-04
13.550711	-1.146666610e-04
13.555711	-1.500594002e-03
13.560712	-2.106617857e-04
13.565712	3.270155441e-03
13.570712	1.215263211e-03
13.575712	6.022953005e-04
13.580713	5.442982622e-04
13.585713	-1.596589455e-03
13.590713	-2.427545925e-03
13.595714	-2.286614165e-04
13.600714	2.161213068e-03
13.605714	4.963003679e-04
13.610714	-1.663586353e-03
13.615715	-2.666597546e-04
13.620715	-1.547592608e-03
13.625715	-1.442598202e-03
13.630715	8.892793247e-04
13.635716	1.051270739e-03
13.640716	-3.916536135e-04
13.645716	9.942735616e-04
13.650716	1.223261459e-03
13.655717	-8.786283080e-04
13.660717	3.263083659e-04
13.665717	-1.626660552e-04
13.670717	-3.826545942e-04
13.675718	-3.336572511e-04
13.680718	-9.936226982e-04
13.685718	3.537139418e-03
13.690719	-5.667204557e-05
13.695719	-1.605590836e-03
13.700719	3.317150707e-03
13.705719	-2.093565397e-03
13.710720	-3.431495262e-03
13.715720	1.204261343e-03
13.720720	2.600187991e-03
13.725720	4.503007409e-04
13.730721	3.242709125e-07
13.735721	-1.108617613e-03
13.740721	-1.873577552e-03
13.745721	1.329254260e-03
13.750722	-1.499597355e-03
13.755722	4.403007409e-04
13.760722	2.438195793e-03
13.765722	-1.605592056e-03
13.770723	-1.720586109e-03
13.775723	-2.676624546e-04
13.780723	6.692882807e-04
13.785724	2.543189840e-03
13.790724	3.154157684e-03
13.795724	-2.102566505e-03
13.800724	-2.045569586e-03
13.805725	1.434247686e-03
13.810725	-5.536480688e-04
13.815725	-1.626686792e-04
13.820725	3.263055670e-04
13.825726	-1.051622202e-03
13.830726	-2.370553068e-03
13.835726	5.831936140e-05
13.840726	9.942701473e-04
13.845727	-6.596431376e-04
13.850727	2.193106395e-04
13.855727	1.042267355e-03
13.860727	6.602873124e-04
13.865728	4.982957231e-04
13.870728	-8.786321001e-04
13.875728	3.216761110e-07
13.880728	1.156260915e-03
13.885729	-1.768585666e-03
13.890729	-1.155617930e-03
13.895729	7.742806862e-04
13.900730	4.972951314e-04
13.905730	3.353035408e-04
13.910730	-3.346613888e-04
13.915730	-1.605594777e-03
13.920731	1.549239548e-03
13.925731	4.972946664e-04
13.930731	-7.746386695e-04
13.935731	1.109262360e-03
13.940732	3.353028876e-04
13.945732	5.552912476e-04
13.950732	8.802740967e-04
13.955732	-8.896331037e-04
13.960733	5.062935364e-04
13.965733	7.182823155e-04
13.970733	-1.662592819e-03
13.975733	-1.816584831e-03
13.980734	-1.433605027e-03
13.985734	-1.491602078e-03
13.990734	8.222763820e-04
13.995735	3.088157361e-03
14.000735	1.272252574e-03
14.005735	-7.166431346e-04
14.010735	-1.596597046e-03
14.015736	6.122869241e-04
14.020736	1.597235133e-03
14.025736	7.172812206e-04
14.030736	-7.176435638e-04
14.035737	-1.710591546e-03
14.040737	6.692834493e-04
14.045737	3.699124330e-03
14.050737	1.063128025e-04
14.055738	-2.819533731e-03
14.060738	3.353005890e-04
14.065738	1.329248324e-03
14.070738	-5.546528973e-04
14.075739	4.972917931e-04
14.080739	1.606233492e-03
14.085739	-1.605598033e-03
14.090740	-1.719592149e-03
14.095740	-9.936303495e-04
14.100740	-1.262616331e-03
14.105740	1.769224444e-03
14.110741	-1.442607082e-03
14.115741	-4.966568296e-04
14.120741	3.432136867e-03
14.125741	-1.930581769e-03
14.130742	-2.217566806e-03
14.135742	1.653229934e-03
14.140742	1.826220755e-03
14.145742	5.731349580e-05
14.150743	6.122842676e-04
14.155743	-4.386606739e-04
14.160743	-1.443608030e-03
14.165743	2.151203195e-03
14.170744	5.552868558e-04
14.175744	3.158823313e-07
14.180744	-7.746435452e-04
14.185745	-2.208568387e-03
14.190745	1.664228247e-03
14.195745	6.032838290e-04
14.200745	-1.606600287e-03
14.205746	1.153092362e-04
14.210746	1.435239857e-03
14.215746	3.922944938e-04
14.220746	-1.711595186e-03
14.225747	-2.437557186e-03
14.230747	-1.710595444e-03
14.235747	4.972885717e-04
14.240747	3.098151962e-03
14.245748	8.892677919e-04
14.250748	-7.746449809e-04
14.255748	7.172766116e-04
14.260748	3.141376280e-07
14.265749	8.792679015e-04
14.270749	-2.766715330e-04
14.275749	1.153077896e-04
14.280749	2.208197839e-03
14.285750	-4.386633443e-04
14.290750	-3.593497867e-03
14.295750	-9.946343739e-04
14.300751	6.692781902e-04
14.305751	-2.044579478e-03
14.310751	2.046205711e-03
14.315751	1.376240769e-03
14.320752	-3.039527575e-03
14.325752	3.922921999e-04
14.330752	1.931211323e-03
14.335752	-2.196758931e-04
14.340753	-2.196759995e-04
14.345753	-3.916670791e-04
14.350753	-9.936355913e-04
14.355753	1.272245377e-03
14.360754	7.172743974e-04
14.365754	-1.816592719e-03
14.370754	5.542827376e-04
14.375754	2.314190261e-03
14.380755	-1.050633243e-03
14.385755	-1.214624744e-03
14.390755	5.730839064e-05
14.395756	1.827215389e-03
14.400756	2.428183739e-03
14.405756	-2.103578520e-03
14.410756	-1.271622293e-03
14.415757	6.692757295e-04
14.420757	-1.384616580e-03
14.425757	5.462819670e-04
14.430757	2.380185605e-03
14.435758	-1.042634857e-03
14.440758	-2.876538714e-03
14.445758	-4.966637314e-04
14.450758	9.462604267e-04
14.455759	5.452813622e-04
14.460759	4.392868153e-04
14.465759	3.652118079e-03
14.470759	-3.336728364e-04
14.475760	-5.027426595e-03
14.480760	1.491231162e-03
14.485760	-8.896439883e-04
14.490761	-2.427563381e-03
14.495761	1.769216239e-03
14.500761	2.486178498e-03
14.505761	7.172712275e-04
14.510762	-4.966651704e-04
14.515762	-2.196798198e-04
14.520762	-9.366423019e-04
14.525762	9.462587617e-04
14.530763	7.162707204e-04
14.535763	-2.856768046e-04
14.540763	9.382588444e-04
14.545763	-1.099634309e-03
14.550764	-1.626835980e-04
14.555764	2.046200355e-03
14.560764	-1.146863433e-04
14.565764	-2.045585113e-03
14.570765	-1.375620390e-03
14.575765	6.022756865e-04
14.580765	-1.108634630e-03
14.585765	2.872919908e-04
14.590766	9.942547716e-04
14.595766	1.053013143e-04
14.600766	-5.669029794e-05
14.605767	-1.929592113e-03
14.610767	-7.076563611e-04
14.615767	1.873208067e-03
14.620767	3.062515756e-07
14.625768	-6.016622691e-04
14.630768	1.319236797e-03
14.635768	4.972798220e-04
14.640768	2.772912525e-04
14.645769	7.172680445e-04
14.650769	7.752648847e-04
14.655769	-1.767601769e-03
14.660769	-4.386716339e-04
14.665770	2.103194839e-03
14.670770	-1.109636651e-03
14.675770	-1.166633776e-03
14.680770	2.104194437e-03
14.685771	1.721214421e-03
14.690771	-9.376461455e-04
14.695771	-1.165634297e-03
14.700772	-1.165634414e-03
14.705772	-2.776811361e-04
14.710772	7.742635347e-04
14.715772	3.040382032e-07
14.720773	-4.966699960e-04
14.725773	-4.386731582e-04
14.730773	1.435228371e-03
14.735773	-3.346788531e-04
14.740774	-1.046910427e-04
14.745774	-4.966705883e-04
14.750774	-8.896500817e-04
14.755774	1.109244887e-03
14.760775	1.167241724e-03
14.765775	-2.766826110e-04
14.770775	-1.883598391e-03
14.775775	1.052247401e-03
14.780776	1.492224189e-03
14.785776	-1.051642416e-03
14.790776	-1.816602387e-03
14.795777	1.931200788e-03
14.800777	-1.136920054e-04
14.805777	-9.366489329e-04
14.810777	1.768208981e-03
14.815778	-8.316546852e-04
14.820778	-9.936463040e-04
14.825778	4.982752710e-04
14.830778	6.032696391e-04
14.835779	-2.776842454e-04
14.840779	-4.406758124e-04
14.845779	-1.046935682e-04
14.850779	2.381175839e-03
14.855780	1.549219382e-03
14.860780	-8.886527882e-04
14.865780	6.592658467e-04
14.870780	-2.766851523e-04
14.875781	-1.616913104e-04
14.880781	-1.271633178e-03
14.885781	-1.165638864e-03
14.890782	-5.769713747e-05
14.895782	1.051244536e-03
14.900782	6.132674002e-04
14.905782	-1.662613273e-03
14.910783	-2.206890767e-04
14.915783	9.462495524e-04
14.920783	2.990767989e-07
14.925783	-2.379576139e-03
14.930784	1.387226035e-03
14.935784	1.166237509e-03
14.940784	-2.714558931e-03
14.945784	-8.316578800e-04
14.950785	1.549217034e-03
14.955785	2.381173244e-03
14.960785	-1.626933659e-04
14.965785	-2.657562548e-03
14.970786	-8.316585060e-04
14.975786	2.543164240e-03
14.980786	1.166236383e-03
14.985786	-1.271635791e-03
14.990787	-1.490624423e-03
14.995787	3.362795650e-04
15.000787	1.759204756e-03
15.005788	7.742563248e-04
15.010788	-9.366540045e-04
15.015788	-3.374526179e-03
15.020788	1.826200733e-03
15.025789	2.160183077e-03
15.030789	-2.264584816e-03
15.035789	-2.866887536e-04
15.040789	4.972699727e-04
15.045790	1.732868493e-04
15.050790	-2.485573728e-03
15.055790	-3.826842263e-04
15.060790	2.600159091e-03
15.065791	-4.966784997e-04
15.070791	-6.106726452e-04
15.075791	-2.159591478e-03
15.080791	-2.776903791e-04
15.085792	2.949019334e-07
15.090792	-3.336876980e-04
15.095792	1.769201802e-03
15.100793	7.262564122e-04
15.105793	-7.746649411e-04
15.110793	-1.107647594e-03
15.115793	2.941256653e-07
15.120794	1.622854936e-04
15.125794	1.606209579e-03
15.130794	2.161180321e-03
15.135794	-6.686712840e-04
15.140795	-2.265587600e-03
15.145795	7.742527227e-04
15.150795	-2.286947682e-04
15.155795	-1.652620164e-03
15.160796	3.922723783e-04
15.165796	1.213229159e-03
15.170796	-1.157646536e-03
15.175796	-1.604623208e-03
15.180797	3.040132879e-03
15.185797	3.342747648e-04
15.190797	-2.436579938e-03
15.195798	1.152859945e-04
15.200798	-1.433632842e-03
15.205798	-3.346906530e-04
15.210798	1.654204827e-03
15.215799	1.491213249e-03
15.220799	-8.796624481e-04
15.225799	-1.047032549e-04
15.230799	1.769198260e-03
15.235800	1.052854575e-04
15.240800	-3.039549619e-03
15.245800	-2.044601972e-03
15.250800	9.942384001e-04
15.255801	2.437162534e-03
15.260801	1.214226586e-03
15.265801	-1.137038513e-04
15.270801	3.352724499e-04
15.275802	1.622813950e-04
15.280802	1.825193982e-03
15.285802	-1.873612020e-03
15.290802	-1.490632256e-03
15.295803	2.212777595e-04
15.300803	7.652490740e-04
15.305803	1.271222383e-03
15.310804	-8.216679071e-04
15.315804	-2.766966455e-04
15.320804	-1.108653116e-03
15.325804	5.728555384e-05
15.330805	1.873190110e-03
15.335805	-1.720621404e-03
15.340805	2.302760661e-04
15.345805	9.952357806e-04
15.350806	-9.936599684e-04
15.355806	2.862727174e-04
15.360806	5.542585153e-04
15.365806	9.942352861e-04
15.370807	2.873165031e-07
15.375807	-2.933558837e-03
15.380807	-2.828564485e-03
15.385807	3.642095763e-03
15.390808	2.332164378e-03
15.395808	8.892399719e-04
15.400808	-7.826724154e-04
15.405809	-2.045606268e-03
15.410809	-5.456851301e-04
15.415809	9.942339086e-04
15.420809	1.157225215e-03
15.425810	-3.816941528e-04
15.430810	4.972595763e-04
15.435810	-1.988610091e-03
15.440810	-1.050659459e-03
15.445811	1.874186891e-03
15.450811	1.883186279e-03
15.455811	-1.375642820e-03
15.460811	-3.346975942e-04
15.465812	1.768191895e-03
15.470812	1.492206241e-03
15.475812	-2.297035247e-04
15.480812	-3.246986791e-04
15.485813	-6.586812903e-04
15.490813	-6.116838975e-04
15.495813	-1.433640898e-03
15.500814	7.742430804e-04
15.505814	9.952313408e-04
15.510814	-2.207600699e-03
15.515814	-4.966906377e-04
15.520815	5.728014569e-05
15.525815	2.093173150e-03
15.530815	2.543149391e-03
15.535815	-1.701627963e-03
15.540816	-3.153551900e-03
15.545816	3.832623275e-04
15.550816	1.156221616e-03
15.555816	2.208166263e-03
15.560817	1.214218288e-03
15.565817	-3.816980931e-04
15.570817	-4.671581746e-05
15.575817	-1.711628577e-03
15.580818	-1.386645777e-03
15.585818	-1.328648964e-03
15.590818	-5.536897813e-04
15.595819	1.434205740e-03
15.600819	-7.736785223e-04
15.605819	1.386207972e-03
15.610819	7.172429388e-04
15.615820	2.212688261e-04
15.620820	1.940178465e-03
15.625820	5.442515858e-04
15.630820	-1.270653303e-03
15.635821	-7.646800037e-04
15.640821	6.112476358e-04
15.645821	-1.137144593e-04
15.650821	8.232362197e-04
15.655822	-2.777061423e-04
15.660822	-6.116887585e-04
15.665822	-3.337034940e-04
15.670822	-1.376648900e-03
15.675823	-2.197097682e-04
15.680823	7.172409099e-04
15.685823	2.202668477e-04
15.690823	9.462285994e-04
15.695824	1.722690745e-04
15.700824	-1.165660850e-03
15.705824	2.778086187e-07
15.710825	1.664190331e-03
15.715825	1.052720045e-04
15.720825	-8.896759224e-04
15.725825	-1.327653082e-03
15.730826	-3.337053969e-04
15.735826	1.142709436e-04
15.740826	-3.247061641e-04
15.745826	6.122445123e-04
15.750827	4.402533915e-04
15.755827	2.202647898e-04
15.760827	-8.796776276e-04
15.765827	-7.166863304e-04
15.770828	-6.106920418e-04
15.775828	9.372265669e-04
15.780828	2.151162705e-03
15.785828	1.622669435e-04
15.790829	-1.711634853e-03
15.795829	1.167213901e-03
15.800829	1.549193703e-03
15.805830	-2.197136044e-04
15.810830	-1.490647049e-03
15.815830	-3.374548321e-03
15.820830	-4.966995154e-04
15.825831	2.782596609e-04
15.830831	1.653187348e-03
15.835831	2.705131986e-03
15.840831	-3.087564133e-03
15.845832	5.542445752e-04
15.850832	2.371149064e-03
15.855832	-4.196506382e-03
15.860832	-1.327657105e-03
15.865833	2.094163150e-03
15.870833	1.328203200e-03
15.875833	2.161159331e-03
15.880833	1.769179753e-03
15.885834	-2.103617134e-03
15.890834	-1.710637911e-03
15.895834	-3.337103314e-04
15.900835	-4.967019286e-04
15.905835	-9.936759968e-04
15.910835	8.792255515e-04
15.915835	3.317097447e-03
15.920836	-5.772557709e-05
15.925836	-3.536543143e-03
15.930836	-5.437003758e-04
15.935836	1.329201172e-03
15.940837	1.272204010e-03
15.945837	-1.663642054e-03
15.950837	3.242534575e-04
15.955837	1.941168440e-03
15.960838	-2.677157797e-04
15.965838	-3.347124169e-04
15.970838	6.602352093e-04
15.975838	2.428142267e-03
15.980839	-6.106983934e-04
15.985839	-1.595646852e-03
15.990839	2.772546938e-04
15.995840	7.752284032e-04
16.000840	-9.366819014e-04
16.005840	-9.946790121e-04
16.010840	-9.936792194e-04
16.015841	6.592338723e-04
16.020841	-7.736910755e-04
16.025841	8.332244301e-04
16.030841	6.592334067e-04
16.035842	-1.883633286e-03
16.040842	7.262295793e-04
16.045842	-1.882633650e-03
16.050842	-1.662645352e-03
16.055843	1.549185919e-03
16.060843	3.832469571e-04
16.065843	1.491188650e-03
16.070843	-1.047277442e-04
16.075844	-1.156672689e-03
16.080844	-8.896868587e-04
16.085844	-5.447051219e-04
16.090844	3.155100536e-03
16.095845	1.157205239e-03
16.100845	-1.710644399e-03
16.105845	-8.886876964e-04
16.110846	-1.051679299e-03
16.115846	1.271198627e-03
16.120846	2.651739925e-07
16.125846	-1.270668279e-03
16.130847	1.100207128e-03
16.135847	9.942125325e-04
16.140847	-1.156674736e-03
16.145847	3.342468543e-04
16.150848	6.602295866e-04
16.155848	2.212524677e-04
16.160848	7.262258053e-04
16.165848	-7.176985690e-04
16.170849	1.214199876e-03
16.175849	-9.926844545e-04
16.180849	-1.270670024e-03
16.185849	1.433187904e-03
16.190850	2.192514586e-04
16.195850	-1.270670502e-03
16.200850	-2.187258736e-04
16.205851	-1.047320165e-04
16.210851	4.392392730e-04
16.215851	-5.673485597e-05
16.220851	-1.604653774e-03
16.225852	-8.316945029e-04
16.230852	1.940159855e-03
16.235852	1.720171241e-03
16.240852	-2.762593641e-03
16.245853	3.832410878e-04
16.250853	4.197040759e-03
16.255853	3.832407655e-04
16.260853	-6.587047092e-04
16.265854	-6.607047657e-04
16.270854	-2.103629195e-03
16.275854	-1.617312779e-04
16.280854	9.372108821e-04
16.285855	2.672458833e-04
16.290855	-9.366910900e-04
16.295855	-3.817203800e-04
16.300856	1.989155022e-03
16.305856	-1.137347703e-04
16.310856	1.712501096e-04
16.315856	1.142529383e-04
16.320857	-1.824645461e-03
16.325857	1.272191838e-03
16.330857	2.584321463e-07
16.335857	-1.385668991e-03
16.340858	-7.737012732e-04
16.345858	-7.077049006e-04
16.350858	4.392347384e-04
16.355858	2.591121632e-03
16.360859	1.329187701e-03
16.365859	-2.876591722e-03
16.370859	2.772425845e-04
16.375859	1.223192772e-03
16.380860	-4.397201144e-04
16.385860	6.022250344e-04
16.390860	1.932155068e-03
16.395860	-3.817236525e-04
16.400861	-1.329674064e-03
16.405861	-9.456943825e-04
16.410861	-1.595660434e-03
16.415862	2.045148312e-03
16.420862	3.040095927e-03
16.425862	-1.156683970e-03
16.430862	-3.337273291e-04
16.435863	1.989150588e-03
16.440863	6.022232156e-04
16.445863	-1.596661542e-03
16.450863	-2.370621087e-03
16.455864	-5.674269722e-05
16.460864	-1.165684661e-03
16.465864	4.982278419e-04
16.470864	1.663166533e-03
16.475865	-1.166685108e-03
16.480865	-1.147404869e-04
16.485865	-1.547665447e-03
16.490865	1.722441163e-04
16.495866	3.766055327e-03
16.500866	-3.917266185e-04
16.505866	5.724964926e-05
16.510867	-2.044640200e-03
16.515867	-1.002695055e-03
16.520867	1.386179397e-03
16.525867	-1.328678282e-03
16.530868	2.202402547e-04
16.535868	1.501172856e-03
16.540868	1.434176204e-03
16.545868	9.941991278e-04
16.550869	-8.897021641e-04
16.555869	-2.494618099e-03
16.560869	1.387177996e-03
16.565869	1.142446366e-04
16.570870	-1.653662744e-03
16.575870	5.824723699e-05
16.580870	1.711160314e-03
16.585870	1.376177726e-03
16.590871	-3.337326987e-04
16.595871	4.502259852e-04
16.600871	-1.214686802e-03
16.605872	-3.488567627e-03
16.610872	4.972230082e-04
16.615872	6.692138108e-04
16.620872	-3.201583200e-03
16.625873	7.162110031e-04
16.630873	1.434173150e-03
16.635873	1.062426758e-04
16.640873	4.402249757e-04
16.645874	1.166186702e-03
16.650874	1.769154884e-03
16.655874	-4.397293535e-04
16.660874	-2.762607608e-03
16.665875	-1.108694586e-03
16.670875	2.160133677e-03
16.675875	-2.187416387e-04
16.680875	-5.537242291e-04
16.685876	1.490168325e-03
16.690876	-5.547245209e-04
16.695876	-1.270687116e-03
16.700877	1.607161667e-03
16.705877	3.832257333e-04
16.710877	-2.777397485e-04
16.715877	8.312018757e-04
16.720878	-2.197431383e-04
16.725878	1.711155345e-03
16.730878	-1.882656206e-03
16.735878	-1.098697526e-03
16.740879	1.606160336e-03
16.745879	-1.882656727e-03
16.750879	-1.147496891e-04
16.755879	8.891974448e-04
16.760880	-5.447274694e-04
16.765880	-9.457065979e-04
16.770880	1.597159765e-03
16.775880	1.663156127e-03
16.780881	-2.150643879e-03
16.785881	3.352254748e-04
16.790881	9.941907142e-04
16.795881	-5.547281653e-04
16.800882	-2.767429303e-04
16.805882	3.832222563e-04
16.810882	1.549160887e-03
16.815883	-3.827378925e-04
16.820883	-2.494627225e-03
16.825883	1.272174898e-03
16.830883	2.274122135e-03
16.835884	-1.491680392e-03
16.840884	-7.257207690e-04
16.845884	1.100183222e-03
16.850884	-2.197476771e-04
16.855885	-1.434684087e-03
16.860885	2.381115464e-03
16.865885	2.782256577e-04
16.870885	-2.160646514e-03
16.875886	1.622313924e-04
16.880886	1.272172960e-03
16.885886	-6.587258732e-04
16.890886	-1.271693879e-03
16.895887	9.371900106e-04
16.900887	-4.397378983e-04
16.905887	3.342213029e-04
16.910888	2.543105192e-03
16.915888	-2.264642650e-03
16.920888	-1.327692004e-03
16.925888	4.392150815e-04
16.930889	-6.597274183e-04
16.935889	2.202262191e-04
16.940889	-8.797162285e-04
16.945889	-1.825666758e-03
16.950890	7.651970812e-04
16.955890	1.549155756e-03
16.960890	1.606152586e-03
16.965890	3.922161210e-04
16.970891	-2.484633066e-03
16.975891	8.791902041e-04
16.980891	1.213172496e-03
16.985891	-8.307204094e-04
16.990892	-1.547682959e-03
16.995892	4.492120542e-04
17.000892	6.602008008e-04
17.005893	-1.156704018e-03
17.010893	-2.093655022e-03
17.015893	1.062293365e-04
17.020893	1.931133376e-03
17.025894	-8.317217953e-04
17.030894	-1.617571388e-04
17.035894	8.891875217e-04
17.040894	6.112019313e-04
17.045895	2.202222712e-04
17.050895	-1.499687640e-03
17.055895	3.822134074e-04
17.060895	2.332746316e-07
17.065896	-9.367177305e-04
17.070896	1.548151669e-03
17.075896	1.722237039e-04
17.080896	-7.167298207e-04
17.085897	-5.057410761e-04
17.090897	1.989127799e-03
17.095897	1.548150761e-03
17.100897	-2.265649253e-03
17.105898	-1.098710682e-03
17.110898	6.121993388e-04
17.115898	-5.676573275e-05
17.120899	-1.147628712e-04
17.125899	1.156170241e-03
17.130899	2.266111803e-03
17.135899	-2.044662128e-03
17.140900	-1.653682832e-03
17.145900	2.045122853e-03
17.150900	-3.917494304e-04
17.155900	-1.617616846e-04
17.160901	-5.537412948e-04
17.165901	-1.328700804e-03
17.170901	2.862142530e-04
17.175901	9.461794310e-04
17.180902	6.021973011e-04
17.185902	-1.442695556e-03
17.190902	-1.930670129e-03
17.195902	7.741877221e-04
17.200903	1.272161402e-03
17.205903	-9.937198575e-04
17.210903	-1.777678896e-03
17.215904	2.600091152e-03
17.220904	1.501148645e-03
17.225904	-2.771627282e-03
17.230904	-2.197614023e-04
17.235905	1.663139588e-03
17.240905	-2.767587810e-04
17.245905	-1.617650017e-04
17.250905	-3.917531161e-04
17.255906	-2.045666496e-03
17.260906	1.491147688e-03
17.265906	1.329156005e-03
17.270906	-6.587398459e-04
17.275907	-8.317309524e-04
17.280907	2.772106586e-04
17.285907	2.208109129e-03
17.290907	-1.548693881e-03
17.295908	-1.767682574e-03
17.300908	4.971983672e-04
17.305908	2.208108383e-03
17.310909	1.109165875e-03
17.315909	-6.597414707e-04
17.320909	3.822036557e-04
17.325909	-5.537474078e-04
17.330910	-9.357275467e-04
17.335910	1.156162473e-03
17.340910	2.370098572e-03
17.345910	-1.040722598e-03
17.350911	-1.872679120e-03
17.355911	-9.457279593e-04
17.360911	9.361730810e-04
17.365911	2.437094117e-03
17.370912	8.321781632e-04
17.375912	-3.917577864e-04
17.380912	-1.108720345e-03
17.385912	-1.318709512e-03
17.390913	6.601864370e-04
17.395913	6.591863009e-04
17.400913	-3.827592012e-04
17.405914	7.751798354e-04
17.410914	1.722112934e-04
17.415914	-5.777682467e-05
17.420914	-2.159666696e-03
17.425915	-5.677725552e-05
17.430915	1.329149814e-03
17.435915	-6.017490314e-04
17.440915	-3.347632338e-04
17.445916	-1.213717291e-03
17.450916	1.607134466e-03
17.455916	1.873120316e-03
17.460916	-2.380656614e-03
17.465917	-2.981625262e-03
17.470917	6.121859257e-04
17.475917	1.988113520e-03
17.480917	2.428090237e-03
17.485918	8.791713416e-04
17.490918	-8.887360602e-04
17.495918	-1.537702190e-03
17.500918	-4.977569624e-04
17.505919	8.791705783e-04
17.510919	2.302044483e-04
17.515919	-9.357345484e-04
17.520920	1.622076346e-04
17.525920	1.595132236e-03
17.530920	9.381665254e-04
17.535920	-1.097726812e-03
17.540921	-7.167469996e-04
17.545921	1.931113835e-03
17.550921	-2.150672124e-03
17.555921	-4.977590690e-04
17.560922	2.763069594e-03
17.565922	5.721141881e-05
17.570922	3.241972136e-04
17.575922	5.551848977e-04
17.580923	-3.237691628e-04
17.585923	-2.322664443e-03
17.590923	-7.747458787e-04
17.595923	1.606128968e-03
17.600924	-3.917663654e-04
17.605924	1.622043663e-04
17.610924	2.771981376e-04
17.615925	-2.876636526e-03
17.620925	1.052157077e-03
17.625925	2.877061103e-03
17.630925	-3.699593914e-03
17.635926	2.046104329e-03
17.640926	1.549130218e-03
17.645926	2.771967821e-04
17.650926	8.221679851e-04
17.655927	-3.707594464e-03
17.660927	-6.597546243e-04
17.665927	1.051155384e-03
17.670927	1.330140547e-03
17.675928	1.052154942e-03
17.680928	-2.103679618e-03
17.685928	-1.319720959e-03
17.690928	1.214145856e-03
17.695929	1.320140098e-03
17.700929	-9.357416971e-04
17.705929	-5.537619406e-04
17.710930	2.820060788e-03
17.715930	9.461589451e-04
17.720930	5.720540643e-05
17.725930	-1.271725040e-03
17.730931	-2.217675587e-03
17.735931	-2.216675836e-03
17.740931	9.951553948e-04
17.745931	2.600070965e-03
17.750932	-1.491714474e-03
17.755932	1.051151867e-03
17.760932	2.600070376e-03
17.765932	-1.987689031e-03
17.770933	-4.387705231e-04
17.775933	1.376134025e-03
17.780933	-2.217677550e-03
17.785933	-1.098736475e-03
17.790934	5.541765746e-04
17.795934	-1.147885117e-04
17.800934	-5.537656691e-04
17.805934	2.161091644e-03
17.810935	4.491812964e-04
17.815935	-2.045687957e-03
17.820935	1.621959639e-04
17.825936	1.549122973e-03
17.830936	-6.107638627e-04
17.835936	-1.147900918e-04
17.840936	1.443127943e-03
17.845937	-1.653709717e-03
17.850937	-1.767703933e-03
17.855937	4.401799879e-04
17.860937	2.485072463e-03
17.865938	1.271135978e-03
17.870938	-2.876646523e-03
17.875938	-2.876646722e-03
17.880938	2.600065633e-03
17.885939	1.663114610e-03
17.890939	3.921811163e-04
17.895939	1.052146279e-03
17.900939	1.621927890e-04
17.905940	6.021694975e-04
17.910940	-1.653712302e-03
17.915940	-1.930697963e-03
17.920941	-7.827584128e-04
17.925941	-2.045692327e-03
17.930941	1.491121843e-03
17.935941	9.371507181e-04
17.940942	-7.647601568e-04
17.945942	5.541704188e-04
17.950942	-5.679771459e-05
17.955942	5.551699659e-04
17.960943	2.771843556e-04
17.965943	5.451700899e-04
17.970943	1.621899901e-04
17.975943	1.151922561e-04
17.980944	-1.547720666e-03
17.985944	1.978899244e-07
17.990944	1.931096345e-03
17.995944	-8.227593191e-04
18.000945	-1.538721943e-03
18.005945	-1.442727182e-03
18.010945	1.328127187e-03
18.015946	-8.317596520e-04
18.020946	-1.717944919e-04
18.025946	1.052141068e-03
18.030946	5.819303374e-05
18.035947	1.958758781e-07
18.040947	2.191841803e-04
18.045947	2.046088093e-03
18.050947	-1.212741069e-03
18.055948	-1.108746729e-03
18.060948	-9.367559588e-04
18.065948	6.691595520e-04
18.070948	2.983037905e-03
18.075949	4.971681739e-04
18.080949	-1.988701558e-03
18.085949	1.631852975e-04
18.090949	-1.328736602e-03
18.095950	-9.947543338e-04
18.100950	1.769100402e-03
18.105950	-6.587723742e-04
18.110951	2.160079475e-03
18.115951	-1.717983398e-04
18.120951	-3.211638997e-03
18.125951	-1.627992192e-04
18.130952	1.920224740e-07
18.135952	-1.617996791e-04
18.140952	5.818857086e-05
18.145952	8.221482703e-04
18.150953	2.648052233e-03
18.155953	1.721100680e-03
18.160953	-1.099751471e-03
18.165953	-2.657669908e-03
18.170954	-3.917890372e-04
18.175954	5.541611099e-04
18.180954	-1.041755333e-03
18.185954	-3.247931674e-04
18.190955	4.401664787e-04
18.195955	1.262123133e-03
18.200955	-9.937586714e-04
18.205955	8.891422991e-04
18.210956	2.428061323e-03
18.215956	6.021569511e-04
18.220956	-4.967855761e-04
18.225957	-1.987707530e-03
18.230957	-6.117799517e-04
18.235957	2.877036732e-03
18.240957	1.549106222e-03
18.245958	-1.709722943e-03
18.250958	-1.768720053e-03
18.255958	-2.777985100e-04
18.260958	-2.767987686e-04
18.265959	2.201749414e-04
18.270959	1.862812268e-07
18.275959	-9.367647491e-04
18.280959	7.261477661e-04
18.285960	-8.887676814e-04
18.290960	1.043130716e-03
18.295960	4.491616837e-04
18.300960	-1.042760219e-03
18.305961	7.071477294e-04
18.310961	6.021530330e-04
18.315961	-3.817955314e-04
18.320962	-1.652729033e-03
18.325962	1.110125750e-03
18.330962	1.099126120e-03
18.335962	-4.407932644e-04
18.340963	-1.595732855e-03
18.345963	-1.165755630e-03
18.350963	3.480000329e-03
18.355963	2.771682223e-04
18.360964	-8.887707911e-04
18.365964	2.381057383e-03
18.370964	-1.434742552e-03
18.375964	-2.485687601e-03
18.380965	6.601470809e-04
18.385965	9.941293433e-04
18.390965	-1.155758028e-03
18.395965	-9.937667387e-04
18.400966	1.051125726e-03
18.405966	1.377108408e-03
18.410966	-5.781648857e-05
18.415967	-6.697845783e-04
18.420967	-8.307763376e-04
18.425967	8.331361225e-04
18.430967	2.485049212e-03
18.435968	-1.271753821e-03
18.440968	-1.048152769e-04
18.445968	2.600042549e-03
18.450968	-1.882722382e-03
18.455969	6.691434730e-04
18.460969	1.386105633e-03
18.465969	-1.050766677e-03
18.470969	-3.908015252e-04
18.475970	-3.488639145e-03
18.480970	2.771629964e-04
18.485970	2.380052416e-03
18.490970	8.311335007e-04
18.495971	-1.662735818e-03
18.500971	-3.919617576e-03
18.505971	2.542043072e-03
18.510972	3.261005126e-03
18.515972	-7.157863617e-04
18.520972	1.376103634e-03
18.525972	1.756391914e-07
18.530973	-3.144659515e-03
18.535973	-2.093714885e-03
18.540973	-4.398019017e-04
18.545973	1.051692841e-04
18.550974	1.262108351e-03
18.555974	1.329104623e-03
18.560974	-6.597912011e-04
18.565974	-1.548744756e-03
18.570975	1.827077852e-03
18.575975	2.763028517e-03
18.580975	-1.329756885e-03
18.585975	-5.537978230e-04
18.590976	1.157112168e-03
18.595976	-9.377780939e-04
18.600976	-1.872729235e-03
18.605976	2.781576630e-04
18.610977	9.361229172e-04
18.615977	-9.367789957e-04
18.620977	2.771570781e-04
18.625978	2.681573379e-04
18.630978	-1.824733029e-03
18.635978	-1.098771344e-03
18.640978	-1.618207331e-04
18.645979	2.982014049e-03
18.650979	1.595086629e-03
18.655979	-8.307862614e-04
18.660979	6.131377407e-04
18.665980	1.141637162e-04
18.670980	2.201579396e-04
18.675980	-1.165769533e-03
18.680980	-6.597963028e-04
18.685981	1.386096104e-03
18.690981	2.771540938e-04
18.695981	-1.213767869e-03
18.700981	1.549086908e-03
18.705982	1.679897636e-07
18.710982	-1.768739383e-03
18.715982	9.941153941e-04
18.720983	1.711077550e-03
18.725983	5.816408908e-05
18.730983	-9.937809138e-04
18.735983	1.621582021e-04
18.740984	5.816344568e-05
18.745984	-1.156773003e-03
18.750984	3.821460120e-04
18.755984	6.591312596e-04
18.760985	-1.271767612e-03
18.765985	-1.212770923e-03
18.770985	4.981390644e-04
18.775985	-6.687999037e-04
18.780986	-1.548753934e-03
18.785986	1.166103361e-03
18.790986	9.941121721e-04
18.795986	6.111320574e-04
18.800987	8.321202433e-04
18.805987	-2.101725989e-03
18.810987	-9.947843026e-04
18.815988	2.705021297e-03
18.820988	-9.357878307e-04
18.825988	-8.897904609e-04
18.830988	2.093052768e-03
18.835989	7.841212514e-04
18.840989	-1.375765603e-03
18.845989	-1.824742254e-03
18.850989	3.821417006e-04
18.855990	-5.538093923e-04
18.860990	1.721070994e-03
18.865990	1.710071354e-03
18.870990	-2.934685081e-03
18.875991	-4.968132503e-04
18.880991	2.486029978e-03
18.885991	1.215096466e-03
18.890991	-1.711750135e-03
18.895992	-2.036733295e-03
18.900992	3.821395328e-04
18.905992	3.251423070e-04
18.910992	1.151531110e-04
18.915993	4.401358369e-04
18.920993	-2.198297422e-04
18.925993	-6.018099114e-04
18.930994	-1.050786564e-03
18.935994	-6.688068304e-04
18.940994	2.658018343e-03
18.945994	1.548076380e-03
18.950995	-2.380717634e-03
18.955995	-5.448142098e-04
18.960995	-3.248259740e-04
18.965995	-8.307996361e-04
18.970996	-1.108785264e-03
18.975996	3.421976720e-03
18.980996	1.492077792e-03
18.985996	-2.590708140e-03
18.990997	5.541265838e-04
18.995997	3.831353396e-04
19.000997	-2.045737399e-03
19.005997	-5.784195309e-05
19.010998	-8.308016030e-04
19.015998	2.771400275e-04
19.020998	2.934000363e-03
19.025999	-7.738052516e-04
19.030999	4.401308156e-04
19.035999	3.351361070e-04
19.040999	-1.222782345e-03
19.046000	-3.348291685e-04
19.051000	2.861380205e-04
19.056000	1.271086106e-03
19.061000	-1.718383818e-04
19.066001	-1.767754840e-03
19.071001	-4.968217645e-04
19.076001	1.434076672e-03
19.081001	2.543018249e-03
19.086002	-6.018169136e-04
19.091002	-8.318050627e-04
19.096002	-1.997744088e-03
19.101002	-1.824753388e-03
19.106003	1.778057298e-03
19.111003	2.103040020e-03
19.116003	5.541210952e-04
19.121004	-6.598154117e-04
19.126004	8.801035448e-04
19.131004	-6.118183721e-04
19.136004	-1.108792509e-03
19.141005	-1.618424308e-04
19.146005	1.883050022e-03
19.151005	-4.398282826e-04
19.156005	-1.882752771e-03
19.161006	4.971220993e-04
19.166006	-2.198404920e-04
19.171006	6.591131546e-04
19.176006	9.940953517e-04
19.181007	-6.588181163e-04
19.186007	4.491235117e-04
19.191007	-3.338356161e-04
19.196007	-7.258152646e-04
19.201008	8.311027985e-04
19.206008	4.401230974e-04
19.211008	-1.718450052e-04
19.216009	-1.318785030e-03
19.221009	1.167084277e-03
19.226009	3.251282450e-04
19.231009	-1.329785119e-03
19.236010	1.721054535e-03
19.241010	-3.338378357e-04
19.246010	-1.988751200e-03
19.251010	9.360950669e-04
19.256011	8.790978359e-04
19.261011	-1.537775537e-03
19.266011	-1.824760697e-03
19.271011	2.762998291e-03
19.276012	-2.768423852e-04
19.281012	-8.328134278e-04
19.286012	2.379017776e-03
19.291012	-2.768430539e-04
19.296013	5.813914138e-05
19.301013	-1.148520023e-04
19.306013	-7.738176396e-04
19.311013	-1.203795295e-03
19.316014	5.713830089e-05
19.321014	1.099083391e-03
19.326014	1.051353348e-04
19.331015	2.201290758e-04
19.336015	-1.873761250e-03
19.341015	2.201286285e-04
19.346015	-2.198485030e-04
19.351016	-2.541726863e-03
19.356016	3.757942274e-03
19.361016	5.713628761e-05
19.366016	-2.322739028e-03
19.371017	1.214075117e-03
19.376017	7.161010293e-04
19.381017	1.051083223e-03
19.386017	-1.618533397e-04
19.391018	-1.618535641e-04
19.396018	-3.918417176e-04
19.401018	-1.148564797e-04
19.406018	9.940850927e-04
19.411019	5.541079603e-04
19.416019	8.900901015e-04
19.421019	-2.321741550e-03
19.426020	-1.224799348e-03
19.431020	1.606051849e-03
19.436020	-7.068269837e-04
19.441020	1.621271840e-04
19.446021	4.971093773e-04
19.451021	1.621267337e-04
19.456021	-1.138590065e-04
19.461021	1.151287497e-04
19.466022	1.606050273e-03
19.471022	6.131021626e-04
19.476022	-1.328796142e-03
19.481022	-5.786307284e-05
19.486023	9.370844815e-04
19.491023	8.320897664e-04
19.496023	9.460835576e-04
19.501023	1.329800989e-07
19.506024	-1.222803060e-03
19.511024	-1.825771639e-03
19.516024	4.391092623e-04
19.521025	7.160944985e-04
19.526025	9.940796822e-04
19.531025	8.330879056e-04
19.536025	-2.369744220e-03
19.541026	-9.948166092e-04
19.546026	-3.348514741e-04
19.551026	-6.118371630e-04
19.556026	-1.618610067e-04
19.561027	1.151242291e-04
19.566027	2.428002610e-03
19.571027	9.950775910e-04
19.576027	2.291175657e-04
19.581028	1.653042604e-03
19.586028	-1.222806684e-03
19.591028	2.201173571e-04
19.596028	1.433053469e-03
19.601029	-1.375799335e-03
19.606029	-1.432796571e-03
19.611029	1.108069844e-03
19.616029	1.491049516e-03
19.621030	-1.604788226e-03
19.626030	-2.208756754e-03
19.631030	1.156066415e-03
19.636031	-5.687015150e-05
19.641031	-1.048678600e-04
19.646031	1.549045106e-03
19.651031	-5.687083473e-05
19.656032	-1.433798794e-03
19.661032	5.712272649e-05
19.666032	9.370763140e-04
19.671032	1.597041448e-03
19.676033	-1.058694030e-04
19.681033	-2.045767815e-03
19.686033	4.980984412e-04
19.691033	2.494993405e-03
19.696034	-1.148698438e-04
19.701034	-3.154710526e-03
19.706034	1.052068452e-03
19.711034	7.170858054e-04
19.716035	-8.888301365e-04
19.721035	-2.704735057e-03
19.726035	1.500044026e-03
19.731036	2.484992102e-03
19.736036	-2.045770329e-03
19.741036	-2.768633996e-04
19.746036	1.817026473e-03
19.751037	-7.748377214e-04
19.756037	-2.705736607e-03
19.761037	-4.968527698e-04
19.766037	-1.048735721e-04
19.771038	4.970946042e-04
19.776038	8.230772656e-04
19.781038	7.750795554e-04
19.786038	1.491041748e-03
19.791039	-6.028485828e-04
19.796039	-3.201712411e-03
19.801039	1.100061580e-03
19.806039	1.826023248e-03
19.811040	-1.653794342e-03
19.816040	-8.328376603e-04
19.821040	1.051063233e-03
19.826041	1.051126514e-04
19.831041	1.435042620e-03
19.836041	1.167056455e-03
19.841041	-1.213818814e-03
19.846042	-1.618742561e-04
19.851042	1.041062377e-03
19.856042	-9.468335179e-04
19.861042	-3.818634008e-04
19.866043	6.120842012e-04
19.871043	-2.198723638e-04
19.876043	-4.968580567e-04
19.881043	-3.918637979e-04
19.886044	-4.968585179e-04
19.891044	1.151091322e-04
19.896044	1.376042721e-03
19.901044	4.400916138e-04
19.906045	-1.433810265e-03
19.911045	-1.433810496e-03
19.916045	1.272047256e-03
19.921046	1.137823516e-07
19.926046	5.540844760e-04
19.931046	-1.270819975e-03
19.936046	-1.108828708e-03
19.941047	2.599976403e-03
19.946047	-4.788485446e-05
19.951047	-8.318439396e-04
19.956047	1.157051441e-03
19.961048	6.600772937e-04
19.966048	-7.158507220e-04
19.971048	1.825015689e-03
19.976048	1.605027003e-03
19.981049	-2.044781668e-03
19.986049	-2.159775864e-03
19.991049	-9.368402818e-04
19.996049	1.621018081e-04
20.001050	2.322988162e-03
20.006050	3.431929727e-03
20.011050	1.157048892e-03
20.016050	-3.338730886e-04
20.021051	2.484978731e-03
20.026051	1.548027675e-03
20.031051	-2.647752341e-03
20.036052	-3.338740174e-04
20.041052	1.099050543e-03
20.046052	-7.168543814e-04
20.051052	-3.818721955e-04
20.056053	1.653020770e-03
20.061053	3.478924705e-03
20.066053	-1.757800677e-03
20.071053	-1.432817967e-03
20.076054	1.065931567e-07
20.081054	-2.542760177e-03
20.086054	-8.898471631e-04
20.091054	1.826010062e-03
20.096055	4.410825170e-04
20.101055	-6.118624520e-04
20.106055	3.910846751e-04
20.111055	-1.628864827e-04
20.116056	4.530866932e-03
20.121056	-1.270828799e-03
20.126056	-2.101785419e-03
20.131057	1.883005205e-03
20.136057	-1.628876490e-04
20.141057	-6.688613263e-04
20.146057	7.740627081e-04
20.151058	-9.368477279e-04
20.156058	-2.159783775e-03
20.161058	1.491024378e-03
20.166058	-5.548684770e-04
20.171059	1.110043906e-03
20.176059	-3.818780240e-04
20.181059	-2.494767362e-03
20.186059	1.434026200e-03
20.191060	1.213037565e-03
20.196060	-1.873800656e-03
20.201060	-2.668852290e-04
20.206060	2.045993145e-03
20.211061	3.820802417e-04
20.216061	3.250829991e-04
20.221061	6.690647109e-04
20.226062	-6.018688182e-04
20.231062	-3.918800738e-04
20.236062	3.820790704e-04
20.241062	-4.968750319e-04
20.246063	-2.265782425e-03
20.251063	-1.048960740e-04
20.256063	-9.358526956e-04
20.261063	4.809542705e-05
20.266064	2.924944200e-03
20.271064	-1.433827263e-03
20.276064	-1.490824507e-03
20.281064	1.050914967e-04
20.286065	1.433021565e-03
20.291065	2.217980132e-03
20.296065	-6.018721030e-04
20.301065	-7.268657776e-04
20.306066	7.170582027e-04
20.311066	3.350780159e-04
20.316066	1.882996538e-03
20.321066	1.052039916e-03
20.326067	-6.688699973e-04
20.331067	1.150886212e-04
20.336067	-2.092795733e-03
20.341068	-6.587560060e-03
20.346068	-5.257630097e-03
20.351068	-2.011085076e-02
20.356068	-3.244320373e-02
20.361069	-7.848494821e-03
20.366069	3.813892841e-03
20.371069	-8.888605703e-04
20.376069	-8.788613308e-04
20.381070	2.714949812e-03
20.386070	1.620835635e-04
20.391070	-4.970647280e-03
20.396070	-3.259737313e-03
20.401071	-2.991751615e-03
20.406071	-1.691002135e-02
20.411071	-3.067529911e-02
20.416071	-1.205327673e-02
20.421072	5.540613386e-04
20.426072	-5.410625840e-03
20.431072	-3.144825949e-02
20.436073	-2.857141071e-02
20.441073	-9.836394261e-03
20.446073	-3.802591497e-02
20.451073	-2.630653030e-02
20.456074	-2.427063739e-02
20.461074	-3.929684897e-02
20.466074	-1.895591680e-02
20.471074	-3.703196832e-02
20.476075	-2.669751096e-02
20.481075	-1.825816590e-03
20.486075	-1.663303967e-02
20.491075	-3.658199288e-02
20.496076	-2.188976424e-02
20.501076	-6.688782591e-04
20.506076	-2.532780669e-03
20.511076	-9.368646675e-04
20.516077	8.067662491e-03
20.521077	3.222339444e-02
20.526077	2.088698919e-02
20.531078	4.578844891e-03
20.536078	4.090870266e-03
20.541078	-2.035808412e-03
20.546078	2.735764863e-02
20.551079	3.553121940e-02
20.556079	9.119605383e-03
20.561079	6.110517184e-04
20.566079	1.605999261e-03
20.571080	2.928954605e-02
20.576080	3.050348210e-02
20.581080	5.696783843e-03
20.586080	1.051027439e-03
20.591081	1.768989519e-03
20.596081	3.478899536e-03
20.601081	2.045974506e-03
20.606081	1.052026436e-03
20.611082	-3.918980171e-04
20.616082	-1.872820528e-03
20.621082	8.890342773e-04
20.626083	1.548999401e-03
20.631083	1.620719563e-04
20.636083	-2.437791827e-03
20.641083	4.205859242e-03
20.646084	3.233838246e-02
20.651084	2.475878004e-02
20.656084	1.652992515e-03
20.661084	4.750829686e-03
20.666085	3.350612105e-04
20.671085	1.144247800e-02
20.676085	3.603818685e-02
20.681085	1.895508322e-02
20.686086	2.484947420e-03
20.691086	3.211909027e-03
20.696086	2.177593445e-02
20.701086	3.282635423e-02
20.706087	7.732671039e-03
20.711087	2.207960766e-03
20.716087	5.582783399e-03
20.721087	2.217959764e-03
20.726088	2.067699070e-02
20.731088	3.370530667e-02
20.736088	1.066751557e-02
20.741089	2.274955818e-03
20.746089	1.433999716e-03
20.751089	2.542941275e-03
20.756089	2.264955626e-03
20.761090	1.099016582e-03
20.766090	-8.308823663e-04
20.771090	7.750331080e-04
20.776090	3.373896467e-03
20.781091	-1.376854428e-03
20.786091	-1.156866213e-03
20.791091	-1.443851390e-03
20.796091	8.230293935e-04
20.801092	1.214008634e-03
20.806092	7.740314867e-04
20.811092	3.155906234e-03
20.816092	-9.368791944e-04
20.821093	-3.594739935e-03
20.826093	3.374894023e-03
20.831093	4.970448277e-04
20.836094	-1.719203010e-04
20.841094	-1.629210128e-04
20.846094	2.190586995e-04
20.851094	-2.769155088e-04
20.856095	-4.367701043e-03
20.861095	-4.865675146e-03
20.866095	1.140632518e-04
20.871095	-1.126933953e-02
20.876096	-3.580805185e-02
20.881096	-1.392820046e-02
20.886096	4.913810377e-03
20.891096	-2.656792518e-03
20.896097	-3.259761111e-03
20.901097	-6.184607840e-03
20.906097	-2.876781692e-03
20.911097	-1.155732633e-02
20.916098	-3.421213753e-02
20.921098	-1.889794154e-02
20.926098	3.350487749e-04
20.931099	2.647927143e-03
20.936099	3.316891792e-03
20.941099	-3.698740231e-03
20.946099	-3.259763511e-03
20.951100	-4.399117520e-04
20.956100	-5.693209296e-05
20.961100	-4.399122325e-04
20.966100	-3.316761481e-03
20.971101	9.558562515e-03
20.976101	3.488123321e-02
20.981101	1.851609190e-02
20.986101	2.035956619e-03
20.991102	-6.689016563e-04
20.996102	-4.893443586e-05
21.001102	4.980801337e-03
21.006102	1.711972662e-03
21.011103	9.940101033e-04
21.016103	6.590274443e-04
21.021103	2.547472475e-02
21.026104	3.211837581e-02
21.031104	7.733655409e-03
21.036104	8.800148829e-04
21.041104	-4.243716438e-03
21.046105	2.427933159e-03
21.051105	5.467773371e-03
21.056105	1.940958236e-03
21.061105	-6.119080175e-04
21.066106	-7.169027477e-04
21.071106	2.558871636e-02
21.076106	3.260534785e-02
21.081106	6.242731252e-03
21.086107	7.180209760e-04
21.091107	5.916747879e-03
21.096107	1.385985436e-03
21.101107	-2.150829175e-03
21.106108	-6.119101868e-04
21.111108	2.428929973e-03
21.116108	2.437577785e-02
21.121108	2.990048764e-02
21.126109	8.841592680e-03
21.131109	1.051001329e-03
21.136109	6.120241272e-04
21.141110	1.433980745e-03
21.146110	-1.149382008e-04
21.151110	2.437927570e-03
21.156110	2.770407433e-04
21.161111	-5.694196907e-05
21.166111	-4.389221623e-04
21.171111	-1.271878686e-03
21.176111	2.704912350e-03
21.181112	-2.265827002e-03
21.186112	-2.704804203e-03
21.191112	-1.414720389e-02
21.196112	-3.410615658e-02
21.201113	-1.149934335e-02
21.206113	1.327983168e-03
21.211113	-4.389243369e-04
21.216113	2.265933456e-03
21.221114	-2.714805370e-03
21.226114	-7.169104721e-04
21.231114	3.340341270e-04
21.236115	-4.979224495e-04
21.241115	5.804812844e-05
21.246115	-2.264830197e-03
21.251115	-3.479766673e-03
21.256116	1.328980697e-03
21.261116	9.939980371e-04
21.266116	8.790038306e-04
21.271116	-1.825854447e-03
21.276117	-3.536764891e-03
21.281117	-5.305672292e-03
21.286117	-2.868644539e-02
21.291117	-2.326573014e-02
21.296118	-2.427824063e-03
21.301118	-3.202783631e-03
21.306118	1.433972766e-03
21.311118	1.261981551e-03
21.316119	-1.768859617e-03
21.321119	-2.370828265e-03
21.326119	-2.199413973e-04
21.331120	6.120146950e-04
21.336120	-1.050898269e-03
21.341120	-3.919330973e-04
21.346120	-1.596870098e-03
21.351121	-1.604869921e-03
21.356121	-1.149483622e-04
21.361121	-3.088792522e-03
21.366121	-1.986850600e-03
21.371122	-4.489315605e-04
21.376122	-1.051900156e-03
21.381122	-6.589210243e-04
21.386122	-5.795280880e-05
21.391123	9.939917371e-04
21.396123	1.433968402e-03
21.401123	-6.119244614e-04
21.406123	2.780285866e-04
21.411124	-2.199455198e-04
21.416124	-1.629487540e-04
21.421124	2.160929034e-03
21.426124	5.803916188e-05
21.431125	-1.109899781e-03
21.436125	5.703872882e-05
21.441125	-7.159209451e-04
21.446126	1.652954481e-03
21.451126	4.530803194e-03
21.456126	2.380915788e-03
21.461126	1.490962255e-03
21.466127	-1.882860912e-03
21.471127	-3.039800433e-03
21.476127	7.170021474e-04
21.481127	1.768946693e-03
21.486128	-5.795766469e-05
21.491128	6.590044624e-04
21.496128	8.889921484e-04
21.501128	6.690034515e-04
21.506129	-8.889150239e-04
21.511129	-1.270895219e-03
21.516129	1.223973595e-03
21.521129	1.653950784e-03
21.526130	-7.269244985e-04
21.531130	-1.318893672e-03
21.536130	-7.159255622e-04
21.541131	-2.769488452e-04
21.546131	1.107978223e-03
21.551131	-4.499402521e-04
21.556131	1.768943046e-03
21.561132	-5.439358053e-04
21.566132	-2.762819590e-03
21.571132	7.159975802e-04
21.576132	2.770203767e-04
21.581133	1.711944821e-03
21.586133	6.120023084e-04
21.591133	-1.386893023e-03
21.596133	2.704891976e-03
21.601134	-4.696383585e-05
21.606134	-2.159853184e-03
21.611134	6.020016162e-04
21.616134	-1.328897284e-03
21.621135	-1.213903563e-03
21.626135	1.548951185e-03
21.631135	2.934878201e-03
21.636136	-1.548886712e-03
21.641136	-3.488785139e-03
21.646136	2.770169685e-04
21.651136	1.499952539e-03
21.656137	8.319873536e-04
21.661137	-5.069426161e-04
21.666137	-1.213905755e-03
21.671137	1.271963530e-03
21.676138	-9.459203072e-04
21.681138	-1.213906486e-03
21.686138	2.656890111e-03
21.691138	-7.169330567e-04
21.696139	-1.767878141e-03
21.701139	3.820087777e-04
21.706139	-6.029397708e-04
21.711139	-2.312850270e-03
21.716140	4.902552313e-05
21.721140	2.762882842e-03
21.726140	1.212963946e-03
21.731141	3.820073151e-04
21.736141	2.275907670e-03
21.741141	1.108968673e-03
21.746141	-2.877822324e-03
21.751142	-1.768880771e-03
21.756142	5.549970164e-04
21.761142	1.318956676e-03
21.766142	-1.443898559e-03
21.771143	-3.249575307e-04
21.776143	-6.019432370e-04
21.781143	1.491946621e-03
21.786143	2.012196858e-02
21.791144	2.376377719e-02
21.796144	7.733618294e-03
21.801144	3.593835327e-03
21.806144	5.026759876e-03
21.811145	-3.819564909e-04
21.816145	-2.378851928e-03
21.821145	1.155962303e-03
21.826145	1.327953032e-03
21.831146	1.271955727e-03
21.836146	2.542888778e-03
21.841146	-1.149719680e-04
21.846147	-9.939260800e-04
21.851147	2.103911085e-03
21.856147	6.119891450e-04
21.861147	-2.820830927e-03
21.866148	-1.166917977e-03
21.871148	4.979943956e-04
21.876148	1.710930490e-03
21.881148	1.604935809e-03
21.886149	-1.050925042e-03
21.891149	-6.589458589e-04
21.896149	-6.599460506e-04
21.901149	-1.386908140e-03
21.906150	-2.647842204e-03
21.911150	-1.912697754e-02
21.916150	-2.896346151e-02
21.921150	-8.622529354e-03
21.926151	3.536832215e-03
21.931151	-1.260916218e-03
21.936151	-2.207866762e-03
21.941152	-1.719738601e-04
21.946152	-2.657843633e-03
21.951152	-4.409602309e-04
21.956152	2.045909001e-03
21.961153	-1.212920203e-03
21.966153	4.969898077e-04
21.971153	-2.199728067e-04
21.976153	-2.769700595e-04
21.981154	1.815919850e-03
21.986154	-1.376912818e-03
21.991154	-1.318916106e-03
21.996154	1.051959214e-03
22.001155	-2.275866369e-03
22.006155	-1.109927808e-03
22.011155	2.772868159e-03
22.016155	1.376941180e-03
22.021156	-9.939346289e-04
22.026156	-1.212923380e-03
22.031156	-9.459376368e-04
22.036157	-2.150874640e-03
22.041157	-2.208871840e-03
22.046157	-1.826892133e-03
22.051157	-1.433913003e-03
22.056158	6.599768543e-04
22.061158	2.704869283e-03
22.066158	-1.049834855e-04
22.071158	-1.709899496e-03
22.076159	-1.149834496e-04
22.081159	-1.491911426e-03
22.086159	-2.542856511e-03
22.091159	6.019781871e-04
22.096160	2.322887620e-03
22.101160	1.386936499e-03
22.106160	-9.359418284e-04
22.111160	-1.166929949e-03
22.116161	2.427881132e-03
22.121161	-1.815896377e-03
22.126161	-5.539628547e-04
22.131161	2.541874415e-03
22.136162	-1.319923142e-03
22.141162	-2.859776535e-04
22.146162	-8.309492951e-04
22.151163	6.689717368e-04
22.156163	6.019750086e-04
22.161163	-7.169560116e-04
22.166163	9.459564656e-04
22.171164	1.051950658e-03
22.176164	-1.108936172e-03
22.181164	-1.149885842e-04
22.186164	1.442929404e-03
22.191165	-1.768902267e-03
22.196165	1.214940881e-03
22.201165	1.768911561e-03
22.206165	6.019725632e-04
22.211166	3.919833399e-04
22.216166	-7.739557101e-04
22.221166	3.423923468e-09
22.226166	1.212939518e-03
22.231167	-4.969709814e-04
22.236167	-6.589627238e-04
22.241167	4.799992652e-05
22.246168	-1.433922539e-03
22.251168	6.689668458e-04
22.256168	1.595917950e-03
22.261168	-1.385925792e-03
22.266169	-9.359496536e-04
22.271169	1.149949428e-04
22.276169	-1.156938544e-03
22.281169	-2.779849207e-04
22.286170	2.769857069e-04
22.291170	0.000000000e+00
