expfull_T9_run11
7940	0
0.000000	0.000000000e+00
0.005000	-7.756464423e-04
0.010001	-1.827277482e-03
0.015001	-1.435989050e-03
0.020001	-1.077529090e-04
0.025001	1.153486972e-03
0.030002	-1.716042610e-03
0.035002	-5.018001052e-04
0.040002	2.537340553e-03
0.045003	-2.261949417e-04
0.050003	-2.358841270e-04
0.055003	-1.336512426e-03
0.060003	1.272652233e-03
0.065004	6.029998837e-04
0.070004	-3.221476394e-03
0.075004	9.266023828e-04
0.080004	2.253838592e-03
0.085005	6.002411627e-04
0.090005	5.425546678e-04
0.095005	-8.450576024e-04
0.100006	-5.687627327e-04
0.105006	-6.744465428e-04
0.110006	-9.041234306e-04
0.115006	9.780818203e-04
0.120007	5.384166568e-04
0.125007	-8.961929765e-04
0.130007	-2.379194105e-04
0.135008	-3.056053260e-04
0.140008	-6.792741617e-04
0.145008	-1.819916020e-04
0.150008	1.586220030e-03
0.155009	1.029561417e-03
0.160009	-1.465988984e-03
0.165009	-4.147373285e-04
0.170009	-1.179384324e-03
0.175010	2.058486997e-04
0.180010	-9.627757426e-04
0.185010	-4.654931548e-04
0.190011	1.465709410e-03
0.195011	1.360939648e-04
0.200011	1.463330245e-03
0.205011	-4.782510378e-04
0.210012	-1.357891583e-03
0.215012	-5.266276093e-04
0.220012	-7.463049779e-04
0.225013	2.072848062e-03
0.230013	1.302668576e-04
0.235013	-1.954045810e-04
0.240013	1.122832239e-03
0.245014	-1.362718646e-03
0.250014	-1.394765140e-04
0.255014	3.004658419e-03
0.260015	1.571048841e-03
0.265015	-4.185319479e-03
0.270015	-2.102309047e-04
0.275015	1.787968006e-03
0.280016	-3.636014803e-04
0.285016	1.012632154e-03
0.290016	-7.089613168e-04
0.295016	-3.243509410e-03
0.300017	-2.135260801e-03
0.305017	2.060815483e-03
0.310017	7.222006643e-04
0.315018	-1.324374637e-03
0.320018	1.676768357e-03
0.325018	1.561085307e-03
0.330018	-1.976406766e-03
0.335019	-1.862102637e-03
0.340019	1.157039380e-03
0.345019	2.380281634e-03
0.350020	2.387116841e-04
0.355020	5.603241687e-05
0.360020	-4.965113985e-05
0.365020	-2.640196009e-03
0.370021	3.889454958e-04
0.375021	1.878172951e-03
0.380021	-1.276340419e-03
0.385021	-1.429021313e-03
0.390022	4.431847927e-04
0.395022	1.085140724e-04
0.400022	-2.651544629e-04
0.405023	-5.058304118e-04
0.410023	-3.905262192e-04
0.415023	-1.433157394e-03
0.420023	-6.698893459e-04
0.425024	1.212316263e-03
0.430024	2.483555979e-03
0.435024	2.148885330e-03
0.440025	-2.154563813e-03
0.445025	-2.107255761e-03
0.450025	4.349130627e-04
0.455025	1.045189715e-03
0.460026	3.765377530e-04
0.465026	-5.031024234e-04
0.470026	-2.948033074e-04
0.475027	1.483408202e-03
0.480027	-9.451454992e-04
0.485027	-5.158586858e-04
0.490027	-9.475238123e-04
0.495028	-5.662342990e-04
0.500028	2.913882280e-03
0.505028	1.503473267e-04
0.510028	-1.733236726e-03
0.515029	1.009717440e-04
0.520029	4.228586670e-05
0.525029	-1.898294971e-03
0.530030	1.255839867e-03
0.535030	2.412086219e-03
0.540030	-1.842365448e-03
0.545030	-6.781195198e-04
0.550031	-4.108235210e-04
0.555031	-1.915248317e-04
0.560031	1.690681063e-03
0.565032	-7.468719452e-04
0.570032	-4.605769587e-04
0.575032	9.270313978e-05
0.580032	2.501790661e-05
0.585033	3.432838885e-05
0.590033	-8.135414045e-05
0.595033	-8.204307478e-05
0.600033	-4.167133568e-04
0.605034	2.415609580e-04
0.610034	-1.795014315e-03
0.615034	-1.417955015e-04
0.620035	3.508311879e-03
0.625035	-2.017068644e-03
0.630035	-2.524729193e-03
0.635035	5.244117685e-04
0.640036	9.057016355e-04
0.645036	4.650373895e-04
0.650036	8.236992054e-05
0.655037	-4.822873775e-04
0.660037	-1.858899346e-03
0.665037	-1.248622189e-03
0.670037	4.045967765e-04
0.675038	-3.700487450e-04
0.680038	6.923799884e-05
0.685038	1.444472522e-03
0.690039	-3.631153068e-04
0.695039	5.161469264e-04
0.700039	-1.540426977e-03
0.705039	-1.253131676e-03
0.710040	3.439917756e-03
0.715040	1.611331174e-03
0.720040	-2.977101365e-03
0.725040	1.780339434e-04
0.730041	1.448274463e-03
0.735041	-1.315259876e-03
0.740041	-7.039825481e-04
0.745042	-9.916550336e-04
0.750042	1.989490065e-03
0.755042	3.929693274e-03
0.760042	-8.207300972e-04
0.765043	-2.094347492e-03
0.770043	-2.698002261e-03
0.775043	-1.759743068e-03
0.780044	2.754549227e-04
0.785044	-1.218150128e-03
0.790044	2.433957657e-03
0.795044	7.233647497e-04
0.800045	-4.442584430e-04
0.805045	-1.105909857e-03
0.810045	-7.726167806e-04
0.815045	2.038538024e-03
0.820046	-1.163971532e-03
0.825046	-2.287119993e-04
0.830046	-1.386335645e-03
0.835047	7.738555609e-04
0.840047	2.150090537e-03
0.845047	-1.005421553e-03
0.850047	5.483109484e-05
0.855048	-1.273782917e-03
0.860048	9.145274610e-05
0.865048	5.977363659e-04
0.870049	-1.437838135e-03
0.875049	-7.225661415e-04
0.880049	-5.612632121e-04
0.885049	-1.450901611e-03
0.890050	1.473247163e-03
0.895050	1.921534133e-03
0.900050	-9.046113534e-06
0.905051	5.352355379e-04
0.910051	-1.254155440e-04
0.915051	-1.063051148e-03
0.920051	-2.286670771e-03
0.925052	1.495053728e-04
0.930052	5.407956614e-04
0.935052	5.311083486e-04
0.940052	3.094328869e-04
0.945053	-4.652116933e-04
0.950053	-1.344850393e-03
0.955053	-6.285781406e-04
0.960054	1.636607688e-03
0.965054	3.900911925e-05
0.970054	-4.686502583e-04
0.975054	1.854532396e-03
0.980055	6.389125718e-04
0.985055	-1.357318423e-04
0.990055	3.605528346e-04
0.995056	-1.514030150e-03
1.000056	-9.117513453e-04
1.005056	-4.724634231e-04
1.010056	-1.961663826e-04
1.015057	6.910965817e-04
1.020057	-2.234427641e-03
1.025057	-1.982287548e-04
1.030057	1.846969651e-03
1.035058	-3.145971414e-04
1.040058	-1.970192150e-03
1.045058	-8.609414417e-04
1.050059	1.682229262e-03
1.055059	-2.503502203e-04
1.060059	-1.034993746e-03
1.065059	-1.255668724e-03
1.070060	5.785416381e-04
1.075060	-3.311147346e-05
1.080060	-1.314727171e-03
1.085061	1.838409651e-03
1.090061	9.587715661e-04
1.095061	-1.918754994e-03
1.100061	-5.435188765e-04
1.105062	2.297508605e-04
1.110062	8.410296620e-04
1.115062	1.233826546e-04
1.120063	-1.148233412e-03
1.125063	-3.169668158e-04
1.130063	1.507244389e-03
1.135063	6.176070768e-04
1.140064	-1.762947003e-03
1.145064	-1.266661614e-03
1.150064	1.227512298e-03
1.155064	2.808782661e-04
1.160065	-2.261666674e-03
1.165065	-1.374403006e-03
1.170065	-3.341478507e-04
1.175066	1.778047505e-03
1.180066	1.883354889e-03
1.185066	1.047674393e-04
1.190066	-2.209790073e-03
1.195067	-2.225876396e-04
1.200067	6.666760951e-04
1.205067	-1.703878215e-03
1.210068	1.496256603e-03
1.215068	5.265061250e-05
1.220068	-1.715937214e-03
1.225068	-6.719110731e-06
1.230069	-5.043778152e-04
1.235069	2.788920184e-04
1.240069	9.951656177e-04
1.245069	1.535261906e-04
1.250070	-4.591259894e-04
1.255070	-1.997726465e-03
1.260070	-1.434444220e-03
1.265071	-2.231981102e-04
1.270071	4.840761534e-04
1.275071	1.698322150e-03
1.280071	1.587218666e-04
1.285072	1.428964794e-03
1.290072	-3.496220972e-04
1.295072	-2.606182285e-03
1.300073	9.289343238e-04
1.305073	-5.716679975e-04
1.310073	-1.346310806e-03
1.315073	-7.606771139e-05
1.320074	9.271903122e-04
1.325074	4.865289491e-04
1.330074	-1.339055093e-03
1.335075	1.411763962e-04
1.340075	-1.514417076e-03
1.345075	-2.901712421e-04
1.350075	2.520986055e-03
1.355076	-1.514474510e-03
1.360076	-1.459163351e-03
1.365076	-3.509109268e-04
1.370076	8.623356668e-04
1.375077	1.693603608e-03
1.380077	-1.011931033e-03
1.385077	-6.396374169e-04
1.390078	4.686151552e-04
1.395078	-4.690180623e-04
1.400078	-9.676757488e-04
1.405078	-4.133921696e-04
1.410079	2.458855802e-04
1.415079	1.019156998e-03
1.420079	-1.514387000e-03
1.425080	-2.012044591e-03
1.430080	1.791057825e-03
1.435080	1.560385396e-03
1.440080	-8.671643951e-04
1.445081	5.280724960e-04
1.450081	-1.413504355e-03
1.455081	1.453650451e-03
1.460081	1.340389511e-04
1.465082	-3.404448682e-03
1.470082	-4.032151798e-05
1.475082	-4.000658812e-05
1.480083	-1.589605126e-03
1.485083	6.265861998e-04
1.490083	1.285864449e-03
1.495083	-1.753650841e-03
1.500084	-1.247363990e-03
1.505084	3.468621768e-04
1.510084	9.481437916e-04
1.515085	1.168446701e-03
1.520085	1.728175045e-04
1.525085	6.713867259e-05
1.530085	1.945663674e-05
1.535086	-5.361970164e-04
1.540086	1.222020227e-03
1.545086	-9.295442924e-04
1.550087	-1.705185568e-03
1.555087	-1.494881837e-03
1.560087	1.683408418e-04
1.565087	1.333591345e-03
1.570088	3.389624252e-04
1.575088	-1.096641850e-03
1.580088	1.166060760e-04
1.585088	7.188881343e-04
1.590089	-1.709660623e-03
1.595089	2.205473923e-04
1.600089	-7.750812675e-04
1.605090	-9.377563798e-04
1.610090	-3.264746519e-04
1.615090	8.867735150e-04
1.620090	5.421086635e-04
1.625091	-1.552458491e-03
1.630091	3.297524456e-04
1.635091	1.570781004e-04
1.640092	-1.047538617e-03
1.645092	-7.232406276e-04
1.650092	9.869800491e-04
1.655092	5.563202436e-04
1.660093	-5.053043123e-04
1.665093	-8.409693481e-04
1.670093	-1.338625307e-03
1.675093	7.645736161e-04
1.680094	4.859055073e-04
1.685094	2.082373788e-04
1.690094	-2.324216170e-04
1.695095	-2.164997313e-03
1.700095	-1.944693124e-03
1.705095	-8.454379523e-04
1.710095	1.312758157e-03
1.715096	-2.358388223e-04
1.720096	-6.754976538e-04
1.725096	1.425701747e-03
1.730097	6.980590618e-04
1.735097	-6.785473674e-04
1.740097	-1.118206050e-03
1.745097	-2.064836402e-03
1.750098	-7.763045207e-05
1.755098	1.631591049e-03
1.760098	-2.999842194e-04
1.765099	-1.513599519e-03
1.770099	1.860529178e-03
1.775099	1.475867690e-03
1.780099	2.522530623e-04
1.785100	-1.354340153e-03
1.790100	-2.014986123e-03
1.795100	1.302145946e-03
1.800100	-1.413385264e-03
1.805101	-1.911040214e-03
1.810101	4.771438160e-04
1.815101	5.814553476e-04
1.820102	-1.578106735e-03
1.825102	-7.478356412e-04
1.830102	2.291312215e-03
1.835102	9.627038748e-04
1.840103	-1.199857883e-03
1.845103	-1.907500801e-03
1.850103	7.970592257e-05
1.855104	1.952919048e-03
1.860104	-1.406464021e-04
1.865104	-3.019168004e-03
1.870104	-9.259670359e-04
1.875105	1.568211594e-03
1.880105	1.013560418e-03
1.885105	1.239279782e-04
1.890105	-2.363615242e-03
1.895106	-1.035371380e-03
1.900106	1.019831952e-03
1.905106	-1.475710700e-03
1.910107	-5.494442807e-04
1.915107	1.562755993e-03
1.920107	-3.383670558e-05
1.925107	-1.870415969e-03
1.930108	-1.317128569e-03
1.935108	-8.108385045e-04
1.940108	1.340359800e-03
1.945109	2.160632424e-03
1.950109	-9.948730221e-04
1.955109	-1.817508623e-03
1.960109	-5.372615440e-04
1.965110	2.850111369e-04
1.970110	-6.626173620e-04
1.975110	-9.402832091e-04
1.980111	6.659458466e-04
1.985111	7.212615010e-04
1.990111	-3.793582893e-04
1.995111	-7.140207848e-04
2.000112	-6.097077365e-04
2.005112	2.785616024e-04
2.010112	3.358773597e-04
2.015112	-1.050726255e-03
2.020113	-1.720369839e-03
2.025113	2.188410198e-04
2.030113	-7.757843406e-04
2.035114	-7.764651292e-04
2.040114	4.457858743e-04
2.045114	3.791088566e-04
2.050114	-1.354992418e-05
2.055115	-9.991755675e-04
2.060115	1.161023266e-03
2.065115	-8.285462594e-04
2.070116	-2.053158432e-03
2.075116	1.531961010e-03
2.080116	1.368289715e-03
2.085116	-2.829156410e-03
2.090117	-1.719850457e-04
2.095117	2.809168282e-03
2.100117	-2.287227538e-03
2.105117	-1.999923777e-03
2.110118	1.594195477e-03
2.115118	1.085543752e-03
2.120118	-4.602818850e-03
2.125119	-2.117637570e-03
2.130119	3.521367742e-03
2.135119	-6.750779867e-04
2.140119	-1.182729540e-03
2.145120	-1.843372509e-03
2.150120	9.867897477e-04
2.155120	1.033107416e-03
2.160121	-2.514374300e-03
2.165121	1.997945686e-04
2.170121	6.380904999e-04
2.175121	-2.405400247e-04
2.180122	-1.837130433e-03
2.185122	-3.578924566e-04
2.190122	-1.305518990e-03
2.195123	-7.402299118e-04
2.200123	1.361973439e-03
2.205123	9.683161299e-04
2.210123	-4.652830926e-04
2.215124	-8.589403064e-04
2.220124	-1.299594850e-03
2.225124	-8.534170557e-05
2.230124	-2.010142906e-04
2.235125	-2.486906226e-04
2.240125	-3.643631117e-04
2.245125	-4.230387336e-04
2.250126	1.412509251e-04
2.255126	-8.941500151e-05
2.260126	1.896795397e-03
2.265126	-1.906671035e-03
2.270127	-8.654078025e-04
2.275127	-1.479052161e-03
2.280127	-1.688719016e-03
2.285128	1.015451557e-03
2.290128	-1.041112125e-03
2.295128	-1.428406669e-04
2.300128	1.405394566e-03
2.305129	-1.702110315e-03
2.310129	-1.090822692e-03
2.315129	2.559295384e-03
2.320129	5.607287615e-04
2.325130	-2.258791994e-03
2.330130	-2.585451825e-03
2.335130	1.170660535e-03
2.340131	2.336917485e-03
2.345131	-1.535544306e-03
2.350131	-1.373231225e-03
2.355131	6.139800578e-04
2.360132	-9.356112200e-04
2.365132	-1.759242963e-03
2.370132	1.442900667e-03
2.375133	3.442843731e-04
2.380133	-8.713253408e-04
2.385133	9.918931676e-04
2.390133	-6.146946236e-04
2.395134	7.805501049e-04
2.400134	6.648792087e-04
2.405134	-2.929597485e-03
2.410135	2.245492345e-04
2.415135	1.494801145e-03
2.420135	-4.947649626e-04
2.425135	-2.656321420e-03
2.430136	-1.269075883e-03
2.435136	1.875071654e-03
2.440136	2.313370256e-03
2.445136	-1.491094301e-03
2.450137	-4.427607247e-03
2.455137	1.594379888e-03
2.460137	8.867426549e-04
2.465138	-3.378695965e-03
2.470138	-1.562473949e-03
2.475138	8.277160872e-04
2.480138	5.490551247e-04
2.485139	-1.009534352e-03
2.490139	1.370656402e-03
2.495139	8.810073746e-04
2.500140	-4.485947216e-04
2.505140	-1.337221375e-03
2.510140	-1.614882072e-03
2.515140	3.153340630e-04
2.520141	3.716548340e-04
2.525141	9.299435427e-05
2.530141	-1.503592518e-03
2.535141	-5.093239312e-04
2.540142	3.456778853e-03
2.545142	-2.834545844e-03
2.550142	-3.447187413e-03
2.555143	1.361868490e-03
2.560143	-1.783631610e-03
2.565143	-1.069347070e-03
2.570143	1.310844552e-03
2.575144	2.955077302e-03
2.580144	-1.519348411e-03
2.585144	-5.740765406e-04
2.590145	6.391804287e-04
2.595145	-3.337272910e-03
2.600145	-1.618044067e-03
2.605145	1.296118142e-03
2.610146	-6.444486520e-04
2.615146	-1.562072480e-03
2.620146	-4.058119947e-04
2.625147	-3.450764506e-05
2.630147	-5.811520086e-04
2.635147	4.131176861e-04
2.640147	1.072406133e-03
2.645148	-1.356133033e-03
2.650148	-2.465745751e-03
2.655148	-1.023500831e-03
2.660148	1.069707815e-03
2.665149	1.948984268e-03
2.670149	1.795318427e-03
2.675149	-2.077139812e-03
2.680150	-3.186752188e-03
2.685150	-3.675837706e-04
2.690150	1.514636995e-03
2.695150	-3.395070866e-05
2.700151	-1.143562854e-03
2.705151	2.886831982e-04
2.710151	1.260183199e-04
2.715152	-2.566342228e-04
2.720152	-3.307137815e-03
2.725152	-4.309721153e-04
2.730152	2.064214905e-03
2.735153	-2.113317620e-04
2.740153	-1.589928429e-03
2.745153	-7.006516074e-04
2.750153	2.215512153e-03
2.755154	5.589311767e-04
2.760154	-2.863551186e-03
2.765154	-3.083212239e-03
2.770155	2.325812632e-03
2.775155	6.026587878e-05
2.780155	-1.642312234e-03
2.785155	2.218799204e-03
2.790156	8.802008961e-04
2.795156	-1.099361580e-03
2.800156	-8.800467143e-04
2.805157	7.161913652e-04
2.810157	-1.818339958e-03
2.815157	-1.982003538e-03
2.820157	1.277141915e-03
2.825158	-3.426268182e-03
2.830158	-1.671226077e-04
2.835158	2.260069459e-03
2.840158	-8.374300826e-04
2.845159	-2.043035149e-03
2.850159	-1.383744234e-03
2.855159	9.294544376e-04
2.860160	-5.541349316e-04
2.865160	-4.498128605e-04
2.870160	-2.294972016e-04
2.875160	-3.931600515e-04
2.880161	1.601371468e-04
2.885161	-3.365069963e-04
2.890161	-7.201573837e-04
2.895162	1.267059973e-03
2.900162	1.754361102e-03
2.905162	-7.891685571e-04
2.910162	-1.449803238e-03
2.915163	3.764233524e-04
2.920163	-1.212203002e-04
2.925163	-2.168777390e-03
2.930164	-7.345287359e-04
2.935164	1.864654966e-03
2.940164	-1.731815491e-03
2.945164	-1.617492984e-03
2.950165	1.537659879e-03
2.955165	-3.108751792e-03
2.960165	-2.230471732e-03
2.965165	1.248663239e-03
2.970166	7.030228948e-04
2.975166	-4.065859107e-04
2.980166	-1.239210111e-03
2.985167	-4.559244310e-04
2.990167	-1.316130720e-04
2.995167	1.799608670e-03
3.000167	1.301966030e-03
3.005168	-1.415552655e-03
3.010168	-2.342171225e-03
3.015168	-1.615881979e-03
3.020169	-1.359566440e-03
3.025169	1.077627450e-03
3.030169	7.519755978e-04
3.035169	-2.077536449e-03
3.040170	1.630586705e-03
3.045170	-6.359566317e-04
3.050170	-9.136109023e-04
3.055170	4.716420858e-04
3.060171	-1.908894693e-03
3.065171	2.132801154e-05
3.070171	-1.356264610e-03
3.075172	-3.629894838e-04
3.080172	1.893215225e-03
3.085172	-6.503121292e-04
3.090172	-2.687867655e-03
3.095173	-5.856541548e-04
3.100173	-1.255285892e-03
3.105173	-1.522939997e-03
3.110174	1.181240106e-03
3.115174	1.562549916e-03
3.120174	6.829301635e-04
3.125174	-7.606580469e-04
3.130175	-1.756271192e-03
3.135175	-1.039979811e-03
3.140175	4.602678845e-04
3.145176	2.876090118e-04
3.150176	1.729469694e-04
3.155176	-5.356818564e-04
3.160176	-2.917217250e-03
3.165177	-2.700332283e-04
3.170177	-2.127045994e-04
3.175177	6.461181974e-05
3.180177	7.319065422e-04
3.185178	-1.754622653e-03
3.190178	1.106053489e-04
3.195178	1.275872484e-03
3.200179	-1.597151598e-04
3.205179	-1.709296373e-03
3.210179	-1.212991698e-03
3.215179	3.352543363e-04
3.220180	-1.873289895e-03
3.225180	-6.110277617e-04
3.230180	1.825168923e-03
3.235181	-1.981285922e-03
3.240181	-1.378986750e-03
3.245181	1.097207910e-03
3.250181	2.318472677e-03
3.255182	-1.276993667e-03
3.260182	-4.477481984e-03
3.265182	-2.153867169e-04
3.270182	5.093162337e-05
3.275183	-2.267196077e-04
3.280183	2.095484134e-03
3.285183	-1.108003667e-03
3.290184	-2.275605020e-03
3.295184	2.575871570e-04
3.300184	1.213867411e-03
3.305184	-4.977033717e-04
3.310185	-1.837294844e-03
3.315185	-1.445982847e-03
3.320185	-1.504645667e-03
3.325186	1.037546432e-03
3.330186	-1.406082994e-05
3.335186	-3.275544688e-03
3.340186	-4.553678902e-04
3.345187	1.589852229e-03
3.350187	-1.058665625e-03
3.355187	-3.114216500e-03
3.360188	3.639238628e-04
3.365188	1.644186960e-03
3.370188	8.695648118e-04
3.375188	-7.804760996e-05
3.380189	-2.506577310e-03
3.385189	-1.455301145e-03
3.390189	9.194741192e-05
3.395189	1.583199166e-03
3.400190	1.386148419e-04
3.405190	-7.203827562e-05
3.410190	-9.616534277e-04
3.415191	-3.170194898e-03
3.420191	-1.172971018e-03
3.425191	1.024241773e-03
3.430191	-8.536080999e-05
3.435192	-1.518945238e-03
3.440192	2.482917693e-04
3.445192	-1.301286039e-03
3.450193	-1.855919301e-03
3.455193	1.679219261e-03
3.460193	1.966539157e-03
3.465193	-1.512930650e-03
3.470194	-8.066339895e-04
3.475194	-1.190276426e-03
3.480194	-1.353931065e-03
3.485194	-9.266515510e-05
3.490195	-2.083223248e-04
3.495195	1.349927159e-03
3.500195	-4.766343761e-04
3.505196	-8.122790447e-04
3.510196	-5.829551694e-04
3.515196	-7.556087850e-04
3.520196	-3.831199355e-05
3.525197	1.890122182e-04
3.530197	-1.255570186e-03
3.535197	-3.081131253e-03
3.540198	2.930175611e-04
3.545198	1.563283868e-03
3.550198	-1.029234169e-03
3.555198	-1.200887238e-03
3.560199	1.753733804e-04
3.565199	8.916709069e-04
3.570199	-1.040883659e-03
3.575200	-1.806503275e-03
3.580200	-1.041208255e-03
3.585200	1.662978633e-03
3.590200	6.540567686e-05
3.595201	-1.483169937e-03
3.600201	7.084929077e-06
3.605201	-1.207509171e-03
3.610201	-4.912109569e-04
3.615202	7.220595981e-04
3.620202	-4.345375079e-04
3.625202	-1.382146200e-03
3.630203	-8.858354007e-04
3.635203	-2.367414138e-03
3.640203	-1.050149001e-03
3.645203	1.109069225e-03
3.650204	-6.014964998e-04
3.655204	-1.443110643e-03
3.660204	-1.051793518e-03
3.665205	-4.951041269e-05
3.670205	1.598170252e-04
3.675205	-1.493751491e-03
3.680205	-1.654863442e-04
3.685206	5.978104116e-04
3.690206	-1.161751954e-03
3.695206	3.295043318e-04
3.700206	1.370785809e-03
3.705207	-1.497714431e-03
3.710207	-2.215334632e-03
3.715207	8.718329016e-04
3.720208	-8.407316138e-04
3.725208	-2.772283828e-03
3.730208	-5.709529712e-05
3.735208	1.317168150e-03
3.740209	1.537496078e-03
3.745209	-2.381944875e-03
3.750209	-2.278610259e-03
3.755210	1.975492784e-03
3.760210	-1.008000165e-03
3.765210	-4.383471157e-03
3.770210	1.303552155e-03
3.775211	5.859329887e-04
3.780211	-2.664544739e-03
3.785211	5.946143126e-04
3.790212	-7.919672776e-04
3.795212	-1.866932960e-05
3.800212	-6.312939528e-04
3.805212	-1.395910013e-03
3.810213	-5.646150587e-04
3.815213	-2.182183353e-03
3.820213	1.305963484e-03
3.825213	3.123605287e-04
3.830214	-8.072353138e-04
3.835214	4.160381700e-04
3.840214	-3.054426308e-03
3.845215	1.140681482e-03
3.850215	7.490453383e-04
3.855215	-2.903408738e-03
3.860215	-5.241993574e-04
3.865216	2.734960995e-03
3.870216	7.645169360e-05
3.875216	-2.677052224e-03
3.880217	-3.068420125e-04
3.885217	-4.704903044e-04
3.890217	-2.679024389e-03
3.895217	1.068109224e-03
3.900218	-9.794336797e-04
3.905218	-2.576001670e-03
3.910218	3.179020133e-03
3.915218	-6.934206752e-04
3.920219	-1.144052370e-03
3.925219	1.790127112e-03
3.930219	-2.024316682e-03
3.935220	-1.863982225e-03
3.940220	-6.397070623e-04
3.945220	2.395874374e-04
3.950220	-6.510192013e-04
3.955221	-2.362579939e-03
3.960221	-6.993289397e-04
3.965221	6.759382159e-04
3.970222	1.668226830e-03
3.975222	-1.256265878e-03
3.980222	-2.249866263e-03
3.985222	-1.586387274e-04
3.990223	6.969286058e-05
3.995223	-8.089136886e-04
4.000223	1.446304949e-03
4.005224	7.756869617e-04
4.010224	-1.767826414e-03
4.015224	-1.366504056e-03
4.020224	-2.199112747e-03
4.025225	1.710998984e-04
4.030225	1.556367599e-03
4.035225	-1.704105337e-03
4.040225	-1.990744156e-03
4.045226	9.434373570e-04
4.050226	1.725739052e-03
4.055226	-9.427665782e-04
4.060227	-1.717377820e-03
4.065227	-1.487045061e-03
4.070227	-9.337302422e-04
4.075227	-1.049378002e-03
4.080228	-1.384013453e-03
4.085228	5.452248356e-04
4.090228	-8.893490552e-04
4.095229	-6.600157215e-04
4.100229	7.152537446e-04
4.105229	-9.483071057e-04
4.110229	-1.712918039e-03
4.115230	-6.626301744e-04
4.120230	1.487596390e-03
4.125230	-1.390896306e-03
4.130230	-1.506543108e-03
4.135231	1.207652244e-03
4.140231	1.484983685e-03
4.145231	-9.535332156e-04
4.150232	-3.325053767e-03
4.155232	1.071018676e-04
4.160232	1.425375566e-03
4.165232	9.267507526e-04
4.170233	-2.553707556e-03
4.175233	-2.726350386e-03
4.180233	-3.941329219e-04
4.185234	-3.947851726e-04
4.190234	-4.624335955e-04
4.195234	-4.040889612e-04
4.200234	-9.027131536e-04
4.205235	-2.778260411e-03
4.210235	3.659122709e-04
4.215235	2.032695949e-04
4.220236	1.474546982e-03
4.225236	-1.010965877e-03
4.230236	-2.780518603e-03
4.235236	3.056577633e-04
4.240237	6.399877992e-04
4.245237	-9.565743123e-04
4.250237	-1.789178970e-03
4.255237	-3.569099399e-04
4.260238	9.241403837e-05
4.265238	1.688674097e-03
4.270238	-9.698282972e-04
4.275239	-5.109247951e-03
4.280239	-1.871732341e-04
4.285239	2.843007160e-03
4.290239	3.564955295e-04
4.295240	-1.127071984e-03
4.300240	-1.020728139e-03
4.305240	-1.910328619e-03
4.310241	-1.196018522e-03
4.315241	3.522451233e-04
4.320241	-1.970275112e-03
4.325241	5.719332444e-04
4.330242	3.612953283e-04
4.335242	-1.466252257e-03
4.340242	9.039659738e-04
4.345242	-1.141569262e-03
4.350243	-8.082371691e-04
4.355243	-1.410852749e-03
4.360243	-2.645658433e-04
4.365244	4.037478306e-04
4.370244	-2.846719697e-03
4.375244	1.282401015e-03
4.380244	4.018014114e-04
4.385245	-1.644733029e-03
4.390245	-9.546805786e-05
4.395245	2.378648674e-04
4.400246	3.412107212e-04
4.405246	-1.589329821e-03
4.410246	-1.866962519e-03
4.415246	-1.046656399e-03
4.420247	3.966150474e-04
4.425247	-4.300832906e-05
4.430247	2.903252495e-04
4.435248	-5.992728266e-04
4.440248	-3.094781183e-03
4.445248	-1.480518812e-03
4.450248	-2.197126260e-03
4.455249	1.010320605e-05
4.460249	2.045342366e-03
4.465249	4.387848674e-04
4.470249	-2.869677553e-03
4.475250	-3.643281349e-03
4.480250	-2.231191041e-04
4.485250	2.271094913e-03
4.490251	-8.163794623e-04
4.495251	-4.029846711e-03
4.500251	-3.396991538e-04
4.505251	2.716203272e-04
4.510252	-1.325936820e-03
4.515252	-2.158536563e-03
4.520252	1.214629066e-03
4.525253	1.319977167e-03
4.530253	-2.598450070e-03
4.535253	5.537281789e-04
4.540253	1.031075956e-04
4.545254	1.034619394e-04
4.550254	-2.163057107e-03
4.555254	-3.041653517e-03
4.560254	-1.007412395e-03
4.565255	7.598437231e-04
4.570255	-7.787155653e-04
4.575255	-2.051289602e-03
4.580256	8.259048610e-04
4.585256	-1.786839381e-04
4.590256	5.366313722e-04
4.595256	-7.982904054e-06
4.600257	-2.274500984e-03
4.605257	-1.118209993e-03
4.610257	1.748985609e-03
4.615258	3.714182091e-04
4.620258	-3.491010414e-03
4.625258	-8.438022415e-04
4.630258	2.520366016e-03
4.635259	-2.727984967e-03
4.640259	-1.839678337e-03
4.645259	2.747421963e-03
4.650260	-1.009011989e-03
4.655260	-9.626580757e-04
4.660260	-1.737258247e-03
4.665260	-1.182932486e-03
4.670261	3.653379010e-04
4.675261	-7.922406004e-04
4.680261	-1.070868057e-03
4.685261	-6.315354845e-04
4.690262	2.467726881e-04
4.695262	-2.181734488e-03
4.700262	-1.292426731e-03
4.705263	-6.341059836e-04
4.710263	-5.877509834e-04
4.715263	1.515489322e-03
4.720263	-1.849965066e-03
4.725264	-2.567567131e-03
4.730264	2.517507057e-03
4.735264	-9.719401121e-04
4.740265	-3.076464474e-03
4.745265	1.357646345e-03
4.750265	1.462998850e-03
4.755265	-2.418426043e-03
4.760266	-1.797102133e-03
4.765266	1.518071534e-03
4.770266	-1.914378114e-03
4.775266	-1.140062441e-03
4.780267	1.172167502e-03
4.785267	-1.255337931e-03
4.790267	-1.141985067e-03
4.795268	-7.506476169e-04
4.800268	-1.467248232e-03
4.805268	1.780929981e-03
4.810268	-4.285871114e-04
4.815269	-2.035137754e-03
4.820269	1.110784254e-05
4.825269	-2.187409560e-03
4.830270	-7.081321171e-04
4.835270	8.188007722e-06
4.840270	-1.033393657e-03
4.845270	-1.922983703e-03
4.850271	2.842535200e-04
4.855271	8.945799686e-04
4.860271	-1.093948439e-03
4.865272	-2.585504480e-03
4.870272	-9.802332519e-04
4.875272	5.010449989e-04
4.880272	-1.267495276e-03
4.885273	-5.421746298e-04
4.890273	2.781408176e-04
4.895273	-3.914604800e-04
4.900273	-1.595031874e-03
4.905274	-1.758661203e-03
4.910274	2.656454032e-03
4.915274	-4.980081732e-04
4.920275	-2.545532053e-03
4.925275	1.497604253e-03
4.930275	-1.598860878e-03
4.935275	-3.646384446e-03
4.940276	7.117345916e-04
4.945276	1.926029190e-03
4.950276	-3.314823472e-04
4.955277	6.058279178e-04
4.960277	-2.099658409e-03
4.965277	-4.530159979e-03
4.970277	5.449196713e-04
4.975278	2.199190341e-03
4.980278	-2.494184624e-03
4.985278	-3.155784497e-03
4.990278	1.603937358e-04
4.995279	3.478571962e-03
5.000279	-6.718328861e-04
5.005279	-2.164385963e-03
5.010280	4.385452408e-05
5.015280	-1.287720073e-04
5.020280	-8.943653399e-04
5.025280	-2.547909010e-03
5.030281	-4.556616272e-04
5.035281	-9.532695989e-04
5.040281	-7.339174780e-04
5.045282	2.583916103e-04
5.050282	-1.395151531e-03
5.055282	-4.018422860e-04
5.060282	-1.501416131e-03
5.065283	-1.234066158e-03
5.070283	-1.837597753e-04
5.075283	-1.895299148e-03
5.080284	-1.850293837e-04
5.085284	9.232740826e-04
5.090284	-7.402676481e-04
5.095284	-1.295871106e-03
5.100285	-6.275427633e-04
5.105285	-8.471647575e-04
5.110285	-1.679752435e-03
5.115285	-8.494328115e-04
5.120286	5.168570070e-04
5.125286	1.342445390e-04
5.130286	-1.567294212e-03
5.135287	-7.459736560e-04
5.140287	-4.126257582e-04
5.145287	-7.952377948e-04
5.150287	1.193017959e-03
5.155288	-1.408470026e-03
5.160288	-3.101643881e-04
5.165288	7.118137193e-05
5.170289	-4.345204999e-03
5.175289	-2.069964720e-03
5.180289	-2.471149646e-05
5.185289	-5.803130111e-04
5.190290	1.830119742e-04
5.195290	-2.565957961e-04
5.200290	-1.022185264e-03
5.205290	1.127062700e-03
5.210291	-2.014951306e-04
5.215291	-3.795926394e-03
5.220291	-1.473687756e-03
5.225292	-9.839615943e-05
5.230292	-2.249907623e-03
5.235292	-7.016254617e-04
5.240292	1.008647769e-03
5.245293	1.456991537e-03
5.250293	6.724042257e-04
5.255293	-1.917082245e-03
5.260294	-2.911657617e-03
5.265294	-4.284269739e-04
5.270294	-3.720607777e-04
5.275294	-1.815610761e-03
5.280295	1.716478936e-04
5.285295	-1.539886912e-03
5.290295	-3.165853996e-04
5.295296	1.288694906e-03
5.300296	-2.142743580e-03
5.305296	-4.581237370e-03
5.310296	-1.658030284e-03
5.315297	3.102074396e-03
5.320297	1.170552646e-03
5.325297	-8.279652539e-04
5.330297	-1.267570044e-03
5.335298	-3.792488345e-04
5.340298	-8.198533456e-04
5.345298	-4.147296631e-03
5.350299	7.168030274e-04
5.355299	1.271143325e-03
5.360299	-3.097241529e-03
5.365299	2.289442964e-04
5.370300	1.050270030e-03
5.375300	-2.106182124e-03
5.380300	-1.321854100e-03
5.385301	-1.655467237e-04
5.390301	9.887608773e-04
5.395301	-4.447869810e-04
5.400301	-2.270312850e-03
5.405302	1.044874492e-03
5.410302	-2.836788869e-04
5.415302	-1.278250792e-03
5.420302	-7.829057351e-04
5.425303	-2.599431540e-03
5.430303	-5.720049235e-05
5.435303	2.036055726e-03
5.440304	-2.552315041e-03
5.445304	-3.662879791e-03
5.450304	1.211221571e-03
5.455304	2.034549120e-03
5.460305	-1.178897926e-03
5.465305	-1.830487834e-03
5.470305	-2.107098555e-03
5.475306	-4.648162542e-04
5.480306	2.087415377e-03
5.485306	1.558973596e-04
5.490306	-2.894558095e-03
5.495307	-2.282217855e-03
5.500307	4.790025719e-04
5.505307	-4.015736383e-04
5.510308	-1.338146608e-03
5.515308	1.309080526e-03
5.520308	-7.846704443e-05
5.525308	-2.897934584e-03
5.530309	-1.627630258e-03
5.535309	-2.336215374e-03
5.540309	1.200962670e-03
5.545309	-1.906488335e-03
5.550310	-3.006051283e-03
5.555310	1.256086649e-03
5.560310	-1.574379466e-03
5.565311	2.190747953e-05
5.570311	1.636193537e-03
5.575311	-2.473250781e-04
5.580311	-1.413883590e-03
5.585312	-8.505385301e-04
5.590312	-1.352018364e-04
5.595312	1.184101267e-03
5.600313	-1.301383169e-03
5.605313	-2.296950639e-03
5.610313	-8.636535464e-04
5.615313	-6.922859087e-04
5.620314	-9.598936545e-04
5.625314	-8.075247217e-04
5.630314	-1.305119397e-03
5.635314	-1.411735775e-03
5.640315	-3.704161017e-04
5.645315	-1.134995523e-03
5.650315	1.177253455e-03
5.655316	-4.292787411e-04
5.660316	-2.350793241e-03
5.665316	2.954374533e-04
5.670316	1.783144419e-05
5.675317	-1.635697657e-03
5.680317	-1.426330607e-03
5.685317	1.230899947e-03
5.690318	-6.446164086e-04
5.695318	-2.423138059e-03
5.700318	-2.048826496e-04
5.705318	1.284780743e-04
5.710319	-2.748981887e-03
5.715319	-2.147635881e-03
5.720319	4.985961191e-04
5.725320	4.029812609e-04
5.730320	5.183547471e-04
5.735320	-2.092119518e-03
5.740320	-3.145680555e-03
5.745321	1.499440486e-03
5.750321	-6.030617698e-04
5.755321	-1.875610225e-03
5.760321	-9.872791587e-04
5.765322	-6.529170552e-04
5.770322	3.404083919e-04
5.775322	-2.652043595e-03
5.780323	-1.878705630e-03
5.785323	7.775273721e-04
5.790323	1.749423687e-04
5.795323	-2.746510524e-04
5.800324	1.647060351e-04
5.805324	-1.603813535e-03
5.810324	-2.264394818e-03
5.815325	-5.451088003e-04
5.820325	6.012093162e-04
5.825325	-1.941266575e-03
5.830325	-1.597903403e-03
5.835326	7.713468261e-04
5.840326	1.536686691e-03
5.845326	-6.628078560e-04
5.850326	-5.807137930e-03
5.855327	-1.228010547e-03
5.860327	4.086075941e-03
5.865327	-7.802692820e-04
5.870328	-2.988762717e-03
5.875328	-6.195115119e-04
5.880328	-1.279091146e-03
5.885328	-2.158658381e-03
5.890329	-1.175329461e-03
5.895329	-1.557924186e-03
5.900329	-8.895774411e-04
5.905330	-5.652113761e-04
5.910330	5.331116176e-04
5.915330	-5.574431048e-04
5.920330	-1.447008921e-03
5.925331	-1.074645043e-03
5.930331	2.056682871e-04
5.935331	-9.508822589e-04
5.940332	-1.343475318e-03
5.945332	-5.701333235e-04
5.950332	9.821465417e-05
5.955332	-6.763567153e-04
5.960333	-1.700798765e-05
5.965333	-7.661901097e-05
5.970333	-1.845134537e-03
5.975333	-8.988014531e-04
5.980334	-2.782310312e-03
5.985334	-3.127904878e-03
5.990334	6.372712596e-04
5.995335	1.202626103e-03
6.000335	-1.130857145e-03
6.005335	-1.572445854e-03
6.010335	-2.347015856e-03
6.015336	-3.007431623e-04
6.020336	-1.124310179e-03
6.025336	-2.845826956e-03
6.030337	1.742304252e-03
6.035337	2.897627170e-03
6.040337	-2.187701497e-03
6.045337	-2.016323414e-03
6.050338	8.594703133e-05
6.055338	-1.242590925e-03
6.060338	-3.185094489e-03
6.065338	-6.908455425e-04
6.070339	-1.244426371e-03
6.075339	-5.960741527e-04
6.080339	3.169104242e-03
6.085340	8.556220124e-04
6.090340	-3.187763545e-03
6.095340	-2.968386881e-03
6.100340	-2.541493271e-04
6.105341	-1.397665494e-04
6.110341	-1.078324880e-03
6.115341	-1.250925833e-03
6.120342	3.923719974e-04
6.125342	-1.482133718e-03
6.130342	-1.691732224e-03
6.135342	-2.584222927e-04
6.140343	1.229464743e-04
6.145343	1.223366868e-04
6.150343	-2.077150254e-03
6.155344	-2.804719215e-03
6.160344	1.554428063e-03
6.165344	2.662756897e-03
6.170344	-2.691553463e-03
6.175345	-3.361125149e-03
6.180345	-1.649829582e-03
6.185345	2.173348249e-03
6.190345	1.158544071e-04
6.195346	-1.930639920e-03
6.200346	-1.375279328e-03
6.205346	-3.144788856e-03
6.210347	-1.425492965e-03
6.215347	7.827757650e-04
6.220347	6.101774997e-04
6.225347	-2.693811813e-04
6.230348	7.819525041e-04
6.235348	-6.635743320e-04
6.240348	-4.038993332e-03
6.245349	-1.543739844e-03
6.250349	-5.243019575e-05
6.255349	5.009319283e-04
6.260349	-3.316284700e-04
6.265350	-3.764043641e-03
6.270350	-1.546773990e-03
6.275350	-7.154268613e-04
6.280350	-7.160331712e-04
6.285351	-6.686420296e-04
6.290351	2.149594602e-03
6.295351	7.150687094e-04
6.300352	-3.653293316e-03
6.305352	-1.989991836e-03
6.310352	-1.771609586e-03
6.315352	-7.302731331e-04
6.320353	-2.909029542e-04
6.325353	-6.252086921e-05
6.330353	-2.251168328e-04
6.335354	-5.027062475e-04
6.340354	2.706458161e-04
6.345354	-1.288871792e-03
6.350354	-1.948439495e-03
6.355355	2.688323780e-04
6.360355	-6.687195475e-04
6.365355	-2.657212689e-03
6.370356	-2.399515821e-04
6.375356	1.690336834e-03
6.380356	-1.235103621e-03
6.385356	-1.617685860e-03
6.390357	-1.446298883e-03
6.395357	-2.058868023e-03
6.400357	-1.358536367e-05
6.405357	-4.541638369e-04
6.410358	-6.267571338e-04
6.415358	-1.019338021e-03
6.420358	-3.039806085e-04
6.425359	-1.116537791e-03
6.430359	-3.277019613e-03
6.435359	-8.480003582e-05
6.440359	-7.540269256e-05
6.445360	-7.939645889e-04
6.450360	-8.995605614e-04
6.455360	-8.521649390e-04
6.460361	-9.097633235e-04
6.465361	-5.183866317e-04
6.470361	2.449694337e-04
6.475361	-1.571530386e-03
6.480362	-1.954110099e-03
6.485362	-1.247750451e-03
6.490362	-3.441896285e-05
6.495362	-7.419801363e-04
6.500363	-5.805896715e-04
6.505363	7.377363592e-04
6.510363	-1.240753481e-03
6.515364	-2.236298045e-03
6.520364	2.389638211e-04
6.525364	-5.825901838e-04
6.530364	-2.180100748e-03
6.535365	-1.808721061e-03
6.540365	-7.573791868e-04
6.545365	-6.899822642e-04
6.550366	-1.408541342e-03
6.555366	2.917647182e-04
6.560366	-3.677973821e-04
6.565366	-1.410337973e-03
6.570367	-1.257945117e-03
6.575367	-1.095552684e-03
6.580367	7.287471340e-04
6.585368	-1.689716124e-03
6.590368	-6.963696591e-04
6.595368	1.558906514e-03
6.600368	6.793577771e-04
6.605369	-2.304073406e-03
6.610369	-4.741534924e-03
6.615369	1.231534305e-03
6.620369	2.282878350e-03
6.625370	-1.379514395e-03
6.630370	-3.750979049e-03
6.635370	-3.301600998e-03
6.640371	-1.094320918e-03
6.645371	1.552934743e-03
6.650371	-1.585661965e-04
6.655371	-1.813070180e-03
6.660372	-7.047282206e-04
6.665372	-1.928255982e-03
6.670372	-2.179473438e-04
6.675373	2.218320917e-03
6.680373	-1.271079975e-03
6.685373	-3.030577274e-03
6.690373	-3.263235571e-04
6.695374	-1.711841453e-03
6.700374	-1.540446101e-03
6.705374	-3.851055256e-04
6.710374	-1.045663467e-03
6.715375	5.268056604e-05
6.720375	-1.609821180e-03
6.725375	-1.715409680e-03
6.730376	-1.603010206e-03
6.735376	-1.707598484e-03
6.740376	1.159647520e-03
6.745376	4.320942869e-04
6.750377	-1.603385812e-03
6.755377	-1.213001159e-03
6.760377	1.043319008e-04
6.765378	-1.663162737e-03
6.770378	-5.068204142e-04
6.775378	-4.514165090e-04
6.780378	-2.104917091e-03
6.785379	2.653579010e-04
6.790379	-4.431951389e-04
6.795379	-1.829710202e-03
6.800380	-8.933547646e-04
6.805380	-1.447915979e-03
6.810380	-1.783489276e-03
6.815380	-1.947072031e-03
6.820381	-7.907283106e-04
6.825381	-6.663268576e-04
6.830381	1.550358385e-04
6.835381	1.415374176e-03
6.840382	-2.055023325e-03
6.845382	-2.886567959e-03
6.850382	-2.228195604e-03
6.855383	1.318015722e-03
6.860383	2.751345109e-03
6.865383	-1.571004140e-03
6.870383	-5.986348058e-03
6.875384	-2.278145209e-03
6.880384	2.910975132e-03
6.885384	-1.295380026e-03
6.890385	-2.289914293e-03
6.895385	-5.126031151e-04
6.900385	-9.631674582e-04
6.905385	-7.437690500e-04
6.910386	2.025889285e-04
6.915386	1.138947607e-03
6.920386	6.413864544e-04
6.925386	-2.954001667e-03
6.930387	-3.231574813e-03
6.935387	-1.128280692e-03
6.940387	-1.929212468e-04
6.945388	-9.104694105e-04
6.950388	-2.622961904e-03
6.955388	-2.126577532e-03
6.960388	4.336473985e-03
6.965389	6.260934212e-04
6.970389	-2.787303574e-03
6.975389	-5.220173522e-04
6.980390	-1.851530362e-03
6.985390	-4.181974231e-04
6.990390	-9.157565778e-04
6.995390	-4.193710610e-04
7.000391	-2.244855818e-03
7.005391	-2.303439041e-03
7.010391	-8.714908085e-05
7.015392	-9.186888782e-04
7.020392	2.946573436e-04
7.025392	-2.735759447e-03
7.030392	-4.180264603e-03
7.035393	1.286844649e-03
7.040393	1.506246919e-03
7.045393	-9.222028904e-04
7.050393	-1.256769415e-03
7.055394	7.057145464e-05
7.060394	-2.252883781e-03
7.065394	-2.969428554e-03
7.070395	6.807831110e-04
7.075395	-8.107181216e-04
7.080395	-1.203280541e-03
7.085395	6.706437848e-05
7.090396	-8.704673359e-04
7.095396	-2.418964807e-03
7.100396	-2.256557618e-03
7.105397	-7.672243395e-04
7.110397	-1.647758653e-03
7.115397	-7.103942782e-04
7.120397	-3.759961059e-04
7.125398	-8.745513009e-04
7.130398	-1.821081349e-03
7.135398	-1.209698197e-03
7.140398	8.926018927e-04
7.145399	7.770259078e-04
7.150399	1.164804838e-04
7.155399	-2.979928849e-03
7.160400	-3.201498479e-03
7.165400	1.147345929e-04
7.170400	5.815604756e-05
7.175400	8.577258234e-06
7.180401	-6.029700209e-04
7.185401	-2.486446167e-03
7.190401	-1.494082666e-03
7.195402	-1.388669518e-03
7.200402	1.047613692e-03
7.205402	-2.248959637e-04
7.210402	-2.327359152e-03
7.215403	6.068967079e-04
7.220403	-5.506189233e-04
7.225403	-2.816072573e-03
7.230404	-7.807660997e-04
7.235404	4.885832693e-04
7.240404	-1.499885396e-03
7.245404	-6.105145241e-04
7.250405	-2.771124760e-04
7.255405	-2.437571098e-03
7.260405	-1.061226960e-03
7.265405	3.801136990e-04
7.270406	-8.913940901e-04
7.275406	-2.276895369e-03
7.280406	-2.315879716e-04
7.285407	1.811719686e-03
7.290407	-1.286685550e-03
7.295407	-1.945226805e-03
7.300407	-2.155792912e-03
7.305408	-1.287419086e-03
7.310408	-1.401990253e-03
7.315408	-2.501506301e-03
7.320409	9.287249958e-04
7.325409	-1.786700570e-03
7.330409	-2.618231126e-03
7.335409	-5.059258271e-04
7.340410	-2.008418637e-03
7.345410	-1.455026037e-03
7.350410	1.422237019e-03
7.355410	1.861636282e-03
7.360411	-1.560748780e-03
7.365411	-2.947247314e-03
7.370411	-5.199585448e-04
7.375412	3.584168194e-04
7.380412	2.528472478e-04
7.385412	-1.955604812e-03
7.390412	-2.348158066e-03
7.395413	4.131128166e-04
7.400413	-1.021381985e-03
7.405413	-2.167892709e-03
7.410414	-2.225464055e-03
7.415414	-1.022105622e-03
7.420414	5.822305835e-04
7.425414	-4.692848372e-04
7.430415	4.100921306e-04
7.435415	4.095183597e-04
7.440415	-2.076916524e-03
7.445416	-3.454413146e-03
7.450416	-1.906072907e-03
7.455416	2.442338885e-04
7.460416	-1.295253238e-03
7.465417	-2.126779723e-03
7.470417	-1.258400927e-03
7.475417	1.072896375e-03
7.480417	-1.019559282e-03
7.485418	-2.741035490e-03
7.490418	2.972228136e-04
7.495418	-9.532725729e-05
7.500419	-1.204837162e-03
7.505419	-8.647125177e-05
7.510419	-2.904597770e-05
7.515419	-1.750521271e-03
7.520420	-3.357002829e-03
7.525420	-1.369684803e-03
7.530420	8.466205967e-04
7.535421	-8.068578789e-04
7.540421	-3.081301545e-03
7.545421	-1.476961533e-03
7.550421	8.443386204e-04
7.555422	-1.478101907e-03
7.560422	-1.478671864e-03
7.565422	-4.283003196e-04
7.570422	1.837003573e-03
7.575423	-8.204176438e-04
7.580423	-4.797765042e-03
7.585423	-1.758503882e-03
7.590424	9.457761283e-04
7.595424	-1.205672710e-03
7.600424	-2.420173686e-03
7.605424	-7.668345599e-04
7.610425	7.245137610e-04
7.615425	-1.485931167e-03
7.620425	-3.857366956e-03
7.625426	-9.320981974e-04
7.630426	-1.496634519e-03
7.635426	1.878609436e-03
7.640426	-2.031739846e-03
7.645427	-3.142245232e-03
7.650427	1.492928872e-03
7.655427	5.454147001e-04
7.660428	5.887495679e-05
7.665428	-3.200509879e-03
7.670428	-2.380122251e-03
7.675428	-1.043763263e-03
7.680429	-1.436307629e-03
7.685429	-1.272882869e-03
7.690429	-1.635107449e-04
7.695429	-7.770423104e-04
7.700430	-1.992540124e-03
7.705430	-7.781733918e-04
7.710430	4.321542878e-05
7.715431	8.836033454e-04
7.720431	-3.308938987e-04
7.725431	-2.108359567e-03
7.730431	-5.610106360e-04
7.735432	-5.625751037e-04
7.740432	-2.435035000e-03
7.745432	-1.499651445e-03
7.750433	-3.922773314e-04
7.755433	7.640942046e-04
7.760433	-1.176361269e-03
7.765433	-2.657842200e-03
7.770434	-5.655224274e-04
7.775434	-1.063057958e-03
7.780434	-5.096519834e-04
7.785434	6.467204971e-04
7.790435	-1.187996042e-04
7.795435	-2.940204809e-03
7.800435	-1.955822257e-03
7.805436	4.250386618e-05
7.810436	-6.750182821e-04
7.815436	-1.670524758e-03
7.820436	-1.059120757e-03
7.825437	-7.473741347e-05
7.830437	-1.796202899e-03
7.835437	3.061183698e-04
7.840438	-1.013369233e-03
7.845438	-2.227862536e-03
7.850438	3.714314727e-04
7.855438	3.688937704e-05
7.860439	-2.286541560e-03
7.865439	-1.953120617e-03
7.870439	-2.010677694e-03
7.875440	-1.075290028e-03
7.880440	1.410011298e-03
7.885440	-1.515385248e-03
7.890440	-1.018972605e-03
7.895441	1.954001293e-04
7.900441	-2.014035895e-03
7.905441	-2.627560827e-03
7.910441	-3.287083033e-03
7.915442	-1.403746994e-03
7.920442	1.472533788e-03
7.925442	-1.681848700e-03
7.930443	-1.692406483e-03
7.935443	5.719089333e-04
7.940443	-8.525696190e-04
7.945443	-8.531274796e-04
7.950444	-5.287033169e-04
7.955444	-1.141226703e-03
7.960444	9.620985013e-04
7.965445	-1.686310941e-03
7.970445	-2.519821511e-03
7.975445	-2.080402962e-03
7.980445	-1.640984252e-03
7.985446	-2.415497632e-03
7.990446	-1.966079157e-03
7.995446	5.182259117e-04
8.000446	-1.261230898e-03
8.005447	-1.308784204e-03
8.010447	-1.032355429e-03
8.015447	7.919871181e-04
8.020448	-4.215006319e-04
8.025448	-2.142959870e-03
8.030448	-3.176168932e-04
8.035448	-8.051446732e-04
8.040449	-3.129569774e-03
8.045449	-1.705203932e-03
8.050449	-2.718384303e-04
8.055450	1.359130000e-05
8.060450	-7.029228889e-04
8.065450	-4.460267207e-03
8.070450	2.889138897e-04
8.075451	3.943543156e-04
8.080451	-2.253051460e-03
8.085451	1.329195252e-03
8.090452	3.916943725e-04
8.095452	-1.146772804e-03
8.100452	-2.590245119e-03
8.105452	-9.848874248e-04
8.110453	-1.544863175e-04
8.115453	-9.969916822e-04
8.120453	-1.876494819e-03
8.125453	-2.536010069e-03
8.130454	-5.170061165e-05
8.135454	6.747071174e-04
8.140454	-1.935698763e-03
8.145455	-2.156237857e-03
8.150455	-7.128696497e-04
8.155455	-7.714174566e-04
8.160455	-5.999779349e-04
8.165456	-3.325436063e-04
8.170456	-1.939004532e-03
8.175456	-1.165598112e-03
8.180457	-2.102096099e-03
8.185457	-1.710668033e-03
8.190457	1.384609297e-03
8.195457	-1.100801751e-03
8.200458	-1.053353993e-03
8.205458	-8.439151107e-04
8.210458	-1.503427567e-03
8.215458	-1.933952638e-03
8.220459	-5.575783867e-04
8.225459	-1.276087055e-03
8.230459	-2.491567822e-03
8.235460	9.973912059e-05
8.240460	-1.993692317e-03
8.245460	-6.663145038e-04
8.250460	1.034042659e-03
8.255461	-1.234405162e-04
8.260461	-3.870778987e-03
8.265461	-2.274415522e-03
8.270462	-5.150609876e-04
8.275462	-1.175571235e-03
8.280462	3.227981972e-04
8.285462	-2.056615786e-03
8.290463	-2.276150145e-03
8.295463	1.976066095e-03
8.300463	3.116127092e-04
8.305464	-3.607714666e-03
8.310464	-1.170396637e-03
8.315464	-1.769978560e-04
8.320464	-7.995087249e-04
8.325465	-8.480514598e-04
8.330465	-2.223519972e-03
8.335465	-1.068129564e-03
8.340465	-1.671640825e-03
8.345466	-3.115105040e-03
8.350466	2.501625370e-04
8.355466	1.300559474e-03
8.360467	-3.116738270e-03
8.365467	-1.568368789e-03
8.370467	1.202932608e-03
8.375467	-2.276416979e-03
8.380468	-6.910490595e-04
8.385468	-9.685770040e-04
8.390468	-3.062003435e-03
8.395469	-1.685623348e-03
8.400469	-2.532462171e-04
8.405469	1.858093189e-03
8.410469	-1.181279776e-03
8.415470	-3.618686168e-03
8.420470	-1.909323822e-03
8.425470	-3.619522661e-04
8.430470	1.904379333e-03
8.435471	-2.789900428e-03
8.440471	-3.507401964e-03
8.445471	7.938165760e-04
8.450472	-5.256510258e-04
8.455472	5.817460987e-04
8.460472	9.061870892e-04
8.465472	-3.347116268e-03
8.470473	-4.123613495e-03
8.475473	-4.238166216e-05
8.480473	1.458994322e-03
8.485474	-2.020351551e-03
8.490474	-1.418925002e-03
8.495474	-1.745446493e-03
8.500474	-4.170601754e-04
8.505475	-1.421543490e-03
8.510475	-2.358030430e-03
8.515475	6.332635921e-04
8.520475	5.657284970e-04
8.525476	-1.919671487e-03
8.530476	-4.186083522e-03
8.535476	-1.481772802e-03
8.540477	-3.163760247e-04
8.545477	-5.369017285e-04
8.550477	-2.024582342e-04
8.555477	-1.206939844e-03
8.560478	-2.919381771e-03
8.565478	1.124855193e-03
8.570478	2.833650002e-04
8.575479	-1.429076414e-03
8.580479	-5.976596288e-04
8.585479	-4.134998853e-03
8.590479	-1.534680447e-03
8.595480	8.446504639e-04
8.600480	-1.096777313e-03
8.605480	-1.651282322e-03
8.610481	-7.058708691e-04
8.615481	-1.375369117e-03
8.620481	-1.930873554e-03
8.625481	-3.040346902e-03
8.630482	1.709387807e-04
8.635482	-4.958383550e-05
8.640482	-1.760023127e-03
8.645482	-5.466254256e-04
8.650483	-3.381714655e-04
8.655483	-6.056907690e-04
8.660483	-1.103197064e-03
8.665484	3.871858697e-04
8.670484	-1.151261985e-03
8.675484	-2.260733608e-03
8.680484	-4.453682928e-04
8.685485	-2.269136810e-04
8.690485	-3.707252467e-03
8.695485	-2.100874969e-03
8.700486	-5.552179579e-05
8.705486	-1.140510324e-04
8.710486	-1.663496888e-03
8.715486	-1.329047709e-03
8.720487	-7.746106345e-04
8.725487	-7.281450363e-04
8.730487	1.602737466e-04
8.735487	-2.764094506e-03
8.740488	-2.105662539e-03
8.745488	2.736735576e-04
8.750488	2.161458297e-04
8.755489	-3.274190140e-03
8.760489	-3.159727118e-03
8.765489	-1.276362643e-03
8.770489	2.140239377e-04
8.775490	1.981395235e-03
8.780490	-5.129954455e-04
8.785490	-1.393476023e-03
8.790491	-1.891977744e-03
8.795491	-2.341482024e-03
8.800491	-1.223073634e-03
8.805491	1.042270920e-03
8.810492	2.097885390e-04
8.815492	-1.999616821e-03
8.820492	-3.166080212e-03
8.825493	-2.448648568e-03
8.830493	-6.242785258e-04
8.835493	-9.027909469e-04
8.840493	-8.553213852e-04
8.845494	-1.896790874e-03
8.850494	-8.363774932e-04
8.855494	3.670280834e-04
8.860494	-9.144274844e-04
8.865495	-2.118887173e-03
8.870495	-2.721380282e-03
8.875495	-1.956949501e-03
8.880496	-9.065345055e-04
8.885496	-1.453030210e-03
8.890496	-7.663305426e-05
8.895496	5.258074724e-04
8.900497	-2.236564035e-03
8.905497	-2.562071366e-03
8.910497	-1.397661673e-03
8.915498	-6.912262427e-04
8.920498	-8.878483195e-05
8.925498	-2.992978733e-04
8.930498	-1.294766929e-03
8.935499	-2.069248141e-03
8.940499	-2.738735036e-03
8.945499	-1.917304960e-03
8.950499	-9.618821859e-04
8.955500	-6.844213968e-04
8.960500	-8.669347590e-04
8.965500	-1.967396713e-03
8.970501	-6.859914206e-04
8.975501	-1.995415841e-04
8.980501	2.389111091e-04
8.985501	-1.520513357e-03
8.990502	-1.138057182e-03
8.995502	4.103341002e-04
9.000502	-2.468027383e-03
9.005503	-4.226634802e-04
9.010503	1.887806280e-04
9.015503	-2.134611293e-03
9.020503	-2.632104938e-03
9.025504	-1.638681612e-03
9.030504	-3.329226097e-05
9.035504	-7.607725342e-04
9.040505	-1.593246769e-03
9.045505	-1.143792368e-03
9.050505	-1.688282317e-03
9.055505	-2.301768236e-03
9.060506	-1.480334058e-03
9.065506	1.260564907e-04
9.070506	-5.914230862e-04
9.075506	-1.204908288e-03
9.080507	-3.264765728e-04
9.085507	-2.581869780e-03
9.090507	-2.524391889e-03
9.095508	-2.690364806e-04
9.100508	2.844140905e-04
9.105508	-1.312015174e-03
9.110508	-2.307477798e-03
9.115509	-1.984013851e-03
9.120509	-4.346181433e-04
9.125509	-1.983049366e-03
9.130510	-2.308548659e-03
9.135510	-9.811400209e-04
9.140510	-8.196661313e-04
9.145510	-6.001952979e-04
9.150511	-2.493606364e-03
9.155511	-8.872125730e-04
9.160511	4.511963552e-04
9.165511	-9.272429088e-04
9.170512	-1.653718378e-03
9.175512	-1.883221401e-03
9.180512	-2.591697513e-03
9.185513	2.159521853e-03
9.190513	1.164062121e-03
9.195513	-3.196209640e-03
9.200513	-1.819801382e-03
9.205514	-1.112355608e-03
9.210514	-3.389133358e-04
9.215514	-8.264005094e-04
9.220515	-1.935852789e-03
9.225515	-2.100357625e-03
9.230515	-1.047930195e-03
9.235515	5.954644354e-04
9.240516	-2.158895314e-03
9.245516	-3.038359519e-03
9.250516	-1.059983037e-03
9.255517	1.760346638e-03
9.260517	-9.940123826e-04
9.265517	-7.165404261e-04
9.270517	8.218613409e-04
9.275518	-3.108431503e-03
9.280518	-3.156940805e-03
9.285518	1.593622863e-04
9.290518	-6.711030093e-04
9.295519	-4.543398358e-03
9.300519	-2.002051467e-03
9.305519	-1.113612145e-03
9.310520	-3.391662776e-04
9.315520	4.922765923e-04
9.320520	2.037821492e-04
9.325520	-1.946608198e-03
9.330521	2.137610551e-04
9.335521	5.362330649e-04
9.340521	-4.272008397e-03
9.345522	-2.445619953e-03
9.350522	1.089673301e-03
9.355522	-5.737431210e-04
9.360522	-1.061224988e-03
9.365523	-1.281721571e-03
9.370523	-2.897140120e-03
9.375523	-5.757781950e-04
9.380523	2.076697449e-04
9.385524	-1.268197388e-04
9.390524	-8.033030024e-05
9.395524	-3.272659919e-03
9.400525	-2.279222960e-03
9.405525	-1.400779399e-03
9.410525	5.296056393e-04
9.415525	-2.587040244e-05
9.420526	-3.945158525e-03
9.425526	-1.077825223e-03
9.430526	-1.345316782e-03
9.435527	-1.125835333e-03
9.440527	-1.903936565e-04
9.445527	-2.178788616e-03
9.450527	-1.300343387e-03
9.455528	-5.168926713e-04
9.460528	-1.960317488e-03
9.465528	-1.358856244e-03
9.470529	-1.235368139e-03
9.475529	-2.679792342e-03
9.480529	-8.944153979e-05
9.485529	3.600289308e-04
9.490530	-4.286216022e-03
9.495530	-2.738806454e-03
9.500530	4.735103812e-04
9.505530	-5.779346372e-04
9.510531	1.365219763e-04
9.515531	4.610005410e-04
9.520531	-2.081360710e-03
9.525532	-3.180802303e-03
9.530532	-3.076310901e-03
9.535532	-1.136921717e-03
9.540532	1.023455321e-03
9.545533	-1.634898522e-03
9.550533	-1.807390914e-03
9.555533	-9.759391477e-04
9.560534	-1.635403987e-03
9.565534	4.569777817e-04
9.570534	1.287430166e-03
9.575534	-8.639508475e-04
9.580535	-2.365367947e-03
9.585535	-9.209492661e-04
9.590535	-3.292317439e-03
9.595535	-1.591912668e-03
9.600536	1.284911738e-04
9.605536	-1.697906850e-03
9.610536	1.249792645e-05
9.615537	-2.358869306e-03
9.620537	-3.640297180e-03
9.625537	-1.509911193e-04
9.630537	4.594757973e-04
9.635538	-2.255871485e-03
9.640538	-8.214501758e-04
9.645538	-1.596905346e-03
9.650539	-2.142373162e-03
9.655539	-4.789640670e-04
9.660539	-1.760390432e-03
9.665539	-7.099467499e-04
9.670540	7.804725666e-04
9.675540	-2.153860983e-03
9.680540	-3.971256680e-03
9.685541	-2.059637564e-04
9.690541	-2.054605312e-04
9.695541	-1.658875974e-03
9.700541	-2.262338662e-03
9.705542	-2.539819355e-03
9.710542	1.494459504e-03
9.715542	7.290064252e-04
9.720542	-3.593247960e-03
9.725543	-3.096771087e-03
9.730543	1.155544039e-04
9.735543	1.663972948e-03
9.740544	-1.624199711e-04
9.745544	-3.920704881e-03
9.750544	-3.978196141e-03
9.755544	-1.999800834e-03
9.760545	9.345413129e-04
9.765545	1.002043648e-03
9.770545	1.545519610e-03
9.775546	-1.714791950e-03
9.780546	-2.652232957e-03
9.785546	-1.104812453e-03
9.790546	-3.150191245e-03
9.795547	1.561314764e-04
9.800547	-1.994241074e-03
9.805547	-1.602755294e-03
9.810547	-2.273242361e-04
9.815548	3.751501513e-04
9.820548	-1.672227382e-03
9.825548	-2.991645352e-03
9.830549	5.546653149e-04
9.835549	-5.067666697e-04
9.840549	-2.715134452e-03
9.845549	-1.941668459e-03
9.850550	-4.032449657e-04
9.855550	-7.857140760e-04
9.860550	-2.105130704e-03
9.865551	-2.105620748e-03
9.870551	-6.251932503e-04
9.875551	8.172365604e-04
9.880551	-1.391129687e-03
9.885552	-2.834538433e-03
9.890552	-1.201790317e-04
9.895552	-1.726578297e-03
9.900553	-2.835005162e-03
9.905553	-1.507567779e-03
9.910553	-1.404061896e-03
9.915553	-5.145996837e-04
9.920554	-6.200817514e-04
9.925554	-5.635726669e-04
9.930554	-1.233022874e-03
9.935554	-6.795411390e-04
9.940555	-1.830560301e-04
9.945555	-2.457416088e-03
9.950555	-2.505900178e-03
9.955556	3.647133066e-05
9.960556	3.498500464e-05
9.965556	-2.011387003e-03
9.970556	-1.790885331e-03
9.975557	-1.792371076e-03
9.980557	-1.065897255e-03
9.985557	-2.451305376e-03
9.990558	-1.687833232e-03
9.995558	2.411452935e-03
10.000558	-8.478500222e-04
10.005558	-3.783170867e-03
10.010559	-3.180688961e-03
10.015559	-8.013060299e-04
10.020559	-2.179713183e-03
10.025559	-1.127255807e-03
10.030560	8.031527649e-04
10.035560	-1.960176512e-03
10.040560	-1.740672066e-03
10.045561	-1.971142311e-03
10.050561	-1.244665769e-03
10.055561	-3.561980731e-04
10.060561	-2.459563208e-03
10.065562	-3.571628713e-04
10.070562	3.023181898e-04
10.075562	-2.794990888e-03
10.080563	-1.582540298e-03
10.085563	-6.460741090e-04
10.090563	-2.080475407e-03
10.095563	-2.127953914e-03
10.100564	-5.225244738e-04
10.105564	-3.703233425e-05
10.110564	-2.636367835e-03
10.115565	-2.799839086e-03
10.120565	1.788424666e-03
10.125565	1.250375179e-04
10.130565	-3.135260311e-03
10.135566	-9.658609747e-04
10.140566	-1.081333924e-03
10.145566	-1.310800314e-03
10.150566	1.785547878e-03
10.155567	-2.028718053e-03
10.160567	-3.913091494e-03
10.165567	-4.817614074e-04
10.170568	-1.533180943e-03
10.175568	-3.579544753e-03
10.180568	6.827395481e-04
10.185568	-3.776788945e-04
10.190569	-2.089060810e-03
10.195569	-1.086593988e-03
10.200569	-7.620891316e-04
10.205570	-3.235904402e-04
10.210570	-1.871980664e-03
10.215570	-1.976451275e-03
10.220570	-2.589893283e-03
10.225571	-7.644712059e-04
10.230571	-2.418854724e-03
10.235571	-4.884381119e-04
10.240571	-4.889135392e-04
10.245572	-2.812259130e-03
10.250572	-4.308670930e-04
10.255572	-2.708214855e-03
10.260573	-2.708689491e-03
10.265573	1.568399817e-05
10.270573	2.831948023e-04
10.275573	-1.438183196e-03
10.280574	8.932128198e-04
10.285574	1.496705468e-03
10.290574	-7.126447016e-04
10.295575	-2.148037867e-03
10.300575	-1.718534913e-03
10.305575	-3.209924556e-03
10.310575	-3.802364170e-03
10.315576	-3.810275941e-04
10.320576	1.054729738e-04
10.325576	-5.539623050e-04
10.330577	-3.699258649e-03
10.335577	-7.748935411e-04
10.340577	1.538505864e-03
10.345577	-2.208672308e-04
10.350578	-2.153230472e-03
10.355578	-1.713725887e-03
10.360578	-1.828190186e-03
10.365578	-2.660614216e-03
10.370579	-2.812172971e-04
10.375579	-1.380626027e-03
10.380579	-3.703966251e-03
10.385580	4.235497944e-05
10.390580	-1.201054423e-04
10.395580	-2.099464263e-03
10.400580	-1.831948282e-03
10.405581	-2.052404867e-03
10.410581	-2.279753759e-04
10.415581	9.284915940e-04
10.420582	-1.441844406e-03
10.425582	-2.332262799e-03
10.430582	-3.002693269e-03
10.435582	-2.103211155e-03
10.440583	8.221580955e-04
10.445583	-1.616173106e-03
10.450583	-6.136961384e-04
10.455583	4.267789098e-04
10.460584	-1.226595498e-03
10.465584	-2.163009718e-03
10.470584	-2.068481274e-03
10.475585	-2.784907369e-03
10.480585	-1.887423335e-03
10.485585	1.207938237e-03
10.490585	-1.783360294e-03
10.495586	-1.458843679e-03
10.500586	-1.679296447e-03
10.505586	-3.160678642e-03
10.510587	6.996412455e-04
10.515587	1.442077772e-04
10.520587	-2.283121019e-03
10.525587	-1.728616029e-03
10.530588	-2.332046213e-03
10.535588	-7.663574676e-05
10.540588	2.408762086e-03
10.545589	-3.117392755e-03
10.550589	-5.545720283e-03
10.555589	-1.731396010e-03
10.560589	2.080928576e-03
10.565590	-4.143946057e-04
10.570590	-9.678259619e-04
10.575590	-1.399263924e-03
10.580590	-1.294731596e-03
10.585591	-1.018208663e-03
10.590591	-2.949562307e-03
10.595591	-2.347057162e-03
10.600592	-1.406413280e-04
10.605592	-1.020053071e-03
10.610592	-2.453433695e-03
10.615592	1.349614303e-04
10.620593	-9.644374262e-04
10.625593	-2.397817440e-03
10.630593	-1.251341231e-03
10.635594	-2.351739422e-03
10.640594	8.566514699e-05
10.645594	8.501632842e-04
10.650594	-4.121018268e-03
10.655595	-3.011538977e-03
10.660595	-4.701393965e-04
10.665595	-6.435880975e-04
10.670595	-2.029968901e-03
10.675596	8.245523189e-05
10.680596	3.019852110e-04
10.685596	-1.198388618e-03
10.690597	-1.247843219e-03
10.695597	-3.954149336e-03
10.700597	-2.471689024e-03
10.705597	1.513631809e-03
10.710598	-1.630649252e-03
10.715598	-1.364120465e-03
10.720598	-1.699557878e-03
10.725599	-8.680602124e-04
10.730599	2.964190744e-04
10.735599	-1.968910017e-03
10.740599	-8.124298737e-04
10.745600	-1.864826249e-03
10.750600	-1.702290223e-03
10.755600	-1.252770010e-03
10.760601	-1.808193505e-03
10.765601	-1.254678684e-03
10.770601	-1.461946311e-04
10.775601	-2.306527940e-03
10.780602	-3.080938392e-03
10.785602	-8.165182349e-04
10.790602	-1.924909636e-03
10.795602	-3.360282582e-03
10.800603	-2.069114201e-04
10.805603	2.816086730e-04
10.810603	1.317121777e-05
10.815604	-7.622377375e-04
10.820604	-2.205609208e-03
10.825604	-3.362996433e-03
10.830604	-2.914473077e-03
10.835605	8.328663794e-04
10.840605	7.274210649e-04
10.845605	-9.269375986e-04
10.850606	-1.271369162e-03
10.855606	-1.758792539e-03
10.860606	-1.760242831e-03
10.865606	7.721656694e-04
10.870607	-1.062352667e-04
10.875607	-2.534549496e-03
10.880607	-1.705045336e-03
10.885607	-2.097472773e-03
10.890608	-9.979832666e-04
10.895608	-1.094426808e-03
10.900608	-3.474742680e-03
10.905609	-7.783416758e-04
10.910609	1.661573096e-04
10.915609	-2.760127470e-03
10.920609	-1.659636775e-03
10.925610	-2.271644012e-04
10.930610	-5.562144705e-05
10.935610	-1.708976438e-03
10.940611	-1.604429329e-03
10.945611	-2.541823862e-03
10.950611	-2.045298214e-03
10.955611	-1.547772413e-03
10.960612	-4.402804469e-04
10.965612	-2.787354791e-04
10.970612	-2.879036165e-03
10.975613	-7.286017803e-04
10.980613	-7.760445241e-04
10.985613	-1.436452850e-03
10.990613	-6.729404360e-04
10.995614	-1.772323846e-03
11.000614	-2.163746558e-03
11.005614	-1.008255394e-03
11.010614	-2.098638680e-03
11.015615	-2.051085265e-03
11.020615	-2.060528460e-03
11.025615	9.990745326e-05
11.030616	-2.110412493e-03
11.035616	-2.665824591e-03
11.040616	-5.613849248e-04
11.045616	-2.377726232e-03
11.050617	4.306745650e-04
11.055617	-9.743113087e-06
11.060617	-2.380052875e-03
11.065618	-1.510543241e-03
11.070618	-8.420221797e-04
11.075618	-5.074822697e-04
11.080618	-9.578983416e-04
11.085619	-1.235323858e-03
11.090619	-2.611687834e-03
11.095619	-1.504190223e-03
11.100619	-9.016642195e-04
11.105620	-1.007098495e-03
11.110620	-3.485751967e-04
11.115620	-2.948869814e-03
11.120621	-2.337343472e-03
11.125621	-6.748755731e-04
11.130621	-2.616206336e-03
11.135621	-2.290663402e-03
11.140622	-1.124167191e-03
11.145622	-5.716365045e-04
11.150622	-1.510022399e-03
11.155623	-1.126481859e-03
11.160623	4.219938763e-04
11.165623	-2.561277261e-03
11.170623	-1.242788268e-03
11.175624	-7.729052536e-05
11.180624	-9.566784469e-04
11.185624	-2.008056559e-03
11.190625	-2.620458958e-03
11.195625	1.409505620e-04
11.200625	-1.235408778e-03
11.205625	-1.685819584e-03
11.210626	-1.743252111e-03
11.215626	-1.905678566e-03
11.220626	-1.190153808e-03
11.225626	-1.734558522e-03
11.230627	-6.260552719e-04
11.235627	-2.185402918e-03
11.240627	-2.845800523e-03
11.245628	3.565865038e-04
11.250628	1.941615317e-04
11.255628	-6.862231591e-04
11.260628	-3.688489216e-03
11.265629	-3.180950942e-03
11.270629	-7.445201065e-04
11.275629	3.529856664e-04
11.280630	-1.904167695e-04
11.285630	-2.685710058e-03
11.290630	-1.253222343e-03
11.295630	-2.955559461e-03
11.300631	-4.131332657e-04
11.305631	1.403333658e-03
11.310631	-1.034961748e-03
11.315631	-1.637359402e-03
11.320632	-3.463688535e-03
11.325632	-3.244131636e-03
11.330632	2.425532109e-05
11.335633	-5.311441033e-04
11.340633	-1.964494316e-03
11.345633	-1.199966979e-03
11.350633	-1.258393499e-03
11.355634	-2.128774491e-03
11.360634	5.196483472e-04
11.365634	-7.047124618e-04
11.370635	-3.410990352e-03
11.375635	5.073622531e-04
11.380635	-3.249856556e-03
11.385635	-2.905304071e-03
11.390636	2.010459164e-05
11.395636	1.716682758e-04
11.400636	-1.205682497e-03
11.405637	-3.022008557e-03
11.410637	-1.922497135e-03
11.415637	-1.482948667e-03
11.420637	-2.604436804e-04
11.425638	-1.637793382e-03
11.430638	-1.485228254e-03
11.435638	-2.154617038e-03
11.440638	-8.741144299e-04
11.445639	-2.633441955e-03
11.450639	-2.308885567e-03
11.455639	3.865387189e-04
11.460640	-4.838377740e-04
11.465640	-2.635142564e-03
11.470640	-4.088486091e-03
11.475640	-1.269067866e-03
11.480641	9.483841708e-04
11.485641	8.909633826e-04
11.490641	-1.317337150e-03
11.495642	-2.149714258e-03
11.500642	1.147360172e-04
11.505642	-1.711585187e-03
11.510642	-2.590959025e-03
11.515643	-1.701431370e-03
11.520643	-3.758739036e-03
11.525643	-6.043373511e-04
11.530643	7.251663969e-04
11.535644	-1.332140622e-03
11.540644	-9.975809144e-04
11.545644	-1.426978355e-03
11.550645	-1.820377588e-03
11.555645	1.267029132e-03
11.560645	-8.842715603e-04
11.565645	-2.758587495e-03
11.570646	-2.213038266e-03
11.575646	-3.150406058e-03
11.580646	-6.089677862e-04
11.585647	-1.049362882e-03
11.590647	-1.603751399e-03
11.595647	-1.718164254e-03
11.600647	-6.676419078e-04
11.605648	2.108902544e-04
11.610648	-2.714365078e-03
11.615648	-1.605845318e-03
11.620649	-2.203407985e-04
11.625649	-1.606681366e-03
11.630649	-3.594988121e-03
11.635649	-1.712510687e-03
11.640650	-7.279829206e-04
11.645650	-1.063381272e-03
11.650650	1.591336467e-04
11.655650	-2.708122967e-03
11.660651	-2.765536181e-03
11.665651	-1.285035008e-03
11.670651	-2.174401355e-03
11.675652	4.305912474e-05
11.680652	-1.113291886e-03
11.685652	-2.825611651e-03
11.690652	-1.115122224e-03
11.695653	-1.172533913e-03
11.700653	4.319618653e-04
11.705653	-1.832326222e-03
11.710654	-1.116780395e-03
11.715654	-1.175191156e-03
11.720654	-1.230601865e-03
11.725654	-8.980340094e-04
11.730655	-3.604296339e-03
11.735655	-1.337835976e-03
11.740655	-1.281252062e-03
11.745655	-3.222556428e-03
11.750656	-1.454067617e-03
11.755656	9.343374495e-05
11.760656	-1.235904118e-03
11.765657	-1.952275972e-03
11.770657	-5.677648561e-04
11.775657	1.420712771e-03
11.780657	-3.225439105e-03
11.785658	-2.614884138e-03
11.790658	-8.453936315e-04
11.795658	-2.566708085e-03
11.800659	-2.442480006e-04
11.805659	-1.563584449e-03
11.810659	-1.956972355e-03
11.815659	-5.714593222e-04
11.820660	8.730506381e-04
11.825660	-5.111024594e-03
11.830660	-3.287535345e-03
11.835661	8.698238708e-04
11.840661	-2.953371300e-03
11.845661	-4.669183915e-04
11.850661	1.242578099e-03
11.855662	1.422316263e-04
11.860662	-2.944003794e-03
11.865662	-7.465338770e-04
11.870662	-1.741885549e-03
11.875663	-2.956224779e-03
11.880663	-3.567766348e-04
11.885663	-1.074143160e-03
11.890664	-2.077493504e-03
11.895664	-1.580927337e-03
11.900664	-2.403287340e-03
11.905664	-4.628013171e-04
11.910665	-1.862222108e-04
11.915665	-3.561439078e-03
11.920665	-1.687948653e-03
11.925666	1.845420487e-04
11.930666	-9.148011714e-04
11.935666	-4.347013973e-03
11.940666	-1.193594097e-03
11.945667	1.129872320e-03
11.950667	-1.193401708e-03
11.955667	-3.621669655e-03
11.960667	-3.517078739e-03
11.965668	-1.357602284e-03
11.970668	5.258897951e-04
11.975668	-1.415404444e-03
11.980669	-3.518689420e-03
11.985669	-2.305159286e-03
11.990669	-3.646695012e-04
11.995669	-5.850588964e-04
12.000670	6.844687783e-04
12.005670	7.900616339e-04
12.010670	-4.410049178e-03
12.015671	-2.182574300e-03
12.020671	-1.085036139e-03
12.025671	-4.254733114e-04
12.030671	-4.289480353e-05
12.035672	-1.697202395e-03
12.040672	-2.576553014e-03
12.045672	-3.189918256e-03
12.050673	-5.894626375e-04
12.055673	-3.801682392e-03
12.060673	-8.682449123e-04
12.065673	2.009195916e-03
12.070674	-2.359958603e-03
12.075674	-6.594516449e-04
12.080674	8.320671995e-04
12.085674	-2.523143238e-03
12.090675	-2.304552906e-03
12.095675	-1.529993379e-03
12.100675	-2.036362141e-03
12.105676	-6.038388882e-04
12.110676	-1.034211445e-03
12.115676	-3.756445513e-04
12.120676	-1.264991046e-03
12.125677	-9.294056800e-04
12.130677	-1.542767130e-03
12.135677	-1.591159888e-03
12.140678	-1.475561574e-03
12.145678	-2.202915991e-03
12.150678	-2.538292061e-03
12.155678	-2.366696200e-03
12.160679	-2.742073211e-04
12.165679	-1.267545998e-03
12.170679	-1.592921731e-03
12.175679	-1.384327039e-03
12.180680	-2.263671406e-03
12.185680	-1.097129730e-03
12.190680	-6.485477595e-04
12.195681	-5.439463676e-04
12.200681	-2.427233808e-03
12.205681	-1.156697037e-03
12.210681	2.045732139e-03
12.215682	-2.600400434e-03
12.220682	-2.486798422e-03
12.225682	-1.770229836e-03
12.230683	-3.261537805e-03
12.235683	-1.980000300e-03
12.240683	7.724553370e-04
12.245683	-2.238795813e-04
12.250684	-3.923063429e-03
12.255684	-1.494589035e-03
12.260684	-1.714966584e-03
12.265685	-1.103390340e-03
12.270685	-2.828255331e-04
12.275685	-2.271103740e-03
12.280685	-9.425668329e-04
12.285686	-1.601918756e-03
12.290686	-4.585140760e-03
12.295686	-4.467599927e-04
12.300686	2.813669998e-03
12.305687	-1.719464828e-03
12.310687	-3.258766514e-03
12.315687	-1.059276635e-03
12.320688	-7.826792136e-04
12.325688	-2.541967944e-03
12.330688	-1.443415944e-03
12.335688	-7.278423445e-04
12.340689	-1.282197644e-03
12.345689	-3.049485024e-03
12.350689	-1.606951317e-03
12.355690	6.565367985e-04
12.360690	-1.168746666e-03
12.365690	-1.618106694e-03
12.370690	-3.377393389e-03
12.375691	-2.602821271e-03
12.380691	-1.896245132e-03
12.385691	-6.167007435e-04
12.390691	4.918534146e-04
12.395692	6.554605368e-04
12.400692	-7.188239054e-05
12.405692	-2.892108288e-03
12.410693	-3.715445404e-03
12.415693	-3.103862375e-03
12.420693	-2.501278618e-03
12.425693	-8.397537321e-04
12.430694	7.567750080e-04
12.435694	1.454271965e-04
12.440694	-2.885785336e-03
12.445695	-4.330086205e-03
12.450695	2.102791490e-04
12.455695	3.790774789e-05
12.460695	-1.348395676e-03
12.465696	-2.944687154e-03
12.470696	-6.791939288e-04
12.475696	1.040329994e-03
12.480697	-4.112762295e-03
12.485697	-3.663167042e-03
12.490697	1.087188414e-03
12.495697	-1.456048847e-03
12.500698	-2.890347771e-03
12.505698	-1.351812379e-03
12.510698	-9.602127489e-04
12.515698	-1.619554238e-03
12.520699	-2.116904539e-03
12.525699	-1.973894973e-04
12.530699	-1.793678011e-03
12.535700	-1.067095934e-03
12.540700	-7.904885165e-04
12.545700	-1.956800341e-03
12.550700	-2.951121536e-03
12.555701	-1.460581182e-03
12.560701	-8.009942235e-04
12.565701	-3.066243802e-03
12.570702	3.061922105e-04
12.575702	-1.128103286e-03
12.580702	-2.017428967e-03
12.585702	1.462001761e-03
12.590703	-2.457154369e-03
12.595703	-2.515525739e-03
12.600703	-5.270111156e-04
12.605703	-1.626323932e-03
12.610704	-2.123670115e-03
12.615704	-1.350086999e-03
12.620704	-6.914972359e-04
12.625705	-2.020796299e-03
12.630705	-3.234101607e-03
12.635705	-4.146317535e-04
12.640705	-1.189961045e-03
12.645706	-1.802299204e-03
12.650706	-1.247702259e-03
12.655706	-3.838929516e-03
12.660707	-2.080399303e-03
12.665707	-1.745789391e-03
12.670707	-1.412179193e-03
12.675707	-1.918521887e-03
12.680708	-1.803899008e-03
12.685708	-1.738273163e-03
12.690708	-1.427324731e-04
12.695709	1.731792878e-03
12.700709	-1.691385878e-03
12.705709	-2.360718094e-03
12.710709	-3.631989165e-04
12.715710	2.483978397e-04
12.720710	-2.753803488e-03
12.725710	-4.073098508e-03
12.730710	-1.797593922e-03
12.735711	2.119819260e-03
12.740711	-1.809329412e-03
12.745711	-2.861638409e-03
12.750712	-2.041542185e-04
12.755712	-3.358345448e-03
12.760712	-1.093838863e-03
12.765712	-1.026209440e-03
12.770713	-1.915526378e-03
12.775713	1.896894512e-03
12.780713	-9.233142013e-04
12.785714	-3.857516321e-03
12.790714	-2.414962476e-03
12.795714	-6.464265915e-04
12.800714	-1.755729864e-03
12.805715	-3.143017391e-03
12.810715	4.514172845e-04
12.815715	2.310650945e-04
12.820715	-3.411095893e-03
12.825716	-2.809493493e-03
12.830716	-1.872909556e-03
12.835716	-2.637230460e-03
12.840717	-1.748643380e-03
12.845717	-7.080645515e-04
12.850717	-6.034332555e-04
12.855717	-2.361697759e-03
12.860718	-1.043133748e-03
12.865718	-1.321480382e-03
12.870718	-5.948828686e-04
12.875719	-8.822285351e-04
12.880719	-3.033469945e-03
12.885719	-8.159549429e-04
12.890719	-7.113217882e-04
12.895720	-3.033552958e-03
12.900720	-1.266012145e-03
12.905720	-2.146323322e-03
12.910721	-2.642655697e-03
12.915721	-4.921355596e-04
12.920721	-2.759368635e-03
12.925721	5.000900787e-04
12.930722	1.102697304e-03
12.935722	-2.645452423e-03
12.940722	-2.750805221e-03
12.945722	-2.712165821e-03
12.950723	-2.378542651e-03
12.955723	-2.190211515e-04
12.960723	6.025752511e-04
12.965724	-1.156684076e-03
12.970724	-3.918887195e-03
12.975724	5.370183216e-07
12.980724	-2.103702355e-03
12.985725	-4.196942108e-03
12.990725	1.222399096e-03
12.995725	-2.879728075e-03
13.000726	-1.435164571e-03
13.005726	1.106337946e-03
13.010726	-3.931736288e-03
13.015726	-1.436230735e-03
13.020727	1.546247873e-03
13.025727	-4.372776493e-03
13.030727	-2.825217334e-03
13.035727	1.324196850e-03
13.040728	-2.872922913e-03
13.045728	-3.981214828e-03
13.050728	-1.381713441e-03
13.055729	-1.937035749e-03
13.060729	-2.354837784e-04
13.065729	7.581079379e-04
13.070729	-1.545116117e-03
13.075730	5.004173601e-04
13.080730	-2.110789037e-03
13.085730	-3.880042188e-03
13.090731	-1.716008137e-04
13.095731	-1.614871688e-03
13.100731	-3.048142886e-03
13.105731	-1.547577586e-03
13.110732	-2.275887658e-03
13.115732	-8.993149679e-04
13.120732	1.482201872e-03
13.125733	-1.005009331e-03
13.130733	-2.105297702e-03
13.135733	-2.764610449e-03
13.140733	-1.561026928e-03
13.145734	-9.014128132e-04
13.150734	-1.063752590e-03
13.155734	-1.751507836e-04
13.160734	-2.383375909e-03
13.165735	-3.167680267e-03
13.170735	-2.499065477e-03
13.175735	-1.228484046e-03
13.180736	-4.548746443e-04
13.185736	-8.941973130e-04
13.190736	-1.458512770e-03
13.195736	-2.500801315e-03
13.200737	-1.782774144e-04
13.205737	-7.335926658e-04
13.210737	-1.947870904e-03
13.215738	-1.732441906e-05
13.220738	-2.674521656e-03
13.225738	-3.726808227e-03
13.230738	-1.836025741e-05
13.235739	-1.719610137e-03
13.240739	-2.943886400e-03
13.245739	3.625847132e-04
13.250739	-5.737071493e-04
13.255740	-2.179961385e-03
13.260740	-4.594010523e-04
13.265740	-2.008657995e-03
13.270741	-2.726961077e-03
13.275741	-2.114338201e-03
13.280741	-1.674705433e-03
13.285741	-1.455060151e-03
13.290742	-7.964391313e-04
13.295742	-9.117746801e-04
13.300742	-2.843008647e-03
13.305743	2.064796503e-04
13.310743	-1.342775160e-03
13.315743	-5.778868620e-03
13.320743	-8.554841930e-04
13.325744	1.141063818e-03
13.330744	3.278534517e-05
13.335744	5.294175405e-04
13.340745	-4.556638458e-03
13.345745	-3.066061260e-03
13.350745	-6.385361143e-04
13.355745	-1.956801680e-03
13.360746	-2.462360458e-04
13.365746	-1.995773119e-04
13.370746	-3.622724691e-03
13.375746	-2.618118944e-03
13.380747	-3.068431761e-03
13.385747	-1.519855897e-03
13.390747	1.309648716e-03
13.395748	-1.473533189e-03
13.400748	-2.628805710e-03
13.405748	-7.728486831e-05
13.410748	-2.506117150e-04
13.415749	-2.181840215e-03
13.420749	-3.568098892e-03
13.425749	-1.196567051e-03
13.430750	1.076970496e-03
13.435750	-2.633157770e-03
13.440750	-5.286103141e-04
13.445750	8.302069990e-05
13.450751	-4.679048142e-03
13.455751	-1.629552708e-03
13.460751	-1.189911379e-03
13.465751	-3.409121421e-03
13.470752	3.473352745e-04
13.475752	-1.248909058e-03
13.480752	-3.180134456e-03
13.485753	-2.357513307e-03
13.490753	-4.279536961e-04
13.495753	-2.799153822e-03
13.500753	-2.568498918e-03
13.505754	-5.239450079e-04
13.510754	-1.920198828e-03
13.515754	1.036192279e-05
13.520755	-1.471886619e-03
13.525755	-2.131180850e-03
13.530755	-2.801474228e-03
13.535755	-2.800804813e-03
13.540756	9.556552317e-04
13.545756	-7.565792771e-04
13.550756	-1.138887769e-03
13.555757	-2.028167727e-03
13.560757	-1.971500239e-03
13.565757	-2.860779718e-03
13.570757	-1.484185414e-03
13.575758	1.057344114e-03
13.580758	-2.861765551e-03
13.585758	-3.407063267e-03
13.590758	-2.690431171e-03
13.595759	-1.197842141e-03
13.600759	1.620673129e-03
13.605759	-1.015579422e-04
13.610760	-1.705795358e-03
13.615760	-1.430137451e-03
13.620760	-1.535458040e-03
13.625760	-3.848655168e-03
13.630761	-3.363008259e-03
13.635761	7.764349735e-04
13.640761	-5.428169047e-04
13.645762	-3.849957599e-03
13.650762	-7.534554379e-04
13.655762	-1.038164775e-04
13.660762	-2.322017223e-03
13.665763	-1.423391676e-03
13.670763	-1.643703442e-03
13.675763	-1.061130740e-04
13.680763	-9.373902594e-04
13.685764	-2.313636789e-03
13.690764	-3.354901773e-03
13.695764	-2.591267247e-03
13.700765	1.556178671e-03
13.705765	-4.320327401e-04
13.710765	-3.367191061e-03
13.715765	-3.276825858e-04
13.720766	-2.985855883e-03
13.725766	-2.374211426e-03
13.730766	-5.956318537e-04
13.735767	-2.756832162e-03
13.740767	-2.432170964e-03
13.745767	-4.925996519e-04
13.750767	-9.898920974e-04
13.755768	-1.821165662e-03
13.760768	-1.869482681e-03
13.765768	-3.370718371e-03
13.770769	-1.105164043e-03
13.775769	-1.585358641e-04
13.780769	-1.163798508e-03
13.785769	-2.655033789e-03
13.790770	-9.344480781e-04
13.795770	-1.326744206e-03
13.800770	-2.216012355e-03
13.805770	-4.964258620e-04
13.810771	-7.167308616e-04
13.815771	-2.044973785e-03
13.820771	-2.437268701e-03
13.825772	-1.166656181e-03
13.830772	-1.098976283e-03
13.835772	-1.654261375e-03
13.840772	-2.543527585e-03
13.845773	1.097953587e-03
13.850773	-1.713204877e-03
13.855773	-4.857344515e-03
13.860774	-1.225862056e-03
13.865774	-1.494161708e-03
13.870774	-6.145251839e-04
13.875774	-2.335743263e-03
13.880775	-3.320002229e-03
13.885775	-1.217433227e-03
13.890775	-1.658722010e-03
13.895775	1.706776995e-03
13.900776	-7.313998557e-04
13.905776	-4.364509774e-03
13.910776	-3.866849986e-03
13.915777	7.595796190e-04
13.920777	3.751100712e-03
13.925777	-2.874841204e-03
13.930777	-4.930037968e-03
13.935778	-1.889518879e-03
13.940778	-7.818916731e-04
13.945778	6.517175840e-04
13.950779	-8.395096807e-04
13.955779	-3.382677993e-03
13.960779	-7.251363123e-04
13.965779	-3.434673716e-04
13.970780	-2.886634952e-03
13.975780	-3.268922888e-03
13.980780	-1.386336981e-03
13.985781	-1.558636148e-03
13.990781	-1.395953765e-03
13.995781	-2.276212933e-03
14.000781	-1.062588715e-03
14.005782	-8.429087813e-04
14.010782	-2.392129881e-03
14.015782	-6.856687626e-05
14.020782	-2.219753892e-03
14.025783	-3.158008357e-03
14.030783	5.314791496e-04
14.035783	-3.110623925e-03
14.040784	-2.613957739e-03
14.045784	5.885576790e-04
14.050784	-2.106597511e-03
14.055784	-2.164899618e-03
14.060785	-2.223201480e-03
14.065785	-1.955521291e-03
14.070785	1.246995350e-03
14.075786	-3.502198910e-04
14.080786	-3.113369817e-03
14.085786	-2.998680110e-03
14.090786	-2.617005058e-03
14.095787	-1.288382609e-03
14.100787	-7.817140430e-04
14.105787	-2.004948686e-03
14.110787	-2.350232082e-03
14.115788	-1.906550282e-04
14.120788	-1.279896413e-03
14.125788	-1.567182310e-03
14.130789	-2.791415671e-03
14.135789	-2.112754986e-03
14.140789	-2.391607445e-04
14.145789	-2.179353411e-03
14.150790	-2.619629542e-03
14.155790	-2.510621879e-04
14.160790	-3.553565785e-04
14.165791	1.422244249e-03
14.170791	8.715537492e-03
14.175791	1.772073544e-02
14.180791	1.450761554e-02
14.185792	5.167837804e-03
14.190792	5.177538527e-03
14.195792	3.734320583e-03
14.200792	-2.068653798e-03
14.205793	-2.173945920e-03
14.210793	-5.213359032e-04
14.215793	-3.293478696e-03
14.220794	7.929597687e-03
14.225794	1.417995184e-02
14.230794	7.488028552e-03
14.235794	1.622524441e-02
14.240795	9.208339748e-03
14.245795	2.297429418e-03
14.250795	3.511065904e-03
14.255796	-7.539915975e-04
14.260796	-1.852225593e-03
14.265796	5.174087230e-03
14.270796	2.218784290e-02
14.275797	2.080062577e-02
14.280797	9.310972710e-03
14.285797	4.559943810e-03
14.290798	7.458628667e-04
14.295798	9.655570461e-04
14.300798	1.908925225e-02
14.305798	2.522561672e-02
14.310799	1.229204572e-02
14.315799	1.462357552e-03
14.320799	1.958037564e-03
14.325799	2.445948969e-02
14.330800	2.661007783e-02
14.335800	8.638789224e-03
14.340800	2.673830792e-03
14.345801	4.776422360e-03
14.350801	2.594994983e-02
14.355801	2.716259156e-02
14.360801	5.931486119e-03
14.365802	-2.297344729e-03
14.370802	1.345448631e-02
14.375802	3.290711107e-02
14.380803	1.588177189e-02
14.385803	5.683374252e-04
14.390803	1.604418486e-02
14.395803	3.411888751e-02
14.400804	1.555563515e-02
14.405804	3.941995195e-03
14.410804	3.052522372e-02
14.415804	3.097391106e-02
14.420805	4.112122844e-03
14.425805	1.985595706e-02
14.430805	3.571478511e-02
14.435806	1.428269460e-02
14.440806	1.980709991e-02
14.445806	3.168815070e-02
14.450806	1.063104001e-02
14.455807	1.775135700e-02
14.460807	3.345619513e-02
14.465807	1.714882010e-02
14.470808	2.708998040e-02
14.475808	3.113247015e-02
14.480808	8.524447512e-03
14.485808	2.013051564e-02
14.490809	3.383746676e-02
14.495809	1.543521015e-02
14.500809	2.814921718e-02
14.505810	3.046180497e-02
14.510810	6.812841920e-03
14.515810	2.527052915e-02
14.520810	3.129191070e-02
14.525811	9.966818699e-03
14.530811	2.969643569e-02
14.535811	2.874920690e-02
14.540811	2.382620025e-02
14.545812	3.643421545e-02
14.550812	3.748487591e-02
14.555812	3.140493457e-02
14.560813	2.532599343e-02
14.565813	3.820199467e-02
14.570813	1.785885011e-02
14.575813	2.648108924e-02
14.580814	3.146153188e-02
14.585814	2.560157976e-02
14.590814	3.516076736e-02
14.595815	2.842086485e-02
14.600815	3.587617036e-02
14.605815	3.388800316e-02
14.610815	3.853346599e-02
14.615816	1.774234868e-02
14.620816	2.520765463e-02
14.625816	3.255796725e-02
14.630816	3.217571167e-02
14.635817	3.438331181e-02
14.640817	1.646903519e-02
14.645817	3.554969414e-02
14.650818	2.422205042e-02
14.655818	3.084540512e-02
14.660818	3.305400644e-02
14.665818	3.344470948e-02
14.670819	3.150354291e-02
14.675819	1.873398091e-02
14.680819	3.698068816e-02
14.685820	3.841433399e-02
14.690820	3.758310647e-02
14.695820	3.366305159e-02
14.700820	3.554667306e-02
14.705821	3.874822123e-02
14.710821	3.111937409e-02
14.715821	2.509743752e-02
14.720822	4.808688208e-02
14.725822	4.669968734e-02
14.730822	3.420511276e-02
14.735822	4.200640572e-02
14.740823	4.349705113e-02
14.745823	3.702514117e-02
14.750823	3.493198709e-02
14.755823	4.676505604e-02
14.760824	4.288400225e-02
14.765824	4.487262112e-02
14.770824	5.002406372e-02
14.775825	5.223167087e-02
14.780825	4.858060525e-02
14.785825	4.095176187e-02
14.790825	4.470828333e-02
14.795826	4.813982318e-02
14.800826	5.167635742e-02
14.805826	5.266103433e-02
14.810827	5.482064592e-02
14.815827	5.288948606e-02
14.820827	4.901743478e-02
14.825827	5.046008714e-02
14.830828	5.056581436e-02
14.835828	5.177948000e-02
14.840828	5.344312078e-02
14.845828	5.807859595e-02
14.850829	5.173068436e-02
14.855829	4.990552060e-02
14.860829	5.907174367e-02
14.865830	5.753156451e-02
14.870830	5.278056480e-02
14.875830	5.443520785e-02
14.880830	5.641373307e-02
14.885831	5.708213166e-02
14.890831	5.554275372e-02
14.895831	5.360249840e-02
14.900832	5.300016867e-02
14.905832	5.127900163e-02
14.910832	5.360090920e-02
14.915832	5.305597702e-02
14.920833	5.166039256e-02
14.925833	5.481455444e-02
14.930833	5.399253848e-02
14.935834	5.188899430e-02
14.940834	4.889679996e-02
14.945834	4.646857441e-02
14.950834	4.813112079e-02
14.955835	5.073101512e-02
14.960835	4.956481989e-02
14.965835	4.072265330e-02
14.970835	4.038781217e-02
14.975836	4.569285654e-02
14.980836	4.348442048e-02
14.985836	4.209773882e-02
14.990837	3.879036460e-02
14.995837	3.718369572e-02
15.000837	3.817808193e-02
15.005837	3.735616975e-02
15.010838	3.585459577e-02
15.015838	3.502288465e-02
15.020838	3.155242105e-02
15.025839	3.446740133e-02
15.030839	2.302518315e-02
15.035839	3.552852881e-02
15.040839	2.419130527e-02
15.045840	2.192547571e-02
15.050840	3.916945756e-02
15.055840	1.087418121e-02
15.060840	2.756449447e-02
15.065841	3.750578464e-02
15.070841	3.414021772e-02
15.075841	2.756373026e-02
15.080842	2.131212492e-02
15.085842	3.502830544e-02
15.090842	1.490657469e-02
15.095842	8.100701045e-03
15.100843	3.253328424e-02
15.105843	2.501945061e-02
15.110843	4.295054519e-03
15.115844	1.335719630e-02
15.120844	2.960653721e-02
15.125844	2.136644514e-02
15.130844	3.462692638e-03
15.135845	1.579315303e-02
15.140845	2.739805417e-02
15.145845	8.709846212e-03
15.150846	7.045888391e-03
15.155846	5.172642505e-03
15.160846	5.839484221e-04
15.165846	-2.006756914e-03
15.170847	-3.173041492e-03
15.175847	2.513491729e-03
15.180847	5.345530138e-04
15.185847	-1.787966272e-03
15.190848	-1.070854944e-03
15.195848	-1.129200084e-03
15.200848	-2.181289508e-03
15.205849	-3.948738754e-03
15.210849	-2.286179173e-03
15.215849	-2.185423446e-02
15.220849	-3.633617335e-02
15.225850	-1.113842650e-02
15.230850	-7.889034025e-05
15.235850	-8.147786374e-03
15.240851	-3.181561158e-02
15.245851	-3.186345476e-02
15.250851	-4.936703127e-03
15.255851	-1.107360597e-02
15.260852	-3.518110561e-02
15.265852	-2.661662842e-02
15.270852	-5.051576536e-03
15.275852	-2.843351591e-02
15.280853	-3.766824458e-02
15.285853	-7.929648096e-03
15.290853	-1.898957439e-02
15.295854	-4.430250498e-02
15.300854	-1.793891937e-02
15.305854	-3.285379964e-03
15.310854	-2.649512716e-02
15.315855	-3.584394768e-02
15.320855	-1.307416048e-02
15.325855	-1.982208413e-04
15.330856	-4.949497180e-03
15.335856	-3.621412552e-03
15.340856	-2.474418481e-04
15.345856	-1.748098837e-03
15.350857	-4.625678723e-03
15.355857	-3.899459482e-03
15.360857	-3.172540023e-03
15.365858	8.032983694e-04
15.370858	7.599949934e-05
15.375858	-1.577447427e-03
15.380858	-1.138210889e-03
15.385859	6.929400167e-03
15.390859	2.405930571e-02
15.395859	2.251085395e-02
15.400859	5.437868868e-03
15.405860	-2.458728092e-03
15.410860	-2.631055886e-03
15.415860	-7.003007964e-04
15.420861	1.119139863e-02
15.425861	3.267976273e-02
15.430861	1.737538048e-02
15.435861	-2.077270006e-03
15.440862	1.172312762e-03
15.445862	5.224134161e-04
15.450862	-9.120418875e-04
15.455863	-4.824009695e-04
15.460863	-4.226038081e-05
15.465863	-9.019229625e-05
15.470863	-4.727052821e-04
15.475864	-2.275559576e-02
15.480864	-3.612878322e-02
15.485864	-1.202106223e-02
15.490864	2.288205864e-03
15.495865	-1.645668104e-02
15.500865	-4.016339076e-02
15.505865	-1.596097403e-02
15.510866	-1.502385861e-02
15.515866	-4.159810753e-02
15.520866	-2.661917527e-02
15.525866	-3.142763841e-02
15.530867	-4.032777295e-02
15.535867	-4.049949436e-02
15.540867	-4.171405731e-02
15.545868	-5.005922205e-02
15.550868	-5.415032395e-02
15.555868	-5.403656026e-02
15.560868	-6.111079516e-02
15.565869	-6.680730669e-02
15.570869	-6.874752759e-02
15.575869	-6.609110478e-02
15.580870	-7.084236829e-02
15.585870	-7.543034066e-02
15.590870	-7.531657517e-02
15.595870	-7.968485928e-02
15.600871	-8.554465990e-02
15.605871	-8.382468328e-02
15.610871	-8.344183178e-02
15.615871	-8.466619032e-02
15.620872	-9.013411177e-02
15.625872	-9.267699621e-02
15.630872	-9.389165452e-02
15.635873	-9.659592944e-02
15.640873	-9.759069951e-02
15.645873	-1.004118674e-01
15.650873	-9.782123704e-02
15.655874	-1.024092058e-01
15.660874	-1.062712148e-01
15.665874	-1.103532113e-01
15.670875	-1.184309845e-01
15.675875	-1.167773006e-01
15.680875	-1.149516260e-01
15.685875	-1.205345377e-01
15.690876	-1.237955787e-01
15.695876	-1.204789865e-01
15.700876	-1.274938175e-01
15.705876	-1.283249934e-01
15.710877	-1.273892675e-01
15.715877	-1.350190634e-01
15.720877	-1.344063191e-01
15.725878	-1.341855526e-01
15.730878	-1.328108503e-01
15.735878	-1.381067754e-01
15.740878	-1.424747520e-01
15.745879	-1.402190981e-01
15.750879	-1.361185468e-01
15.755879	-1.344078619e-01
15.760880	-1.335281304e-01
15.765880	-1.274396893e-01
15.770880	-1.245150714e-01
15.775880	-1.193825765e-01
15.780881	-1.124141837e-01
15.785881	-1.075476734e-01
15.790881	-1.023581809e-01
15.795882	-9.495081186e-02
15.800882	-8.814340910e-02
15.805882	-8.195897130e-02
15.810882	-7.887336030e-02
15.815883	-7.433283025e-02
15.820883	-7.034626901e-02
15.825883	-6.328187929e-02
15.830883	-5.604549891e-02
15.835884	-5.432581039e-02
15.840884	-5.344707467e-02
15.845884	-4.194693147e-02
15.850885	-3.978726672e-02
15.855885	-3.387981088e-02
15.860885	-3.570592317e-02
15.865885	-4.161380739e-02
15.870886	-1.231565620e-02
15.875886	-2.238230781e-02
15.880886	-3.985554579e-02
15.885887	-1.481115642e-02
15.890887	-9.891404688e-04
15.895887	-4.315167230e-03
15.900887	-4.095391621e-03
15.905888	-1.544745838e-03
15.910888	2.239438448e-04
15.915888	2.729522166e-02
15.920888	2.409318927e-02
15.925889	1.160867520e-02
15.930889	3.310526492e-02
15.935889	2.962624877e-02
15.940890	3.692063163e-02
15.945890	3.973026504e-02
15.950890	4.222491628e-02
15.955890	4.719542961e-02
15.960891	4.376341214e-02
15.965891	4.951788224e-02
15.970891	5.162055641e-02
15.975892	5.261429272e-02
15.980892	5.857775193e-02
15.985892	6.394124489e-02
15.990892	6.090220705e-02
15.995893	6.366384574e-02
16.000893	6.598650919e-02
16.005893	6.985808645e-02
16.010894	7.577454985e-02
16.015894	7.610832508e-02
16.020894	7.383324617e-02
16.025894	7.476998826e-02
16.030895	7.648068743e-02
16.035895	7.864136174e-02
16.040895	7.792419692e-02
16.045895	7.852595876e-02
16.050896	7.599289581e-02
16.055896	7.278087101e-02
16.060896	7.150873821e-02
16.065897	6.626082756e-02
16.070897	6.532467653e-02
16.075897	6.482650131e-02
16.080897	6.791412624e-02
16.085898	6.582104056e-02
16.090898	6.101210671e-02
16.095898	5.895701943e-02
16.100899	5.420508293e-02
16.105899	5.260797061e-02
16.110899	5.079287072e-02
16.115899	3.763040439e-02
16.120900	3.751521015e-02
16.125900	3.204631496e-02
16.130900	3.823076966e-02
16.135900	3.249588984e-02
16.140901	2.920340826e-03
16.145901	1.369354021e-02
16.150901	2.779155431e-02
16.155902	1.839487990e-02
16.160902	-4.316051190e-03
16.165902	-3.029879941e-02
16.170902	-1.908662322e-02
16.175903	-7.147487331e-03
16.180903	-3.399918627e-02
16.185903	-3.417037399e-02
16.190904	-3.699041361e-02
16.195904	-4.681806188e-02
16.200904	-5.732367205e-02
16.205904	-6.645235880e-02
16.210905	-6.816345927e-02
16.215905	-7.164346075e-02
16.220905	-8.346799626e-02
16.225906	-1.009322168e-01
16.230906	-1.010474053e-01
16.235906	-1.020995412e-01
16.240906	-1.116582021e-01
16.245907	-1.245346776e-01
16.250907	-1.379081251e-01
16.255907	-1.402881859e-01
16.260907	-1.399054006e-01
16.265908	-1.542727918e-01
16.270908	-1.591397130e-01
16.275908	-1.590729093e-01
16.280909	-1.623899165e-01
16.285909	-1.653809416e-01
16.290909	-1.727907198e-01
16.295909	-1.761657230e-01
16.300910	-1.772638529e-01
16.305910	-1.710223922e-01
16.310910	-1.613491228e-01
16.315911	-1.608423416e-01
16.320911	-1.602395654e-01
16.325911	-1.606887303e-01
16.330911	-1.519534075e-01
16.335912	-1.315547353e-01
16.340912	-1.258662419e-01
16.345912	-1.232195785e-01
16.350912	-1.185740264e-01
16.355913	-1.155813818e-01
16.360913	-1.094549118e-01
16.365913	-1.055263189e-01
16.370914	-1.033086303e-01
16.375914	-9.944703308e-02
16.380914	-9.525145428e-02
16.385914	-9.387571784e-02
16.390915	-8.994612367e-02
16.395915	-9.320512805e-02
16.400915	-9.751607345e-02
16.405916	-8.789179631e-02
16.410916	-8.121035467e-02
16.415916	-7.861968447e-02
16.420916	-8.259564751e-02
16.425917	-8.546367213e-02
16.430917	-8.552185330e-02
16.435917	-9.243365171e-02
16.440918	-9.209885429e-02
16.445918	-8.983316436e-02
16.450918	-9.170724314e-02
16.455918	-9.475525613e-02
16.460919	-9.570338606e-02
16.465919	-9.635453229e-02
16.470919	-9.706967469e-02
16.475919	-9.857077297e-02
16.480920	-1.026057296e-01
16.485920	-1.009430039e-01
16.490920	-1.037050310e-01
16.495921	-1.082439587e-01
16.500921	-1.112859696e-01
16.505921	-1.153689222e-01
16.510921	-1.177479697e-01
16.515922	-1.213889464e-01
16.520922	-1.275267835e-01
16.525922	-1.315727372e-01
16.530923	-1.320098919e-01
16.535923	-1.329470185e-01
16.540923	-1.378149254e-01
16.545923	-1.362651903e-01
16.550924	-1.296787360e-01
16.555924	-1.298509042e-01
16.560924	-1.240584051e-01
16.565924	-1.209527557e-01
16.570925	-1.094525746e-01
16.575925	-1.010032229e-01
16.580925	-1.067010814e-01
16.585926	-1.021115138e-01
16.590926	-9.154927927e-02
16.595926	-8.679872012e-02
16.600926	-8.067223750e-02
16.605927	-7.492773329e-02
16.610927	-7.142810354e-02
16.615927	-7.071131821e-02
16.620928	-7.193542430e-02
16.625928	-6.806481445e-02
16.630928	-6.497716065e-02
16.635928	-6.264446445e-02
16.640929	-6.568446814e-02
16.645929	-6.702356648e-02
16.650929	-6.087708234e-02
16.655930	-5.872537498e-02
16.660930	-6.154538988e-02
16.665930	-6.059961469e-02
16.670930	-5.646201737e-02
16.675931	-5.789510889e-02
16.680931	-6.425192535e-02
16.685931	-6.613599117e-02
16.690931	-5.745564632e-02
16.695932	-5.590790314e-02
16.700932	-5.579407967e-02
16.705932	-3.590035984e-02
16.710933	-3.269870817e-02
16.715933	-4.369226401e-02
16.720933	-1.738590128e-02
16.725933	-5.226748730e-03
16.730934	-1.871516453e-02
16.735934	-3.137062656e-02
16.740934	-2.075938683e-02
16.745935	-6.442353650e-03
16.750935	6.548753790e-03
16.755935	2.942430985e-02
16.760935	1.383201305e-02
16.765936	-6.983427487e-04
16.770936	1.636360482e-03
16.775936	2.279001370e-02
16.780936	3.522515375e-02
16.785937	1.135632019e-02
16.790937	2.610433170e-02
16.795937	3.389573172e-02
16.800938	3.208066814e-02
16.805938	3.727021389e-02
16.810938	3.079741079e-02
16.815938	3.910378313e-02
16.820939	4.065353282e-02
16.825939	4.092235426e-02
16.830939	3.937227748e-02
16.835940	3.659826927e-02
16.840940	3.858699552e-02
16.845940	4.606341577e-02
16.850940	4.832912710e-02
16.855941	4.694204255e-02
16.860941	4.644490859e-02
16.865941	4.606176854e-02
16.870942	4.976140090e-02
16.875942	5.113916311e-02
16.880942	4.545031996e-02
16.885942	4.777203002e-02
16.890943	5.091769435e-02
16.895943	4.942661773e-02
16.900943	5.081138087e-02
16.905943	4.760940027e-02
16.910944	4.600233091e-02
16.915944	5.173885198e-02
16.920944	4.821289025e-02
16.925945	4.567787348e-02
16.930945	4.970149095e-02
16.935945	5.107825639e-02
16.940945	4.860223713e-02
16.945946	5.208188575e-02
16.950946	5.395562426e-02
16.955946	5.478642124e-02
16.960947	6.014896557e-02
16.965947	6.086576945e-02
16.970947	6.054163168e-02
16.975947	6.402128190e-02
16.980948	6.804390207e-02
16.985948	6.374198710e-02
16.990948	6.086499288e-02
16.995948	7.048230161e-02
17.000949	7.242303904e-02
17.005949	7.838555228e-02
17.010949	7.793542368e-02
17.015950	7.048068626e-02
17.020950	8.043297763e-02
17.025950	8.484757833e-02
17.030950	8.899519419e-02
17.035951	8.828908120e-02
17.040951	8.585106513e-02
17.045951	9.064964546e-02
17.050952	8.965554935e-02
17.055952	8.822147805e-02
17.060952	8.629043476e-02
17.065952	8.833516984e-02
17.070953	9.198581557e-02
17.075953	8.589800506e-02
17.080953	8.689179960e-02
17.085954	8.540873264e-02
17.090954	8.180578425e-02
17.095954	8.423449950e-02
17.100954	8.314541135e-02
17.105955	8.081239289e-02
17.110955	7.793340517e-02
17.115955	7.877421011e-02
17.120955	7.678717314e-02
17.125956	7.335421713e-02
17.130956	7.566694072e-02
17.135956	7.528581492e-02
17.140957	7.545665859e-02
17.145957	7.335462937e-02
17.150957	7.373746173e-02
17.155957	7.589619526e-02
17.160958	7.832491398e-02
17.165958	7.622188588e-02
17.170958	7.672671250e-02
17.175959	8.257824100e-02
17.180959	8.036921962e-02
17.185959	8.153401021e-02
17.190959	8.120088467e-02
17.195960	8.462354978e-02
17.200960	8.296949850e-02
17.205960	7.396385777e-02
17.210960	7.688955142e-02
17.215961	8.020622352e-02
17.220961	7.864816794e-02
17.225961	7.522521671e-02
17.230962	7.644800647e-02
17.235962	7.335103759e-02
17.240962	6.859116177e-02
17.245962	6.997794318e-02
17.250963	6.666998687e-02
17.255963	6.920170491e-02
17.260963	7.185041669e-02
17.265964	6.687955399e-02
17.270964	6.285463876e-02
17.275964	5.472995261e-02
17.280964	4.957710086e-02
17.285965	4.913698637e-02
17.290965	4.897485662e-02
17.295965	4.521792778e-02
17.300966	3.764621210e-02
17.305966	4.172784631e-02
17.310966	4.046677897e-02
17.315966	2.924526779e-02
17.320967	3.178598881e-02
17.325967	3.714855261e-02
17.330967	3.437757060e-02
17.335967	3.687129505e-02
17.340968	3.841907255e-02
17.345968	3.405218042e-02
17.350968	3.802882290e-02
17.355969	2.570537536e-02
17.360969	3.172690425e-02
17.365969	3.465360614e-02
17.370969	2.868880452e-02
17.375970	3.460434013e-02
17.380970	9.121628345e-03
17.385970	2.155680063e-02
17.390971	3.172609965e-02
17.395971	7.791302274e-03
17.400971	5.535295278e-03
17.405971	3.433279956e-03
17.410972	-4.367417056e-03
17.415972	-3.827715381e-04
17.420972	1.720979220e-03
17.425972	-1.548969848e-03
17.430973	-4.491625239e-04
17.435973	-8.123865228e-03
17.440973	-3.127770378e-02
17.445974	-2.950993293e-02
17.450974	-8.126256570e-03
17.455974	-2.227259702e-02
17.460974	-3.586496812e-02
17.465975	-1.724513671e-02
17.470975	-1.049764244e-02
17.475975	-1.431255841e-02
17.480976	-1.309775483e-02
17.485976	-8.116161194e-03
17.490976	-5.873895612e-05
17.495976	7.732698395e-03
17.500977	8.573523926e-03
17.505977	6.078412147e-04
17.510977	2.377615438e-03
17.515978	1.414583192e-02
17.520978	1.575061589e-02
17.525978	1.896331039e-02
17.530978	1.215656434e-02
17.535979	-4.428581575e-04
17.540979	1.660899036e-03
17.545979	1.764768112e-03
17.550979	4.746476844e-03
17.555980	2.641814276e-02
17.560980	1.846546228e-02
17.565980	3.533171591e-03
17.570981	3.696038716e-03
17.575981	-2.650730589e-03
17.580981	-1.275930564e-03
17.585981	-8.270785942e-04
17.590982	-1.657154979e-03
17.595982	1.867458787e-02
17.600982	3.072779301e-02
17.605983	1.658046066e-02
17.610983	3.139651214e-02
17.615983	3.271631712e-02
17.620983	3.536404825e-02
17.625984	4.260952305e-02
17.630984	4.377433748e-02
17.635984	4.775099525e-02
17.640984	4.929178923e-02
17.645985	5.079058583e-02
17.650985	5.493923481e-02
17.655985	5.465313156e-02
17.660986	5.035125270e-02
17.665986	5.974760961e-02
17.670986	6.001447630e-02
17.675986	6.051233037e-02
17.680987	6.206112606e-02
17.685987	6.189701762e-02
17.690987	6.394278611e-02
17.695988	6.471862574e-02
17.700988	6.118070639e-02
17.705988	6.250851576e-02
17.710988	6.482227037e-02
17.715989	5.868549687e-02
17.720989	6.052027875e-02
17.725989	6.173409556e-02
17.730990	6.470781441e-02
17.735990	6.686757896e-02
17.740990	6.974330382e-02
17.745990	7.339498565e-02
17.750991	6.880812753e-02
17.755991	6.962996783e-02
17.760991	7.770640351e-02
17.765991	8.168306828e-02
17.770992	8.019203846e-02
17.775992	8.261979021e-02
17.780992	8.111876149e-02
17.785993	7.532597256e-02
17.790993	7.339496838e-02
17.795993	7.864256383e-02
17.800993	8.527708214e-02
17.805994	8.488499288e-02
17.810994	7.830724911e-02
17.815994	7.919708884e-02
17.820995	8.400471019e-02
17.825995	8.162373300e-02
17.830995	7.880478053e-02
17.835995	8.013259690e-02
17.840996	8.134641989e-02
17.845996	7.991339088e-02
17.850996	7.582251047e-02
17.855996	8.029515241e-02
17.860997	8.129798826e-02
17.865997	6.891957118e-02
17.870997	7.012339636e-02
17.875998	7.542899288e-02
17.880998	6.692236053e-02
17.885998	6.062160534e-02
17.890998	6.344134141e-02
17.895999	6.570810861e-02
17.900999	5.620553292e-02
17.905999	6.691982921e-02
17.911000	7.316237533e-02
17.916000	5.980001586e-02
17.921000	6.062186505e-02
17.926000	6.829633206e-02
17.931001	7.355393423e-02
17.936001	7.145194741e-02
17.941001	7.017991454e-02
17.946002	6.968283868e-02
17.951002	6.824881539e-02
17.956002	6.947164409e-02
17.961002	7.145043086e-02
17.966003	6.984441798e-02
17.971003	6.924234933e-02
17.976003	6.940523827e-02
17.981003	7.023709014e-02
17.986004	6.985381009e-02
17.991004	6.526506502e-02
17.996004	6.431921691e-02
18.001005	6.912754793e-02
18.006005	6.117359148e-02
18.011005	5.193970674e-02
18.016005	5.592628443e-02
18.021006	5.371720817e-02
18.026006	5.575329526e-02
18.031006	5.315374134e-02
18.036007	4.575485553e-02
18.041007	3.828907373e-02
18.046007	3.855636062e-02
18.051007	3.707434540e-02
18.056008	2.763047481e-02
18.061008	3.635759036e-02
18.066008	1.214444458e-02
18.071008	2.076706651e-02
18.076009	3.872786755e-02
18.081009	9.993274913e-03
18.086009	-1.334088943e-03
18.091010	-3.403401679e-04
18.096010	-1.485382664e-05
18.101010	3.274829356e-05
18.106010	-1.668951688e-03
18.111011	-1.611749563e-03
18.116011	1.475483727e-03
18.121011	-1.057569045e-03
18.126012	-2.500782371e-03
18.131012	-2.281088233e-03
18.136012	-2.386275693e-03
18.141012	1.357704034e-02
18.146013	2.932966840e-02
18.151013	1.237232226e-02
18.156013	4.141820036e-05
18.161014	1.751830764e-03
18.166014	-2.062048091e-03
18.171014	-2.281827263e-03
18.176014	1.484171391e-03
18.181015	6.428274501e-04
18.186015	-1.011170866e-03
18.191015	-3.046547627e-03
18.196015	-2.559364901e-03
18.201016	-2.120779192e-03
18.206016	-2.387553846e-03
18.211016	-6.189418248e-04
18.216017	-7.516117494e-05
18.221017	-2.168033103e-03
18.226017	-1.996031163e-03
18.231017	-2.120512406e-03
18.236018	-3.518990308e-04
18.241018	3.736728269e-04
18.246018	-3.058023029e-03
18.251019	-3.994557868e-03
18.256019	-3.426485160e-04
18.261019	-1.451273209e-03
18.266019	-4.157208486e-03
18.271020	-1.729330009e-03
18.276020	-2.798825026e-02
18.281020	-3.202261058e-02
18.286020	-5.983649023e-03
18.291021	-2.389034578e-03
18.296021	-6.594684531e-03
18.301021	-3.577934014e-02
18.306022	-2.914579448e-02
18.311022	-1.615430339e-02
18.316022	-4.030033939e-02
18.321022	-2.831379168e-02
18.326023	-3.158309226e-02
18.331023	-4.218398340e-02
18.336023	-4.323600719e-02
18.341024	-4.611342883e-02
18.346024	-5.263234697e-02
18.351024	-5.865439257e-02
18.356024	-6.070925931e-02
18.361025	-6.286092037e-02
18.366025	-6.307108952e-02
18.371025	-7.557407234e-02
18.376026	-7.740015076e-02
18.381026	-8.120501847e-02
18.386026	-8.772433442e-02
18.391026	-8.839297662e-02
18.396027	-9.469320426e-02
18.401027	-9.619419947e-02
18.406027	-1.005050376e-01
18.411027	-1.077887095e-01
18.416028	-1.133714761e-01
18.421028	-1.227680296e-01
18.426028	-1.249849835e-01
18.431029	-1.246510795e-01
18.436029	-1.326617095e-01
18.441029	-1.334367430e-01
18.446029	-1.369256249e-01
18.451030	-1.457662077e-01
18.456030	-1.483001423e-01
18.461030	-1.511210606e-01
18.466031	-1.476523296e-01
18.471031	-1.472014300e-01
18.476031	-1.505653172e-01
18.481031	-1.504134003e-01
18.486032	-1.457687339e-01
18.491032	-1.474227156e-01
18.496032	-1.413421288e-01
18.501032	-1.330546649e-01
18.506033	-1.308948587e-01
18.511033	-1.298429904e-01
18.516033	-1.305120258e-01
18.521034	-1.268133047e-01
18.526034	-1.284662847e-01
18.531034	-1.286763449e-01
18.536034	-1.241566688e-01
18.541035	-1.210119157e-01
18.546035	-1.220519287e-01
18.551035	-1.233809254e-01
18.556036	-1.188982461e-01
18.561036	-1.160794738e-01
18.566036	-1.165865155e-01
18.571036	-1.114518718e-01
18.576037	-1.097310373e-01
18.581037	-1.086231684e-01
18.586037	-1.047044560e-01
18.591038	-9.795590130e-02
18.596038	-8.917145995e-02
18.601038	-8.712464230e-02
18.606038	-8.092905593e-02
18.611039	-7.170663821e-02
18.616039	-6.557104795e-02
18.621039	-6.147734345e-02
18.626039	-5.573373077e-02
18.631040	-5.446286819e-02
18.636040	-4.766531378e-02
18.641040	-3.992281184e-02
18.646041	-3.959789565e-02
18.651041	-3.192338937e-02
18.656041	-3.931204214e-02
18.661041	-2.190407854e-02
18.666042	-1.030879026e-02
18.671042	-3.605241784e-02
18.676042	-2.814792303e-02
18.681043	-4.554303563e-03
18.686043	-6.323268342e-03
18.691043	-8.811192724e-03
18.696043	-3.781536389e-03
18.701044	-1.688586773e-02
18.706044	-3.611085720e-02
18.711044	-1.521508554e-02
18.716044	2.680853821e-03
18.721045	-7.431643405e-03
18.726045	-6.601751051e-03
18.731045	-2.229693616e-02
18.736046	-3.593823563e-02
18.741046	-1.195563461e-02
18.746046	-7.604937664e-03
18.751046	-3.699935714e-02
18.756047	-2.677198762e-02
18.761047	-2.472616123e-02
18.766047	-4.109130705e-02
18.771048	-3.810853240e-02
18.776048	-4.495220906e-02
18.781048	-4.882405132e-02
18.786048	-5.451179195e-02
18.791049	-5.391088328e-02
18.796049	-5.364295576e-02
18.801049	-5.541091434e-02
18.806050	-5.379506150e-02
18.811050	-5.291516731e-02
18.816050	-5.291522375e-02
18.821050	-5.329925848e-02
18.826051	-5.154041253e-02
18.831051	-4.805066291e-02
18.836051	-4.749574923e-02
18.841051	-5.070662510e-02
18.846052	-4.949474754e-02
18.851052	-5.220065105e-02
18.856052	-5.335664080e-02
18.861053	-5.021187029e-02
18.866053	-5.053690587e-02
18.871053	-5.611764785e-02
18.876053	-6.413825339e-02
18.881054	-6.468427581e-02
18.886054	-6.226646338e-02
18.891054	-6.745622609e-02
18.896055	-6.971115233e-02
18.901055	-7.580086427e-02
18.906055	-7.850576485e-02
18.911055	-8.093468056e-02
18.916056	-9.000622527e-02
18.921056	-9.493000119e-02
18.926056	-9.658395933e-02
18.931056	-1.061414761e-01
18.936057	-1.122781835e-01
18.941057	-1.118862550e-01
18.946057	-1.208438045e-01
18.951058	-1.278604620e-01
18.956058	-1.282424895e-01
18.961058	-1.314533588e-01
18.966058	-1.389199904e-01
18.971059	-1.395330041e-01
18.976059	-1.376381576e-01
18.981059	-1.412340044e-01
18.986060	-1.375452574e-01
18.991060	-1.332325450e-01
18.996060	-1.280808792e-01
19.001060	-1.200123759e-01
19.006061	-1.191324711e-01
19.011061	-1.166966528e-01
19.016061	-1.077381983e-01
19.021062	-1.042594378e-01
19.026062	-1.040974918e-01
19.031062	-9.995776757e-02
19.036062	-9.431912672e-02
19.041063	-9.303624250e-02
19.046063	-9.553214712e-02
19.051063	-9.000749909e-02
19.056063	-9.105848380e-02
19.061064	-9.940506108e-02
19.066064	-9.619228320e-02
19.071064	-8.928071149e-02
19.076065	-8.414804022e-02
19.081065	-8.227418681e-02
19.086065	-8.391913674e-02
19.091065	-7.878546471e-02
19.096066	-7.536269692e-02
19.101066	-6.546129043e-02
19.106066	-5.855871631e-02
19.111067	-5.667386187e-02
19.116067	-5.369306833e-02
19.121067	-5.557700301e-02
19.126067	-4.296774629e-02
19.131068	-3.843803837e-02
19.136068	-2.722470320e-02
19.141068	-2.617180069e-02
19.146068	-3.218550354e-02
19.151069	-1.472151639e-02
19.156069	-5.670059468e-03
19.161069	-1.041983203e-02
19.166070	-3.578845359e-02
19.171070	-2.385115691e-02
19.176070	-1.950416012e-03
19.181070	-3.509365564e-03
19.186071	-1.034539968e-03
19.191071	-2.236508897e-03
19.196071	-5.220378107e-03
19.201072	1.152665178e-02
19.206072	3.164049404e-02
19.211072	1.102160985e-02
19.216072	-2.505669844e-03
19.221073	2.961990631e-03
19.226073	-2.887655262e-05
19.231073	1.931800987e-02
19.236074	3.014737193e-02
19.241074	6.269671252e-03
19.246074	9.863437672e-03
19.251074	3.368407551e-02
19.256075	2.224268158e-02
19.261075	1.661196364e-02
19.266075	3.667581195e-02
19.271075	2.877122146e-02
19.276076	3.567380485e-02
19.281076	3.976454544e-02
19.286076	4.004049921e-02
19.291077	4.374026217e-02
19.296077	4.943891384e-02
19.301077	5.215273237e-02
19.306077	5.237169041e-02
19.311078	5.739138079e-02
19.316078	5.690337883e-02
19.321078	6.127210609e-02
19.326079	6.668177553e-02
19.331079	7.021754982e-02
19.336079	6.966455258e-02
19.341079	7.298133964e-02
19.346080	7.530418244e-02
19.351080	7.325926928e-02
19.356080	7.248428552e-02
19.361080	7.663202729e-02
19.366081	6.563061481e-02
19.371081	6.086985431e-02
19.376081	7.110725704e-02
19.381082	7.508400945e-02
19.386082	8.033169120e-02
19.391082	7.713084473e-02
19.396082	7.237008560e-02
19.401083	8.121056765e-02
19.406083	8.287445050e-02
19.411083	8.144150646e-02
19.416084	8.525426993e-02
19.421084	9.249084259e-02
19.426084	9.431671750e-02
19.431084	9.697254635e-02
19.436085	1.228300806e-01
19.441085	1.124986348e-01
19.446085	8.962388935e-02
19.451086	1.081288348e-01
19.456086	1.156993907e-01
19.461086	1.176982578e-01
19.466086	1.201261013e-01
19.471087	1.220669723e-01
19.476087	1.193521033e-01
19.481087	1.168072252e-01
19.486087	1.168652020e-01
19.491088	1.194570377e-01
19.496088	1.230608172e-01
19.501088	1.249336936e-01
19.506089	1.218358476e-01
19.511089	1.191989762e-01
19.516089	1.218368107e-01
19.521089	1.253725954e-01
19.526090	1.213498022e-01
19.531090	1.155381091e-01
19.536090	1.158150764e-01
19.541091	1.154210815e-01
19.546091	1.102303545e-01
19.551091	1.075844858e-01
19.556091	1.091813806e-01
19.561092	1.035506790e-01
19.566092	9.973487640e-02
19.571092	1.038746301e-01
19.576092	1.061984854e-01
19.581093	1.035976158e-01
19.586093	9.967782009e-02
19.591093	9.630499414e-02
19.596094	9.691694606e-02
19.601094	9.979277192e-02
19.606094	1.035975462e-01
19.611094	9.900878920e-02
19.616095	9.878978859e-02
19.621095	1.011716431e-01
19.626095	9.763382827e-02
19.631096	9.685685963e-02
19.636096	9.906472467e-02
19.641096	9.724181494e-02
19.646096	9.298804116e-02
19.651097	9.824473686e-02
19.656097	9.674380999e-02
19.661097	9.205006157e-02
19.666097	9.470790314e-02
19.671098	8.905820862e-02
19.676098	8.486243324e-02
19.681098	8.475642987e-02
19.686099	8.160159694e-02
19.691099	8.176557905e-02
19.696099	7.768379839e-02
19.701099	7.132614502e-02
19.706100	7.165111897e-02
19.711100	6.933824041e-02
19.716100	6.496947686e-02
19.721101	6.324856581e-02
19.726101	6.358354029e-02
19.731101	5.479902400e-02
19.736101	4.728543706e-02
19.741102	4.506755483e-02
19.746102	4.262968516e-02
19.751102	4.136875007e-02
19.756103	3.170428426e-02
19.761103	3.904486967e-02
19.766103	2.096987379e-02
19.771103	1.367627648e-02
19.776104	3.733395205e-02
19.781104	1.472720991e-02
19.786104	2.347897249e-03
19.791104	3.619822987e-03
19.796105	-1.464896238e-03
19.801105	1.206934569e-02
19.806105	2.511761501e-02
19.811106	1.395323591e-02
19.816106	4.221777110e-03
19.821106	1.688916831e-03
19.826106	8.300509201e-05
19.831107	-4.149682079e-04
19.836107	2.348876724e-03
19.841107	1.574919372e-03
19.846108	-3.788781554e-03
19.851108	-1.962883457e-03
19.856108	-2.519786690e-04
19.861108	2.449941409e-04
19.866109	-2.134872220e-03
19.871109	-4.400744671e-03
19.876109	-2.793832988e-03
19.881109	-5.759551292e-04
19.886110	8.301000461e-05
19.891110	-6.919445618e-04
19.896110	-3.071809286e-03
19.901111	-4.285738807e-03
19.906111	-4.610717668e-03
19.911111	-2.133852626e-03
19.916111	-2.152976660e-02
19.921112	-3.667191769e-02
19.926112	-1.378819074e-02
19.931112	2.460303836e-04
19.936113	-2.353819879e-03
19.941113	-2.134827188e-03
19.946113	-5.869083917e-04
19.951113	-3.616733839e-03
19.956114	-7.315521679e-03
19.961114	-2.516783491e-03
19.966114	1.608142794e-05
19.971115	-3.071739691e-03
19.976115	-4.667643801e-03
19.981115	-2.622750829e-03
19.986115	1.412031359e-03
19.991116	1.891072527e-04
19.996116	-3.463680971e-03
20.001116	-1.857762409e-03
20.006116	-5.188286737e-04
20.011117	-3.559650232e-03
20.016117	-1.695745250e-03
20.021117	-1.938197923e-04
20.026118	-2.622674686e-03
20.031118	7.318468417e-05
20.036118	-1.693706608e-03
20.041118	-2.736638031e-03
20.046119	-1.742682859e-03
20.051119	-2.239644207e-03
20.056119	-6.337226427e-04
20.061120	-1.130683445e-03
20.066120	-2.402600723e-03
20.071120	1.736180301e-03
20.076120	7.432479977e-04
20.081121	-1.302625268e-03
20.086121	-6.916465394e-04
20.091121	8.332330996e-05
20.096121	-3.731450415e-03
20.101122	-7.984199424e-03
20.106122	-3.902413309e-03
20.111122	-1.083556437e-03
20.116123	-7.268196809e-03
20.121123	-3.047688680e-02
20.126123	-2.760803190e-02
20.131123	-6.550191849e-03
20.136124	-1.465460071e-03
20.141124	-1.523441006e-03
20.146124	-1.108189145e-02
20.151125	-2.993082312e-02
20.156125	-2.937783733e-02
20.161125	-7.210057593e-03
20.166125	-2.504288147e-04
20.171126	-2.574281655e-03
20.176126	-3.234227084e-03
20.181126	-1.140325933e-03
20.186127	-4.724107638e-03
20.191127	-3.950132276e-03
20.196127	-1.083273444e-03
20.201127	-4.562060191e-03
20.206128	-2.344164595e-03
20.211128	-3.511079821e-03
20.216128	-7.438840691e-03
20.221128	-2.257097598e-02
20.226129	-3.048651374e-02
20.231129	-1.218951416e-02
20.236129	6.957877315e-04
20.241130	-9.111013025e-04
20.246130	-2.353999216e-03
20.251130	5.718593237e-04
20.256130	-1.073026771e-03
20.261131	-6.770686409e-03
20.266131	-5.010761980e-03
20.271131	-8.375551270e-03
20.276132	-3.313414630e-02
20.281132	-2.804840667e-02
20.286132	-3.729740147e-03
20.291132	9.160245874e-04
20.296133	-6.328646829e-04
20.301133	-3.844660874e-03
20.306133	-3.844636043e-03
20.311133	-6.607456746e-03
20.316134	-6.885415856e-03
20.321134	-2.522836649e-02
20.326134	-3.086802582e-02
20.331135	-8.156267161e-03
20.336135	-2.400561917e-03
20.341135	-6.492306817e-03
20.346135	-1.898558256e-02
20.351136	-3.363073793e-02
20.356136	-2.003746900e-02
20.361136	-7.658132060e-03
20.366137	-2.733100602e-02
20.371137	-3.164173706e-02
20.376137	-1.024890234e-02
20.381137	-2.495105289e-02
20.386138	-3.821928320e-02
20.391138	-1.257168512e-02
20.396138	-1.025778451e-02
20.401139	-3.745323673e-02
20.406139	-2.716778047e-02
20.411139	-1.512181745e-03
20.416139	-1.174058007e-02
20.421140	-3.844805842e-02
20.426140	-2.788461659e-02
20.431140	-1.960031788e-03
20.436140	-2.285981674e-03
20.441141	-2.240782648e-02
20.446141	-4.143073235e-02
20.451141	-1.439720835e-02
20.456142	6.299860021e-04
20.461142	-6.328592356e-03
20.466142	-2.118372974e-02
20.471142	-3.484393353e-02
20.476143	-1.821982722e-02
20.481143	-3.404619674e-03
20.486143	-2.556234841e-02
20.491144	-3.738565363e-02
20.496144	-1.019013621e-02
20.501144	-4.006445856e-03
20.506144	-3.236782727e-02
20.511145	-3.507164036e-02
20.516145	-5.774239162e-03
20.521145	-2.238399940e-03
20.526145	-2.467311103e-02
20.531146	-3.899127484e-02
20.536146	-1.622150824e-02
20.541146	-1.186309705e-03
20.546147	-1.964524160e-02
20.551147	-4.093201539e-02
20.556147	-1.826724185e-02
20.561147	-1.071162820e-03
20.566148	-5.218892326e-03
20.571148	-1.997802934e-02
20.576148	-3.716603053e-02
20.581149	-1.517021828e-02
20.586149	-4.119794905e-03
20.591149	-8.212526118e-03
20.596149	-3.048424249e-02
20.601150	-3.345603572e-02
20.606150	-7.150462642e-03
20.611150	-4.119590333e-03
20.616151	-9.750234354e-03
20.621151	-2.699522991e-02
20.626151	-3.010001435e-02
20.631151	-7.771217966e-03
20.636152	-2.237483979e-03
20.641152	-5.495259067e-03
20.646152	-5.878194327e-03
20.651152	-2.399344840e-03
20.656153	-2.131315885e-03
20.661153	-2.733238106e-03
20.666153	-3.336159999e-03
20.671154	-5.114016047e-03
20.676154	-5.007976962e-03
20.681154	-5.333913497e-03
20.686154	-1.317143054e-02
20.691155	-2.627665332e-02
20.696155	-1.727210977e-02
20.701155	-4.109797991e-03
20.706156	-1.691886297e-03
20.711156	-8.588858776e-04
20.716156	-7.448450608e-04
20.721156	-1.575751234e-03
20.726157	-1.508707250e-03
20.731157	-2.064628226e-03
20.736157	-4.061468512e-03
20.741157	-2.952481862e-03
20.746158	-4.061371160e-03
20.751158	-2.731396298e-03
20.756158	-1.518414635e-03
20.761159	-1.796349492e-03
20.766159	-3.889182787e-03
20.771159	-5.275055266e-03
20.776159	-5.388998458e-03
20.781160	-1.078188323e-03
20.786160	-7.519330713e-05
20.791160	-1.002658666e-02
20.796161	-9.758550079e-03
20.801161	-1.077982730e-03
20.806161	-2.454853806e-03
20.811161	-6.326585371e-03
20.816162	-4.060659207e-03
20.821162	-1.295011019e-02
20.826162	-1.616187777e-02
20.831163	-6.498363649e-03
20.836163	-5.055390466e-03
20.841163	-3.668413887e-03
20.846163	-1.287492507e-03
20.851164	-7.424683940e-04
20.856164	-3.677249802e-03
20.861164	-3.668195232e-03
20.866164	-1.680250832e-03
20.871165	-2.349157882e-03
20.876165	-2.623163302e-05
20.881165	-3.945956711e-03
20.886166	2.736726765e-03
20.891166	1.926486104e-02
20.896166	1.490516133e-02
20.901166	7.267644832e-03
20.906167	4.122877864e-03
20.911167	1.140102127e-03
20.916167	2.182102040e-03
20.921168	-3.496983216e-04
20.926168	-1.793559129e-03
20.931168	-1.631509290e-03
20.936168	-1.875307237e-04
20.941169	-1.135384811e-02
20.946169	-3.450549632e-02
20.951169	-1.770937374e-02
20.956169	-7.982573010e-04
20.961170	-6.045903917e-03
20.966170	-1.908074062e-03
20.971170	-1.577923886e-02
20.976171	-3.887288867e-02
20.981171	-2.057684817e-02
20.986171	-1.400015334e-02
20.991171	-3.942667215e-02
20.996172	-2.136061799e-02
21.001172	-1.085514161e-02
21.006172	-3.611966864e-02
21.011173	-2.749708664e-02
21.016173	-1.068196158e-02
21.021173	-2.931285802e-02
21.026173	-3.197064564e-02
21.031174	-1.118874115e-02
21.036174	-2.201907212e-02
21.041174	-3.456030734e-02
21.046175	-1.632226006e-02
21.051175	-5.826780406e-03
21.056175	-1.130440902e-02
21.061175	-2.970431618e-02
21.066176	-2.786835242e-02
21.071176	-7.757408315e-03
21.076176	-9.420248747e-03
21.081176	-2.721018886e-02
21.086177	-3.052593650e-02
21.091177	-1.118694822e-02
21.096177	-5.606191832e-03
21.101178	-2.267817092e-02
21.106178	-3.428345484e-02
21.111178	-1.567242485e-02
21.116178	-7.545809460e-03
21.121179	-2.510476029e-02
21.126179	-3.340322767e-02
21.131179	-1.621711707e-02
21.136180	-5.108667009e-03
21.141180	-2.284860665e-02
21.146180	-3.698574709e-02
21.151180	-1.383596824e-02
21.156181	-1.677575685e-03
21.161181	-5.107312891e-03
21.166181	-3.013358101e-03
21.171181	-5.376154309e-03
21.176182	-4.773115769e-03
21.181182	-2.577387125e-02
21.186182	-3.295339783e-02
21.191183	-5.718844771e-03
21.196183	1.966799577e-03
21.201183	-3.825803586e-03
21.206183	-7.389020412e-04
21.211184	-4.333627324e-03
21.216184	-6.703420700e-03
21.221184	-4.447471965e-03
21.226185	-4.274406714e-03
21.231185	-1.004514025e-03
21.236185	-8.702008977e-03
21.241185	-3.169165021e-02
21.246186	-2.438598194e-02
21.251186	-7.486848809e-03
21.256186	-3.397000525e-03
21.261187	-1.449230449e-02
21.266187	-3.499708304e-02
21.271187	-2.191173598e-02
21.276187	-6.596513099e-03
21.281188	-2.217856557e-02
21.286188	-3.439480562e-02
21.291188	-1.776165548e-02
21.296188	-5.498261190e-03
21.301189	-2.162328228e-02
21.306189	-3.289357404e-02
21.311189	-1.323159185e-02
21.316190	-4.664990154e-03
21.321190	-8.307706792e-03
21.326190	-5.373790200e-03
21.331190	-2.543758984e-02
21.336191	-3.075121241e-02
21.341191	-9.023343891e-03
21.346191	-3.938546254e-03
21.351192	-5.488378069e-03
21.356192	-4.885329765e-03
21.361192	-1.251182190e-02
21.366192	-3.268261367e-02
21.371193	-2.471997529e-02
21.376193	-8.992216783e-04
21.381193	-1.395110688e-03
21.386193	-5.925774246e-03
21.391194	-3.948800724e-03
21.396194	-3.441744895e-03
21.401194	-7.588429071e-03
21.406195	-2.063661618e-02
21.411195	-3.212788992e-02
21.416195	-1.040901683e-02
21.421195	1.702392714e-03
21.426196	-5.927095733e-03
21.431196	-6.040003408e-03
21.436196	-2.062139117e-03
21.441197	-5.762846016e-03
21.446197	-1.388830570e-02
21.451197	-3.268116977e-02
21.456197	-2.008278550e-02
21.461198	9.761268524e-04
21.466198	-6.918344640e-03
21.471198	-4.270404231e-03
21.476199	-1.299882864e-02
21.481199	-3.648542913e-02
21.486199	-2.350406461e-02
21.491199	-4.166054589e-03
21.496200	-3.610996023e-03
21.501200	-2.267184243e-02
21.506200	-3.655197770e-02
21.511200	-1.461311174e-02
21.516201	-2.385703528e-03
21.521201	-2.128555784e-02
21.526201	-3.681959972e-02
21.531202	-1.411577538e-02
21.536202	-5.321174493e-03
21.541202	-1.603648450e-02
21.546202	-3.484034281e-02
21.551203	-2.228895078e-02
21.556203	-4.154870048e-03
21.561203	-2.636953719e-02
21.566204	-3.792679885e-02
21.571204	-1.262511733e-02
21.576204	-1.620782351e-02
21.581204	-4.019139085e-02
21.586205	-1.990842843e-02
21.591205	-3.134969521e-02
21.596205	-3.527838100e-02
21.601205	-2.261299263e-02
21.606206	-3.875799609e-02
21.611206	-2.361674535e-02
21.616206	-3.422705716e-02
21.621207	-3.533489903e-02
21.626207	-2.814620365e-02
21.631207	-3.775257068e-02
21.636207	-2.239133087e-02
21.641208	-3.931228913e-02
21.646208	-2.958073459e-02
21.651208	-2.930265218e-02
21.656209	-3.737010375e-02
21.661209	-1.809008129e-02
21.666209	-3.666294601e-02
21.671209	-2.808932550e-02
21.676210	-2.183757513e-02
21.681210	-4.007445779e-02
21.686210	-2.266832940e-02
21.691211	-3.355662164e-02
21.696211	-3.002871818e-02
21.701211	-1.925421887e-02
21.706211	-3.736910699e-02
21.711212	-2.692158889e-02
21.716212	-3.748389798e-02
21.721212	-3.621386715e-02
21.726212	-3.449286122e-02
21.731213	-3.498873130e-02
21.736213	-3.306773600e-02
21.741213	-3.964326623e-02
21.746214	-3.748228378e-02
21.751214	-4.201492749e-02
21.756214	-3.985494444e-02
21.761214	-4.273168002e-02
21.766215	-4.395450764e-02
21.771215	-4.544432009e-02
21.776215	-4.411628953e-02
21.781216	-4.704202130e-02
21.786216	-4.709091336e-02
21.791216	-4.858972423e-02
21.796216	-5.085449208e-02
21.801217	-5.306426273e-02
21.806217	-5.528103272e-02
21.811217	-5.384800613e-02
21.816217	-5.411388446e-02
21.821218	-5.725860185e-02
21.826218	-5.876241055e-02
21.831218	-5.903828751e-02
21.836219	-6.069008742e-02
21.841219	-6.140793917e-02
21.846219	-6.147482699e-02
21.851219	-6.257365694e-02
21.856220	-6.793524872e-02
21.861220	-6.644522262e-02
21.866220	-7.218979249e-02
21.871221	-7.522751316e-02
21.876221	-7.046966863e-02
21.881221	-7.308041259e-02
21.886221	-7.511518842e-02
21.891222	-7.742694852e-02
21.896222	-7.843978085e-02
21.901222	-7.601280489e-02
21.906223	-7.477976202e-02
21.911223	-7.837344951e-02
21.916223	-8.136417037e-02
21.921223	-8.313295916e-02
21.926224	-8.213990183e-02
21.931224	-7.666209451e-02
21.936224	-8.080974973e-02
21.941224	-7.997868255e-02
21.946225	-7.638476928e-02
21.951225	-7.804756238e-02
21.956225	-7.351770081e-02
21.961226	-7.583945659e-02
21.966226	-8.069407074e-02
21.971226	-7.543624899e-02
21.976226	-6.865051225e-02
21.981227	-6.970233783e-02
21.986227	-7.169011090e-02
21.991227	-7.318191138e-02
21.996228	-7.041894905e-02
22.001228	-6.080136901e-02
22.006228	-6.068725831e-02
22.011228	-6.771274889e-02
22.016229	-6.671868676e-02
22.021229	-6.013293644e-02
22.026229	-5.703399125e-02
22.031229	-6.036168712e-02
22.036230	-6.638423232e-02
22.041230	-6.499619084e-02
22.046230	-5.869742315e-02
22.051231	-5.897628810e-02
22.056231	-5.732126071e-02
22.061231	-5.267539997e-02
22.066231	-4.708259181e-02
22.071232	-5.057027660e-02
22.076232	-5.622184036e-02
22.081232	-5.609772619e-02
22.086233	-4.741808923e-02
22.091233	-5.533352583e-02
22.096233	-5.819924399e-02
22.101233	-5.250143981e-02
22.106234	-5.433721492e-02
22.111234	-4.610755150e-02
22.116234	-5.294204709e-02
22.121235	-6.239439631e-02
22.126235	-5.566564832e-02
22.131235	-4.742598439e-02
22.136235	-4.824681452e-02
22.141236	-4.697676108e-02
22.146236	-4.742561144e-02
22.151236	-5.278618741e-02
22.156236	-4.288461489e-02
22.161237	-3.951167773e-02
22.166237	-4.361032333e-02
22.171237	-4.084835154e-02
22.176238	-4.377406205e-02
22.181238	-4.051311758e-02
22.186238	-3.149949389e-02
22.191238	-4.061785799e-02
22.196239	-4.460350827e-02
22.201239	-3.338200700e-02
22.206239	-2.746420946e-02
22.211240	-1.780062071e-02
22.216240	-4.118218744e-02
22.221240	-3.105862382e-02
22.226240	-2.641275422e-02
22.231241	-3.653506014e-02
22.236241	-1.718701053e-02
22.241241	-3.658279837e-02
22.246241	-2.973005087e-02
22.251242	-1.685363927e-02
22.256242	-4.034819755e-02
22.261242	-2.122013433e-02
22.266243	-2.354487356e-02
22.271243	-4.161973351e-02
22.276243	-1.248322805e-02
22.281243	-1.596290201e-02
22.286244	-4.001342766e-02
22.291244	-2.299924485e-02
22.296244	-2.427260333e-03
22.301245	-3.138051156e-02
22.306245	-3.597912174e-02
22.311245	-9.118487385e-03
22.316245	-4.253625185e-03
22.321246	-1.099111519e-02
22.326246	-3.558460839e-02
22.331246	-2.338015501e-02
22.336247	-9.452723207e-04
22.341247	-4.967912773e-03
22.346247	-2.645907051e-03
22.351247	-7.292512145e-03
22.356248	-3.431386824e-02
22.361248	-3.089192310e-02
22.366248	-2.818353500e-03
22.371248	-3.534176900e-03
22.376249	-3.858021908e-03
22.381249	-5.301804145e-03
22.386249	-1.766863976e-03
22.391250	-1.977372130e-02
22.396250	-3.885251853e-02
22.401250	-1.635363593e-02
22.406250	2.895737406e-04
22.411251	-4.688009671e-03
22.416251	-1.984021523e-03
22.421251	-7.576570079e-03
22.426252	-3.752375914e-02
22.431252	-2.662722741e-02
22.436252	-1.869469013e-03
22.441252	-1.983322265e-03
22.446253	-1.463947527e-02
22.451253	-3.685509449e-02
22.456253	-2.093784163e-02
22.461253	-1.657776187e-03
22.466254	-1.801372164e-02
22.471254	-4.387013660e-02
22.476254	-2.071828643e-02
22.481255	-7.899859296e-03
22.486255	-3.911897417e-02
22.491255	-2.342170716e-02
22.496255	-1.938978885e-02
22.501256	-4.116542996e-02
22.506256	-1.862354415e-02
22.511256	-3.237963229e-02
22.516257	-3.751220145e-02
22.521257	-2.375682446e-02
22.526257	-3.696794222e-02
22.531257	-2.281858669e-02
22.536258	-3.696665163e-02
22.541258	-3.166180195e-02
22.546258	-3.331356377e-02
22.551259	-3.685222001e-02
22.556259	-3.426221802e-02
22.561259	-4.000575068e-02
22.566259	-2.806626995e-02
22.571260	-3.596068203e-02
22.576260	-3.176476860e-02
22.581260	-3.846824662e-02
22.586260	-3.309439839e-02
22.591261	-3.988987074e-02
22.596261	-3.801682661e-02
22.601261	-3.851265000e-02
22.606262	-4.187731302e-02
22.611262	-3.911631765e-02
22.616262	-3.978513059e-02
22.621262	-3.994597161e-02
22.626263	-4.165772581e-02
22.631263	-4.243153209e-02
22.636263	-4.293735307e-02
22.641264	-3.320774501e-02
22.646264	-4.121714667e-02
22.651264	-3.475535571e-02
22.656264	-1.418535185e-02
22.661265	-3.844384586e-02
22.666265	-2.812126957e-02
22.671265	-1.928578713e-03
22.676265	-6.287182532e-03
22.681266	-2.522239458e-03
22.686266	-2.865066864e-03
22.691266	-4.470823521e-03
22.696267	-4.346676457e-03
22.701267	-2.137645483e-03
22.706267	-2.855450898e-03
22.711267	-3.410265143e-03
22.716268	4.879427267e-03
22.721268	4.025660820e-02
22.726268	1.863297060e-02
22.731269	1.006860443e-02
22.736269	3.743723311e-02
22.741269	2.240122865e-02
22.746269	3.223783632e-02
22.751270	3.406389133e-02
22.756270	3.654790988e-02
22.761270	3.555412279e-02
22.766271	3.279343458e-02
22.771271	3.677037061e-02
22.776271	3.847943347e-02
22.781271	4.539020630e-02
22.786272	3.998166692e-02
22.791272	4.489555173e-02
22.796272	4.499970522e-02
22.801272	4.518085469e-02
22.806273	4.766687578e-02
22.811273	4.373025559e-02
22.816273	4.942809796e-02
22.821274	5.379501488e-02
22.826274	4.765751832e-02
22.831274	4.920659303e-02
22.836274	4.926475122e-02
22.841275	5.003986966e-02
22.846275	5.114896972e-02
22.851275	5.269704555e-02
22.856276	5.252421769e-02
22.861276	5.147343909e-02
22.866276	5.130261165e-02
22.871276	5.534554931e-02
22.876277	5.070797168e-02
22.881277	5.069913599e-02
22.886277	5.506905620e-02
22.891277	5.268935336e-02
22.896278	5.086361986e-02
22.901278	5.136875655e-02
22.906278	5.446674880e-02
22.911279	5.419092960e-02
22.916279	5.467806809e-02
22.921279	5.777506119e-02
22.926279	5.717226103e-02
22.931280	5.479356026e-02
22.936280	5.468873284e-02
22.941280	5.208704504e-02
22.946281	5.058729601e-02
22.951281	5.379928428e-02
22.956281	5.175356624e-02
22.961281	5.235670064e-02
22.966282	5.568268334e-02
22.971282	5.429592932e-02
22.976282	4.744348061e-02
22.981283	4.833459999e-02
22.986283	5.230954753e-02
22.991283	4.926888688e-02
22.996283	4.512228821e-02
23.001284	4.169964940e-02
23.006284	4.340972440e-02
23.011284	4.075404332e-02
23.016284	4.181415512e-02
23.021285	3.208286946e-02
23.026285	3.213303815e-02
23.031285	3.744691335e-02
23.036286	1.478135034e-02
23.041286	3.439742786e-02
23.046286	2.710500740e-02
23.051286	1.133629677e-03
23.056287	3.456673111e-03
23.061287	9.129884210e-04
23.066287	1.528036019e-02
23.071288	2.616792644e-02
23.076288	1.013699526e-02
23.081288	-9.692105033e-04
23.086288	-1.685995832e-03
23.091289	-2.239789993e-03
23.096289	-8.863245143e-03
23.101289	-2.870896210e-02
23.106289	-1.887333530e-02
23.111290	6.440427933e-03
23.116290	2.705945344e-02
23.121290	1.665921039e-02
23.126291	3.032999914e-04
23.131291	-2.067390658e-03
23.136291	1.351391706e-02
23.141291	3.650381157e-02
23.146292	1.407024142e-02
23.151292	1.299132267e-03
23.156292	2.472700312e-02
23.161293	2.999488775e-02
23.166293	6.280390140e-03
23.171293	1.113529834e-02
23.176293	3.722302181e-02
23.181294	1.843924980e-02
23.186294	2.058930975e-02
23.191294	3.573264481e-02
23.196295	2.208258709e-02
23.201295	3.307415439e-02
23.206295	3.524421427e-02
23.211295	3.425045100e-02
23.216296	3.054183950e-02
23.221296	3.622970384e-02
23.226296	3.684185173e-02
23.231296	3.828495350e-02
23.236297	4.805459084e-02
23.241297	4.535092457e-02
23.246297	4.541810392e-02
23.251298	4.463333109e-02
23.256298	4.551246565e-02
23.261298	4.939443289e-02
23.266298	5.265443511e-02
23.271299	5.220464463e-02
23.276299	4.252936929e-02
23.281299	4.159460640e-02
23.286300	5.613498011e-02
23.291300	5.188040303e-02
23.296300	5.110563200e-02
23.301300	4.872695075e-02
23.306301	4.823116468e-02
23.311301	4.280965377e-02
23.316301	3.628920446e-02
23.321301	3.568842504e-02
23.326302	3.756350770e-02
23.331302	3.436087401e-02
23.336302	2.253572181e-02
23.341303	3.784005577e-02
23.346303	1.871331159e-02
23.351303	-1.284482321e-04
23.356303	6.286382643e-03
23.361304	1.617002019e-02
23.366304	2.794755229e-02
23.371304	1.280658698e-02
23.376305	2.358360030e-03
23.381305	-1.838215563e-03
23.386305	-1.178061946e-03
23.391305	-8.518894282e-04
23.396306	-1.119683499e-03
23.401306	1.034394857e-04
23.406306	-1.833529999e-04
23.411307	-3.891954253e-03
23.416307	-1.501895608e-03
23.421307	1.587124289e-03
23.426307	-1.345870653e-04
23.431308	-1.721305692e-03
23.436308	-1.452127633e-03
23.441308	-2.457878159e-03
23.446308	-2.668672789e-03
23.451309	-3.660423572e-03
23.456309	-4.320192622e-03
23.461309	-1.280167894e-03
23.466310	-3.057874027e-03
23.471310	-7.584553903e-05
23.476310	2.226510279e-02
23.481310	2.917691249e-02
23.486311	9.933182174e-03
23.491311	-3.660863183e-03
23.496311	1.419733638e-02
23.501312	3.701525940e-02
23.506312	1.750554498e-02
23.511312	3.204493055e-02
23.516312	3.320106329e-02
23.521313	2.475173238e-02
23.526313	4.442283233e-02
23.531313	4.110621549e-02
23.536313	3.784759567e-02
23.541314	3.840276326e-02
23.546314	4.255173054e-02
23.551314	5.056148262e-02
23.556315	4.862179024e-02
23.561315	4.436722731e-02
23.566315	4.951114011e-02
23.571315	4.929135252e-02
23.576316	4.797262652e-02
23.581316	4.802082450e-02
23.586316	4.574415249e-02
23.591317	4.254353231e-02
23.596317	4.775444294e-02
23.601317	4.227595040e-02
23.606317	4.077623607e-02
23.611318	3.768861063e-02
23.616318	3.995368671e-02
23.621318	2.768057442e-02
23.626319	2.502192582e-02
23.631319	4.089124343e-02
23.636319	1.099111569e-02
23.641319	-4.149835501e-03
23.646320	8.621655784e-03
23.651320	3.431542614e-02
23.656320	2.381021701e-02
23.661320	-6.122151337e-04
23.666321	-2.265917739e-03
23.671321	-1.282767246e-03
23.676321	2.491997601e-02
23.681322	3.531260188e-02
23.686322	8.556301288e-03
23.691322	-3.814801879e-03
23.696322	2.011206943e-02
23.701323	3.614338165e-02
23.706323	1.227392099e-02
23.711323	-6.091525641e-04
23.716324	2.519861482e-02
23.721324	3.193644675e-02
23.726324	6.512073901e-03
23.731324	2.592501138e-03
23.736325	3.067714249e-02
23.741325	2.890945015e-02
23.746325	4.477022985e-03
23.751325	-1.660424958e-03
23.756326	1.678775524e-02
23.761326	3.426299000e-02
23.766326	1.393133501e-02
23.771327	6.532866227e-04
23.776327	-9.424134946e-04
23.781327	-6.642179337e-04
23.786327	1.217888373e-03
23.791328	-1.983721339e-03
23.796328	1.438299545e-03
23.801328	-1.716312271e-03
23.806329	-3.206016745e-03
23.811329	-2.709831792e-03
23.816329	-2.268643510e-03
23.821329	-1.159492247e-03
23.826330	-2.653195459e-03
23.831330	1.039728988e-02
23.836330	3.355021166e-02
23.841331	1.668636703e-02
23.846331	-1.542401161e-03
23.851331	1.660634799e-03
23.856331	2.818736933e-02
23.861332	3.338729436e-02
23.866332	5.475067637e-03
23.871332	-2.428275520e-03
23.876332	1.310507358e-02
23.881333	3.570102879e-02
23.886333	1.519838957e-02
23.891333	-7.075059298e-04
23.896334	8.306252818e-04
23.901334	1.249219177e-02
23.906334	3.549312566e-02
23.911334	1.691938009e-02
23.916335	8.314960410e-04
23.921335	6.607239211e-04
23.926335	-3.202841846e-03
23.931336	2.311853689e-04
23.936336	1.110355428e-03
23.941336	4.496116891e-04
23.946336	6.148221121e-04
23.951337	2.790607530e-04
23.956337	-3.143528072e-03
23.961337	-2.922319998e-03
23.966337	-1.432182485e-03
23.971338	-2.310912506e-03
23.976338	-3.694614087e-03
23.981338	-3.360411285e-03
23.986339	-8.193313901e-04
23.991339	-2.425019806e-03
23.996339	-2.646445594e-02
24.001339	-3.609069622e-02
24.006340	-8.447016258e-03
24.011340	-3.857049419e-03
24.016340	-3.309819421e-02
24.021341	-3.492386880e-02
24.026341	-3.369406073e-03
24.031341	-1.899830979e-02
24.036341	-4.315273744e-02
24.041342	-1.436111974e-02
24.046342	-5.624382528e-03
24.051342	-3.757037456e-02
24.056343	-3.303940210e-02
24.061343	-2.478882096e-03
24.066343	-2.248453974e-02
24.071343	-4.359013574e-02
24.076344	-1.462752578e-02
24.081344	-2.701004491e-04
24.086344	-2.381255968e-02
24.091344	-3.822852799e-02
24.096345	-1.408164823e-02
24.101345	-2.754052777e-03
24.106345	-4.848707970e-03
24.111346	-2.562732016e-02
24.116346	-3.663047765e-02
24.121346	-1.076369260e-02
24.126346	-2.808907616e-03
24.131347	-2.141715659e-03
24.136347	7.943499295e-04
24.141347	-1.198570711e-02
24.146348	-4.016690436e-02
24.151348	-2.650543658e-02
24.156348	-1.087624665e-03
24.161348	-1.642362969e-03
24.166349	-3.060551555e-02
24.171349	-3.624596950e-02
24.176349	-6.508397644e-03
24.181349	-2.220229001e-02
24.186350	-4.143498461e-02
24.191350	-1.396228558e-02
24.196350	-8.101380138e-03
24.201351	-4.088031796e-02
24.206351	-2.546194541e-02
24.211351	-4.900859609e-03
24.216351	-3.524893233e-02
24.221352	-3.513370494e-02
24.226352	-1.754333755e-03
24.231352	-1.562432534e-02
24.236353	-4.241759542e-02
24.241353	-2.197950122e-02
24.246353	1.550634618e-05
24.251353	-1.644533962e-02
24.256354	-4.149070622e-02
24.261354	-2.269651925e-02
24.266354	1.402371926e-03
24.271355	-3.683107868e-03
24.276355	-3.181430123e-02
24.281355	-3.717676505e-02
24.286355	-8.261141672e-03
24.291356	-8.736043749e-05
24.296356	-1.636036338e-03
24.301356	-2.515749318e-03
24.306356	-3.298467454e-03
24.311357	-9.875861935e-03
24.316357	-3.026448536e-02
24.321357	-3.291009876e-02
24.326358	-8.106243851e-03
24.331358	-6.984178201e-04
24.336358	-1.796116841e-03
24.341358	-1.136913659e-03
24.346359	-1.356661167e-03
24.351359	-3.181318849e-03
24.356359	-8.582077614e-04
24.361360	-2.186892612e-03
24.366360	-2.904611305e-03
24.371360	-5.332234313e-03
24.376360	-3.545231155e-02
24.381361	-2.910542376e-02
24.386361	-3.677600603e-03
24.391361	-2.233438672e-03
24.396361	-6.495957997e-03
24.401362	-3.833793786e-02
24.406362	-2.628336733e-02
24.411362	-1.229790430e-02
24.416363	-3.977112722e-02
24.421363	-2.942746044e-02
24.426363	-3.561287092e-02
24.431363	-4.396616015e-02
24.436364	-3.877420508e-02
24.441364	-3.805000042e-02
24.446364	-4.323946546e-02
24.451365	-4.507311753e-02
24.456365	-4.767472649e-02
24.461365	-4.722450551e-02
24.466365	-4.019865126e-02
24.471366	-4.561810219e-02
24.476366	-4.634381482e-02
24.481366	-4.020891009e-02
24.486367	-3.915572149e-02
24.491367	-3.992943068e-02
24.496367	-4.053114921e-02
24.501367	-3.528219401e-02
24.506368	-3.794079724e-02
24.511368	-3.738657952e-02
24.516368	-3.859926294e-02
24.521368	-3.136341761e-02
24.526369	-2.798935650e-02
24.531369	-3.864551211e-02
24.536369	-1.560854788e-02
24.541370	-3.285433522e-02
24.546370	-3.589291520e-02
24.551370	-1.024409597e-02
24.556370	-2.826483930e-02
24.561371	-3.827402949e-02
24.566371	-1.261521006e-02
24.571371	-2.999495006e-03
24.576372	-4.165177993e-03
24.581372	-1.848312670e-02
24.586372	-3.434198916e-02
24.591372	-1.322591492e-02
24.596373	-7.423586524e-04
24.601373	-3.886929928e-03
24.606373	-4.211658324e-03
24.611373	-2.222515604e-03
24.616374	-3.664181157e-03
24.621374	-4.553877261e-03
24.626374	-2.844718153e-03
24.631375	-2.949457559e-03
24.636375	-1.239267553e-02
24.641375	-2.979844886e-02
24.646375	-1.731489006e-02
24.651376	-4.218365208e-03
24.656376	-6.807964667e-03
24.661376	2.079000498e-04
24.666377	-1.897677273e-02
24.671377	-3.909939292e-02
24.676377	-1.847928669e-02
24.681377	-3.212881422e-03
24.686378	-1.040122271e-02
24.691378	-3.395465040e-02
24.696378	-2.753075088e-02
24.701379	-1.039944868e-02
24.706379	-3.229996786e-02
24.711379	-3.156575004e-02
24.716379	-8.353786437e-03
24.721380	-1.311326150e-02
24.726380	-3.565474391e-02
24.731380	-2.687897387e-02
24.736380	-5.657898144e-03
24.741381	-1.299922811e-02
24.746381	-2.676419931e-02
24.751381	-1.818841710e-02
24.756382	-1.249047402e-02
24.761382	-8.188452789e-03
24.766382	-8.361181566e-03
24.771382	-1.515854037e-02
24.776383	-6.142781452e-03
24.781383	-2.371153860e-02
24.786383	-2.809103159e-02
24.791384	-3.055165993e-03
24.796384	-3.703866692e-03
24.801384	-7.794375052e-03
24.806384	-8.244086352e-03
24.811385	-3.886065718e-03
24.816385	-5.481712559e-03
24.821385	-3.425562954e-03
24.826385	4.413264173e-03
24.831386	1.649683270e-03
24.836386	-1.876854800e-03
24.841386	-6.136599321e-04
24.846387	-1.608338801e-03
24.851387	-4.428915515e-03
24.856387	4.860763022e-04
24.861387	9.933143671e-04
24.866388	6.909250825e-03
24.871388	2.751836751e-02
24.876388	2.221493062e-02
24.881389	6.404080405e-03
24.886389	6.786326704e-03
24.891389	1.585808829e-02
24.896389	3.007256312e-02
24.901390	1.376574159e-02
24.906390	1.381400753e-02
24.911390	3.658400563e-02
24.916391	1.602242231e-02
24.921391	3.203407131e-03
24.926391	3.194707260e-02
24.931391	2.962647200e-02
24.936392	2.594250811e-03
24.941392	2.454029640e-02
24.946392	3.426202448e-02
24.951392	7.678778987e-03
24.956393	-1.585124654e-04
24.961393	2.100457783e-02
24.966393	3.713994897e-02
24.971394	7.345883670e-03
24.976394	6.026229473e-03
24.981394	3.653979892e-02
24.986394	2.200188293e-02
24.991395	1.056324806e-03
24.996395	3.012497565e-02
25.001395	3.200014440e-02
25.006396	7.185802941e-03
25.011396	3.587147591e-02
25.016396	2.863515392e-02
25.021396	2.007190624e-02
25.026397	4.046204293e-02
25.031397	8.343110395e-03
25.036397	2.298756825e-02
25.041397	3.509916771e-02
25.046398	1.520655358e-02
25.051398	3.902849999e-02
25.056398	2.206172306e-02
25.061399	2.774968203e-02
25.066399	3.344664074e-02
25.071399	9.626247064e-03
25.076399	3.891488963e-02
25.081400	2.393700295e-02
25.086400	6.367261179e-03
25.091400	3.726181487e-02
25.096401	2.547675075e-02
25.101401	1.450932741e-06
25.106401	9.303210463e-03
25.111401	3.494105853e-02
25.116402	2.173007499e-02
25.121402	-1.813331650e-03
25.126402	4.528215341e-04
25.131403	-8.758244074e-04
25.136403	-5.985597250e-04
25.141403	6.370331748e-03
25.146403	2.980030478e-02
25.151404	2.715273345e-02
25.156404	1.276458750e-03
25.161404	-2.538046960e-03
25.166404	-1.198840049e-03
25.171405	-2.364493093e-03
25.176405	-3.473149069e-03
25.181405	-1.360984549e-03
25.186406	2.383789176e-02
25.191406	3.747941332e-02
25.196406	8.963287948e-03
25.201406	-4.351685551e-03
25.206407	1.858031826e-02
25.211407	3.865448182e-02
25.216407	9.529391426e-03
25.221408	3.212028387e-03
25.226408	3.731840956e-02
25.231408	2.655329524e-02
25.236408	-2.026824572e-03
25.241409	1.554348022e-02
25.246409	4.168730677e-02
25.251409	1.129028910e-02
25.256409	2.065090087e-03
25.261410	3.733040831e-02
25.266410	3.163401286e-02
25.271410	7.304657546e-03
25.276411	-1.537561848e-03
25.281411	2.477825684e-02
25.286411	2.954027869e-02
25.291411	1.686121095e-03
25.296412	3.502307849e-03
25.301412	-2.309079456e-03
25.306412	6.704706097e-03
25.311413	3.611835339e-02
25.316413	1.997254359e-02
25.321413	-2.806895743e-03
25.326413	5.988902967e-03
25.331414	5.942195424e-03
25.336414	2.041467781e-02
25.341414	2.681861076e-02
25.346414	6.764020592e-03
25.351415	6.832307621e-03
25.356415	3.114124203e-02
25.361415	2.113209198e-02
25.366416	8.810071247e-03
25.371416	3.809972843e-02
25.376416	2.484276037e-02
25.381416	3.036874429e-02
25.386417	3.285389817e-02
25.391417	2.611356716e-02
25.396417	3.887614795e-02
25.401418	3.683155537e-02
25.406418	3.916371877e-02
25.411418	3.678414538e-02
25.416418	3.440357230e-02
25.421419	3.545580787e-02
25.426419	4.175575082e-02
25.431419	4.136306753e-02
25.436420	4.324625747e-02
25.441420	4.203362043e-02
25.446420	4.666965723e-02
25.451420	4.910781694e-02
25.456421	4.668124839e-02
25.461421	4.407868991e-02
25.466421	4.739580131e-02
25.471421	4.932999013e-02
25.476422	4.855533037e-02
25.481422	4.999754714e-02
25.486422	4.982585423e-02
25.491423	5.175704420e-02
25.496423	5.237030797e-02
25.501423	5.331755335e-02
25.506423	5.286787694e-02
25.511424	5.612799373e-02
25.516424	6.309490389e-02
25.521424	6.121230818e-02
25.526425	5.701884169e-02
25.531425	6.387175895e-02
25.536425	7.232158734e-02
25.541425	6.890007850e-02
25.546426	6.929235706e-02
25.551426	6.906367053e-02
25.556426	7.696853031e-02
25.561426	8.000766189e-02
25.566427	7.575520066e-02
25.571427	8.288710431e-02
25.576427	8.476130164e-02
25.581428	8.603253287e-02
25.586428	8.979762516e-02
25.591428	9.156682909e-02
25.596428	9.310704604e-02
25.601429	9.338533367e-02
25.606429	9.608948615e-02
25.611429	1.019584623e-01
25.616430	1.027917196e-01
25.621430	1.008511321e-01
25.626430	1.009564306e-01
25.631430	1.040445629e-01
25.636431	1.080986415e-01
25.641431	1.110807802e-01
25.646431	1.090831970e-01
25.651432	1.136722465e-01
25.656432	1.118456543e-01
25.661432	1.076481946e-01
25.666432	1.106323344e-01
25.671433	1.098116868e-01
25.676433	1.114649014e-01
25.681433	1.124601529e-01
25.686433	1.108635493e-01
25.691434	1.150596227e-01
25.696434	1.150609305e-01
25.701434	1.117434237e-01
25.706435	1.105777970e-01
25.711435	1.108550901e-01
25.716435	1.111423828e-01
25.721435	1.102547414e-01
25.726436	1.135038693e-01
25.731436	1.131791970e-01
25.736436	1.075488209e-01
25.741437	1.078751127e-01
25.746437	1.121871823e-01
25.751437	1.067757948e-01
25.756437	1.058301583e-01
25.761438	1.061074538e-01
25.766438	9.875617533e-02
25.771438	9.887248030e-02
25.776438	1.011956624e-01
25.781439	9.373039094e-02
25.786439	8.560515660e-02
25.791439	8.875029351e-02
25.796440	9.262239009e-02
25.801440	8.516611915e-02
25.806440	8.157263287e-02
25.811440	8.135295854e-02
25.816441	8.190724126e-02
25.821441	7.819876212e-02
25.826441	7.736712268e-02
25.831442	8.052226097e-02
25.836442	6.610838003e-02
25.841442	5.411236440e-02
25.846442	6.598401695e-02
25.851443	6.155757935e-02
25.856443	5.648317815e-02
25.861443	5.703846300e-02
25.866444	4.647536860e-02
25.871444	4.609370623e-02
25.876444	4.322618283e-02
25.881444	3.830377436e-02
25.886445	3.719515328e-02
25.891445	3.454661839e-02
25.896445	3.862970805e-02
25.901445	3.061947288e-02
25.906446	3.383161164e-02
25.911446	2.619535608e-02
25.916446	4.418889923e-03
25.921447	1.274384165e-03
25.926447	-7.131859192e-04
25.931447	2.764939199e-03
25.936447	4.433882383e-04
25.941448	3.149556923e-03
25.946448	-1.428867598e-03
25.951448	-3.417436417e-03
25.956449	-1.028073294e-02
25.961449	-3.476004607e-02
25.966449	-3.210287344e-02
25.971449	-3.338348080e-02
25.976450	-4.177569103e-02
25.981450	-3.845855451e-02
25.986450	-3.791326305e-02
25.991450	-4.553151575e-02
25.996451	-5.360874259e-02
26.001451	-4.294001539e-02
26.006451	-4.155376990e-02
26.011452	-4.967899334e-02
26.016452	-4.525291702e-02
26.021452	-4.298671992e-02
26.026452	-5.825154417e-02
26.031453	-4.077819529e-02
26.036453	-2.308485845e-02
26.041453	-4.188648460e-02
26.046454	-3.918031084e-02
26.051454	-3.995494259e-02
26.056454	-2.728932419e-02
26.061454	-3.248770856e-02
26.066455	-3.431328093e-02
26.071455	-2.457349852e-02
26.076455	-4.083326484e-02
26.081456	-1.822520012e-02
26.086456	-2.136771306e-03
26.091456	-1.917149365e-02
26.096456	-3.917704996e-02
26.101457	-1.828088874e-02
26.106457	-4.411335128e-03
26.111457	-4.295013711e-03
26.116457	-2.077809303e-03
26.121458	-4.687335276e-03
26.126458	-5.460963471e-03
26.131458	-4.676678373e-03
26.136459	1.508305554e-03
26.141459	6.471546932e-05
26.146459	-1.415872311e-03
26.151459	2.790222777e-03
26.156460	2.422135678e-02
26.161460	3.129629223e-02
26.166460	3.728161354e-03
26.171461	6.213353443e-03
26.176461	3.449910585e-02
26.181461	3.433644619e-02
26.186461	3.467175898e-02
26.191462	2.666253772e-02
26.196462	3.307651174e-02
26.201462	3.859153617e-02
26.206462	3.864986538e-02
26.211463	2.600290390e-02
26.216463	3.379380204e-02
26.221463	5.534093267e-02
26.226464	4.323994145e-02
26.231464	4.319227776e-02
26.236464	4.987323880e-02
26.241464	4.395690312e-02
26.246465	4.512317241e-02
26.251465	6.115461231e-02
26.256465	5.673019408e-02
26.261466	5.545760020e-02
26.266466	6.629733056e-02
26.271466	6.197790719e-02
26.276466	6.021034165e-02
26.281467	6.602235332e-02
26.286467	7.043844314e-02
26.291467	7.806735390e-02
26.296468	7.939661647e-02
26.301468	7.624212951e-02
26.306468	7.779138029e-02
26.311468	8.210247716e-02
26.316469	8.005692903e-02
26.321469	8.503798899e-02
26.326469	9.066801296e-02
26.331469	9.188228362e-02
26.336470	9.398580488e-02
26.341470	9.714096769e-02
26.346470	9.299233837e-02
26.351471	9.227591772e-02
26.356471	9.957005025e-02
26.361471	1.051996759e-01
26.366471	1.015680187e-01
26.371472	9.857722592e-02
26.376472	1.056507717e-01
26.381472	1.033951384e-01
26.386473	1.026116232e-01
26.391473	1.034338186e-01
26.396473	1.011782859e-01
26.401473	9.885555733e-02
26.406474	9.426815533e-02
26.411474	1.034448854e-01
26.416474	1.147150989e-01
26.421474	9.780578528e-02
26.426475	9.084691658e-02
26.431475	1.029969817e-01
26.436475	9.498687211e-02
26.441476	9.035177444e-02
26.446476	9.255959510e-02
26.451476	8.763691395e-02
26.456476	9.089747633e-02
26.461477	9.305750037e-02
26.466477	9.216909478e-02
26.471477	9.427262244e-02
26.476478	9.521911492e-02
26.481478	8.515362221e-02
26.486478	8.265880721e-02
26.491478	9.063160826e-02
26.496479	8.239281431e-02
26.501479	7.708715690e-02
26.506479	8.112107848e-02
26.511480	8.216436721e-02
26.516480	7.924877711e-02
26.521480	7.581761603e-02
26.526480	7.470932554e-02
26.531481	7.565502065e-02
26.536481	7.647792286e-02
26.541481	7.338134404e-02
26.546481	7.006477774e-02
26.551482	6.913757832e-02
26.556482	7.101162281e-02
26.561482	6.636683134e-02
26.566483	6.322175641e-02
26.571483	6.613724347e-02
26.576483	6.354723803e-02
26.581483	6.433144452e-02
26.586484	6.322315685e-02
26.591484	6.034616814e-02
26.596484	6.018412813e-02
26.601485	6.051006113e-02
26.606485	6.023252804e-02
26.611485	6.156130554e-02
26.616485	6.007084062e-02
26.621486	5.770052503e-02
26.626486	5.642024885e-02
26.631486	5.122999111e-02
26.636486	5.272116072e-02
26.641487	5.492979052e-02
26.646487	5.488234647e-02
26.651487	5.471060959e-02
26.656488	5.321954658e-02
26.661488	5.288541923e-02
26.666488	5.134725931e-02
26.671488	4.908194021e-02
26.676489	4.564998645e-02
26.681489	4.360535550e-02
26.686489	4.415038026e-02
26.691490	4.382585378e-02
26.696490	4.117835718e-02
26.701490	4.249743943e-02
26.706490	4.366453041e-02
26.711491	4.201087904e-02
26.716491	4.200153614e-02
26.721491	4.294884008e-02
26.726492	4.659089386e-02
26.731492	4.210770135e-02
26.736492	3.952730287e-02
26.741492	4.128666242e-02
26.746493	3.868686550e-02
26.751493	4.201383803e-02
26.756493	4.184280602e-02
26.761493	4.057133566e-02
26.766494	4.438548170e-02
26.771494	4.521729442e-02
26.776494	4.891664734e-02
26.781495	4.260895898e-02
26.786495	3.825026208e-02
26.791495	4.323024422e-02
26.796495	4.394806447e-02
26.801496	4.510546041e-02
26.806496	4.587987797e-02
26.811496	4.146378543e-02
26.816497	4.284016986e-02
26.821497	4.521119900e-02
26.826497	4.206763614e-02
26.831497	4.400798979e-02
26.836498	4.488740288e-02
26.841498	4.345444525e-02
26.846498	4.124663110e-02
26.851498	4.488849071e-02
26.856499	4.300545890e-02
26.861499	3.990889505e-02
26.866499	4.141037481e-02
26.871500	4.268246761e-02
26.876500	4.389656388e-02
26.881500	4.731873714e-02
26.886500	4.306583898e-02
26.891501	4.484380447e-02
26.896501	5.113391838e-02
26.901501	4.638374866e-02
26.906502	4.804732123e-02
26.911502	5.019856682e-02
26.916502	4.743598688e-02
26.921502	4.926205107e-02
26.926503	4.936791150e-02
26.931503	4.881390899e-02
26.936503	4.932084750e-02
26.941504	4.882394227e-02
26.946504	4.909219456e-02
26.951504	4.837580204e-02
26.956504	4.699934659e-02
26.961505	4.257406152e-02
26.966505	4.428533420e-02
26.971505	4.517445300e-02
26.976505	4.335892297e-02
26.981506	3.903883295e-02
26.986506	3.997564978e-02
26.991506	3.639151915e-02
26.996507	3.638218924e-02
27.001507	3.274046229e-02
27.006507	3.003608325e-02
27.011507	3.516966701e-02
27.016508	1.980849481e-02
27.021508	3.623084900e-02
27.026508	2.024881191e-02
27.031509	2.284933796e-02
27.036509	3.705451659e-02
27.041509	1.069135955e-02
27.046509	3.208443748e-02
27.051510	3.152044106e-02
27.056510	2.509632481e-03
27.061510	2.727772274e-02
27.066510	3.351974717e-02
27.071511	6.324737938e-03
27.076511	2.938122441e-02
27.081511	3.429502365e-02
27.086512	8.582634637e-04
27.091512	1.644916728e-02
27.096512	4.109286609e-02
27.101512	1.533177821e-02
27.106513	-2.954326622e-03
27.111513	1.971048332e-02
27.116513	3.738527198e-02
27.121514	9.033729585e-03
27.126514	4.689831252e-04
27.131514	1.912778320e-03
27.136514	5.848284340e-04
27.141515	3.082031723e-02
27.146515	3.048611234e-02
27.151515	2.574046793e-03
27.156516	-2.396298897e-03
27.161516	-3.284772166e-03
27.166516	-1.515993508e-03
27.171516	3.626797076e-03
27.176517	2.910414887e-03
27.181517	-3.560345923e-03
27.186517	-2.345935412e-03
27.191517	-1.351812379e-03
27.196518	-1.504525113e-03
27.201518	-1.838227518e-03
27.206518	-2.909052737e-02
27.211519	-3.273254469e-02
27.216519	-8.308728119e-03
27.221519	-1.291739853e-03
27.226519	-2.428107671e-02
27.231520	-3.660250872e-02
27.236520	-1.128984085e-02
27.241520	-3.494783970e-02
27.246521	-3.345634192e-02
27.251521	-2.079956705e-02
27.256521	-4.146553221e-02
27.261521	-2.908644138e-02
27.266522	-3.599757374e-02
27.271522	-3.063449089e-02
27.276522	-3.975349958e-02
27.281522	-3.266981231e-02
27.286523	-3.532658119e-02
27.291523	-3.456144083e-02
27.296523	-2.880647872e-02
27.301524	-3.930240942e-02
27.306524	-1.857788231e-02
27.311524	-4.191059614e-02
27.316524	-2.438888982e-02
27.321525	-2.620490404e-02
27.326525	-4.300918155e-02
27.331525	-1.310826543e-02
27.336526	-3.472077413e-02
27.341526	-3.687086880e-02
27.346526	-1.607351295e-03
27.351526	-1.747507993e-02
27.356527	-4.350374127e-02
27.361527	-1.885073091e-02
27.366527	4.780083112e-05
27.371528	-2.897289284e-02
27.376528	-3.875166017e-02
27.381528	-9.567401798e-03
27.386528	7.187115041e-04
27.391529	-1.221477909e-02
27.396529	-4.073849936e-02
27.401529	-2.603593187e-02
27.406529	-2.271669874e-03
27.411530	-1.382531000e-03
27.416530	-1.121869332e-02
27.421530	-3.902525250e-02
27.426531	-2.277417030e-02
27.431531	-3.541154288e-03
27.436531	1.381960577e-03
27.441531	-1.387419813e-02
27.446532	-4.216842896e-02
27.451532	-2.298270942e-02
27.456532	4.946708401e-04
27.461533	-6.358655929e-03
27.466533	-3.675606848e-02
27.471533	-2.945308486e-02
27.476533	-3.193858961e-03
27.481534	-4.866073987e-03
27.486534	-2.310436424e-02
27.491534	-3.879999617e-02
27.496534	-1.199619977e-02
27.501535	-1.700281833e-03
27.506535	-1.871979480e-03
27.511535	-3.315205939e-03
27.516536	-3.304355359e-02
27.521536	-3.365472603e-02
27.526536	-5.684593375e-03
27.531536	-2.979050480e-03
27.536537	-1.707327339e-03
27.541537	-1.043444594e-02
27.546537	-3.802121177e-02
27.551538	-2.486785107e-02
27.556538	-2.470406051e-03
27.561538	-2.642201229e-03
27.566538	-2.978949069e-02
27.571539	-3.680520346e-02
27.576539	-7.229558164e-03
27.581539	-3.520169056e-03
27.586540	-6.119427640e-03
27.591540	-3.448064823e-02
27.596540	-3.171810561e-02
27.601540	-3.193300550e-03
27.606541	-1.195114823e-03
27.611541	-2.083867754e-03
27.616541	-5.515078568e-03
27.621541	-7.637458243e-04
27.626542	4.506845357e-04
27.631542	-4.070364785e-03
27.636542	-2.913330777e-03
27.641543	1.005849300e-03
27.646543	-9.245439367e-04
27.651543	7.049978083e-05
27.656543	-1.420617527e-03
27.661544	-2.252071428e-03
27.666544	2.911865515e-04
27.671544	-2.413662351e-03
27.676545	-5.395595567e-03
27.681545	-1.084035609e-03
27.686545	-3.092780414e-04
27.691545	-1.694999675e-03
27.696546	-1.694498452e-03
27.701546	6.048770871e-03
27.706546	2.792955140e-02
27.711546	2.356119712e-02
27.716547	3.392124889e-03
27.721547	-1.195216732e-03
27.726547	-2.466143220e-03
27.731548	-1.911871350e-03
27.736548	-1.691780608e-03
27.741548	2.342897464e-03
27.746548	1.684037703e-03
27.751549	2.503214077e-04
27.756549	3.064812882e-02
27.761549	2.721732443e-02
27.766550	2.067832368e-03
27.771550	-6.373120838e-04
27.776550	5.719937914e-03
27.781550	3.699759733e-02
27.786551	2.168455719e-02
27.791551	-3.008103578e-04
27.796551	-2.403487329e-03
27.801552	1.721202383e-02
27.806552	3.905481091e-02
27.811552	1.357083951e-02
27.816552	-1.742299309e-03
27.821553	4.452261755e-03
27.826553	3.490786904e-02
27.831553	2.446005935e-02
27.836553	2.407997512e-03
27.841554	2.002283895e-04
27.846554	4.062420724e-03
27.851554	3.440323551e-02
27.856555	2.291358507e-02
27.861555	1.807671530e-03
27.866555	-1.896082398e-04
27.871555	-1.623019259e-03
27.876556	-1.947791931e-03
27.881556	2.246645494e-02
27.886556	3.728333765e-02
27.891557	1.015546151e-02
27.896557	1.953274667e-04
27.901557	-1.620560889e-03
27.906557	-3.331454885e-03
27.911558	1.419990677e-03
27.916558	-6.250842304e-04
27.921558	-2.998912023e-04
27.926558	-2.019176964e-02
27.931559	-4.119258598e-02
27.936559	-1.427397647e-02
27.941559	4.593639576e-05
27.946560	-2.773493980e-03
27.951560	-2.527512568e-02
27.956560	-3.981410155e-02
27.961560	-1.194904377e-02
27.966561	-6.669377156e-05
27.971561	-9.550308285e-04
27.976561	-3.057899884e-03
27.981562	-2.617910638e-03
27.986562	-3.544544902e-03
27.991562	-7.242880615e-04
27.996562	-1.670120818e-03
28.001563	-3.820586126e-03
28.006563	-1.889079030e-03
28.011563	1.352987555e-02
28.016564	3.619482596e-02
28.021564	1.657073672e-02
28.026564	-1.830320558e-03
28.031564	2.221105368e-02
28.036565	3.552742670e-02
28.041565	6.458765430e-03
28.046565	2.021441437e-02
28.051565	4.182822496e-02
28.056566	9.509445731e-03
28.061566	2.592254701e-02
28.066566	3.276738250e-02
28.071567	1.407984317e-02
28.076567	3.807322205e-02
28.081567	2.237751618e-02
28.086567	1.558191381e-02
28.091568	3.885853334e-02
28.096568	1.536266344e-02
28.101568	1.922516690e-02
28.106569	3.465372508e-02
28.111569	1.067028305e-02
28.116569	2.574576136e-02
28.121569	3.813468983e-02
28.126570	5.643823245e-03
28.131570	2.359614165e-02
28.136570	3.803045662e-02
28.141570	6.744323446e-03
28.146571	1.873167541e-02
28.151571	3.681778721e-02
28.156571	9.288345030e-03
28.161572	3.534187789e-03
28.166572	3.454417896e-02
28.171572	2.935399068e-02
28.176572	7.249107324e-04
28.181573	2.244342111e-02
28.186573	3.537762196e-02
28.191573	7.627993573e-03
28.196574	2.796958144e-02
28.201574	3.217647000e-02
28.206574	1.719792952e-02
28.211574	3.836197213e-02
28.216575	2.670034696e-02
28.221575	3.184328414e-02
28.226575	3.410968208e-02
28.231576	3.543883254e-02
28.236576	3.748424324e-02
28.241576	3.548687978e-02
28.246576	3.770568123e-02
28.251577	3.627198674e-02
28.256577	4.168271048e-02
28.261577	3.936046601e-02
28.266577	4.405413020e-02
28.271578	4.875749407e-02
28.276578	4.345271670e-02
28.281578	4.190462988e-02
28.286579	4.450511175e-02
28.291579	3.848357502e-02
28.296579	4.141863865e-02
28.301579	3.754758233e-02
28.306580	3.880963976e-02
28.311580	3.726155422e-02
28.316580	1.830654039e-02
28.321581	3.815126135e-02
28.326581	2.063006792e-02
28.331581	1.134901482e-02
28.336581	4.130727200e-02
28.341582	1.703735585e-02
28.346582	-3.117463313e-04
28.351582	1.236797026e-03
28.356582	-8.656556422e-04
28.361583	-2.241248663e-03
28.366583	3.016398403e-04
28.371583	-3.673921867e-04
28.376584	-1.532896293e-03
28.381584	-4.808239479e-04
28.386584	4.086576840e-04
28.391584	-1.521903085e-03
28.396585	-2.877455042e-02
28.401585	-3.811299733e-02
28.406585	-4.942816427e-03
28.411586	-5.392059017e-03
28.416586	-3.800660626e-02
28.421586	-3.064528433e-02
28.426586	-1.796061420e-03
28.431587	-1.766414264e-02
28.436587	-4.131228944e-02
28.441587	-1.666863118e-02
28.446588	-6.440268202e-03
28.451588	-3.755429770e-02
28.456588	-3.031756733e-02
28.461588	-3.341538394e-03
28.466589	-5.386889571e-03
28.471589	-3.550707368e-02
28.476589	-3.280148959e-02
28.481589	-4.725921169e-03
28.486590	5.224214423e-04
28.491590	-2.240946300e-02
28.496590	-3.826744203e-02
28.501591	-1.422604762e-02
28.506591	-1.961195751e-03
28.511591	-2.268450261e-02
28.516591	-4.180229886e-02
28.521592	-8.756706129e-03
28.526592	-1.881210773e-02
28.531592	-4.445843899e-02
28.536593	-1.339153519e-02
28.541593	-3.300600267e-02
28.546593	-3.511804674e-02
28.551593	-1.709891412e-02
28.556594	-3.915104492e-02
28.561594	-2.682879393e-02
28.566594	-3.688449383e-02
28.571594	-3.063260364e-02
28.576595	-3.245786245e-02
28.581595	-3.600412501e-02
28.586595	-2.190427218e-02
28.591596	-4.495014604e-02
28.596596	-1.968541590e-02
28.601596	-3.367009505e-02
28.606596	-3.395613851e-02
28.611597	-1.481836579e-02
28.616597	-4.433627740e-02
28.621597	-2.229266644e-02
28.626598	-1.322083132e-02
28.631598	-4.272904284e-02
28.636598	-1.897452674e-02
28.641598	-1.825742471e-02
28.646599	-4.240253492e-02
28.651599	-1.382058761e-02
28.656599	-2.095154695e-02
28.661600	-4.312796641e-02
28.666600	-1.393435260e-02
28.671600	-2.786133204e-02
28.676600	-4.079406675e-02
28.681601	-1.001364088e-02
28.686601	-3.438893656e-02
28.691601	-3.471327432e-02
28.696601	-7.249662714e-03
28.701602	-3.687296489e-02
28.706602	-3.278094849e-02
28.711602	-1.168667795e-03
28.716603	-9.953432336e-03
28.721603	-4.188970459e-02
28.726603	-2.885028671e-02
28.731603	-2.333220819e-03
28.736604	-4.091776658e-03
28.741604	2.771257395e-04
28.746604	-2.599667275e-03
28.751605	-5.141978748e-03
28.756605	-3.210839676e-03
28.761605	-1.326997756e-03
28.766605	-1.823522781e-03
28.771606	-2.205653982e-03
28.776606	-7.139895518e-04
28.781606	-4.456566401e-04
28.786606	-1.984122684e-03
28.791607	-1.821583453e-03
28.796607	-2.246240689e-04
28.801607	-4.916604487e-04
28.806608	-2.040025110e-03
28.811608	6.085762031e-04
28.816608	5.435647257e-05
28.821608	-1.207223573e-03
28.826609	-4.893138871e-04
28.831609	-2.869231105e-03
28.836609	-1.654848713e-03
28.841610	-2.811033814e-03
28.846610	-2.677251754e-04
28.851610	9.810121735e-06
28.856610	-2.695287914e-03
28.861611	-2.704036227e-03
28.866611	-6.577990211e-04
28.871611	5.088874784e-04
28.876612	-3.705116242e-04
28.881612	8.342731616e-04
28.886612	-1.544841830e-03
28.891612	-2.863815781e-03
28.896613	-6.668150820e-03
28.901613	-3.375758612e-02
28.906613	-3.088959312e-02
28.911613	-3.129889126e-03
28.916614	-2.040989480e-04
28.921614	1.789333466e-04
28.926614	-5.950695794e-04
28.931615	-2.803192262e-03
28.936615	-3.739185736e-03
28.941615	-1.253294047e-02
28.946615	-3.657344407e-02
28.951616	-2.606747550e-02
28.956616	-3.240494364e-03
28.961616	-1.748922294e-03
28.966617	1.826254252e-04
28.971617	-2.359576971e-03
28.976617	-1.364976551e-03
28.981617	2.660521857e-02
28.986618	3.257074197e-02
28.991618	5.538307192e-03
28.996618	-1.191360479e-03
29.001618	-2.127451284e-03
29.006619	-2.532987240e-04
29.011619	-1.696260832e-03
29.016619	7.419606560e-04
29.021620	-2.522260896e-04
29.026620	-4.017857957e-03
29.031620	-3.083068095e-04
29.036620	1.183268327e-03
29.041621	1.355817282e-03
29.046621	-4.111718787e-03
29.051621	-2.963923852e-03
29.056622	3.058799217e-03
29.061622	-5.827381496e-04
29.066622	-5.056128887e-03
29.071622	-2.561008332e-03
29.076623	-9.638374597e-04
29.081623	-2.292103116e-03
29.086623	-1.135107270e-03
29.091624	-2.577766136e-03
29.096624	-3.676543990e-03
29.101624	-7.991435508e-04
29.106624	-3.495074156e-04
29.111625	-6.258305618e-04
29.116625	-6.349684168e-04
29.121625	-1.017085253e-03
29.126625	5.317903448e-04
29.131626	5.799499001e-04
29.136626	-3.395665776e-03
29.141626	-1.454811447e-03
29.146627	1.202703089e-03
29.151627	-1.251597509e-04
29.156627	-3.068932205e-03
29.161627	-1.625149325e-03
29.166628	1.587135058e-03
29.171628	-6.302773275e-04
29.176628	-2.494755612e-02
29.181629	-3.897980872e-02
29.186629	-1.134448657e-02
29.191629	-1.885445162e-04
29.196629	-3.069087732e-02
29.201630	-3.510646581e-02
29.206630	-3.608958408e-03
29.211630	-3.372921193e-02
29.216630	-4.074525469e-02
29.221631	-1.167571117e-02
29.226631	-3.792408018e-02
29.231631	-2.820225647e-02
29.236632	-1.731409766e-02
29.241632	-4.185146155e-02
29.246632	-1.947334359e-02
29.251632	-1.918649251e-02
29.256633	-3.830385829e-02
29.261633	-1.443452295e-02
29.266633	-1.040018042e-02
29.271634	-3.902881477e-02
29.276634	-2.847513568e-02
29.281634	-5.622252094e-04
29.286634	-2.382875822e-02
29.291635	-3.842497492e-02
29.296635	-1.304512248e-02
29.301635	-7.228410923e-04
29.306636	-2.670412179e-02
29.311636	-4.129073823e-02
29.316636	-1.106445546e-02
29.321636	1.324522999e-03
29.326637	-1.901667168e-02
29.331637	-3.902358481e-02
29.336637	-1.828927150e-02
29.341637	-1.053962708e-03
29.346638	-2.432929283e-02
29.351638	-3.620145916e-02
29.356638	-1.353675279e-02
29.361639	-1.826134872e-03
29.366639	-2.620120282e-02
29.371639	-4.128498911e-02
29.376639	-9.893268998e-03
29.381640	-4.194914742e-03
29.386640	-3.918038973e-02
29.391640	-2.951555644e-02
29.396641	-2.654282689e-03
29.401641	-6.630787686e-03
29.406641	-3.707611526e-02
29.411641	-2.868291021e-02
29.416642	-3.254355705e-03
29.421642	-4.468314085e-03
29.426642	-9.448162093e-03
29.431642	-3.475967520e-02
29.436643	-2.906291867e-02
29.441643	-3.912147664e-03
29.446643	-8.242451387e-04
29.451644	-1.761017799e-03
29.456644	-5.076557504e-03
29.461644	-1.376388556e-03
29.466644	-1.873585156e-03
29.471645	-1.320107712e-02
29.476645	-3.668649036e-02
29.481645	-2.359004502e-02
29.486646	-1.145321218e-03
29.491646	-3.707878061e-04
29.496646	-9.341795273e-04
29.501646	-9.337025206e-04
29.506647	-2.089560782e-03
29.511647	-3.848085212e-03
29.516647	-2.536081945e-04
29.521648	-1.651242297e-02
29.526648	-3.762866646e-02
29.531648	-1.810867765e-02
29.536648	-1.255239828e-03
29.541649	-1.589242580e-03
29.546649	-2.362920597e-03
29.551649	-2.639626153e-03
29.556649	-1.141455723e-02
29.561650	-3.507285747e-02
29.566650	-2.341962824e-02
29.571650	-1.978245098e-03
29.576651	-2.905313377e-03
29.581651	-1.193528734e-03
29.586651	-1.976631182e-02
29.591651	-3.971591786e-02
29.596652	-1.534889702e-02
29.601652	-1.396648802e-04
29.606652	-2.136099937e-02
29.611653	-4.109971640e-02
29.616653	-1.379815855e-02
29.621653	-2.169413613e-02
29.626653	-3.877530090e-02
29.631654	-1.810797220e-02
29.636654	-3.927120876e-02
29.641654	-2.733199256e-02
29.646654	-3.136498476e-02
29.651655	-3.589564899e-02
29.656655	-2.721575031e-02
29.661655	-4.064481753e-02
29.666656	-3.435498507e-02
29.671656	-4.075944394e-02
29.676656	-3.898125930e-02
29.681656	-3.794823287e-02
29.686657	-3.943856542e-02
29.691657	-4.191374281e-02
29.696657	-3.915071235e-02
29.701658	-4.562146636e-02
29.706658	-4.899589298e-02
29.711658	-4.584108380e-02
29.716658	-4.821046613e-02
29.721659	-5.358218070e-02
29.726659	-5.723389107e-02
29.731659	-5.788376878e-02
29.736660	-5.550211548e-02
29.741660	-5.529164082e-02
29.746660	-5.888585362e-02
29.751660	-5.799581650e-02
29.756661	-5.749845727e-02
29.761661	-5.655092297e-02
29.766661	-5.650273828e-02
29.771661	-5.545190936e-02
29.776662	-5.915041519e-02
29.781662	-5.065150155e-02
29.786662	-4.831904358e-02
29.791663	-4.726661398e-02
29.796663	-4.594679910e-02
29.801663	-4.533534450e-02
29.806663	-3.830854775e-02
29.811664	-4.030544719e-02
29.816664	-3.638627661e-02
29.821664	-4.150920121e-02
29.826665	-3.317337674e-02
29.831665	-3.632741084e-02
29.836665	-3.140389555e-02
29.841665	-3.317200660e-02
29.846666	-3.532229614e-02
29.851666	-3.427956369e-02
29.856666	-3.797886639e-02
29.861666	-3.056988885e-02
29.866667	-3.731782103e-02
29.871667	-3.167834435e-02
29.876667	-4.151350385e-02
29.881668	-3.769852496e-02
29.886668	-3.609252261e-02
29.891668	-3.647490909e-02
29.896668	-3.869159300e-02
29.901669	-3.742907090e-02
29.906669	-3.874800454e-02
29.911669	-3.885260576e-02
29.916670	-3.620436042e-02
29.921670	-3.355601490e-02
29.926670	-4.061972716e-02
29.931670	-1.972299969e-02
29.936671	-3.460567519e-02
29.941671	-2.935737401e-02
29.946671	-9.225803274e-03
29.951672	-4.122892272e-02
29.956672	-2.426147501e-02
29.961672	-2.925170933e-03
29.966672	-2.614308011e-02
29.971673	-3.724036554e-02
29.976673	-6.622678888e-03
29.981673	-7.406739520e-03
29.986673	-3.857770408e-02
29.991674	-3.243975065e-02
29.996674	-1.210397371e-03
30.001674	-1.618916504e-02
30.006675	-3.989444550e-02
30.011675	-2.292689571e-02
30.016675	-2.652230295e-03
30.021675	-2.795402108e-02
30.026676	-3.773257803e-02
30.031676	-9.227071411e-03
30.036676	-2.458731647e-02
30.041677	-4.105759938e-02
30.046677	-1.254229274e-02
30.051677	-1.750281764e-02
30.056677	-3.690783620e-02
30.061678	-1.491156517e-02
30.066678	-1.479627278e-02
30.071678	-4.072002697e-02
30.076678	-2.264323663e-02
30.081679	-9.821461409e-04
30.086679	-2.331130038e-02
30.091679	-3.630167562e-02
30.096680	-1.247030569e-02
30.101680	-4.010177705e-03
30.106680	-1.314876735e-02
30.111680	-3.717872573e-02
30.116681	-2.479011643e-02
30.121681	-4.409652963e-03
30.126681	-5.183308704e-03
30.131682	-1.882404615e-02
30.136682	-3.429898104e-02
30.141682	-1.269528509e-02
30.146682	-3.900574094e-03
30.151683	-2.294561707e-03
30.156683	-7.991241571e-03
30.161683	-3.226038472e-02
30.166684	-2.679208733e-02
30.171684	-6.603211299e-03
30.176684	-2.187054811e-03
30.181684	-1.618087068e-02
30.186685	-3.689411135e-02
30.191685	-1.710671217e-02
30.196685	-3.398573519e-03
30.201685	-8.368092285e-03
30.206686	-3.042085745e-02
30.211686	-3.136730037e-02
30.216686	-5.116860961e-03
30.221687	-2.367992033e-02
30.226687	-3.728265635e-02
30.231687	-2.976867070e-02
30.236687	-3.727124679e-02
30.241688	-4.451673705e-02
30.246688	-3.678296311e-02
30.251688	-1.820919396e-02
30.256689	-3.506174749e-02
30.261689	-3.351232785e-02
30.266689	-3.926640041e-02
30.271689	-5.937837148e-02
30.276690	-3.942767825e-02
30.281690	-3.777326373e-02
30.286690	-3.771615987e-02
30.291690	-4.097507077e-02
30.296691	-3.112851289e-02
30.301691	-3.257182474e-02
30.306691	-3.765673317e-02
30.311692	-1.709457277e-02
30.316692	-3.776971075e-02
30.321692	-3.014172813e-02
30.326692	-2.171880596e-03
30.331693	-1.549592828e-02
30.336693	-3.864752730e-02
30.341693	-2.178505932e-02
30.346694	-6.209312300e-04
30.351694	-7.923114255e-03
30.356694	-2.842686032e-02
30.361694	-3.598752855e-02
30.366695	-3.773316427e-03
30.371695	-1.344741788e-03
30.376695	-7.910764980e-03
30.381696	-1.222171384e-02
30.386696	-3.367170600e-02
30.391696	-2.576663626e-02
30.396696	-2.384530121e-03
30.401697	-9.571817723e-03
30.406697	-3.444371817e-02
30.411697	-2.548670641e-02
30.416697	-2.879356297e-03
30.421698	-1.996049099e-02
30.426698	-3.664994736e-02
30.431698	-1.541871990e-02
30.436699	-1.647974813e-02
30.441699	-4.338783365e-02
30.446699	-1.912587478e-02
30.451699	-2.416308055e-02
30.456700	-3.896084141e-02
30.461700	-1.099988843e-02
30.466700	-3.029829774e-02
30.471701	-3.598596648e-02
30.476701	-9.009957985e-03
30.481701	-3.641481433e-02
30.486701	-3.310708455e-02
30.491702	-2.316522484e-02
30.496702	-3.879363788e-02
30.501702	-2.702627969e-02
30.506702	-3.559048661e-02
30.511703	-4.210880754e-02
30.516703	-3.796982307e-02
30.521703	-3.122018411e-02
30.526704	-4.023356524e-02
30.531704	-3.232849041e-02
30.536704	-3.403847878e-02
30.541704	-3.967774768e-02
30.546705	-3.901866791e-02
30.551705	-3.526106088e-02
30.556705	-3.535513871e-02
30.561706	-4.099510685e-02
30.566706	-3.741998910e-02
30.571706	-3.802143807e-02
30.576706	-4.033349140e-02
30.581707	-3.884225680e-02
30.586707	-3.801998469e-02
30.591707	-4.431851499e-02
30.596708	-3.729248875e-02
30.601708	-3.602014122e-02
30.606708	-3.712826065e-02
30.611708	-3.641108178e-02
30.616709	-3.613337820e-02
30.621709	-3.348510674e-02
30.626709	-3.746146538e-02
30.631709	-3.204024831e-02
30.636710	-4.054705375e-02
30.641710	-1.998628127e-02
30.646710	-3.170490710e-02
30.651711	-3.817482567e-02
30.656711	-1.441123140e-02
30.661711	-4.005797936e-02
30.666711	-1.948610660e-02
30.671712	-2.689317216e-02
30.676712	-3.972113501e-02
30.681712	-1.783123527e-02
30.686713	-3.811448167e-02
30.691713	-2.601203534e-02
30.696713	-1.633745333e-02
30.701713	-4.419237663e-02
30.706714	-2.115514003e-02
30.711714	-3.451727181e-02
30.716714	-2.970841754e-02
30.721714	-1.677511650e-02
30.726715	-4.242186215e-02
30.731715	-2.590276089e-02
30.736715	-3.644564912e-02
30.741716	-2.998368621e-02
30.746716	-2.203010637e-02
30.751716	-4.275362589e-02
30.756716	-1.428609058e-02
30.761717	-2.434110515e-02
30.766717	-4.042838289e-02
30.771717	-1.130218380e-02
30.776718	-1.434188937e-02
30.781718	-4.103967440e-02
30.786718	-2.125155363e-02
30.791718	2.197662994e-03
30.796719	-1.687174725e-02
30.801719	-4.153384519e-02
30.806719	-2.146943913e-02
30.811719	8.038438343e-04
30.816720	-2.894423562e-03
30.821720	-1.908799342e-02
30.826720	-4.020228848e-02
30.831721	-1.715504801e-02
30.836721	-7.424370832e-04
30.841721	-2.451814598e-03
30.846721	-1.183876345e-02
30.851722	-3.782078596e-02
30.856722	-2.494397700e-02
30.861722	-1.560754226e-03
30.866723	-1.283241749e-03
30.871723	-8.437381375e-04
30.876723	-8.586777684e-03
30.881723	-3.422281845e-02
30.886724	-2.819962594e-02
30.891724	-2.724518856e-03
30.896724	-1.729045396e-03
30.901725	-4.214377498e-03
30.906725	-5.868755800e-03
30.911725	-7.530133537e-03
30.916725	-3.206723441e-02
30.921726	-2.897087733e-02
30.926726	-3.265781855e-03
30.931726	-7.223935601e-04
30.936726	2.620819120e-04
30.941727	-2.767218434e-03
30.946727	-3.157665879e-03
30.951727	-5.376011135e-03
30.956728	-3.100607012e-03
30.961728	-2.089808245e-02
30.966728	-3.377283245e-02
30.971728	-9.837636637e-03
30.976729	-1.109591939e-03
30.981729	-3.911000559e-04
30.986729	-1.725800954e-04
30.991730	-1.221637560e-02
30.996730	-3.520456013e-02
31.001730	-2.365667194e-02
31.006730	-6.094253562e-04
31.011731	-2.653244557e-02
31.016731	-3.847124608e-02
31.021731	-1.293013815e-02
31.026731	-3.072761134e-02
31.031732	-3.736070743e-02
31.036732	-3.454033094e-02
31.041732	-4.443324476e-02
31.046733	-4.044793295e-02
31.051733	-3.995942581e-02
31.056733	-3.902094360e-02
31.061733	-4.271020295e-02
31.066734	-4.409659066e-02
31.071734	-4.520499370e-02
31.076734	-5.045216559e-02
31.081735	-5.399743229e-02
31.086735	-5.023110688e-02
31.091735	-4.796569752e-02
31.096735	-4.664523526e-02
31.101736	-5.122444357e-02
31.106736	-5.382376220e-02
31.111736	-5.442519217e-02
31.116737	-5.066786522e-02
31.121737	-5.387814924e-02
31.126737	-5.846635619e-02
31.131737	-5.072325117e-02
31.136738	-4.734790222e-02
31.141738	-5.056018545e-02
31.146738	-4.829477421e-02
31.151738	-4.912519003e-02
31.156739	-5.000360299e-02
31.161739	-4.662825319e-02
31.166739	-4.674270845e-02
31.171740	-4.706815176e-02
31.176740	-4.618766221e-02
31.181740	-4.613912605e-02
31.186740	-4.386371401e-02
31.191741	-4.701799876e-02
31.196741	-4.905334579e-02
31.201741	-4.319313331e-02
31.206742	-4.812431838e-02
31.211742	-5.232054431e-02
31.216742	-4.684330994e-02
31.221742	-4.767372337e-02
31.226743	-4.651724752e-02
31.231743	-4.673569476e-02
31.236743	-4.750911086e-02
31.241743	-5.126636027e-02
31.246744	-5.480262184e-02
31.251744	-5.215422840e-02
31.256744	-4.993581080e-02
31.261745	-4.788838349e-02
31.266745	-4.816582626e-02
31.271745	-5.164509016e-02
31.276745	-5.497136244e-02
31.281746	-4.756223369e-02
31.286746	-4.650975000e-02
31.291746	-5.247487450e-02
31.296747	-4.705463424e-02
31.301747	-4.595415273e-02
31.306747	-4.965240323e-02
31.311747	-4.628804773e-02
31.316748	-4.418462169e-02
31.321748	-4.208019554e-02
31.326748	-4.296960213e-02
31.331749	-4.075118200e-02
31.336749	-4.313050511e-02
31.341749	-3.080864852e-02
31.346749	-2.980416014e-02
31.351750	-3.494632855e-02
31.356750	-2.732720899e-02
31.361750	-3.942798871e-02
31.366750	-2.123645886e-02
31.371751	-3.218230270e-02
31.376751	-3.273572637e-02
31.381751	-8.856513454e-03
31.386752	-3.217966602e-02
31.391752	-3.461698404e-02
31.396752	-7.698940223e-03
31.401752	-2.156761994e-02
31.406753	-4.002504339e-02
31.411753	-1.272502038e-02
31.416753	-4.436936163e-03
31.421754	-3.300779468e-02
31.426754	-3.057938310e-02
31.431754	-7.522122648e-03
31.436754	-6.469633945e-03
31.441755	-2.426809301e-02
31.446755	-3.671485058e-02
31.451755	-1.156370632e-02
31.456755	-7.461387166e-03
31.461756	-3.471531786e-02
31.466756	-2.687620692e-02
31.471756	-4.764892345e-03
31.476757	-7.402196390e-03
31.481757	-1.785906386e-02
31.486757	-3.510455230e-02
31.491757	-1.724699966e-02
31.496758	2.541445382e-03
31.501758	-3.595662514e-03
31.506758	-5.812989007e-03
31.511759	-3.919544756e-03
31.516759	-2.428077906e-03
31.521759	-4.702400724e-03
31.526759	-2.597967755e-03
31.531760	-1.402977917e-02
31.536760	-3.387512086e-02
31.541760	-1.619955642e-02
31.546761	3.540892949e-03
31.551761	-9.333061087e-04
31.556761	-2.537665167e-03
31.561761	-2.432119491e-03
31.566762	5.329352865e-05
31.571762	-4.524899069e-03
31.576762	-2.755445764e-03
31.581762	-2.037933587e-03
31.586763	-2.694798997e-04
31.591763	2.448969084e-02
31.596763	2.874400612e-02
31.601764	4.817894309e-03
31.606764	1.998604691e-03
31.611764	4.102040500e-03
31.616764	-4.681915906e-03
31.621765	1.173072164e-02
31.626765	4.040867481e-02
31.631765	1.597759216e-02
31.636766	-3.638759040e-03
31.641766	1.266988495e-02
31.646766	3.456121754e-02
31.651766	2.085353707e-02
31.656767	9.402730801e-03
31.661767	3.196302654e-02
31.666767	2.240411501e-02
31.671767	3.716713102e-03
31.676768	2.626700989e-02
31.681768	3.483208735e-02
31.686768	1.036200865e-02
31.691769	2.975848194e-02
31.696769	3.107796426e-02
31.701769	1.516240862e-02
31.706769	3.599180242e-02
31.711770	2.013424387e-02
31.716770	2.307863615e-02
31.721770	3.617446204e-02
31.726771	1.997392312e-02
31.731771	3.561260741e-02
31.736771	2.488776321e-02
31.741771	3.235390394e-02
31.746772	3.462933452e-02
31.751772	1.362906427e-02
31.756772	3.440046292e-02
31.761773	2.478555757e-02
31.766773	2.440313713e-02
31.771773	3.766195553e-02
31.776773	9.254099500e-03
31.781774	1.030559951e-02
31.786774	3.805660958e-02
31.791774	2.069713743e-02
31.796774	5.758195656e-04
31.801775	2.020298282e-03
31.806775	-1.181963508e-03
31.811775	-2.729317499e-03
31.816776	8.080448932e-04
31.821776	3.293466153e-03
31.826776	-1.952680931e-03
31.831776	-1.293157449e-03
31.836777	1.403229970e-04
31.841777	-1.951999623e-03
31.846777	3.745011213e-05
31.851778	-1.615896690e-03
31.856778	-1.625335079e-03
31.861778	-7.819428145e-03
31.866778	-3.649526635e-02
31.871779	-2.809217377e-02
31.876779	1.149755966e-03
31.881779	-5.705861453e-04
31.886779	-5.933724795e-03
31.891780	-6.974104538e-03
31.896780	-3.035523729e-02
31.901780	-3.052666521e-02
31.906781	-5.677745470e-04
31.911781	1.372679981e-03
31.916781	-4.982402360e-03
31.921781	-5.651801861e-03
31.926782	-2.382421027e-03
31.931782	-2.327669147e-02
31.936782	-3.704235959e-02
31.941783	-9.903310450e-03
31.946783	1.090639907e-03
31.951783	-2.713583696e-03
31.956783	-3.706964014e-03
31.961784	-2.713455063e-03
31.966784	-1.399226104e-02
31.971784	-3.648344110e-02
31.976785	-1.984080505e-02
31.981785	-8.942974303e-04
31.986785	-5.758460781e-03
31.991785	-3.311032033e-03
31.996786	-6.800271806e-03
32.001786	-3.228328395e-02
32.006786	-2.559209158e-02
32.011786	-1.052895146e-03
32.016787	-4.417141270e-03
32.021787	-6.080482164e-03
32.026787	-2.940361407e-02
32.031788	-3.266286559e-02
32.036788	-7.789687017e-03
32.041788	-1.212487192e-03
32.046788	-1.221430613e-02
32.051789	-3.669437269e-02
32.056789	-2.310056400e-02
32.061789	-1.373209081e-03
32.066790	-1.391394151e-02
32.071790	-3.630912381e-02
32.076790	-2.498118804e-02
32.081790	-3.195835738e-03
32.086791	-7.506026894e-03
32.091791	-3.415697106e-02
32.096791	-2.939666813e-02
32.101791	-3.738531352e-03
32.106792	-5.515863249e-03
32.111792	-9.606065911e-03
32.116792	-3.260521311e-02
32.121793	-2.553103855e-02
32.126793	-4.127663540e-03
32.131793	-1.087671720e-02
32.136793	-3.375987026e-02
32.141794	-2.413283755e-02
32.146794	-2.796458187e-03
32.151794	-6.457683559e-03
32.156795	-2.248721851e-02
32.161795	-3.557291759e-02
32.166795	-1.202866084e-02
32.171795	-3.079589373e-03
32.176796	-2.308690171e-02
32.181796	-3.646058411e-02
32.186796	-1.252334867e-02
32.191797	-7.332066877e-03
32.196797	-3.303606067e-02
32.201797	-2.871373007e-02
32.206797	-7.598336537e-03
32.211798	-8.821696130e-03
32.216798	-3.115987716e-02
32.221798	-2.977338210e-02
32.226798	-4.670210515e-03
32.231799	-2.958733292e-03
32.236799	-1.567245085e-02
32.241799	-3.501879809e-02
32.246800	-2.158697452e-02
32.251800	-2.125487313e-03
32.256800	-2.784877013e-03
32.261800	-1.517161206e-02
32.266801	-3.772177974e-02
32.271801	-1.821129466e-02
32.276801	-2.455599876e-03
32.281802	-7.703732722e-03
32.286802	-3.291075152e-02
32.291802	-3.092228793e-02
32.296802	-1.910332373e-03
32.301803	-7.921422035e-03
32.306803	-3.616727063e-02
32.311803	-2.960106192e-02
32.316803	-6.429779796e-03
32.321804	-5.596250852e-03
32.326804	-2.179777103e-02
32.331804	-3.489446435e-02
32.336805	-1.162718697e-02
32.341805	-4.055033510e-03
32.346805	-5.211392759e-03
32.351805	-4.932831941e-03
32.356806	-1.615562908e-02
32.361806	-3.290211780e-02
32.366806	-1.720541702e-02
32.371807	4.211762089e-04
32.376807	-1.671129907e-03
32.381807	-2.721494024e-03
32.386807	-5.598756033e-03
32.391808	-2.062375836e-03
32.396808	-5.587601384e-03
32.401808	-2.874773096e-02
32.406809	-3.079503869e-02
32.411809	-3.597978400e-03
32.416809	1.259328821e-03
32.421809	-1.340947604e-03
32.426810	-5.374143909e-03
32.431810	-4.485614746e-03
32.436810	-1.979718131e-02
32.441810	-3.410680364e-02
32.446811	-1.205345524e-02
32.451811	4.404268231e-04
32.456811	-6.795589843e-03
32.461812	-2.932225816e-03
32.466812	-9.737266239e-03
32.471812	-3.725815037e-02
32.476812	-2.476426756e-02
32.481813	8.838812494e-04
32.486813	-1.438408765e-03
32.491813	-5.968575410e-03
32.496814	-1.934219892e-03
32.501814	-1.569887087e-02
32.506814	-3.797104689e-02
32.511814	-1.503874563e-02
32.516815	-1.816902272e-03
32.521815	-3.585222173e-03
32.526815	-1.398506020e-02
32.531815	-3.454533104e-02
32.536816	-2.066552382e-02
32.541816	-3.419904294e-03
32.546816	-1.237682227e-02
32.551817	-3.425701885e-02
32.556817	-2.199112097e-02
32.561817	-3.255584017e-03
32.566817	-2.221194334e-02
32.571818	-3.613658333e-02
32.576818	-1.424522207e-02
32.581818	-1.082382985e-02
32.586819	-3.873668873e-02
32.591819	-2.347995675e-02
32.596819	-1.783868798e-02
32.601819	-4.266271881e-02
32.606820	-1.806650763e-02
32.611820	-2.280765899e-02
32.616820	-3.768024477e-02
32.621821	-2.259550232e-02
32.626821	-3.690511923e-02
32.631821	-3.325373839e-02
32.636821	-3.363513234e-02
32.641822	-3.453249736e-02
32.646822	-3.845169357e-02
32.651822	-3.839311165e-02
32.656822	-3.679761535e-02
32.661823	-3.982586086e-02
32.666823	-4.071322571e-02
32.671823	-3.767480951e-02
32.676824	-4.032207584e-02
32.681824	-4.237537519e-02
32.686824	-4.016791218e-02
32.691824	-4.219521269e-02
32.696825	-4.048072188e-02
32.701825	-4.352896512e-02
32.706825	-4.402835047e-02
32.711826	-4.496371135e-02
32.716826	-4.330721673e-02
32.721826	-4.607147525e-02
32.726826	-4.573690657e-02
32.731827	-4.231151024e-02
32.736827	-4.175695355e-02
32.741827	-4.164337211e-02
32.746827	-3.595510164e-02
32.751828	-3.755942404e-02
32.756828	-3.832279323e-02
32.761828	-3.920315574e-02
32.766829	-4.225239707e-02
32.771829	-4.220281120e-02
32.776829	-3.942937720e-02
32.781829	-3.770888430e-02
32.786830	-4.130309465e-02
32.791830	-4.114851407e-02
32.796830	-4.109092794e-02
32.801831	-3.969641627e-02
32.806831	-3.760194354e-02
32.811831	-3.832731328e-02
32.816831	-4.185352657e-02
32.821832	-3.450034689e-02
32.826832	-2.555425598e-02
32.831832	-3.655605163e-02
32.836833	-2.306821391e-02
32.841833	-3.283707809e-02
32.846833	-2.836173710e-02
32.851833	-1.162408032e-02
32.856834	-3.782402706e-02
32.861834	-2.875294214e-02
32.866834	-4.702693053e-03
32.871834	-1.222268190e-02
32.876835	-3.698970805e-02
32.881835	-2.223093999e-02
32.886835	-4.766322804e-03
32.891836	-4.765730813e-03
32.896836	-1.968730588e-02
32.901836	-3.653877310e-02
32.906836	-1.458940564e-02
32.911837	-3.931407878e-03
32.916837	-6.645663673e-03
32.921837	-3.096371362e-02
32.926838	-2.946120448e-02
32.931838	-4.921980863e-03
32.936838	-5.916332087e-03
32.941838	-2.735754204e-02
32.946839	-3.598746684e-02
32.951839	-7.959437383e-03
32.956839	-1.862824812e-02
32.961839	-3.731561121e-02
32.966840	-1.364733801e-02
32.971840	-1.270979609e-02
32.976840	-3.846976403e-02
32.981841	-2.498092231e-02
32.986841	-2.210598452e-03
32.991841	-1.978102304e-02
32.996841	-4.061926512e-02
33.001842	-1.685399637e-02
33.006842	-2.811184877e-03
33.011842	-2.928811185e-02
33.016843	-3.210835895e-02
33.021843	-9.673015430e-03
33.026843	-3.974737678e-03
33.031843	-2.110418578e-02
33.036844	-3.552878470e-02
33.041844	-1.485134252e-02
33.046844	-5.348276560e-03
33.051845	-3.149802798e-03
33.056845	1.171552624e-03
33.061845	-2.030671929e-03
33.066845	-2.343288061e-02
33.071846	-3.552460876e-02
33.076846	-8.996492150e-03
33.081846	-9.639158391e-05
33.086846	-3.414608979e-03
33.091847	-5.295906433e-03
33.096847	-1.031546738e-03
33.101847	2.504853721e-03
33.106848	-3.354221325e-03
33.111848	-3.572611040e-03
33.116848	-5.901792570e-04
33.121848	-1.478531310e-03
33.126849	2.439710610e-04
33.131849	-1.694247113e-02
33.136849	-3.690175843e-02
33.141850	-1.258351671e-02
33.146850	1.678286382e-03
33.151850	-4.514768804e-03
33.156850	-3.023252729e-03
33.161851	-4.226586120e-03
33.166851	-8.031775937e-04
33.171851	-2.064847031e-02
33.176851	-3.789190810e-02
33.181852	-1.285570538e-02
33.186852	-1.297750300e-03
33.191852	-1.412145867e-04
33.196853	-1.567474727e-02
33.201853	-3.727594118e-02
33.206853	-1.743144804e-02
33.211853	-2.959654910e-03
33.216854	-9.811671570e-03
33.221854	-3.296377839e-02
33.226854	-2.926338371e-02
33.231855	-3.176238298e-03
33.236855	-1.306908471e-02
33.241855	-3.390732014e-02
33.246855	-2.223536981e-02
33.251856	-5.992674450e-03
33.256856	-2.522599904e-02
33.261856	-3.588380210e-02
33.266857	-1.140256613e-02
33.271857	-1.162095154e-02
33.276857	-3.406509641e-02
33.281857	-2.450602723e-02
33.286858	-5.215501037e-03
33.291858	-1.145754974e-02
33.296858	-3.400468833e-02
33.301858	-2.450361539e-02
33.306859	-6.647008633e-03
33.311859	-5.651460735e-03
33.316859	-1.676079010e-03
33.321860	-2.553426322e-03
33.326860	-1.924189109e-02
33.331860	-3.417345377e-02
33.336860	-1.256005589e-02
33.341861	-2.112034746e-03
33.346861	-5.102263481e-03
33.351861	-1.440863309e-03
33.356862	-3.267156740e-03
33.361862	-3.829520579e-03
33.366862	7.108309321e-04
33.371862	9.894204222e-04
33.376863	-2.268792569e-03
33.381863	-2.049199524e-03
33.386863	-3.654504502e-03
33.391863	-1.551016335e-03
33.396864	3.234847411e-04
33.401864	-2.308784974e-04
33.406864	-2.782698995e-04
33.411865	2.773051773e-04
33.416865	-1.443992544e-03
33.421865	-2.184545972e-04
33.426865	-2.204737269e-03
33.431866	-1.111463341e-02
33.436866	-2.144745000e-02
33.441866	-2.199281270e-02
33.446867	-8.064983017e-03
33.451867	-2.718108296e-04
33.456867	-1.380141722e-03
33.461867	-3.597410595e-03
33.466868	-5.135717232e-03
33.471868	7.235634027e-04
33.476868	-1.369902391e-02
33.481869	-3.829404337e-02
33.486869	-1.419578026e-02
33.491869	-1.423884899e-03
33.496869	-6.680983217e-03
33.501870	-8.668263894e-03
33.506870	-3.618911942e-02
33.511870	-2.531011790e-02
33.516870	-3.915703124e-03
33.521871	-5.569001927e-03
33.526871	-1.933362467e-02
33.531871	-3.375821046e-02
33.536872	-1.358672691e-02
33.541872	-3.855660562e-03
33.546872	-5.508958726e-03
33.551872	1.223366868e-04
33.556873	-5.296751054e-03
33.561873	-2.999676260e-02
33.566873	-3.026513755e-02
33.571874	-5.170927847e-03
33.576874	1.177328189e-03
33.581874	3.459850442e-04
33.586874	-5.514077322e-03
33.591875	-2.635627256e-03
33.596875	1.074776506e-03
33.601875	-3.953331911e-03
33.606875	-2.748788045e-03
33.611876	2.013557388e-03
33.616876	-1.189652496e-03
33.621876	-6.618738029e-03
33.626877	-1.816348212e-02
33.631877	-2.898426649e-02
33.636877	-1.163562287e-02
33.641877	-4.226366861e-04
33.646878	-6.384691844e-03
33.651878	-1.623345346e-03
33.656878	3.071592654e-04
33.661879	-2.545379054e-02
33.666879	-3.484965356e-02
33.671879	-8.370518624e-03
33.676879	-2.453592329e-04
33.681880	-1.340801165e-02
33.686880	-3.888197685e-02
33.691880	-2.394919701e-02
33.696881	-2.889758981e-03
33.701881	-2.660482197e-02
33.706881	-3.423178271e-02
33.711881	-1.213340228e-02
33.716882	-2.085930144e-02
33.721882	-3.854170061e-02
33.726882	-1.273352686e-02
33.731882	-1.333487907e-02
33.736883	-4.025076255e-02
33.741883	-2.041425515e-02
33.746883	2.612055577e-04
33.751884	-1.759518316e-02
33.756884	-3.821341761e-02
33.761884	-2.382660557e-02
33.766884	-2.939156201e-03
33.771885	-9.639167058e-03
33.776885	-3.284825642e-02
33.781885	-2.455010408e-02
33.786886	-3.327672913e-03
33.791886	-6.586875308e-03
33.796886	-1.397549091e-03
33.801886	-8.419641435e-04
33.806887	-7.855956616e-03
33.811887	-2.338947349e-02
33.816887	-3.034946873e-02
33.821887	-9.900993514e-03
33.826888	4.304830229e-03
33.831888	-1.693033799e-04
33.836888	-2.490557019e-03
33.841889	-1.772980132e-03
33.846889	-7.214217631e-04
33.851889	-1.494761425e-03
33.856889	-3.051057268e-03
33.861890	-2.601464938e-03
33.866890	4.479824164e-04
33.871890	4.376006608e-04
33.876891	-3.260575158e-03
33.881891	-3.144963703e-03
33.886891	1.293375698e-02
33.891891	3.056239128e-02
33.896892	1.663578679e-02
33.901892	1.378256699e-03
33.906892	3.366764234e-03
33.911893	6.533206149e-03
33.916893	3.018250504e-02
33.921893	2.559537992e-02
33.926893	-2.374440093e-03
33.931894	1.359828759e-02
33.936894	3.809053992e-02
33.941894	2.051114037e-02
33.946894	-7.090558543e-04
33.951895	1.509268185e-02
33.956895	3.642911078e-02
33.961895	1.587987747e-02
33.966896	1.692043935e-02
33.971896	3.836086284e-02
33.976896	1.338587688e-02
33.981896	7.755811409e-03
33.986897	3.583086498e-02
33.991897	2.416013687e-02
33.996897	2.671956795e-03
34.001898	3.124498293e-02
34.006898	3.372046568e-02
34.011898	2.835810378e-03
34.016898	1.245289480e-02
34.021899	3.963999876e-02
34.026899	1.914476397e-02
34.031899	7.149054954e-03
34.036899	3.643904191e-02
34.041900	2.345838809e-02
34.046900	7.648892275e-03
34.051900	3.644090737e-02
34.056901	2.672107193e-02
34.061901	6.102844838e-03
34.066901	3.732172485e-02
34.071901	2.638695756e-02
34.076902	1.069245603e-02
34.081902	3.876851179e-02
34.086902	1.921022613e-02
34.091903	1.113329982e-02
34.096903	3.953533774e-02
34.101903	2.003504920e-02
34.106903	1.992967835e-02
34.111904	3.982219153e-02
34.116904	1.064044366e-02
34.121904	1.727469702e-02
34.126905	4.010104682e-02
34.131905	1.334616386e-02
34.136905	9.114817989e-04
34.141905	3.414025139e-02
34.146906	3.342291562e-02
34.151906	7.503633870e-04
34.156906	1.352954187e-03
34.161906	3.586342268e-04
34.166907	-2.506581204e-03
34.171907	1.518952054e-04
34.176907	1.515201200e-04
34.181908	8.614877757e-05
34.186908	-4.591956623e-04
34.191908	2.590259388e-03
34.196908	8.802439233e-05
34.201909	-2.397211437e-03
34.206909	-7.336786933e-04
34.211909	1.751808292e-03
34.216910	-2.778313068e-03
34.221910	-2.991517264e-02
34.226910	-3.344234974e-02
34.231910	-7.966145404e-03
34.236911	-1.279565785e-04
34.241911	-1.935025740e-02
34.246911	-3.726263121e-02
34.251911	-1.604318885e-02
34.256912	-6.137114974e-03
34.261912	-3.084610913e-02
34.266912	-3.317035245e-02
34.271913	-5.152289065e-03
34.276913	-2.360863184e-02
34.281913	-3.857716915e-02
34.286913	-1.023512350e-02
34.291914	-2.939903119e-03
34.296914	-3.321358591e-02
34.301914	-3.670376337e-02
34.306915	-2.767029513e-03
34.311915	-1.243886175e-02
34.316915	-4.001669455e-02
34.321915	-2.204506934e-02
34.326916	-5.566402883e-04
34.331916	-3.098869979e-03
34.336916	-4.092186002e-03
34.341917	-2.503438857e-02
34.346917	-3.044345792e-02
34.351917	-9.061022397e-03
34.356917	-6.633528886e-03
34.361918	-2.816112834e-03
34.366918	-1.094579699e-03
34.371918	-1.592922562e-03
34.376918	-9.333299370e-04
34.381919	-2.977586299e-03
34.386919	1.832774895e-03
34.391919	-3.274747714e-04
34.396920	-1.703768079e-03
34.401920	-1.149169038e-03
34.406920	8.396463248e-06
34.411920	-7.079333433e-04
34.416921	-4.883152740e-04
34.421921	-5.916790684e-04
34.426921	-1.479998944e-03
34.431922	1.444468500e-03
34.436922	-1.039762087e-03
34.441922	-1.641097647e-03
34.446922	9.593882092e-04
34.451923	-5.968938356e-04
34.456923	-1.811194856e-03
34.461923	-9.226131284e-04
34.466923	2.559823947e-03
34.471924	-2.582257536e-03
34.476924	-2.525629047e-03
34.481924	2.570718285e-03
34.486925	1.183427577e-03
34.491925	-1.059228325e-02
34.496925	-3.540526635e-02
34.501925	-2.473822948e-02
34.506926	-2.081861624e-03
34.511926	-9.722911348e-04
34.516926	-2.660922782e-02
34.521927	-3.667403347e-02
34.526927	-9.649908945e-03
34.531927	-4.401569005e-03
34.536927	-2.810761302e-02
34.541928	-3.456861937e-02
34.546928	-6.551549818e-03
34.551928	-6.664910210e-03
34.556929	-3.440272878e-02
34.561929	-2.953836676e-02
34.566929	-2.896220045e-03
34.571929	-5.160459965e-03
34.576930	-3.285428056e-02
34.581930	-3.036778540e-02
34.586930	-7.873406768e-03
34.591930	-4.163979647e-03
34.596931	-9.470049265e-03
34.601931	-3.241013462e-02
34.606931	-2.412096278e-02
34.611932	-2.288546666e-03
34.616932	-5.040758386e-03
34.621932	-3.942184911e-03
34.626932	-1.732673331e-03
34.631933	1.518564936e-04
34.636933	-7.590076325e-03
34.641933	-3.069415168e-02
34.646934	-2.515982523e-02
34.651934	-7.474176837e-03
34.656934	-6.431599491e-03
34.661934	2.086560749e-03
34.666935	-1.200301717e-02
34.671935	-3.516308876e-02
34.676935	-1.703046479e-02
34.681935	-4.039553747e-03
34.686936	-6.091803046e-03
34.691936	-2.239025716e-02
34.696936	-3.311602218e-02
34.701937	-8.079782968e-03
34.706937	-2.051445241e-02
34.711937	-3.664891525e-02
34.716937	-2.548490152e-02
34.721938	-3.709861646e-02
34.726938	-2.681155357e-02
34.731938	-2.586596923e-02
34.736939	-3.636974580e-02
34.741939	-3.045143878e-02
34.746939	-3.487655439e-02
34.751939	-2.913023757e-02
34.756940	-3.874806316e-02
34.761940	-3.477064741e-02
34.766940	-3.835480954e-02
34.771941	-3.050560965e-02
34.776941	-3.487272788e-02
34.781941	-4.305563304e-02
34.786941	-3.835025739e-02
34.791942	-2.619129762e-02
34.796942	-2.984345533e-02
34.801942	-3.536750847e-02
34.806942	-1.585695869e-02
34.811943	-3.719112926e-02
34.816943	-3.088184251e-02
34.821943	-3.006024938e-02
34.826944	-3.349041886e-02
34.831944	-1.209697365e-02
34.836944	-2.696050483e-02
34.841944	-3.397647388e-02
34.846945	-8.385262636e-03
34.851945	-3.528894078e-03
34.856945	-8.728964169e-03
34.861946	-2.451944311e-02
34.866946	-3.043647298e-02
34.871946	-8.115078738e-03
34.876946	-2.416756659e-03
34.881947	-3.582051421e-03
34.886947	1.253819717e-04
34.891947	-9.296543689e-05
34.896947	-9.232785904e-04
34.901948	2.330918875e-05
34.906948	4.439703420e-03
34.911948	1.891253650e-02
34.916949	2.168602263e-02
34.921949	7.597449920e-03
34.926949	1.843412164e-03
34.931949	-6.418079231e-04
34.936950	3.833583620e-03
34.941950	3.565240010e-03
34.946950	-1.022862414e-03
34.951951	2.406137925e-02
34.956951	3.069665066e-02
34.961951	6.932618736e-03
34.966951	1.464565822e-03
34.971952	-1.017653632e-03
34.976952	-2.403934150e-03
34.981952	-8.142155477e-05
34.986953	2.127097501e-03
34.991953	1.076798531e-03
34.996953	1.241431855e-03
35.001953	-3.845641625e-03
35.006954	-4.437965858e-03
35.011954	-1.112694974e-02
35.016954	-3.003325167e-02
35.021954	-1.445247823e-02
35.026955	-1.853538264e-03
35.031955	-7.807562767e-03
35.036955	-4.050129166e-03
35.041956	-2.395137508e-02
35.046956	-3.102533678e-02
35.051956	-1.069282794e-02
35.056956	-1.619690614e-03
35.061957	-7.362726303e-03
35.066957	-3.578249631e-02
35.071957	-2.599539854e-02
35.076958	-4.819936247e-03
35.081958	-2.553418556e-03
35.086958	-1.101230219e-02
35.091958	-3.727019236e-02
35.096959	-2.394529154e-02
35.101959	-1.166933209e-02
35.106959	-3.135158895e-02
35.111959	-2.725917258e-02
35.116960	-6.974659791e-03
35.121960	-1.294068187e-02
35.126960	-3.111902228e-02
35.131961	-2.333681145e-02
35.136961	-9.189955729e-03
35.141961	-1.177116632e-02
35.146961	-2.022904885e-02
35.151962	-2.526612219e-02
35.156962	-1.543002550e-02
35.161962	-5.591928833e-03
35.166963	-3.870379084e-03
35.171963	-1.835292489e-02
35.176963	-3.504134750e-02
35.181963	-1.398187670e-02
35.186964	-1.546924486e-03
35.191964	-1.763238045e-02
35.196964	-3.260989816e-02
35.201965	-1.779407853e-02
35.206965	-1.386465124e-02
35.211965	-2.569834412e-02
35.216965	-2.304984515e-02
35.221966	-1.707553170e-02
35.226966	-2.846024935e-02
35.231966	-3.022650371e-02
35.236966	-1.977743971e-02
35.241967	-3.420198742e-02
35.246967	-3.614123185e-02
35.251967	-3.431368640e-02
35.256968	-2.464057872e-02
35.261968	-2.890369316e-02
35.266968	-3.868249968e-02
35.271968	-3.713293835e-02
35.276969	-3.967514856e-02
35.281969	-3.651967666e-02
35.286969	-3.574407184e-02
35.291970	-4.132711206e-02
35.296970	-5.089392986e-02
35.301970	-3.673607162e-02
35.306970	-2.662298756e-02
35.311971	-4.077854898e-02
35.316971	-4.126487318e-02
35.321971	-3.424861601e-02
35.326971	-3.988765245e-02
35.331972	-4.817554097e-02
35.336972	-4.176924948e-02
35.341972	-3.701786553e-02
35.346973	-3.822414899e-02
35.351973	-3.402473406e-02
35.356973	-3.750189060e-02
35.361973	-3.540135835e-02
35.366974	-3.646164959e-02
35.371974	-3.573304058e-02
35.376974	-2.887877335e-02
35.381975	-3.618071598e-02
35.386975	-2.169987421e-02
35.391975	-3.324557980e-02
35.396975	-2.881917671e-02
35.401976	-2.302684976e-02
35.406976	-4.142517264e-02
35.411976	-2.091166710e-02
35.416977	-2.473580318e-02
35.421977	-3.147277661e-02
35.426977	-8.865387648e-03
35.431977	-5.720912376e-03
35.436978	-3.180480578e-02
35.441978	-3.296109031e-02
35.446978	-1.201860807e-02
35.451978	-7.705197673e-03
35.456979	-6.652605203e-03
35.461979	-2.578088635e-02
35.466979	-2.560724465e-02
35.471980	-2.942858058e-03
35.476980	1.139565677e-03
35.481980	-2.729566724e-03
35.486980	-5.598754842e-03
35.491981	-5.693836881e-04
35.496981	2.642217200e-04
35.501981	-1.764112697e-02
35.506982	-3.610944414e-02
35.511982	-1.466698864e-02
35.516982	-3.461356007e-04
35.521982	-2.830344582e-03
35.526983	-1.663757224e-03
35.531983	-3.661993150e-03
35.536983	-1.347469682e-03
35.541983	-3.338735217e-04
35.546984	-1.556152489e-03
35.551984	-1.890480925e-03
35.556984	-1.937825289e-03
35.561985	-2.270153660e-03
35.566985	-1.055568277e-03
35.571985	-3.389550145e-04
35.576985	1.257609226e-03
35.581986	1.488249785e-03
35.586986	-2.707862511e-03
35.591986	-4.314119260e-03
35.596987	-1.326896580e-02
35.601987	-2.576161481e-02
35.606987	-1.563952585e-02
35.611987	-4.645485472e-03
35.616988	-5.050625073e-04
35.621988	1.493480082e-03
35.626988	-3.199603784e-03
35.631989	-1.153063701e-03
35.636989	6.074924294e-04
35.641989	-2.050704744e-03
35.646989	-3.254982975e-03
35.651990	-1.150445784e-03
35.656990	-7.668124635e-04
35.661990	-1.714104779e-03
35.666990	-8.244995252e-04
35.671991	8.880598850e-04
35.676991	-9.281836775e-04
35.681991	-8.695317921e-04
35.686992	5.807168252e-05
35.691992	1.283658612e-03
35.696992	-3.125968872e-04
35.701992	-2.922795713e-03
35.706993	7.776533495e-04
35.711993	2.903362153e-04
35.716993	-2.144872123e-03
35.721994	-1.925228543e-03
35.726994	1.632240898e-02
35.731994	3.184819850e-02
35.736994	1.140199569e-02
35.741995	3.832074339e-03
35.746995	-3.170378407e-04
35.751995	8.307137189e-03
35.756995	4.064698874e-02
35.761996	2.384058321e-02
35.766996	-4.854025687e-04
35.771996	-2.634625943e-03
35.776997	1.632897246e-02
35.781997	3.633751264e-02
35.786997	1.223151491e-02
35.791997	4.114624928e-03
35.796998	3.214271778e-02
35.801998	3.130242185e-02
35.806998	5.436522684e-03
35.811999	2.577904471e-02
35.816999	3.191635962e-02
35.821999	1.506595754e-02
35.826999	3.750036307e-02
35.832000	2.478573035e-02
35.837000	2.738824285e-02
35.842000	3.700636391e-02
35.847001	2.367976558e-02
35.852001	3.633671720e-02
35.857001	3.700833780e-02
35.862001	3.933186629e-02
35.867002	4.187438263e-02
35.872002	4.148206286e-02
35.877002	3.877787218e-02
35.882002	4.220133961e-02
35.887003	4.700972983e-02
35.892003	4.906527376e-02
35.897003	4.750701946e-02
35.902004	4.557678600e-02
35.907004	4.663138603e-02
35.912004	4.591408504e-02
35.917004	5.011950939e-02
35.922005	5.265402708e-02
35.927005	4.635603778e-02
35.932005	4.293488801e-02
35.937006	4.911920225e-02
35.942006	4.995081529e-02
35.947006	4.724762569e-02
35.952006	4.386447412e-02
35.957007	4.552704103e-02
35.962007	4.470774653e-02
35.967007	4.050164113e-02
35.972007	4.221220560e-02
35.977008	4.044496424e-02
35.982008	3.360100629e-02
35.987008	3.979632071e-02
35.992009	3.343133619e-02
35.997009	3.613584558e-02
36.002009	2.850793170e-02
36.007009	2.088201779e-02
36.012010	4.155852440e-02
36.017010	1.376173638e-02
36.022010	2.073200809e-02
36.027011	4.040357103e-02
36.032011	1.015891986e-02
36.037011	1.929007121e-02
36.042011	4.046255061e-02
36.047012	1.387069581e-02
36.052012	-7.728257468e-04
36.057012	3.244498164e-02
36.062013	3.266663062e-02
36.067013	4.151883445e-03
36.072013	6.627396748e-04
36.077013	8.129984508e-03
36.082014	2.620663731e-02
36.087014	2.006064205e-02
36.092014	1.112380262e-02
36.097014	7.367674136e-03
36.102015	-3.842312686e-04
36.107015	1.940332643e-02
36.112015	2.250181562e-02
36.117016	8.852239594e-03
36.122016	1.001883676e-02
36.127016	4.101829327e-03
36.132016	-1.512708867e-04
36.137017	3.224203226e-03
36.142017	2.001934013e-03
36.147017	3.876492044e-03
36.152018	3.184659376e-02
36.157018	2.643555855e-02
36.162018	1.841594011e-03
36.167018	1.090475115e-02
36.172019	2.284374786e-02
36.177019	2.727116387e-02
36.182019	2.499595403e-02
36.187019	3.201222570e-02
36.192020	1.881262569e-02
36.197020	-8.565619647e-05
36.202020	1.428320536e-02
36.207021	4.269428329e-02
36.212021	1.682739054e-02
36.217021	2.201776457e-02
36.222021	4.412919430e-02
36.227022	2.456295014e-02
36.232022	2.716246898e-02
36.237022	2.257538898e-02
36.242023	2.234806574e-02
36.247023	3.302413405e-02
36.252023	1.213696398e-02
36.257023	1.191064090e-02
36.262024	3.915578471e-02
36.267024	2.196840837e-02
36.272024	3.162812841e-04
36.277025	1.741866305e-03
36.282025	2.610817108e-02
36.287025	3.165352633e-02
36.292025	7.834520461e-03
36.297026	4.229386537e-03
36.302026	2.137168250e-03
36.307026	-1.502963576e-03
36.312026	2.280534487e-02
36.317027	3.651324500e-02
36.322027	9.433421557e-03
36.327027	5.345835070e-04
36.332028	-1.233652428e-03
36.337028	-1.681961957e-03
36.342028	6.995706537e-04
36.347028	2.122634451e-04
36.352029	-1.287987160e-03
36.357029	1.595771610e-02
36.362029	3.564028343e-02
36.367030	1.639802321e-02
36.372030	1.152540014e-03
36.377030	-1.054670780e-03
36.382030	-1.282991944e-03
36.387031	6.485664204e-04
36.392031	3.363081159e-03
36.397031	8.308887853e-04
36.402031	2.093484696e-03
36.407032	2.850567708e-02
36.412032	2.939529395e-02
36.417032	6.903215815e-03
36.422033	2.095150809e-03
36.427033	-8.290192667e-04
36.432033	7.695583135e-04
36.437033	1.430188310e-03
36.442034	-9.420123618e-04
36.447034	-2.041284006e-03
36.452034	-3.277125654e-04
36.457035	-1.387986247e-03
36.462035	5.141316567e-03
36.467035	2.703276209e-02
36.472035	2.597148867e-02
36.477036	6.577238483e-03
36.482036	1.152666137e-04
36.487036	1.548854164e-03
36.492036	9.495552369e-04
36.497037	5.102474497e-04
36.502037	1.770844859e-03
36.507037	-1.046330083e-03
36.512038	-1.045662220e-03
36.517038	-7.700096362e-04
36.522038	3.985931803e-04
36.527038	3.512639256e-04
36.532039	-1.033990592e-03
36.537039	-4.313559857e-04
36.542039	-4.306877161e-04
36.547040	-1.481960671e-03
36.552040	7.265845126e-04
36.557040	1.121230996e-03
36.562040	-2.473899784e-03
36.567041	-1.154304787e-03
36.572041	-3.686799231e-04
36.577041	-1.419952475e-03
36.582042	-3.683423218e-04
36.587042	4.001082732e-03
36.592042	1.564887672e-03
36.597042	1.784544456e-03
36.602043	1.870526922e-02
36.607043	2.655350039e-02
36.612043	9.356129413e-03
36.617043	-1.031621541e-03
36.622044	2.724838185e-03
36.627044	2.007547656e-03
36.632044	-3.840456463e-03
36.637045	1.522913779e-03
36.642045	3.951447879e-03
36.647045	-1.965552194e-03
36.652045	-2.624845632e-03
36.657046	1.124705001e-02
36.662046	3.616932900e-02
36.667046	2.058686862e-02
36.672047	6.366520604e-04
36.677047	3.125183267e-03
36.682047	1.130839672e-02
36.687047	3.153493810e-02
36.692048	2.125018238e-02
36.697048	9.483509420e-03
36.702048	3.153694903e-02
36.707048	2.551495560e-02
36.712049	1.501021241e-02
36.717049	3.640368905e-02
36.722049	2.264112780e-02
36.727050	1.821504555e-02
36.732050	3.795361474e-02
36.737050	1.429760584e-02
36.742050	2.142987871e-02
36.747051	3.867458727e-02
36.752051	1.567454195e-02
36.757051	3.613207133e-02
36.762052	2.889714629e-02
36.767052	1.275371849e-02
36.772052	4.011186294e-02
36.777052	2.015264822e-02
36.782053	1.734247648e-02
36.787053	3.923292627e-02
36.792053	1.458297353e-02
36.797054	3.810246363e-03
36.802054	3.365225256e-02
36.807054	2.745926993e-02
36.812054	2.530333006e-03
36.817055	2.750992552e-03
36.822055	4.750552879e-03
36.827055	2.613303151e-02
36.832055	3.381027509e-02
36.837056	8.403365152e-03
36.842056	-3.640290526e-03
36.847056	1.102117030e-03
36.852057	1.866746647e-03
36.857057	-3.304583766e-04
36.862057	4.591939317e-03
36.867057	5.300572241e-03
36.872058	2.199131327e-02
36.877058	2.713469881e-02
36.882058	1.034030876e-02
36.887059	8.385117638e-04
36.892059	-1.206701319e-03
36.897059	1.270833246e-03
36.902059	-6.683856323e-04
36.907060	2.292372262e-04
36.912060	2.319100915e-04
36.917060	1.745863649e-04
36.922060	-7.626881923e-04
36.927061	-1.430977702e-03
36.932061	1.186090683e-04
36.937061	1.057229996e-03
36.942062	9.989066218e-04
36.947062	-5.393340994e-04
36.952062	-4.017466497e-03
36.957062	-8.939518250e-03
36.962063	-2.397500552e-02
36.967063	-2.281939635e-02
36.972063	-5.735676061e-03
36.977064	-2.360190664e-03
36.982064	-2.096368457e-04
36.987064	-1.087913931e-03
36.992064	-4.901027165e-03
36.997065	-2.194504201e-03
37.002065	1.290401948e-04
37.007065	-1.143214671e-03
37.012066	-1.640512729e-03
37.017066	2.118951702e-03
37.022066	9.146233814e-03
37.027066	-3.682375864e-03
37.032067	-1.751809191e-03
37.037067	3.225096760e-02
37.042067	2.450907420e-02
37.047067	9.080659568e-04
37.052068	5.757591482e-04
37.057068	2.404525637e-04
37.062068	8.040958657e-04
37.067069	6.917769495e-04
37.072069	2.423613782e-02
37.077069	3.379527925e-02
37.082069	9.698299081e-03
37.087070	1.086454747e-03
37.092070	-1.733712764e-03
37.097070	1.969876625e-02
37.102071	3.644650677e-02
37.107071	1.557034712e-02
37.112071	-2.970919991e-04
37.117071	1.246587108e-02
37.122072	3.579124472e-02
37.127072	1.750294087e-02
37.132072	-7.440259749e-05
37.137072	2.529685703e-02
37.142073	3.717786961e-02
37.147073	7.163220423e-03
37.152073	1.767030978e-02
37.157074	4.071769933e-02
37.162074	1.214696972e-02
37.167074	2.921969282e-02
37.172074	3.595799274e-02
37.177075	1.529282209e-02
37.182075	3.829421447e-02
37.187075	2.182280987e-02
37.192076	2.967104806e-02
37.197076	3.281854865e-02
37.202076	2.391872164e-02
37.207076	4.127842916e-02
37.212077	2.298312662e-02
37.217077	3.524811858e-02
37.222077	2.823418654e-02
37.227078	3.216164391e-02
37.232078	3.392922189e-02
37.237078	2.038765431e-02
37.242078	3.796834986e-02
37.247079	2.729962206e-02
37.252079	3.314897244e-02
37.257079	2.304621316e-02
37.262079	1.796217384e-02
37.267080	4.023560775e-02
37.272080	1.580264839e-02
37.277080	1.884315579e-02
37.282081	4.129058015e-02
37.287081	2.189533979e-02
37.292081	2.990457005e-02
37.297081	2.785036199e-02
37.302082	7.854155328e-03
37.307082	3.211447877e-02
37.312082	3.116920898e-02
37.317083	1.647970630e-02
37.322083	3.316945241e-02
37.327083	2.272171310e-02
37.332083	4.321417677e-03
37.337084	2.465396063e-02
37.342084	3.372613208e-02
37.347084	1.068009608e-02
37.352084	1.559449967e-02
37.357085	3.798192814e-02
37.362085	1.708677226e-02
37.367085	9.076897302e-03
37.372086	3.726700208e-02
37.377086	2.223151932e-02
37.382086	3.438246330e-03
37.387086	3.129536984e-02
37.392087	3.179302033e-02
37.397087	4.491222347e-03
37.402087	6.491789056e-03
37.407088	2.771328310e-02
37.412088	2.798094662e-02
37.417088	9.408661641e-03
37.422088	2.555443911e-02
37.427089	3.439762417e-02
37.432089	8.138768331e-03
37.437089	1.141026445e-02
37.442090	3.644554599e-02
37.447090	2.047111632e-02
37.452090	1.914486919e-02
37.457090	3.788250234e-02
37.462091	2.009317410e-02
37.467091	2.744244293e-02
37.472091	2.965199866e-02
37.477091	3.119359171e-02
37.482092	3.484406712e-02
37.487092	2.452032247e-02
37.492092	3.712129844e-02
37.497093	3.363417233e-02
37.502093	3.439780904e-02
37.507093	3.263958654e-02
37.512093	3.463915437e-02
37.517094	3.761166794e-02
37.522094	3.761234741e-02
37.527094	3.584412566e-02
37.532095	3.623678335e-02
37.537095	4.165816044e-02
37.542095	4.010892660e-02
37.547095	4.164952037e-02
37.552096	3.739743747e-02
37.557096	4.038995030e-02
37.562096	3.717880940e-02
37.567096	3.745647383e-02
37.572097	3.513328346e-02
37.577097	3.491297578e-02
37.582097	3.568961251e-02
37.587098	3.657124342e-02
37.592098	3.182018873e-02
37.597098	3.044394574e-02
37.602098	3.624730211e-02
37.607099	3.475506568e-02
37.612099	3.426077361e-02
37.617099	3.132661775e-02
37.622100	3.591304221e-02
37.627100	3.359385212e-02
37.632100	3.652936880e-02
37.637100	3.757999073e-02
37.642101	3.569777638e-02
37.647101	2.828987047e-02
37.652101	3.592012532e-02
37.657102	2.830123127e-02
37.662102	3.293765329e-02
37.667102	3.381828497e-02
37.672102	3.647581753e-02
37.677103	3.095180673e-02
37.682103	2.857162053e-02
37.687103	3.719582021e-02
37.692103	2.929194237e-02
37.697104	3.647922234e-02
37.702104	3.310509178e-02
37.707104	3.719854450e-02
37.712105	3.328044438e-02
37.717105	3.934878696e-02
37.722105	3.559367784e-02
37.727105	4.732470448e-02
37.732106	4.013478713e-02
37.737106	2.532029535e-02
37.742106	3.537841548e-02
37.747107	3.454614344e-02
37.752107	3.510979354e-02
37.757107	3.787332090e-02
37.762107	3.875395339e-02
37.767108	2.852720582e-02
37.772108	1.902641778e-02
37.777108	3.875499850e-02
37.782108	2.482845754e-02
37.787109	3.301268262e-02
37.792109	2.952455918e-02
37.797109	2.079772815e-02
37.802110	3.969635539e-02
37.807110	2.134306169e-02
37.812110	3.511897491e-02
37.817110	2.616315682e-02
37.822111	2.682280214e-02
37.827111	3.843783608e-02
37.832111	2.213042840e-02
37.837112	3.555236158e-02
37.842112	3.235122252e-02
37.847112	3.694964822e-02
37.852112	2.875778778e-02
37.857113	3.339421143e-02
37.862113	3.246894552e-02
37.867113	2.672394863e-02
37.872114	3.794700481e-02
37.877114	3.340794070e-02
37.882114	3.666744140e-02
37.887114	1.987206139e-02
37.892115	3.661980939e-02
37.897115	2.544811560e-02
37.902115	3.031452677e-02
37.907115	3.662285751e-02
37.912116	1.495274975e-02
37.917116	3.606925412e-02
37.922116	2.246869608e-02
37.927117	1.445882607e-02
37.932117	3.740022871e-02
37.937117	2.141880366e-02
37.942117	2.244556840e-03
37.947118	2.252910787e-02
37.952118	3.385715880e-02
37.957118	1.076313085e-02
37.962119	1.863310772e-03
37.967119	2.883048900e-02
37.972119	3.270395611e-02
37.977119	8.663981112e-03
37.982120	1.475065693e-03
37.987120	1.938874934e-02
37.992120	3.768541165e-02
37.997120	1.402841542e-02
38.002121	1.640790287e-03
38.007121	2.999289151e-02
38.012121	2.956359906e-02
38.017122	7.062538467e-03
38.022122	3.424970482e-02
38.027122	3.316044931e-02
38.032122	1.834395994e-02
38.037123	3.718559217e-02
38.042123	2.580191129e-02
38.047123	3.497908296e-02
38.052124	2.553429394e-02
38.057124	2.442703965e-02
38.062124	3.736200170e-02
38.067124	2.868217010e-02
38.072125	3.840431153e-02
38.077125	2.032900436e-02
38.082125	3.134107387e-02
38.087126	3.217371152e-02
38.092126	2.386785922e-02
38.097126	3.685981834e-02
38.102126	1.233187146e-02
38.107127	1.603134925e-02
38.112127	3.691886782e-02
38.117127	1.968451399e-02
38.122127	9.849747234e-03
38.127128	3.598397308e-02
38.132128	2.537324970e-02
38.137128	8.626868773e-03
38.142129	3.433211867e-02
38.147129	2.581627846e-02
38.152129	2.056925586e-02
38.157129	3.981186654e-02
38.162130	1.437597074e-02
38.167130	2.681296130e-02
38.172130	3.444122026e-02
38.177131	1.095521574e-02
38.182131	3.207272194e-02
38.187131	3.057249046e-02
38.192131	2.449251461e-02
38.197132	3.539159120e-02
38.202132	2.887363986e-02
38.207132	4.019169312e-02
38.212132	4.599405425e-02
38.217133	3.638827534e-02
38.222133	3.423808036e-02
38.227133	4.396022282e-02
38.232134	4.710573235e-02
38.237134	4.589248518e-02
38.242134	4.788205929e-02
38.247134	4.738477222e-02
38.252135	5.048328451e-02
38.257135	5.076095425e-02
38.262135	5.396346079e-02
38.267136	5.380215510e-02
38.272136	5.159396367e-02
38.277136	5.750331923e-02
38.282136	4.633862773e-02
38.287137	4.236153511e-02
38.292137	6.071719614e-02
38.297137	5.225835372e-02
38.302138	4.728731667e-02
38.307138	5.021283894e-02
38.312138	4.247195653e-02
38.317138	4.093272804e-02
38.322139	4.319828724e-02
38.327139	4.231102242e-02
38.332139	2.716955316e-02
38.337139	3.380486857e-02
38.342140	2.999176713e-02
38.347140	2.590068124e-02
38.352140	3.938961424e-02
38.357141	1.419270631e-02
38.362141	2.540576638e-02
38.367141	3.457294067e-02
38.372141	9.491026410e-03
38.377142	4.302180481e-04
38.382142	2.905765873e-03
38.387142	2.477475789e-03
38.392143	1.513445545e-02
38.397143	3.441506547e-02
38.402143	1.535481532e-02
38.407143	-3.976194185e-04
38.412144	2.633897547e-03
38.417144	5.291435411e-03
38.422144	2.846282843e-02
38.427144	3.071938873e-02
38.432145	2.970623643e-03
38.437145	2.160127016e-02
38.442145	3.586516041e-02
38.447146	1.933876909e-02
38.452146	3.436461688e-02
38.457146	3.741513303e-02
38.462146	3.691884715e-02
38.467147	3.962438261e-02
38.472147	3.819214902e-02
38.477147	4.227360774e-02
38.482148	4.626007179e-02
38.487148	4.631875507e-02
38.492148	5.028722017e-02
38.497148	5.759049919e-02
38.502149	5.240047548e-02
38.507149	5.267914659e-02
38.512149	5.500170365e-02
38.517150	5.300450183e-02
38.522150	5.841588656e-02
38.527150	5.759431917e-02
38.532150	5.665785823e-02
38.537151	5.709842045e-02
38.542151	4.859178204e-02
38.547151	5.527459594e-02
38.552151	5.632722408e-02
38.557152	4.649065997e-02
38.562152	4.659634101e-02
38.567152	4.786885696e-02
38.572153	4.494460714e-02
38.577153	4.804232127e-02
38.582153	4.981090960e-02
38.587153	4.748932623e-02
38.592154	4.401090744e-02
38.597154	4.323673776e-02
38.602154	3.970082223e-02
38.607155	4.141281383e-02
38.612155	4.511249453e-02
38.617155	4.345927400e-02
38.622155	3.992265860e-02
38.627156	3.898679808e-02
38.632156	4.307015746e-02
38.637156	3.687609044e-02
38.642156	4.401697923e-02
38.647157	5.126366213e-02
38.652157	4.136160213e-02
38.657157	3.969878231e-02
38.662158	3.152582585e-02
38.667158	3.772126751e-02
38.672158	3.529399043e-02
38.677158	3.782843646e-02
38.682159	3.290609867e-02
38.687159	1.655069898e-02
38.692159	4.082173196e-02
38.697160	2.141780245e-02
38.702160	2.478300222e-02
38.707160	3.977265325e-02
38.712160	7.597536566e-03
38.717161	1.870560427e-02
38.722161	3.756643932e-02
38.727161	1.285650607e-02
38.732162	-2.952823907e-03
38.737162	2.054415246e-02
38.742162	3.673773645e-02
38.747162	1.666394454e-02
38.752163	6.111521261e-03
38.757163	2.589980469e-02
38.762163	2.700913062e-02
38.767163	7.060531796e-03
38.772164	1.688819464e-03
38.777164	4.136170771e-03
38.782164	1.365413320e-03
38.787165	2.302648946e-03
38.792165	2.475427256e-03
38.797165	1.090292533e-03
38.802165	1.042583187e-03
38.807166	-1.891265065e-03
38.812166	-1.115820312e-03
38.817166	-1.758531310e-02
38.822167	-3.389291491e-02
38.827167	-1.211684214e-02
38.832167	-5.099645664e-03
38.837167	-3.483047762e-03
38.842168	3.257064217e-03
38.847168	-1.471424465e-02
38.852168	-3.520831270e-02
38.857168	-1.962559417e-02
38.862169	1.758700597e-03
38.867169	-1.222944764e-03
38.872169	-3.373236504e-03
38.877170	5.906021038e-05
38.882170	-5.518174088e-04
38.887170	-1.072216150e-02
38.892170	-2.420932046e-02
38.897171	-2.354926896e-02
38.902171	-7.068800371e-03
38.907171	-2.651658516e-03
38.912172	-2.383485091e-03
38.917172	1.383993055e-03
38.922172	2.216135039e-03
38.927172	-2.111410526e-04
38.932173	-1.701269430e-03
38.937173	-8.796268102e-04
38.942173	-1.614783981e-04
38.947174	1.005944956e-03
38.952174	4.313048912e-03
38.957174	2.509517761e-02
38.962174	2.427411199e-02
38.967175	4.602698416e-03
38.972175	2.060628876e-03
38.977175	1.681231002e-04
38.982175	6.038084118e-03
38.987176	2.804364463e-02
38.992176	2.880949054e-02
38.997176	2.625772161e-02
39.002177	3.559788902e-02
39.007177	1.041038343e-02
39.012177	2.555202708e-02
39.017177	3.632631450e-02
39.022178	1.710337607e-02
39.027178	3.417691195e-02
39.032178	3.052620446e-02
39.037179	2.986683005e-02
39.042179	4.141457437e-02
39.047179	4.097568767e-02
39.052179	3.804254020e-02
39.057180	4.141664073e-02
39.062180	4.291774580e-02
39.067180	4.374178868e-02
39.072180	4.716428655e-02
39.077181	4.644741546e-02
39.082181	4.446051525e-02
39.087181	4.092460151e-02
39.092182	4.650687890e-02
39.097182	4.767360273e-02
39.102182	4.562920579e-02
39.107182	5.176655224e-02
39.112183	4.745658176e-02
39.117183	4.202757375e-02
39.122183	5.087986872e-02
39.127184	4.436172152e-02
39.132184	3.594958003e-02
39.137184	4.104538468e-02
39.142184	4.756580984e-02
39.147185	3.706098518e-02
39.152185	3.856209049e-02
39.157185	3.159476843e-02
39.162186	2.297333870e-02
39.167186	3.684395370e-02
39.172186	2.833731759e-02
39.177186	4.149047265e-02
39.182187	2.916044994e-02
39.187187	3.640723466e-02
39.192187	2.552913094e-02
39.197187	1.707009222e-02
39.202188	4.374989243e-02
39.207188	1.485439429e-02
39.212188	2.901179338e-02
39.217189	3.519693742e-02
39.222189	1.457937732e-02
39.227189	3.983455708e-02
39.232189	2.353645593e-02
39.237190	5.968225682e-03
39.242190	4.133784099e-02
39.247190	2.762049584e-02
39.252191	-2.049858964e-03
39.257191	2.099794405e-02
39.262191	4.182787085e-02
39.267191	1.354323874e-02
39.272192	-3.318830854e-03
39.277192	3.201494593e-03
39.282192	1.434282575e-03
39.287192	-1.384970719e-03
39.292193	1.493058031e-03
39.297193	8.127377152e-03
39.302193	2.128053247e-02
39.307194	2.597485988e-02
39.312194	1.160935102e-02
39.317194	2.596143458e-03
39.322194	1.773578788e-03
39.327195	-1.647640843e-03
39.332195	-2.095426413e-03
39.337195	-1.101592431e-03
39.342196	1.996124141e-03
39.347196	1.500641256e-03
39.352196	1.940906155e-03
39.357196	2.836282103e-02
39.362197	3.316214267e-02
39.367197	6.530718453e-03
39.372197	-1.201860494e-03
39.377198	9.497089339e-04
39.382198	4.058288010e-04
39.387198	6.303745211e-05
39.392198	1.554543738e-03
39.397199	2.599696914e-02
39.402199	3.444828702e-02
39.407199	5.427696198e-03
39.412199	-3.737904702e-04
39.417200	3.880861637e-03
39.422200	2.538875085e-02
39.427200	3.643952368e-02
39.432201	6.483085119e-03
39.437201	1.395855750e-02
39.442201	4.070525436e-02
39.447201	1.576653577e-02
39.452202	1.919883382e-02
39.457202	3.799327451e-02
39.462202	2.329188460e-02
39.467203	3.572838013e-02
39.472203	3.052875994e-02
39.477203	3.627432891e-02
39.482203	4.037628961e-02
39.487204	3.894355920e-02
39.492204	3.970870614e-02
39.497204	3.760621312e-02
39.502204	4.064653309e-02
39.507205	3.861103634e-02
39.512205	3.849703235e-02
39.517205	4.275178456e-02
39.522206	4.264738005e-02
39.527206	3.585204896e-02
39.532206	3.955183215e-02
39.537206	2.964897450e-02
39.542207	3.971550236e-02
39.547207	2.800614554e-02
39.552207	3.347453003e-02
39.557208	3.584648734e-02
39.562208	6.997887068e-03
39.567208	3.574207255e-02
39.572208	3.181438145e-02
39.577209	3.753257588e-04
39.582209	1.352928134e-02
39.587209	4.154710737e-02
39.592210	2.237246721e-02
39.597210	3.460359350e-05
39.602210	4.264714339e-04
39.607210	-3.884198276e-03
39.612211	2.115199417e-02
39.617211	3.901808679e-02
39.622211	1.679421681e-02
39.627211	3.159261841e-04
39.632212	1.157768922e-03
39.637212	-1.050518111e-03
39.642212	-6.766492530e-04
39.647213	1.809401726e-03
39.652213	4.333682482e-04
39.657213	2.239696618e-04
39.662213	6.641348242e-04
39.667214	-4.138150949e-06
39.672214	-6.151143232e-04
39.677214	2.090724394e-03
39.682215	-1.492393629e-02
39.687215	-3.868712034e-02
39.692215	-1.658556409e-02
39.697215	0.000000000e+00
