expfull_T9_run23
3995	0
0.000000	0.000000000e+00
0.005000	1.606858332e-03
0.010001	6.708465746e-04
0.015001	4.417986983e-04
0.020001	1.437688240e-03
0.025001	-1.046244442e-03
0.030002	-1.762267447e-03
0.035002	2.272466838e-03
0.040002	1.221460939e-03
0.045002	-9.284888211e-04
0.050003	-1.376525534e-03
0.055003	-1.626471572e-04
0.060003	7.852448021e-04
0.065003	-4.267529008e-04
0.070004	-3.688154899e-04
0.075004	7.110239817e-05
0.080004	5.690173146e-04
0.085004	7.398294959e-05
0.090005	-4.230513231e-04
0.095005	5.148410860e-04
0.100005	-3.721732849e-04
0.105005	-1.089196352e-03
0.110006	1.176628181e-03
0.115006	2.162746408e-05
0.120006	-6.363986554e-04
0.125006	2.403386297e-03
0.130007	5.784197656e-04
0.135007	-3.176448185e-03
0.140007	-3.166864266e-05
0.145007	-6.426972388e-04
0.150008	1.635126562e-03
0.155008	5.841204092e-04
0.160008	-2.468970004e-04
0.165008	2.459904831e-03
0.170009	-7.429914419e-04
0.175009	-7.900489602e-04
0.180009	-5.211226420e-04
0.185009	1.029738164e-03
0.190010	-5.662402859e-04
0.195010	-2.124220699e-03
0.200010	3.020456439e-03
0.205010	-4.584258847e-04
0.210011	-1.949409790e-03
0.215011	5.944001496e-04
0.220011	-1.124572158e-03
0.225011	8.162685360e-04
0.230012	3.083092550e-03
0.235012	1.501821816e-04
0.240012	-1.445796515e-03
0.245013	5.420416693e-04
0.250013	1.652924627e-03
0.255013	-1.661966339e-03
0.260013	-1.280046198e-03
0.265014	1.052774244e-03
0.270014	-1.603150478e-03
0.275014	-3.972725242e-04
0.280014	-7.793134785e-04
0.285015	-3.853941079e-04
0.290015	1.546446660e-03
0.295015	4.464422857e-04
0.300015	1.270339588e-03
0.305016	1.214281811e-03
0.310016	-4.386944173e-04
0.315016	-9.917268762e-04
0.320016	-1.602756409e-03
0.325017	2.325982093e-03
0.330017	1.724951974e-03
0.335017	-2.813877008e-03
0.340017	-1.090760922e-04
0.345018	1.685653319e-05
0.350018	1.509719285e-03
0.355018	1.500658726e-03
0.360018	-2.197213420e-03
0.365019	-1.757296999e-03
0.370019	6.805173099e-04
0.375019	1.399419392e-03
0.380019	1.065375224e-03
0.385020	-5.396040589e-04
0.390020	-7.106566431e-04
0.395020	1.842151570e-03
0.400020	-6.317834552e-04
0.405021	-2.963725781e-03
0.410021	1.250549106e-04
0.415021	3.787806232e-03
0.420021	1.407866215e-03
0.425022	-2.462997683e-03
0.430022	-1.793093609e-03
0.435022	-3.324526829e-05
0.440022	-7.492704905e-04
0.445023	2.071523546e-03
0.450023	7.445294346e-04
0.455023	2.004952704e-04
0.460024	-1.576475958e-03
0.465024	-1.403546857e-03
0.470024	5.372918707e-04
0.475024	1.858162217e-03
0.480025	1.190134117e-03
0.485025	-1.457792889e-03
0.490025	1.038017264e-03
0.495025	8.669636055e-04
0.500026	-1.015002703e-03
0.505026	-4.020965285e-04
0.510026	1.089764683e-03
0.515026	-2.446117306e-03
0.520027	2.126841699e-04
0.525027	2.689494883e-03
0.530027	-1.229367722e-03
0.535027	-1.113436519e-03
0.540028	4.844189137e-04
0.545028	-1.169559586e-03
0.550028	-1.942583156e-03
0.555028	1.768164142e-03
0.560029	3.594007673e-03
0.565029	-6.118407141e-04
0.570029	-1.498858719e-03
0.575029	1.079958017e-04
0.580030	-1.110564618e-04
0.585030	2.375752970e-03
0.590030	1.821717685e-03
0.595030	-1.159193684e-03
0.600031	-2.693028749e-04
0.605031	2.756054894e-04
0.610031	-1.434371019e-03
0.615031	3.354746248e-04
0.620032	1.330359788e-03
0.625032	-4.463404796e-05
0.630032	7.872592976e-04
0.635032	-8.747200227e-04
0.640033	-1.102772673e-03
0.645033	1.994004742e-03
0.650033	8.479988386e-04
0.655033	-2.590091327e-04
0.660034	3.348959234e-04
0.665034	-5.921213960e-04
0.670034	-1.992062256e-04
0.675034	7.856786243e-04
0.680035	-4.434388386e-05
0.685035	-7.503728056e-04
0.690035	1.180463480e-03
0.695036	1.124401193e-03
0.700036	-6.335742268e-04
0.705036	-6.986362161e-04
0.710036	-1.529659156e-03
0.715037	2.284080530e-03
0.720037	3.556949941e-03
0.725037	-1.182873555e-03
0.730037	-1.735911029e-03
0.735038	8.093033851e-05
0.740038	-7.500931045e-04
0.745038	1.133744669e-03
0.750038	6.467034805e-04
0.755039	-4.703056115e-04
0.760039	-1.433885586e-04
0.765039	-1.567382143e-03
0.770039	1.807379024e-03
0.775040	8.623607910e-04
0.780040	-4.656379659e-04
0.785040	1.475196188e-03
0.790040	1.315137581e-03
0.795041	-2.172751104e-03
0.800041	-1.398857609e-03
0.805041	5.909736742e-04
0.810041	-1.830539360e-04
0.815042	6.018387173e-04
0.820042	1.367732247e-03
0.825042	-1.174205328e-03
0.830042	-1.106276332e-03
0.835043	1.428526540e-03
0.840043	-7.146455447e-05
0.845043	9.324163351e-04
0.850043	1.268331252e-03
0.855044	8.192861719e-04
0.860044	-2.267624243e-03
0.865044	-4.967829320e-04
0.870044	1.598041727e-03
0.875045	8.230129011e-04
0.880045	-3.319966140e-04
0.885045	-1.048028658e-03
0.890045	-8.851057083e-04
0.895046	-7.681805122e-04
0.900046	8.286689735e-04
0.905046	1.822549159e-03
0.910046	2.110465307e-03
0.915047	-1.204434590e-03
0.920047	-1.625571730e-04
0.925047	1.941265885e-03
0.930048	-1.596963501e-04
0.935048	1.609143606e-03
0.940048	9.021099418e-04
0.945048	-2.479787178e-03
0.950049	1.000964993e-03
0.955049	6.279139376e-04
0.960049	9.538270625e-04
0.965049	-1.760104624e-03
0.970050	-1.529186869e-03
0.975050	7.946238515e-04
0.980050	-2.563931273e-04
0.985050	2.172412002e-03
0.990051	1.007400620e-03
0.995051	2.452255789e-03
1.000051	5.212833074e-04
1.005051	-3.013607349e-03
1.010052	-3.069675848e-03
1.015052	6.290637098e-04
1.020052	2.398901694e-03
1.025052	1.903855268e-03
1.030053	2.498679324e-04
1.035053	-2.340071707e-03
1.040053	8.546930041e-04
1.045053	9.036183097e-04
1.050054	5.885620894e-04
1.055054	7.514813286e-04
1.060054	-2.155173835e-05
1.065054	-1.826161924e-04
1.070055	5.832718738e-04
1.075055	-7.927307586e-04
1.080055	-1.231781383e-03
1.085055	3.650638580e-04
1.090056	1.474933852e-03
1.095056	-1.391993114e-03
1.100056	-2.337018392e-03
1.105056	1.469713444e-03
1.110057	1.096658689e-03
1.115057	3.085483142e-03
1.120057	1.089511041e-03
1.125057	-2.666371278e-03
1.130058	1.534103332e-04
1.135058	4.934118820e-05
1.140058	-3.407134777e-04
1.145058	1.265129758e-03
1.150059	8.840743675e-04
1.155059	1.590364178e-04
1.160059	2.644834299e-03
1.165060	-1.640974568e-04
1.170060	-1.712093766e-03
1.175060	1.098687108e-03
1.180060	-5.053066119e-04
1.185061	1.053537948e-03
1.190061	7.764761646e-04
1.195061	-9.425120914e-04
1.200061	-2.726225291e-04
1.205062	1.008235681e-03
1.210062	1.995108771e-03
1.215062	-1.100809696e-03
1.220062	-1.645858624e-03
1.225063	-4.399971432e-04
1.230063	-1.050913086e-04
1.235063	8.997801564e-04
1.240063	1.894651989e-03
1.245064	1.886574918e-03
1.250064	-2.308288402e-03
1.255064	7.151224542e-05
1.260064	2.051333182e-03
1.265065	-2.606267673e-04
1.270065	1.404209970e-03
1.275065	-3.737775527e-04
1.280065	-1.644791123e-03
1.285066	1.845951890e-03
1.290066	1.929575379e-04
1.295066	-1.307044779e-03
1.300066	3.477915794e-04
1.305067	8.456868935e-04
1.310067	8.264647582e-05
1.315067	-1.847334476e-03
1.320067	-1.139450344e-03
1.325068	7.453735077e-04
1.330068	1.242268113e-03
1.335068	4.682274950e-04
1.340068	-1.957728884e-03
1.345069	3.660719256e-04
1.350069	3.176847701e-03
1.355069	1.408857242e-03
1.360069	3.108323986e-04
1.365070	-1.896135948e-03
1.370070	-4.032934684e-04
1.375070	1.356535213e-03
1.380071	-1.947606014e-05
1.385071	3.078283951e-03
1.390071	-9.645913964e-04
1.395071	-3.659535767e-03
1.400072	9.881445795e-04
1.405072	3.407938583e-03
1.410072	1.638946422e-03
1.415072	-1.169992772e-03
1.420073	5.418369120e-04
1.425073	-9.481699917e-04
1.430073	-1.061247405e-03
1.435073	1.089559360e-03
1.440074	8.224894835e-04
1.445074	-7.815122576e-04
1.450074	4.993384528e-04
1.455074	-4.946947843e-04
1.460075	-2.817898497e-04
1.465075	2.920962171e-03
1.470075	1.038973792e-03
1.475075	-1.434984513e-03
1.480076	2.758432186e-04
1.485076	2.541642427e-03
1.490076	-7.162763393e-04
1.495076	-7.733588022e-04
1.500077	1.769425740e-03
1.505077	7.203936088e-04
1.510077	1.193384176e-04
1.515077	-9.886910472e-04
1.520078	-9.882275558e-05
1.525078	1.716998056e-03
1.530078	-1.100944578e-03
1.535078	-4.210660862e-04
1.540079	2.216712204e-03
1.545079	-1.547182634e-03
1.550079	-3.352177727e-03
1.555079	1.733474972e-03
1.560080	1.178415665e-03
1.565080	1.179327774e-03
1.570080	9.522513511e-04
1.575080	-5.947578199e-04
1.580081	1.183062968e-03
1.585081	1.565954839e-03
1.590081	2.055841060e-03
1.595081	-7.551042676e-04
1.600082	-2.016128962e-03
1.605082	1.177618574e-03
1.610082	5.675602538e-04
1.615083	7.984587856e-04
1.620083	1.963996857e-04
1.625083	-1.571600035e-03
1.630083	6.941939785e-04
1.635084	4.761147007e-04
1.640084	1.904744417e-05
1.645084	2.514829143e-03
1.650084	9.178197463e-04
1.655085	-1.853129866e-03
1.660085	-3.023004607e-04
1.665085	-1.181347108e-03
1.670085	1.753411212e-03
1.675086	3.350237693e-03
1.680086	-2.010580565e-03
1.685086	-6.227437936e-04
1.690086	1.423059170e-03
1.695087	-7.939202826e-04
1.700087	-7.604986650e-05
1.705087	-5.151205398e-04
1.710087	7.667206726e-04
1.715088	5.476383678e-04
1.720088	1.523494819e-03
1.725088	1.974377892e-03
1.730088	1.154325696e-03
1.735089	-1.331641590e-03
1.740089	-1.177980913e-04
1.745089	1.587020124e-03
1.750089	-2.769795368e-04
1.755090	7.748716358e-04
1.760090	-7.811441621e-04
1.765090	-1.775188872e-03
1.770090	1.646540621e-03
1.775091	2.097421686e-03
1.780091	-1.085617183e-04
1.785091	1.268271633e-03
1.790091	1.499163324e-03
1.795092	3.901232637e-04
1.800092	-6.039228775e-04
1.805092	9.948629094e-06
1.810092	9.378038876e-04
1.815093	2.754110671e-06
1.820093	-4.363212130e-04
1.825093	-1.210379632e-03
1.830093	-2.145286817e-04
1.835094	3.323192199e-03
1.840094	1.172203495e-03
1.845094	-5.948050373e-04
1.850095	-1.758844586e-03
1.855095	-1.530258534e-04
1.860095	2.055761862e-03
1.865095	6.227354167e-04
1.870096	5.186408653e-04
1.875096	-4.443045235e-05
1.880096	-1.085477566e-03
1.885096	-2.526206298e-04
1.890097	9.042195386e-04
1.895097	1.785073590e-03
1.900097	1.555984129e-03
1.905097	-1.414965473e-03
1.910098	-3.531213216e-04
1.915098	1.070704118e-03
1.920098	-1.983330886e-04
1.925098	-7.514070925e-04
1.930099	8.544083894e-04
1.935099	2.632214863e-03
1.940099	2.175135292e-03
1.945099	5.711140933e-04
1.950100	-7.379223983e-04
1.955100	8.108948841e-04
1.960100	-1.023115235e-03
1.965100	-1.912617725e-04
1.970101	1.912526484e-03
1.975101	8.634755878e-04
1.980101	3.663962661e-04
1.985101	-9.616408301e-04
1.990102	9.231577085e-04
1.995102	2.643964397e-03
2.000102	-7.389684014e-04
2.005102	1.249824139e-03
2.010103	1.643697932e-03
2.015103	-1.786233154e-03
2.020103	-1.118373820e-03
2.025103	3.744431384e-04
2.030104	7.673160588e-04
2.035104	-3.417345225e-04
2.040104	-7.318220671e-04
2.045104	-6.159356943e-04
2.050105	-1.750661582e-04
2.055105	3.314647384e-03
2.060105	2.148598545e-03
2.065105	-1.005348972e-03
2.070106	-7.164726115e-04
2.075106	-1.136125289e-04
2.080106	-2.712589108e-03
2.085107	-7.707979035e-04
2.090107	3.979849563e-03
2.095107	2.149318352e-04
2.100107	1.764742348e-03
2.105108	2.267103736e-04
2.110108	-1.379318368e-03
2.115108	3.592316609e-03
2.120108	6.113576278e-04
2.125109	-1.596641085e-03
2.130109	1.827072246e-03
2.135109	-8.189045769e-04
2.140109	-1.306991886e-03
2.145110	1.666743702e-03
2.150110	7.216792490e-04
2.155110	-1.371326803e-03
2.160110	-7.094738414e-04
2.165111	-4.895985466e-04
2.170111	1.451188583e-03
2.175111	6.781141108e-04
2.180111	8.419915235e-04
2.185112	2.783777857e-03
2.190112	2.009702690e-03
2.195112	9.016443359e-04
2.200112	-1.086369314e-03
2.205113	-1.859445283e-03
2.210113	-2.516431383e-04
2.215113	4.652042714e-04
2.220113	1.011060164e-03
2.225114	1.012943595e-03
2.230114	-1.911116197e-04
2.235114	1.023709336e-03
2.240114	-8.593117001e-04
2.245115	1.024474569e-03
2.250115	2.622275193e-03
2.255115	-1.189648066e-03
2.260115	3.591545475e-04
2.265116	-7.499073107e-04
2.270116	2.559225271e-04
2.275116	2.082710165e-03
2.280116	1.193636292e-03
2.285117	5.825479582e-04
2.290117	-1.843447916e-03
2.295117	1.531259602e-03
2.300118	8.821298880e-05
2.305118	-5.218764405e-04
2.310118	2.689838619e-03
2.315118	9.228077701e-04
2.320119	8.676891996e-04
2.325119	1.651527504e-03
2.330119	-1.388439104e-03
2.335119	-2.113524241e-03
2.340120	5.932150304e-04
2.345120	1.425049821e-03
2.350120	9.279522385e-04
2.355120	-2.361115376e-04
2.360121	1.925654508e-03
2.365121	2.537499468e-03
2.370121	-7.214580893e-04
2.375121	-2.163508738e-03
2.380122	-1.282678329e-03
2.385122	2.101023943e-03
2.390122	3.038850899e-03
2.395122	-8.890738344e-04
2.400123	-1.142390952e-04
2.405123	1.884532843e-03
2.410123	-4.944718404e-04
2.415123	6.533430242e-04
2.420124	1.610167372e-03
2.425124	-2.641742451e-03
2.430124	-8.339621271e-04
2.435124	1.718779862e-03
2.440125	-4.322381193e-04
2.445125	1.706029329e-04
2.450125	2.772341588e-03
2.455125	1.387283642e-03
2.460126	2.312137199e-04
2.465126	5.100702105e-04
2.470126	-3.025878687e-03
2.475126	-1.038110062e-03
2.480127	1.993604950e-03
2.485127	8.385335748e-04
2.490127	1.459371190e-03
2.495127	9.062684977e-04
2.500128	-9.277690371e-04
2.505128	1.834958304e-03
2.510128	1.014868401e-03
2.515128	9.577392353e-04
2.520129	1.006604369e-03
2.525129	1.375161142e-04
2.530129	1.514312835e-03
2.535130	-9.206959931e-04
2.540130	-1.948665898e-04
2.545130	1.736900917e-03
2.550130	1.328487733e-04
2.555131	1.078666073e-03
2.560131	1.462511793e-03
2.565131	6.324192417e-04
2.570131	-7.916432555e-04
2.575132	-8.381495816e-05
2.580132	2.304375010e-05
2.585132	5.308816810e-04
2.590132	9.227252453e-04
2.595133	5.216090273e-04
2.600133	-8.054601791e-04
2.605133	9.743115974e-04
2.610133	3.632038226e-03
2.615134	3.720668840e-04
2.620134	6.989120022e-04
2.625134	5.857793017e-04
2.630134	-2.943145131e-04
2.635135	-2.223355036e-03
2.640135	-2.345960109e-04
2.645135	2.528123176e-03
2.650135	4.511005864e-05
2.655136	1.871876463e-03
2.660136	1.479755926e-03
2.665136	-1.177249202e-03
2.670136	-1.118393380e-03
2.675137	2.257292689e-03
2.680137	1.321198738e-03
2.685137	-7.818358998e-04
2.690137	1.101925481e-03
2.695138	4.338169291e-04
2.700138	-4.532807397e-04
2.705138	-3.274304631e-04
2.710138	1.545330262e-03
2.715139	1.316198063e-03
2.720139	3.911011126e-04
2.725139	5.549482235e-04
2.730139	-4.481453563e-04
2.735140	-1.097257328e-03
2.740140	1.053487352e-03
2.745140	2.096288325e-03
2.750140	2.490122144e-03
2.755141	1.391031923e-03
2.760141	-8.260014949e-04
2.765141	-2.316072363e-03
2.770142	-6.513047178e-04
2.775142	2.608381134e-03
2.780142	1.394295229e-03
2.785142	1.722094202e-04
2.790143	1.550990424e-03
2.795143	-3.220627566e-04
2.800143	1.722683595e-03
2.805143	1.284556476e-03
2.810144	-2.795384904e-03
2.815144	7.322847395e-04
2.820144	1.067117183e-03
2.825144	-9.199320711e-04
2.830145	2.054764871e-03
2.835145	8.506749803e-04
2.840145	-1.309366391e-03
2.845145	2.973994784e-04
2.850146	2.955111337e-03
2.855146	4.620860165e-04
2.860146	-7.510050145e-04
2.865146	1.953703480e-03
2.870147	-1.189289600e-03
2.875147	5.224689768e-04
2.880147	1.517263859e-03
2.885147	-1.243749705e-03
2.890148	1.021979599e-03
2.895148	2.488638275e-04
2.900148	1.186660323e-03
2.905148	2.630430644e-03
2.910149	9.203617620e-04
2.915149	1.462447371e-04
2.920149	-1.018852641e-03
2.925149	-1.351992850e-03
2.930150	2.357660074e-03
2.935150	3.458445951e-03
2.940150	1.414571939e-04
2.945150	-4.036735020e-04
2.950151	1.032094271e-03
2.955151	1.587906668e-03
2.960151	-4.581483415e-04
2.965151	-4.093107076e-04
2.970152	-1.774827550e-04
2.975152	1.429274622e-03
2.980152	1.697100068e-03
2.985152	-7.879341805e-04
2.990153	4.368417083e-04
2.995153	1.709614810e-03
3.000153	-8.914145189e-04
3.005154	2.092270503e-03
3.010154	1.750125099e-03
3.015154	-1.173888739e-03
3.020154	1.550808502e-03
3.025155	8.816787893e-04
3.030155	-5.614117219e-04
3.035155	-3.405875790e-04
3.040155	4.932049087e-04
3.045156	5.510366983e-04
3.050156	-2.790864890e-04
3.055156	1.165673763e-03
3.060156	-5.454051018e-04
3.065157	2.274284223e-03
3.070157	3.929032719e-03
3.075157	-2.100826536e-03
3.080157	-2.711962967e-03
3.085158	-7.712301137e-04
3.090158	2.498434502e-03
3.095158	4.545161250e-03
3.100158	-1.045722156e-03
3.105159	-8.818999071e-04
3.110159	2.215772110e-03
3.115159	-7.092485319e-04
3.120159	-1.587374094e-03
3.125160	8.413310549e-04
3.130160	5.081769531e-04
3.135160	4.040108030e-04
3.140160	2.506731557e-03
3.145161	1.284621820e-03
3.150161	1.285449254e-03
3.155161	-2.626445327e-04
3.160161	-1.532752873e-03
3.165162	-1.033951937e-03
3.170162	1.183760831e-03
3.175162	2.235532810e-03
3.180162	1.615389850e-03
3.185163	-9.746528264e-04
3.190163	-6.298457940e-04
3.195163	1.359393754e-04
3.200163	1.456695836e-03
3.205164	1.849499347e-03
3.210164	9.613679419e-04
3.215164	6.272078771e-04
3.220165	9.140157299e-04
3.225165	1.363814897e-03
3.230165	-9.672442266e-04
3.235165	1.079472637e-03
3.240166	2.629214531e-03
3.245166	3.016801685e-05
3.250166	-6.289779643e-04
3.255166	-3.511721745e-04
3.260167	-6.273384458e-04
3.265167	4.154275382e-04
3.270167	-2.437198936e-04
3.275167	9.720365251e-04
3.280168	2.023800957e-03
3.285168	-1.127727397e-05
3.290168	3.715206042e-04
3.295168	1.748267337e-03
3.300169	9.281259390e-04
3.305169	1.588908516e-03
3.310169	1.547977497e-04
3.315169	-2.273671265e-04
3.320170	8.643923286e-04
3.325170	-1.008697117e-03
3.330170	3.300489819e-04
3.335170	3.858682833e-03
3.340171	1.813601064e-03
3.345171	-7.864527226e-04
3.350171	1.815227372e-03
3.355171	-6.588335955e-04
3.360172	-5.050291883e-04
3.365172	1.320689431e-03
3.370172	-7.723921191e-04
3.375172	6.053486389e-04
3.380173	2.432066085e-03
3.385173	5.299802173e-05
3.390173	-6.071582330e-04
3.395173	1.544541484e-03
3.400174	-5.956729900e-05
3.405174	2.216125329e-03
3.410174	3.708857580e-03
3.415174	-1.328076958e-03
3.420175	-8.782921816e-04
3.425175	1.167410683e-03
3.430175	-8.776778402e-04
3.435175	2.555953358e-03
3.440176	2.163779630e-03
3.445176	-2.146194327e-03
3.450176	-9.874480514e-04
3.455177	1.277241341e-03
3.460177	1.393040134e-03
3.465177	7.828756318e-04
3.470177	8.976737092e-04
3.475178	7.934825903e-04
3.480178	-3.716547114e-04
3.485178	5.661001690e-04
3.490178	1.282865954e-03
3.495179	2.497605912e-03
3.500179	1.017483159e-03
3.505179	-3.266194731e-05
3.510179	8.380944233e-04
3.515180	1.401866089e-03
3.520180	2.457252337e-04
3.525180	-1.913364772e-03
3.530180	7.633287900e-05
3.535181	8.510922089e-04
3.540181	1.357864839e-03
3.545181	1.578651689e-03
3.550181	2.345410255e-03
3.555182	-5.886425038e-04
3.560182	8.012028392e-05
3.565182	3.679021423e-04
3.570182	-3.349111795e-03
3.575183	1.517435355e-03
3.580183	3.238142826e-03
3.585183	-7.378590634e-04
3.590183	6.398651397e-04
3.595184	5.836622035e-04
3.600184	-6.204824828e-04
3.605184	1.082223928e-03
3.610184	-7.428898281e-04
3.615185	-1.240071824e-03
3.620185	2.910508336e-03
3.625185	3.685260562e-03
3.630185	8.651960415e-04
3.635186	1.593949818e-03
3.640186	-6.231463069e-04
3.645186	-2.391265770e-03
3.650186	1.481326191e-03
3.655187	3.721722591e-04
3.660187	1.089924592e-03
3.665187	1.149710136e-03
3.670187	2.144447511e-03
3.675188	1.924246552e-03
3.680188	-1.171807889e-03
3.685188	1.649834941e-03
3.690189	-5.582656739e-04
3.695189	1.477416498e-03
3.700189	2.597145059e-03
3.705189	7.730236085e-04
3.710190	2.098373322e-04
3.715190	-3.913474104e-04
3.720190	4.983912702e-04
3.725190	1.200397989e-06
3.730191	4.998122396e-05
3.735191	-2.832188449e-04
3.740191	3.955289775e-04
3.745191	5.013056615e-04
3.750192	2.740989460e-04
3.755192	2.931744437e-03
3.760192	2.817531125e-03
3.765192	-8.814994569e-04
3.770193	-3.837448583e-04
3.775193	5.639863384e-04
3.780193	1.557714771e-03
3.785193	1.549493977e-03
3.790194	-1.026432466e-04
3.795194	1.447055538e-03
3.800194	1.284841365e-03
3.805194	1.112627287e-03
3.810195	-2.145282039e-04
3.815195	-2.029659183e-03
3.820195	2.444888093e-03
3.825195	6.767538773e-04
3.830196	-8.713919959e-04
3.835196	2.886190652e-03
3.840196	1.902015127e-03
3.845196	4.118650324e-04
3.850197	-9.822903876e-04
3.855197	1.274258531e-04
3.860197	3.722014725e-03
3.865197	2.116868819e-03
3.870198	-1.304184738e-03
3.875198	-1.915382268e-03
3.880198	1.068236125e-03
3.885198	1.851966483e-03
3.890199	-3.081531874e-04
3.895199	1.070545925e-03
3.900199	5.833399381e-04
3.905199	-1.241798122e-03
3.910200	1.071851948e-03
3.915200	1.569594362e-03
3.920200	8.943739663e-05
3.925201	1.418136504e-03
3.930201	2.566844378e-03
3.935201	1.190680815e-03
3.940201	-4.624690263e-04
3.945202	4.092517113e-04
3.950202	1.240974062e-03
3.955202	1.480726225e-03
3.960202	5.345385444e-04
3.965203	-1.739581726e-03
3.970203	-4.568841402e-04
3.975203	1.253791149e-03
3.980203	1.456100147e-04
3.985204	1.141320963e-03
3.990204	2.031036893e-03
3.995204	2.058910857e-04
4.000204	5.886320465e-04
4.005205	4.843974507e-04
4.010205	1.154122879e-03
4.015205	9.258937456e-04
4.020205	1.147641187e-03
4.025206	7.074220100e-04
4.030206	1.310149113e-03
4.035206	9.859231340e-04
4.040206	-4.472466295e-04
4.045207	2.259371674e-03
4.050207	1.094187340e-03
4.055207	-9.989500255e-04
4.060207	-1.672372571e-04
4.065208	1.095453053e-03
4.070208	2.172522949e-04
4.075208	1.268952500e-03
4.080208	1.154711829e-03
4.085209	-4.964507667e-04
4.090209	7.172398343e-04
4.095209	1.328960745e-03
4.100209	2.152670381e-03
4.105210	-5.034426493e-04
4.110210	1.552203160e-03
4.115210	3.390155220e-04
4.120210	-1.324149573e-03
4.125211	2.767390887e-03
4.130211	-5.071609791e-05
4.135211	-7.669309124e-04
4.140212	2.770636507e-03
4.145212	1.547446697e-03
4.150212	-7.656878792e-04
4.155212	1.118962638e-03
4.160213	4.507431274e-04
4.165213	-7.624489921e-04
4.170213	3.472397659e-04
4.175213	-4.499519677e-05
4.180214	2.604613987e-03
4.185214	2.337371735e-03
4.190214	-1.256701008e-03
4.195214	1.229915144e-03
4.200215	1.565640729e-03
4.205215	7.824230238e-04
4.210215	7.351672656e-04
4.215215	2.389339899e-04
4.220216	4.016665935e-04
4.225216	1.396356238e-03
4.230216	1.789076180e-03
4.235216	6.338747458e-04
4.240217	-1.410281731e-03
4.245217	-3.361342823e-05
4.250217	3.168961134e-03
4.255217	1.181800371e-03
4.260218	-9.683525230e-04
4.265218	8.002939188e-04
4.270218	1.517993592e-03
4.275218	4.677831234e-04
4.280219	8.504989888e-04
4.285219	1.692190945e-03
4.290219	-1.889784551e-04
4.295219	-3.602356734e-04
4.300220	1.364725205e-04
4.305220	1.246148936e-03
4.310220	1.198883994e-03
4.315220	1.361607860e-03
4.320221	1.802317059e-03
4.325221	1.470065283e-03
4.330221	-3.551106871e-04
4.335221	-1.846304186e-03
4.340222	9.162845308e-04
4.345222	3.019906446e-03
4.350222	1.090733923e-03
4.355222	-9.544331423e-04
4.360223	-4.577305350e-04
4.365223	-2.940113848e-04
4.370223	3.961498254e-03
4.375224	1.648343005e-03
4.380224	-2.336727298e-03
4.385224	6.468459120e-04
4.390224	3.026449508e-03
4.395225	-1.756622085e-04
4.400225	1.652968592e-03
4.405225	2.140667427e-03
4.410225	-6.704656800e-04
4.415226	3.146062145e-03
4.420226	4.799206846e-04
4.425226	-1.776242195e-03
4.430226	2.812244770e-03
4.435227	-2.268790581e-04
4.440227	-1.936071306e-03
4.445227	8.185079250e-04
4.450227	1.764179093e-03
4.455228	1.764898061e-03
4.460228	3.316898087e-04
4.465228	6.673907084e-04
4.470228	1.328074527e-03
4.475229	1.050805786e-03
4.480229	-2.764097937e-04
4.485229	1.988190648e-03
4.490229	3.359907117e-04
4.495230	7.196862854e-04
4.500230	1.436364367e-03
4.505230	-7.608091690e-04
4.510230	6.286248404e-05
4.515231	2.318460501e-03
4.520231	3.392743824e-04
4.525231	-1.368926063e-03
4.530231	3.267548871e-03
4.535232	1.002375914e-03
4.540232	3.331209396e-04
4.545232	1.882752122e-03
4.550232	1.731469716e-03
4.555233	7.726360692e-05
4.560233	3.369592338e-04
4.565233	8.346422160e-04
4.570233	-5.315800650e-04
4.575234	3.053944191e-03
4.580234	1.562727321e-03
4.585234	-9.224392577e-04
4.590234	-5.957499778e-04
4.595235	1.392853909e-03
4.600235	1.622547166e-03
4.605235	-2.006551878e-04
4.610236	2.970233984e-04
4.615236	2.487293866e-04
4.620236	5.744157778e-04
4.625236	1.177087527e-03
4.630237	7.958090521e-04
4.635237	2.182439766e-03
4.640237	1.351183294e-03
4.645237	-1.026994641e-03
4.650238	1.123595564e-03
4.655238	1.515275133e-03
4.660238	-1.130890593e-03
4.665238	2.961598920e-03
4.670239	1.078393224e-03
4.675239	-4.798295698e-04
4.680239	2.074737025e-03
4.685239	-4.004399164e-04
4.690240	-8.475993483e-05
4.695240	2.509185275e-04
4.700240	1.025574065e-03
4.705240	1.962220829e-03
4.710241	1.360945663e-03
4.715241	6.456758217e-04
4.720241	2.242287371e-03
4.725241	7.520561210e-04
4.730242	-2.322014787e-04
4.735242	3.704593479e-04
4.740242	1.528091320e-03
4.745242	6.398273123e-04
4.750243	-1.070395206e-03
4.755243	3.853042872e-03
4.760243	2.027825223e-03
4.765243	-8.382150907e-06
4.770244	1.426232654e-03
4.775244	-6.269748600e-04
4.780244	3.196638649e-04
4.785244	1.429293758e-03
4.790245	1.534974435e-03
4.795245	9.236912338e-04
4.800245	-4.515534441e-04
4.805245	-1.738830735e-04
4.810246	2.187809149e-04
4.815246	-1.725155534e-04
4.820246	1.204097151e-03
4.825247	3.365669244e-03
4.830247	1.540444507e-03
4.835247	3.841850834e-04
4.840247	2.708718680e-04
4.845248	-1.277368550e-03
4.850248	2.812317984e-04
4.855248	3.043770129e-03
4.860248	1.161545240e-03
4.865249	-1.273651911e-03
4.870249	2.482834104e-03
4.875249	4.920386988e-03
4.880249	-2.786705004e-04
4.885250	-2.103900865e-03
4.890250	1.490591372e-03
4.895250	1.386272060e-03
4.900250	-4.279604110e-04
4.905251	6.146606515e-04
4.910251	3.931165030e-03
4.915251	1.158979952e-03
4.920251	-2.433163753e-03
4.925252	3.877186125e-03
4.930252	1.773965320e-03
4.935252	-2.042623887e-04
4.940252	1.334329716e-03
4.945253	-2.152821942e-03
4.950253	-4.212407340e-04
4.955253	8.973610524e-04
4.960253	1.061021323e-03
4.965254	-3.722373438e-04
4.970254	1.281345768e-03
4.975254	1.178018116e-03
4.980254	2.497617247e-03
4.985255	2.115302804e-03
4.990255	-4.169023270e-04
4.995255	2.173630307e-03
5.000255	-4.335720385e-04
5.005256	-4.329081393e-04
5.010256	9.616840226e-04
5.015256	5.803663880e-04
5.020256	3.888859723e-03
5.025257	1.011668548e-03
5.030257	-6.985827703e-04
5.035257	1.290976369e-03
5.040257	9.666531942e-04
5.045258	8.523187644e-04
5.050258	-1.134920510e-03
5.055258	2.516673260e-04
5.060259	2.612204876e-03
5.065259	2.288879011e-03
5.070259	-7.973062330e-04
5.075259	-1.131632594e-03
5.080260	1.516888127e-03
5.085260	7.425831831e-04
5.090260	1.192215180e-03
5.095260	2.904782125e-03
5.100261	1.805492192e-03
5.105261	-8.507187335e-04
5.110261	3.068749687e-04
5.115261	4.005338330e-03
5.120262	1.024142410e-03
5.125262	-4.551307746e-04
5.130262	-5.694742244e-04
5.135262	4.231252399e-04
5.140263	-1.871939403e-04
5.145263	-1.131496593e-03
5.150263	1.143035774e-03
5.155263	1.200680863e-03
5.160264	4.070181762e-03
5.165264	2.570235300e-04
5.170264	-1.836223106e-03
5.175264	1.595247472e-03
5.180265	3.517794600e-03
5.185265	1.310552174e-03
5.190265	-1.337668262e-03
5.195265	9.790212946e-05
5.200266	3.755311385e-04
5.205266	7.101566959e-04
5.210266	2.039730883e-03
5.215266	2.632342179e-03
5.220267	1.974016843e-03
5.225267	-2.211128856e-03
5.230267	-5.959882662e-05
5.235267	1.976936536e-03
5.240268	5.426486736e-04
5.245268	2.321196131e-03
5.250268	1.930853849e-03
5.255268	3.255730920e-04
5.260269	-2.287618998e-04
5.265269	7.748229725e-04
5.270269	2.498027786e-06
5.275269	1.207071542e-03
5.280270	2.258652326e-03
5.285270	-3.875785219e-04
5.290270	-5.296220213e-05
5.295271	-2.723181279e-04
5.300271	1.602218426e-03
5.305271	5.741638723e-03
5.310271	1.163503836e-03
5.315272	-8.717615097e-04
5.320272	1.604742097e-03
5.325272	1.051399944e-03
5.330272	1.150768076e-04
5.335273	1.051657437e-03
5.340273	1.387268219e-03
5.345273	-9.339858154e-04
5.350273	7.865531109e-04
5.355274	4.209004538e-03
5.360274	2.269729334e-03
5.365274	-7.134930894e-04
5.370274	8.940494008e-04
5.375275	-4.812562739e-04
5.380275	-9.786073553e-04
5.385275	1.392894445e-03
5.390275	2.168477223e-03
5.395276	1.232035596e-04
5.400276	1.228248707e-04
5.405276	6.214201346e-04
5.410276	8.410290956e-04
5.415277	8.996457251e-04
5.420277	1.178250559e-03
5.425277	1.894832461e-03
5.430277	1.456472809e-03
5.435278	3.001492785e-04
5.440278	-1.363148910e-03
5.445278	4.543745150e-04
5.450278	1.180953115e-03
5.455279	1.955528704e-03
5.460279	5.132169892e-04
5.465279	1.402785583e-03
5.470279	2.846325315e-03
5.475280	9.070373094e-04
5.480280	-1.415231692e-03
5.485280	-8.568781978e-05
5.490280	3.394745606e-03
5.495281	3.567347460e-03
5.500281	-1.192799244e-03
5.505281	1.626666261e-03
5.510281	3.120198942e-03
5.515282	-2.346913334e-03
5.520282	1.581493825e-03
5.525282	9.131352604e-04
5.530283	-2.347091456e-03
5.535283	1.411322694e-03
5.540283	3.065843761e-03
5.545283	1.574524978e-03
5.550284	-7.778614755e-05
5.555284	-9.081398318e-04
5.560284	1.691330693e-03
5.565284	1.643935874e-03
5.570285	6.415892737e-04
5.575285	2.018120573e-03
5.580285	2.134715670e-03
5.585285	-6.275427254e-04
5.590286	5.379976452e-04
5.595286	1.255560332e-03
5.600286	3.672044928e-04
5.605286	1.591740139e-03
5.610287	2.530289824e-03
5.615287	2.550031276e-04
5.620287	1.363542986e-03
5.625287	1.757118798e-03
5.630288	-1.559116435e-03
5.635288	5.343713868e-04
5.640288	3.149767961e-04
5.645288	2.476459997e-03
5.650289	1.482103851e-03
5.655289	5.457441666e-04
5.660289	1.484288123e-03
5.665289	1.483879473e-03
5.670290	-1.172394069e-03
5.675290	-1.113806883e-03
5.680290	1.648641591e-03
5.685290	1.200253524e-03
5.690291	1.706816094e-03
5.695291	1.267426413e-03
5.700291	-4.998960034e-04
5.705291	1.326597401e-03
5.710292	2.484124403e-03
5.715292	-2.301513702e-04
5.720292	2.705283644e-03
5.725292	3.536825563e-03
5.730293	-2.494282497e-03
5.735293	-1.661741789e-03
5.740293	-5.532157605e-04
5.745294	1.933239291e-03
5.750294	4.094710364e-03
5.755294	-2.042395185e-03
5.760294	-3.299023377e-04
5.765295	2.825516211e-03
5.770295	2.722258244e-04
5.775295	2.375696949e-03
5.780295	2.492268998e-03
5.785296	1.048920157e-03
5.790296	6.765160188e-04
5.795296	1.060072676e-03
5.800296	2.044598045e-03
5.805297	7.262404802e-04
5.810297	-1.041426003e-04
5.815297	1.110369264e-03
5.820297	2.553868843e-03
5.825298	1.225509444e-03
5.830298	2.498016586e-03
5.835298	1.447641811e-03
5.840298	-1.755623563e-03
5.845299	-9.800927950e-04
5.850299	1.448352940e-03
5.855299	1.887899696e-03
5.860299	1.660479938e-03
5.865300	4.561094999e-04
5.870300	-4.802752183e-04
5.875300	1.289201236e-03
5.880300	-9.616172540e-05
5.885301	1.813897673e-04
5.890301	4.606728766e-03
5.895301	1.615446075e-03
5.900301	2.400802379e-04
5.905302	-1.193283228e-03
5.910302	-8.097401096e-04
5.915302	2.946630105e-03
5.920302	1.398270735e-03
5.925303	-8.080556143e-04
5.930303	7.404256164e-04
5.935303	4.114812971e-03
5.940303	1.181521978e-03
5.945304	1.727052664e-03
5.950304	8.486555004e-04
5.955304	-1.292677738e-03
5.960304	8.007720809e-04
5.965305	-2.016205359e-04
5.970305	-1.340684108e-04
5.975305	2.896331751e-03
5.980306	3.058877828e-03
5.985306	-1.894024388e-04
5.990306	8.620970281e-04
5.995306	2.898545577e-03
6.000307	7.924159947e-05
6.005307	-1.574122543e-03
6.010307	1.581267044e-03
6.015307	3.129738126e-03
6.020308	-1.385453122e-04
6.025308	4.739723857e-04
6.030308	9.234978098e-04
6.035308	9.140460811e-04
6.040309	-9.673106168e-04
6.045309	-7.947728462e-04
6.050309	3.678544603e-03
6.055309	2.847132459e-03
6.060310	-1.811680526e-04
6.065310	-1.337564800e-03
6.070310	-1.820802599e-04
6.075310	2.028349781e-03
6.080311	3.729805220e-03
6.085311	2.025271808e-04
6.090311	-7.798814756e-04
6.095311	2.307501344e-03
6.100312	-9.037946528e-04
6.105312	4.826738527e-04
6.110312	2.748096848e-03
6.115312	1.640691548e-03
6.120313	1.975211976e-03
6.125313	9.817996390e-04
6.130313	4.283642166e-04
6.135313	7.628828224e-04
6.140314	-8.325005848e-04
6.145314	2.099806359e-04
6.150314	5.066266407e-03
6.155314	1.863963269e-03
6.160315	-1.605326840e-03
6.165315	8.810781761e-04
6.170315	-1.288279563e-03
6.175315	1.207123772e-03
6.180316	3.530535284e-03
6.185316	-5.754453799e-06
6.190316	-4.462029640e-04
6.195316	1.486226688e-03
6.200317	2.758689444e-03
6.205317	-3.966222046e-04
6.210317	1.602802188e-03
6.215318	1.986308521e-03
6.220318	4.593296388e-05
6.225318	9.924093091e-04
6.230318	-3.269991999e-04
6.235319	1.882411396e-03
6.240319	3.307861428e-03
6.245319	3.825331186e-04
6.250319	1.548995152e-03
6.255320	1.444521499e-03
6.260320	-8.768395132e-04
6.265320	8.825903783e-04
6.270320	1.436081262e-03
6.275321	1.876577302e-03
6.280321	2.930041409e-03
6.285321	-5.972610780e-04
6.290321	-1.587667887e-04
6.295322	3.207577304e-03
6.300322	2.158146372e-03
6.305322	2.837569666e-04
6.310322	1.115228705e-03
6.315323	-9.381527949e-04
6.320323	-2.037583650e-03
6.325323	2.368125123e-04
6.330323	2.112228437e-03
6.335324	1.663762464e-03
6.340324	2.293462406e-04
6.345324	2.773726126e-03
6.350324	3.654190396e-03
6.355325	1.119828502e-03
6.360325	1.139313689e-05
6.365325	-2.730849452e-04
6.370325	1.562328048e-03
6.375326	1.676828337e-03
6.380326	-3.205641052e-04
6.385326	1.505847478e-03
6.390326	2.118320454e-03
6.395327	-1.590986402e-03
6.400327	1.784262186e-04
6.405327	1.622854817e-03
6.410327	-8.145188953e-04
6.415328	2.331821505e-03
6.420328	4.004236579e-03
6.425328	8.498976162e-04
6.430328	-2.665460853e-04
6.435329	3.549207996e-04
6.440329	1.014385116e-03
6.445329	1.339865867e-03
6.450330	2.008328468e-03
6.455330	1.301860684e-03
6.460330	8.063814914e-04
6.465330	1.016865604e-03
6.470331	1.864022676e-04
6.475331	3.551723947e-03
6.480331	7.413605005e-04
6.485331	-2.069003576e-03
6.490332	1.735293787e-03
6.495332	1.841779433e-03
6.500332	4.663401565e-04
6.505332	1.632770390e-03
6.510333	1.021290821e-03
6.515333	1.518753967e-03
6.520333	1.739230632e-03
6.525333	-3.541751242e-04
6.530334	2.849147887e-03
6.535334	2.514651005e-03
6.540334	-6.867000471e-04
6.545334	-3.032348750e-04
6.550335	1.407161873e-03
6.555335	3.233552060e-03
6.560335	2.135091038e-03
6.565335	-1.873080901e-04
6.570336	-2.892688288e-03
6.575336	-1.018303092e-03
6.580336	3.121965707e-03
6.585336	1.917506923e-03
6.590337	1.144025484e-03
6.595337	1.029509744e-03
6.600337	-2.989446160e-04
6.605337	6.394845761e-04
6.610338	8.679494014e-04
6.615338	3.124309987e-03
6.620338	1.691858390e-03
6.625338	-1.672495149e-03
6.630339	6.988576469e-04
6.635339	9.843163681e-04
6.640339	1.367769444e-03
6.645339	2.583179376e-03
6.650340	5.957522963e-04
6.655340	-4.647227803e-04
6.660340	2.640588680e-03
6.665341	2.307075183e-03
6.670341	-4.063173714e-04
6.675341	-8.938242837e-04
6.680341	1.649513322e-03
6.685342	2.700926505e-03
6.690342	2.577399072e-03
6.695342	1.038943283e-03
6.700342	-6.625048230e-04
6.705343	1.919827578e-03
6.710343	2.244274686e-03
6.715343	2.808708891e-03
6.720343	9.942639839e-04
6.725344	-1.443149741e-03
6.730344	-1.147564986e-04
6.735344	3.413523711e-03
6.740344	3.080000567e-03
6.745345	-1.824289709e-03
6.750345	6.030448093e-04
6.755345	1.923435233e-03
6.760345	-5.400650840e-05
6.765346	5.144469202e-05
6.770346	1.313836140e-03
6.775346	-2.826270062e-04
6.780346	9.417650883e-04
6.785347	2.825122870e-03
6.790347	1.983619211e-03
6.795347	1.928074752e-03
6.800347	-2.430250535e-03
6.805348	1.764986543e-03
6.810348	5.303256535e-03
6.815348	-2.210111332e-04
6.820348	5.533987609e-04
6.825349	1.385805042e-03
6.830349	7.162874036e-04
6.835349	-2.192172965e-04
6.840349	-6.587479857e-04
6.845350	1.988562973e-03
6.850350	2.715971365e-03
6.855350	2.554890151e-06
6.860350	1.649908418e-04
6.865351	1.389371889e-03
6.870351	8.928402012e-04
6.875351	2.650192714e-03
6.880351	1.380699211e-03
6.885352	1.056156778e-03
6.890352	1.285585390e-03
6.895352	1.608992596e-05
6.900353	1.554450360e-03
6.905353	5.039423995e-04
6.910353	-4.325720389e-04
6.915353	1.660758079e-03
6.920354	1.604197375e-03
6.925354	1.173655122e-03
6.930354	1.892053516e-03
6.935354	4.015641025e-04
6.940355	2.331899269e-03
6.945355	1.663366550e-03
6.950355	-1.815023275e-03
6.955355	6.222840212e-04
6.960356	6.807121925e-04
6.965356	6.241455811e-04
6.970356	6.860380365e-05
6.975356	1.260300527e-04
6.980357	2.556334417e-03
6.985357	2.824748571e-03
6.990357	2.881172895e-03
6.995357	1.562666803e-03
7.000358	-2.021724188e-03
7.005358	-1.473947153e-04
7.010358	1.669937010e-03
7.015358	1.621363400e-03
7.020359	1.401797866e-03
7.025359	1.622209193e-03
7.030359	2.454588595e-03
7.035359	1.331284597e-04
7.040360	1.394484623e-03
7.045360	3.391802526e-03
7.050360	1.347326255e-03
7.055360	-1.528108226e-03
7.060361	1.071176937e-03
7.065361	1.950549304e-03
7.070361	1.187004942e-03
7.075361	1.301415064e-03
7.080362	-6.950676369e-04
7.085362	1.838217581e-03
7.090362	1.512648189e-03
7.095362	-1.688774945e-03
7.100363	-1.394414517e-04
7.105363	2.126854749e-03
7.110363	1.018322698e-03
7.115363	1.524707478e-03
7.120364	1.688109116e-03
7.125364	6.275726161e-04
7.130364	-6.339542814e-04
7.135365	2.542001939e-05
7.140365	3.505649541e-03
7.145365	2.350115229e-03
7.150365	-3.035717068e-05
7.155366	1.135988562e-03
7.160366	7.534127585e-04
7.165366	1.462780502e-03
7.170366	6.312262998e-04
7.175367	8.126196799e-04
7.180367	1.798971268e-03
7.185367	-3.625169963e-04
7.190367	-5.151085601e-04
7.195368	1.972164341e-03
7.200368	3.462487505e-03
7.205368	2.353942770e-03
7.210368	-7.515006171e-04
7.215369	-9.140950192e-04
7.220369	3.187092079e-03
7.225369	4.516420116e-03
7.230369	3.680273289e-04
7.235370	3.684219162e-04
7.240370	-3.481475396e-04
7.245370	3.692090760e-04
7.250370	3.294452223e-03
7.255371	-2.198642672e-05
7.260371	1.861308606e-03
7.265371	1.804702073e-03
7.270371	-1.234752746e-03
7.275372	1.700486526e-03
7.280372	1.863866734e-03
7.285372	-2.122541726e-03
7.290372	2.303619356e-03
7.295373	3.804929189e-03
7.300373	8.704649640e-04
7.305373	1.529816462e-03
7.310373	2.602658300e-04
7.315374	5.376354931e-04
7.320374	4.130835081e-03
7.325374	8.723840317e-04
7.330374	-1.774098958e-03
7.335375	1.647107389e-03
7.340375	1.752482460e-03
7.345375	8.749070708e-04
7.350375	1.591249575e-03
7.355376	3.776899966e-04
7.360376	2.160759993e-04
7.365376	3.083306586e-03
7.370377	1.315773277e-03
7.375377	-9.487353204e-04
7.380377	1.210529401e-03
7.385377	1.870870022e-03
7.390378	5.433115218e-04
7.395378	3.085554642e-03
7.400378	1.480008985e-03
7.405378	7.154196869e-04
7.410379	2.427703170e-03
7.415379	6.021667135e-04
7.420379	3.255504458e-04
7.425379	7.658968693e-04
7.430380	7.652651412e-04
7.435380	-5.622994772e-04
7.440380	2.151928736e-03
7.445380	2.649269524e-03
7.450381	-2.262180575e-04
7.455381	-1.774774111e-03
7.460381	1.084938277e-04
7.465381	2.048758173e-03
7.470382	2.040121401e-03
7.475382	1.706500550e-03
7.480382	1.332881059e-03
7.485382	7.212730435e-04
7.490383	-5.593014789e-04
7.495383	1.984927913e-03
7.500383	2.272271922e-03
7.505383	4.457232410e-04
7.510384	1.488027312e-03
7.515384	1.661375092e-03
7.520384	1.661731025e-03
7.525384	5.521429783e-04
7.530385	4.385033655e-04
7.535385	2.598746899e-03
7.540385	-4.876463369e-05
7.545385	-6.593809132e-04
7.550386	1.548858111e-03
7.555386	1.549209246e-03
7.560386	-1.099304979e-03
7.565386	1.109931936e-03
7.570387	4.590103234e-03
7.575387	1.664601099e-03
7.580387	-4.369438178e-04
7.585388	2.893661084e-04
7.590388	2.554596726e-03
7.595388	1.608990692e-03
7.600388	6.153864222e-04
7.605389	1.714674542e-03
7.610389	2.810913728e-04
7.615389	4.544254206e-04
7.620389	2.817764551e-04
7.625390	7.220954851e-04
7.630390	3.772280493e-03
7.635390	1.391742256e-03
7.640390	-9.877967210e-04
7.645391	1.841397507e-03
7.650391	6.187980440e-04
7.655391	-5.468050214e-04
7.660391	3.104345143e-03
7.665392	1.450765626e-03
7.670392	-1.310757979e-03
7.675392	8.974638298e-04
7.680392	3.163681984e-03
7.685393	2.056071809e-03
7.690393	-3.254739744e-04
7.695393	2.169730406e-03
7.700393	7.371347579e-04
7.705394	-1.815404367e-03
7.710394	1.836738830e-03
7.715394	2.832017069e-03
7.720394	8.424471048e-04
7.725395	1.015765949e-03
7.730395	2.059039656e-03
7.735395	2.392348940e-03
7.740395	-9.319845974e-05
7.745396	-3.118623645e-04
7.750396	3.168284071e-03
7.755396	6.737350484e-04
7.760396	-1.256843481e-03
7.765397	1.897317524e-03
7.770397	1.620653109e-03
7.775397	1.067002150e-03
7.780397	3.007223088e-03
7.785398	1.076641082e-03
7.790398	-2.458859627e-03
7.795398	1.899235698e-03
7.800398	4.050443073e-03
7.805399	1.230903698e-03
7.810399	4.082616088e-04
7.815399	4.675737650e-04
7.820400	2.952761291e-03
7.825400	2.732086357e-03
7.830400	4.015185157e-04
7.835400	6.308191982e-04
7.840401	2.677026360e-03
7.845401	9.564252640e-04
7.850401	5.737551170e-04
7.855401	4.700700188e-04
7.860402	-1.633513607e-03
7.865402	2.505583142e-03
7.870402	3.452842256e-03
7.875402	3.563072617e-04
7.880403	7.485933304e-04
7.885403	-1.400558598e-04
7.890403	1.016189780e-03
7.895403	2.631411272e-03
7.900404	2.528361001e-04
7.905404	-5.308212539e-04
7.910404	2.728314153e-03
7.915404	2.241640225e-03
7.920405	3.590369124e-04
7.925405	1.735266411e-03
7.930405	1.525576230e-03
7.935405	2.959801362e-03
7.940406	9.712006595e-04
7.945406	-1.905355381e-03
7.950406	-4.141352653e-04
7.955406	3.041236375e-04
7.960407	1.355364827e-03
7.965407	4.012523270e-03
7.970407	2.904873347e-03
7.975407	-2.572554034e-03
7.980408	4.105856468e-04
7.985408	1.862802836e-03
7.990408	9.741389139e-04
7.995408	1.855383866e-03
8.000409	1.089712253e-03
8.005409	9.180095911e-04
8.010409	2.400221729e-03
8.015409	2.017528438e-03
8.020410	-1.800728373e-04
8.025410	1.254139640e-03
8.030410	-1.895015635e-04
8.035410	1.693686566e-03
8.040411	9.200097256e-04
8.045411	8.052985141e-04
8.050411	2.135512778e-03
8.055412	1.695816759e-03
8.060412	1.083128871e-03
8.065412	-1.018483657e-03
8.070412	1.581662905e-03
8.075413	3.081864955e-03
8.080413	2.862154165e-03
8.085413	-3.484045345e-04
8.090413	6.938187922e-04
8.095414	2.137020927e-03
8.100414	-5.675657434e-04
8.105414	7.036437631e-04
8.110414	1.860858386e-03
8.115415	-7.387357708e-04
8.120415	8.104574106e-04
8.125415	1.306703677e-03
8.130415	9.249940885e-04
8.135416	3.306142642e-03
8.140416	1.365511279e-03
8.145416	1.470774686e-03
8.150416	9.411309284e-05
8.155417	2.093745710e-04
8.160417	2.312533782e-03
8.165417	2.669042373e-04
8.170417	-1.881592745e-05
8.175418	6.984119593e-04
8.180418	1.874615688e-03
8.185418	1.645890482e-03
8.190418	1.530158792e-03
8.195419	7.654595473e-04
8.200419	-1.232340736e-04
8.205419	2.420896218e-03
8.210419	2.813135735e-03
8.215420	1.923440032e-03
8.220420	5.957659941e-04
8.225420	7.010180390e-04
8.230420	1.541231824e-03
8.235421	-2.264218707e-04
8.240421	1.478142972e-04
8.245421	2.918927301e-03
8.250421	2.651194842e-03
8.255422	2.155724234e-04
8.260422	9.227887308e-04
8.265422	1.868992116e-03
8.270422	1.878242656e-03
8.275423	1.005837728e-04
8.280423	1.315771277e-03
8.285423	3.083929819e-03
8.290424	2.643220268e-04
8.295424	4.935577616e-04
8.300424	4.948044303e-04
8.305424	-1.110867520e-03
8.310425	4.932958302e-04
8.315425	1.708478339e-03
8.320425	2.369688435e-03
8.325425	2.426928672e-03
8.330426	-1.444631090e-03
8.335426	2.665232220e-04
8.340426	1.709690510e-03
8.345426	3.038862907e-03
8.350427	3.039102482e-03
8.355427	3.824770752e-04
8.360427	-3.922451898e-04
8.365427	3.202808586e-03
8.370428	3.471031607e-03
8.375428	1.539366301e-03
8.380428	-1.613115227e-04
8.385428	-1.328017342e-03
8.390429	1.043095382e-03
8.395429	1.990280135e-03
8.400429	2.152504274e-03
8.405429	-6.091229305e-04
8.410430	1.827983555e-03
8.415430	3.032152311e-03
8.420430	8.254946035e-04
8.425430	-1.488158355e-03
8.430431	-5.029805633e-04
8.435431	2.757080292e-03
8.440431	1.111391054e-03
8.445431	1.176677916e-04
8.450432	7.698597238e-04
8.455432	2.489996378e-03
8.460432	2.318228969e-03
8.465432	-6.163980103e-04
8.470433	3.957726574e-04
8.475433	2.653878954e-03
8.480433	1.545156536e-03
8.485433	2.108347985e-03
8.490434	2.042570847e-03
8.495434	-5.000804716e-04
8.500434	1.449038014e-03
8.505435	3.883095481e-04
8.510435	4.945207454e-04
8.515435	1.498685348e-03
8.520435	1.718889282e-03
8.525436	1.938092546e-03
8.530436	2.273936858e-04
8.535436	1.222555867e-03
8.540436	1.824737405e-03
8.545437	2.043937788e-03
8.550437	3.373080745e-03
8.555437	6.645981375e-05
8.560437	8.886272292e-04
8.565438	1.270816401e-03
8.570438	-1.702823705e-03
8.575438	1.166236974e-03
8.580438	2.046398542e-03
8.585439	1.395637599e-03
8.590439	1.778823112e-03
8.595439	1.712030892e-03
8.600439	1.884225740e-03
8.605440	6.224931225e-04
8.610440	2.877124266e-04
8.615440	1.330860612e-03
8.620440	6.710950741e-04
8.625441	2.209216527e-03
8.630441	7.774889815e-04
8.635441	-9.812225821e-04
8.640441	3.155763931e-03
8.645442	2.326003462e-03
8.650442	1.169258976e-03
8.655442	1.455440049e-03
8.660442	-1.012854501e-04
8.665443	1.112846769e-03
8.670443	1.309647585e-05
8.675443	2.269174016e-03
8.680443	1.113425136e-03
8.685444	-2.053161415e-04
8.690444	1.945764590e-03
8.695444	1.447979923e-03
8.700444	2.939092922e-03
8.705445	4.454087724e-04
8.710445	-4.823561018e-04
8.715445	2.891658529e-03
8.720445	2.213879434e-03
8.725446	-2.618085351e-04
8.730446	1.287297152e-03
8.735446	-1.045399573e-03
8.740447	6.756958765e-04
8.745447	2.836768123e-03
8.750447	-9.790002496e-05
8.755447	-1.557158714e-04
8.760448	1.214504426e-04
8.765448	1.555556925e-03
8.770448	3.993611391e-03
8.775448	3.611809192e-03
8.780449	8.391284121e-04
8.785449	1.233418230e-04
8.790449	1.614441762e-03
8.795449	2.779557627e-03
8.800450	-8.130841684e-04
8.805450	2.933898341e-03
8.810450	3.833025615e-03
8.815450	-2.685468886e-03
8.820451	-5.454064631e-04
8.825451	1.232673725e-03
8.830451	2.666770759e-03
8.835451	1.224014039e-03
8.840452	4.112244077e-04
8.845452	1.950313895e-03
8.850452	-3.144030158e-04
8.855452	3.059591274e-03
8.860453	1.061859267e-03
8.865453	-3.691939348e-05
8.870453	2.009140553e-03
8.875453	1.005355583e-03
8.880454	1.559490293e-03
8.885454	2.400609613e-03
8.890454	2.669757425e-03
8.895454	1.503977816e-03
8.900455	4.031941576e-04
8.905455	-2.556128094e-04
8.910455	-6.374346562e-04
8.915455	6.816558714e-04
8.920456	1.560768147e-03
8.925456	2.783862121e-03
8.930456	1.896063206e-03
8.935456	-1.486773319e-04
8.940457	6.824344783e-04
8.945457	3.330452736e-03
8.950457	2.622641708e-03
8.955457	-1.630988901e-03
8.960458	-7.598820538e-04
8.965458	1.772206919e-04
8.970458	1.629296398e-03
8.975459	2.728389408e-03
8.980459	2.442552440e-03
8.985459	9.037787526e-04
8.990459	-8.639839671e-04
8.995460	-4.248601632e-04
9.000460	3.283095911e-03
9.005460	2.462282621e-03
9.010460	5.705233132e-04
9.015461	3.496779101e-04
9.020461	3.781645160e-03
9.025461	1.956880236e-03
9.030461	-1.465803784e-03
9.035462	3.447085614e-03
9.040462	1.344332698e-03
9.045462	-2.034493024e-04
9.050462	1.564598566e-03
9.055463	2.071710121e-03
9.060463	5.239259260e-04
9.065463	1.020036580e-03
9.070463	1.403152274e-03
9.075464	6.863234309e-04
9.080464	2.014389385e-03
9.085464	5.725961148e-04
9.090464	7.917172587e-04
9.095465	1.508812230e-03
9.100465	5.819904529e-04
9.105465	8.591064365e-04
9.110465	1.332729264e-04
9.115466	2.063303000e-03
9.120466	5.815066454e-04
9.125466	2.866209923e-05
9.130466	8.507465774e-04
9.135467	5.728865168e-04
9.140467	2.016937754e-03
9.145467	1.519087466e-03
9.150467	2.064183162e-03
9.155468	3.117252174e-03
9.160468	1.185472942e-03
9.165468	-8.603011985e-04
9.170468	9.087290355e-04
9.175469	2.733755675e-03
9.180469	1.577933867e-03
9.185469	-1.021814907e-03
9.190470	1.922407447e-04
9.195470	3.174205343e-03
9.200470	3.002330332e-03
9.205470	-1.893911357e-04
9.210471	3.071235899e-05
9.215471	1.731739462e-03
9.220471	1.740852267e-03
9.225471	2.514925258e-03
9.230472	3.671977948e-03
9.235472	8.522330710e-04
9.240472	-1.020560918e-03
9.245472	3.149493228e-05
9.250473	2.505926026e-04
9.255473	1.522635745e-03
9.260473	1.732732406e-03
9.265473	4.139064411e-04
9.270474	6.909982090e-04
9.275474	3.012984772e-03
9.280474	2.512303190e-04
9.285474	-1.746563899e-03
9.290475	4.286230880e-03
9.295475	1.906454707e-03
9.300475	-1.020294258e-03
9.305475	1.580673641e-03
9.310476	1.685768314e-03
9.315476	2.898805648e-03
9.320476	2.679915402e-03
9.325476	-1.868403056e-04
9.330477	3.582289472e-04
9.335477	1.848249188e-03
9.340477	5.294121931e-04
9.345477	6.355016650e-04
9.350478	9.605792132e-04
9.355478	2.021618427e-03
9.360478	1.801722344e-03
9.365478	6.928709412e-04
9.370479	1.074942633e-03
9.375479	4.160667691e-04
9.380479	2.299060309e-03
9.385479	1.132208924e-03
9.390480	-1.386378847e-04
9.395480	3.341271863e-03
9.400480	1.744440235e-03
9.405480	6.925800289e-04
9.410481	1.687614514e-03
9.415481	2.547722986e-04
9.420481	2.577737469e-03
9.425482	2.184840651e-03
9.430482	-4.149441581e-04
9.435482	8.660720329e-04
9.440482	8.081558906e-04
9.445483	1.076222357e-03
9.450483	8.573129660e-04
9.455483	2.071329632e-03
9.460483	4.744891621e-04
9.465484	-1.016357460e-03
9.470484	2.625532959e-03
9.475484	1.745653649e-03
9.480484	1.410745760e-03
9.485485	2.137782881e-03
9.490485	6.379330327e-04
9.495485	1.851943800e-03
9.500485	2.578978709e-03
9.505486	-5.757888054e-04
9.510486	1.019200286e-03
9.515486	2.300204681e-03
9.520486	1.403841232e-04
9.525487	1.240396289e-03
9.530487	-1.177412564e-03
9.535487	2.244479506e-03
9.540487	4.290441131e-03
9.545488	-1.932643923e-04
9.550488	5.797607894e-04
9.555488	1.192793407e-03
9.560488	4.758932301e-04
9.565489	9.249327495e-04
9.570489	1.087986141e-03
9.575489	3.620842102e-04
9.580489	2.292045858e-03
9.585490	1.135164468e-03
9.590490	-2.400596127e-03
9.595490	9.162924498e-04
9.600490	4.568163175e-03
9.605491	7.534146176e-04
9.610491	1.415016949e-04
9.615491	3.353392683e-03
9.620491	9.745685513e-04
9.625492	1.795580208e-03
9.630492	3.572297749e-05
9.635492	-1.922209216e-05
9.640492	3.899629086e-03
9.645493	-7.811705253e-05
9.650493	-8.510276585e-04
9.655493	3.899778800e-03
9.660494	2.846881021e-03
9.665494	5.810444695e-04
9.670494	3.811915910e-05
9.675494	1.531594956e-04
9.680495	2.465086858e-03
9.685495	1.739168680e-03
9.690495	8.112600823e-04
9.695495	1.251280861e-03
9.700496	9.653379881e-04
9.705496	2.246314326e-03
9.710496	-1.815205995e-04
9.715496	-1.454415267e-03
9.720497	6.965144087e-04
9.725497	3.125429144e-03
9.730497	3.068470139e-03
9.735497	-5.733064635e-04
9.740498	-5.732698587e-04
9.745498	3.067580005e-03
9.750498	1.145713318e-03
9.755498	2.017959297e-04
9.760499	1.414767611e-03
9.765499	1.480797148e-03
9.770499	2.189793099e-03
9.775499	8.608924218e-04
9.780500	1.031914377e-03
9.785500	1.079941877e-03
9.790500	5.839964283e-04
9.795500	1.414982449e-03
9.800501	4.119871997e-03
9.805501	1.424036718e-03
9.810501	-1.818549832e-04
9.815501	4.121401878e-04
9.820502	3.623000928e-03
9.825502	2.571969193e-04
9.830502	-2.063661214e-03
9.835502	1.587174831e-03
9.840503	-4.596987782e-04
9.845503	2.964147384e-03
9.850503	2.907170635e-03
9.855503	1.415266455e-03
9.860504	1.415285316e-03
9.865504	2.686238507e-03
9.870504	8.123516227e-04
9.875504	-2.955751325e-04
9.880505	-1.425670463e-04
9.885505	8.603968776e-04
9.890505	3.135295081e-03
9.895506	1.530390757e-03
9.900506	-1.325113437e-04
9.905506	-1.070451221e-03
9.910506	1.587424458e-03
9.915507	3.795322386e-03
9.920507	1.138468106e-03
9.925507	-4.674406045e-04
9.930507	-7.934154444e-04
9.935508	-6.304160048e-04
9.940508	2.495460668e-04
9.945508	-3.832239115e-03
9.950508	-1.184282432e-02
9.955509	-1.162383070e-02
9.960509	-6.548085943e-03
9.965509	4.676343950e-03
9.970509	-1.841361396e-05
9.975510	-1.256977054e-02
9.980510	-3.220247079e-03
9.985510	6.405560492e-04
9.990510	2.523459485e-03
9.995511	1.750497865e-03
10.000511	6.985497577e-04
10.005511	1.472507629e-03
10.010511	1.243515999e-03
10.015512	1.912477754e-03
10.020512	2.015603537e-04
10.025512	1.634481601e-03
10.030512	4.775344193e-04
10.035513	-2.780306171e-03
10.040513	-3.219291511e-03
10.045513	-6.538130464e-03
10.050513	-1.234984280e-02
10.055514	-1.406076538e-02
10.060514	-8.756047113e-03
10.065514	-3.555324273e-03
10.070514	-4.826271548e-03
10.075515	-4.884281529e-03
10.080515	-1.519467116e-03
10.085515	1.577360249e-03
10.090515	2.141316274e-03
10.095516	1.530331585e-03
10.100516	9.753432958e-04
10.105516	-1.127566653e-03
10.110517	-2.675505693e-03
10.115517	-4.272442970e-03
10.120517	-1.361198543e-02
10.125517	-2.306552281e-02
10.130518	-1.246508544e-02
10.135518	-1.959643968e-03
10.140518	3.642147507e-04
10.145518	-5.727606796e-04
10.150519	2.571728824e-04
10.155519	3.785967825e-03
10.160519	5.931054255e-04
10.165519	-5.168641247e-04
10.170520	1.415010183e-03
10.175520	2.245939997e-03
10.180520	-4.721732512e-03
10.185520	-5.600716820e-03
10.190521	-1.024750938e-02
10.195521	-2.340086809e-02
10.200521	-1.327741671e-02
10.205521	-2.065021702e-03
10.210522	-1.635076578e-03
10.215522	-7.618986849e-05
10.220522	-6.781935024e-04
10.225522	-1.922534565e-04
10.230523	-7.729519711e-05
10.235523	3.240498696e-03
10.240523	1.634543396e-03
10.245523	-1.510334023e-03
10.250524	3.517370296e-03
10.255524	2.005001860e-04
10.260524	-2.839384814e-03
10.265524	-5.325298854e-03
10.270525	-1.698674487e-02
10.275525	-1.550486310e-02
10.280525	-6.549363877e-03
10.285525	-6.701400107e-03
10.290526	-3.499608416e-03
10.295526	-2.954681730e-03
10.300526	-1.908691423e-04
10.305526	4.070866181e-03
10.310527	2.683889348e-03
10.315527	6.389453902e-04
10.320527	8.118873862e-04
10.325527	5.828491799e-04
10.330528	-3.891972856e-03
10.335528	-3.557041351e-03
10.340528	-7.312901595e-03
10.345529	-2.169121989e-02
10.350529	-2.252323099e-02
10.355529	-6.482104840e-03
10.360529	6.964733424e-04
10.365530	5.244263162e-04
10.370530	2.025293085e-03
10.375530	1.642255362e-03
10.380530	-9.096722959e-04
10.385531	5.811927693e-04
10.390531	1.031110276e-03
10.395531	3.563920634e-03
10.400531	2.405918811e-03
10.405532	-4.379796242e-03
10.410532	-4.274864062e-03
10.415532	-8.433714792e-03
10.420532	-2.125112391e-02
10.425533	-1.560247716e-02
10.430533	-2.670203262e-03
10.435533	-3.395232372e-03
10.440533	-1.082417417e-03
10.445534	5.904294947e-04
10.450534	8.103498959e-04
10.455534	3.023067497e-04
10.460534	-3.557294713e-04
10.465535	2.082075409e-03
10.470535	3.733919705e-03
10.475535	1.019986304e-03
10.480535	-1.732945843e-03
10.485536	-2.345988051e-03
10.490536	-3.836986143e-03
10.495536	-3.558075393e-03
10.500536	-5.117071486e-03
10.505537	-5.501128341e-03
10.510537	-1.196187549e-02
10.515537	-1.826063165e-02
10.520537	-1.058510246e-02
10.525538	-1.408650695e-03
10.530538	2.529067972e-03
10.535538	5.310891466e-04
10.540538	1.573954233e-03
10.545539	3.395053596e-05
10.550539	-1.409058853e-03
10.555539	3.676597484e-03
10.560539	-5.782697259e-04
10.565540	-1.801292564e-03
10.570540	-1.629387402e-03
10.575540	-4.440330589e-03
10.580541	-6.103333159e-03
10.585541	-1.185812742e-02
10.590541	-2.169371394e-02
10.595541	-1.257426958e-02
10.600542	1.469900406e-04
10.605542	3.098905069e-04
10.610542	3.006660786e-03
10.615542	5.786921430e-04
10.620543	8.062416854e-05
10.625543	-2.185354223e-03
10.630543	-1.515483337e-03
10.635543	1.084288218e-03
10.640544	4.712231745e-04
10.645544	1.848055735e-03
10.650544	1.963951979e-03
10.655544	-1.515968809e-03
10.660545	-2.626011405e-03
10.665545	-6.879894124e-03
10.670545	-2.765993329e-02
10.675545	-1.782453727e-02
10.680546	1.188389144e-03
10.685546	-3.064496568e-03
10.690546	1.743154099e-03
10.695546	-8.385701597e-05
10.700547	-1.412894307e-03
10.705547	1.015875688e-03
10.710547	1.130763159e-03
10.715547	2.507007259e-04
10.720548	-2.177283362e-03
10.725548	3.084807816e-04
10.730548	1.072332159e-03
10.735548	-9.156766097e-04
10.740549	-1.925885056e-02
10.745549	-3.031939730e-02
10.750549	-6.441729700e-03
10.755549	5.277558312e-03
10.760550	1.234650852e-03
10.765550	-1.298334482e-03
10.770550	-1.958416233e-03
10.775550	-2.570501170e-03
10.780551	-1.194688400e-03
10.785551	3.393959499e-03
10.790551	2.628880176e-03
10.795551	-1.854009944e-03
10.800552	-1.992143617e-04
10.805552	1.347586005e-03
10.810552	2.675396825e-03
10.815553	-6.929234570e-03
10.820553	-3.511891722e-02
10.825553	-1.927185036e-02
10.830553	2.894892901e-03
10.835554	-2.490714909e-04
10.840554	-2.801066858e-03
10.845554	1.906538234e-04
10.850554	1.022484117e-03
10.855555	-8.035505374e-04
10.860555	3.172117677e-03
10.865555	-6.418168840e-04
10.870555	-2.018876674e-03
10.875556	1.020837159e-03
10.880556	1.901660554e-03
10.885556	-1.977036460e-02
10.890556	-3.092592775e-02
10.895557	-6.559306403e-03
10.900557	1.958123922e-03
10.905557	8.408439586e-05
10.910557	-2.468921175e-03
10.915558	-4.711599680e-04
10.920558	1.402606842e-03
10.925558	-1.417387284e-03
10.930558	3.505222302e-03
10.935559	2.062156368e-03
10.940559	-9.118320858e-04
10.945559	2.786837835e-03
10.950559	2.003735991e-03
10.955560	-2.909155602e-03
10.960560	-2.457019229e-02
10.965560	-3.203695488e-02
10.970560	-4.018531062e-03
10.975561	1.124060705e-03
10.980561	-2.079921847e-03
10.985561	-6.441421670e-04
10.990561	-5.872927705e-04
10.995562	2.352759420e-05
11.000562	1.295313461e-03
11.005562	1.954129913e-03
11.010562	1.342010564e-03
11.015563	9.598787361e-04
11.020563	-2.542113190e-04
11.025563	1.733534320e-03
11.030564	2.776327505e-03
11.035564	-1.314001363e-02
11.040564	-3.407509909e-02
11.045564	-1.385728771e-02
11.050565	2.908330261e-04
11.055565	-3.123149748e-03
11.060565	-4.754429320e-04
11.065565	1.237349965e-05
11.070566	2.440090096e-03
11.075566	4.610310981e-04
11.080566	-2.570930478e-04
11.085566	8.436891529e-04
11.090567	2.945419488e-03
11.095567	1.950307307e-03
11.100567	-5.907266241e-04
11.105567	-4.739679138e-03
11.110568	-2.524379682e-02
11.115568	-2.407802231e-02
11.120568	-2.800276017e-03
11.125568	-6.965508814e-04
11.130569	-1.089698913e-03
11.135569	-2.679097411e-04
11.140569	2.121798601e-03
11.145569	-1.692176850e-03
11.150570	-4.294123890e-04
11.155570	2.274277730e-03
11.160570	8.221017068e-06
11.165570	1.346979414e-03
11.170571	1.118817134e-03
11.175571	1.338631242e-03
11.180571	-1.584166644e-02
11.185571	-3.430989905e-02
11.190572	-1.308716012e-02
11.195572	2.444868809e-03
11.200572	5.137891684e-04
11.205572	1.231573476e-03
11.210573	1.058402575e-03
11.215573	3.422586880e-04
11.220573	1.709410020e-05
11.225573	1.172853129e-03
11.230574	-4.342474185e-04
11.235574	-1.208391246e-03
11.240574	1.783538055e-04
11.245574	4.071572886e-04
11.250575	-8.169657261e-04
11.255575	-1.630136093e-02
11.260575	-2.541208249e-02
11.265576	-5.176304024e-03
11.270576	-2.756616095e-03
11.275576	-6.189629886e-03
11.280576	6.168324827e-04
11.285577	7.066975885e-05
11.290577	2.894672303e-04
11.295577	2.442165178e-03
11.300577	5.010715461e-04
11.305578	-3.210799745e-04
11.310578	2.115601293e-03
11.315578	-1.014804104e-04
11.320578	-3.141520794e-03
11.325579	-5.962573089e-03
11.330579	-2.674270861e-02
11.335579	-2.160016920e-02
11.340579	1.779437794e-03
11.345580	-1.432597419e-03
11.350580	-2.654735015e-03
11.355580	-9.360235768e-04
11.360580	-1.041219681e-03
11.365581	1.005473557e-03
11.370581	2.276205714e-03
11.375581	3.351012365e-04
11.380581	-1.040806938e-04
11.385582	-1.595209604e-03
11.390582	-3.814774227e-04
11.395582	1.142907165e-04
11.400582	-2.343071367e-02
11.405583	-2.873465067e-02
11.410583	-4.082118824e-03
11.415583	1.279397847e-03
11.420583	-1.051693201e-03
11.425584	1.150363319e-04
11.430584	-1.551614455e-04
11.435584	-6.043507993e-04
11.440584	3.038250084e-03
11.445585	2.989038855e-03
11.450585	1.057923049e-03
11.455585	7.717224871e-04
11.460585	-3.844343504e-04
11.465586	-1.044617246e-03
11.470586	-2.232274753e-02
11.475586	-3.034355582e-02
11.480586	-5.912022768e-03
11.485587	2.155345584e-03
11.490587	-1.609682289e-03
11.495587	-1.876889578e-03
11.500588	-1.208145401e-03
11.505588	4.570265532e-06
11.510588	2.479220744e-03
11.515588	9.420754589e-04
11.520589	-1.151042141e-03
11.525589	2.431549580e-03
11.530589	5.474198667e-04
11.535589	-5.750485072e-03
11.540590	-2.602567666e-02
11.545590	-2.542393552e-02
11.550590	-2.664327108e-03
11.555590	-6.096616351e-04
11.560591	-9.918723840e-04
11.565591	1.435772600e-03
11.570591	-9.923350623e-04
11.575591	3.273650903e-04
11.580592	2.096041589e-03
11.585592	3.480736988e-03
11.590592	5.446524109e-04
11.595592	2.204336824e-04
11.600593	1.052035609e-04
11.605593	-1.548948656e-03
11.610593	-9.338788127e-03
11.615593	-3.145889621e-02
11.620594	-1.702587244e-02
11.625594	7.159815790e-04
11.630594	-3.824026782e-03
11.635594	2.675231709e-04
11.640595	2.809151592e-03
11.645595	8.780078036e-04
11.650595	-1.655105946e-03
11.655595	1.268500817e-03
11.660596	8.192791763e-04
11.665596	1.870980142e-03
11.670596	-9.491218022e-04
11.675596	-9.983660187e-04
11.680597	-8.567226785e-03
11.685597	-2.997038150e-02
11.690597	-1.857821238e-02
11.695597	-2.766269765e-03
11.700598	-8.356186977e-04
11.705598	8.170458582e-04
11.710598	7.597970578e-04
11.715598	1.763493343e-03
11.720599	9.302827598e-04
11.725599	8.160347338e-04
11.730599	-6.741437105e-04
11.735600	2.919417414e-03
11.740600	-7.806495549e-04
11.745600	-3.983742625e-03
11.750600	-1.664935298e-02
11.755601	-2.864499828e-02
11.760601	-1.051318345e-02
11.765601	1.759929985e-03
11.770601	-5.052145590e-04
11.775602	-1.614418869e-03
11.780602	-8.487196751e-04
11.785602	-8.399825197e-04
11.790602	5.446836316e-04
11.795603	4.784231981e-04
11.800603	-4.577935009e-04
11.805603	2.197805591e-03
11.810603	4.740409746e-03
11.815604	2.083278837e-03
11.820604	-2.447757048e-03
11.825604	5.918195901e-04
11.830604	2.196468827e-03
11.835605	1.814218862e-03
11.840605	4.280194781e-04
11.845605	8.087291178e-04
11.850605	1.421426197e-03
11.855606	-7.847334209e-04
11.860606	2.559403781e-04
11.865606	7.516413110e-04
11.870606	-4.065739681e-04
11.875607	7.020942343e-04
11.880607	2.032750389e-03
11.885607	-1.854128615e-04
11.890607	-1.122642259e-03
11.895608	-3.499597197e-04
11.900608	1.360674195e-03
11.905608	2.633329779e-03
11.910608	1.801092191e-03
11.915609	-1.067042092e-03
11.920609	7.575831743e-04
11.925609	3.071182754e-03
11.930609	5.860267882e-04
11.935610	4.227514962e-04
11.940610	2.295371489e-03
11.945610	3.061880690e-04
11.950611	1.196856818e-03
11.955611	2.086524913e-03
11.960611	1.415272049e-03
11.965611	4.062848927e-03
11.970612	1.796676136e-03
11.975612	-3.545032345e-04
11.980612	4.201672153e-04
11.985612	2.293780818e-03
11.990613	2.026503093e-03
11.995613	1.805222313e-03
12.000613	3.839825582e-03
12.005613	1.417210219e-04
12.010614	6.394014038e-04
12.015614	2.187027443e-03
12.020614	-1.465081574e-03
12.025614	6.365147594e-04
12.030615	4.336028757e-03
12.035615	1.898855564e-03
12.040615	3.696352845e-04
12.045615	1.745265900e-03
12.050616	1.954955380e-03
12.055616	1.017702754e-03
12.060616	9.124069241e-04
12.065616	1.418079180e-03
12.070617	-3.601325844e-04
12.075617	1.075490762e-03
12.080617	3.177079384e-03
12.085617	2.840791854e-03
12.090618	2.401508886e-03
12.095618	2.020222255e-03
12.100618	1.754312241e-02
12.105618	2.859225042e-02
12.110619	1.517162785e-02
12.115619	6.654754055e-03
12.120619	1.625701375e-03
12.125619	-5.824961153e-04
12.130620	1.960062989e-03
12.135620	4.282632634e-03
12.140620	3.498360304e-03
12.145620	-1.547661594e-04
12.150621	-6.420550568e-04
12.155621	1.680511798e-03
12.160621	3.345111570e-03
12.165621	3.401792792e-03
12.170622	1.727561745e-03
12.175622	1.249969414e-02
12.180622	3.351030277e-02
12.185623	1.936470678e-02
12.190623	4.385152692e-03
12.195623	5.213790298e-03
12.200623	1.792644323e-03
12.205624	1.874048807e-04
12.210624	-1.639823915e-03
12.215624	2.498641817e-03
12.220624	3.052289997e-03
12.225625	1.457047265e-03
12.230625	4.658558782e-03
12.235625	1.300280687e-02
12.240625	3.191151455e-02
12.245626	2.284865055e-02
12.250626	2.937340081e-03
12.255626	2.947011194e-03
12.260626	-9.516247231e-05
12.265627	-9.844468187e-04
12.270627	1.071117695e-03
12.275627	2.666705016e-03
12.280627	2.772367763e-03
12.285628	1.722088872e-03
12.290628	3.660656594e-03
12.295628	3.057353485e-03
12.300628	1.896420621e-02
12.305629	3.632198412e-02
12.310629	1.355281135e-02
12.315629	1.222104608e-03
12.320629	1.507752629e-03
12.325630	3.404741866e-04
12.330630	-1.370777155e-03
12.335630	-1.035133759e-03
12.340630	3.045317632e-03
12.345631	5.644843991e-03
12.350631	5.978485421e-03
12.355631	1.614962358e-02
12.360631	3.488632345e-02
12.365632	1.697089513e-02
12.370632	-3.785627988e-04
12.375632	1.227010207e-03
12.380632	2.211614249e-03
12.385633	2.707242584e-03
12.390633	2.323915135e-03
12.395633	4.647448710e-03
12.400633	2.924184382e-02
12.405634	3.377326323e-02
12.410634	4.265420947e-03
12.415634	-5.446837804e-04
12.420635	2.102829810e-03
12.425635	3.489407133e-03
12.430635	4.952075758e-04
12.435635	2.188684826e-04
12.440636	4.147313889e-03
12.445636	8.343744920e-03
12.450636	3.046425956e-02
12.455636	2.758505070e-02
12.460637	3.475925754e-03
12.465637	2.596613356e-03
12.470637	2.099280759e-03
12.475637	-6.639367612e-04
12.480638	3.532489479e-03
12.485638	1.821216849e-03
12.490638	3.389318379e-04
12.495638	2.212474700e-03
12.500639	2.155115526e-03
12.505639	3.702673677e-03
12.510639	5.136236969e-03
12.515639	1.137855391e-02
12.520640	2.828732524e-02
12.525640	2.315422196e-02
12.530640	2.648903346e-03
12.535640	1.873576078e-03
12.540641	2.535174720e-03
12.545641	-8.310215470e-04
12.550641	1.271502119e-03
12.555641	2.868050954e-03
12.560642	5.573542455e-03
12.565642	3.202292637e-03
12.570642	5.024827887e-03
12.575642	3.071114330e-02
12.580643	2.591301543e-02
12.585643	1.593884173e-03
12.590643	2.970439491e-03
12.595643	4.584981972e-03
12.600644	1.373770314e-03
12.605644	8.184222951e-04
12.610644	2.757946140e-03
12.615644	1.420636714e-03
12.620645	-1.066614640e-03
12.625645	7.679125369e-04
12.630645	1.868476534e-03
12.635645	2.422067798e-03
12.640646	5.576525512e-03
12.645646	5.011172589e-03
12.650646	2.916555610e-02
12.655647	3.094408208e-02
12.660647	4.791034361e-03
12.665647	2.133785607e-03
12.670647	-2.389368497e-03
12.675648	4.712116895e-05
12.680648	3.746545639e-03
12.685648	2.247235030e-03
12.690648	2.742821830e-03
12.695649	4.462345428e-03
12.700649	1.643100230e-03
12.705649	8.577504508e-04
12.710649	3.793209909e-03
12.715650	2.472886115e-03
12.720650	2.854474700e-03
12.725650	1.421155334e-03
12.730650	-5.681363008e-04
12.735651	8.563969865e-04
12.740651	3.304444258e-05
12.745651	2.078544663e-03
12.750651	2.795112105e-03
12.755652	-9.520930779e-04
12.760652	-7.984982161e-04
12.765652	1.522985222e-03
12.770652	8.146227791e-04
12.775653	1.971164392e-03
12.780653	3.289697059e-03
12.785653	1.129406784e-03
12.790653	-1.624853815e-03
12.795654	-2.008236208e-03
12.800654	1.129200859e-03
12.805654	1.960755061e-03
12.810654	5.170187114e-03
12.815655	2.511876333e-02
12.820655	2.810220559e-02
12.825655	6.717892087e-03
12.830655	4.614592887e-03
12.835656	1.852326686e-03
12.840656	-2.287869786e-03
12.845656	2.892456907e-03
12.850656	4.220979716e-03
12.855657	7.507470186e-04
12.860657	2.126266095e-03
12.865657	1.897866447e-03
12.870658	-8.074073266e-04
12.875658	1.628055604e-03
12.880658	1.187664792e-03
12.885658	-1.469613428e-03
12.890659	2.735757089e-03
12.895659	4.134604275e-04
12.900659	-1.087878838e-03
12.905659	4.388424758e-03
12.910660	2.237117371e-03
12.915660	4.587902671e-04
12.920660	7.590007328e-03
12.925660	3.318728033e-02
12.930661	2.920206398e-02
12.935661	3.382962432e-03
12.940661	-9.828098358e-05
12.945661	3.228127149e-03
12.950662	4.500639551e-03
12.955662	2.621810680e-02
12.960662	3.482824301e-02
12.965662	8.474164825e-03
12.970663	2.176061355e-03
12.975663	2.662610609e-03
12.980663	7.031649664e-05
12.985663	2.010790154e-03
12.990664	1.399393523e-03
12.995664	5.100104359e-04
13.000664	-1.806446981e-02
13.005664	-3.398008655e-02
13.010665	-1.120068081e-02
13.015665	1.281250356e-03
13.020665	-1.042062764e-03
13.025665	-2.452729542e-02
13.030666	-3.281630507e-02
13.035666	-7.562029052e-03
13.040666	-6.508165732e-04
13.045666	7.246780595e-04
13.050667	1.059225217e-03
13.055667	1.798337363e-04
13.060667	-1.379523661e-03
13.065667	3.979478145e-04
13.070668	-9.056007571e-03
13.075668	-2.625256806e-02
13.080668	-2.088128215e-02
13.085668	-4.077580949e-03
13.090669	1.714682148e-03
13.095669	3.148167274e-03
13.100669	1.771795297e-03
13.105670	-1.095501164e-03
13.110670	-2.042896361e-03
13.115670	-5.524167574e-04
13.120670	1.161041871e-04
13.125671	-2.773212672e-04
13.130671	2.104110865e-03
13.135671	1.110714760e-03
13.140671	5.532957306e-04
13.145672	1.823782667e-03
13.150672	1.548347931e-03
13.155672	3.329605654e-04
13.160672	1.326459703e-03
13.165673	3.320597484e-04
13.170673	-2.153264686e-03
13.175673	1.488097229e-03
13.180673	-1.962827668e-02
13.185674	-3.189310344e-02
13.190674	-8.675743571e-03
13.195674	-5.641156873e-06
13.200674	-2.824952417e-03
13.205675	-2.652417173e-03
13.210675	-1.697414209e-02
13.215675	-3.030091848e-02
13.220675	-1.194631407e-02
13.225676	-2.158272647e-03
13.230676	-6.108108758e-04
13.235676	2.151588181e-03
13.240676	2.582244465e-04
13.245677	-8.981775826e-04
13.250677	-1.626769101e-04
13.255677	3.142691828e-03
13.260677	-9.015645984e-04
13.265678	-1.389003380e-03
13.270678	4.374389829e-04
13.275678	1.861901239e-03
13.280678	1.421458127e-03
13.285679	8.190226485e-04
13.290679	2.471471330e-03
13.295679	-7.318325595e-04
13.300679	-2.501210347e-03
13.305680	3.636007290e-03
13.310680	2.202611056e-03
13.315680	-8.477032145e-04
13.320680	4.807581712e-04
13.325681	1.703224332e-03
13.330681	2.964687860e-03
13.335681	5.353393056e-04
13.340682	5.620606204e-03
13.345682	3.087684196e-02
13.350682	3.049338697e-02
13.355682	6.719126335e-03
13.360683	2.846848303e-03
13.365683	2.812008064e-02
13.370683	3.547122795e-02
13.375683	8.209142949e-03
13.380684	3.179921474e-03
13.385684	2.472478570e-03
13.390684	1.423939774e-02
13.395684	3.849767811e-02
13.400685	2.148306640e-02
13.405685	1.190621514e-03
13.410685	4.112989991e-03
13.415685	-7.262911695e-03
13.420686	-3.075819486e-02
13.425686	-2.119016780e-02
13.430686	-1.843640941e-03
13.435686	-2.801077424e-03
13.440687	1.577212868e-03
13.445687	-5.437915405e-03
13.450687	-3.285400206e-02
13.455687	-2.782874672e-02
13.460688	-8.616129845e-04
13.465688	-8.714174312e-05
13.470688	-2.852490290e-03
13.475688	-1.650128345e-02
13.480689	-2.949211086e-02
13.485689	-1.378840485e-02
13.490689	5.783688274e-04
13.495689	4.618818011e-04
13.500690	-2.461462458e-03
13.505690	-1.418135795e-02
13.510690	-3.037602546e-02
13.515690	-1.506130335e-02
13.520691	-1.967468416e-03
13.525691	-2.636930966e-03
13.530691	-2.828411808e-02
13.535691	-2.988053453e-02
13.540692	-1.015204105e-02
13.545692	-3.486327786e-02
13.550692	-2.761714794e-02
13.555693	-2.972054100e-02
13.560693	-3.618271200e-02
13.565693	-3.540825333e-02
13.570693	-3.258889976e-02
13.575694	-2.563175820e-02
13.580694	-3.824061768e-02
13.585694	-2.927458001e-02
13.590694	-3.634872349e-02
13.595695	-2.601575690e-02
13.600695	-3.431283915e-02
13.605695	-2.453384551e-02
13.610695	-1.451786459e-02
13.615696	-4.038605104e-02
13.620696	-2.005359842e-02
13.625696	-2.760991115e-03
13.630696	-1.232101258e-02
13.635697	-3.204251554e-02
13.640697	-1.624083394e-02
13.645697	-1.539096760e-03
13.650697	-2.696549984e-03
13.655698	-6.041698575e-04
13.660698	6.428239561e-05
13.665698	-2.259113123e-03
13.670698	-2.371053204e-02
13.675699	-2.806982479e-02
13.680699	-4.965521220e-03
13.685699	-1.447655201e-02
13.690699	-3.438005249e-02
13.695700	-2.961981360e-02
13.700700	-3.548003276e-02
13.705700	-3.725046147e-02
13.710700	-3.945686853e-02
13.715701	-4.179026971e-02
13.720701	-3.858095468e-02
13.725701	-3.940243434e-02
13.730701	-3.725106649e-02
13.735702	-4.090340275e-02
13.740702	-2.819057570e-02
13.745702	-3.421379207e-02
13.750702	-3.000853161e-02
13.755703	-1.039305904e-02
13.760703	-3.615626877e-02
13.765703	-2.404541403e-02
13.770703	-9.971186781e-04
13.775704	-4.039491013e-03
13.780704	-2.328106821e-03
13.785704	-2.531646138e-02
13.790705	-3.151367437e-02
13.795705	-3.440638782e-03
13.800705	-1.498268836e-03
13.805705	-3.438701134e-03
13.810706	1.147532521e-03
13.815706	-2.548463954e-02
13.820706	-3.261580848e-02
13.825706	-7.140643834e-03
13.830707	-1.454468810e-03
13.835707	-1.874712045e-02
13.840707	-3.410987129e-02
13.845707	-1.173255081e-02
13.850708	-1.283621536e-03
13.855708	-3.215060380e-03
13.860708	1.860142212e-03
13.865708	-4.335080017e-03
13.870709	-2.588251854e-02
13.875709	-2.874991199e-02
13.880709	-5.148658283e-03
13.885709	1.751448049e-03
13.890710	3.403821874e-03
13.895710	-9.075002321e-04
13.900710	-1.403017884e-03
13.905710	1.090311165e-03
13.910711	1.261758231e-03
13.915711	1.357208577e-03
13.920711	1.909634974e-03
13.925711	4.751622751e-04
13.930712	1.632556561e-03
13.935712	-1.259007899e-04
13.940712	-1.122397669e-03
13.945712	-3.072846414e-03
13.950713	-2.910306557e-02
13.955713	-2.732470601e-02
13.960713	-4.832405293e-03
13.965713	-3.064363743e-02
13.970714	-2.992622548e-02
13.975714	-2.638995813e-02
13.980714	-3.700196857e-02
13.985714	-3.076084060e-02
13.990715	-3.656209801e-02
13.995715	-3.871454243e-02
14.000715	-3.772114816e-02
14.005715	-3.374490687e-02
14.010716	-3.629833259e-02
14.015716	-3.927973705e-02
14.020716	-3.981526705e-02
14.025717	-3.949184154e-02
14.030717	-2.817397830e-02
14.035717	-3.369025564e-02
14.040717	-3.236288320e-02
14.045718	-2.866363252e-02
14.050718	-3.629180375e-02
14.055718	-1.700235074e-02
14.060718	-3.369406011e-02
14.065719	-2.552204032e-02
14.070719	-1.407918822e-02
14.075719	-4.110237155e-02
14.080719	-1.927105136e-02
14.085720	-2.054255148e-02
14.090720	-3.607732351e-02
14.095720	-1.059419166e-02
14.100720	-2.165319353e-02
14.105721	-3.696697862e-02
14.110721	-1.065189105e-02
14.115721	-2.325181596e-02
14.120721	-3.464780297e-02
14.125722	-1.215452191e-02
14.130722	-3.237105948e-02
14.135722	-2.994575436e-02
14.140722	-1.839891583e-02
14.145723	-3.884644335e-02
14.150723	-1.789408651e-02
14.155723	-2.745117158e-02
14.160723	-3.812919997e-02
14.165724	-3.976519264e-03
14.170724	-1.977928701e-02
14.175724	-3.686198996e-02
14.180724	-8.843997596e-03
14.185725	-1.597944620e-03
14.190725	-4.524372534e-03
14.195725	-2.647282923e-02
14.200725	-3.066919343e-02
14.205726	-2.260223968e-03
14.210726	-5.922616616e-03
14.215726	-3.520370103e-02
14.220726	-2.613074547e-02
14.225727	-1.520488515e-02
14.230727	-4.062416861e-02
14.235727	-2.050377918e-02
14.240727	-2.576109384e-02
14.245728	-3.272032213e-02
14.250728	-1.630774501e-02
14.255728	-3.726225947e-02
14.260729	-2.272458773e-02
14.265729	-1.299367100e-02
14.270729	-3.548510867e-02
14.275729	-2.370829762e-02
14.280730	-3.712907023e-03
14.285730	-1.782594088e-03
14.290730	-6.582937873e-03
14.295730	-1.183125935e-02
14.300731	-8.522018590e-03
14.305731	-1.611962366e-03
14.310731	4.638126999e-03
14.315731	1.237014008e-02
14.320732	9.711683416e-03
14.325732	1.807494173e-03
14.330732	4.245775979e-03
14.335732	5.400122804e-03
14.340733	1.081725128e-02
14.345733	3.099762495e-02
14.350733	2.363740505e-02
14.355733	5.673726295e-03
14.360734	5.983885217e-04
14.365734	1.526743459e-03
14.370734	-6.257447793e-04
14.375734	-2.880790378e-02
14.380735	-2.621663551e-02
14.385735	-1.344506097e-03
14.390735	-1.439543983e-02
14.395735	-3.589394257e-02
14.400736	-1.566557762e-02
14.405736	-1.803605871e-02
14.410736	-3.467081163e-02
14.415736	-3.025664047e-02
14.420737	-3.451102702e-02
14.425737	-3.667052115e-02
14.430737	-3.732909254e-02
14.435737	-3.721570392e-02
14.440738	-3.673133483e-02
14.445738	-3.562099828e-02
14.450738	-3.628157182e-02
14.455738	-1.754713678e-02
14.460739	-3.219099707e-02
14.465739	-2.717486232e-02
14.470739	-8.047449052e-03
14.475740	-3.352275767e-02
14.480740	-2.539778344e-02
14.485740	-1.411697099e-02
14.490740	-3.573147854e-02
14.495741	-2.247476816e-02
14.500741	-2.761811831e-02
14.505741	-3.612629712e-02
14.510741	-2.385353816e-02
14.515742	-3.386264141e-02
14.520742	-2.479871963e-02
14.525742	-3.545779080e-02
14.530742	-3.264155095e-02
14.535743	-3.392210237e-02
14.540743	-3.463868316e-02
14.545743	-4.066199339e-02
14.550743	-5.100508349e-02
14.555744	-4.297611274e-02
14.560744	-4.154280559e-02
14.565744	-4.238538273e-02
14.570744	-5.022460297e-02
14.575745	-5.177314515e-02
14.580745	-4.741498965e-02
14.585745	-4.376379858e-02
14.590745	-4.364942738e-02
14.595746	-4.397603420e-02
14.600746	-4.353568077e-02
14.605746	-3.824057590e-02
14.610746	-3.382642658e-02
14.615747	-3.973375051e-02
14.620747	-3.906541092e-02
14.625747	-3.928702643e-02
14.630747	-3.111307140e-02
14.635748	-2.183217347e-02
14.640748	-3.585708544e-02
14.645748	-1.701567704e-02
14.650748	-2.177506347e-02
14.655749	-3.493002154e-02
14.660749	-1.824150480e-02
14.665749	-3.337336296e-02
14.670749	-2.790727399e-02
14.675750	-2.354912896e-02
14.680750	-3.293628225e-02
14.685750	-3.018405627e-02
14.690750	-3.654036550e-02
14.695751	-3.647500335e-02
14.700751	-3.619765257e-02
14.705751	-2.465087807e-02
14.710752	-4.002472880e-02
14.715752	-4.610305495e-02
14.720752	-3.947003106e-02
14.725752	-4.704128203e-02
14.730753	-4.233716068e-02
14.735753	-4.527364952e-02
14.740753	-4.698720138e-02
14.745753	-5.163160405e-02
14.750754	-5.351614827e-02
14.755754	-5.328780096e-02
14.760754	-5.085856664e-02
14.765754	-3.952478777e-02
14.770755	-4.007840214e-02
14.775755	-4.245792377e-02
14.780755	-3.748982131e-02
14.785755	-3.107579327e-02
14.790756	-3.936401465e-02
14.795756	-2.914618200e-02
14.800756	-2.986379123e-02
14.805756	-3.245530526e-02
14.810757	-1.946561584e-02
14.815757	-3.727435352e-02
14.820757	-1.582409741e-02
14.825757	-1.052001695e-02
14.830758	-3.898621177e-02
14.835758	-2.389263251e-02
14.840758	-5.436225591e-03
14.845758	-5.216887505e-03
14.850759	-1.307413733e-02
14.855759	-3.020491393e-02
14.860759	-1.112654092e-02
14.865759	1.089182161e-03
14.870760	3.055688201e-04
14.875760	-2.515940940e-03
14.880760	-3.263705654e-02
14.885760	-2.920588680e-02
14.890761	-3.788840813e-03
14.895761	-2.374847714e-02
14.900761	-3.407360621e-02
14.905761	-2.743960221e-02
14.910762	-3.876768110e-02
14.915762	-3.894033043e-02
14.920762	-3.800403693e-02
14.925762	-3.938162576e-02
14.930763	-3.689741240e-02
14.935763	-3.811201060e-02
14.940763	-4.734619963e-02
14.945764	-4.806482422e-02
14.950764	-4.496764429e-02
14.955764	-4.541728368e-02
14.960764	-4.641289570e-02
14.965765	-5.695602048e-02
14.970765	-5.635471513e-02
14.975765	-4.989470962e-02
14.980765	-5.884291745e-02
14.985766	-5.199793265e-02
14.990766	-5.530542970e-02
14.995766	-6.714049162e-02
15.000766	-6.305036764e-02
15.005767	-6.392999029e-02
15.010767	-6.924538685e-02
15.015767	-6.951504171e-02
15.020767	-6.641786909e-02
15.025768	-6.758447916e-02
15.030768	-7.123696275e-02
15.035768	-6.565591858e-02
15.040768	-5.862994875e-02
15.045769	-5.924158925e-02
15.050769	-4.946376105e-02
15.055769	-4.503965984e-02
15.060769	-4.393138976e-02
15.065770	-2.956279764e-02
15.070770	-3.669610754e-02
15.075770	-2.293248554e-02
15.080770	-2.857187279e-02
15.085771	-3.453624396e-02
15.090771	-9.121218751e-03
15.095771	-3.864038757e-02
15.100771	-3.145143226e-02
15.105772	-2.238157355e-02
15.110772	-3.664352337e-02
15.115772	-7.021715644e-03
15.120772	-1.536796871e-02
15.125773	-4.145231609e-02
15.130773	-1.668626182e-02
15.135773	5.133942427e-03
15.140773	-1.162288300e-02
15.145774	-3.936314782e-02
15.150774	-2.022780793e-02
15.155774	-9.474759621e-04
15.160774	-2.113099954e-03
15.165775	-6.252572524e-03
15.170775	-3.432882272e-02
15.175775	-2.742786034e-02
15.180776	-6.739127174e-04
15.185776	-1.717545476e-03
15.190776	1.822374918e-02
15.195776	3.491420941e-02
15.200777	1.601448737e-02
15.205777	3.232096620e-02
15.210777	4.315072433e-02
15.215777	4.011019056e-02
15.220778	4.629418502e-02
15.225778	5.414209398e-02
15.230778	5.939813485e-02
15.235778	5.939744377e-02
15.240779	6.895726376e-02
15.245779	7.161443589e-02
15.250779	7.200372339e-02
15.255779	7.640880522e-02
15.260780	8.177283757e-02
15.265780	8.625591442e-02
15.270780	9.249690096e-02
15.275780	9.713996864e-02
15.280781	1.043279058e-01
15.285781	1.083060065e-01
15.290781	1.079693271e-01
15.295781	1.107304889e-01
15.300782	1.189613708e-01
15.305782	1.248763705e-01
15.310782	1.238337252e-01
15.315782	1.256029357e-01
15.320783	1.364326829e-01
15.325783	1.402457880e-01
15.330783	1.383041866e-01
15.335783	1.433892258e-01
15.340784	1.496972020e-01
15.345784	1.544952548e-01
15.350784	1.631171118e-01
15.355784	1.690891036e-01
15.360785	1.682574426e-01
15.365785	1.735644675e-01
15.370785	1.851201726e-01
15.375785	1.957279257e-01
15.380786	2.086025625e-01
15.385786	2.175024018e-01
15.390786	2.255702832e-01
15.395787	2.296033702e-01
15.400787	2.402611183e-01
15.405787	2.537577208e-01
15.410787	2.511571453e-01
15.415788	2.564051683e-01
15.420788	2.645960404e-01
15.425788	2.712659898e-01
15.430788	2.828136895e-01
15.435789	2.875257380e-01
15.440789	2.917778094e-01
15.445789	3.011746175e-01
15.450789	3.162581347e-01
15.455790	3.189042867e-01
15.460790	3.254332399e-01
15.465790	3.327261536e-01
15.470790	3.254318120e-01
15.475791	3.252111086e-01
15.480791	3.199626616e-01
15.485791	3.205069181e-01
15.490791	3.275798406e-01
15.495792	3.272541407e-01
15.500792	3.241555819e-01
15.505792	3.227689351e-01
15.510792	3.208373158e-01
15.515793	3.073012888e-01
15.520793	2.996159624e-01
15.525793	2.974543533e-01
15.530793	2.905989836e-01
15.535794	2.792708419e-01
15.540794	2.682106860e-01
15.545794	2.598173935e-01
15.550794	2.432415184e-01
15.555795	2.307942320e-01
15.560795	2.238819623e-01
15.565795	2.146001133e-01
15.570795	2.113965532e-01
15.575796	2.055936254e-01
15.580796	1.937016083e-01
15.585796	1.916073901e-01
15.590796	1.840938483e-01
15.595797	1.815407526e-01
15.600797	1.938700962e-01
15.605797	1.852472097e-01
15.610797	1.749712071e-01
15.615798	1.693306673e-01
15.620798	1.662231976e-01
15.625798	1.686698437e-01
15.630799	1.704847216e-01
15.635799	1.627410873e-01
15.640799	1.562310896e-01
15.645799	1.492614149e-01
15.650800	1.371593019e-01
15.655800	1.312989696e-01
15.660800	1.207927742e-01
15.665800	1.088523515e-01
15.670801	1.025047427e-01
15.675801	9.503819059e-02
15.680801	8.292567537e-02
15.685801	7.674125682e-02
15.690802	6.762068782e-02
15.695802	5.899789293e-02
15.700802	5.468577735e-02
15.705802	5.286853385e-02
15.710803	4.623423598e-02
15.715803	4.854678058e-02
15.720803	4.506672065e-02
15.725803	3.832662682e-02
15.730804	3.588821276e-02
15.735804	3.329700605e-02
15.740804	3.810462089e-02
15.745804	3.151711742e-02
15.750805	4.229902613e-02
15.755805	2.471958332e-02
15.760805	3.577867696e-02
15.765805	2.864739945e-02
15.770806	2.372350872e-02
15.775806	4.146385967e-02
15.780806	2.145643862e-02
15.785806	4.235132749e-02
15.790807	2.477178151e-02
15.795807	3.152009220e-02
15.800807	3.410911493e-02
15.805807	2.725491965e-02
15.810808	3.859109461e-02
15.815808	3.051286096e-02
15.820808	3.902917907e-02
15.825808	2.748142178e-02
15.830809	3.598803949e-02
15.835809	3.742071815e-02
15.840809	3.962895674e-02
15.845809	3.968550481e-02
15.850810	4.129027333e-02
15.855810	4.466385105e-02
15.860810	4.488358944e-02
15.865811	5.355249573e-02
15.870811	5.996571682e-02
15.875811	6.615914869e-02
15.880811	6.848127789e-02
15.885812	7.986584367e-02
15.890812	8.638405762e-02
15.895812	9.411670908e-02
15.900812	1.019632543e-01
15.905813	1.018000082e-01
15.910813	9.660941860e-02
15.915813	9.440047619e-02
15.920813	9.018443588e-02
15.925814	8.129323398e-02
15.930814	6.228854831e-02
15.935814	2.960606098e-02
15.940814	8.279093082e-03
15.945815	9.329581520e-03
15.950815	-1.057296003e-02
15.955815	-4.731884152e-02
15.960815	-7.584344346e-02
15.965816	-9.607146969e-02
15.970816	-1.214997307e-01
15.975816	-1.462583263e-01
15.980816	-1.666480456e-01
15.985817	-1.839600225e-01
15.990817	-2.040167597e-01
15.995817	-2.201531976e-01
16.000817	-2.309358094e-01
16.005818	-2.469575540e-01
16.010818	-2.555901765e-01
16.015818	-2.629992620e-01
16.020818	-2.760386602e-01
16.025819	-2.814021511e-01
16.030819	-2.845483556e-01
16.035819	-2.897970532e-01
16.040819	-2.995859192e-01
16.045820	-3.147947088e-01
16.050820	-3.136772328e-01
16.055820	-3.053330265e-01
16.060820	-3.063373431e-01
16.065821	-3.075525493e-01
16.070821	-3.078877008e-01
16.075821	-2.987016393e-01
16.080821	-2.868209158e-01
16.085822	-2.793666666e-01
16.090822	-2.656016402e-01
16.095822	-2.469808623e-01
16.100823	-2.344312747e-01
16.105823	-2.162979728e-01
16.110823	-1.970757269e-01
16.115823	-1.805483438e-01
16.120824	-1.707126192e-01
16.125824	-1.643577172e-01
16.130824	-1.466643949e-01
16.135824	-1.337888269e-01
16.140825	-1.191453496e-01
16.145825	-1.019110051e-01
16.150825	-9.168330307e-02
16.155825	-7.812977137e-02
16.160826	-6.050344815e-02
16.165826	-3.309862492e-02
16.170826	-1.038756231e-02
16.175826	-6.296548855e-03
16.180827	5.757057392e-03
16.185827	3.704268070e-02
16.190827	5.897978118e-02
16.195827	7.334726797e-02
16.200828	9.103958449e-02
16.205828	1.028052034e-01
16.210828	1.114179829e-01
16.215828	1.173918969e-01
16.220829	1.196090023e-01
16.225829	1.275128169e-01
16.230829	1.314308346e-01
16.235829	1.303221088e-01
16.240830	1.350810827e-01
16.245830	1.277776725e-01
16.250830	1.262859650e-01
16.255830	1.324218674e-01
16.260831	1.234065434e-01
16.265831	1.092104837e-01
16.270831	1.002631555e-01
16.275831	9.102784153e-02
16.280832	7.913466296e-02
16.285832	6.829443019e-02
16.290832	5.652724437e-02
16.295832	4.282815685e-02
16.300833	4.415530125e-02
16.305833	3.237771475e-02
16.310833	3.690791718e-03
16.315834	3.192928152e-03
16.320834	9.539699570e-05
16.325834	1.805619818e-03
16.330834	4.682082659e-03
16.335835	-1.236811771e-05
16.340835	-7.880194987e-04
16.345835	-2.117842968e-03
16.350835	2.502017879e-02
16.355836	3.634740790e-02
16.360836	1.534528826e-02
16.365836	3.496829275e-02
16.370836	2.854392756e-02
16.375837	2.744498991e-02
16.380837	3.905760245e-02
16.385837	3.324480482e-02
16.390837	3.634185162e-02
16.395838	2.970669522e-02
16.400838	4.927309983e-02
16.405838	5.967207240e-02
16.410838	6.612384623e-02
16.415839	7.894259439e-02
16.420839	8.785074194e-02
16.425839	8.868060181e-02
16.430839	8.961705584e-02
16.435840	8.369935964e-02
16.440840	8.309659153e-02
16.445840	9.144076594e-02
16.450840	8.734827532e-02
16.455841	8.015954250e-02
16.460841	7.799815246e-02
16.465841	6.871512585e-02
16.470841	6.485292192e-02
16.475842	6.523430081e-02
16.480842	5.738549977e-02
16.485842	4.997697586e-02
16.490842	5.572027965e-02
16.495843	4.428716058e-02
16.500843	1.278016665e-02
16.505843	-5.937540387e-04
16.510843	-2.906180398e-02
16.515844	-4.475870677e-02
16.520844	-4.845842285e-02
16.525844	-6.266460255e-02
16.530844	-7.891577816e-02
16.535845	-9.909545346e-02
16.540845	-1.184921691e-01
16.545845	-1.370654273e-01
16.550846	-1.548558257e-01
16.555846	-1.686217302e-01
16.560846	-1.833336868e-01
16.565846	-1.949873999e-01
16.570847	-2.072519822e-01
16.575847	-2.179787435e-01
16.580847	-2.162686405e-01
16.585847	-2.167659251e-01
16.590848	-2.195385938e-01
16.595848	-2.148366448e-01
16.600848	-2.070378544e-01
16.605848	-2.017899340e-01
16.610849	-1.955010672e-01
16.615849	-1.902541475e-01
16.620849	-1.833343137e-01
16.625849	-1.774184289e-01
16.630850	-1.701826120e-01
16.635850	-1.645427138e-01
16.640850	-1.634925816e-01
16.645850	-1.590776217e-01
16.650851	-1.470330519e-01
16.655851	-1.367493925e-01
16.660851	-1.295045782e-01
16.665851	-1.222687638e-01
16.670852	-1.114391334e-01
16.675852	-9.922257425e-02
16.680852	-8.767698116e-02
16.685852	-8.060415993e-02
16.690853	-7.524125171e-02
16.695853	-6.424063188e-02
16.700853	-5.776978099e-02
16.705853	-5.407178881e-02
16.710854	-3.550855643e-02
16.715854	-3.650332523e-02
16.720854	-2.782458859e-02
16.725854	-5.609543861e-03
16.730855	-6.930297091e-03
16.735855	-2.123363736e-03
16.740855	6.866712778e-04
16.745855	-1.187054784e-03
16.750856	3.064905845e-03
16.755856	2.625105808e-03
16.760856	9.984906946e-03
16.765856	3.562077403e-02
16.770857	2.179865660e-02
16.775857	4.275727881e-03
16.780857	4.031014346e-04
16.785858	2.151819805e-02
16.790858	3.771854541e-02
16.795858	1.008313189e-02
16.800858	2.378091576e-04
16.805859	1.727906965e-03
16.810859	4.106959004e-03
16.815859	1.563262185e-03
16.820859	1.285083596e-04
16.825860	3.884488997e-03
16.830860	2.184574356e-02
16.835860	2.847957647e-02
16.840860	6.701860529e-03
16.845861	2.551243699e-03
16.850861	-6.682113813e-03
16.855861	-2.911779719e-02
16.860861	-1.458036981e-02
16.865862	1.010003439e-03
16.870862	-3.415601084e-03
16.875862	-2.983808217e-02
16.880862	-3.089085970e-02
16.885863	-2.266111180e-02
16.890863	-3.752618437e-02
16.895863	-2.442168620e-02
16.900863	-3.338006123e-02
16.905864	-3.409685764e-02
16.910864	-4.034937159e-02
16.915864	-2.713988016e-02
16.920864	-4.858852517e-03
16.925865	-5.088675179e-03
16.930865	-8.357271986e-04
16.935865	-2.490477745e-03
16.940865	3.855399000e-04
16.945866	1.884276119e-02
16.950866	4.205273933e-02
16.955866	4.475676475e-02
16.960866	4.244204622e-02
16.965867	4.260520077e-02
16.970867	5.056695657e-02
16.975867	5.349896899e-02
16.980867	5.387211180e-02
16.985868	5.309731292e-02
16.990868	5.310447376e-02
16.995868	5.271165470e-02
17.000868	4.651813165e-02
17.005869	3.933865864e-02
17.010869	4.154470581e-02
17.015869	2.103991290e-02
17.020870	6.289825663e-03
17.025870	6.671965017e-03
17.030870	1.414571939e-04
17.035870	-2.632903226e-02
17.040871	-3.975918825e-02
17.045871	-4.180592613e-02
17.050871	-6.247371302e-02
17.055871	-7.264503649e-02
17.060872	-8.000650383e-02
17.065872	-8.746396660e-02
17.070872	-9.293253130e-02
17.075872	-9.951003967e-02
17.080873	-1.110582944e-01
17.085873	-1.178077947e-01
17.090873	-1.220144251e-01
17.095873	-1.207913333e-01
17.100874	-1.262599000e-01
17.105874	-1.313554860e-01
17.110874	-1.241117027e-01
17.115874	-1.190268095e-01
17.120875	-1.121820065e-01
17.125875	-1.002434641e-01
17.130875	-8.950986039e-02
17.135875	-8.261106111e-02
17.140876	-6.592176233e-02
17.145876	-5.298727205e-02
17.150876	-4.408957584e-02
17.155876	-1.612085426e-02
17.160877	-3.971324828e-03
17.165877	-6.123065082e-03
17.170877	-2.971076609e-03
17.175877	1.759002215e-02
17.180878	3.958604728e-02
17.185878	4.604586582e-02
17.190878	5.919934207e-02
17.195878	7.191284050e-02
17.200879	8.390837528e-02
17.205879	1.008256583e-01
17.210879	1.176759445e-01
17.215879	1.251327102e-01
17.220880	1.383441816e-01
17.225880	1.544785034e-01
17.230880	1.622202536e-01
17.235881	1.740997922e-01
17.240881	1.858093391e-01
17.245881	1.892993056e-01
17.250881	1.946591763e-01
17.255882	2.022869308e-01
17.260882	2.035580098e-01
17.265882	2.051520720e-01
17.270882	1.968066416e-01
17.275883	1.893981631e-01
17.280883	1.792838225e-01
17.285883	1.607189133e-01
17.290883	1.499926034e-01
17.295884	1.327476262e-01
17.300884	1.198224280e-01
17.305884	1.023474619e-01
17.310884	8.648041340e-02
17.315885	7.974989782e-02
17.320885	5.818213994e-02
17.325885	4.713084450e-02
17.330885	4.735897252e-02
17.335886	1.346284358e-02
17.340886	-2.892185198e-02
17.345886	-3.566236885e-02
17.350886	-4.600770184e-02
17.355887	-7.358615473e-02
17.360887	-7.933072336e-02
17.365887	-8.358636835e-02
17.370887	-9.967540909e-02
17.375888	-1.027151168e-01
17.380888	-1.080687066e-01
17.385888	-1.116733860e-01
17.390888	-9.846392473e-02
17.395889	-9.812180638e-02
17.400889	-1.023284559e-01
17.405889	-8.735908543e-02
17.410889	-7.531556575e-02
17.415890	-7.707534118e-02
17.420890	-7.602426050e-02
17.425890	-7.464019712e-02
17.430890	-7.962180881e-02
17.435891	-8.288050882e-02
17.440891	-9.238389008e-02
17.445891	-9.587357885e-02
17.450891	-9.825432457e-02
17.455892	-1.092586300e-01
17.460892	-1.144972303e-01
17.465892	-1.078064403e-01
17.470893	-1.000257063e-01
17.475893	-1.028384314e-01
17.480893	-1.016163629e-01
17.485893	-9.897736701e-02
17.490894	-9.383549932e-02
17.495894	-9.333939456e-02
17.500894	-9.422921927e-02
17.505894	-9.350412678e-02
17.510895	-9.881072641e-02
17.515895	-9.400284305e-02
17.520895	-8.914696242e-02
17.525895	-8.770490767e-02
17.530896	-8.510591230e-02
17.535896	-7.842512573e-02
17.540896	-7.272828918e-02
17.545896	-7.047327706e-02
17.550897	-6.737830813e-02
17.555897	-6.432933713e-02
17.560897	-6.261929800e-02
17.565897	-6.792390077e-02
17.570898	-6.693082556e-02
17.575898	-6.925558111e-02
17.580898	-8.223779247e-02
17.585898	-8.721941284e-02
17.590899	-9.175905606e-02
17.595899	-1.008804655e-01
17.600899	-1.100478728e-01
17.605899	-1.197132550e-01
17.610900	-1.230889587e-01
17.615900	-1.230408377e-01
17.620900	-1.290644067e-01
17.625900	-1.338730380e-01
17.630901	-1.380227033e-01
17.635901	-1.471431149e-01
17.640901	-1.512847812e-01
17.645901	-1.516766392e-01
17.650902	-1.579761958e-01
17.655902	-1.604049503e-01
17.660902	-1.620687442e-01
17.665902	-1.683123043e-01
17.670903	-1.671562428e-01
17.675903	-1.584205688e-01
17.680903	-1.492449174e-01
17.685903	-1.431761077e-01
17.690904	-1.346034261e-01
17.695904	-1.249767986e-01
17.700904	-1.200719301e-01
17.705905	-1.127811838e-01
17.710905	-1.038255228e-01
17.715905	-9.747072924e-02
17.720905	-9.386679536e-02
17.725906	-8.851295113e-02
17.730906	-7.851734429e-02
17.735906	-7.264852688e-02
17.740906	-6.795564965e-02
17.745907	-4.314180062e-02
17.750907	-3.054332778e-02
17.755907	-4.237660702e-02
17.760907	-5.834357928e-03
17.765908	3.074588897e-02
17.770908	2.571826129e-02
17.775908	4.225453169e-02
17.780908	6.362755475e-02
17.785909	6.766046343e-02
17.790909	7.800204956e-02
17.795909	9.469231110e-02
17.800909	1.002731399e-01
17.805910	1.026991297e-01
17.810910	1.087319350e-01
17.815910	1.222663568e-01
17.820910	1.292801114e-01
17.825911	1.266323594e-01
17.830911	1.339270993e-01
17.835911	1.377380168e-01
17.840911	1.366281855e-01
17.845912	1.422200116e-01
17.850912	1.464159087e-01
17.855912	1.487289018e-01
17.860912	1.479610521e-01
17.865913	1.480191599e-01
17.870913	1.498351777e-01
17.875913	1.462394717e-01
17.880913	1.464095731e-01
17.885914	1.438088158e-01
17.890914	1.422600045e-01
17.895914	1.425920969e-01
17.900914	1.345726157e-01
17.905915	1.264471397e-01
17.910915	1.249643241e-01
17.915915	1.204316641e-01
17.920916	1.136831170e-01
17.925916	1.019048267e-01
17.930916	9.079550197e-02
17.935916	8.272802160e-02
17.940917	7.531850737e-02
17.945917	7.145581172e-02
17.950917	5.614070092e-02
17.955917	5.099807019e-02
17.960918	3.784384853e-02
17.965918	1.324621127e-02
17.970918	7.605605290e-03
17.975918	3.187936607e-03
17.980919	-1.100723279e-02
17.985919	-4.158556543e-02
17.990919	-5.408282202e-02
17.995919	-6.435019276e-02
18.000920	-7.767440756e-02
18.005920	-8.127111955e-02
18.010920	-9.248444264e-02
18.015920	-1.035447738e-01
18.020921	-1.142711222e-01
18.025921	-1.181428210e-01
18.030921	-1.158118370e-01
18.035921	-1.191305645e-01
18.040922	-1.230112635e-01
18.045922	-1.201253085e-01
18.050922	-1.249359605e-01
18.055922	-1.240089058e-01
18.060923	-1.205779793e-01
18.065923	-1.163730925e-01
18.070923	-1.106272846e-01
18.075923	-1.122830989e-01
18.080924	-1.094171443e-01
18.085924	-1.023444049e-01
18.090924	-1.025072961e-01
18.095924	-1.014652490e-01
18.100925	-9.891527924e-02
18.105925	-1.017350353e-01
18.110925	-9.859109627e-02
18.115925	-9.372724532e-02
18.120926	-9.521906987e-02
18.125926	-9.421502215e-02
18.130926	-9.140606685e-02
18.135926	-9.064300724e-02
18.140927	-8.886499969e-02
18.145927	-9.372365330e-02
18.150927	-9.676340004e-02
18.155928	-9.445042045e-02
18.160928	-9.667020950e-02
18.165928	-1.005899119e-01
18.170928	-1.066705041e-01
18.175929	-1.138010429e-01
18.180929	-1.205885994e-01
18.185929	-1.278371326e-01
18.190929	-1.292249654e-01
18.195930	-1.338606325e-01
18.200930	-1.367953866e-01
18.205930	-1.319895365e-01
18.210930	-1.365212094e-01
18.215931	-1.309373994e-01
18.220931	-1.247456207e-01
18.225931	-1.215446893e-01
18.230931	-1.067943482e-01
18.235932	-1.007655617e-01
18.240932	-9.512575553e-02
18.245932	-7.634362098e-02
18.250932	-6.075432352e-02
18.255933	-5.201767617e-02
18.260933	-2.880876837e-02
18.265933	-1.521536953e-02
18.270933	1.147887605e-03
18.275934	8.994579641e-03
18.280934	1.269348338e-02
18.285934	3.850125743e-02
18.290934	4.120621157e-02
18.295935	4.900490528e-02
18.300935	5.939546638e-02
18.305935	6.680217974e-02
18.310935	7.127404283e-02
18.315936	6.806329823e-02
18.320936	7.155021127e-02
18.325936	7.879493213e-02
18.330936	7.486522369e-02
18.335937	7.580226642e-02
18.340937	8.817972450e-02
18.345937	9.663738265e-02
18.350937	9.829238814e-02
18.355938	9.718253470e-02
18.360938	1.073021074e-01
18.365938	1.104470362e-01
18.370938	1.166418090e-01
18.375939	1.290762629e-01
18.380939	1.267524705e-01
18.385939	1.290754406e-01
18.390940	1.386330409e-01
18.395940	1.389081152e-01
18.400940	1.421200393e-01
18.405940	1.504067040e-01
18.410941	1.497368261e-01
18.415941	1.493449338e-01
18.420941	1.484640663e-01
18.425941	1.390756332e-01
18.430942	1.347539411e-01
18.435942	1.256344940e-01
18.440942	1.190649164e-01
18.445942	1.119903644e-01
18.450943	9.987007002e-02
18.455943	8.677282538e-02
18.460943	8.286211124e-02
18.465943	7.788045164e-02
18.470944	7.307178303e-02
18.475944	6.765114551e-02
18.480944	5.830070859e-02
18.485944	5.566092866e-02
18.490945	5.499204787e-02
18.495945	4.802348874e-02
18.500945	4.654064919e-02
18.505945	3.255344830e-02
18.510946	2.796476709e-02
18.515946	4.005723349e-02
18.520946	1.187475730e-02
18.525946	7.457066848e-03
18.530947	3.436577582e-02
18.535947	2.994908498e-02
18.540947	6.575362455e-03
18.545947	3.964579025e-03
18.550948	-2.113432683e-05
18.555948	5.509193095e-04
18.560948	-1.122739626e-02
18.565948	-3.422813866e-02
18.570949	-1.466105593e-02
18.575949	-7.758326368e-03
18.580949	-3.472686654e-02
18.585949	-2.366734966e-02
18.590950	-2.676610962e-02
18.595950	-4.070431597e-02
18.600950	-3.639345480e-02
18.605950	-5.108762284e-02
18.610951	-5.208249092e-02
18.615951	-5.104046322e-02
18.620951	-5.579213968e-02
18.625952	-6.358566090e-02
18.630952	-6.773336853e-02
18.635952	-7.507491314e-02
18.640952	-7.723772249e-02
18.645953	-8.012549495e-02
18.650953	-8.768702879e-02
18.655953	-8.873089575e-02
18.660953	-9.332958126e-02
18.665954	-9.819425334e-02
18.670954	-9.874114615e-02
18.675954	-9.515725014e-02
18.680954	-9.549215408e-02
18.685955	-9.779895743e-02
18.690955	-9.934779965e-02
18.695955	-9.571490675e-02
18.700955	-8.775423509e-02
18.705956	-8.664621349e-02
18.710956	-8.433325359e-02
18.715956	-7.901944714e-02
18.720956	-7.343865448e-02
18.725957	-6.896580536e-02
18.730957	-6.332601601e-02
18.735957	-6.034509095e-02
18.740957	-6.062299956e-02
18.745958	-5.559517937e-02
18.750958	-5.852095298e-02
18.755958	-5.730993807e-02
18.760958	-5.133516668e-02
18.765959	-4.906920595e-02
18.770959	-4.642426473e-02
18.775959	-3.962953564e-02
18.780959	-4.217232966e-02
18.785960	-2.834995988e-02
18.790960	-8.239911465e-03
18.795960	-1.901328541e-02
18.800960	-1.530439936e-02
18.805961	4.356671585e-03
18.810961	9.937461732e-03
18.815961	1.989802799e-02
18.820961	4.652874246e-02
18.825962	6.023611704e-02
18.830962	6.996669464e-02
18.835962	8.592795381e-02
18.840963	9.798141248e-02
18.845963	1.064400547e-01
18.850963	1.150036914e-01
18.855963	1.197075251e-01
18.860964	1.296000937e-01
18.865964	1.345679137e-01
18.870964	1.331230612e-01
18.875964	1.351700302e-01
18.880965	1.293194025e-01
18.885965	1.273195780e-01
18.890965	1.300235130e-01
18.895965	1.256638088e-01
18.900966	1.207501328e-01
18.905966	1.150514967e-01
18.910966	1.060360300e-01
18.915966	1.017243228e-01
18.920967	9.863655300e-02
18.925967	9.349188814e-02
18.930967	8.872920366e-02
18.935967	9.033519368e-02
18.940968	8.558450834e-02
18.945968	8.132879759e-02
18.950968	8.039091722e-02
18.955968	7.431229937e-02
18.960969	6.899664242e-02
18.965969	6.413796200e-02
18.970969	6.064821153e-02
18.975969	5.213071781e-02
18.980970	4.910794325e-02
18.985970	3.389979111e-02
18.990970	2.615525755e-02
18.995970	4.070258503e-02
19.000971	1.494197165e-02
19.005971	2.111697573e-03
19.010971	5.044618071e-03
19.015971	3.830750311e-03
19.020972	3.934815108e-03
19.025972	2.164975530e-03
19.030972	3.760963888e-03
19.035972	-9.327265344e-04
19.040973	-2.086938469e-04
19.045973	-1.906066117e-02
19.050973	-3.381883773e-02
19.055973	-2.110641783e-02
19.060974	-3.342971901e-02
19.065974	-3.757843792e-02
19.070974	-3.841132633e-02
19.075975	-4.637585050e-02
19.080975	-4.664376798e-02
19.085975	-5.216941696e-02
19.090975	-5.985695559e-02
19.095976	-6.875843231e-02
19.100976	-7.030528486e-02
19.105976	-7.268709486e-02
19.110976	-7.843373306e-02
19.115977	-8.290743638e-02
19.120977	-8.241139370e-02
19.125977	-8.611213672e-02
19.130977	-8.540710491e-02
19.135978	-8.385811632e-02
19.140978	-8.396304333e-02
19.145978	-8.877273008e-02
19.150978	-8.954962295e-02
19.155979	-8.468380419e-02
19.160979	-8.462673986e-02
19.165979	-8.335673759e-02
19.170979	-7.717198650e-02
19.175980	-7.485203805e-02
19.180980	-6.706236914e-02
19.185980	-5.921470328e-02
19.190980	-5.899564777e-02
19.195981	-5.673069688e-02
19.200981	-4.406627737e-02
19.205981	-4.318625591e-02
19.210981	-4.003335065e-02
19.215982	-3.893634045e-02
19.220982	-3.457949688e-02
19.225982	-3.075462621e-02
19.230982	-3.727422715e-02
19.235983	-1.069351921e-02
19.240983	-1.710712574e-02
19.245983	-3.727902947e-02
19.250983	-1.798994927e-02
19.255984	-2.522673902e-03
19.260984	-1.635653741e-03
19.265984	-2.573540431e-03
19.270984	1.313866927e-04
19.275985	4.662220453e-03
19.280985	2.958201250e-02
19.285985	2.659723006e-02
19.290985	9.247181429e-03
19.295986	3.500893022e-02
19.300986	3.407004302e-02
19.305986	3.339914205e-02
19.310987	4.351269005e-02
19.315987	4.483168727e-02
19.320987	4.317583639e-02
19.325987	4.538178814e-02
19.330988	5.052458978e-02
19.335988	4.670984897e-02
19.340988	4.665191616e-02
19.345988	4.080127921e-02
19.350989	4.422116857e-02
19.355989	4.350426921e-02
19.360989	2.763614382e-02
19.365989	4.134150751e-02
19.370990	2.675331659e-02
19.375990	-1.044199559e-03
19.380990	5.139548183e-03
19.385990	2.158633146e-04
19.390991	2.927788289e-03
19.395991	-2.749846325e-04
19.400991	-3.023339072e-02
19.405991	-3.261520572e-02
19.410992	-3.122821332e-02
19.415992	-4.682035356e-02
19.420992	-4.870619409e-02
19.425992	-5.654473057e-02
19.430993	-6.738511376e-02
19.435993	-7.191781925e-02
19.440993	-7.230073682e-02
19.445993	-8.258814844e-02
19.450994	-8.606790791e-02
19.455994	-8.871471000e-02
19.460994	-9.441435619e-02
19.465994	-9.458828473e-02
19.470995	-9.231433839e-02
19.475995	-9.568910352e-02
19.480995	-9.392013150e-02
19.485995	-9.547098993e-02
19.490996	-9.950572152e-02
19.495996	-9.839771589e-02
19.500996	-1.007215350e-01
19.505996	-9.890656561e-02
19.510997	-9.215884827e-02
19.515997	-9.005589370e-02
19.520997	-9.758044732e-02
19.525997	-9.514350991e-02
19.530998	-8.486897297e-02
19.535998	-8.503190284e-02
19.540998	-8.310193969e-02
19.545999	-8.094298828e-02
19.550999	-6.878354783e-02
19.555999	-5.741006728e-02
19.560999	-6.044185084e-02
19.566000	-5.972582591e-02
19.571000	-5.088421615e-02
19.576000	-4.385951361e-02
19.581000	-4.087760459e-02
19.586001	-3.386190168e-02
19.591001	-4.005752388e-02
19.596001	-2.408527864e-02
19.601001	-2.899896642e-02
19.606002	-3.347367667e-02
19.611002	-5.908023841e-03
19.616002	-7.952858311e-03
19.621002	-1.474045052e-02
19.626003	-4.188928601e-03
19.631003	1.392847177e-03
19.636003	-9.889702387e-04
19.641003	6.245721017e-03
19.646004	8.185682731e-03
19.651004	1.333093604e-03
19.656004	1.873826515e-02
19.661004	3.327558318e-02
19.666005	1.719646531e-02
19.671005	3.421065673e-02
19.676005	3.188683605e-02
19.681005	3.006998944e-02
19.686006	3.719168615e-02
19.691006	3.630979171e-02
19.696006	4.532339169e-02
19.701006	4.382252881e-02
19.706007	4.962229292e-02
19.711007	4.144777092e-02
19.716007	4.896144740e-02
19.721007	6.156086404e-02
19.726008	6.172991569e-02
19.731008	6.592576159e-02
19.736008	6.598281891e-02
19.741008	6.409797541e-02
19.746009	6.757785781e-02
19.751009	7.659145747e-02
19.756009	7.720148643e-02
19.761010	7.525964574e-02
19.766010	8.040144313e-02
19.771010	8.322035917e-02
19.776010	8.940410329e-02
19.781011	9.166904758e-02
19.786011	8.907723998e-02
19.791011	9.560496645e-02
19.796011	9.432409183e-02
19.801012	9.657903655e-02
19.806012	9.657609661e-02
19.811012	9.581119557e-02
19.816012	9.719818457e-02
19.821013	9.802820202e-02
19.826013	9.906820871e-02
19.831013	9.807231940e-02
19.836013	9.823537087e-02
19.841014	9.685750104e-02
19.846014	9.635958625e-02
19.851014	9.525070265e-02
19.856014	9.768563799e-02
19.861015	9.369990134e-02
19.866015	8.906319793e-02
19.871015	8.562943305e-02
19.876015	8.126071593e-02
19.881016	7.916588262e-02
19.886016	7.308525294e-02
19.891016	7.169838344e-02
19.896016	7.346535282e-02
19.901017	6.617178507e-02
19.906017	6.467992092e-02
19.911017	6.241309635e-02
19.916017	5.832036505e-02
19.921018	5.815643304e-02
19.926018	5.610059767e-02
19.931018	5.526869976e-02
19.936018	4.737216278e-02
19.941019	4.306944218e-02
19.946019	4.190156143e-02
19.951019	4.177662740e-02
19.956019	3.244716360e-02
19.961020	1.708400806e-02
19.966020	3.808299483e-02
19.971020	0.000000000e+00
