expfull_T9_run24
4330	0
0.000000	0.000000000e+00
0.005000	-1.433033729e-03
0.010000	4.427710639e-04
0.015001	1.436618897e-03
0.020001	5.005609119e-04
0.025001	9.984329463e-04
0.030001	5.593507035e-04
0.035002	-1.762639653e-03
0.040002	-3.691649190e-03
0.045002	-2.689199068e-04
0.050002	3.707782338e-03
0.055003	8.418185123e-04
0.060003	-1.375176989e-03
0.065003	-1.928253698e-03
0.070003	-1.975355106e-03
0.075004	-1.421485850e-03
0.080004	1.954245688e-03
0.085004	2.119133913e-03
0.090004	-3.188508448e-04
0.095005	4.560075962e-04
0.100005	-4.790505247e-04
0.105005	-1.586100261e-03
0.110005	1.014669043e-03
0.115006	2.840476157e-03
0.120006	9.574642577e-04
0.125006	-5.795645378e-04
0.130006	-1.467625016e-03
0.135007	-1.305736746e-03
0.140007	-1.350838387e-03
0.145007	6.279611884e-04
0.150007	1.957792421e-03
0.155008	-1.822070262e-04
0.160008	2.867878424e-05
0.165008	6.895426198e-04
0.170008	2.504601193e-04
0.175009	1.360302012e-03
0.180009	3.092493445e-04
0.185009	-3.781654990e-03
0.190009	-2.394236887e-05
0.195010	2.357837382e-03
0.200010	-1.895059100e-03
0.205010	-2.563130548e-03
0.210010	1.414571262e-03
0.215010	2.686405104e-03
0.220011	-4.585455262e-04
0.225011	-1.216660977e-04
0.230011	1.323159240e-03
0.235011	1.476047605e-03
0.240012	4.829918713e-04
0.245012	-1.886996688e-03
0.250012	-5.101681214e-04
0.255012	2.646897985e-04
0.260013	-1.062349729e-03
0.265013	-1.442435494e-03
0.270013	7.183547157e-04
0.275013	1.931191162e-03
0.280014	1.426111421e-03
0.285014	-9.428773854e-04
0.290014	-1.764941711e-03
0.295014	3.778492453e-04
0.300015	3.797446537e-04
0.305015	-1.653332730e-04
0.310015	1.383486585e-03
0.315015	1.663368341e-03
0.320016	-1.883563177e-03
0.325016	-1.987662742e-03
0.330016	-7.618272417e-04
0.335016	1.330965919e-03
0.340017	6.148961254e-04
0.345017	1.667739974e-03
0.350017	1.381649132e-03
0.355017	-1.274326088e-03
0.360018	-2.917350775e-03
0.365018	-6.995639117e-04
0.370018	2.609169677e-03
0.375018	2.553067442e-03
0.380019	-3.718948233e-04
0.385019	-1.593940230e-03
0.390019	2.497755007e-03
0.395019	-3.295067410e-03
0.400020	-1.362266890e-03
0.405020	3.274401639e-03
0.410020	-1.972447536e-03
0.415020	-8.136093588e-04
0.420020	4.582232645e-04
0.425021	7.451039156e-04
0.430021	1.128979793e-03
0.435021	-8.020313989e-04
0.440021	9.667768096e-04
0.445022	2.230609620e-03
0.450022	-2.070286041e-03
0.455022	-2.126388900e-03
0.460022	-8.635561673e-04
0.465023	8.329194225e-05
0.470023	4.451973016e-03
0.475023	6.870509806e-04
0.480023	-3.832834256e-03
0.485024	-3.531099338e-04
0.490024	1.291703890e-03
0.495024	8.056216586e-04
0.500024	-1.946350039e-03
0.505025	5.314229940e-04
0.510025	4.173224680e-04
0.515025	-1.284700612e-03
0.520025	2.090028504e-03
0.525026	-4.029560741e-04
0.530026	-1.908109738e-05
0.535026	1.805723509e-03
0.540026	9.670052283e-05
0.545027	5.955697362e-04
0.550027	1.761406349e-03
0.555027	5.393594429e-04
0.560027	-5.106959088e-04
0.565028	-3.043678944e-03
0.570028	-1.169877091e-03
0.575028	1.038908359e-03
0.580028	-5.561206108e-04
0.585029	1.047402727e-04
0.590029	1.759552594e-03
0.595029	2.215206771e-04
0.600029	-2.272464644e-03
0.605030	1.159260793e-03
0.610030	1.992113002e-03
0.615030	-2.818832258e-04
0.620030	-1.102950417e-03
0.625031	1.106834421e-03
0.630031	1.049729829e-03
0.635031	-3.263104554e-04
0.640031	1.051514806e-03
0.645031	-7.735036877e-04
0.650032	-1.098595442e-03
0.655032	7.862048962e-04
0.660032	7.211003313e-04
0.665032	3.870088313e-04
0.670033	-1.085027198e-03
0.675033	1.171754737e-03
0.680033	7.816657804e-04
0.685033	-1.473332229e-03
0.690034	-9.650754341e-05
0.695034	-5.355943026e-04
0.700034	6.826797478e-05
0.705034	2.669032734e-03
0.710035	1.675972811e-03
0.715035	-3.302892663e-03
0.720035	-1.803074376e-03
0.725035	1.228669081e-03
0.730036	7.361679399e-05
0.735036	1.077459080e-03
0.740036	5.723749351e-04
0.745036	-6.406747294e-04
0.750037	1.291122061e-03
0.755037	-8.588820189e-04
0.760037	-2.569907593e-03
0.765037	2.508456014e-04
0.770038	2.240639276e-03
0.775038	1.866302240e-04
0.780038	5.225044678e-04
0.785038	-7.395433803e-04
0.790039	-1.366823134e-04
0.795039	4.681785815e-04
0.800039	9.750441838e-04
0.805039	1.194923716e-03
0.810040	2.028623179e-04
0.815040	-1.312312668e-04
0.820040	-2.454227866e-03
0.825040	1.256481001e-03
0.830041	2.968287341e-03
0.835041	-2.367684456e-05
0.840041	-1.455717236e-03
0.845041	-7.848603318e-04
0.850041	2.254880887e-03
0.855042	1.375813270e-03
0.860042	-2.382185586e-04
0.865042	1.149603035e-03
0.870042	-2.272340727e-03
0.875043	-6.275318378e-04
0.880043	5.972974645e-04
0.885043	2.162050561e-04
0.890043	1.268042635e-03
0.895044	-4.429850377e-04
0.900044	-2.993971803e-03
0.905044	4.676846095e-05
0.910044	2.208551534e-03
0.915045	2.785342091e-04
0.920045	3.934170029e-04
0.925045	2.123141549e-04
0.930045	-6.278419304e-05
0.935046	1.889008695e-03
0.940046	7.799508702e-04
0.945046	-2.593996512e-03
0.950046	1.106710760e-03
0.955047	1.546577078e-03
0.960047	-1.043408831e-03
0.965047	-3.725539658e-04
0.970047	6.702826551e-04
0.975048	2.221919448e-04
0.980048	-1.592832148e-03
0.985048	-4.829990721e-04
0.990048	1.839774718e-03
0.995049	5.027270203e-04
1.000049	-4.903375576e-04
1.005049	1.785438245e-03
1.010049	-2.015780150e-04
1.015050	-1.807612962e-03
1.020050	-3.717964534e-04
1.025050	2.066971014e-03
1.030050	2.506835935e-03
1.035051	-5.331294190e-04
1.040051	-3.526752264e-05
1.045051	-1.753297584e-03
1.050051	8.474614905e-04
1.055051	1.402320310e-03
1.060052	-1.578648414e-03
1.065052	-1.348331755e-04
1.070052	-1.919447893e-04
1.075052	1.405862733e-03
1.080053	-1.411763711e-04
1.085053	5.766738923e-04
1.090053	1.235526933e-03
1.095053	-1.076475146e-03
1.100054	1.860266524e-03
1.105054	4.742190507e-04
1.110054	-1.512799198e-03
1.115054	3.139963277e-04
1.120055	8.028570423e-04
1.125055	-4.591969004e-04
1.130055	9.566038242e-05
1.135055	-1.314442797e-04
1.140056	-9.535200128e-04
1.145056	1.801229591e-03
1.150056	5.301755542e-04
1.155056	-1.769061137e-04
1.160057	-2.320197074e-04
1.165057	-7.291118406e-04
1.170057	3.707179838e-04
1.175057	1.031569121e-03
1.180058	1.099449086e-03
1.185058	7.093512910e-04
1.190058	1.034218493e-03
1.195058	7.091173020e-04
1.200059	-3.399486699e-04
1.205059	1.099120950e-04
1.210059	4.799830387e-06
1.215059	-1.609238909e-03
1.220060	8.775221099e-04
1.225060	1.212388031e-03
1.230060	-4.406491491e-04
1.235060	-1.930694399e-03
1.240061	-8.868634233e-04
1.245061	1.598897067e-03
1.250061	9.968081339e-04
1.255061	1.992641101e-03
1.260061	1.161563108e-03
1.265062	-3.254340057e-03
1.270062	-2.593491097e-03
1.275062	3.430096033e-03
1.280062	3.601968617e-03
1.285063	-8.139350261e-04
1.290063	-1.710010564e-03
1.295063	8.327459548e-04
1.300063	-1.259271462e-03
1.305064	-1.152396311e-03
1.310064	1.676345886e-03
1.315064	2.337193757e-03
1.320064	1.009138567e-03
1.325065	-1.475860287e-03
1.330065	-1.034002100e-03
1.335065	-8.131332538e-04
1.340065	1.279644115e-03
1.345066	1.892493581e-03
1.350066	-1.020485013e-03
1.355066	1.523269969e-03
1.360066	7.021987464e-05
1.365067	-1.248836886e-03
1.370067	-4.159987916e-04
1.375067	7.285596153e-05
1.380067	2.453618257e-03
1.385068	-1.923742617e-04
1.390068	3.054796640e-04
1.395068	8.593307266e-04
1.400068	-1.461678043e-03
1.405069	3.551111237e-04
1.410069	2.735872636e-03
1.415069	-1.296053033e-03
1.420069	-6.942049714e-04
1.425070	3.016491239e-03
1.430070	-2.414725996e-04
1.435070	-2.985927798e-04
1.440070	3.702514769e-04
1.445071	-1.258475498e-04
1.450071	8.129832608e-04
1.455071	-1.810917351e-04
1.460071	-4.092042477e-04
1.465071	1.914558566e-03
1.470072	8.724855026e-04
1.475072	-1.459526294e-05
1.480072	8.182398981e-04
1.485072	-1.007795321e-03
1.490073	-5.669413087e-04
1.495073	7.148715240e-04
1.500073	-1.224158600e-03
1.505073	8.136170598e-04
1.510074	2.926388919e-03
1.515074	-2.765799456e-04
1.520074	-2.167612977e-03
1.525074	-5.118192421e-04
1.530075	1.819941361e-03
1.535075	-2.269984788e-03
1.540075	5.507516653e-04
1.545075	2.931509446e-03
1.550076	8.884829718e-04
1.555076	-5.999624386e-07
1.560076	-1.491653665e-03
1.565076	9.371011924e-04
1.570077	1.377952917e-03
1.575077	-1.021017621e-04
1.580077	7.787281961e-04
1.585077	1.676308153e-04
1.590078	-8.744456812e-04
1.595078	3.403675329e-04
1.600078	-8.247032593e-04
1.605078	-3.986936024e-05
1.610079	1.011951359e-03
1.615079	8.888292674e-04
1.620079	-6.002263153e-04
1.625079	5.655883877e-04
1.630080	1.942392642e-03
1.635080	-6.456097659e-04
1.640080	-7.597330569e-04
1.645080	-4.818756306e-04
1.650081	2.929573885e-04
1.655081	1.449771612e-03
1.660081	3.516957235e-04
1.665081	-7.553798810e-04
1.670081	4.684306072e-04
1.675082	-8.567229513e-05
1.680082	5.661657937e-04
1.685082	2.344948728e-03
1.690082	-2.347952664e-03
1.695083	-5.791695565e-04
1.700083	4.670443521e-03
1.705083	3.025257939e-04
1.710083	-2.077489106e-03
1.715084	1.241217725e-03
1.720084	2.131042931e-03
1.725084	7.601169020e-05
1.730084	3.648659023e-04
1.735085	2.411634163e-03
1.740085	-1.240319629e-03
1.745085	-1.899419642e-03
1.750085	2.078253900e-03
1.755086	-9.017331751e-04
1.760086	-1.130854661e-03
1.765086	1.134901933e-03
1.770086	2.034725023e-03
1.775087	2.092589037e-03
1.780087	-2.964277026e-04
1.785087	-1.857475658e-05
1.790087	-4.576869879e-04
1.795088	9.915200926e-05
1.800088	-7.799390850e-04
1.805088	-1.669029859e-03
1.810088	1.476682292e-03
1.815089	1.200561266e-03
1.820089	-3.364983926e-04
1.825089	6.003210487e-04
1.830089	4.291943895e-04
1.835090	-2.769063326e-04
1.840090	-5.050305522e-04
1.845090	2.420691143e-03
1.850090	1.158617038e-03
1.855091	-1.554386431e-03
1.860091	-2.433479571e-03
1.865091	5.592381634e-04
1.870091	4.919888966e-03
1.875092	1.029874765e-04
1.880092	-1.713060635e-03
1.885092	6.196886083e-04
1.890092	2.046481889e-03
1.895092	-1.996458074e-03
1.900093	-1.375625814e-03
1.905093	3.329006971e-03
1.910093	7.209964502e-04
1.915093	-1.706023082e-03
1.920094	-2.052344766e-04
1.925094	1.056565613e-03
1.930094	2.215370549e-03
1.935094	2.943196338e-03
1.940095	4.001815698e-04
1.945095	-2.313825034e-03
1.950095	-3.150618116e-04
1.955095	1.837693714e-03
1.960096	-2.073460817e-04
1.965096	3.474870611e-04
1.970096	1.336340364e-05
1.975096	1.123169096e-03
1.980097	6.850501466e-04
1.985097	-2.019958359e-03
1.990097	1.317959315e-04
1.995097	-3.643207422e-04
2.000098	-9.547493330e-05
2.005098	2.065278361e-03
2.010098	1.961141999e-03
2.015098	1.293032973e-03
2.020099	-6.950118247e-04
2.025099	5.777840541e-04
2.030099	2.079568569e-03
2.035099	-7.504357046e-04
2.040100	-1.465543379e-03
2.045100	3.142270020e-04
2.050100	-1.243839914e-03
2.055100	1.356890021e-03
2.060101	1.195754550e-03
2.065101	1.301605858e-03
2.070101	2.965380944e-03
2.075101	-3.506011411e-04
2.080102	-7.417261574e-04
2.085102	-2.428947988e-04
2.090102	1.028898644e-03
2.095102	2.637912971e-04
2.100102	-9.012967248e-04
2.105103	-7.854474540e-04
2.110103	4.736663184e-05
2.115103	9.181786672e-04
2.120103	1.693995142e-03
2.125104	9.792717224e-05
2.130104	-1.441143777e-03
2.135104	4.916156449e-04
2.140104	2.422374965e-03
2.145105	-6.156234278e-04
2.150105	-6.147703222e-04
2.155105	1.697969759e-03
2.160105	-1.559018546e-03
2.165106	9.947093740e-04
2.170106	3.088459541e-03
2.175106	-1.547462073e-03
2.180106	-7.736478944e-04
2.185107	1.264104399e-03
2.190107	9.409717059e-04
2.195107	4.868723294e-06
2.200107	1.677119063e-04
2.205108	-3.854101745e-04
2.210108	5.513948288e-04
2.215108	1.546196797e-03
2.220108	1.721141651e-04
2.225109	5.069479292e-04
2.230109	-4.871536586e-04
2.235109	1.550596587e-03
2.240109	1.331456765e-03
2.245110	6.723382074e-04
2.250110	1.219160589e-03
2.255110	-1.419861762e-03
2.260110	1.769089626e-04
2.265111	9.437199814e-04
2.270111	6.205839816e-04
2.275111	2.503340120e-03
2.280111	-1.644609643e-03
2.285112	-2.694710798e-03
2.290112	1.396936907e-03
2.295112	1.397784040e-03
2.300112	1.350633302e-03
2.305112	1.514472054e-03
2.310113	-4.825839511e-04
2.315113	-1.695678429e-03
2.320113	3.510677914e-04
2.325113	3.039159835e-04
2.330114	-7.471870450e-04
2.335114	-5.843495320e-04
2.340114	3.613290859e-03
2.345114	2.783176397e-03
2.350115	-1.574766118e-03
2.355115	-2.499715718e-05
2.360115	1.140790324e-03
2.365115	1.189632096e-03
2.370116	2.013435830e-03
2.375116	1.469306102e-03
2.380116	8.671789841e-04
2.385116	-1.578858367e-03
2.390117	-2.791956109e-03
2.395117	1.414681434e-03
2.400117	2.028494093e-03
2.405117	-3.995450225e-04
2.410118	-1.297659024e-03
2.415118	-1.679798428e-03
2.420118	4.819377981e-04
2.425118	2.471682194e-03
2.430119	2.195536945e-03
2.435119	1.919391472e-03
2.440119	-1.267341434e-05
2.445119	-7.277979153e-04
2.450120	-1.239870089e-04
2.455120	-1.452082048e-03
2.460120	1.043636076e-03
2.465120	1.760440787e-03
2.470121	-1.009584565e-03
2.475121	1.486132876e-03
2.480121	4.350231802e-04
2.485121	-1.504043411e-03
2.490122	1.985624836e-03
2.495122	7.235247486e-04
2.500122	-3.845830846e-04
2.505122	1.758150204e-03
2.510122	8.800306847e-04
2.515123	-2.180783304e-04
2.520123	5.874532284e-05
2.525123	3.090434301e-03
2.530123	1.658340887e-03
2.535124	-1.107363154e-04
2.540124	-1.099001266e-04
2.545124	-1.313005418e-03
2.550124	-3.272177656e-04
2.555125	9.925533520e-04
2.560125	8.303965549e-04
2.565125	-9.836798616e-04
2.570125	-1.260831520e-03
2.575126	1.998843981e-03
2.580126	2.277664716e-03
2.585126	7.305743215e-04
2.590126	8.934002409e-04
2.595127	-7.696849705e-04
2.600127	9.520643925e-04
2.605127	1.621864853e-03
2.610127	-2.032131720e-04
2.615128	4.575872469e-04
2.620128	1.395373907e-03
2.625128	2.122170623e-03
2.630128	-2.416775925e-03
2.635129	-4.021865893e-03
2.640129	2.066668433e-03
2.645129	3.999405326e-03
2.650129	9.043873403e-04
2.655130	-1.466666221e-03
2.660130	4.650699892e-04
2.665130	1.009873639e-03
2.670130	-2.239137811e-03
2.675131	1.797494940e-03
2.680131	2.074310931e-03
2.685131	-9.657114565e-04
2.690131	1.301006930e-03
2.695132	1.857808515e-03
2.700132	3.577102336e-04
2.705132	2.355480329e-05
2.710132	-3.585985335e-04
2.715132	-3.587707611e-04
2.720133	1.468967556e-03
2.725133	7.628292812e-04
2.730133	7.546566935e-04
2.735133	2.131416267e-03
2.740134	-1.965224527e-05
2.745134	-2.948125579e-04
2.750134	2.745865058e-03
2.755134	-7.911365757e-04
2.760135	-1.009300428e-03
2.765135	1.315411368e-03
2.770135	-1.667618061e-03
2.775135	-1.122819910e-03
2.780136	1.478877606e-03
2.785136	3.640596338e-03
2.790136	1.758512159e-03
2.795136	-1.788491024e-03
2.800137	3.924323795e-05
2.805137	1.070631303e-04
2.810137	3.258753963e-04
2.815137	2.137035571e-04
2.820138	-2.824498016e-04
2.825138	3.312196942e-03
2.830138	3.791619895e-04
2.835138	-1.876906260e-03
2.840139	3.036675338e-03
2.845139	5.436181333e-04
2.850139	-3.825158012e-04
2.855139	8.322455230e-04
2.860140	1.989009416e-03
2.865140	-2.760599619e-04
2.870140	-3.222378884e-04
2.875140	1.217506526e-03
2.880141	2.143747737e-04
2.885141	9.431582367e-04
2.890141	-2.975831745e-03
2.895141	-8.161186430e-04
2.900142	2.434540953e-03
2.905142	1.719393822e-03
2.910142	1.062243594e-03
2.915142	-9.358414596e-04
2.920143	6.218996882e-04
2.925143	3.003600358e-03
2.930143	1.745550537e-04
2.935143	-6.565880201e-04
2.940143	-1.638723994e-03
2.945144	-1.140932460e-03
2.950144	4.163624224e-03
2.955144	2.501520625e-03
2.960144	-1.426472665e-03
2.965145	5.152473211e-04
2.970145	1.731002464e-03
2.975145	9.568544464e-04
2.980145	8.516735096e-04
2.985146	-4.764480180e-04
2.990146	-8.096183742e-04
2.995146	2.315409583e-05
3.000146	3.589505453e-04
3.005147	2.233671618e-03
3.010147	8.565511119e-04
3.015147	1.851314578e-03
3.020147	-5.837548489e-04
3.025148	-1.682889748e-03
3.030148	1.136783831e-03
3.035148	-8.023106303e-04
3.040148	4.704378872e-04
3.045149	1.905178221e-03
3.050149	2.182974738e-03
3.055149	2.077789667e-03
3.060149	-5.692716350e-04
3.065150	2.644969124e-04
3.070150	2.683187833e-03
3.075150	-1.938630853e-04
3.080150	-2.399947028e-03
3.085151	-5.172307939e-04
3.090151	2.580425867e-03
3.095151	1.264297648e-03
3.100151	-1.278770977e-03
3.105152	1.808885325e-03
3.110152	1.589702724e-03
3.115152	4.258464465e-05
3.120152	-2.058506684e-03
3.125153	-5.687735359e-04
3.130153	1.754918628e-03
3.135153	2.923666870e-03
3.140153	2.197507302e-03
3.145153	-2.275469702e-03
3.150154	5.451970649e-04
3.155154	1.262966170e-03
3.160154	5.082916981e-05
3.165154	1.379567882e-03
3.170155	1.436368380e-03
3.175155	-7.797204905e-04
3.180155	-1.332890804e-03
3.185155	1.210787461e-03
3.190156	3.151494863e-03
3.195156	-2.225386573e-04
3.200156	-2.983602382e-03
3.205156	1.720448546e-04
3.210157	2.600727277e-03
3.215157	3.098503639e-03
3.220157	-1.871453456e-03
3.225157	-1.326679973e-03
3.230158	-1.119394793e-04
3.235158	-1.266083673e-03
3.240158	2.720520960e-03
3.245158	2.385336210e-03
3.250159	-1.599670717e-03
3.255159	-2.028851471e-03
3.260159	3.603671657e-03
3.265159	2.217537012e-03
3.270160	-9.845093095e-04
3.275160	2.114136586e-03
3.280160	6.903320801e-05
3.285160	-2.090064905e-03
3.290161	1.121574582e-03
3.295161	1.122370465e-03
3.300161	1.066168830e-03
3.305161	2.175909995e-03
3.310162	1.344745580e-03
3.315162	7.345700797e-04
3.320162	-3.155842500e-04
3.325162	1.331879684e-04
3.330163	-7.449753581e-04
3.335163	1.406713151e-03
3.340163	1.846484901e-03
3.345163	-2.556196026e-04
3.350163	7.971216274e-04
3.355164	3.579353623e-04
3.360164	1.294681645e-03
3.365164	6.265059457e-04
3.370164	-5.186467813e-04
3.375165	1.528044418e-03
3.380165	1.126854773e-03
3.385165	-1.357233530e-03
3.390165	-6.304788344e-04
3.395166	1.081227486e-03
3.400166	9.680225581e-04
3.405166	1.865767986e-03
3.410166	9.776002607e-04
3.415167	6.364055334e-04
3.420167	2.357109872e-03
3.425167	-6.259565459e-04
3.430167	9.279606998e-05
3.435168	1.805499869e-03
3.440168	-1.454553964e-03
3.445168	5.431353043e-04
3.450168	1.529873597e-03
3.455169	-1.183207864e-03
3.460169	-1.704714653e-04
3.465169	1.426236122e-03
3.470169	7.590538773e-04
3.475170	4.348545807e-04
3.480170	3.206447219e-04
3.485170	1.755358958e-03
3.490170	2.032129389e-03
3.495171	-8.349470706e-04
3.500171	3.807769058e-04
3.505171	2.093476312e-03
3.510171	3.253452734e-04
3.515172	2.691303723e-04
3.520172	8.238853372e-04
3.525172	-5.532657354e-04
3.530172	8.254483821e-04
3.535173	2.872129583e-03
3.540173	1.100451409e-04
3.545173	-3.281530307e-04
3.550173	1.116056316e-04
3.555173	5.513639734e-04
3.560174	2.159064996e-03
3.565174	2.279383997e-04
3.570174	2.287172005e-04
3.575174	8.234666922e-04
3.580175	1.216225719e-03
3.585175	1.722978859e-03
3.590175	-9.251143608e-04
3.595175	6.725848922e-04
3.600176	2.107291775e-03
3.605176	7.321354608e-04
3.610176	3.899284111e-04
3.615176	-7.102419739e-04
3.620177	1.393430962e-03
3.625177	4.002547029e-04
3.630177	-1.644870545e-03
3.635177	1.281761248e-03
3.640178	2.171492119e-03
3.645178	-3.716098097e-04
3.650178	5.671180136e-04
3.655178	6.828856702e-04
3.660179	2.288580286e-03
3.665179	1.506391106e-03
3.670179	-4.817395513e-04
3.675179	-2.297878933e-03
3.680180	-4.231987641e-04
3.685180	3.009405044e-03
3.690180	3.053080028e-04
3.695180	7.940548130e-04
3.700181	1.128808806e-03
3.705181	-1.135310704e-03
3.710181	-1.134541078e-03
3.715181	3.673993587e-03
3.720182	2.010843748e-03
3.725182	-8.128549064e-05
3.730182	1.965382955e-03
3.735182	-7.497165513e-04
3.740183	1.077961911e-03
3.745183	2.130677856e-03
3.750183	-6.324203158e-04
3.755183	-4.116644422e-04
3.760183	-4.578958764e-04
3.765184	-8.491108124e-04
3.770184	-9.633396038e-04
3.775184	1.474306730e-03
3.780184	2.747009576e-03
3.785185	1.974811878e-03
3.790185	3.245514144e-03
3.795185	-2.356238151e-05
3.800185	-7.957610994e-04
3.805186	3.965769785e-03
3.810186	5.426997528e-04
3.815186	-1.942416395e-03
3.820186	-5.727210075e-04
3.825187	-5.719591556e-04
3.830187	-9.451793955e-04
3.835187	-6.464003717e-06
3.840187	1.696213762e-03
3.845188	1.207998103e-03
3.850188	2.039717684e-03
3.855188	8.175371546e-04
3.860188	1.048285374e-03
3.865189	2.702963758e-03
3.870189	8.788115688e-04
3.875189	-8.903436506e-04
3.880189	1.433301047e-03
3.885190	1.492055928e-03
3.890190	-1.825024792e-03
3.895190	-6.093270676e-04
3.900190	7.673624515e-04
3.905191	-5.028192060e-04
3.910191	1.218852779e-03
3.915191	3.101516558e-03
3.920191	1.684150053e-04
3.925192	-2.228109462e-04
3.930192	1.440862468e-03
3.935192	1.001638157e-03
3.940192	2.714308478e-03
3.945193	-3.247896583e-04
3.950193	-1.872960907e-03
3.955193	1.272638427e-03
3.960193	-2.655340159e-04
3.965193	1.562128929e-03
3.970194	1.274894730e-03
3.975194	-7.602545210e-04
3.980194	2.720326695e-03
3.985194	2.166104461e-03
3.990195	-1.703956308e-03
3.995195	1.797017736e-04
4.000195	2.111357157e-03
4.005195	-9.757428921e-04
4.010196	1.895750224e-05
4.015196	1.444636506e-03
4.020196	7.845140093e-05
4.025196	1.512129298e-03
4.030197	2.899364487e-04
4.035197	4.636751157e-04
4.040197	3.064294987e-03
4.045197	-1.478018305e-04
4.050198	-2.134958787e-03
4.055198	-1.453101808e-04
4.060198	2.014329769e-03
4.065198	6.391418632e-04
4.070199	3.287757226e-03
4.075199	2.782526141e-03
4.080199	-1.995844305e-04
4.085199	-2.235741529e-03
4.090200	-1.689025041e-03
4.095200	2.068534388e-03
4.100200	1.189319737e-03
4.105200	-1.868710262e-04
4.110201	1.467789935e-03
4.115201	2.243493425e-03
4.120201	1.470272140e-03
4.125201	-1.839065193e-04
4.130202	-9.091308796e-04
4.135202	1.137509121e-03
4.140202	-1.236898172e-04
4.145202	9.669961005e-04
4.150203	8.617400143e-04
4.155203	2.029421438e-03
4.160203	9.782107784e-04
4.165203	-6.749708728e-04
4.170204	2.637206178e-04
4.175204	2.749336246e-03
4.180204	2.071968668e-04
4.185204	-4.050370659e-04
4.190204	1.584601654e-03
4.195205	1.042363562e-03
4.200205	3.144996024e-03
4.205205	2.098739654e-04
4.210205	-5.063567522e-04
4.215206	2.201245067e-03
4.220206	2.610733337e-04
4.225206	-1.173123467e-03
4.230206	7.685146116e-04
4.235207	2.261174226e-03
4.240207	1.267954781e-03
4.245207	7.137135376e-04
4.250207	2.174690879e-04
4.255208	-1.110735137e-03
4.260208	-2.046958868e-03
4.265208	1.490598695e-03
4.270208	4.474182916e-03
4.275209	-1.049818055e-03
4.280209	-7.721025390e-04
4.285209	1.331523491e-03
4.290209	9.972681144e-04
4.295210	1.541969464e-03
4.300210	8.267319215e-04
4.305210	1.889407233e-03
4.310210	1.937131696e-03
4.315211	-1.206988454e-03
4.320211	-2.693081849e-04
4.325211	1.442333932e-03
4.330211	-4.878466058e-04
4.335212	1.329789574e-03
4.340212	-4.294000738e-04
4.345212	6.222727202e-04
4.350212	1.885934785e-03
4.355213	-9.242047247e-04
4.360213	1.781386203e-03
4.365213	1.391127829e-03
4.370213	2.061817294e-03
4.375214	1.611561078e-03
4.380214	1.783524462e-04
4.385214	-9.691308186e-05
4.390214	1.780197163e-05
4.395214	-4.784535453e-04
4.400215	9.561963185e-04
4.405215	1.185904598e-03
4.410215	6.796484058e-04
4.415215	2.889259286e-03
4.420216	2.622990604e-03
4.425216	9.597897066e-04
4.430216	-1.697363074e-03
4.435216	3.592537145e-04
4.440217	1.736903247e-03
4.445217	1.563628078e-03
4.450217	1.404135163e-04
4.455217	9.170912044e-04
4.460218	1.404782604e-03
4.465218	-5.844055128e-04
4.470218	1.740195457e-03
4.475218	2.238885141e-03
4.480219	-4.092719953e-04
4.485219	-8.005396663e-04
4.490219	5.861055030e-04
4.495219	1.916753011e-03
4.500220	7.985196333e-04
4.505220	1.410201438e-03
4.510220	6.469499456e-04
4.515220	-1.016258023e-03
4.520221	1.136347393e-03
4.525221	5.350868066e-04
4.530221	-1.951082190e-03
4.535221	2.743397986e-03
4.540222	2.907098875e-03
4.545222	-1.173993480e-03
4.550222	2.421539132e-03
4.555222	1.084312074e-03
4.560223	-5.129026964e-04
4.565223	7.017449094e-04
4.570223	2.414367813e-03
4.575223	8.761489633e-04
4.580224	1.018924298e-04
4.585224	-3.463804134e-04
4.590224	-4.506704454e-04
4.595224	7.159770965e-04
4.600224	-1.672202282e-03
4.605225	1.596341879e-03
4.610225	4.139921015e-03
4.615225	-1.221681217e-04
4.620225	-6.664390993e-04
4.625226	6.062008502e-04
4.630226	6.539001745e-04
4.635226	8.745906516e-04
4.640226	2.319220993e-03
4.645227	1.382967120e-03
4.650227	-1.388197612e-03
4.655227	3.420267349e-03
4.660227	1.002084578e-03
4.665228	-1.329102846e-03
4.670228	6.025012905e-04
4.675228	1.224168946e-03
4.680228	2.103823603e-03
4.685229	1.273561299e-03
4.690229	7.202850683e-04
4.695229	-1.324918763e-03
4.700229	1.056660961e-03
4.705230	-2.715786797e-04
4.710230	-2.718835363e-04
4.715230	1.726713646e-03
4.720230	7.244568647e-04
4.725231	1.701778095e-04
4.730231	6.768465662e-04
4.735231	1.500499441e-03
4.740231	8.902218818e-04
4.745232	1.501884276e-03
4.750232	2.448529910e-03
4.755232	6.233104020e-04
4.760232	-4.496598109e-05
4.765233	1.342656889e-03
4.770233	6.263820194e-04
4.775233	1.123047540e-03
4.780233	2.452671996e-03
4.785234	-2.640390525e-03
4.790234	-9.782609620e-05
4.795234	2.731723911e-03
4.800234	1.567468406e-03
4.805234	2.887091267e-03
4.810235	-5.930520533e-04
4.815235	-1.690312081e-03
4.820235	-3.036937444e-04
4.825235	2.506854682e-03
4.830236	7.065874128e-05
4.835236	-1.851562702e-03
4.840236	8.549895410e-04
4.845236	2.127611343e-03
4.850237	2.624270592e-03
4.855237	8.480403419e-04
4.860237	3.037495493e-04
4.865237	3.044317393e-04
4.870238	2.017029962e-03
4.875238	1.796722093e-03
4.880238	-1.796421599e-03
4.885238	4.221506631e-04
4.890239	4.218307880e-04
4.895239	1.407462373e-03
4.900239	1.141154630e-03
4.905239	-1.124055987e-03
4.910240	1.849477311e-03
4.915240	1.248184641e-03
4.920240	1.534848212e-03
4.925240	2.855460898e-03
4.930241	3.627518839e-05
4.935241	-1.616967849e-03
4.940241	-7.736712972e-05
4.945241	1.748219205e-03
4.950242	1.749894123e-03
4.955242	2.582528059e-03
4.960242	7.662908378e-04
4.965242	-1.727913727e-03
4.970243	-3.503076720e-04
4.975243	5.963189856e-04
4.980243	8.739778602e-04
4.985243	2.977547197e-03
4.990244	3.361200038e-03
4.995244	1.364968590e-03
5.000244	-1.752855405e-04
5.005244	-1.273561673e-03
5.010244	-1.109899822e-03
5.015245	5.446888366e-04
5.020245	2.591257933e-03
5.025245	1.653972214e-03
5.030245	8.236808397e-04
5.035246	1.531313978e-03
5.040246	9.870077795e-04
5.045246	1.112668451e-03
5.050246	8.263487924e-04
5.055247	5.980258685e-04
5.060247	1.047669423e-03
5.065247	1.660304587e-03
5.070247	3.900312048e-04
5.075248	-4.992612068e-04
5.080248	1.824289152e-03
5.085248	2.656911833e-03
5.090248	2.322591026e-03
5.095249	-3.816145648e-04
5.100249	-4.949470331e-04
5.105249	4.986660387e-04
5.110249	7.293159056e-04
5.115250	-5.409614188e-04
5.120250	2.211564496e-03
5.125250	3.321170149e-03
5.130250	1.769829550e-04
5.135251	-6.053199447e-04
5.140251	-1.101637242e-03
5.145251	1.010917701e-03
5.150251	7.915860028e-04
5.155252	2.054181542e-03
5.160252	1.499865306e-03
5.165252	2.865807874e-04
5.170252	-6.487177411e-04
5.175253	1.190540283e-05
5.180253	1.560484769e-03
5.185253	1.130160265e-03
5.190253	2.336755432e-03
5.195254	2.165417399e-03
5.200254	-9.181928303e-05
5.205254	2.928146610e-04
5.210254	1.785394089e-03
5.215255	-2.038570090e-04
5.220255	1.517710351e-03
5.225255	1.240374815e-03
5.230255	-1.855823604e-03
5.235255	-2.482520223e-04
5.240256	2.228276704e-03
5.245256	2.285923028e-03
5.250256	5.746552301e-04
5.255256	1.848241316e-03
5.260257	2.240869945e-03
5.265257	7.395905512e-04
5.270257	5.782453155e-04
5.275257	1.075867471e-03
5.280258	1.687483612e-03
5.285258	6.371804065e-04
5.290258	-1.140087773e-03
5.295258	-7.474622989e-04
5.300259	2.800008760e-03
5.305259	3.516617519e-03
5.310259	-5.265418900e-04
5.315259	9.760276059e-04
5.320260	3.077025922e-04
5.325260	-1.126585495e-03
5.330260	4.065802569e-03
5.335260	-9.613110896e-04
5.340261	-4.546952600e-04
5.345261	1.800834764e-03
5.350261	-7.243417410e-05
5.355261	2.693070051e-03
5.360262	1.029789953e-03
5.365262	3.124632339e-04
5.370262	1.511089256e-04
5.375262	-4.032266617e-04
5.380263	-6.760613806e-05
5.385263	1.424957467e-03
5.390263	5.366368049e-04
5.395263	1.033248097e-03
5.400264	2.304821111e-03
5.405264	1.485495706e-03
5.410264	3.522030469e-03
5.415264	-6.416082726e-05
5.420265	-1.438460529e-03
5.425265	-1.188921563e-04
5.430265	-9.502192771e-04
5.435265	2.808229151e-03
5.440265	3.696817172e-03
5.445266	1.259567039e-03
5.450266	-5.567138610e-04
5.455266	7.158540348e-04
5.460266	4.851613875e-05
5.465267	-8.308118750e-04
5.470267	1.377708955e-03
5.475267	1.645324041e-03
5.480267	-3.319517826e-04
5.485268	1.169602156e-03
5.490268	1.265224242e-03
5.495268	1.266850450e-03
5.500268	2.710405823e-03
5.505269	-6.638041530e-04
5.510269	-2.711984231e-04
5.515269	8.293722901e-04
5.520269	-6.609310239e-04
5.525270	1.881568387e-03
5.530270	3.038134966e-03
5.535270	2.666775643e-03
5.540270	-2.094619058e-04
5.545271	-1.269788543e-03
5.550271	1.647625971e-04
5.555271	2.659261540e-03
5.560271	3.157857418e-03
5.565272	-1.649288244e-03
5.570272	-1.429679692e-03
5.575272	4.324658285e-03
5.580272	2.671357298e-03
5.585273	-6.538625667e-04
5.590273	5.036983284e-04
5.595273	1.948244746e-03
5.600273	1.499883070e-03
5.605274	-2.199320432e-03
5.610274	7.618401670e-05
5.615274	1.835713173e-03
5.620274	2.553292705e-03
5.625275	9.569846848e-04
5.630275	-3.713368872e-04
5.635275	9.012141390e-04
5.640275	3.941678413e-03
5.645275	1.064431007e-03
5.650276	-1.859814580e-03
5.655276	2.060605325e-03
5.660276	1.297253331e-03
5.665276	-6.910393607e-04
5.670277	-1.198404801e-03
5.675277	1.680064048e-03
5.680277	3.449586537e-03
5.685277	1.567286765e-03
5.690278	5.249455234e-04
5.695278	8.025393883e-04
5.700278	1.177128041e-03
5.705278	5.177666739e-04
5.710279	-8.359800284e-05
5.715279	1.131948172e-03
5.720279	-1.393847680e-04
5.725279	5.291871406e-04
5.730280	1.581739830e-03
5.735280	5.783923701e-04
5.740280	-4.149560586e-04
5.745280	1.354560198e-03
5.750281	2.186121747e-03
5.755281	8.107905150e-04
5.760281	2.303318843e-03
5.765281	1.968935846e-03
5.770282	-8.513263190e-04
5.775282	-1.907588383e-04
5.780282	3.126678499e-03
5.785282	-1.756930596e-05
5.790283	1.359961734e-03
5.795283	1.417556705e-03
5.800283	2.042132147e-04
5.805283	-8.471386659e-04
5.810284	3.114011211e-04
5.815284	2.796875665e-03
5.820284	1.151551314e-03
5.825284	3.027054654e-03
5.830285	1.987870596e-04
5.835285	3.143753126e-04
5.840285	1.040933262e-03
5.845285	4.657470705e-05
5.850285	2.753035057e-03
5.855286	1.537538499e-04
5.860286	8.133131161e-04
5.865286	1.205884923e-03
5.870286	1.980437599e-03
5.875287	3.577949624e-03
5.880287	-5.602589276e-04
5.885287	-6.176671197e-04
5.890287	-7.220735087e-04
5.895288	1.382411813e-03
5.900288	2.586940564e-03
5.905288	4.465167492e-05
5.910288	1.154184078e-03
5.915289	1.268764545e-03
5.920289	-8.335472914e-04
5.925289	-1.729944538e-04
5.930289	3.087431012e-03
5.935290	2.601038836e-03
5.940290	-9.932021637e-04
5.945290	9.382866761e-04
5.950290	1.379847733e-03
5.955291	1.273435038e-03
5.960291	2.047978855e-03
5.965291	5.486331477e-04
5.970291	2.822267750e-04
5.975292	-5.491525216e-04
5.980292	1.544324947e-03
5.985292	2.596852720e-03
5.990292	-3.764235369e-04
5.995293	-8.728211672e-04
6.000293	6.576817888e-04
6.005293	2.045191225e-03
6.010293	2.944723979e-03
6.015294	-1.055510083e-04
6.020294	5.549924113e-04
6.025294	2.114491461e-03
6.030294	-1.608228413e-04
6.035295	2.787298660e-04
6.040295	1.561240936e-03
6.045295	1.006841150e-03
6.050295	1.284400263e-03
6.055295	1.228975126e-03
6.060296	1.114552367e-03
6.065296	1.334112807e-03
6.070296	1.391680652e-03
6.075296	1.403250240e-03
6.080297	5.718604641e-04
6.085297	8.964137733e-04
6.090297	1.566949695e-03
6.095297	-9.640098750e-05
6.100298	2.291507642e-04
6.105298	3.060579721e-03
6.110298	6.332648100e-04
6.115298	-3.711200465e-04
6.120299	1.120372789e-03
6.125299	1.178935049e-03
6.130299	-7.514061329e-04
6.135299	3.011066104e-04
6.140300	1.342619385e-03
6.145300	9.032039256e-04
6.150300	4.647879113e-04
6.155300	2.923584098e-04
6.160301	1.899841538e-03
6.165301	1.136439863e-03
6.170301	1.193997617e-03
6.175301	2.340501720e-03
6.180302	2.398058457e-03
6.185302	8.606925217e-04
6.190302	-9.646598681e-04
6.195302	-1.241088357e-03
6.200303	2.983940245e-04
6.205303	3.175810603e-03
6.210303	2.794385709e-03
6.215303	1.247017206e-03
6.220304	2.526212063e-04
6.225304	1.247127634e-03
6.230304	2.537305633e-04
6.235304	-7.406669693e-04
6.240305	2.023751549e-03
6.245305	2.129299314e-03
6.250305	1.966859644e-03
6.255305	2.750617959e-05
6.260305	4.770356200e-04
6.265306	2.312496911e-03
6.270306	5.251344899e-04
6.275306	9.186651233e-04
6.280306	1.542517527e-04
6.285307	3.647902885e-04
6.290307	-2.936292834e-04
6.295307	9.778564469e-04
6.300307	3.071301549e-03
6.305308	2.584872039e-03
6.310308	2.862404730e-03
6.315308	-6.828765341e-04
6.320308	-8.443234519e-04
6.325309	1.420110726e-03
6.330309	8.186842471e-04
6.335309	1.212208695e-03
6.340309	1.479738775e-03
6.345310	-1.826374795e-04
6.350310	9.838476940e-04
6.355310	2.475316490e-03
6.360310	9.849302869e-04
6.365311	4.851653062e-05
6.370311	1.263997239e-03
6.375311	1.426528813e-03
6.380311	-5.618351636e-04
6.385312	-3.323078979e-04
6.390312	3.358049952e-03
6.395312	8.747085708e-04
6.400312	-9.406659297e-04
6.405313	1.821735645e-03
6.410313	1.382292954e-03
6.415313	-6.110126409e-05
6.420313	8.763878047e-04
6.425314	2.368849268e-03
6.430314	8.304581194e-04
6.435314	1.130263842e-04
6.440314	1.432494721e-03
6.445315	1.157040371e-03
6.450315	7.175934994e-04
6.455315	1.769073344e-03
6.460315	1.330625376e-03
6.465316	2.792067984e-04
6.470316	4.417284530e-04
6.475316	1.609200539e-03
6.480316	2.049707577e-03
6.485316	2.154230487e-03
6.490317	-1.162080186e-03
6.495317	-7.105752622e-04
6.500317	1.830827145e-03
6.505317	6.243935096e-05
6.510318	3.763784097e-03
6.515318	3.152338788e-03
6.520318	-4.898065729e-05
6.525318	-8.234190669e-04
6.530319	2.290528389e-04
6.535319	2.495464974e-03
6.540319	1.338043670e-03
6.545319	-2.589242989e-03
6.550320	-2.668351728e-04
6.555320	2.228563671e-03
6.560320	-4.837838664e-04
6.565320	2.440592983e-03
6.570321	2.440112041e-03
6.575321	2.336635595e-03
6.580321	1.171210443e-03
6.585321	-3.771965491e-04
6.590322	-3.096829328e-04
6.595322	7.317826212e-04
6.600322	2.118230808e-03
6.605322	1.067797386e-03
6.610323	-8.705932334e-04
6.615323	7.587482776e-05
6.620323	2.560267302e-03
6.625323	1.117850879e-03
6.630324	2.227309387e-03
6.635324	1.844840169e-03
6.640324	6.314109704e-04
6.645324	1.512879002e-03
6.650325	1.178405840e-03
6.655325	5.759452206e-04
6.660325	1.016433169e-03
6.665325	5.199663065e-04
6.670326	1.677418194e-03
6.675326	1.792920395e-03
6.680326	-1.190426710e-03
6.685326	2.289910209e-03
6.690326	1.736443447e-03
6.695327	-1.799878282e-03
6.700327	3.783354400e-03
6.705327	1.297980309e-03
6.710327	-2.066351426e-03
6.715328	8.020121334e-04
6.720328	9.085099391e-04
6.725328	2.791920490e-03
6.730328	2.131454647e-03
6.735329	8.030208641e-04
6.740329	-2.554266343e-04
6.745329	1.025011186e-03
6.750329	2.851421821e-03
6.755330	6.920264316e-04
6.760330	-1.459369889e-03
6.765330	-1.869338393e-04
6.770330	2.078453211e-03
6.775331	2.461931562e-03
6.780331	1.917454656e-03
6.785331	-1.130900597e-03
6.790331	1.078487021e-03
6.795332	3.303873315e-03
6.800332	2.555164357e-04
6.805332	-1.349706956e-04
6.810332	1.260454474e-03
6.815333	2.303896278e-03
6.820333	2.075399612e-03
6.825333	4.299715505e-04
6.830333	-2.965019015e-04
6.835334	2.028875166e-03
6.840334	-1.221476205e-03
6.845334	-2.940320048e-04
6.850334	2.527319224e-03
6.855335	1.082878086e-03
6.860335	1.036368181e-03
6.865335	1.323841431e-03
6.870335	2.088290857e-03
6.875336	2.529755500e-03
6.880336	5.893358363e-04
6.885336	6.468181244e-04
6.890336	2.483213051e-03
6.895336	-7.291461808e-04
6.900337	3.142863489e-04
6.905337	8.787417058e-04
6.910337	1.490194221e-03
6.915337	1.375681616e-03
6.920338	-1.835680405e-03
6.925338	3.298549744e-03
6.930338	3.644013045e-03
6.935338	3.276545004e-04
6.940339	-1.228444532e-04
6.945339	-2.378255874e-03
6.950339	1.771019595e-03
6.955339	4.085384060e-03
6.960340	4.350390639e-04
6.965340	1.151480409e-03
6.970340	8.269720038e-04
6.975340	4.934634861e-04
6.980341	1.209903177e-03
6.985341	1.684281062e-04
6.990341	9.918614719e-04
6.995341	1.661301800e-03
7.000342	1.986758363e-03
7.005342	1.825238138e-03
7.010342	8.798123709e-06
7.015342	-4.497087141e-04
7.020343	1.825650477e-03
7.025343	2.161103785e-03
7.030343	1.156727300e-04
7.035343	6.701142423e-04
7.040344	1.053563545e-03
7.045344	-1.119121173e-04
7.050344	8.255090402e-04
7.055344	2.774880257e-03
7.060345	1.764728589e-04
7.065345	6.639143094e-04
7.070345	2.766276393e-03
7.075345	2.108772606e-03
7.080346	1.612260406e-03
7.085346	-2.131874957e-04
7.090346	1.938169970e-03
7.095346	5.037018725e-04
7.100346	1.059136107e-03
7.105347	2.828510541e-03
7.110347	-9.688646951e-05
7.115347	1.949473331e-03
7.120347	2.112924462e-03
7.125348	1.724777083e-04
7.130348	-1.042005033e-03
7.135348	-2.095882253e-04
7.140348	1.617779467e-03
7.145349	1.838225020e-03
7.150349	1.340705052e-03
7.155349	1.838135967e-03
7.160349	1.667598921e-03
7.165350	4.061145535e-04
7.170350	6.245574022e-04
7.175350	1.896948255e-03
7.180350	1.784406134e-03
7.185351	1.506871503e-03
7.190351	2.013298051e-03
7.195351	-1.867061879e-03
7.200351	-4.070087080e-05
7.205352	3.888556950e-03
7.210352	8.971519488e-04
7.215352	-1.635276014e-03
7.220352	-2.990647275e-05
7.225353	2.666409265e-03
7.230353	9.089417916e-04
7.235353	1.463360930e-03
7.240353	7.378419674e-04
7.245354	-4.186565270e-04
7.250354	1.846677422e-03
7.255354	1.120156814e-03
7.260354	2.230545996e-03
7.265355	2.078996198e-03
7.270355	5.285141048e-04
7.275355	7.399454608e-04
7.280355	-7.495407412e-04
7.285356	1.687780855e-03
7.290356	2.729170008e-03
7.295356	-1.523183061e-03
7.300356	-1.938090954e-04
7.305356	2.845480855e-03
7.310357	3.343894238e-03
7.315357	8.584526713e-04
7.320357	7.528943934e-04
7.325357	1.959271522e-03
7.330358	3.393636957e-03
7.335358	-5.257369052e-04
7.340358	-1.567251781e-03
7.345358	5.401841841e-03
7.350359	-3.614437414e-04
7.355359	-6.969947775e-04
7.360359	4.121202104e-03
7.365359	-1.507091776e-03
7.370360	-4.067145987e-04
7.375360	1.685613599e-03
7.380360	1.141069911e-03
7.385360	2.356439765e-03
7.390361	-4.639939980e-04
7.395361	1.142355632e-03
7.400361	1.028788626e-03
7.405361	4.272448628e-04
7.410362	2.032592827e-03
7.415362	1.306054019e-03
7.420362	4.275220555e-04
7.425362	1.642887334e-03
7.430363	2.187284783e-03
7.435363	-1.831760898e-04
7.440363	1.979141256e-03
7.445363	1.415591055e-03
7.450364	-7.691438502e-05
7.455364	1.759417147e-03
7.460364	8.138838659e-04
7.465364	7.563066759e-04
7.470365	1.557554093e-04
7.475365	5.371556466e-04
7.480365	1.369533300e-03
7.485365	1.541942586e-03
7.490366	1.207376038e-03
7.495366	1.142795737e-03
7.500366	3.303106282e-03
7.505366	2.862543179e-03
7.510367	1.869006484e-03
7.515367	-3.487891714e-06
7.520367	-1.307375825e-05
7.525367	2.643257926e-04
7.530367	7.137163726e-04
7.535368	2.091061089e-03
7.540368	1.318510147e-03
7.545368	1.976888794e-03
7.550368	1.537320445e-03
7.555369	1.051753763e-03
7.560369	1.816125502e-03
7.565369	-1.558301356e-03
7.570369	6.030010524e-04
7.575370	2.592311275e-03
7.580370	3.838257787e-04
7.585370	2.267140015e-03
7.590370	1.321591725e-03
7.595371	-6.659062959e-04
7.600371	2.593339052e-03
7.605371	5.086695345e-05
7.610371	-5.727041139e-06
7.615372	3.149521639e-03
7.620372	-3.299064769e-04
7.625372	-5.024965544e-04
7.630372	2.653750333e-03
7.635373	2.100177684e-03
7.640373	-2.594193467e-03
7.645373	8.290386443e-04
7.650373	2.435358842e-03
7.655374	1.163818902e-03
7.660374	1.270211134e-03
7.665374	7.156350384e-04
7.670374	2.761931432e-03
7.675375	2.494340165e-03
7.680375	8.318163888e-04
7.685375	1.722430830e-04
7.690375	5.066206863e-04
7.695376	1.711955201e-03
7.700376	1.272369406e-03
7.705376	1.340758236e-03
7.710376	1.389147458e-03
7.715377	1.111552002e-03
7.720377	1.225936832e-03
7.725377	-5.361089706e-05
7.730377	6.157456777e-04
7.735377	1.725080195e-03
7.740378	8.845092843e-04
7.745378	-3.780416189e-04
7.750378	-7.016389316e-04
7.755378	2.214605058e-03
7.760379	4.154896090e-03
7.765379	-1.565083714e-04
7.770379	-1.542056208e-03
7.775379	1.288189630e-03
7.780380	2.722503004e-03
7.785380	2.273907679e-03
7.790380	4.483789627e-04
7.795380	-1.205158735e-03
7.800381	2.724030530e-03
7.805381	4.770311096e-03
7.810381	-5.440497133e-04
7.815381	-1.758611190e-03
7.820382	2.399564544e-03
7.825382	1.836970070e-03
7.830382	1.885345191e-03
7.835382	1.177756613e-03
7.840383	-8.667673093e-04
7.845383	2.011467938e-03
7.850383	6.249107239e-04
7.855383	1.399247464e-03
7.860384	3.722508022e-03
7.865384	-3.209213049e-04
7.870384	1.543503520e-05
7.875384	7.417717519e-04
7.880385	1.018129836e-03
7.885385	2.558425646e-03
7.890385	-8.907476335e-05
7.895385	6.272600728e-04
7.900386	2.004562060e-03
7.905386	-3.069565244e-04
7.910386	5.723685790e-04
7.915386	2.397646925e-03
7.920387	2.513008125e-03
7.925387	1.849609751e-05
7.930387	2.121759096e-03
7.935387	2.180121296e-03
7.940387	-2.130303893e-03
7.945388	2.969415127e-04
7.950388	4.493099997e-03
7.955388	9.096375472e-04
7.960388	1.940345453e-04
7.965389	1.513331641e-03
7.970389	1.025716323e-03
7.975389	1.627047266e-03
7.980389	-9.714662281e-04
7.985390	1.859754701e-03
7.990390	2.900062433e-03
7.995390	-1.085385164e-03
8.000390	-8.550390965e-04
8.005391	2.299163685e-03
8.010391	1.955536570e-03
8.015391	7.989485317e-04
8.020391	1.468270789e-03
8.025392	3.515525202e-03
8.030392	6.380193563e-04
8.035392	-4.715733651e-04
8.040392	5.907273229e-04
8.045393	6.970740652e-04
8.050393	3.068309678e-03
8.055393	4.061611939e-03
8.060393	1.576083374e-03
8.065394	-4.584677984e-04
8.070394	1.137803239e-03
8.075394	2.848068115e-03
8.080394	2.017456390e-03
8.085395	-2.071996896e-03
8.090395	-1.068699319e-03
8.095395	2.025845808e-04
8.100395	1.254878567e-03
8.105396	1.475212555e-03
8.110396	3.023481136e-03
8.115396	2.794835833e-03
8.120396	3.572977272e-04
8.125397	7.006233091e-04
8.130397	8.739565857e-04
8.135397	2.063303013e-04
8.140397	-1.074266671e-03
8.145397	4.067822316e-03
8.150398	1.258298755e-03
8.155398	-5.682733779e-04
8.160398	3.074886953e-03
8.165398	8.673322079e-04
8.170399	2.646985366e-04
8.175399	1.527973203e-03
8.180399	1.307319684e-03
8.185399	1.537643554e-03
8.190400	1.978956523e-03
8.195400	7.543501896e-04
8.200400	1.308656438e-03
8.205400	2.092950858e-03
8.210401	1.587307625e-03
8.215401	2.638587808e-03
8.220401	2.680343779e-04
8.225401	-6.765892448e-04
8.230402	7.566704824e-04
8.235402	2.811899251e-03
8.240402	2.927222086e-03
8.245402	-6.182770288e-04
8.250403	1.809931722e-03
8.255403	3.472177248e-03
8.260403	9.306273210e-04
8.265403	-1.299954839e-04
8.270404	5.972938514e-04
8.275404	-8.363119637e-04
8.280404	-7.202564674e-05
8.285404	2.152833409e-04
8.290405	3.866427560e-03
8.295405	2.978792673e-03
8.300405	-1.502667435e-03
8.305405	1.985482917e-03
8.310406	1.267837913e-03
8.315406	1.976122712e-03
8.320406	1.536462926e-03
8.325406	-1.493071078e-03
8.330407	1.547098097e-03
8.335407	1.594412721e-03
8.340407	6.017774875e-04
8.345407	2.809985438e-03
8.350407	8.793947613e-04
8.355408	6.127222730e-04
8.360408	8.310255078e-04
8.365408	8.803363803e-04
8.370408	1.817603309e-03
8.375409	9.849560038e-04
8.380409	8.812725136e-04
8.385409	7.765884623e-04
8.390409	2.219257605e-04
8.395410	1.494173292e-03
8.400410	2.431436560e-03
8.405410	2.038764121e-03
8.410410	3.196015433e-03
8.415411	1.877386960e-03
8.420411	6.078217933e-05
8.425411	-2.148984132e-04
8.430411	1.716312682e-03
8.435412	2.317588069e-03
8.440412	-1.715910969e-03
8.445412	5.032842365e-04
8.450412	1.717527874e-03
8.455413	1.486841414e-03
8.460413	1.546140190e-03
8.465413	1.947421664e-03
8.470413	3.150663388e-03
8.475414	-1.273820857e-03
8.480414	-1.535763084e-04
8.485414	3.105563245e-03
8.490414	1.603934519e-03
8.495415	1.143045940e-04
8.500415	2.295957321e-04
8.505415	6.118732270e-04
8.510415	2.542074566e-03
8.515416	1.443423105e-03
8.520416	2.297766415e-04
8.525416	1.214022302e-03
8.530416	1.722290577e-03
8.535417	1.120612404e-03
8.540417	-1.489968345e-03
8.545417	3.041101764e-03
8.550417	1.340475377e-03
8.555418	-9.811213214e-04
8.560418	2.220011845e-03
8.565418	6.143789753e-04
8.570418	1.055645597e-03
8.575418	2.440865536e-03
8.580419	2.546147322e-03
8.585419	5.105329719e-04
8.590419	-1.481491918e-04
8.595419	1.439058424e-03
8.600420	1.888320957e-03
8.605420	-1.916209533e-03
8.610420	8.379392828e-04
8.615420	5.865976512e-03
8.620421	-4.245315635e-05
8.625421	-6.521420306e-04
8.630421	3.878917599e-03
8.635421	1.727302738e-03
8.640422	1.796577848e-04
8.645422	1.219395018e-04
8.650422	2.005125881e-03
8.655422	1.509427735e-03
8.660423	7.827402440e-04
8.665423	1.118000309e-03
8.670423	6.312998684e-04
8.675423	2.943462219e-03
8.680424	1.238743895e-04
8.685424	-1.998358628e-04
8.690424	2.725294716e-03
8.695424	9.556537888e-04
8.700425	1.510898783e-03
8.705425	1.837154333e-03
8.710425	1.387447131e-03
8.715425	7.857467263e-04
8.720426	-1.029895056e-03
8.725426	1.073271296e-03
8.730426	1.838502322e-03
8.735426	1.064807829e-03
8.740427	-2.587181552e-05
8.745427	2.784257552e-03
8.750427	2.996513080e-03
8.755427	-2.136971131e-03
8.760428	6.261586669e-04
8.765428	4.994209520e-03
8.770428	1.514642730e-03
8.775428	-1.638940591e-03
8.780428	5.051995036e-03
8.785429	3.609326975e-03
8.790429	-7.012017505e-04
8.795429	1.019974543e-03
8.800429	1.297220680e-03
8.805430	6.855095775e-04
8.810430	-2.851059409e-03
8.815430	4.090392908e-04
8.820430	2.014218131e-03
8.825431	1.575496094e-03
8.830431	1.891736591e-03
8.835431	6.870506876e-04
8.840431	2.847199951e-03
8.845432	1.069540762e-03
8.850432	-1.578076594e-03
8.855432	4.680763606e-04
8.860432	1.845261338e-03
8.865433	2.064502201e-03
8.870433	8.608118814e-04
8.875433	2.571978687e-03
8.880433	6.323230343e-04
8.885434	7.475664742e-04
8.890434	4.722620923e-03
8.895434	7.370632399e-04
8.900434	-1.412584664e-03
8.905435	1.684510755e-03
8.910435	1.187780934e-03
8.915435	6.910504882e-04
8.920435	1.906235872e-03
8.925436	2.412455228e-03
8.930436	5.287905895e-04
8.935436	-1.745855595e-03
8.940436	-8.169462617e-05
8.945437	2.403425652e-03
8.950437	2.240674524e-03
8.955437	1.960146104e-04
8.960437	1.572187127e-03
8.965438	1.916409378e-03
8.970438	8.556995653e-04
8.975438	6.939452548e-04
8.980438	8.671739692e-04
8.985438	3.897262636e-03
8.990439	2.845549875e-03
8.995439	-1.962980174e-03
9.000439	1.144102853e-03
9.005439	2.903251033e-03
9.010440	-8.936951870e-05
9.015440	-1.261349503e-04
9.020440	1.585013688e-03
9.025440	1.021272718e-03
9.030441	3.077403264e-03
9.035441	2.187676945e-03
9.040441	1.078960684e-03
9.045441	1.032191969e-03
9.050442	-5.745012468e-04
9.055442	5.916695868e-04
9.060442	2.189818710e-03
9.065442	2.687020932e-03
9.070443	-5.735940866e-04
9.075443	-8.539268428e-05
9.080443	3.184672328e-03
9.085443	3.470882329e-03
9.090444	-7.572125216e-05
9.095444	-8.484608328e-04
9.100444	1.645639528e-03
9.105444	1.970845105e-03
9.110445	2.354047222e-03
9.115445	2.353267447e-03
9.120445	-6.283674875e-04
9.125445	-7.321434974e-04
9.130446	4.123837816e-03
9.135446	1.303193133e-03
9.140446	-1.612447546e-03
9.145446	1.590612540e-03
9.150447	2.048959362e-04
9.155447	1.084068170e-03
9.160447	1.361269149e-03
9.165447	7.025151733e-04
9.170448	3.847574932e-03
9.175448	1.142919537e-03
9.180448	-1.389744884e-03
9.185448	-2.345899100e-04
9.190448	4.020413154e-03
9.195449	2.252709504e-03
9.200449	-2.419592999e-04
9.205449	1.478165573e-03
9.210449	1.917352326e-03
9.215450	2.081551866e-03
9.220450	3.200704170e-03
9.225450	9.820187331e-04
9.230450	-3.443559636e-03
9.235451	6.484456875e-04
9.240451	4.843445351e-03
9.245451	-5.570873379e-04
9.250451	-6.118815429e-04
9.255452	2.360175902e-03
9.260452	9.734454311e-04
9.265452	2.083592474e-03
9.270452	1.155838336e-03
9.275453	-1.338839967e-03
9.280453	5.442674510e-04
9.285453	4.416277173e-03
9.290453	2.027591794e-03
9.295454	1.806799984e-03
9.300454	5.450583397e-04
9.305454	2.682679930e-04
9.310454	2.582350572e-03
9.315455	-6.682959145e-04
9.320455	1.921771926e-03
9.325455	3.748876366e-03
9.330455	-4.477258616e-04
9.335456	2.085342855e-03
9.340456	2.593509756e-03
9.345456	-6.172310554e-06
9.350456	1.311953791e-03
9.355457	1.866116540e-03
9.360457	-8.385623089e-04
9.365457	-2.834008803e-04
9.370457	2.756638645e-03
9.375458	5.379341720e-04
9.380458	1.323082469e-03
9.385458	2.538209145e-03
9.390458	1.428448644e-03
9.395458	-5.032723800e-04
9.400459	6.538552176e-04
9.405459	2.480949483e-03
9.410459	8.262130313e-04
9.415459	2.155330325e-03
9.420460	1.430547216e-03
9.425460	-1.667120728e-03
9.430460	1.314913989e-03
9.435460	5.023912592e-03
9.440461	1.210277676e-03
9.445461	-1.389417120e-03
9.450461	1.105638813e-03
9.455461	3.083719338e-03
9.460462	6.560142363e-04
9.465462	-4.997535765e-04
9.470462	2.043297463e-03
9.475462	1.125661944e-04
9.480463	1.536670565e-03
9.485463	3.200762586e-03
9.490463	1.709007979e-03
9.495463	4.852396562e-04
9.500464	-1.075600977e-04
9.505464	1.442534933e-03
9.510464	1.433705403e-03
9.515464	2.588818431e-03
9.520465	9.360678505e-04
9.525465	4.962574369e-04
9.530465	4.635222931e-03
9.535465	-3.839975218e-07
9.540466	-1.329152945e-03
9.545466	1.930853526e-03
9.550466	7.170776880e-04
9.555466	-4.397015714e-04
9.560467	1.826351489e-03
9.565467	1.978507072e-03
9.570467	1.156709546e-03
9.575467	1.444857213e-03
9.580468	3.350724620e-04
9.585468	2.267138623e-03
9.590468	-7.590556836e-06
9.595468	9.855201467e-04
9.600468	3.700546177e-03
9.605469	1.665803365e-03
9.610469	1.750333661e-04
9.615469	2.121881609e-04
9.620469	2.210246619e-03
9.625470	5.564826529e-04
9.630470	2.226536306e-04
9.635470	1.273756380e-03
9.640470	-1.440957732e-03
9.645471	8.260843957e-04
9.650471	4.754044826e-03
9.655471	2.048328352e-03
9.660471	-1.162364120e-03
9.665472	2.431610687e-03
9.670472	1.713795275e-03
9.675472	1.390959947e-03
9.680472	1.218116657e-03
9.685473	1.218264283e-03
9.690473	2.385354319e-03
9.695473	-7.703453272e-04
9.700473	5.497359586e-04
9.705474	2.269797083e-03
9.710474	3.216895287e-03
9.715474	1.487123486e-03
9.720474	1.103338159e-04
9.725475	2.605354552e-03
9.730475	1.219564038e-03
9.735475	5.037401847e-04
9.740475	1.716821555e-03
9.745476	6.080155959e-04
9.750476	2.831707351e-04
9.755476	3.403065904e-04
9.760476	1.775374557e-03
9.765477	1.718514690e-03
9.770477	1.105681313e-03
9.775477	5.386871600e-05
9.780477	1.210008693e-04
9.785478	1.775054935e-03
9.790478	1.269213764e-03
9.795478	2.655279621e-03
9.800478	3.429374701e-03
9.805479	6.196440347e-04
9.810479	-1.483121776e-03
9.815479	1.881844934e-03
9.820479	2.608939733e-03
9.825479	1.556120752e-03
9.830480	5.532986877e-04
9.835480	1.777367303e-03
9.840480	9.535352158e-04
9.845480	5.056841362e-04
9.850481	3.918161136e-04
9.855481	7.739232425e-04
9.860481	2.876945743e-03
9.865481	1.777123905e-03
9.870482	2.771199236e-03
9.875482	1.443387236e-03
9.880482	-1.524123307e-04
9.885482	2.274591138e-03
9.890483	8.887800347e-04
9.895483	-4.705367285e-05
9.900483	2.877923560e-03
9.905483	-2.197709407e-03
9.910484	-8.206579212e-04
9.915484	3.432252572e-03
9.920484	2.332423644e-03
9.925484	3.155500230e-03
9.930485	1.998672794e-03
9.935485	-2.083012549e-03
9.940485	-1.536924380e-03
9.945485	2.936971458e-03
9.950486	3.156074294e-03
9.955486	1.445270667e-03
9.960486	-5.915176964e-04
9.965486	-6.014056218e-04
9.970487	1.388608208e-03
9.975487	1.722702205e-03
9.980487	2.277784772e-03
9.985487	1.388937159e-03
9.990488	-1.268824773e-03
9.995488	7.861826573e-04
10.000488	3.663149329e-03
10.005488	3.387269219e-03
10.010489	1.112486014e-03
10.015489	4.526233512e-04
10.020489	1.445679377e-03
10.025489	1.005804687e-03
10.030489	1.953861617e-03
10.035490	5.010350680e-04
10.040490	2.811477033e-04
10.045490	1.282564228e-04
10.050490	9.503169164e-04
10.055491	2.058362807e-03
10.060491	1.781475639e-03
10.065491	2.050561179e-03
10.070491	1.169702193e-03
10.075492	1.666775314e-03
10.080492	1.180895758e-03
10.085492	7.890109688e-04
10.090492	2.442025738e-03
10.095493	4.660012288e-03
10.100493	4.533117285e-04
10.105493	-2.735593002e-04
10.110493	7.314845034e-04
10.115494	7.260886239e-05
10.120494	1.725619750e-03
10.125494	-2.051951122e-04
10.130494	-3.770964598e-04
10.135495	1.773888184e-03
10.140495	2.280952407e-03
10.145495	3.445983873e-03
10.150495	1.841149866e-03
10.155496	-4.806497985e-04
10.160496	9.523666470e-04
10.165496	2.605371709e-03
10.170496	1.171526768e-03
10.175497	4.556461412e-04
10.180497	2.061651554e-03
10.185497	1.563758994e-03
10.190497	-1.972985912e-03
10.195498	1.507926059e-03
10.200498	4.594856609e-03
10.205498	1.230101366e-03
10.210498	6.762083001e-04
10.215499	3.161166284e-03
10.220499	1.793904074e-04
10.225499	-2.421404710e-03
10.230499	3.332391805e-03
10.235499	7.905925120e-04
10.240500	9.056629109e-04
10.245500	3.113630524e-03
10.250500	1.612778487e-03
10.255500	-3.750504330e-04
10.260501	-1.196936902e-03
10.265501	2.836939011e-03
10.270501	2.388033044e-03
10.275501	6.201907944e-04
10.280502	1.336226679e-03
10.285502	1.737277287e-03
10.290502	7.923929300e-04
10.295502	2.225391880e-03
10.300503	1.231508617e-03
10.305503	-5.463370348e-04
10.310503	1.346637521e-03
10.315503	2.512646906e-03
10.320504	8.397941842e-04
10.325504	-9.860517203e-04
10.330504	7.909259019e-04
10.335504	1.346962459e-03
10.340505	1.730006811e-03
10.345505	4.271945155e-03
10.350505	6.291846748e-04
10.355505	7.352405967e-04
10.360506	2.494215204e-03
10.365506	-8.125636193e-04
10.370506	2.284344396e-03
10.375506	2.006416461e-03
10.380507	2.385605883e-04
10.385507	1.671547859e-03
10.390507	2.121582451e-03
10.395507	5.167166759e-04
10.400508	1.451726301e-03
10.405508	4.578294118e-04
10.410508	-3.809242914e-05
10.415508	3.115806962e-03
10.420509	6.789785427e-04
10.425509	-2.140831836e-03
10.430509	1.290052090e-03
10.435509	5.649890032e-03
10.440509	2.562090783e-03
10.445510	-6.407035031e-04
10.450510	9.313536673e-06
10.455510	2.064261364e-03
10.460510	9.653624547e-04
10.465511	1.501383109e-03
10.470511	3.547329427e-03
10.475511	1.462476685e-03
10.480511	5.165677118e-04
10.485512	1.061585328e-03
10.490512	2.562555643e-03
10.495512	1.013674147e-03
10.500512	-6.972000938e-04
10.505513	1.291744458e-03
10.510513	4.540626872e-03
10.515513	1.778801970e-03
10.520513	-1.194013284e-03
10.525514	-2.188925714e-03
10.530514	1.568929262e-03
10.535514	4.388829362e-03
10.540514	1.788993305e-03
10.545515	3.451001869e-04
10.550515	5.161276073e-04
10.555515	3.551705792e-04
10.560515	4.032027020e-04
10.565516	1.951160976e-03
10.570516	1.252832488e-04
10.575516	1.014272381e-03
10.580516	1.626274381e-03
10.585517	1.731300472e-03
10.590517	1.824066279e-04
10.595517	-2.085443765e-04
10.600517	1.291411689e-03
10.605518	5.734753420e-04
10.610518	6.804980852e-04
10.615518	2.449439073e-03
10.620518	2.668455051e-03
10.625519	4.115912054e-04
10.630519	6.806034424e-04
10.635519	2.449541830e-03
10.640519	9.566387512e-04
10.645519	8.426677278e-04
10.650520	-1.982587087e-04
10.655520	-8.112066816e-04
10.660520	1.339709813e-03
10.665520	2.668665771e-03
10.670521	3.557642551e-03
10.675521	1.788748389e-03
10.680521	-1.299082057e-03
10.685521	4.698498283e-04
10.690522	2.391773597e-03
10.695522	-9.308822603e-05
10.700522	1.779836633e-03
10.705522	1.731854585e-03
10.710523	1.071901752e-03
10.715523	2.113865212e-03
10.720523	1.186924108e-03
10.725523	-1.979952957e-04
10.730524	3.051858464e-03
10.735524	3.719837574e-03
10.740524	-1.989601237e-04
10.745524	9.579938221e-04
10.750525	1.062998455e-03
10.755525	2.285947879e-03
10.760525	8.520263132e-04
10.765525	1.840667166e-04
10.770526	1.570006235e-03
10.775526	1.512015570e-03
10.780526	2.391978480e-03
10.785526	1.830914821e-04
10.790527	3.560875929e-04
10.795527	1.513035035e-03
10.800527	2.342997783e-03
10.805527	2.229005948e-03
10.810528	1.006067581e-03
10.815528	-3.718638721e-04
10.820528	-3.687956948e-05
10.825528	2.783982767e-03
10.830529	4.332906526e-03
10.835529	1.732032153e-03
10.840529	-1.030834965e-03
10.845529	1.188054147e-03
10.850530	1.732024347e-03
10.855530	-1.030844722e-03
10.860530	5.760723039e-04
10.865530	5.090703699e-04
10.870530	6.800561712e-04
10.875531	3.949890092e-03
10.880531	1.568999129e-03
10.885531	6.230374883e-04
10.890531	1.560983259e-03
10.895532	-1.078897017e-03
10.900532	6.810073396e-04
10.905532	2.611902701e-03
10.910532	2.065918288e-03
10.915533	7.379713861e-04
10.920533	-4.759817294e-04
10.925533	2.342867696e-03
10.930533	2.228859601e-03
10.935534	1.894861590e-03
10.940534	2.448819596e-03
10.945534	6.808902634e-04
10.950534	5.178819575e-04
10.955535	1.128835230e-03
10.960535	1.072820402e-03
10.965535	1.234794285e-03
10.970535	2.170729747e-03
10.975536	1.560740003e-03
10.980536	1.234735750e-03
10.985536	2.977606625e-04
10.990536	-5.332202478e-04
10.995537	2.407198684e-04
11.000537	2.113605704e-03
11.005537	4.101485277e-03
11.010537	2.783525531e-03
11.015538	1.626557278e-03
11.020538	7.375752968e-04
11.025538	8.425441586e-04
11.030538	-1.994316567e-04
11.035539	1.024481298e-03
11.040539	2.563378231e-03
11.045539	9.004307697e-04
11.050539	7.844071656e-04
11.055540	1.234355291e-03
11.060540	4.693620573e-04
11.065540	-3.764441648e-05
11.070540	1.455250861e-03
11.075540	2.448169887e-03
11.080541	3.164101782e-03
11.085541	7.951835726e-04
11.090541	1.397119730e-03
11.095541	2.871387824e-04
11.100542	1.406048411e-03
11.105542	3.451912152e-03
11.110542	-1.365889797e-03
11.115542	1.000534005e-05
11.120543	1.013917981e-03
11.125543	3.011781465e-03
11.130543	1.396820612e-03
11.135543	7.368125052e-04
11.140544	3.996612455e-03
11.145544	-4.723181355e-05
11.150544	-2.524153200e-03
11.155544	5.736527054e-04
11.160545	3.776452838e-03
11.165545	3.671413749e-03
11.170545	-9.744043902e-04
11.175545	1.501429270e-03
11.180546	2.113353244e-03
11.185546	4.113894897e-04
11.190546	1.949266976e-03
11.195546	-5.926570860e-04
11.200547	-2.577221933e-04
11.205547	2.619088002e-03
11.210547	2.724032819e-03
11.215547	1.396046917e-03
11.220548	3.540464091e-04
11.225548	9.559650252e-04
11.230548	1.672877380e-03
11.235548	-5.940652966e-04
11.240549	1.174794423e-03
11.245549	3.336634314e-03
11.250549	3.392576328e-03
11.255549	2.386743401e-04
11.260550	-4.129169055e-03
11.265550	-7.840045160e-03
11.270550	-1.595470700e-02
11.275550	-1.484581962e-02
11.280550	-8.834172149e-03
11.285551	-4.904423728e-03
11.290551	1.912671436e-04
11.295551	1.672133777e-03
11.300551	5.721257128e-04
11.305552	3.530740075e-04
11.310552	6.769951551e-04
11.315552	1.842874565e-03
11.320552	8.978563414e-04
11.325553	1.336769931e-03
11.330553	8.967257662e-04
11.335553	-3.079146492e-03
11.340553	-6.993295685e-04
11.345554	2.945543425e-04
11.350554	-1.923405651e-03
11.355554	-6.119269768e-03
11.360554	-4.350425622e-03
11.365555	-2.085606329e-03
11.370555	-6.062483078e-03
11.375555	-1.247724150e-02
11.380555	-1.474220309e-02
11.385556	-4.628769422e-03
11.390556	1.947836206e-03
11.395556	-9.813801691e-05
11.400556	4.567601847e-04
11.405557	1.900614355e-03
11.410557	1.727546787e-03
11.415557	-1.427375910e-03
11.420557	-2.469402368e-03
11.425558	-1.034550350e-03
11.430558	-4.017483384e-03
11.435558	-1.728591511e-02
11.440558	-2.884343099e-02
11.445559	-9.380461368e-03
11.450559	4.767766972e-03
11.455559	1.491707448e-05
11.460559	-1.313100610e-03
11.465560	-8.722052678e-04
11.470560	1.726584117e-03
11.475560	2.557459132e-03
11.480560	4.221292849e-03
11.485560	1.286350348e-03
11.490561	-4.247465971e-03
11.495561	-2.975615066e-03
11.500561	-1.371781011e-03
11.505561	-6.456621182e-03
11.510562	-1.943807663e-02
11.515562	-2.081409909e-02
11.520562	-8.501790222e-03
11.525562	1.275641710e-03
11.530563	2.452492720e-03
11.535563	1.505446733e-03
11.540563	5.014028802e-04
11.545563	-6.446346896e-04
11.550564	2.912254932e-04
11.555564	2.719012220e-03
11.560564	2.891908343e-03
11.565564	-2.251936713e-03
11.570565	-2.922000745e-03
11.575565	-4.852003937e-03
11.580565	-1.280471386e-02
11.585565	-2.016545331e-02
11.590566	-1.574876817e-02
11.595566	-5.072389164e-03
11.600566	7.302270455e-04
11.605566	-1.588308249e-04
11.610567	1.952964211e-03
11.615567	4.529348648e-04
11.620567	-2.651332889e-04
11.625567	4.218544056e-03
11.630568	1.495572453e-03
11.635568	-2.205352069e-03
11.640568	-6.475338750e-04
11.645568	-3.524499900e-03
11.650569	-7.511412404e-03
11.655569	-1.911595380e-02
11.660569	-2.452579815e-02
11.665569	-8.609683899e-03
11.670570	-2.662007327e-04
11.675570	3.605500020e-03
11.680570	4.266356822e-03
11.685570	5.554263305e-04
11.690570	-9.356131414e-04
11.695571	-2.091669606e-03
11.700571	9.480685205e-04
11.705571	3.490830256e-03
11.710571	1.721801769e-03
11.715572	-2.369114050e-03
11.720572	-4.186141484e-03
11.725572	-5.410198501e-03
11.730572	-1.160401363e-02
11.735573	-1.711986249e-02
11.740573	-1.276019394e-02
11.745573	-4.252728450e-03
11.750573	-1.758970128e-03
11.755574	2.112720304e-03
11.760574	6.206718523e-04
11.765574	-2.104095004e-04
11.770574	4.369244448e-03
11.775575	-2.196548043e-04
11.780575	-3.307627949e-03
11.785575	-2.314800889e-03
11.790575	-2.036939582e-03
11.795576	1.719751308e-03
11.800576	-2.037191767e-03
11.805576	-7.896032908e-03
11.810576	-2.257435791e-03
11.815577	-3.634496940e-03
11.820577	-1.558204287e-02
11.825577	-1.646112961e-02
11.830577	-3.586888182e-03
11.835578	-7.761562775e-04
11.840578	2.276631641e-04
11.845578	8.385011405e-04
11.850578	-6.045612921e-04
11.855579	2.272646131e-04
11.860579	-2.487737033e-03
11.865579	-7.769553087e-04
11.870579	1.788626161e-04
11.875580	-4.902408028e-04
11.880580	6.598235127e-06
11.885580	-4.305328693e-03
11.890580	-1.536492696e-02
11.895580	-1.729597137e-02
11.900581	-1.159838871e-02
11.905581	-3.692914439e-03
11.910581	-6.123224356e-05
11.915581	2.736102019e-04
11.920582	9.514352668e-04
11.925582	6.173090746e-04
11.930582	6.071664292e-04
11.935582	-2.159371842e-04
11.940583	5.598805299e-04
11.945583	1.323698188e-03
11.950583	-2.433264174e-03
11.955583	-3.924337756e-03
11.960584	-2.261565895e-03
11.965584	1.381108702e-03
11.970584	-8.952535271e-03
11.975584	-2.767977026e-02
11.980585	-1.431557202e-02
11.985585	1.992481918e-03
11.990585	1.829339039e-03
11.995585	6.632444652e-04
12.000586	8.820816629e-04
12.005586	-1.602949826e-03
12.010586	-3.801629054e-04
12.015586	1.713580871e-03
12.020587	-6.348709136e-05
12.025587	1.354417402e-06
12.030587	-1.986704529e-03
12.035587	1.070366845e-04
12.040588	-1.221451925e-02
12.045588	-2.934484114e-02
12.050588	-1.530268496e-02
12.055588	3.261249917e-03
12.060589	1.320184836e-03
12.065589	-1.661830085e-03
12.070589	-4.380508974e-04
12.075589	1.057608345e-04
12.080590	5.445770506e-04
12.085590	1.329375742e-03
12.090590	-2.102620418e-03
12.095590	-3.348709749e-04
12.100591	2.819810144e-03
12.105591	-2.772042826e-04
12.110591	1.548540412e-03
12.115591	8.304086135e-04
12.120591	-2.381602118e-03
12.125592	-1.559212554e-02
12.130592	-2.858266034e-02
12.135592	-1.172065264e-02
12.140592	2.598478520e-03
12.145593	-1.330500416e-03
12.150593	-2.161631171e-03
12.155593	9.350457500e-04
12.160593	1.603840518e-03
12.165594	2.177349316e-04
12.170594	-1.446357727e-03
12.175594	-5.565756578e-04
12.180594	6.571899625e-04
12.185595	4.360249722e-04
12.190595	-2.823992354e-03
12.195595	-2.349916043e-02
12.200595	-2.626220328e-02
12.205596	-3.158509119e-03
12.210596	3.810971785e-03
12.215596	1.047927018e-03
12.220596	-9.991533263e-04
12.225597	-3.761199417e-03
12.230597	-1.887472378e-03
12.235597	3.971059557e-03
12.240597	2.317957437e-03
12.245598	-5.590855886e-04
12.250598	5.966739405e-04
12.255598	9.951349871e-05
12.260598	2.977187722e-03
12.265599	-5.253596577e-03
12.270599	-3.095852874e-02
12.275599	-2.311009901e-02
12.280599	5.475585673e-04
12.285600	-1.795944678e-04
12.290600	-3.987729289e-04
12.295600	-1.000933335e-03
12.300600	-1.278110238e-03
12.305601	-1.793549234e-04
12.310601	1.980347979e-03
12.315601	2.755117834e-03
12.320601	5.460326706e-04
12.325601	3.828470286e-04
12.330602	9.286261527e-04
12.335602	5.364504158e-04
12.340602	-2.331605128e-03
12.345602	-2.233882488e-02
12.350603	-2.930768157e-02
12.355603	-4.263101208e-03
12.360603	1.262431087e-03
12.365603	-3.660527347e-03
12.370604	3.140793669e-04
12.375604	-6.910188493e-05
12.380604	6.496624521e-04
12.385604	1.366426253e-03
12.390605	1.097237536e-03
12.395605	1.644008365e-03
12.400605	1.537810427e-03
12.405605	-5.572910824e-04
12.410606	1.757391569e-03
12.415606	-8.701303048e-03
12.420606	-3.202637039e-02
12.425606	-1.674932223e-02
12.430607	1.316589198e-03
12.435607	-3.386388841e-03
12.440607	-4.265554122e-03
12.445607	1.419959595e-03
12.450608	2.471698817e-03
12.455608	-2.173284582e-03
12.460608	3.466229483e-03
12.465608	1.696104520e-03
12.470609	1.199916755e-03
12.475609	1.916669164e-03
12.480609	-2.395333646e-03
12.485609	-8.466231015e-04
12.490610	-1.621708750e-02
12.495610	-3.019162066e-02
12.500610	-1.001382114e-02
12.505610	-7.452259938e-05
12.510611	-2.559618355e-03
12.515611	1.312974992e-03
12.520611	2.134716594e-03
12.525611	5.865732211e-04
12.530611	1.312318247e-03
12.535612	8.721195427e-04
12.540612	-2.292946813e-03
12.545612	-4.672573583e-04
12.550612	2.024878789e-04
12.555613	-1.012675527e-03
12.560613	-3.993753383e-03
12.565613	-2.643788203e-02
12.570613	-2.279828425e-02
12.575614	-1.578545043e-03
12.580614	-3.057698715e-03
12.585614	8.708830765e-04
12.590614	-4.022819064e-04
12.595615	3.624530280e-04
12.600615	4.177038495e-03
12.605615	-4.019670439e-04
12.610615	-9.671690928e-04
12.615616	1.958457870e-03
12.620616	2.245212987e-03
12.625616	1.641010956e-03
12.630616	-3.281980939e-03
12.635617	-2.616409702e-02
12.640617	-2.777125199e-02
12.645617	-3.233683503e-03
12.650617	-1.370692816e-04
12.655618	-2.566186022e-03
12.660618	-5.775189861e-04
12.665618	2.081114727e-03
12.670618	-1.850118505e-04
12.675619	8.173733613e-05
12.680619	2.844364092e-03
12.685619	-7.406999996e-04
12.690619	5.879954810e-04
12.695620	6.917501144e-04
12.700620	-1.305393351e-03
12.705620	-6.992357373e-03
12.710620	-2.036694685e-02
12.715621	-1.871427031e-02
12.720621	-5.991134661e-03
12.725621	-8.576292465e-04
12.730621	-2.509793304e-03
12.735621	7.488023574e-04
12.740622	4.035732672e-04
12.745622	-3.515482039e-03
12.750622	1.187041280e-03
12.755622	3.022703882e-03
12.760623	-9.653499322e-04
12.765623	1.128298830e-03
12.770623	2.179997816e-03
12.775623	-6.981120401e-04
12.780624	-3.679217494e-03
12.785624	-2.777829298e-02
12.790624	-2.567564778e-02
12.795624	-2.954009446e-03
12.800625	-1.636327186e-03
12.805625	1.069286716e-03
12.810625	2.627955968e-03
12.815625	8.027897333e-04
12.820626	1.126518005e-03
12.825626	-4.816600654e-04
12.830626	6.290285549e-04
12.835626	1.680719431e-03
12.840627	-2.078355541e-03
12.845627	-7.220363646e-03
12.850627	-2.369081952e-02
12.855627	-2.224815022e-02
12.860628	-3.244338553e-03
12.865628	-8.647162176e-04
12.870628	-2.126916776e-03
12.875628	2.437047540e-04
12.880629	2.344418056e-04
12.885629	5.111642788e-04
12.890629	3.009098959e-04
12.895629	2.785523377e-03
12.900630	3.770209436e-03
12.905630	-8.658308239e-04
12.910630	-8.101006722e-04
12.915630	1.063540141e-03
12.920631	-7.999285946e-03
12.925631	-2.833056273e-02
12.930631	-2.235612391e-02
12.935631	-2.254375141e-03
12.940631	-3.707379179e-04
12.945632	7.696876168e-05
12.950632	1.280637929e-03
12.955632	1.453356789e-03
12.960632	-5.338195637e-04
12.965633	1.396812268e-03
12.970633	9.545592812e-04
12.975633	-1.530594627e-03
12.980633	1.174997527e-03
12.985634	2.886637570e-03
12.990634	-1.148442556e-03
12.995634	-2.491356044e-02
13.000634	-2.761670680e-02
13.005635	-6.789002131e-03
13.010635	-2.641484056e-03
13.015635	-1.206834206e-03
13.020635	2.110723136e-03
13.025636	1.841454905e-03
13.030636	3.972433963e-04
13.035636	1.392912199e-03
13.040636	1.056645386e-03
13.045637	1.504339696e-03
13.050637	1.955033244e-03
13.055637	-2.146051690e-03
13.060637	-2.552819629e-02
13.065638	-2.934229646e-02
13.070638	-4.804780863e-03
13.075638	-1.095249435e-03
13.080638	-4.835674428e-04
13.085639	1.311954570e-05
13.090639	-3.811506011e-04
13.095639	-3.814405905e-04
13.100639	2.802364995e-04
13.105640	1.942864126e-03
13.110640	-4.293119567e-04
13.115640	1.272312537e-03
13.120640	2.209973698e-03
13.125641	1.004738822e-03
13.130641	-1.612671944e-02
13.135641	-3.111528289e-02
13.140641	-1.144153854e-02
13.145642	-2.868253087e-03
13.150642	-3.032541834e-03
13.155642	2.435893918e-03
13.160642	1.996617363e-03
13.165642	3.893971934e-04
13.170643	-1.078777572e-04
13.175643	1.440746835e-03
13.180643	1.603438451e-03
13.185643	5.521295023e-05
13.190644	2.269029015e-04
13.195644	9.995629118e-04
13.200644	-1.204810323e-02
13.205644	-3.017152228e-02
13.210645	-1.707846537e-02
13.215645	3.750213424e-03
13.220645	-2.211800961e-03
13.225645	-2.758080255e-03
13.230646	7.774406400e-04
13.235646	-6.077989339e-04
13.240646	1.934769197e-03
13.245646	1.102501415e-03
13.250647	-2.847398939e-04
13.255647	-7.720257327e-04
13.260647	-3.333573702e-04
13.265647	-9.936359872e-04
13.270648	-6.192693713e-03
13.275648	-2.289119085e-02
13.280648	-2.598035277e-02
13.285648	-3.259774853e-03
13.290649	5.246496136e-03
13.295649	-3.355459472e-04
13.300649	-2.876737039e-03
13.305649	1.318742498e-03
13.310650	2.194798202e-04
13.315650	-8.907829296e-04
13.320650	1.535781108e-03
13.325650	1.374470831e-03
13.330651	1.709135742e-03
13.335651	-1.494027303e-03
13.340651	-2.824282357e-03
13.345651	-1.781653820e-03
13.350652	-2.278095020e-02
13.355652	-2.609111045e-02
13.360652	-2.547581826e-03
13.365652	4.259500511e-04
13.370652	-1.392284831e-03
13.375653	-9.426309973e-04
13.380653	-9.509554195e-04
13.385653	9.866792222e-05
13.390653	3.183311616e-04
13.395654	1.866928941e-03
13.400654	4.800458527e-03
13.405654	1.590287331e-03
13.410654	-2.501841428e-03
13.415655	2.313594502e-03
13.420655	-6.561906133e-05
13.425655	-1.776865827e-03
13.430655	1.042665692e-03
13.435656	-7.561122098e-05
13.440656	3.720348418e-04
13.445656	1.423650826e-03
13.450656	2.638258251e-03
13.455657	-1.559870775e-03
13.460657	-2.612153928e-03
13.465657	-3.445996991e-04
13.470657	-2.725819204e-03
13.475658	-1.200970245e-02
13.480658	-2.377546518e-02
13.485658	-1.013546836e-02
13.490658	1.410630048e-03
13.495659	1.258298755e-03
13.500659	1.754935190e-03
13.505659	-1.283128349e-04
13.510659	2.633275198e-04
13.515660	2.632870747e-03
13.520660	-1.873333569e-04
13.525660	-1.876756770e-04
13.530660	4.122771027e-03
13.535661	1.466215319e-04
13.540661	3.082695036e-04
13.545661	2.075838503e-03
13.550661	-1.793967778e-04
13.555662	-7.374787429e-05
13.560662	2.132797901e-03
13.565662	1.692472250e-03
13.570662	1.921977261e-04
13.575662	-3.061262942e-04
13.580663	8.604678350e-04
13.585663	3.574985824e-03
13.590663	3.516638534e-03
13.595663	-1.740455645e-03
13.600664	1.890988554e-04
13.605664	1.029705900e-03
13.610664	-2.008498360e-03
13.615664	2.292938593e-03
13.620665	3.839509391e-03
13.625665	7.513057779e-04
13.630665	5.789592676e-04
13.635665	1.572086480e-02
13.640666	2.943883922e-02
13.645666	1.555815991e-02
13.650666	4.391347561e-03
13.655666	3.951011145e-03
13.660667	4.618229223e-04
13.665667	-8.564718401e-04
13.670667	2.183020133e-03
13.675667	2.735632875e-03
13.680668	3.568231358e-03
13.685668	4.437827440e-03
13.690668	1.071629642e-03
13.695668	3.073042720e-04
13.700669	4.709330216e-04
13.705669	1.950496956e-03
13.710669	2.178121394e-03
13.715669	2.488504979e-04
13.720670	5.164717953e-04
13.725670	1.184072979e-03
13.730670	4.387549814e-03
13.735670	3.774212323e-03
13.740671	3.510113655e-04
13.745671	1.262504376e-02
13.750671	3.086278452e-02
13.755671	1.958396515e-02
13.760672	3.714369234e-03
13.765672	3.332016914e-03
13.770672	2.013709679e-03
13.775672	1.457364666e-03
13.780672	1.953967676e-03
13.785673	1.955594250e-03
13.790673	9.512693257e-04
13.795673	1.617862266e-03
13.800673	3.559392396e-03
13.805674	4.381976542e-03
13.810674	-2.081757506e-04
13.815674	1.355577565e-02
13.820674	3.322843811e-02
13.825675	1.687385817e-02
13.830675	2.888162038e-03
13.835675	1.777836974e-03
13.840675	-4.314350486e-04
13.845676	2.447044048e-03
13.850676	2.284670954e-03
13.855676	-1.426529538e-03
13.860676	4.041821401e-03
13.865677	7.417273890e-03
13.870677	1.648744788e-02
13.875677	3.488716598e-02
13.880677	1.488075778e-02
13.885678	-1.078958778e-04
13.890678	2.432594420e-03
13.895678	1.726242583e-03
13.900678	4.559176823e-04
13.905679	-1.094394141e-03
13.910679	4.256956634e-03
13.915679	6.531456980e-03
13.920679	1.680856620e-02
13.925680	3.636622192e-02
13.930680	1.990563482e-02
13.935680	9.491689293e-04
13.940680	-1.260114836e-03
13.945681	-1.212509327e-03
13.950681	4.971796114e-03
13.955681	-6.593224134e-04
13.960681	-1.490675763e-03
13.965682	3.546683898e-03
13.970682	1.056094650e-02
13.975682	3.150652864e-02
13.980682	2.830428866e-02
13.985682	1.824184099e-03
13.990683	1.546800212e-03
13.995683	2.874337419e-03
14.000683	2.596952367e-03
14.005683	1.764593816e-03
14.010684	5.589007423e-03
14.015684	3.261228830e-02
14.020684	2.995301716e-02
14.025684	6.188775399e-03
14.030685	2.374559459e-03
14.035685	-1.677191356e-04
14.040685	1.160812786e-03
14.045685	2.498024653e-02
14.050686	4.149903597e-02
14.055686	1.154109299e-02
14.060686	-2.819611742e-03
14.065686	3.586669474e-03
14.070687	2.315324793e-03
14.075687	3.350141307e-04
14.080687	1.205563762e-03
14.085687	7.445850761e-03
14.090688	3.039732164e-02
14.095688	3.266280146e-02
14.100688	4.968742786e-03
14.105688	5.995452335e-04
14.110689	2.751028881e-03
14.115689	1.421681823e-03
14.120689	1.038288022e-03
14.125689	1.879833864e-03
14.130690	5.994826822e-04
14.135690	2.640848076e-04
14.140690	2.144578217e-03
14.145690	1.026076674e-02
14.150691	3.464716066e-02
14.155691	2.514420787e-02
14.160691	1.460107101e-04
14.165691	4.075401249e-03
14.170692	2.086080056e-03
14.175692	7.087284232e-04
14.180692	2.200236209e-03
14.185692	2.640794709e-03
14.190692	1.702419929e-03
14.195693	8.104686337e-03
14.200693	3.159311833e-02
14.205693	2.706191717e-02
14.210693	3.803629346e-03
14.215694	1.203332802e-03
14.220694	3.122815110e-03
14.225694	2.798406352e-03
14.230694	1.260056263e-03
14.235695	2.253582042e-03
14.240695	2.519142774e-03
14.245695	2.241729433e-03
14.250695	5.313854490e-04
14.255696	1.291035331e-02
14.260696	3.452286998e-02
14.265696	1.832823114e-02
14.270696	1.475623847e-03
14.275697	3.903075075e-03
14.280697	1.138779100e-03
14.285697	2.493910555e-04
14.290697	1.627891764e-03
14.295698	3.844351008e-03
14.300698	1.865014445e-03
14.305698	7.556348579e-04
14.310698	1.290174475e-03
14.315699	2.019881683e-02
14.320699	3.872347736e-02
14.325699	1.329528230e-02
14.330699	-2.678374725e-03
14.335700	1.736972659e-03
14.340700	3.228462165e-03
14.345700	3.601638696e-04
14.350700	2.537302225e-04
14.355701	4.833067334e-03
14.360701	1.898770558e-03
14.365701	2.347308127e-03
14.370701	2.737847959e-03
14.375702	1.131484679e-03
14.380702	-9.189785815e-05
14.385702	-4.183247338e-04
14.390702	9.671642804e-04
14.395703	1.016717926e-03
14.400703	9.102786184e-04
14.405703	1.959782334e-03
14.410703	-3.756582196e-05
14.415703	1.892893773e-03
14.420704	2.400422245e-03
14.425704	-1.439009096e-04
14.430704	1.796354148e-04
14.435704	2.017097293e-03
14.440705	2.937323840e-04
14.445705	3.412804878e-04
14.450705	2.013748730e-03
14.455705	2.558271455e-03
14.460706	2.616817335e-03
14.465706	1.562416967e-03
14.470706	1.667959430e-03
14.475706	1.793500356e-03
14.480707	1.782047405e-03
14.485707	1.666598969e-03
14.490707	3.883036172e-03
14.495707	6.976707583e-05
14.500708	-3.026537570e-03
14.505708	1.118803818e-03
14.510708	4.435185101e-03
14.515708	3.824757460e-03
14.520709	-1.538438796e-03
14.525709	5.983735559e-03
14.530709	3.272997118e-02
14.535709	2.178504565e-02
14.540710	1.221588962e-03
14.545710	4.155984975e-03
14.550710	2.110623452e-03
14.555710	2.989118681e-03
14.560711	-1.561902772e-04
14.565711	1.476561850e-02
14.570711	3.880598171e-02
14.575711	1.962945344e-02
14.580712	1.944851797e-03
14.585712	1.772394975e-03
14.590712	1.840411752e-02
14.595712	4.035158009e-02
14.600713	1.807920012e-02
14.605713	1.990517820e-03
14.610713	1.493074080e-03
14.615713	6.783419257e-07
14.620713	1.444138774e-03
14.625714	3.040591185e-03
14.630714	3.097118194e-03
14.635714	-1.596542230e-02
14.640714	-3.410800825e-02
14.645715	-1.674832733e-02
14.650715	2.158277547e-03
14.655715	-1.393041029e-02
14.660715	-3.498985610e-02
14.665716	-1.669422307e-02
14.670716	-4.095312573e-03
14.675716	5.300977462e-05
14.680716	-7.518096499e-03
14.685717	-3.443625915e-02
14.690717	-1.940246969e-02
14.695717	-3.438726160e-03
14.700717	-2.329258265e-03
14.705718	2.268038867e-03
14.710718	-2.273184158e-04
14.715718	-2.771673857e-03
14.720718	4.770839141e-05
14.725719	1.425160460e-03
14.730719	-8.882079016e-04
14.735719	-5.067083264e-04
14.740719	1.145728676e-03
14.745720	2.090199681e-03
14.750720	2.320704981e-03
14.755720	1.985237353e-03
14.760720	5.408232972e-04
14.765721	-9.015914036e-04
14.770721	-6.250905376e-04
14.775721	-1.839517458e-03
14.780721	-1.261247845e-02
14.785722	-2.614930511e-02
14.790722	-1.211847766e-02
14.795722	2.029343526e-03
14.800722	9.894881701e-05
14.805723	-2.722402957e-03
14.810723	-1.795938176e-03
14.815723	1.473411723e-03
14.820723	3.899063116e-05
14.825723	-9.416039584e-03
14.830724	-3.284538837e-02
14.835724	-2.007550429e-02
14.840724	-2.562852210e-03
14.845724	-4.134509174e-04
14.850725	-1.493423663e-02
14.855725	-3.671866841e-02
14.860725	-1.489722877e-02
14.865725	9.254371548e-05
14.870726	-1.073895883e-03
14.875726	3.585371465e-04
14.880726	1.695974271e-03
14.885726	1.418489666e-03
14.890727	4.720371675e-04
14.895727	1.081508196e-03
14.900727	-1.297875453e-03
14.905727	-2.961294583e-03
14.910728	2.848921020e-03
14.915728	4.120357585e-03
14.920728	-2.073842052e-03
14.925728	1.301490761e-03
14.930729	3.564877300e-03
14.935729	-7.844843979e-05
14.940729	-9.109118933e-04
14.945729	-1.025410923e-03
14.950730	-1.464894629e-03
14.955730	2.233419194e-03
14.960730	2.949878001e-03
14.965730	7.414790096e-04
14.970731	1.390011099e-04
14.975731	1.808861730e-02
14.980731	3.936807044e-02
14.985731	1.677066433e-02
14.990732	3.892783353e-03
14.995732	3.191090603e-02
15.000732	3.439527428e-02
15.005732	3.729259789e-03
15.010733	1.345127375e-02
15.015733	4.058743734e-02
15.020733	2.002492818e-02
15.025733	3.057243049e-03
15.030733	3.449710178e-03
15.035734	1.336299066e-03
15.040734	2.214741413e-03
15.045734	3.669155119e-03
15.050734	8.477769604e-04
15.055735	2.812882266e-04
15.060735	1.456713953e-03
15.065735	-5.867037671e-04
15.070735	-1.541349816e-02
15.075736	-3.376012132e-02
15.080736	-1.518754673e-02
15.085736	3.883003026e-03
15.090736	-1.317263286e-03
15.095737	-3.077934610e-02
15.100737	-2.911494848e-02
15.105737	-4.022694716e-03
15.110737	-1.148357201e-03
15.115738	-1.337428329e-02
15.120738	-3.586570894e-02
15.125738	-1.933003970e-02
15.130738	1.220433069e-03
15.135739	1.602889553e-03
15.140739	-3.472388143e-03
15.145739	-2.773373005e-02
15.150739	-3.277401051e-02
15.155740	-6.017843216e-03
15.160740	-6.629340858e-03
15.165740	-3.498248518e-02
15.170740	-2.187765326e-02
15.175741	-1.968128951e-02
15.180741	-3.609301817e-02
15.185741	-2.862791259e-02
15.190741	-3.808198185e-02
15.195742	-4.084337825e-02
15.200742	-3.681210666e-02
15.205742	-3.576169013e-02
15.210742	-3.531324475e-02
15.215743	-3.691869965e-02
15.220743	-3.305642191e-02
15.225743	-3.687276996e-02
15.230743	-3.139557208e-02
15.235743	-2.674933417e-02
15.240744	-3.753434370e-02
15.245744	-2.493649489e-02
15.250744	-3.747641982e-02
15.255744	-1.780391730e-02
15.260745	-9.354867580e-03
15.265745	-3.985891739e-02
15.270745	-2.244230634e-02
15.275745	-2.159835672e-03
15.280746	-1.892388749e-03
15.285746	5.929494164e-04
15.290746	-2.189949397e-02
15.295746	-3.388745052e-02
15.300747	-5.814362641e-03
15.305747	8.677686405e-04
15.310747	-5.316472692e-03
15.315747	-3.079177310e-02
15.320748	-2.615854338e-02
15.325748	-2.660806613e-02
15.330748	-4.267482725e-02
15.335748	-3.969351846e-02
15.340749	-4.556377822e-02
15.345749	-4.805020362e-02
15.350749	-4.583385905e-02
15.355749	-4.008868721e-02
15.360750	-4.245911982e-02
15.365750	-4.615948805e-02
15.370750	-3.418362182e-02
15.375750	-3.534011522e-02
15.380751	-3.550165769e-02
15.385751	-2.207286390e-02
15.390751	-3.887959508e-02
15.395751	-2.102101850e-02
15.400752	-7.927209909e-03
15.405752	-3.114762962e-02
15.410752	-2.267759641e-02
15.415752	-5.606983423e-03
15.420753	-2.785675558e-03
15.425753	-5.051119961e-03
15.430753	-2.307279594e-02
15.435753	-2.921005241e-02
15.440754	-9.145588089e-03
15.445754	-1.183533655e-03
15.450754	-9.481686200e-03
15.455754	-3.463101689e-02
15.460754	-1.949031431e-02
15.465755	-1.163525669e-02
15.470755	-3.600962672e-02
15.475755	-2.191987438e-02
15.480755	-3.788319799e-03
15.485756	-2.238956480e-03
15.490756	-1.860471938e-02
15.495756	-3.214162083e-02
15.500756	-1.119820550e-02
15.505757	-2.078213672e-03
15.510757	-2.022779979e-03
15.515757	9.595103711e-04
15.520757	2.299146167e-05
15.525758	4.034077782e-04
15.530758	3.458449643e-04
15.535758	6.792625652e-04
15.540758	-1.992611929e-04
15.545759	3.546988847e-03
15.550759	3.267434851e-03
15.555759	-5.369476304e-04
15.560759	1.404388983e-03
15.565760	1.843798391e-03
15.570760	6.182885478e-04
15.575760	-1.684542934e-02
15.580760	-3.613605858e-02
15.585761	-8.942956808e-03
15.590761	-1.053945055e-02
15.595761	-3.690373608e-02
15.600761	-1.939216334e-02
15.605762	-2.984122656e-02
15.610762	-4.227719332e-02
15.615762	-3.702002404e-02
15.620762	-4.061542324e-02
15.625763	-4.055800120e-02
15.630763	-3.585680628e-02
15.635763	-4.178409317e-02
15.640763	-4.697441652e-02
15.645764	-3.984334168e-02
15.650764	-4.139284371e-02
15.655764	-4.392629822e-02
15.660764	-4.327690855e-02
15.665764	-4.095660093e-02
15.670765	-3.879628599e-02
15.675765	-3.724694173e-02
15.680765	-3.531661656e-02
15.685765	-3.863403578e-02
15.690766	-3.305288977e-02
15.695766	-3.642830716e-02
15.700766	-2.995620561e-02
15.705766	-3.333062404e-02
15.710767	-3.222326167e-02
15.715767	-3.255982933e-02
15.720767	-3.200444102e-02
15.725767	-2.668928548e-02
15.730768	-3.587742265e-02
15.735768	-2.162570422e-02
15.740768	-3.852546603e-02
15.745768	-2.160687873e-02
15.750769	-2.581326099e-02
15.755769	-3.361446830e-02
15.760769	-1.824480688e-02
15.765769	-3.814742460e-02
15.770770	-3.113135650e-02
15.775770	-3.461077668e-02
15.780770	-2.460385551e-02
15.785770	-2.730931445e-02
15.790771	-3.411557374e-02
15.795771	-1.974886681e-02
15.800771	-3.753859106e-02
15.805771	-2.134697417e-02
15.810772	-8.587190274e-03
15.815772	-3.295359504e-02
15.820772	-2.466459394e-02
15.825772	-4.610167503e-03
15.830773	-2.059887315e-03
15.835773	-2.322345033e-02
15.840773	-3.428450686e-02
15.845773	-8.371368281e-03
15.850774	-1.875145901e-02
15.855774	-3.179042046e-02
15.860774	-2.633328505e-02
15.865774	-3.517645224e-02
15.870774	-3.202220540e-02
15.875775	-3.528264600e-02
15.880775	-3.186141317e-02
15.885775	-3.948964158e-02
15.890775	-2.980671529e-02
15.895776	-3.544704168e-02
15.900776	-3.241779165e-02
15.905776	-1.329132767e-02
15.910776	-3.672078736e-02
15.915777	-2.080616760e-02
15.920777	-3.064637474e-03
15.925777	-8.563497787e-04
15.930777	7.379673993e-04
15.935778	-5.335760430e-04
15.940778	2.507797034e-04
15.945778	-2.789678371e-03
15.950778	-8.641722896e-05
15.955779	2.007873154e-03
15.960779	1.290300282e-03
15.965779	5.943464831e-03
15.970779	2.472693932e-02
15.975780	3.334890922e-02
15.980780	1.185134855e-02
15.985780	3.390151193e-03
15.990780	1.074653441e-03
15.995781	7.109118850e-05
16.000781	1.944388064e-03
16.005781	3.329708278e-03
16.010781	-7.549373456e-03
16.015782	-3.557761875e-02
16.020782	-1.944201980e-02
16.025782	-1.690500190e-03
16.030782	-3.115167698e-02
16.035783	-2.883940485e-02
16.040783	-1.823053808e-02
16.045783	-3.524632364e-02
16.050783	-2.966421251e-02
16.055784	-4.161324628e-02
16.060784	-5.067542142e-02
16.065784	-4.049653603e-02
16.070784	-4.227606751e-02
16.075784	-4.714044892e-02
16.080785	-4.343324911e-02
16.085785	-4.282289863e-02
16.090785	-2.978215526e-02
16.095785	-3.348359530e-02
16.100786	-3.034036984e-02
16.105786	-1.641267116e-02
16.110786	-3.823622821e-02
16.115786	-2.116468389e-02
16.120787	-2.757999383e-02
16.125787	-3.575321845e-02
16.130787	-2.226550064e-02
16.135787	-3.620244491e-02
16.140788	-3.515212106e-02
16.145788	-3.797360872e-02
16.150788	-4.338497046e-02
16.155788	-3.852983368e-02
16.160789	-3.559360373e-02
16.165789	-3.409330416e-02
16.170789	-3.515687994e-02
16.175789	-4.510802245e-02
16.180790	-4.604560531e-02
16.185790	-4.615122923e-02
16.190790	-4.759578826e-02
16.195790	-5.240418361e-02
16.200791	-5.035891388e-02
16.205791	-4.726269591e-02
16.210791	-5.632488504e-02
16.215791	-5.577154389e-02
16.220792	-5.235034316e-02
16.225792	-4.859315929e-02
16.230792	-4.803981952e-02
16.235792	-5.119529922e-02
16.240793	-4.991399590e-02
16.245793	-5.113057114e-02
16.250793	-4.594945906e-02
16.255793	-3.820547251e-02
16.260794	-3.742414662e-02
16.265794	-3.826674195e-02
16.270794	-3.931732758e-02
16.275794	-3.444320281e-02
16.280794	-3.157598055e-02
16.285795	-2.400498830e-02
16.290795	-3.412113335e-02
16.295795	-3.174988825e-02
16.300795	-3.527735575e-02
16.305796	-3.593896356e-02
16.310796	-3.141682480e-02
16.315796	-3.246941444e-02
16.320796	-3.467794812e-02
16.325797	-4.755496162e-02
16.330797	-3.716511103e-02
16.335797	-3.511985367e-02
16.340797	-4.804486618e-02
16.345798	-4.385871420e-02
16.350798	-4.220543907e-02
16.355798	-5.838929390e-02
16.360798	-5.352517637e-02
16.365799	-4.518022915e-02
16.370799	-5.082059988e-02
16.375799	-5.839187683e-02
16.380799	-5.883150227e-02
16.385800	-5.580329739e-02
16.390800	-5.486699087e-02
16.395800	-5.899643759e-02
16.400800	-6.176895097e-02
16.405801	-5.181808573e-02
16.410801	-4.518705892e-02
16.415801	-5.249135249e-02
16.420801	-3.894366413e-02
16.425802	-2.944377867e-02
16.430802	-4.160483656e-02
16.435802	-3.777967506e-02
16.440802	-3.612640801e-02
16.445803	-2.690451077e-02
16.450803	-3.689467639e-02
16.455803	-2.673282592e-02
16.460803	-2.370262785e-02
16.465804	-3.784159233e-02
16.470804	-1.042858508e-02
16.475804	-8.393339789e-03
16.480804	-3.298779536e-02
16.485804	-2.540682160e-02
16.490805	-1.205659372e-03
16.495805	1.718540766e-03
16.500805	-1.425963375e-03
16.505805	-2.828831048e-02
16.510806	-3.220877764e-02
16.515806	-7.947620549e-03
16.520806	-5.137417055e-03
16.525806	-2.763197908e-02
16.530807	-2.507976388e-02
16.535807	-2.204057288e-02
16.540807	-3.841543488e-02
16.545807	-4.078698070e-02
16.550808	-4.160960256e-02
16.555808	-4.023433212e-02
16.560808	-4.841859558e-02
16.565808	-4.891423471e-02
16.570809	-4.747296880e-02
16.575809	-5.057048182e-02
16.580809	-5.300802749e-02
16.585809	-5.648852270e-02
16.590810	-5.736814527e-02
16.595810	-5.831576496e-02
16.600810	-6.312419667e-02
16.605810	-5.969303092e-02
16.610811	-6.068864957e-02
16.615811	-6.693201255e-02
16.620811	-6.417881502e-02
16.625811	-6.539342428e-02
16.630812	-6.859693692e-02
16.635812	-7.257241231e-02
16.640812	-7.561393372e-02
16.645812	-7.330271678e-02
16.650813	-7.501230405e-02
16.655813	-8.020472179e-02
16.660813	-8.004240127e-02
16.665813	-8.032005972e-02
16.670814	-7.578095366e-02
16.675814	-7.108785554e-02
16.680814	-6.866164723e-02
16.685814	-6.346057477e-02
16.690815	-5.505865894e-02
16.695815	-5.175249486e-02
16.700815	-4.606544740e-02
16.705815	-3.528364900e-02
16.710815	-3.970110927e-02
16.715816	-2.538148438e-02
16.720816	-3.583065115e-02
16.725816	-3.135854653e-02
16.730816	-2.621447513e-02
16.735817	-3.794358071e-02
16.740817	-2.467790651e-02
16.745817	-3.915087904e-02
16.750817	-2.146642134e-02
16.755818	-3.158160738e-02
16.760818	-2.987137096e-02
16.765818	-3.565335273e-03
16.770818	-2.887878088e-02
16.775819	-3.595211707e-02
16.780819	-6.051258091e-03
16.785819	1.077711778e-03
16.790819	-2.738958161e-02
16.795820	-3.611783872e-02
16.800820	-9.811805991e-03
16.805820	4.640086216e-04
16.810820	-3.513481598e-03
16.815821	-1.307274013e-03
16.820821	-3.620053117e-04
16.825821	-2.186601855e-03
16.830821	4.025857820e-04
16.835822	2.870551812e-02
16.840822	3.699342681e-02
16.845822	3.577879883e-02
16.850822	4.816650661e-02
16.855823	5.512547890e-02
16.860823	6.323939441e-02
16.865823	6.953839808e-02
16.870823	7.169860332e-02
16.875824	7.186990520e-02
16.880824	8.353164591e-02
16.885824	8.661780471e-02
16.890824	8.501119211e-02
16.895825	9.193216294e-02
16.900825	9.242844689e-02
16.905825	1.001503778e-01
16.910825	1.108171646e-01
16.915825	1.111624547e-01
16.920826	1.179574296e-01
16.925826	1.293311806e-01
16.930826	1.307274182e-01
16.935826	1.345405374e-01
16.940827	1.401125703e-01
16.945827	1.443646673e-01
16.950827	1.500056960e-01
16.955827	1.553677380e-01
16.960828	1.547530712e-01
16.965828	1.584051958e-01
16.970828	1.716158535e-01
16.975828	1.724931127e-01
16.980829	1.733243737e-01
16.985829	1.854350839e-01
16.990829	1.913990936e-01
16.995829	1.981390651e-01
17.000830	2.057089956e-01
17.005830	2.181436883e-01
17.010830	2.320133106e-01
17.015830	2.380923127e-01
17.020831	2.407574810e-01
17.025831	2.498193367e-01
17.030831	2.528494864e-01
17.035831	2.658971468e-01
17.040832	2.825296318e-01
17.045832	2.873826913e-01
17.050832	2.940266630e-01
17.055832	3.058513814e-01
17.060833	3.149122344e-01
17.065833	3.175124022e-01
17.070833	3.275672058e-01
17.075833	3.344291649e-01
17.080834	3.432140297e-01
17.085834	3.468561450e-01
17.090834	3.544820656e-01
17.095834	3.607800506e-01
17.100835	3.584094582e-01
17.105835	3.653204124e-01
17.110835	3.672416098e-01
17.115835	3.618301646e-01
17.120835	3.514959592e-01
17.125836	3.453585487e-01
17.130836	3.525454875e-01
17.135836	3.591224557e-01
17.140836	3.605076768e-01
17.145837	3.625998630e-01
17.150837	3.576183941e-01
17.155837	3.550278081e-01
17.160837	3.659725611e-01
17.165838	3.664678237e-01
17.170838	3.597764366e-01
17.175838	3.518131112e-01
17.180838	3.370051195e-01
17.185839	3.263368253e-01
17.190839	3.143493951e-01
17.195839	2.971614183e-01
17.200839	2.787497009e-01
17.205840	2.632719398e-01
17.210840	2.512175114e-01
17.215840	2.456351666e-01
17.220840	2.316585312e-01
17.225841	2.211045283e-01
17.230841	2.172327989e-01
17.235841	2.145745099e-01
17.240841	2.114186448e-01
17.245842	2.083305761e-01
17.250842	2.076704884e-01
17.255842	2.008059031e-01
17.260842	1.949462684e-01
17.265843	1.910833359e-01
17.270843	1.900880631e-01
17.275843	1.784829076e-01
17.280843	1.722306905e-01
17.285844	1.693527084e-01
17.290844	1.563707190e-01
17.295844	1.431592404e-01
17.300844	1.316017807e-01
17.305845	1.214396525e-01
17.310845	1.124911647e-01
17.315845	1.028075124e-01
17.320845	9.589592442e-02
17.325845	8.804718180e-02
17.330846	7.693819791e-02
17.335846	6.892686247e-02
17.340846	6.533221110e-02
17.345846	6.251162158e-02
17.350847	5.654628515e-02
17.355847	5.052355114e-02
17.360847	4.665081182e-02
17.365847	4.526435079e-02
17.370848	4.907753563e-02
17.375848	4.571147046e-02
17.380848	4.266208945e-02
17.385848	4.299594295e-02
17.390849	3.504200054e-02
17.395849	3.829111102e-02
17.400849	3.105403287e-02
17.405849	3.763997976e-02
17.410850	3.094747428e-02
17.415850	3.304023969e-02
17.420850	3.248513395e-02
17.425850	3.480738741e-02
17.430851	3.956742153e-02
17.435851	3.431804375e-02
17.440851	4.094198616e-02
17.445851	3.475685330e-02
17.450852	3.972617572e-02
17.455852	3.855939721e-02
17.460852	3.735482018e-02
17.465852	3.934178702e-02
17.470853	4.198882128e-02
17.475853	4.353700880e-02
17.480853	4.906130190e-02
17.485853	4.783722397e-02
17.490854	4.967149641e-02
17.495854	5.481360706e-02
17.500854	5.911465838e-02
17.505854	6.331961403e-02
17.510855	6.983855638e-02
17.515855	7.934945235e-02
17.520855	8.896474286e-02
17.525855	9.343708398e-02
17.530855	1.011699656e-01
17.535856	1.086352600e-01
17.540856	1.101826427e-01
17.545856	1.103441928e-01
17.550856	1.114621958e-01
17.555857	1.065863909e-01
17.560857	9.696921708e-02
17.565857	8.514395064e-02
17.570857	6.369255362e-02
17.575858	5.247915659e-02
17.580858	1.566610852e-02
17.585858	-3.148953518e-02
17.590858	-4.834265806e-02
17.595859	-7.370406608e-02
17.600859	-9.493527602e-02
17.605859	-1.218447092e-01
17.610859	-1.526260538e-01
17.615860	-1.754728860e-01
17.620860	-1.963026170e-01
17.625860	-2.179071105e-01
17.630860	-2.461549802e-01
17.635861	-2.612400926e-01
17.640861	-2.720809124e-01
17.645861	-2.905970581e-01
17.650861	-3.044678308e-01
17.655862	-3.133589469e-01
17.660862	-3.219348788e-01
17.665862	-3.293433680e-01
17.670862	-3.369142496e-01
17.675863	-3.408919069e-01
17.680863	-3.469154647e-01
17.685863	-3.506823330e-01
17.690863	-3.565330000e-01
17.695864	-3.611223289e-01
17.700864	-3.525583000e-01
17.705864	-3.439360743e-01
17.710864	-3.413367551e-01
17.715865	-3.339395703e-01
17.720865	-3.244382886e-01
17.725865	-3.176905729e-01
17.730865	-3.082369895e-01
17.735866	-3.010490960e-01
17.740866	-2.885089640e-01
17.745866	-2.649076721e-01
17.750866	-2.483812353e-01
17.755866	-2.272760224e-01
17.760867	-2.026229829e-01
17.765867	-1.849876013e-01
17.770867	-1.676862037e-01
17.775867	-1.487408867e-01
17.780868	-1.304455383e-01
17.785868	-1.135261232e-01
17.790868	-8.926706654e-02
17.795868	-6.970078124e-02
17.800869	-5.301135589e-02
17.805869	-4.820335104e-02
17.810869	-2.284334952e-02
17.815869	2.236968279e-02
17.820870	4.083801996e-02
17.825870	5.570153270e-02
17.830870	7.597478110e-02
17.835870	9.432812284e-02
17.840871	1.108065558e-01
17.845871	1.205843153e-01
17.850871	1.355058235e-01
17.855871	1.394248683e-01
17.860872	1.428459371e-01
17.865872	1.467739808e-01
17.870872	1.496030778e-01
17.875872	1.601547975e-01
17.880873	1.535673534e-01
17.885873	1.480988543e-01
17.890873	1.488730502e-01
17.895873	1.445044967e-01
17.900874	1.384232265e-01
17.905874	1.308510287e-01
17.910874	1.155471079e-01
17.915874	9.758461655e-02
17.920875	8.293006340e-02
17.925875	7.154465036e-02
17.930875	6.110459086e-02
17.935875	5.369528312e-02
17.940876	3.689053356e-02
17.945876	1.229436391e-02
17.950876	4.712263597e-03
17.955876	2.666492772e-03
17.960876	8.984213462e-03
17.965877	3.125585524e-02
17.970877	2.753666508e-02
17.975877	6.869001719e-03
17.980877	1.240375929e-02
17.985878	3.251480519e-02
17.990878	2.140577435e-02
17.995878	2.311701754e-02
18.000878	3.565793188e-02
18.005879	2.461529682e-02
18.010879	3.776788066e-02
18.015879	3.251016262e-02
18.020879	3.704066658e-02
18.025880	4.671401923e-02
18.030880	5.014397624e-02
18.035880	6.009441472e-02
18.040880	6.063911189e-02
18.045881	6.737700649e-02
18.050881	7.445908397e-02
18.055881	8.153236156e-02
18.060881	8.710441208e-02
18.065882	9.661457010e-02
18.070882	1.028085896e-01
18.075882	9.843972432e-02
18.080882	9.412745592e-02
18.085883	9.750101213e-02
18.090883	9.418339455e-02
18.095883	8.914466065e-02
18.100883	8.511037741e-02
18.105884	7.378154983e-02
18.110884	6.809334666e-02
18.115884	6.527260324e-02
18.120884	6.217467302e-02
18.125885	5.360920931e-02
18.130885	2.353489496e-02
18.135885	1.496933062e-02
18.140885	9.339222706e-03
18.145886	-2.047004614e-03
18.150886	-1.338563457e-02
18.155886	-4.776014065e-02
18.160886	-7.075000264e-02
18.165886	-8.518488244e-02
18.170887	-1.048021097e-01
18.175887	-1.311670079e-01
18.180887	-1.486885380e-01
18.185887	-1.613457058e-01
18.190888	-1.894218215e-01
18.195888	-2.025282680e-01
18.200888	-2.135315174e-01
18.205888	-2.252322332e-01
18.210889	-2.330333395e-01
18.215889	-2.382343731e-01
18.220889	-2.469050377e-01
18.225889	-2.562446699e-01
18.230890	-2.513806955e-01
18.235890	-2.484662264e-01
18.240890	-2.427692934e-01
18.245890	-2.317106223e-01
18.250891	-2.253067243e-01
18.255891	-2.202687601e-01
18.260891	-2.111019976e-01
18.265891	-2.018692386e-01
18.270892	-1.906485770e-01
18.275892	-1.830887370e-01
18.280892	-1.769998255e-01
18.285892	-1.704719358e-01
18.290893	-1.701477436e-01
18.295893	-1.646318051e-01
18.300893	-1.541841076e-01
18.305893	-1.469882517e-01
18.310894	-1.375355062e-01
18.315894	-1.256058819e-01
18.320894	-1.134572686e-01
18.325894	-9.919575871e-02
18.330895	-8.481925473e-02
18.335895	-6.674393156e-02
18.340895	-5.613424436e-02
18.345895	-4.436861387e-02
18.350896	-3.823170898e-02
18.355896	-3.712355898e-02
18.360896	-1.501443417e-02
18.365896	-3.687783452e-03
18.370896	-3.861571788e-03
18.375897	-1.203498622e-03
18.380897	1.003596255e-03
18.385897	-3.528980256e-03
18.390897	8.960057907e-04
18.395898	4.040054054e-03
18.400898	5.981160727e-03
18.405898	3.544092414e-02
18.410898	2.835647069e-02
18.415899	4.143852830e-03
18.420899	-4.367234045e-04
18.425899	2.089743538e-02
18.430899	3.880176125e-02
18.435900	1.056333869e-02
18.440900	4.970289948e-04
18.445900	2.207144299e-03
18.450900	-9.395036681e-04
18.455901	3.868459873e-03
18.460901	4.364633548e-03
18.465901	9.899958351e-04
18.470901	-2.375642606e-03
18.475902	8.893004482e-03
18.480902	3.530391231e-02
18.485902	2.315470166e-02
18.490902	5.077779999e-03
18.495903	4.082024461e-03
18.500903	-1.167523771e-03
18.505903	2.866474655e-03
18.510903	-2.294307078e-02
18.515904	-3.080249251e-02
18.520904	-2.609952759e-02
18.525904	-4.383246803e-02
18.530904	-4.311730907e-02
18.535905	-4.549899926e-02
18.540905	-4.964760350e-02
18.545905	-5.136832651e-02
18.550905	-3.373299442e-02
18.555906	-3.638167271e-02
18.560906	-3.273965828e-02
18.565906	-4.771831276e-03
18.570906	-1.675790764e-03
18.575906	2.618004114e-02
18.580907	3.280290898e-02
18.585907	2.711437735e-02
18.590907	4.613663951e-02
18.595907	4.529387084e-02
18.600908	4.037030105e-02
18.605908	5.071298595e-02
18.610908	5.629390297e-02
18.615908	5.917095165e-02
18.620909	6.574681955e-02
18.625909	6.551601936e-02
18.630909	6.457925333e-02
18.635909	5.911070820e-02
18.640910	4.993234383e-02
18.645910	4.677668527e-02
18.650910	4.263807441e-02
18.655910	1.555658292e-02
18.660911	2.946384941e-03
18.665911	2.397033749e-04
18.670911	-2.843771104e-02
18.675911	-4.182087212e-02
18.680912	-5.050126298e-02
18.685912	-6.741225243e-02
18.690912	-7.808254672e-02
18.695912	-8.841485777e-02
18.700913	-9.350142509e-02
18.705913	-9.737505188e-02
18.710913	-1.106902182e-01
18.715913	-1.158237840e-01
18.720914	-1.174405217e-01
18.725914	-1.281668152e-01
18.730914	-1.360062498e-01
18.735914	-1.420867705e-01
18.740915	-1.446294641e-01
18.745915	-1.439713142e-01
18.750915	-1.413252615e-01
18.755915	-1.309825848e-01
18.760916	-1.246257138e-01
18.765916	-1.203727403e-01
18.770916	-1.102600532e-01
18.775916	-9.273972774e-02
18.780916	-7.212155376e-02
18.785917	-5.880602367e-02
18.790917	-4.068272847e-02
18.795917	-1.475981416e-02
18.800917	-6.417042173e-03
18.805918	-6.798844670e-03
18.810918	-1.761911872e-03
18.815918	2.315805034e-02
18.820918	4.873698013e-02
18.825919	6.542634348e-02
18.830919	8.007980594e-02
18.835919	9.544023363e-02
18.840919	1.104766769e-01
18.845920	1.252341335e-01
18.850920	1.430804391e-01
18.855920	1.565669572e-01
18.860920	1.707704401e-01
18.865921	1.844209497e-01
18.870921	2.002303537e-01
18.875921	2.058692537e-01
18.880921	2.073603560e-01
18.885922	2.223857975e-01
18.890922	2.336654215e-01
18.895922	2.306827413e-01
18.900922	2.335487754e-01
18.905923	2.300671191e-01
18.910923	2.249825407e-01
18.915923	2.158051618e-01
18.920923	2.003840874e-01
18.925924	1.840290583e-01
18.930924	1.631322506e-01
18.935924	1.533988978e-01
18.940924	1.312401512e-01
18.945925	1.127342260e-01
18.950925	1.002870050e-01
18.955925	7.651233647e-02
18.960925	5.220269382e-02
18.965926	2.053341009e-02
18.970926	8.478168911e-03
18.975926	8.428341596e-03
18.980926	2.626794730e-03
18.985927	-2.766655713e-02
18.990927	-5.828589333e-02
18.995927	-7.763477980e-02
19.000927	-9.123794691e-02
19.005927	-1.021162472e-01
19.010928	-1.185312776e-01
19.015928	-1.220209390e-01
19.020928	-1.255006011e-01
19.025928	-1.272703470e-01
19.030929	-1.299180502e-01
19.035929	-1.212493059e-01
19.040929	-1.068258427e-01
19.045929	-1.016739273e-01
19.050930	-9.505108386e-02
19.055930	-8.179356448e-02
19.060930	-7.907853084e-02
19.065930	-8.609602248e-02
19.070931	-8.720580266e-02
19.075931	-9.229138905e-02
19.080931	-9.848792147e-02
19.085931	-1.065563628e-01
19.090932	-1.135718557e-01
19.095932	-1.183824564e-01
19.100932	-1.276658392e-01
19.105932	-1.291086047e-01
19.110933	-1.203248696e-01
19.115933	-1.220366226e-01
19.120933	-1.274011975e-01
19.125933	-1.200983908e-01
19.130934	-1.170583763e-01
19.135934	-1.154062943e-01
19.140934	-1.160101025e-01
19.145934	-1.143570210e-01
19.150935	-1.082771558e-01
19.155935	-1.084409861e-01
19.160935	-1.102107383e-01
19.165935	-1.067317469e-01
19.170936	-1.007678769e-01
19.175936	-1.002727403e-01
19.180936	-1.014295233e-01
19.185936	-9.474768912e-02
19.190937	-8.418604447e-02
19.195937	-7.694023823e-02
19.200937	-7.170433412e-02
19.205937	-7.705891341e-02
19.210937	-8.164653035e-02
19.215938	-8.419024726e-02
19.220938	-9.402660850e-02
19.225938	-1.080127675e-01
19.230938	-1.149262718e-01
19.235939	-1.196768819e-01
19.240939	-1.304032006e-01
19.245939	-1.350508162e-01
19.250939	-1.432222600e-01
19.255940	-1.495807925e-01
19.260940	-1.544963957e-01
19.265940	-1.633478070e-01
19.270940	-1.666074914e-01
19.275941	-1.730710197e-01
19.280941	-1.793825556e-01
19.285941	-1.821452650e-01
19.290941	-1.832440557e-01
19.295942	-1.837408761e-01
19.300942	-1.827497692e-01
19.305942	-1.790517947e-01
19.310942	-1.775017156e-01
19.315943	-1.733557634e-01
19.320943	-1.699347760e-01
19.325943	-1.638539187e-01
19.330943	-1.536272639e-01
19.335944	-1.420236765e-01
19.340944	-1.289291620e-01
19.345944	-1.272100927e-01
19.350944	-1.206332606e-01
19.355945	-1.092006657e-01
19.360945	-1.087635344e-01
19.365945	-9.802990586e-02
19.370945	-8.559236064e-02
19.375946	-7.183687996e-02
19.380946	-6.238418950e-02
19.385946	-5.393645020e-02
19.390946	-2.917950704e-02
19.395947	-1.037727348e-02
19.400947	-5.904340838e-03
19.405947	3.100370439e-03
19.410947	3.488196995e-02
19.415947	5.997389573e-02
19.420948	6.577676264e-02
19.425948	8.423401178e-02
19.430948	1.014193228e-01
19.435948	1.087131163e-01
19.440949	1.155189335e-01
19.445949	1.287274379e-01
19.450949	1.348642873e-01
19.455949	1.391642261e-01
19.460950	1.475659646e-01
19.465950	1.539228026e-01
19.470950	1.602216433e-01
19.475950	1.594558285e-01
19.480951	1.666336259e-01
19.485951	1.720515089e-01
19.490951	1.693927859e-01
19.495951	1.680659977e-01
19.500952	1.705020257e-01
19.505952	1.698872024e-01
19.510952	1.693913730e-01
19.515952	1.737023089e-01
19.520953	1.722555256e-01
19.525953	1.681628711e-01
19.530953	1.634232481e-01
19.535953	1.602785470e-01
19.540954	1.582767900e-01
19.545954	1.532961781e-01
19.550954	1.478285899e-01
19.555954	1.400371148e-01
19.560955	1.261089390e-01
19.565955	1.202473693e-01
19.570955	1.152087593e-01
19.575955	1.031634911e-01
19.580956	8.847035186e-02
19.585956	7.409219706e-02
19.590956	6.713367999e-02
19.595956	4.138007996e-02
19.600957	2.544400062e-02
19.605957	2.494816758e-02
19.610957	-4.496252902e-03
19.615957	-1.870341718e-02
19.620957	-3.413252202e-02
19.625958	-5.906216340e-02
19.630958	-7.011248230e-02
19.635958	-8.066682560e-02
19.640958	-9.598293670e-02
19.645959	-1.091371535e-01
19.650959	-1.094139989e-01
19.655959	-1.174254670e-01
19.660959	-1.272628463e-01
19.665960	-1.329614276e-01
19.670960	-1.353991684e-01
19.675960	-1.381048962e-01
19.680960	-1.404766405e-01
19.685961	-1.383836028e-01
19.690961	-1.387674445e-01
19.695961	-1.388163027e-01
19.700961	-1.348493570e-01
19.705962	-1.362851479e-01
19.710962	-1.358940281e-01
19.715962	-1.314211077e-01
19.720962	-1.258972388e-01
19.725963	-1.241861840e-01
19.730963	-1.248470136e-01
19.735963	-1.228019754e-01
19.740963	-1.190930186e-01
19.745964	-1.230816863e-01
19.750964	-1.270113571e-01
19.755964	-1.200995572e-01
19.760964	-1.186574904e-01
19.765965	-1.162794696e-01
19.770965	-1.110415885e-01
19.775965	-1.055157216e-01
19.780965	-1.039596611e-01
19.785966	-1.054514521e-01
19.790966	-1.067802512e-01
19.795966	-1.118768666e-01
19.800966	-1.192283722e-01
19.805967	-1.235310266e-01
19.810967	-1.325934490e-01
19.815967	-1.388460087e-01
19.820967	-1.339821111e-01
19.825967	-1.460283883e-01
19.830968	-1.623924551e-01
19.835968	-1.532737656e-01
19.840968	-1.529506470e-01
19.845968	-1.629500249e-01
19.850969	-1.582481203e-01
19.855969	-1.499043937e-01
19.860969	-1.405087186e-01
19.865969	-1.291811379e-01
19.870970	-1.141447384e-01
19.875970	-1.003232797e-01
19.880970	-8.635082860e-02
19.885970	-7.408629430e-02
19.890971	-6.385866076e-02
19.895971	-3.606288474e-02
19.900971	-1.201192613e-02
19.905971	-1.316873750e-02
19.910972	-1.909154974e-03
19.915972	3.346720382e-03
19.920972	1.639321538e-02
19.925972	4.473496378e-02
19.930973	5.678950686e-02
19.935973	6.121342218e-02
19.940973	6.811421645e-02
19.945973	7.768288037e-02
19.950974	7.928793278e-02
19.955974	8.579674571e-02
19.960974	9.314551749e-02
19.965974	9.309865003e-02
19.970975	9.674860201e-02
19.975975	1.005615459e-01
19.980975	1.044704849e-01
19.985975	1.113802773e-01
19.990976	1.154802067e-01
19.995976	1.222180072e-01
20.000976	1.301807478e-01
20.005976	1.302858717e-01
20.010977	1.361347151e-01
20.015977	1.411136008e-01
20.020977	1.482543809e-01
20.025977	1.505093992e-01
20.030978	1.527154198e-01
20.035978	1.612311324e-01
20.040978	1.597403331e-01
20.045978	1.701299538e-01
20.050978	1.720019901e-01
20.055979	1.700132147e-01
20.060979	1.692963770e-01
20.065979	1.655386876e-01
20.070979	1.602330736e-01
20.075980	1.490657455e-01
20.080980	1.391703551e-01
20.085980	1.311028755e-01
20.090980	1.206545118e-01
20.095981	1.099861588e-01
20.100981	9.937280293e-02
20.105981	8.859045516e-02
20.110981	8.206989926e-02
20.115982	7.201151588e-02
20.120982	6.626692183e-02
20.125982	6.350518207e-02
20.130982	5.459474223e-02
20.135983	4.817718059e-02
20.140983	4.835929674e-02
20.145983	4.337866470e-02
20.150983	4.203885483e-02
20.155984	3.050054254e-02
20.160984	1.060663787e-02
20.165984	3.282067812e-02
20.170984	3.264881070e-02
20.175985	5.568256340e-03
20.180985	1.809563690e-03
20.185985	2.571650281e-03
20.190985	-7.311743746e-03
20.195986	-3.057848478e-02
20.200986	-2.102182779e-02
20.205986	-1.063678545e-03
20.210986	-2.229551929e-02
20.215987	-3.373783791e-02
20.220987	-2.478015223e-02
20.225987	-3.689243843e-02
20.230987	-3.302350467e-02
20.235988	-3.948706680e-02
20.240988	-4.739255870e-02
20.245988	-5.651199148e-02
20.250988	-6.221059134e-02
20.255988	-6.392338584e-02
20.260989	-7.585368185e-02
20.265989	-8.204725794e-02
20.270989	-8.575795533e-02
20.275989	-8.697277466e-02
20.280990	-9.106545366e-02
20.285990	-9.664106043e-02
20.290990	-1.033876102e-01
20.295990	-1.066003325e-01
20.300991	-1.063732228e-01
20.305991	-1.093089590e-01
20.310991	-1.153315445e-01
20.315991	-1.133345216e-01
20.320992	-1.148373280e-01
20.325992	-1.169961026e-01
20.330992	-1.165470045e-01
20.335992	-1.126790734e-01
20.340993	-1.045553500e-01
20.345993	-9.936448374e-02
20.350993	-9.627751488e-02
20.355993	-8.930973553e-02
20.360994	-8.494182942e-02
20.365994	-8.289880998e-02
20.370994	-7.880789060e-02
20.375994	-7.051917619e-02
20.380995	-6.537830829e-02
20.385995	-6.874502532e-02
20.390995	-6.510308450e-02
20.395995	-5.720835134e-02
20.400996	-5.703724138e-02
20.405996	-5.084242550e-02
20.410996	-4.267170616e-02
20.415996	-4.637240759e-02
20.420997	-4.753723289e-02
20.425997	-2.918601073e-02
20.430997	-8.453904877e-03
20.435997	-6.646875555e-03
20.440998	-5.424817800e-03
20.445998	-8.859220253e-04
20.450998	2.121311667e-02
20.455998	4.924086592e-02
20.460998	5.697360549e-02
20.465999	6.923612389e-02
20.470999	8.808632068e-02
20.475999	1.030067092e-01
20.480999	1.130723344e-01
20.486000	1.282707091e-01
20.491000	1.400932484e-01
20.496000	1.412023105e-01
20.501000	1.519169037e-01
20.506001	1.588836796e-01
20.511001	1.599917414e-01
20.516001	1.588719118e-01
20.521001	1.556691837e-01
20.526002	1.567302475e-01
20.531002	1.487667515e-01
20.536002	1.420181962e-01
20.541002	1.353916348e-01
20.546003	1.260402063e-01
20.551003	1.238324291e-01
20.556003	1.195207544e-01
20.561003	1.109452877e-01
20.566004	1.071975853e-01
20.571004	1.065367321e-01
20.576004	9.845724094e-02
20.581004	9.353559553e-02
20.586005	9.646856669e-02
20.591005	9.260486945e-02
20.596005	8.569332085e-02
20.601005	7.800680997e-02
20.606006	7.861889400e-02
20.611006	7.048240489e-02
20.616006	5.694617919e-02
20.621006	5.181154338e-02
20.626007	4.008022941e-02
20.631007	4.339718096e-02
20.636007	2.666011108e-02
20.641007	2.168419555e-03
20.646008	5.589365741e-03
20.651008	5.597478387e-03
20.656008	2.001766812e-03
20.661008	1.170920214e-03
20.666008	3.768906189e-03
20.671009	-2.981651701e-03
20.676009	-1.430614817e-03
20.681009	-9.051130435e-03
20.686009	-3.553372564e-02
20.691010	-2.989188866e-02
20.696010	-3.282663323e-02
20.701010	-4.178708381e-02
20.706010	-4.150098574e-02
20.711011	-4.813555001e-02
20.716011	-5.908990356e-02
20.721011	-6.428153842e-02
20.726011	-6.764726248e-02
20.731012	-7.467380797e-02
20.736012	-7.378673975e-02
20.741012	-7.986733158e-02
20.746012	-8.694187498e-02
20.751013	-9.351844278e-02
20.756013	-9.810910757e-02
20.761013	-1.004318831e-01
20.766013	-9.994479589e-02
20.771014	-1.013236177e-01
20.776014	-1.030244238e-01
20.781014	-9.816955000e-02
20.786014	-9.856342010e-02
20.791015	-1.018231504e-01
20.796015	-1.017580431e-01
20.801015	-9.639619432e-02
20.806015	-9.066036388e-02
20.811016	-9.028027215e-02
20.816016	-8.341749687e-02
20.821016	-7.617174035e-02
20.826016	-7.209082947e-02
20.831017	-6.761893774e-02
20.836017	-6.197910308e-02
20.841017	-5.727622278e-02
20.846017	-4.888552253e-02
20.851018	-4.667952052e-02
20.856018	-4.799934652e-02
20.861018	-4.092558222e-02
20.866018	-2.980801534e-02
20.871018	-3.920544737e-02
20.876019	-2.131321125e-02
20.881019	-1.020564410e-02
20.886019	-3.457334576e-02
20.891019	-2.307479784e-02
20.896020	-6.107516871e-03
20.901020	-4.569482996e-03
20.906020	-3.242438895e-03
20.911020	1.649670659e-02
20.916021	3.666683098e-02
20.921021	1.427703230e-02
20.926021	2.057483354e-02
20.931021	3.644216770e-02
20.936022	3.113653508e-02
20.941022	4.594292089e-02
20.946022	4.753795136e-02
20.951022	4.997594064e-02
20.956023	5.368286792e-02
20.961023	5.755278718e-02
20.966023	5.793587655e-02
20.971023	5.649105505e-02
20.976024	5.533321948e-02
20.981024	5.616428679e-02
20.986024	5.163261575e-02
20.991024	4.880986125e-02
20.996025	4.106634683e-02
21.001025	3.797960509e-02
21.006025	3.831169644e-02
21.011025	7.627301393e-03
21.016026	-3.832002410e-04
21.021026	3.266729014e-03
21.026026	2.652866292e-03
21.031026	3.090952173e-03
21.036027	-2.139774553e-02
21.041027	-3.785883505e-02
21.046027	-3.879768214e-02
21.051027	-4.748815100e-02
21.056028	-5.737456155e-02
21.061028	-6.273719292e-02
21.066028	-6.881578941e-02
21.071028	-8.356696271e-02
21.076029	-8.761265852e-02
21.081029	-9.347326581e-02
21.086029	-9.971485456e-02
21.091029	-1.006627017e-01
21.096029	-1.058553417e-01
21.101030	-1.044123057e-01
21.106030	-1.067450854e-01
21.111030	-1.112187607e-01
21.116030	-1.091647546e-01
21.121031	-1.103905885e-01
21.126031	-1.164711855e-01
21.131031	-1.118263060e-01
21.136031	-1.061384774e-01
21.141032	-1.109471366e-01
21.146032	-1.089601276e-01
21.151032	-1.146577435e-01
21.156032	-1.189614275e-01
21.161033	-1.068509126e-01
21.166033	-1.033239789e-01
21.171033	-1.009549887e-01
21.176033	-9.868099390e-02
21.181034	-9.779193156e-02
21.186034	-9.056517856e-02
21.191034	-7.879064754e-02
21.196034	-7.375478770e-02
21.201035	-7.801747412e-02
21.206035	-6.967277585e-02
21.211035	-5.419842555e-02
21.216035	-5.375034199e-02
21.221036	-5.021440916e-02
21.226036	-4.519754865e-02
21.231036	-3.452896399e-02
21.236036	-3.054305324e-02
21.241037	-2.855704493e-02
21.246037	-1.103579480e-02
21.251037	-8.829797305e-03
21.256037	-1.270150324e-02
21.261038	-8.610597803e-03
21.266038	-8.688705699e-04
21.271038	2.840053436e-03
21.276038	2.887156111e-03
21.281039	5.916113231e-03
21.286039	3.820320413e-03
21.291039	1.543485847e-02
21.296039	3.266812229e-02
21.301039	2.266871509e-02
21.306040	3.101341262e-02
21.311040	3.757919694e-02
21.316040	3.637436044e-02
21.321040	4.250916573e-02
21.326041	4.305424377e-02
21.331041	5.013700273e-02
21.336041	5.654079480e-02
21.341041	5.946375671e-02
21.346042	6.035281785e-02
21.351042	6.400274423e-02
21.356042	6.510979467e-02
21.361042	7.156258421e-02
21.366043	7.482252953e-02
21.371043	7.732651173e-02
21.376043	8.052545998e-02
21.381043	8.443437355e-02
21.386044	8.798130477e-02
21.391044	8.870637368e-02
21.396044	8.980342440e-02
21.401044	9.250839664e-02
21.406045	9.554935245e-02
21.411045	9.958125988e-02
21.416045	9.979935341e-02
21.421045	9.715158678e-02
21.426046	1.064312380e-01
21.431046	1.019575605e-01
21.436046	1.020136618e-01
21.441046	1.205178629e-01
21.446047	1.088665355e-01
21.451047	1.036658934e-01
21.456047	1.116746065e-01
21.461047	1.161574918e-01
21.466048	1.192424452e-01
21.471048	1.202355007e-01
21.476048	1.166517795e-01
21.481048	1.115651317e-01
21.486049	1.115652356e-01
21.491049	1.141062155e-01
21.496049	1.121734137e-01
21.501049	1.047068819e-01
21.506049	1.036540372e-01
21.511050	9.768943210e-02
21.516050	9.265178178e-02
21.521050	8.905506112e-02
21.526050	8.480037256e-02
21.531051	8.387352159e-02
21.536051	8.121575508e-02
21.541051	7.562213183e-02
21.546051	7.485527302e-02
21.551052	7.297246865e-02
21.556052	7.297157244e-02
21.561052	6.976683258e-02
21.566052	6.158433563e-02
21.571053	5.909856066e-02
21.576053	5.992862386e-02
21.581053	5.538694921e-02
21.586053	4.405760580e-02
21.591054	4.107585501e-02
21.596054	3.013049286e-02
21.601054	3.969712967e-02
21.606054	2.603690000e-02
21.611055	4.700044956e-03
21.616055	3.328075384e-02
21.621055	3.029700312e-02
21.626055	4.868347756e-03
21.631056	2.226781397e-04
21.636056	8.892358708e-03
21.641056	3.409723233e-02
21.646056	0.000000000e+00
